"YR_MTH","MODE","TTD_PTO_CODE","FRANCHISE_TYPE","RAIL_LINE","BUS_TYPE_CODE","KM","KM_INDI","KM_CROSS_HARBOUR","KM_CROSS_HARBOUR_INDI","NO_FLEET","NO_FLEET_INDI","PAX_CAP","PAX_CAP_INDI"
"201301","RS","RS","","","",3608.873,"",,"",1094,"",55030,""
"201301","TAX","TAX","","","",,"",,"",18133,"",89401,""
"201301","Fran_Bus","KMB","","","",26388.568,"",3095.829,"",3827,"",472792,""
"201301","Fran_Bus","KMB","","","DD",,"",,"",3660,"",,""
"201301","Fran_Bus","KMB","","","SD",,"",,"",167,"",,""
"201301","Fran_Bus","CTB","1","","",4685.9079,"",2082.9212,"",778,"",94946,""
"201301","Fran_Bus","CTB","1","","DD",,"",,"",714,"",,""
"201301","Fran_Bus","CTB","1","","SD",,"",,"",64,"",,""
"201301","Fran_Bus","CTB","2","","",2293.9684,"",670.9643,"",170,"",17993,""
"201301","Fran_Bus","CTB","2","","DD",,"",,"",152,"",,""
"201301","Fran_Bus","CTB","2","","SD",,"",,"",18,"",,""
"201301","Fran_Bus","NWFB","","","",4068.7949,"",1611.9617,"",700,"",86004,""
"201301","Fran_Bus","NWFB","","","DD",,"",,"",664,"",,""
"201301","Fran_Bus","NWFB","","","SD",,"",,"",36,"",,""
"201301","Fran_Bus","LWB","","","",2156.262,"",,"",166,"",19638,""
"201301","Fran_Bus","LWB","","","DD",,"",,"",166,"",,""
"201301","Fran_Bus","LWB","","","SD",,"",,"",0,"",,""
"201301","Fran_Bus","NLB","","","",606.353,"",,"",108,"",7019,""
"201301","Fran_Bus","NLB","","","DD",,"",,"",0,"",,""
"201301","Fran_Bus","NLB","","","SD",,"",,"",108,"",,""
"201301","Railways","MTRC","","Local","",2718.556,"",,"",1740,"",548214,""
"201301","Railways","MTRC","","Airport","",246.145,"",,"",77,"",7700,""
"201301","Railways","MTRC","","LRT","",662.61,"",,"",139,"",32665,""
"201301","Railways","HKT","","","",426.42619,"",,"",161,"",18515,""
"201301","PLB","GMB","","","",28014.241,"",,"",3074,"",49184,""
"201301","PLB","RMB","","","",,"",,"",1274,"",20384,""
"201301","Ferries","NWFF","","","",0,"",,"",21,"",13891,""
"201301","Ferries","STF","","","",0,"",,"",11,"",5913,""
"201301","Ferries","LFS","","","",0,"",,"",36,"",10676,""
"201301","LRB","LRB","","","",502.9998,"",,"",117,"",13052,""
"201301","LRB","LRB","","","DD",,"",,"",109,"",,""
"201301","LRB","LRB","","","SD",,"",,"",8,"",,""
"201302","Fran_Bus","KMB","","","",23473.307,"",2747.878,"",3818,"",471547,""
"201302","Fran_Bus","KMB","","","DD",,"",,"",3651,"",,""
"201302","Fran_Bus","KMB","","","SD",,"",,"",167,"",,""
"201302","Fran_Bus","CTB","1","","",4203.3679,"",1863.7907,"",777,"",94551,""
"201302","Fran_Bus","CTB","1","","DD",,"",,"",713,"",,""
"201302","Fran_Bus","CTB","1","","SD",,"",,"",64,"",,""
"201302","Fran_Bus","CTB","2","","",2065.8547,"",608.222,"",168,"",17747,""
"201302","Fran_Bus","CTB","2","","DD",,"",,"",150,"",,""
"201302","Fran_Bus","CTB","2","","SD",,"",,"",18,"",,""
"201302","Fran_Bus","NWFB","","","",3578.3335,"",1407.1402,"",705,"",86639,""
"201302","Fran_Bus","NWFB","","","DD",,"",,"",669,"",,""
"201302","Fran_Bus","NWFB","","","SD",,"",,"",36,"",,""
"201302","Fran_Bus","LWB","","","",1953.934,"",,"",167,"",19756,""
"201302","Fran_Bus","LWB","","","DD",,"",,"",167,"",,""
"201302","Fran_Bus","LWB","","","SD",,"",,"",0,"",,""
"201302","Fran_Bus","NLB","","","",635.571,"",,"",108,"",7019,""
"201302","Fran_Bus","NLB","","","DD",,"",,"",0,"",,""
"201302","Fran_Bus","NLB","","","SD",,"",,"",108,"",,""
"201302","Railways","MTRC","","Local","",2447.049,"",,"",1740,"",548214,""
"201302","Railways","MTRC","","Airport","",223.275,"",,"",77,"",7700,""
"201302","Railways","MTRC","","LRT","",594.423,"",,"",139,"",32665,""
"201302","Railways","HKT","","","",381.46478,"",,"",161,"",18515,""
"201302","PLB","GMB","","","",25251.568,"",,"",3075,"",49200,""
"201302","PLB","RMB","","","",,"",,"",1273,"",20368,""
"201302","Ferries","NWFF","","","",0,"",,"",21,"",13891,""
"201302","Ferries","STF","","","",0,"",,"",11,"",5913,""
"201302","Ferries","LFS","","","",0,"",,"",36,"",10903,""
"201302","LRB","LRB","","","",444.6325,"",,"",117,"",13052,""
"201302","LRB","LRB","","","DD",,"",,"",109,"",,""
"201302","LRB","LRB","","","SD",,"",,"",8,"",,""
"201302","RS","RS","","","",3156.534,"",,"",1083,"",54213,""
"201302","TAX","TAX","","","",,"",,"",18128,"",89376,""
"201303","Fran_Bus","NLB","","","",670.941,"",,"",108,"",7019,""
"201303","Fran_Bus","NLB","","","DD",,"",,"",0,"",,""
"201303","Fran_Bus","NLB","","","SD",,"",,"",108,"",,""
"201303","Railways","MTRC","","Local","",2686.223,"",,"",1740,"",548214,""
"201303","Railways","MTRC","","Airport","",246.784,"",,"",77,"",7700,""
"201303","Railways","MTRC","","LRT","",659.704,"",,"",139,"",32665,""
"201303","Railways","HKT","","","",432.31764,"",,"",161,"",18515,""
"201303","PLB","GMB","","","",27946.916,"",,"",3084,"",49344,""
"201303","PLB","RMB","","","",,"",,"",1264,"",20224,""
"201303","Ferries","NWFF","","","",0,"",,"",21,"",13891,""
"201303","Ferries","STF","","","",0,"",,"",11,"",5913,""
"201303","Ferries","LFS","","","",0,"",,"",37,"",10899,""
"201303","LRB","LRB","","","",501.6553,"",,"",117,"",13052,""
"201303","LRB","LRB","","","DD",,"",,"",109,"",,""
"201303","LRB","LRB","","","SD",,"",,"",8,"",,""
"201303","RS","RS","","","",3508.459,"",,"",1076,"",53860,""
"201303","TAX","TAX","","","",,"",,"",18123,"",89289,""
"201303","Fran_Bus","KMB","","","",26186.146,"",3052.536,"",3773,"",465581,""
"201303","Fran_Bus","KMB","","","DD",,"",,"",3606,"",,""
"201303","Fran_Bus","KMB","","","SD",,"",,"",167,"",,""
"201303","Fran_Bus","CTB","1","","",4613.2443,"",2052.9924,"",772,"",93757,""
"201303","Fran_Bus","CTB","1","","DD",,"",,"",708,"",,""
"201303","Fran_Bus","CTB","1","","SD",,"",,"",64,"",,""
"201303","Fran_Bus","CTB","2","","",2292.3932,"",674.9369,"",172,"",18234,""
"201303","Fran_Bus","CTB","2","","DD",,"",,"",154,"",,""
"201303","Fran_Bus","CTB","2","","SD",,"",,"",18,"",,""
"201303","Fran_Bus","NWFB","","","",4016.0174,"",1581.0047,"",711,"",87438,""
"201303","Fran_Bus","NWFB","","","DD",,"",,"",675,"",,""
"201303","Fran_Bus","NWFB","","","SD",,"",,"",36,"",,""
"201303","Fran_Bus","LWB","","","",2161.969,"",,"",167,"",19756,""
"201303","Fran_Bus","LWB","","","DD",,"",,"",167,"",,""
"201303","Fran_Bus","LWB","","","SD",,"",,"",0,"",,""
"201304","Fran_Bus","KMB","","","",25185.39,"",2940.848,"",3772,"",465256,""
"201304","Fran_Bus","KMB","","","DD",,"",,"",3605,"",,""
"201304","Fran_Bus","KMB","","","SD",,"",,"",167,"",,""
"201304","Fran_Bus","CTB","1","","",4483.5243,"",1995.2571,"",768,"",93236,""
"201304","Fran_Bus","CTB","1","","DD",,"",,"",705,"",,""
"201304","Fran_Bus","CTB","1","","SD",,"",,"",63,"",,""
"201304","Fran_Bus","CTB","2","","",2206.9637,"",650.9834,"",169,"",17946,""
"201304","Fran_Bus","CTB","2","","DD",,"",,"",152,"",,""
"201304","Fran_Bus","CTB","2","","SD",,"",,"",17,"",,""
"201304","Fran_Bus","NWFB","","","",3895.797,"",1545.2052,"",722,"",88836,""
"201304","Fran_Bus","NWFB","","","DD",,"",,"",686,"",,""
"201304","Fran_Bus","NWFB","","","SD",,"",,"",36,"",,""
"201304","Fran_Bus","LWB","","","",2108.86,"",,"",168,"",19874,""
"201304","Fran_Bus","LWB","","","DD",,"",,"",168,"",,""
"201304","Fran_Bus","LWB","","","SD",,"",,"",0,"",,""
"201304","Fran_Bus","NLB","","","",616.864,"",,"",108,"",7019,""
"201304","Fran_Bus","NLB","","","DD",,"",,"",0,"",,""
"201304","Fran_Bus","NLB","","","SD",,"",,"",108,"",,""
"201304","Railways","MTRC","","Local","",2613.503,"",,"",1740,"",548214,""
"201304","Railways","MTRC","","Airport","",238.486,"",,"",77,"",7700,""
"201304","Railways","MTRC","","LRT","",635.065,"",,"",139,"",32665,""
"201304","Railways","HKT","","","",424.363,"",,"",161,"",18515,""
"201304","PLB","GMB","","","",27077.105,"",,"",3086,"",49376,""
"201304","PLB","RMB","","","",,"",,"",1262,"",20192,""
"201304","Ferries","NWFF","","","",0,"",,"",21,"",13891,""
"201304","Ferries","STF","","","",0,"",,"",11,"",5913,""
"201304","Ferries","LFS","","","",0,"",,"",37,"",10899,""
"201304","LRB","LRB","","","",486.6349,"",,"",117,"",13052,""
"201304","LRB","LRB","","","DD",,"",,"",109,"",,""
"201304","LRB","LRB","","","SD",,"",,"",8,"",,""
"201304","RS","RS","","","",3425.211,"",,"",1084,"",54330,""
"201304","TAX","TAX","","","",,"",,"",18118,"",89264,""
"201305","Fran_Bus","NLB","","","",631.728,"",,"",108,"",7019,""
"201305","Fran_Bus","NLB","","","DD",,"",,"",0,"",,""
"201305","Fran_Bus","NLB","","","SD",,"",,"",108,"",,""
"201305","Railways","MTRC","","Local","",2704.257,"",,"",1740,"",548214,""
"201305","Railways","MTRC","","Airport","",246.459,"",,"",77,"",7700,""
"201305","Railways","MTRC","","LRT","",658.622,"",,"",139,"",32665,""
"201305","Railways","HKT","","","",445.56716,"",,"",161,"",18515,""
"201305","PLB","GMB","","","",27917.046,"",,"",3078,"",49248,""
"201305","PLB","RMB","","","",,"",,"",1263,"",20208,""
"201305","Ferries","NWFF","","","",0,"",,"",21,"",13891,""
"201305","Ferries","STF","","","",0,"",,"",11,"",5913,""
"201305","Ferries","LFS","","","",0,"",,"",36,"",10474,""
"201305","LRB","LRB","","","",505.7442,"",,"",118,"",13166,""
"201305","LRB","LRB","","","DD",,"",,"",110,"",,""
"201305","LRB","LRB","","","SD",,"",,"",8,"",,""
"201305","RS","RS","","","",3525.985,"",,"",1092,"",54549,""
"201305","TAX","TAX","","","",,"",,"",18138,"",89270,""
"201305","Fran_Bus","KMB","","","",25786.885,"",3010.494,"",3784,"",466895,""
"201305","Fran_Bus","KMB","","","DD",,"",,"",3617,"",,""
"201305","Fran_Bus","KMB","","","SD",,"",,"",167,"",,""
"201305","Fran_Bus","CTB","1","","",4611.9139,"",2055.3758,"",771,"",93487,""
"201305","Fran_Bus","CTB","1","","DD",,"",,"",708,"",,""
"201305","Fran_Bus","CTB","1","","SD",,"",,"",63,"",,""
"201305","Fran_Bus","CTB","2","","",2274.6166,"",671.0846,"",170,"",18066,""
"201305","Fran_Bus","CTB","2","","DD",,"",,"",153,"",,""
"201305","Fran_Bus","CTB","2","","SD",,"",,"",17,"",,""
"201305","Fran_Bus","NWFB","","","",4015.0785,"",1595.2068,"",724,"",89165,""
"201305","Fran_Bus","NWFB","","","DD",,"",,"",689,"",,""
"201305","Fran_Bus","NWFB","","","SD",,"",,"",35,"",,""
"201305","Fran_Bus","LWB","","","",2201.071,"",,"",168,"",19874,""
"201305","Fran_Bus","LWB","","","DD",,"",,"",168,"",,""
"201305","Fran_Bus","LWB","","","SD",,"",,"",0,"",,""
"201306","Fran_Bus","KMB","","","",24598.111,"",2873.016,"",3777,"",466063,""
"201306","Fran_Bus","KMB","","","DD",,"",,"",3610,"",,""
"201306","TAX","TAX","","","",,"",,"",18111,"",89071,""
"201306","RS","RS","","","",3407.138,"",,"",1092,"",54549,""
"201306","LRB","LRB","","","SD",,"",,"",8,"",,""
"201306","LRB","LRB","","","DD",,"",,"",110,"",,""
"201306","LRB","LRB","","","",488.0029,"",,"",118,"",13166,""
"201306","Ferries","LFS","","","",0,"",,"",36,"",10474,""
"201306","Ferries","STF","","","",0,"",,"",11,"",5913,""
"201306","Ferries","NWFF","","","",0,"",,"",21,"",13891,""
"201306","PLB","RMB","","","",,"",,"",1262,"",20192,""
"201306","PLB","GMB","","","",27122.749,"",,"",3086,"",49376,""
"201306","Railways","HKT","","","",427.03203,"",,"",161,"",18515,""
"201306","Railways","MTRC","","LRT","",637.887,"",,"",139,"",32665,""
"201306","Railways","MTRC","","Airport","",238.268,"",,"",77,"",7700,""
"201306","Railways","MTRC","","Local","",2617.919,"",,"",1740,"",548214,""
"201306","Fran_Bus","NLB","","","SD",,"",,"",108,"",,""
"201306","Fran_Bus","NLB","","","DD",,"",,"",0,"",,""
"201306","Fran_Bus","NLB","","","",612.679,"",,"",108,"",7019,""
"201306","Fran_Bus","LWB","","","SD",,"",,"",0,"",,""
"201306","Fran_Bus","LWB","","","DD",,"",,"",167,"",,""
"201306","Fran_Bus","LWB","","","",2128.105,"",,"",167,"",19777,""
"201306","Fran_Bus","NWFB","","","SD",,"",,"",35,"",,""
"201306","Fran_Bus","NWFB","","","DD",,"",,"",687,"",,""
"201306","Fran_Bus","NWFB","","","",3854.7286,"",1525.6936,"",722,"",88911,""
"201306","Fran_Bus","CTB","2","","SD",,"",,"",17,"",,""
"201306","Fran_Bus","CTB","2","","DD",,"",,"",153,"",,""
"201306","Fran_Bus","CTB","2","","",2204.6844,"",649.0456,"",170,"",18171,""
"201306","Fran_Bus","CTB","1","","SD",,"",,"",59,"",,""
"201306","Fran_Bus","CTB","1","","DD",,"",,"",713,"",,""
"201306","Fran_Bus","CTB","1","","",4453.1869,"",1982.2733,"",772,"",93788,""
"201306","Fran_Bus","KMB","","","SD",,"",,"",167,"",,""
"201307","Fran_Bus","KMB","","","",25660.881,"",3023.097,"",3780,"",466689,""
"201307","TAX","TAX","","","",,"",,"",18118,"",89029,""
"201307","LRB","LRB","","","SD",,"",,"",8,"",,""
"201307","LRB","LRB","","","DD",,"",,"",110,"",,""
"201307","LRB","LRB","","","",504.1693,"",,"",118,"",13166,""
"201307","Ferries","LFS","","","",0,"",,"",36,"",10474,""
"201307","Ferries","STF","","","",0,"",,"",11,"",5913,""
"201307","Ferries","NWFF","","","",0,"",,"",21,"",13891,""
"201307","PLB","RMB","","","",,"",,"",1256,"",20096,""
"201307","PLB","GMB","","","",28106.509,"",,"",3092,"",49472,""
"201307","Railways","HKT","","","",443.06635,"",,"",161,"",18515,""
"201307","Railways","MTRC","","LRT","",643.401,"",,"",139,"",32665,""
"201307","Railways","MTRC","","Airport","",246.214,"",,"",77,"",7700,""
"201307","Railways","MTRC","","Local","",2717.765,"",,"",1740,"",548214,""
"201307","Fran_Bus","NLB","","","SD",,"",,"",107,"",,""
"201307","Fran_Bus","NLB","","","DD",,"",,"",0,"",,""
"201307","Fran_Bus","NLB","","","",628.622,"",,"",107,"",6962,""
"201307","Fran_Bus","LWB","","","SD",,"",,"",0,"",,""
"201307","Fran_Bus","LWB","","","DD",,"",,"",168,"",,""
"201307","Fran_Bus","LWB","","","",2215.793,"",,"",168,"",19915,""
"201307","Fran_Bus","NWFB","","","SD",,"",,"",35,"",,""
"201307","Fran_Bus","NWFB","","","DD",,"",,"",684,"",,""
"201307","Fran_Bus","NWFB","","","",3994.6458,"",1590.8941,"",719,"",88516,""
"201307","Fran_Bus","CTB","2","","SD",,"",,"",17,"",,""
"201307","Fran_Bus","CTB","2","","DD",,"",,"",155,"",,""
"201307","Fran_Bus","CTB","2","","",2270.9542,"",671.9995,"",172,"",18441,""
"201307","Fran_Bus","CTB","1","","SD",,"",,"",59,"",,""
"201307","Fran_Bus","CTB","1","","DD",,"",,"",715,"",,""
"201307","Fran_Bus","CTB","1","","",4664.3617,"",2074.4289,"",774,"",94057,""
"201307","Fran_Bus","KMB","","","SD",,"",,"",167,"",,""
"201307","Fran_Bus","KMB","","","DD",,"",,"",3613,"",,""
"201307","RS","RS","","","",3594.318,"",,"",1075,"",53344,""
"201308","Fran_Bus","KMB","","","",25000.323,"",2968.633,"",3779,"",466553,""
"201308","Fran_Bus","KMB","","","DD",,"",,"",3608,"",,""
"201308","Fran_Bus","KMB","","","SD",,"",,"",171,"",,""
"201308","Fran_Bus","CTB","1","","",4586.9962,"",2041.5298,"",777,"",94554,""
"201308","Fran_Bus","CTB","1","","DD",,"",,"",720,"",,""
"201308","Fran_Bus","CTB","1","","SD",,"",,"",57,"",,""
"201308","Fran_Bus","CTB","2","","",2242.5136,"",663.4011,"",170,"",18322,""
"201308","Fran_Bus","CTB","2","","DD",,"",,"",154,"",,""
"201308","Fran_Bus","CTB","2","","SD",,"",,"",16,"",,""
"201308","Fran_Bus","NWFB","","","",3899.8265,"",1557.5247,"",717,"",88176,""
"201308","Fran_Bus","NWFB","","","DD",,"",,"",681,"",,""
"201308","Fran_Bus","NWFB","","","SD",,"",,"",36,"",,""
"201308","Fran_Bus","LWB","","","",2200.233,"",,"",168,"",19915,""
"201308","Fran_Bus","LWB","","","DD",,"",,"",168,"",,""
"201308","Fran_Bus","LWB","","","SD",,"",,"",0,"",,""
"201308","Fran_Bus","NLB","","","",630.802,"",,"",107,"",7014,""
"201308","Fran_Bus","NLB","","","DD",,"",,"",0,"",,""
"201308","Fran_Bus","NLB","","","SD",,"",,"",107,"",,""
"201308","Railways","MTRC","","Local","",2724.083,"",,"",1748,"",550718,""
"201308","Railways","MTRC","","Airport","",246.562,"",,"",77,"",7700,""
"201308","Railways","MTRC","","LRT","",634.189,"",,"",139,"",32665,""
"201308","Railways","HKT","","","",445.37052,"",,"",161,"",18515,""
"201308","PLB","GMB","","","",27942.811,"",,"",3102,"",49632,""
"201308","PLB","RMB","","","",,"",,"",1246,"",19936,""
"201308","Ferries","NWFF","","","",0,"",,"",21,"",13891,""
"201308","Ferries","STF","","","",0,"",,"",11,"",5913,""
"201308","Ferries","LFS","","","",0,"",,"",36,"",10474,""
"201308","LRB","LRB","","","",498.9495,"",,"",124,"",13898,""
"201308","LRB","LRB","","","DD",,"",,"",116,"",,""
"201308","LRB","LRB","","","SD",,"",,"",8,"",,""
"201308","RS","RS","","","",3637.896,"",,"",1080,"",53865,""
"201308","TAX","TAX","","","",,"",,"",18106,"",88890,""
"201309","Fran_Bus","KMB","","","",23954.811,"",2880.857,"",3799,"",468322,""
"201309","TAX","TAX","","","",,"",,"",18100,"",88779,""
"201309","Fran_Bus","KMB","","","SD",,"",,"",178,"",,""
"201309","Fran_Bus","CTB","1","","",4384.93,"",1952.6804,"",777,"",94589,""
"201309","Fran_Bus","CTB","1","","DD",,"",,"",721,"",,""
"201309","Fran_Bus","CTB","1","","SD",,"",,"",56,"",,""
"201309","Fran_Bus","CTB","2","","",2162.3412,"",640.2395,"",174,"",18897,""
"201309","Fran_Bus","CTB","2","","DD",,"",,"",159,"",,""
"201309","Fran_Bus","CTB","2","","SD",,"",,"",15,"",,""
"201309","Fran_Bus","NWFB","","","",3739.7771,"",1483.9739,"",715,"",87906,""
"201309","Fran_Bus","NWFB","","","DD",,"",,"",679,"",,""
"201309","Fran_Bus","NWFB","","","SD",,"",,"",36,"",,""
"201309","Fran_Bus","LWB","","","",2116.103,"",,"",169,"",20048,""
"201309","Fran_Bus","LWB","","","DD",,"",,"",169,"",,""
"201309","Fran_Bus","LWB","","","SD",,"",,"",0,"",,""
"201309","Fran_Bus","NLB","","","",648.549,"",,"",108,"",7079,""
"201309","Fran_Bus","NLB","","","DD",,"",,"",0,"",,""
"201309","Fran_Bus","NLB","","","SD",,"",,"",108,"",,""
"201309","Railways","MTRC","","Local","",2632.15,"",,"",1748,"",550718,""
"201309","Railways","MTRC","","Airport","",237.916,"",,"",77,"",7700,""
"201309","Railways","MTRC","","LRT","",639.035,"",,"",139,"",32665,""
"201309","Railways","HKT","","","",430.47468,"",,"",161,"",18515,""
"201309","PLB","GMB","","","",27327.402,"",,"",3102,"",49632,""
"201309","PLB","RMB","","","",,"",,"",1246,"",19936,""
"201309","Ferries","NWFF","","","",0,"",,"",21,"",13891,""
"201309","Ferries","STF","","","",0,"",,"",11,"",5913,""
"201309","Ferries","LFS","","","",0,"",,"",35,"",10340,""
"201309","LRB","LRB","","","",496.2397,"",,"",124,"",13898,""
"201309","LRB","LRB","","","DD",,"",,"",116,"",,""
"201309","LRB","LRB","","","SD",,"",,"",8,"",,""
"201309","RS","RS","","","",3473.135,"",,"",1073,"",53572,""
"201309","Fran_Bus","KMB","","","DD",,"",,"",3621,"",,""
"201310","Fran_Bus","KMB","","","",25198.593,"",3087.838,"",3811,"",469942,""
"201310","TAX","TAX","","","",,"",,"",18101,"",88687,""
"201310","Fran_Bus","KMB","","","SD",,"",,"",178,"",,""
"201310","Fran_Bus","CTB","1","","",4648.568,"",2061.0679,"",780,"",95081,""
"201310","Fran_Bus","CTB","1","","DD",,"",,"",725,"",,""
"201310","Fran_Bus","CTB","1","","SD",,"",,"",55,"",,""
"201310","Fran_Bus","CTB","2","","",2277.9912,"",672.0778,"",174,"",18881,""
"201310","Fran_Bus","CTB","2","","DD",,"",,"",159,"",,""
"201310","Fran_Bus","CTB","2","","SD",,"",,"",15,"",,""
"201310","Fran_Bus","NWFB","","","",3995.453,"",1596.3396,"",715,"",87906,""
"201310","Fran_Bus","NWFB","","","DD",,"",,"",679,"",,""
"201310","Fran_Bus","NWFB","","","SD",,"",,"",36,"",,""
"201310","Fran_Bus","LWB","","","",2213.609,"",,"",169,"",20062,""
"201310","Fran_Bus","LWB","","","DD",,"",,"",169,"",,""
"201310","Fran_Bus","LWB","","","SD",,"",,"",0,"",,""
"201310","Fran_Bus","NLB","","","",672.679,"",,"",108,"",7079,""
"201310","Fran_Bus","NLB","","","DD",,"",,"",0,"",,""
"201310","Fran_Bus","NLB","","","SD",,"",,"",108,"",,""
"201310","Railways","MTRC","","Local","",2711.052,"",,"",1748,"",550718,""
"201310","Railways","MTRC","","Airport","",246.319,"",,"",77,"",7700,""
"201310","Railways","MTRC","","LRT","",661.352,"",,"",139,"",32665,""
"201310","Railways","HKT","","","",453.34777,"",,"",161,"",18515,""
"201310","PLB","GMB","","","",28289.498,"",,"",3100,"",49600,""
"201310","PLB","RMB","","","",,"",,"",1244,"",19904,""
"201310","Ferries","NWFF","","","",0,"",,"",21,"",13891,""
"201310","Ferries","STF","","","",0,"",,"",11,"",5913,""
"201310","Ferries","LFS","","","",0,"",,"",35,"",10340,""
"201310","LRB","LRB","","","",511.0437,"",,"",124,"",13898,""
"201310","LRB","LRB","","","DD",,"",,"",116,"",,""
"201310","LRB","LRB","","","SD",,"",,"",8,"",,""
"201310","RS","RS","","","",3526.833,"",,"",1073,"",53548,""
"201310","Fran_Bus","KMB","","","DD",,"",,"",3633,"",,""
"201311","Fran_Bus","KMB","","","",24299.274,"",2991.353,"",3813,"",470229,""
"201311","Fran_Bus","KMB","","","DD",,"",,"",3635,"",,""
"201311","Fran_Bus","KMB","","","SD",,"",,"",178,"",,""
"201311","Fran_Bus","CTB","1","","",4484.4813,"",1996.5532,"",785,"",95708,""
"201311","Fran_Bus","CTB","1","","DD",,"",,"",730,"",,""
"201311","Fran_Bus","CTB","1","","SD",,"",,"",55,"",,""
"201311","Fran_Bus","CTB","2","","",2210.8706,"",647.9633,"",175,"",19142,""
"201311","Fran_Bus","CTB","2","","DD",,"",,"",162,"",,""
"201311","Fran_Bus","CTB","2","","SD",,"",,"",13,"",,""
"201311","Fran_Bus","NWFB","","","",3836.3275,"",1538.9434,"",714,"",87773,""
"201311","Fran_Bus","NWFB","","","DD",,"",,"",678,"",,""
"201311","Fran_Bus","NWFB","","","SD",,"",,"",36,"",,""
"201311","Fran_Bus","LWB","","","",2150.277,"",,"",169,"",20059,""
"201311","Fran_Bus","LWB","","","DD",,"",,"",169,"",,""
"201311","Fran_Bus","LWB","","","SD",,"",,"",0,"",,""
"201311","Fran_Bus","NLB","","","",652.345,"",,"",108,"",7079,""
"201311","Fran_Bus","NLB","","","DD",,"",,"",0,"",,""
"201311","Fran_Bus","NLB","","","SD",,"",,"",108,"",,""
"201311","Railways","MTRC","","Local","",2652.508,"",,"",1748,"",550718,""
"201311","Railways","MTRC","","Airport","",238.52,"",,"",77,"",7700,""
"201311","Railways","MTRC","","LRT","",641.056,"",,"",139,"",32665,""
"201311","Railways","HKT","","","",431.46611,"",,"",161,"",18515,""
"201311","PLB","GMB","","","",27467.814,"",,"",3106,"",49696,""
"201311","PLB","RMB","","","",,"",,"",1239,"",19824,""
"201311","Ferries","NWFF","","","",0,"",,"",21,"",13891,""
"201311","Ferries","STF","","","",0,"",,"",11,"",5913,""
"201311","Ferries","LFS","","","",0,"",,"",34,"",9938,""
"201311","LRB","LRB","","","",505.3412,"",,"",124,"",13898,""
"201311","LRB","LRB","","","DD",,"",,"",116,"",,""
"201311","LRB","LRB","","","SD",,"",,"",8,"",,""
"201311","RS","RS","","","",3441.462,"",,"",1077,"",53620,""
"201311","TAX","TAX","","","",,"",,"",18094,"",88583,""
"201312","Fran_Bus","KMB","","","",24928.458,"",3030.494,"",3844,"",474528,""
"201312","TAX","TAX","","","",,"",,"",18083,"",88444,""
"201312","Fran_Bus","KMB","","","SD",,"",,"",177,"",,""
"201312","Fran_Bus","CTB","1","","",4626.7947,"",2054.4927,"",777,"",94720,""
"201312","Fran_Bus","CTB","1","","DD",,"",,"",723,"",,""
"201312","Fran_Bus","CTB","1","","SD",,"",,"",54,"",,""
"201312","Fran_Bus","CTB","2","","",2275.7426,"",670.7897,"",175,"",19151,""
"201312","Fran_Bus","CTB","2","","DD",,"",,"",161,"",,""
"201312","Fran_Bus","CTB","2","","SD",,"",,"",14,"",,""
"201312","Fran_Bus","NWFB","","","",3905.3106,"",1544.3903,"",715,"",87954,""
"201312","Fran_Bus","NWFB","","","DD",,"",,"",680,"",,""
"201312","Fran_Bus","NWFB","","","SD",,"",,"",35,"",,""
"201312","Fran_Bus","LWB","","","",2211.84,"",,"",172,"",20280,""
"201312","Fran_Bus","LWB","","","DD",,"",,"",172,"",,""
"201312","Fran_Bus","LWB","","","SD",,"",,"",0,"",,""
"201312","Fran_Bus","NLB","","","",691.246,"",,"",108,"",7079,""
"201312","Fran_Bus","NLB","","","DD",,"",,"",0,"",,""
"201312","Fran_Bus","NLB","","","SD",,"",,"",108,"",,""
"201312","Railways","MTRC","","Local","",2753.027,"",,"",1748,"",550718,""
"201312","Railways","MTRC","","Airport","",247.019,"",,"",77,"",7700,""
"201312","Railways","MTRC","","LRT","",657.575,"",,"",139,"",32665,""
"201312","Railways","HKT","","","",449.62823,"",,"",161,"",18515,""
"201312","PLB","GMB","","","",28236.79,"",,"",3107,"",49712,""
"201312","PLB","RMB","","","",,"",,"",1239,"",19824,""
"201312","Ferries","NWFF","","","",0,"",,"",21,"",13891,""
"201312","Ferries","STF","","","",0,"",,"",11,"",5913,""
"201312","Ferries","LFS","","","",0,"",,"",35,"",10340,""
"201312","LRB","LRB","","","",512.0783,"",,"",124,"",13898,""
"201312","LRB","LRB","","","DD",,"",,"",116,"",,""
"201312","LRB","LRB","","","SD",,"",,"",8,"",,""
"201312","RS","RS","","","",3502.821,"",,"",1089,"",53959,""
"201312","Fran_Bus","KMB","","","DD",,"",,"",3667,"",,""
"201401","Fran_Bus","KMB","","","",25045.304,"",3059.502,"",3867,"",477753,""
"201401","Fran_Bus","KMB","","","DD",,"",,"",3690,"",,""
"201401","Fran_Bus","KMB","","","SD",,"",,"",177,"",,""
"201401","Fran_Bus","CTB","1","","",4689.4845,"",2079.6113,"",778,"",94845,""
"201401","Fran_Bus","CTB","1","","DD",,"",,"",724,"",,""
"201401","Fran_Bus","CTB","1","","SD",,"",,"",54,"",,""
"201401","Fran_Bus","CTB","2","","",2291.4913,"",671.3094,"",179,"",19661,""
"201401","Fran_Bus","CTB","2","","DD",,"",,"",165,"",,""
"201401","Fran_Bus","CTB","2","","SD",,"",,"",14,"",,""
"201401","Fran_Bus","NWFB","","","",3937.1621,"",1562.388,"",721,"",88768,""
"201401","Fran_Bus","NWFB","","","DD",,"",,"",687,"",,""
"201401","Fran_Bus","NWFB","","","SD",,"",,"",34,"",,""
"201401","Fran_Bus","LWB","","","",2210.021,"",,"",172,"",20482,""
"201401","Fran_Bus","LWB","","","DD",,"",,"",172,"",,""
"201401","Fran_Bus","LWB","","","SD",,"",,"",0,"",,""
"201401","Fran_Bus","NLB","","","",685.217,"",,"",108,"",7123,""
"201401","Fran_Bus","NLB","","","DD",,"",,"",0,"",,""
"201401","Fran_Bus","NLB","","","SD",,"",,"",108,"",,""
"201401","Railways","MTRC","","Local","",2750.266,"",,"",1748,"",550718,""
"201401","Railways","MTRC","","Airport","",246.961,"",,"",77,"",7700,""
"201401","Railways","MTRC","","LRT","",661.594,"",,"",138,"",33810,""
"201401","Railways","HKT","","","",449.8665,"",,"",161,"",18515,""
"201401","PLB","GMB","","","",28306.723,"",,"",3110,"",49760,""
"201401","PLB","RMB","","","",,"",,"",1236,"",19776,""
"201401","Ferries","NWFF","","","",0,"",,"",21,"",13891,""
"201401","Ferries","STF","","","",0,"",,"",11,"",5913,""
"201401","Ferries","LFS","","","",0,"",,"",35,"",10340,""
"201401","LRB","LRB","","","",516.0128,"",,"",124,"",13898,""
"201401","LRB","LRB","","","DD",,"",,"",116,"",,""
"201401","LRB","LRB","","","SD",,"",,"",8,"",,""
"201401","RS","RS","","","",3515.597,"",,"",1094,"",53902,""
"201401","TAX","TAX","","","",,"",,"",18071,"",88285,""
"201402","Fran_Bus","KMB","","","",22394.489,"",2773.162,"",3853,"",476169,""
"201402","Fran_Bus","KMB","","","DD",,"",,"",3676,"",,""
"201402","Fran_Bus","KMB","","","SD",,"",,"",177,"",,""
"201402","Fran_Bus","CTB","1","","",4221.5846,"",1874.7691,"",780,"",95209,""
"201402","Fran_Bus","CTB","1","","DD",,"",,"",727,"",,""
"201402","Fran_Bus","CTB","1","","SD",,"",,"",53,"",,""
"201402","Fran_Bus","CTB","2","","",2059.2492,"",606.0845,"",178,"",19533,""
"201402","Fran_Bus","CTB","2","","DD",,"",,"",164,"",,""
"201402","Fran_Bus","CTB","2","","SD",,"",,"",14,"",,""
"201402","Fran_Bus","NWFB","","","",3549.0729,"",1419.4071,"",718,"",88317,""
"201402","Fran_Bus","NWFB","","","DD",,"",,"",683,"",,""
"201402","Fran_Bus","NWFB","","","SD",,"",,"",35,"",,""
"201402","Fran_Bus","LWB","","","",1974.207,"",,"",173,"",20627,""
"201402","Fran_Bus","LWB","","","DD",,"",,"",173,"",,""
"201402","Fran_Bus","LWB","","","SD",,"",,"",0,"",,""
"201402","Fran_Bus","NLB","","","",688.445,"",,"",112,"",7475,""
"201402","Fran_Bus","NLB","","","DD",,"",,"",2,"",,""
"201402","Fran_Bus","NLB","","","SD",,"",,"",110,"",,""
"201402","Railways","MTRC","","Local","",2448.511,"",,"",1748,"",550718,""
"201402","Railways","MTRC","","Airport","",222.714,"",,"",77,"",7700,""
"201402","Railways","MTRC","","LRT","",591.475,"",,"",138,"",33810,""
"201402","Railways","HKT","","","",403.00623,"",,"",161,"",18515,""
"201402","PLB","GMB","","","",25423.222,"",,"",3110,"",49760,""
"201402","PLB","RMB","","","",,"",,"",1235,"",19760,""
"201402","Ferries","NWFF","","","",0,"",,"",21,"",13891,""
"201402","Ferries","STF","","","",0,"",,"",11,"",5913,""
"201402","Ferries","LFS","","","",0,"",,"",35,"",10340,""
"201402","LRB","LRB","","","",462.9822,"",,"",124,"",13898,""
"201402","LRB","LRB","","","DD",,"",,"",116,"",,""
"201402","LRB","LRB","","","SD",,"",,"",8,"",,""
"201402","RS","RS","","","",3159.531,"",,"",1098,"",54078,""
"201402","TAX","TAX","","","",,"",,"",18075,"",88190,""
"201403","Railways","MTRC","","LRT","",662.604,"",,"",138,"",33810,""
"201403","Railways","HKT","","","",444.68725,"",,"",161,"",18515,""
"201403","PLB","GMB","","","",28366.824,"",,"",3111,"",49776,""
"201403","PLB","RMB","","","",,"",,"",1231,"",19696,""
"201403","Ferries","NWFF","","","",0,"",,"",21,"",13891,""
"201403","Ferries","STF","","","",0,"",,"",11,"",5913,""
"201403","Ferries","LFS","","","",0,"",,"",35,"",10340,""
"201403","LRB","LRB","","","",519.4007,"",,"",124,"",13898,""
"201403","LRB","LRB","","","DD",,"",,"",116,"",,""
"201403","LRB","LRB","","","SD",,"",,"",8,"",,""
"201403","RS","RS","","","",3490.572,"",,"",1105,"",54534,""
"201403","TAX","TAX","","","",,"",,"",18042,"",87868,""
"201403","Fran_Bus","KMB","","","",24598.322,"",3075.973,"",3852,"",476511,""
"201403","Fran_Bus","KMB","","","DD",,"",,"",3677,"",,""
"201403","Fran_Bus","KMB","","","SD",,"",,"",175,"",,""
"201403","Fran_Bus","CTB","1","","",4663.3037,"",2076.583,"",783,"",95721,""
"201403","Fran_Bus","CTB","1","","DD",,"",,"",731,"",,""
"201403","Fran_Bus","CTB","1","","SD",,"",,"",52,"",,""
"201403","Fran_Bus","CTB","2","","",2294.7268,"",671.9225,"",177,"",19603,""
"201403","Fran_Bus","CTB","2","","DD",,"",,"",165,"",,""
"201403","Fran_Bus","CTB","2","","SD",,"",,"",12,"",,""
"201403","Fran_Bus","NWFB","","","",3945.5091,"",1576.5948,"",720,"",88656,""
"201403","Fran_Bus","NWFB","","","DD",,"",,"",686,"",,""
"201403","Fran_Bus","NWFB","","","SD",,"",,"",34,"",,""
"201403","Fran_Bus","LWB","","","",2188.907,"",,"",173,"",20655,""
"201403","Fran_Bus","LWB","","","DD",,"",,"",173,"",,""
"201403","Fran_Bus","LWB","","","SD",,"",,"",0,"",,""
"201403","Fran_Bus","NLB","","","",697.906,"",,"",110,"",7257,""
"201403","Fran_Bus","NLB","","","DD",,"",,"",2,"",,""
"201403","Fran_Bus","NLB","","","SD",,"",,"",108,"",,""
"201403","Railways","MTRC","","Local","",2729.756,"",,"",1748,"",550718,""
"201403","Railways","MTRC","","Airport","",246.702,"",,"",77,"",7700,""
"201404","Fran_Bus","KMB","","","",23523.551,"",2942.345,"",3840,"",475738,""
"201404","Fran_Bus","KMB","","","DD",,"",,"",3665,"",,""
"201404","Fran_Bus","KMB","","","SD",,"",,"",175,"",,""
"201404","Fran_Bus","CTB","1","","",4527.635,"",2000.887,"",783,"",95766,""
"201404","Railways","MTRC","","Local","",2618.795,"",,"",1748,"",550718,""
"201404","Railways","MTRC","","Airport","",238.813,"",,"",77,"",7700,""
"201404","Railways","MTRC","","LRT","",637.957,"",,"",138,"",33810,""
"201404","Railways","HKT","","","",432.18517,"",,"",161,"",18515,""
"201404","PLB","GMB","","","",27426.786,"",,"",3113,"",49808,""
"201404","PLB","RMB","","","",,"",,"",1229,"",19664,""
"201404","Ferries","NWFF","","","",0,"",,"",21,"",13891,""
"201404","Ferries","STF","","","",0,"",,"",11,"",5913,""
"201404","Ferries","LFS","","","",0,"",,"",35,"",10340,""
"201404","LRB","LRB","","","",492.1747,"",,"",124,"",13898,""
"201404","LRB","LRB","","","DD",,"",,"",116,"",,""
"201404","LRB","LRB","","","SD",,"",,"",8,"",,""
"201404","RS","RS","","","",3297.782,"",,"",1104,"",54286,""
"201404","TAX","TAX","","","",,"",,"",18063,"",87810,""
"201404","Fran_Bus","CTB","1","","DD",,"",,"",731,"",,""
"201404","Fran_Bus","CTB","1","","SD",,"",,"",52,"",,""
"201404","Fran_Bus","CTB","2","","",2224.2533,"",654.9721,"",178,"",19698,""
"201404","Fran_Bus","CTB","2","","DD",,"",,"",164,"",,""
"201404","Fran_Bus","CTB","2","","SD",,"",,"",14,"",,""
"201404","Fran_Bus","NWFB","","","",3820.3529,"",1521.2891,"",723,"",89204,""
"201404","Fran_Bus","NWFB","","","DD",,"",,"",691,"",,""
"201404","Fran_Bus","NWFB","","","SD",,"",,"",32,"",,""
"201404","Fran_Bus","LWB","","","",2121.874,"",,"",174,"",20821,""
"201404","Fran_Bus","LWB","","","DD",,"",,"",174,"",,""
"201404","Fran_Bus","LWB","","","SD",,"",,"",0,"",,""
"201404","Fran_Bus","NLB","","","",706.695,"",,"",111,"",7412,""
"201404","Fran_Bus","NLB","","","DD",,"",,"",2,"",,""
"201404","Fran_Bus","NLB","","","SD",,"",,"",109,"",,""
"201405","Fran_Bus","KMB","","","",24177.024,"",3019.596,"",3836,"",475780,""
"201405","Fran_Bus","KMB","","","DD",,"",,"",3662,"",,""
"201405","Fran_Bus","KMB","","","SD",,"",,"",174,"",,""
"201405","Fran_Bus","CTB","1","","",4610.7117,"",2058.5857,"",779,"",95315,""
"201405","Fran_Bus","CTB","1","","DD",,"",,"",728,"",,""
"201405","Fran_Bus","CTB","1","","SD",,"",,"",51,"",,""
"201405","Fran_Bus","CTB","2","","",2289.649,"",671.5216,"",179,"",19857,""
"201405","Fran_Bus","CTB","2","","DD",,"",,"",165,"",,""
"201405","Fran_Bus","CTB","2","","SD",,"",,"",14,"",,""
"201405","Fran_Bus","NWFB","","","",3863.7461,"",1529.4718,"",721,"",88932,""
"201405","Fran_Bus","NWFB","","","DD",,"",,"",689,"",,""
"201405","Fran_Bus","NWFB","","","SD",,"",,"",32,"",,""
"201405","Fran_Bus","LWB","","","",2204.356,"",,"",172,"",20598,""
"201405","Fran_Bus","LWB","","","DD",,"",,"",172,"",,""
"201405","Fran_Bus","LWB","","","SD",,"",,"",0,"",,""
"201405","Fran_Bus","NLB","","","",695.226,"",,"",112,"",7475,""
"201405","Fran_Bus","NLB","","","DD",,"",,"",2,"",,""
"201405","Fran_Bus","NLB","","","SD",,"",,"",110,"",,""
"201405","Railways","MTRC","","Local","",2740.84,"",,"",1748,"",550718,""
"201405","Railways","MTRC","","Airport","",246.248,"",,"",77,"",7700,""
"201405","Railways","MTRC","","LRT","",666.464,"",,"",138,"",33810,""
"201405","Railways","HKT","","","",436.70009,"",,"",161,"",18515,""
"201405","PLB","GMB","","","",27985.92,"",,"",3114,"",49824,""
"201405","PLB","RMB","","","",,"",,"",1231,"",19696,""
"201405","Ferries","NWFF","","","",0,"",,"",21,"",13891,""
"201405","Ferries","STF","","","",0,"",,"",11,"",5913,""
"201405","Ferries","LFS","","","",0,"",,"",35,"",10340,""
"201405","LRB","LRB","","","",516.2955,"",,"",124,"",13910,""
"201405","LRB","LRB","","","DD",,"",,"",116,"",,""
"201405","LRB","LRB","","","SD",,"",,"",8,"",,""
"201405","RS","RS","","","",3433.446,"",,"",1100,"",54264,""
"201405","TAX","TAX","","","",,"",,"",18062,"",87680,""
"201406","Railways","MTRC","","Local","",2645.499,"",,"",1748,"",550718,""
"201406","Railways","MTRC","","Airport","",238.625,"",,"",77,"",7700,""
"201406","Railways","MTRC","","LRT","",644.5,"",,"",138,"",33810,""
"201406","Railways","HKT","","","",423.69467,"",,"",161,"",18515,""
"201406","PLB","GMB","","","",27158.692,"",,"",3115,"",49840,""
"201406","PLB","RMB","","","",,"",,"",1226,"",19616,""
"201406","Ferries","NWFF","","","",0,"",,"",21,"",13891,""
"201406","Ferries","STF","","","",0,"",,"",11,"",5913,""
"201406","Ferries","LFS","","","",0,"",,"",35,"",10340,""
"201406","LRB","LRB","","","",499.035,"",,"",124,"",13918,""
"201406","LRB","LRB","","","DD",,"",,"",116,"",,""
"201406","LRB","LRB","","","SD",,"",,"",8,"",,""
"201406","RS","RS","","","",3331.659,"",,"",1097,"",54354,""
"201406","TAX","TAX","","","",,"",,"",18084,"",87659,""
"201406","Fran_Bus","KMB","","","",23327.125,"",2928.97,"",3832,"",475854,""
"201406","Fran_Bus","KMB","","","DD",,"",,"",3658,"",,""
"201406","Fran_Bus","KMB","","","SD",,"",,"",174,"",,""
"201406","Fran_Bus","CTB","1","","",4484.5344,"",1995.4345,"",780,"",95512,""
"201406","Fran_Bus","CTB","1","","DD",,"",,"",729,"",,""
"201406","Fran_Bus","CTB","1","","SD",,"",,"",51,"",,""
"201406","Fran_Bus","CTB","2","","",2208.8105,"",647.5653,"",178,"",19875,""
"201406","Fran_Bus","CTB","2","","DD",,"",,"",164,"",,""
"201406","Fran_Bus","CTB","2","","SD",,"",,"",14,"",,""
"201406","Fran_Bus","NWFB","","","",3762.0162,"",1493.4919,"",719,"",88668,""
"201406","Fran_Bus","NWFB","","","DD",,"",,"",687,"",,""
"201406","Fran_Bus","NWFB","","","SD",,"",,"",32,"",,""
"201406","Fran_Bus","LWB","","","",2123.037,"",,"",172,"",20736,""
"201406","Fran_Bus","LWB","","","DD",,"",,"",172,"",,""
"201406","Fran_Bus","LWB","","","SD",,"",,"",0,"",,""
"201406","Fran_Bus","NLB","","","",673.253,"",,"",112,"",7475,""
"201406","Fran_Bus","NLB","","","DD",,"",,"",2,"",,""
"201406","Fran_Bus","NLB","","","SD",,"",,"",110,"",,""
"201407","Fran_Bus","KMB","","","",24185.761,"",3072.931,"",3830,"",475721,""
"201407","Fran_Bus","KMB","","","DD",,"",,"",3656,"",,""
"201407","Fran_Bus","KMB","","","SD",,"",,"",174,"",,""
"201407","Fran_Bus","CTB","1","","",4674.597,"",2074.0686,"",784,"",96137,""
"201407","Fran_Bus","CTB","1","","DD",,"",,"",733,"",,""
"201407","Fran_Bus","CTB","1","","SD",,"",,"",51,"",,""
"201407","Fran_Bus","CTB","2","","",2292.6877,"",673.2203,"",175,"",19590,""
"201407","Fran_Bus","CTB","2","","DD",,"",,"",161,"",,""
"201407","Fran_Bus","CTB","2","","SD",,"",,"",14,"",,""
"201407","Fran_Bus","NWFB","","","",3902.9957,"",1555.6864,"",717,"",88406,""
"201407","Fran_Bus","NWFB","","","DD",,"",,"",685,"",,""
"201407","Fran_Bus","NWFB","","","SD",,"",,"",32,"",,""
"201407","Fran_Bus","LWB","","","",2219.007,"",,"",174,"",21007,""
"201407","Fran_Bus","LWB","","","DD",,"",,"",174,"",,""
"201407","Fran_Bus","LWB","","","SD",,"",,"",0,"",,""
"201407","Fran_Bus","NLB","","","",717.784,"",,"",112,"",7475,""
"201407","Fran_Bus","NLB","","","DD",,"",,"",2,"",,""
"201407","Fran_Bus","NLB","","","SD",,"",,"",110,"",,""
"201407","Railways","MTRC","","Local","",2754.094,"",,"",1748,"",550718,""
"201407","Railways","MTRC","","Airport","",246.109,"",,"",77,"",7700,""
"201407","Railways","MTRC","","LRT","",647.133,"",,"",138,"",33810,""
"201407","Railways","HKT","","","",429.27171,"",,"",161,"",18515,""
"201407","PLB","GMB","","","",28091.324,"",,"",3117,"",49872,""
"201407","PLB","RMB","","","",,"",,"",1226,"",19616,""
"201407","Ferries","NWFF","","","",0,"",,"",21,"",13891,""
"201407","Ferries","STF","","","",0,"",,"",11,"",5913,""
"201407","Ferries","LFS","","","",0,"",,"",35,"",10340,""
"201407","LRB","LRB","","","",512.2479,"",,"",124,"",13918,""
"201407","LRB","LRB","","","DD",,"",,"",116,"",,""
"201407","LRB","LRB","","","SD",,"",,"",8,"",,""
"201407","RS","RS","","","",3474.039,"",,"",1100,"",54590,""
"201407","TAX","TAX","","","",,"",,"",18089,"",87528,""
"201408","Fran_Bus","KMB","","","",23948.46,"",3046.001,"",3861,"",480198,""
"201408","Fran_Bus","KMB","","","DD",,"",,"",3688,"",,""
"201408","Fran_Bus","KMB","","","SD",,"",,"",173,"",,""
"201408","Fran_Bus","CTB","1","","",4657.8545,"",2062.6867,"",784,"",96339,""
"201408","Fran_Bus","CTB","1","","DD",,"",,"",734,"",,""
"201408","Fran_Bus","CTB","1","","SD",,"",,"",50,"",,""
"201408","Fran_Bus","CTB","2","","",2285.5603,"",672.4436,"",175,"",19620,""
"201408","Fran_Bus","CTB","2","","DD",,"",,"",161,"",,""
"201408","Fran_Bus","CTB","2","","SD",,"",,"",14,"",,""
"201408","Fran_Bus","NWFB","","","",3859.432,"",1534.2912,"",715,"",88156,""
"201408","Fran_Bus","NWFB","","","DD",,"",,"",683,"",,""
"201408","Fran_Bus","NWFB","","","SD",,"",,"",32,"",,""
"201408","Fran_Bus","LWB","","","",2225.117,"",,"",175,"",21019,""
"201408","Fran_Bus","LWB","","","DD",,"",,"",175,"",,""
"201408","Fran_Bus","LWB","","","SD",,"",,"",0,"",,""
"201408","Fran_Bus","NLB","","","",739.747,"",,"",112,"",7475,""
"201408","Fran_Bus","NLB","","","DD",,"",,"",2,"",,""
"201408","Fran_Bus","NLB","","","SD",,"",,"",110,"",,""
"201408","Railways","MTRC","","Local","",2752.522,"",,"",1748,"",550718,""
"201408","Railways","MTRC","","Airport","",246.215,"",,"",77,"",7700,""
"201408","Railways","MTRC","","LRT","",642.472,"",,"",138,"",33810,""
"201408","Railways","HKT","","","",420.75139,"",,"",161,"",18515,""
"201408","PLB","GMB","","","",28077.982,"",,"",3115,"",49840,""
"201408","PLB","RMB","","","",,"",,"",1224,"",19584,""
"201408","Ferries","NWFF","","","",0,"",,"",21,"",13891,""
"201408","Ferries","STF","","","",0,"",,"",11,"",5913,""
"201408","Ferries","LFS","","","",0,"",,"",35,"",10340,""
"201408","LRB","LRB","","","",504.7224,"",,"",124,"",13930,""
"201408","LRB","LRB","","","DD",,"",,"",116,"",,""
"201408","LRB","LRB","","","SD",,"",,"",8,"",,""
"201408","RS","RS","","","",3479.156,"",,"",1105,"",54554,""
"201408","TAX","TAX","","","",,"",,"",18068,"",87296,""
"201409","Fran_Bus","KMB","","","",23005.514,"",2842.265,"",3855,"",479410,""
"201409","TAX","TAX","","","",,"",,"",18048,"",87018,""
"201409","Fran_Bus","KMB","","","SD",,"",,"",173,"",,""
"201409","Fran_Bus","CTB","1","","",4305.0769,"",1914.3336,"",784,"",96274,""
"201409","Fran_Bus","CTB","1","","DD",,"",,"",733,"",,""
"201409","Fran_Bus","CTB","1","","SD",,"",,"",51,"",,""
"201409","Fran_Bus","CTB","2","","",2174.1764,"",634.3594,"",176,"",19740,""
"201409","Fran_Bus","CTB","2","","DD",,"",,"",162,"",,""
"201409","Fran_Bus","CTB","2","","SD",,"",,"",14,"",,""
"201409","Fran_Bus","NWFB","","","",3613.7642,"",1424.2111,"",714,"",87833,""
"201409","Fran_Bus","NWFB","","","DD",,"",,"",679,"",,""
"201409","Fran_Bus","NWFB","","","SD",,"",,"",35,"",,""
"201409","Fran_Bus","LWB","","","",2134.072,"",,"",175,"",21022,""
"201409","Fran_Bus","LWB","","","DD",,"",,"",175,"",,""
"201409","Fran_Bus","LWB","","","SD",,"",,"",0,"",,""
"201409","Fran_Bus","NLB","","","",751.46,"",,"",112,"",7475,""
"201409","Fran_Bus","NLB","","","DD",,"",,"",2,"",,""
"201409","Fran_Bus","NLB","","","SD",,"",,"",110,"",,""
"201409","Railways","MTRC","","Local","",2716.694,"",,"",1748,"",550718,""
"201409","Railways","MTRC","","Airport","",238.97,"",,"",77,"",7700,""
"201409","Railways","MTRC","","LRT","",646.95,"",,"",138,"",33810,""
"201409","Railways","HKT","","","",400.73245,"",,"",161,"",18515,""
"201409","PLB","GMB","","","",27160.227,"",,"",3123,"",49968,""
"201409","PLB","RMB","","","",,"",,"",1217,"",19472,""
"201409","Ferries","NWFF","","","",0,"",,"",21,"",13891,""
"201409","Ferries","STF","","","",0,"",,"",11,"",5913,""
"201409","Ferries","LFS","","","",0,"",,"",34,"",10117,""
"201409","LRB","LRB","","","",501.4867,"",,"",124,"",13930,""
"201409","LRB","LRB","","","DD",,"",,"",116,"",,""
"201409","LRB","LRB","","","SD",,"",,"",8,"",,""
"201409","RS","RS","","","",3416.152,"",,"",1107,"",54620,""
"201409","Fran_Bus","KMB","","","DD",,"",,"",3682,"",,""
"201410","Fran_Bus","LWB","","","",2216.943,"",,"",176,"",21156,""
"201410","Fran_Bus","LWB","","","DD",,"",,"",176,"",,""
"201410","Fran_Bus","NWFB","","","DD",,"",,"",678,"",,""
"201410","Fran_Bus","NWFB","","","",3262.6703,"",1267.3107,"",713,"",87708,""
"201410","Fran_Bus","CTB","2","","SD",,"",,"",14,"",,""
"201410","Fran_Bus","CTB","2","","DD",,"",,"",161,"",,""
"201410","Fran_Bus","CTB","2","","",2207.1528,"",616.0583,"",175,"",19630,""
"201410","Fran_Bus","CTB","1","","SD",,"",,"",50,"",,""
"201410","Fran_Bus","CTB","1","","DD",,"",,"",733,"",,""
"201410","Fran_Bus","CTB","1","","",3765.3596,"",1722.3352,"",783,"",96247,""
"201410","Fran_Bus","KMB","","","SD",,"",,"",173,"",,""
"201410","Fran_Bus","KMB","","","DD",,"",,"",3667,"",,""
"201410","Fran_Bus","KMB","","","",23696.965,"",2688.582,"",3840,"",477629,""
"201410","Fran_Bus","NLB","","","SD",,"",,"",110,"",,""
"201410","Fran_Bus","NLB","","","DD",,"",,"",2,"",,""
"201410","TAX","TAX","","","",,"",,"",18049,"",86852,""
"201410","RS","RS","","","",3394.867,"",,"",1111,"",54814,""
"201410","LRB","LRB","","","SD",,"",,"",8,"",,""
"201410","LRB","LRB","","","DD",,"",,"",116,"",,""
"201410","LRB","LRB","","","",518.4671,"",,"",124,"",13930,""
"201410","Ferries","LFS","","","",0,"",,"",35,"",10340,""
"201410","Ferries","STF","","","",0,"",,"",11,"",5913,""
"201410","Ferries","NWFF","","","",0,"",,"",21,"",13891,""
"201410","PLB","RMB","","","",,"",,"",1222,"",19552,""
"201410","PLB","GMB","","","",28093.915,"",,"",3123,"",49968,""
"201410","Railways","HKT","","","",264.20074,"",,"",161,"",18515,""
"201410","Railways","MTRC","","LRT","",667.651,"",,"",138,"",33810,""
"201410","Railways","MTRC","","Airport","",246.424,"",,"",77,"",7700,""
"201410","Railways","MTRC","","Local","",2805.88,"",,"",1748,"",550718,""
"201410","Fran_Bus","NLB","","","",736.565,"",,"",112,"",7475,""
"201410","Fran_Bus","LWB","","","SD",,"",,"",0,"",,""
"201410","Fran_Bus","NWFB","","","SD",,"",,"",35,"",,""
"201411","RS","RS","","","",3365.541,"",,"",1110,"",54766,""
"201411","LRB","LRB","","","SD",,"",,"",8,"",,""
"201411","LRB","LRB","","","DD",,"",,"",116,"",,""
"201411","Fran_Bus","NWFB","","","SD",,"",,"",35,"",,""
"201411","Fran_Bus","NWFB","","","DD",,"",,"",677,"",,""
"201411","Fran_Bus","NWFB","","","",3306.4192,"",1325.1407,"",712,"",87563,""
"201411","Fran_Bus","CTB","2","","SD",,"",,"",14,"",,""
"201411","Fran_Bus","CTB","2","","DD",,"",,"",162,"",,""
"201411","Fran_Bus","CTB","2","","",2123.0831,"",586.1391,"",176,"",19740,""
"201411","Fran_Bus","CTB","1","","SD",,"",,"",51,"",,""
"201411","Fran_Bus","CTB","1","","DD",,"",,"",731,"",,""
"201411","Fran_Bus","CTB","1","","",3923.7944,"",1789.6072,"",782,"",96005,""
"201411","Fran_Bus","KMB","","","SD",,"",,"",173,"",,""
"201411","Fran_Bus","KMB","","","DD",,"",,"",3666,"",,""
"201411","Fran_Bus","KMB","","","",22888.221,"",2691.984,"",3839,"",477762,""
"201411","LRB","LRB","","","",502.4475,"",,"",124,"",13930,""
"201411","Ferries","LFS","","","",0,"",,"",35,"",10340,""
"201411","TAX","TAX","","","",,"",,"",18070,"",86843,""
"201411","Ferries","NWFF","","","",0,"",,"",21,"",13891,""
"201411","PLB","RMB","","","",,"",,"",1213,"",19408,""
"201411","PLB","GMB","","","",27195.202,"",,"",3131,"",50096,""
"201411","Railways","HKT","","","",275.08374,"",,"",161,"",18515,""
"201411","Railways","MTRC","","LRT","",645.368,"",,"",138,"",33810,""
"201411","Railways","MTRC","","Airport","",238.66,"",,"",77,"",7700,""
"201411","Railways","MTRC","","Local","",2713.329,"",,"",1748,"",550718,""
"201411","Fran_Bus","NLB","","","SD",,"",,"",109,"",,""
"201411","Fran_Bus","NLB","","","DD",,"",,"",2,"",,""
"201411","Fran_Bus","NLB","","","",713.668,"",,"",111,"",7418,""
"201411","Fran_Bus","LWB","","","SD",,"",,"",0,"",,""
"201411","Fran_Bus","LWB","","","DD",,"",,"",178,"",,""
"201411","Fran_Bus","LWB","","","",2183.651,"",,"",178,"",21424,""
"201411","Ferries","STF","","","",0,"",,"",11,"",5913,""
"201412","Fran_Bus","CTB","2","","",2246.9935,"",645.1109,"",176,"",19740,""
"201412","Fran_Bus","CTB","2","","DD",,"",,"",162,"",,""
"201412","Fran_Bus","CTB","2","","SD",,"",,"",14,"",,""
"201412","Fran_Bus","NWFB","","","",3665.6434,"",1462.9648,"",711,"",87428,""
"201412","Fran_Bus","NWFB","","","DD",,"",,"",676,"",,""
"201412","Fran_Bus","NWFB","","","SD",,"",,"",35,"",,""
"201412","Fran_Bus","LWB","","","",2325.737,"",,"",179,"",21551,""
"201412","Fran_Bus","LWB","","","DD",,"",,"",179,"",,""
"201412","Fran_Bus","LWB","","","SD",,"",,"",0,"",,""
"201412","Fran_Bus","NLB","","","",717.637,"",,"",111,"",7412,""
"201412","Fran_Bus","NLB","","","DD",,"",,"",2,"",,""
"201412","Fran_Bus","NLB","","","SD",,"",,"",109,"",,""
"201412","Railways","MTRC","","Local","",2856.021,"",,"",1748,"",550718,""
"201412","Railways","MTRC","","Airport","",247.61,"",,"",77,"",7700,""
"201412","Railways","MTRC","","LRT","",668.724,"",,"",138,"",33810,""
"201412","Railways","HKT","","","",358.48587,"",,"",161,"",18515,""
"201412","PLB","GMB","","","",27929.428,"",,"",3139,"",50224,""
"201412","PLB","RMB","","","",,"",,"",1206,"",19296,""
"201412","Ferries","NWFF","","","",0,"",,"",21,"",13891,""
"201412","Ferries","STF","","","",0,"",,"",11,"",5913,""
"201412","Ferries","LFS","","","",0,"",,"",35,"",10340,""
"201412","LRB","LRB","","","",517.0627,"",,"",127,"",14161,""
"201412","LRB","LRB","","","DD",,"",,"",116,"",,""
"201412","LRB","LRB","","","SD",,"",,"",11,"",,""
"201412","RS","RS","","","",3459.603,"",,"",1114,"",55059,""
"201412","TAX","TAX","","","",,"",,"",18066,"",86707,""
"201412","Fran_Bus","KMB","","","",23942.438,"",2957.024,"",3852,"",479847,""
"201412","Fran_Bus","KMB","","","DD",,"",,"",3679,"",,""
"201412","Fran_Bus","KMB","","","SD",,"",,"",173,"",,""
"201412","Fran_Bus","CTB","1","","",4394.2281,"",1978.2953,"",781,"",95870,""
"201412","Fran_Bus","CTB","1","","DD",,"",,"",730,"",,""
"201412","Fran_Bus","CTB","1","","SD",,"",,"",51,"",,""
"201501","Fran_Bus","KMB","","","",24189.504,"",3094.443,"",3832,"",477897,""
"201501","Fran_Bus","KMB","","","DD",,"",,"",3659,"",,""
"201501","Fran_Bus","KMB","","","SD",,"",,"",173,"",,""
"201501","Fran_Bus","CTB","1","","",4703.5325,"",2083.5507,"",782,"",96088,""
"201501","Fran_Bus","CTB","1","","DD",,"",,"",732,"",,""
"201501","Fran_Bus","CTB","1","","SD",,"",,"",50,"",,""
"201501","Fran_Bus","CTB","2","","",2293.3914,"",668.7971,"",174,"",19610,""
"201501","Fran_Bus","CTB","2","","DD",,"",,"",161,"",,""
"201501","PLB","GMB","","","",28035.243,"",,"",3148,"",50368,""
"201501","PLB","RMB","","","",,"",,"",1199,"",19184,""
"201501","Ferries","NWFF","","","",0,"",,"",21,"",13891,""
"201501","Ferries","STF","","","",0,"",,"",11,"",5955,""
"201501","Ferries","LFS","","","",0,"",,"",34,"",9938,""
"201501","LRB","LRB","","","",523.9152,"",,"",127,"",14161,""
"201501","LRB","LRB","","","DD",,"",,"",116,"",,""
"201501","LRB","LRB","","","SD",,"",,"",11,"",,""
"201501","RS","RS","","","",3506.636,"",,"",1118,"",55217,""
"201501","TAX","TAX","","","",,"",,"",18032,"",86409,""
"201501","Fran_Bus","CTB","2","","SD",,"",,"",13,"",,""
"201501","Fran_Bus","NWFB","","","",3879.0173,"",1558.4465,"",707,"",86983,""
"201501","Fran_Bus","NWFB","","","DD",,"",,"",672,"",,""
"201501","Fran_Bus","NWFB","","","SD",,"",,"",35,"",,""
"201501","Fran_Bus","LWB","","","",2340.771,"",,"",179,"",21551,""
"201501","Fran_Bus","LWB","","","DD",,"",,"",179,"",,""
"201501","Fran_Bus","LWB","","","SD",,"",,"",0,"",,""
"201501","Fran_Bus","NLB","","","",729.083,"",,"",115,"",7670,""
"201501","Fran_Bus","NLB","","","DD",,"",,"",2,"",,""
"201501","Fran_Bus","NLB","","","SD",,"",,"",113,"",,""
"201501","Railways","MTRC","","Local","",2882.973,"",,"",1748,"",550718,""
"201501","Railways","MTRC","","Airport","",247.143,"",,"",77,"",7700,""
"201501","Railways","MTRC","","LRT","",667.52,"",,"",138,"",33810,""
"201501","Railways","HKT","","","",425.54159,"",,"",161,"",18515,""
"201502","Fran_Bus","KMB","","","",21661.155,"",2742.988,"",3830,"",478914,""
"201502","Fran_Bus","KMB","","","DD",,"",,"",3658,"",,""
"201502","Fran_Bus","KMB","","","SD",,"",,"",172,"",,""
"201502","Fran_Bus","CTB","1","","",4194.8485,"",1863.62,"",780,"",96001,""
"201502","Fran_Bus","CTB","1","","DD",,"",,"",732,"",,""
"201502","Fran_Bus","CTB","1","","SD",,"",,"",48,"",,""
"201502","Fran_Bus","CTB","2","","",2063.3384,"",607.1991,"",179,"",20270,""
"201502","Fran_Bus","CTB","2","","DD",,"",,"",166,"",,""
"201502","Fran_Bus","CTB","2","","SD",,"",,"",13,"",,""
"201502","Fran_Bus","NWFB","","","",3438.5117,"",1367.1569,"",709,"",87336,""
"201502","Fran_Bus","NWFB","","","DD",,"",,"",674,"",,""
"201502","Fran_Bus","NWFB","","","SD",,"",,"",35,"",,""
"201502","Fran_Bus","LWB","","","",2104.312,"",,"",178,"",21431,""
"201502","Fran_Bus","LWB","","","DD",,"",,"",178,"",,""
"201502","Fran_Bus","LWB","","","SD",,"",,"",0,"",,""
"201502","Fran_Bus","NLB","","","",712.277,"",,"",115,"",7523,""
"201502","Fran_Bus","NLB","","","DD",,"",,"",2,"",,""
"201502","Fran_Bus","NLB","","","SD",,"",,"",113,"",,""
"201502","Railways","MTRC","","Local","",2595.371,"",,"",1748,"",550718,""
"201502","Railways","MTRC","","Airport","",223.133,"",,"",77,"",7700,""
"201502","Railways","MTRC","","LRT","",600.145,"",,"",138,"",33810,""
"201502","Railways","HKT","","","",377.61946,"",,"",161,"",18515,""
"201502","PLB","GMB","","","",25075.759,"",,"",3151,"",50416,""
"201502","PLB","RMB","","","",,"",,"",1197,"",19152,""
"201502","Ferries","NWFF","","","",0,"",,"",21,"",13891,""
"201502","Ferries","STF","","","",0,"",,"",11,"",5955,""
"201502","Ferries","LFS","","","",0,"",,"",35,"",10340,""
"201502","LRB","LRB","","","",460.096,"",,"",127,"",14161,""
"201502","LRB","LRB","","","DD",,"",,"",116,"",,""
"201502","LRB","LRB","","","SD",,"",,"",11,"",,""
"201502","RS","RS","","","",3097.098,"",,"",1113,"",54975,""
"201502","TAX","TAX","","","",,"",,"",18042,"",86283,""
"201503","PLB","GMB","","","",27954.438,"",,"",3152,"",50432,""
"201503","PLB","RMB","","","",,"",,"",1193,"",19088,""
"201503","Ferries","NWFF","","","",0,"",,"",21,"",13891,""
"201503","Ferries","STF","","","",0,"",,"",11,"",5955,""
"201503","Ferries","LFS","","","",0,"",,"",35,"",10340,""
"201503","LRB","LRB","","","",517.5635,"",,"",127,"",14173,""
"201503","LRB","LRB","","","DD",,"",,"",116,"",,""
"201503","LRB","LRB","","","SD",,"",,"",11,"",,""
"201503","RS","RS","","","",3484.771,"",,"",1111,"",54675,""
"201503","TAX","TAX","","","",,"",,"",18040,"",86044,""
"201503","Fran_Bus","KMB","","","",24276.826,"",3096.098,"",3797,"",475584,""
"201503","Fran_Bus","KMB","","","DD",,"",,"",3626,"",,""
"201503","Fran_Bus","KMB","","","SD",,"",,"",171,"",,""
"201503","Fran_Bus","CTB","1","","",4616.1286,"",2073.8904,"",772,"",94993,""
"201503","Fran_Bus","CTB","1","","DD",,"",,"",724,"",,""
"201503","Fran_Bus","CTB","1","","SD",,"",,"",48,"",,""
"201503","Fran_Bus","CTB","2","","",2295.9811,"",669.3141,"",180,"",20516,""
"201503","Fran_Bus","CTB","2","","DD",,"",,"",168,"",,""
"201503","Fran_Bus","CTB","2","","SD",,"",,"",12,"",,""
"201503","Fran_Bus","NWFB","","","",3834.4573,"",1523.0136,"",707,"",87133,""
"201503","Fran_Bus","NWFB","","","DD",,"",,"",672,"",,""
"201503","Fran_Bus","NWFB","","","SD",,"",,"",35,"",,""
"201503","Fran_Bus","LWB","","","",2340.333,"",,"",179,"",21554,""
"201503","Fran_Bus","LWB","","","DD",,"",,"",179,"",,""
"201503","Fran_Bus","LWB","","","SD",,"",,"",0,"",,""
"201503","Fran_Bus","NLB","","","",734.933,"",,"",114,"",7603,""
"201503","Fran_Bus","NLB","","","DD",,"",,"",2,"",,""
"201503","Fran_Bus","NLB","","","SD",,"",,"",112,"",,""
"201503","Railways","MTRC","","Local","",2871.193,"",,"",1748,"",550718,""
"201503","Railways","MTRC","","Airport","",247.5,"",,"",77,"",7700,""
"201503","Railways","MTRC","","LRT","",671.68,"",,"",138,"",33810,""
"201503","Railways","HKT","","","",422.92876,"",,"",161,"",18515,""
"201504","Fran_Bus","NLB","","","",697.0876,"",,"",113,"",7540,""
"201504","Fran_Bus","NLB","","","DD",,"",,"",2,"",,""
"201504","Fran_Bus","NLB","","","SD",,"",,"",111,"",,""
"201504","Railways","MTRC","","Local","",2746.075,"",,"",1748,"",550718,""
"201504","Railways","MTRC","","Airport","",239.394,"",,"",77,"",7700,""
"201504","Railways","MTRC","","LRT","",659.162,"",,"",138,"",33810,""
"201504","Railways","HKT","","","",400.33932,"",,"",161,"",18515,""
"201504","PLB","GMB","","","",26699.484,"",,"",3160,"",50560,""
"201504","PLB","RMB","","","",,"",,"",1188,"",19008,""
"201504","Ferries","NWFF","","","",0,"",,"",21,"",13891,""
"201504","Ferries","STF","","","",0,"",,"",11,"",5955,""
"201504","Ferries","LFS","","","",0,"",,"",34,"",9938,""
"201504","LRB","LRB","","","",490.2623,"",,"",127,"",14182,""
"201504","LRB","LRB","","","DD",,"",,"",116,"",,""
"201504","LRB","LRB","","","SD",,"",,"",11,"",,""
"201504","RS","RS","","","",3263.665,"",,"",1114,"",54887,""
"201504","TAX","TAX","","","",,"",,"",18017,"",85720,""
"201504","Fran_Bus","KMB","","","",23554.242,"",2954.565,"",3814,"",477952,""
"201504","Fran_Bus","KMB","","","DD",,"",,"",3643,"",,""
"201504","Fran_Bus","KMB","","","SD",,"",,"",171,"",,""
"201504","Fran_Bus","CTB","1","","",4459.4785,"",1988.6429,"",766,"",93514,""
"201504","Fran_Bus","CTB","1","","DD",,"",,"",707,"",,""
"201504","Fran_Bus","CTB","1","","SD",,"",,"",59,"",,""
"201504","Fran_Bus","CTB","2","","",2220.6534,"",653.3444,"",182,"",20862,""
"201504","Fran_Bus","CTB","2","","DD",,"",,"",170,"",,""
"201504","Fran_Bus","CTB","2","","SD",,"",,"",12,"",,""
"201504","Fran_Bus","NWFB","","","",3697.4472,"",1459.1953,"",705,"",86948,""
"201504","Fran_Bus","NWFB","","","DD",,"",,"",670,"",,""
"201504","Fran_Bus","NWFB","","","SD",,"",,"",35,"",,""
"201504","Fran_Bus","LWB","","","",2283.146,"",,"",183,"",22036,""
"201504","Fran_Bus","LWB","","","DD",,"",,"",183,"",,""
"201504","Fran_Bus","LWB","","","SD",,"",,"",0,"",,""
"201505","Fran_Bus","KMB","","","",24272.602,"",3015.226,"",3803,"",476409,""
"201505","Fran_Bus","KMB","","","DD",,"",,"",3632,"",,""
"201505","Fran_Bus","KMB","","","SD",,"",,"",171,"",,""
"201505","Fran_Bus","CTB","1","","",4536.4704,"",2042.7523,"",756,"",92014,""
"201505","Fran_Bus","CTB","1","","DD",,"",,"",694,"",,""
"201505","Fran_Bus","CTB","1","","SD",,"",,"",62,"",,""
"201505","Fran_Bus","CTB","2","","",2280.6817,"",669.4683,"",181,"",20971,""
"201505","Fran_Bus","CTB","2","","DD",,"",,"",171,"",,""
"201505","Fran_Bus","CTB","2","","SD",,"",,"",10,"",,""
"201505","Fran_Bus","NWFB","","","",3761.5005,"",1497.8147,"",705,"",87150,""
"201505","Fran_Bus","NWFB","","","DD",,"",,"",673,"",,""
"201505","Fran_Bus","NWFB","","","SD",,"",,"",32,"",,""
"201505","Fran_Bus","LWB","","","",2338.167,"",,"",184,"",22151,""
"201505","Fran_Bus","LWB","","","DD",,"",,"",184,"",,""
"201505","Fran_Bus","LWB","","","SD",,"",,"",0,"",,""
"201505","Fran_Bus","NLB","","","",741.827,"",,"",113,"",7540,""
"201505","Fran_Bus","NLB","","","DD",,"",,"",2,"",,""
"201505","Fran_Bus","NLB","","","SD",,"",,"",111,"",,""
"201505","Railways","MTRC","","Local","",2851.699,"",,"",1748,"",550718,""
"201505","Railways","MTRC","","Airport","",246.496,"",,"",77,"",7700,""
"201505","Railways","MTRC","","LRT","",684.651,"",,"",138,"",33810,""
"201505","Railways","HKT","","","",407.21197,"",,"",161,"",18515,""
"201505","PLB","GMB","","","",27641.25,"",,"",3162,"",50592,""
"201505","PLB","RMB","","","",,"",,"",1186,"",18976,""
"201505","Ferries","NWFF","","","",0,"",,"",21,"",13891,""
"201505","Ferries","STF","","","",0,"",,"",11,"",5955,""
"201505","Ferries","LFS","","","",0,"",,"",36,"",10716,""
"201505","LRB","LRB","","","",509.4314,"",,"",128,"",14333,""
"201505","LRB","LRB","","","DD",,"",,"",117,"",,""
"201505","LRB","LRB","","","SD",,"",,"",11,"",,""
"201505","RS","RS","","","",3365.951,"",,"",1109,"",54601,""
"201505","TAX","TAX","","","",,"",,"",18017,"",85481,""
"201506","Ferries","STF","","","",0,"",,"",11,"",5955,""
"201506","Ferries","LFS","","","",0,"",,"",36,"",10627,""
"201506","LRB","LRB","","","",499.7581,"",,"",128,"",14333,""
"201506","LRB","LRB","","","DD",,"",,"",117,"",,""
"201506","LRB","LRB","","","SD",,"",,"",11,"",,""
"201506","RS","RS","","","",3367.742,"",,"",1110,"",54646,""
"201506","TAX","TAX","","","",,"",,"",18040,"",85332,""
"201506","Fran_Bus","KMB","","","",23520.787,"",2921.991,"",3826,"",479573,""
"201506","Fran_Bus","KMB","","","DD",,"",,"",3655,"",,""
"201506","Fran_Bus","KMB","","","SD",,"",,"",171,"",,""
"201506","Fran_Bus","CTB","1","","",4417.6411,"",1999.2883,"",751,"",92021,""
"201506","Fran_Bus","CTB","1","","DD",,"",,"",699,"",,""
"201506","Fran_Bus","CTB","1","","SD",,"",,"",52,"",,""
"201506","Fran_Bus","CTB","2","","",2204.1837,"",646.2419,"",182,"",21262,""
"201506","Fran_Bus","CTB","2","","DD",,"",,"",173,"",,""
"201506","Fran_Bus","CTB","2","","SD",,"",,"",9,"",,""
"201506","Fran_Bus","NWFB","","","",3622.2921,"",1459.5531,"",708,"",87414,""
"201506","Fran_Bus","NWFB","","","DD",,"",,"",673,"",,""
"201506","Fran_Bus","NWFB","","","SD",,"",,"",35,"",,""
"201506","Fran_Bus","LWB","","","",2267.25,"",,"",183,"",22031,""
"201506","Fran_Bus","LWB","","","DD",,"",,"",183,"",,""
"201506","Fran_Bus","LWB","","","SD",,"",,"",0,"",,""
"201506","Fran_Bus","NLB","","","",650.6494,"",,"",114,"",7603,""
"201506","Fran_Bus","NLB","","","DD",,"",,"",2,"",,""
"201506","Fran_Bus","NLB","","","SD",,"",,"",112,"",,""
"201506","Railways","MTRC","","Local","",2787.006,"",,"",1748,"",550718,""
"201506","Railways","MTRC","","Airport","",238.692,"",,"",77,"",7700,""
"201506","Railways","MTRC","","LRT","",665.726,"",,"",138,"",33810,""
"201506","Railways","HKT","","","",401.76735,"",,"",161,"",18515,""
"201506","PLB","GMB","","","",26864.393,"",,"",3168,"",50688,""
"201506","PLB","RMB","","","",,"",,"",1179,"",18864,""
"201506","Ferries","NWFF","","","",0,"",,"",21,"",13891,""
"201507","Ferries","STF","","","",0,"",,"",11,"",5955,""
"201507","Ferries","LFS","","","",0,"",,"",37,"",10850,""
"201507","LRB","LRB","","","",514.0546,"",,"",128,"",14333,""
"201507","LRB","LRB","","","DD",,"",,"",117,"",,""
"201507","LRB","LRB","","","SD",,"",,"",11,"",,""
"201507","RS","RS","","","",3451.426,"",,"",1112,"",54667,""
"201507","TAX","TAX","","","",,"",,"",18058,"",85225,""
"201507","Fran_Bus","KMB","","","",24313.33,"",3036.565,"",3862,"",484543,""
"201507","Fran_Bus","KMB","","","DD",,"",,"",3691,"",,""
"201507","Fran_Bus","KMB","","","SD",,"",,"",171,"",,""
"201507","Fran_Bus","CTB","1","","",4548.398,"",2065.8198,"",755,"",93317,""
"201507","Fran_Bus","CTB","1","","DD",,"",,"",714,"",,""
"201507","Fran_Bus","CTB","1","","SD",,"",,"",41,"",,""
"201507","Fran_Bus","CTB","2","","",2278.2265,"",665.6154,"",182,"",21262,""
"201507","Fran_Bus","CTB","2","","DD",,"",,"",173,"",,""
"201507","Fran_Bus","CTB","2","","SD",,"",,"",9,"",,""
"201507","Fran_Bus","NWFB","","","",3750.6837,"",1519.2508,"",715,"",88361,""
"201507","Fran_Bus","NWFB","","","DD",,"",,"",680,"",,""
"201507","Fran_Bus","NWFB","","","SD",,"",,"",35,"",,""
"201507","Fran_Bus","LWB","","","",2367.105,"",,"",184,"",22154,""
"201507","Fran_Bus","LWB","","","DD",,"",,"",184,"",,""
"201507","Fran_Bus","LWB","","","SD",,"",,"",0,"",,""
"201507","Fran_Bus","NLB","","","",695.921,"",,"",114,"",7601,""
"201507","Fran_Bus","NLB","","","DD",,"",,"",2,"",,""
"201507","Fran_Bus","NLB","","","SD",,"",,"",112,"",,""
"201507","Railways","MTRC","","Local","",2881.985,"",,"",1748,"",550718,""
"201507","Railways","MTRC","","Airport","",246.259,"",,"",77,"",7700,""
"201507","Railways","MTRC","","LRT","",670.079,"",,"",138,"",33810,""
"201507","Railways","HKT","","","",412.98912,"",,"",161,"",18515,""
"201507","PLB","GMB","","","",27658.742,"",,"",3168,"",50688,""
"201507","PLB","RMB","","","",,"",,"",1176,"",18816,""
"201507","Ferries","NWFF","","","",0,"",,"",21,"",13891,""
"201508","Fran_Bus","KMB","","","",24301.854,"",3026.049,"",3850,"",483108,""
"201508","Fran_Bus","KMB","","","DD",,"",,"",3679,"",,""
"201508","TAX","TAX","","","",,"",,"",18052,"",85021,""
"201508","RS","RS","","","",3452.576,"",,"",1104,"",54379,""
"201508","LRB","LRB","","","SD",,"",,"",11,"",,""
"201508","LRB","LRB","","","DD",,"",,"",116,"",,""
"201508","LRB","LRB","","","",514.4083,"",,"",127,"",14220,""
"201508","Ferries","LFS","","","",0,"",,"",39,"",11299,""
"201508","Ferries","STF","","","",0,"",,"",11,"",5955,""
"201508","Ferries","NWFF","","","",0,"",,"",21,"",13891,""
"201508","PLB","RMB","","","",,"",,"",1163,"",18608,""
"201508","PLB","GMB","","","",27681.672,"",,"",3181,"",50896,""
"201508","Railways","HKT","","","",413.99165,"",,"",161,"",18515,""
"201508","Railways","MTRC","","LRT","",668.891,"",,"",138,"",33810,""
"201508","Railways","MTRC","","Airport","",246.191,"",,"",77,"",7700,""
"201508","Railways","MTRC","","Local","",2879.091,"",,"",1748,"",550718,""
"201508","Fran_Bus","NLB","","","SD",,"",,"",116,"",,""
"201508","Fran_Bus","NLB","","","DD",,"",,"",2,"",,""
"201508","Fran_Bus","NLB","","","",697.1346,"",,"",118,"",7790,""
"201508","Fran_Bus","LWB","","","SD",,"",,"",0,"",,""
"201508","Fran_Bus","LWB","","","DD",,"",,"",184,"",,""
"201508","Fran_Bus","LWB","","","",2407.362,"",,"",184,"",22154,""
"201508","Fran_Bus","NWFB","","","SD",,"",,"",35,"",,""
"201508","Fran_Bus","NWFB","","","DD",,"",,"",681,"",,""
"201508","Fran_Bus","NWFB","","","",3744.9752,"",1509.31,"",716,"",88562,""
"201508","Fran_Bus","CTB","2","","SD",,"",,"",9,"",,""
"201508","Fran_Bus","CTB","2","","DD",,"",,"",173,"",,""
"201508","Fran_Bus","CTB","2","","",2279.0578,"",661.1977,"",182,"",21262,""
"201508","Fran_Bus","CTB","1","","SD",,"",,"",34,"",,""
"201508","Fran_Bus","CTB","1","","DD",,"",,"",711,"",,""
"201508","Fran_Bus","CTB","1","","",4572.9188,"",2066.2852,"",745,"",92437,""
"201508","Fran_Bus","KMB","","","SD",,"",,"",171,"",,""
"201509","Fran_Bus","KMB","","","",23530.832,"",2910.176,"",3874,"",486639,""
"201509","TAX","TAX","","","",,"",,"",18078,"",84976,""
"201509","LRB","LRB","","","SD",,"",,"",11,"",,""
"201509","LRB","LRB","","","DD",,"",,"",118,"",,""
"201509","LRB","LRB","","","",503.5662,"",,"",129,"",14481,""
"201509","Ferries","LFS","","","",0,"",,"",41,"",11733,""
"201509","Ferries","STF","","","",0,"",,"",11,"",5955,""
"201509","Ferries","NWFF","","","",0,"",,"",21,"",13891,""
"201509","PLB","RMB","","","",,"",,"",1159,"",18544,""
"201509","PLB","GMB","","","",26981.629,"",,"",3187,"",50992,""
"201509","Railways","HKT","","","",408.01967,"",,"",161,"",18515,""
"201509","Railways","MTRC","","LRT","",665.719,"",,"",138,"",33810,""
"201509","Railways","MTRC","","Airport","",238.958,"",,"",77,"",7700,""
"201509","Railways","MTRC","","Local","",2789.91,"",,"",1748,"",550718,""
"201509","Fran_Bus","NLB","","","SD",,"",,"",118,"",,""
"201509","Fran_Bus","NLB","","","DD",,"",,"",2,"",,""
"201509","Fran_Bus","NLB","","","",699.1726,"",,"",120,"",7852,""
"201509","Fran_Bus","LWB","","","SD",,"",,"",0,"",,""
"201509","Fran_Bus","LWB","","","DD",,"",,"",186,"",,""
"201509","Fran_Bus","LWB","","","",2319.91,"",,"",186,"",22410,""
"201509","Fran_Bus","NWFB","","","SD",,"",,"",33,"",,""
"201509","Fran_Bus","NWFB","","","DD",,"",,"",683,"",,""
"201509","Fran_Bus","NWFB","","","",3601.3206,"",1444.3252,"",716,"",88760,""
"201509","Fran_Bus","CTB","2","","SD",,"",,"",9,"",,""
"201509","Fran_Bus","CTB","2","","DD",,"",,"",173,"",,""
"201509","Fran_Bus","CTB","2","","",2203.9607,"",638.3864,"",182,"",21262,""
"201509","Fran_Bus","CTB","1","","SD",,"",,"",33,"",,""
"201509","Fran_Bus","CTB","1","","DD",,"",,"",708,"",,""
"201509","Fran_Bus","CTB","1","","",4401.4621,"",1986.2981,"",741,"",91957,""
"201509","Fran_Bus","KMB","","","SD",,"",,"",172,"",,""
"201509","Fran_Bus","KMB","","","DD",,"",,"",3702,"",,""
"201509","RS","RS","","","",3359.16,"",,"",1102,"",54180,""
"201510","Ferries","STF","","","",0,"",,"",11,"",5955,""
"201510","Ferries","NWFF","","","",0,"",,"",21,"",13891,""
"201510","LRB","LRB","","","",518.7677,"",,"",129,"",14493,""
"201510","LRB","LRB","","","DD",,"",,"",118,"",,""
"201510","LRB","LRB","","","SD",,"",,"",11,"",,""
"201510","RS","RS","","","",3403.312,"",,"",1091,"",53608,""
"201510","TAX","TAX","","","",,"",,"",18078,"",84811,""
"201510","Fran_Bus","KMB","","","",24226.304,"",2990.644,"",3858,"",485095,""
"201510","Fran_Bus","KMB","","","DD",,"",,"",3687,"",,""
"201510","Fran_Bus","KMB","","","SD",,"",,"",171,"",,""
"201510","Fran_Bus","CTB","1","","",4540.8126,"",2052.5241,"",747,"",92685,""
"201510","Fran_Bus","CTB","1","","DD",,"",,"",714,"",,""
"201510","Fran_Bus","CTB","1","","SD",,"",,"",33,"",,""
"201510","Fran_Bus","CTB","2","","",2286.1818,"",658.6656,"",182,"",21262,""
"201510","Fran_Bus","CTB","2","","DD",,"",,"",173,"",,""
"201510","Fran_Bus","CTB","2","","SD",,"",,"",9,"",,""
"201510","Fran_Bus","NWFB","","","",3725.3749,"",1496.6165,"",709,"",87868,""
"201510","Fran_Bus","NWFB","","","DD",,"",,"",676,"",,""
"201510","Fran_Bus","NWFB","","","SD",,"",,"",33,"",,""
"201510","Fran_Bus","LWB","","","",2415.163,"",,"",186,"",22413,""
"201510","Fran_Bus","LWB","","","DD",,"",,"",186,"",,""
"201510","Fran_Bus","LWB","","","SD",,"",,"",0,"",,""
"201510","Fran_Bus","NLB","","","",727.3188,"",,"",121,"",7933,""
"201510","Fran_Bus","NLB","","","DD",,"",,"",2,"",,""
"201510","Fran_Bus","NLB","","","SD",,"",,"",119,"",,""
"201510","Railways","MTRC","","Local","",2872.036,"",,"",1748,"",550718,""
"201510","Railways","MTRC","","Airport","",245.94,"",,"",77,"",7700,""
"201510","Railways","MTRC","","LRT","",684.905,"",,"",138,"",33810,""
"201510","Railways","HKT","","","",420.69282,"",,"",161,"",18515,""
"201510","PLB","GMB","","","",27813.981,"",,"",3195,"",51120,""
"201510","PLB","RMB","","","",,"",,"",1149,"",18384,""
"201510","Ferries","LFS","","","",0,"",,"",41,"",11824,""
"201511","Fran_Bus","KMB","","","",23445.026,"",2892.586,"",3855,"",485540,""
"201511","Fran_Bus","KMB","","","DD",,"",,"",3683,"",,""
"201511","Fran_Bus","KMB","","","SD",,"",,"",172,"",,""
"201511","Fran_Bus","CTB","1","","",4336.7469,"",1986.2257,"",750,"",92912,""
"201511","Fran_Bus","CTB","1","","DD",,"",,"",715,"",,""
"201511","Fran_Bus","CTB","1","","SD",,"",,"",35,"",,""
"201511","Fran_Bus","CTB","2","","",2220.3227,"",636.1585,"",182,"",21262,""
"201511","Fran_Bus","CTB","2","","DD",,"",,"",173,"",,""
"201511","Fran_Bus","CTB","2","","SD",,"",,"",9,"",,""
"201511","Fran_Bus","NWFB","","","",3589.4423,"",1450.608,"",709,"",87939,""
"201511","Fran_Bus","NWFB","","","DD",,"",,"",677,"",,""
"201511","Fran_Bus","NWFB","","","SD",,"",,"",32,"",,""
"201511","Fran_Bus","LWB","","","",2377.516,"",,"",189,"",22770,""
"201511","Fran_Bus","LWB","","","DD",,"",,"",189,"",,""
"201511","Fran_Bus","LWB","","","SD",,"",,"",0,"",,""
"201511","Fran_Bus","NLB","","","",697.62365,"",,"",125,"",8509,""
"201511","Fran_Bus","NLB","","","DD",,"",,"",7,"",,""
"201511","Fran_Bus","NLB","","","SD",,"",,"",118,"",,""
"201511","Railways","MTRC","","Local","",2786.046,"",,"",1748,"",550718,""
"201511","Railways","MTRC","","Airport","",238.346,"",,"",77,"",7700,""
"201511","Railways","MTRC","","LRT","",665.356,"",,"",138,"",33810,""
"201511","Railways","HKT","","","",418.45825,"",,"",161,"",18515,""
"201511","PLB","GMB","","","",27060.315,"",,"",3199,"",51184,""
"201511","PLB","RMB","","","",,"",,"",1147,"",18352,""
"201511","Ferries","NWFF","","","",0,"",,"",21,"",13891,""
"201511","Ferries","STF","","","",0,"",,"",11,"",5955,""
"201511","Ferries","LFS","","","",0,"",,"",42,"",12047,""
"201511","LRB","LRB","","","",500.4314,"",,"",129,"",14493,""
"201511","LRB","LRB","","","DD",,"",,"",118,"",,""
"201511","LRB","LRB","","","SD",,"",,"",11,"",,""
"201511","RS","RS","","","",3345.124,"",,"",1091,"",53712,""
"201511","TAX","TAX","","","",,"",,"",18078,"",84653,""
"201512","Fran_Bus","KMB","","","",24292.57,"",3019.328,"",3888,"",490133,""
"201512","TAX","TAX","","","",,"",,"",18118,"",84713,""
"201512","Fran_Bus","KMB","","","SD",,"",,"",172,"",,""
"201512","Fran_Bus","CTB","1","","",4496.2939,"",2058.0687,"",762,"",94425,""
"201512","Fran_Bus","CTB","1","","DD",,"",,"",726,"",,""
"201512","Fran_Bus","CTB","1","","SD",,"",,"",36,"",,""
"201512","Fran_Bus","CTB","2","","",2313.522,"",660.3777,"",182,"",21262,""
"201512","Fran_Bus","CTB","2","","DD",,"",,"",173,"",,""
"201512","Fran_Bus","CTB","2","","SD",,"",,"",9,"",,""
"201512","Fran_Bus","NWFB","","","",3706.1742,"",1500.4705,"",720,"",89403,""
"201512","Fran_Bus","NWFB","","","DD",,"",,"",688,"",,""
"201512","Fran_Bus","NWFB","","","SD",,"",,"",32,"",,""
"201512","Fran_Bus","LWB","","","",2467.52,"",,"",190,"",22893,""
"201512","Fran_Bus","LWB","","","DD",,"",,"",190,"",,""
"201512","Fran_Bus","LWB","","","SD",,"",,"",0,"",,""
"201512","Fran_Bus","NLB","","","",721.072,"",,"",123,"",8393,""
"201512","Fran_Bus","NLB","","","DD",,"",,"",7,"",,""
"201512","Fran_Bus","NLB","","","SD",,"",,"",116,"",,""
"201512","Railways","MTRC","","Local","",2922.25,"",,"",1748,"",550718,""
"201512","Railways","MTRC","","Airport","",247.193,"",,"",77,"",7700,""
"201512","Railways","MTRC","","LRT","",692.073,"",,"",138,"",33810,""
"201512","Railways","HKT","","","",422.24745,"",,"",161,"",18515,""
"201512","PLB","GMB","","","",27881.794,"",,"",3203,"",51248,""
"201512","PLB","RMB","","","",,"",,"",1141,"",18256,""
"201512","Ferries","NWFF","","","",0,"",,"",21,"",13891,""
"201512","Ferries","STF","","","",0,"",,"",11,"",5955,""
"201512","Ferries","LFS","","","",0,"",,"",42,"",12047,""
"201512","LRB","LRB","","","",514.2617,"",,"",133,"",15025,""
"201512","LRB","LRB","","","DD",,"",,"",122,"",,""
"201512","LRB","LRB","","","SD",,"",,"",11,"",,""
"201512","RS","RS","","","",3415.042,"",,"",1085,"",53457,""
"201512","Fran_Bus","KMB","","","DD",,"",,"",3716,"",,""
"201601","Railways","MTRC","","Local","",2873.166,"",,"",1804,"",568422,""
"201601","Railways","MTRC","","Airport","",246.562,"",,"",77,"",7700,""
"201601","Railways","MTRC","","LRT","",685.706,"",,"",138,"",33810,""
"201601","Railways","HKT","","","",423.34683,"",,"",161,"",18515,""
"201601","PLB","GMB","","","",27735.37,"",,"",3203,"",51248,""
"201601","PLB","RMB","","","",,"",,"",1141,"",18256,""
"201601","Ferries","NWFF","","","",0,"",,"",21,"",13891,""
"201601","Ferries","STF","","","",0,"",,"",11,"",5955,""
"201601","Ferries","LFS","","","",0,"",,"",41,"",11733,""
"201601","LRB","LRB","","","",509.8529,"",,"",133,"",15053,""
"201601","LRB","LRB","","","DD",,"",,"",122,"",,""
"201601","LRB","LRB","","","SD",,"",,"",11,"",,""
"201601","RS","RS","","","",3387.058,"",,"",1093,"",53679,""
"201601","TAX","TAX","","","",,"",,"",18126,"",84627,""
"201601","Fran_Bus","KMB","","","",24149.418,"",3016.833,"",3865,"",487651,""
"201601","Fran_Bus","KMB","","","DD",,"",,"",3695,"",,""
"201601","Fran_Bus","KMB","","","SD",,"",,"",170,"",,""
"201601","Fran_Bus","CTB","1","","",4486.0868,"",2046.8662,"",761,"",94365,""
"201601","Fran_Bus","CTB","1","","DD",,"",,"",725,"",,""
"201601","Fran_Bus","CTB","1","","SD",,"",,"",36,"",,""
"201601","Fran_Bus","CTB","2","","",2292.9479,"",653.0584,"",179,"",20916,""
"201601","Fran_Bus","CTB","2","","DD",,"",,"",170,"",,""
"201601","Fran_Bus","CTB","2","","SD",,"",,"",9,"",,""
"201601","Fran_Bus","NWFB","","","",3686.4722,"",1489.3983,"",721,"",89598,""
"201601","Fran_Bus","NWFB","","","DD",,"",,"",688,"",,""
"201601","Fran_Bus","NWFB","","","SD",,"",,"",33,"",,""
"201601","Fran_Bus","LWB","","","",2463.164,"",,"",190,"",22897,""
"201601","Fran_Bus","LWB","","","DD",,"",,"",190,"",,""
"201601","Fran_Bus","LWB","","","SD",,"",,"",0,"",,""
"201601","Fran_Bus","NLB","","","",716.1962,"",,"",123,"",8429,""
"201601","Fran_Bus","NLB","","","DD",,"",,"",7,"",,""
"201601","Fran_Bus","NLB","","","SD",,"",,"",116,"",,""
"201602","Fran_Bus","KMB","","","",22585.866,"",2798.538,"",3881,"",489982,""
"201602","Fran_Bus","KMB","","","DD",,"",,"",3711,"",,""
"201602","Fran_Bus","KMB","","","SD",,"",,"",170,"",,""
"201602","Fran_Bus","CTB","1","","",4189.9766,"",1912.5095,"",762,"",94530,""
"201602","Fran_Bus","CTB","1","","DD",,"",,"",726,"",,""
"201602","Fran_Bus","CTB","1","","SD",,"",,"",36,"",,""
"201602","Fran_Bus","CTB","2","","",2138.8959,"",612.5861,"",182,"",21461,""
"201602","Fran_Bus","CTB","2","","DD",,"",,"",173,"",,""
"201602","Fran_Bus","CTB","2","","SD",,"",,"",9,"",,""
"201602","Fran_Bus","NWFB","","","",3468.0653,"",1402.8587,"",711,"",89229,""
"201602","Fran_Bus","NWFB","","","DD",,"",,"",691,"",,""
"201602","Fran_Bus","NWFB","","","SD",,"",,"",20,"",,""
"201602","Fran_Bus","LWB","","","",2346.602,"",,"",189,"",22766,""
"201602","Fran_Bus","LWB","","","DD",,"",,"",189,"",,""
"201602","Fran_Bus","LWB","","","SD",,"",,"",0,"",,""
"201602","Fran_Bus","NLB","","","",726.6226,"",,"",125,"",8683,""
"201602","Fran_Bus","NLB","","","DD",,"",,"",9,"",,""
"201602","Fran_Bus","NLB","","","SD",,"",,"",116,"",,""
"201602","Railways","MTRC","","Local","",2691.247,"",,"",1804,"",568422,""
"201602","Railways","MTRC","","Airport","",231.352,"",,"",77,"",7700,""
"201602","Railways","MTRC","","LRT","",641.269,"",,"",138,"",33810,""
"201602","Railways","HKT","","","",380.4327,"",,"",161,"",18515,""
"201602","PLB","GMB","","","",25751.937,"",,"",3208,"",51328,""
"201602","PLB","RMB","","","",,"",,"",1136,"",18176,""
"201602","Ferries","NWFF","","","",0,"",,"",21,"",13891,""
"201602","Ferries","STF","","","",0,"",,"",11,"",5955,""
"201602","Ferries","LFS","","","",0,"",,"",42,"",12047,""
"201602","LRB","LRB","","","",470.0281,"",,"",130,"",14730,""
"201602","LRB","LRB","","","DD",,"",,"",119,"",,""
"201602","LRB","LRB","","","SD",,"",,"",11,"",,""
"201602","RS","RS","","","",3136.085,"",,"",1082,"",53258,""
"201602","TAX","TAX","","","",,"",,"",18128,"",84507,""
"201603","RS","RS","","","",3366.035,"",,"",1095,"",53701,""
"201603","TAX","TAX","","","",,"",,"",18133,"",84370,""
"201603","Fran_Bus","KMB","","","",24114.583,"",3009.239,"",3868,"",488613,""
"201603","Fran_Bus","KMB","","","DD",,"",,"",3699,"",,""
"201603","Fran_Bus","KMB","","","SD",,"",,"",169,"",,""
"201603","Fran_Bus","CTB","1","","",4493.3559,"",2052.7539,"",770,"",95795,""
"201603","Fran_Bus","CTB","1","","DD",,"",,"",734,"",,""
"201603","Fran_Bus","CTB","1","","SD",,"",,"",36,"",,""
"201603","Fran_Bus","CTB","2","","",2316.1857,"",658.6183,"",181,"",21798,""
"201603","Fran_Bus","CTB","2","","DD",,"",,"",177,"",,""
"201603","Fran_Bus","CTB","2","","SD",,"",,"",4,"",,""
"201603","Fran_Bus","NWFB","","","",3716.5718,"",1501.8584,"",706,"",88630,""
"201603","Fran_Bus","NWFB","","","DD",,"",,"",687,"",,""
"201603","Fran_Bus","NWFB","","","SD",,"",,"",19,"",,""
"201603","Fran_Bus","LWB","","","",2523.276,"",,"",189,"",22766,""
"201603","Fran_Bus","LWB","","","DD",,"",,"",189,"",,""
"201603","Fran_Bus","LWB","","","SD",,"",,"",0,"",,""
"201603","Fran_Bus","NLB","","","",735.1692,"",,"",124,"",8684,""
"201603","Fran_Bus","NLB","","","DD",,"",,"",10,"",,""
"201603","Fran_Bus","NLB","","","SD",,"",,"",114,"",,""
"201603","Railways","MTRC","","Local","",2857.632,"",,"",1804,"",568422,""
"201603","Railways","MTRC","","Airport","",247.257,"",,"",77,"",7700,""
"201603","Railways","MTRC","","LRT","",683.056,"",,"",138,"",33810,""
"201603","Railways","HKT","","","",417.51411,"",,"",161,"",18515,""
"201603","PLB","GMB","","","",27703.853,"",,"",3210,"",51360,""
"201603","PLB","RMB","","","",,"",,"",1134,"",18144,""
"201603","Ferries","NWFF","","","",0,"",,"",21,"",13891,""
"201603","Ferries","STF","","","",0,"",,"",11,"",5955,""
"201603","Ferries","LFS","","","",0,"",,"",42,"",12047,""
"201603","LRB","LRB","","","",504.8829,"",,"",133,"",15164,""
"201603","LRB","LRB","","","DD",,"",,"",122,"",,""
"201603","LRB","LRB","","","SD",,"",,"",11,"",,""
"201604","Fran_Bus","KMB","","","",23268.302,"",2902.987,"",3842,"",485377,""
"201604","Fran_Bus","KMB","","","DD",,"",,"",3674,"",,""
"201604","Fran_Bus","KMB","","","SD",,"",,"",168,"",,""
"201604","Fran_Bus","CTB","1","","",4331.9798,"",1984.5846,"",769,"",96107,""
"201604","Fran_Bus","CTB","1","","DD",,"",,"",734,"",,""
"201604","Fran_Bus","CTB","1","","SD",,"",,"",35,"",,""
"201604","Fran_Bus","CTB","2","","",2226.3408,"",633.8598,"",183,"",22454,""
"201604","Fran_Bus","CTB","2","","DD",,"",,"",183,"",,""
"201604","Fran_Bus","CTB","2","","SD",,"",,"",0,"",,""
"201604","Fran_Bus","NWFB","","","",3569.232,"",1441.5306,"",703,"",88235,""
"201604","Fran_Bus","NWFB","","","DD",,"",,"",684,"",,""
"201604","Fran_Bus","NWFB","","","SD",,"",,"",19,"",,""
"201604","Fran_Bus","LWB","","","",2464.4,"",,"",189,"",22766,""
"201604","Fran_Bus","LWB","","","DD",,"",,"",189,"",,""
"201604","Fran_Bus","LWB","","","SD",,"",,"",0,"",,""
"201604","Fran_Bus","NLB","","","",701.2564,"",,"",124,"",8684,""
"201604","Fran_Bus","NLB","","","DD",,"",,"",10,"",,""
"201604","Fran_Bus","NLB","","","SD",,"",,"",114,"",,""
"201604","Railways","MTRC","","Local","",2786.305,"",,"",1804,"",558422,""
"201604","Railways","MTRC","","Airport","",238.764,"",,"",77,"",7700,""
"201604","Railways","MTRC","","LRT","",663.082,"",,"",138,"",33810,""
"201604","Railways","HKT","","","",402.37471,"",,"",161,"",18515,""
"201604","PLB","GMB","","","",26944.162,"",,"",3215,"",51440,""
"201604","PLB","RMB","","","",,"",,"",1127,"",18032,""
"201604","Ferries","NWFF","","","",0,"",,"",21,"",13891,""
"201604","Ferries","STF","","","",0,"",,"",11,"",5955,""
"201604","Ferries","LFS","","","",0,"",,"",42,"",12047,""
"201604","LRB","LRB","","","",491.1779,"",,"",133,"",15199,""
"201604","LRB","LRB","","","DD",,"",,"",122,"",,""
"201604","LRB","LRB","","","SD",,"",,"",11,"",,""
"201604","RS","RS","","","",3289.816,"",,"",1092,"",53815,""
"201604","TAX","TAX","","","",,"",,"",18140,"",84231,""
"201605","RS","RS","","","",3353.98,"",,"",1090,"",53688,""
"201605","TAX","TAX","","","",,"",,"",18152,"",84130,""
"201605","Fran_Bus","KMB","","","",23901.669,"",2963.769,"",3804,"",481082,""
"201605","Fran_Bus","KMB","","","DD",,"",,"",3636,"",,""
"201605","Fran_Bus","KMB","","","SD",,"",,"",168,"",,""
"201605","Fran_Bus","CTB","1","","",4432.8628,"",2037.6044,"",764,"",95455,""
"201605","Fran_Bus","CTB","1","","DD",,"",,"",727,"",,""
"201605","Fran_Bus","CTB","1","","SD",,"",,"",37,"",,""
"201605","Fran_Bus","CTB","2","","",2299.6966,"",653.0971,"",185,"",22884,""
"201605","Fran_Bus","CTB","2","","DD",,"",,"",185,"",,""
"201605","Fran_Bus","CTB","2","","SD",,"",,"",0,"",,""
"201605","Fran_Bus","NWFB","","","",3644.8465,"",1463.1523,"",709,"",88911,""
"201605","Fran_Bus","NWFB","","","DD",,"",,"",689,"",,""
"201605","Fran_Bus","NWFB","","","SD",,"",,"",20,"",,""
"201605","Fran_Bus","LWB","","","",2525.277,"",,"",187,"",22514,""
"201605","Fran_Bus","LWB","","","DD",,"",,"",187,"",,""
"201605","Fran_Bus","LWB","","","SD",,"",,"",0,"",,""
"201605","Fran_Bus","NLB","","","",740.7586,"",,"",124,"",8684,""
"201605","Fran_Bus","NLB","","","DD",,"",,"",10,"",,""
"201605","Fran_Bus","NLB","","","SD",,"",,"",114,"",,""
"201605","Railways","MTRC","","Local","",2856.313,"",,"",1804,"",568422,""
"201605","Railways","MTRC","","Airport","",246.25,"",,"",77,"",7700,""
"201605","Railways","MTRC","","LRT","",686.867,"",,"",138,"",33810,""
"201605","Railways","HKT","","","",421.14887,"",,"",161,"",18515,""
"201605","PLB","GMB","","","",27743.543,"",,"",3227,"",51632,""
"201605","PLB","RMB","","","",,"",,"",1116,"",17856,""
"201605","Ferries","NWFF","","","",0,"",,"",21,"",13891,""
"201605","Ferries","STF","","","",0,"",,"",11,"",5955,""
"201605","Ferries","LFS","","","",0,"",,"",42,"",12047,""
"201605","LRB","LRB","","","",504.6802,"",,"",133,"",15199,""
"201605","LRB","LRB","","","DD",,"",,"",122,"",,""
"201605","LRB","LRB","","","SD",,"",,"",11,"",,""
"201606","Fran_Bus","KMB","","","",23136.427,"",2874.067,"",3804,"",481858,""
"201606","Fran_Bus","KMB","","","DD",,"",,"",3636,"",,""
"201606","Fran_Bus","KMB","","","SD",,"",,"",168,"",,""
"201606","Fran_Bus","CTB","1","","",4282.1486,"",1979.2024,"",753,"",94128,""
"201606","Fran_Bus","CTB","1","","DD",,"",,"",715,"",,""
"201606","Fran_Bus","CTB","1","","SD",,"",,"",38,"",,""
"201606","Fran_Bus","CTB","2","","",2214.4064,"",630.1431,"",185,"",23004,""
"201606","Fran_Bus","CTB","2","","DD",,"",,"",185,"",,""
"201606","Fran_Bus","CTB","2","","SD",,"",,"",0,"",,""
"201606","Fran_Bus","NWFB","","","",3525.1987,"",1410.9751,"",710,"",89076,""
"201606","Fran_Bus","NWFB","","","DD",,"",,"",690,"",,""
"201606","Fran_Bus","NWFB","","","SD",,"",,"",20,"",,""
"201606","Fran_Bus","LWB","","","",2448.534,"",,"",193,"",23649,""
"201606","Fran_Bus","LWB","","","DD",,"",,"",193,"",,""
"201606","Fran_Bus","LWB","","","SD",,"",,"",0,"",,""
"201606","Fran_Bus","NLB","","","",695.9336,"",,"",124,"",8684,""
"201606","Fran_Bus","NLB","","","DD",,"",,"",10,"",,""
"201606","Fran_Bus","NLB","","","SD",,"",,"",114,"",,""
"201606","Railways","MTRC","","Local","",2786.183,"",,"",1804,"",568422,""
"201606","Railways","MTRC","","Airport","",238.521,"",,"",77,"",7700,""
"201606","Railways","MTRC","","LRT","",665.371,"",,"",138,"",33810,""
"201606","Railways","HKT","","","",407.81338,"",,"",161,"",18515,""
"201606","PLB","GMB","","","",27019.668,"",,"",3229,"",51664,""
"201606","PLB","RMB","","","",,"",,"",1114,"",17824,""
"201606","Ferries","NWFF","","","",0,"",,"",21,"",13891,""
"201606","Ferries","STF","","","",0,"",,"",11,"",5955,""
"201606","Ferries","LFS","","","",0,"",,"",42,"",12175,""
"201606","LRB","LRB","","","",492.7183,"",,"",133,"",15221,""
"201606","LRB","LRB","","","DD",,"",,"",122,"",,""
"201606","LRB","LRB","","","SD",,"",,"",11,"",,""
"201606","RS","RS","","","",3307.68,"",,"",1085,"",53481,""
"201606","TAX","TAX","","","",,"",,"",18156,"",84013,""
"201607","Fran_Bus","KMB","","","",23862.765,"",2992.438,"",3830,"",486081,""
"201607","Fran_Bus","KMB","","","DD",,"",,"",3662,"",,""
"201607","Fran_Bus","KMB","","","SD",,"",,"",168,"",,""
"201607","Fran_Bus","CTB","1","","",4453.17,"",2049.6212,"",760,"",95202,""
"201607","Fran_Bus","CTB","1","","DD",,"",,"",722,"",,""
"201607","Fran_Bus","CTB","1","","SD",,"",,"",38,"",,""
"201607","Fran_Bus","CTB","2","","",2311.2413,"",658.5802,"",185,"",23064,""
"201607","Fran_Bus","CTB","2","","DD",,"",,"",185,"",,""
"201607","Fran_Bus","CTB","2","","SD",,"",,"",0,"",,""
"201607","Fran_Bus","NWFB","","","",3662.454,"",1469.8937,"",706,"",88716,""
"201607","Fran_Bus","NWFB","","","DD",,"",,"",687,"",,""
"201607","Fran_Bus","NWFB","","","SD",,"",,"",19,"",,""
"201607","Fran_Bus","LWB","","","",2579.023,"",,"",204,"",25072,""
"201607","Fran_Bus","LWB","","","DD",,"",,"",204,"",,""
"201607","Fran_Bus","LWB","","","SD",,"",,"",0,"",,""
"201607","Fran_Bus","NLB","","","",735.743,"",,"",124,"",8684,""
"201607","Fran_Bus","NLB","","","DD",,"",,"",10,"",,""
"201607","Fran_Bus","NLB","","","SD",,"",,"",114,"",,""
"201607","Railways","MTRC","","Local","",2870.773,"",,"",1804,"",568422,""
"201607","Railways","MTRC","","Airport","",246.493,"",,"",77,"",7700,""
"201607","Railways","MTRC","","LRT","",674.326,"",,"",138,"",33810,""
"201607","Railways","HKT","","","",418.87527,"",,"",161,"",18515,""
"201607","PLB","GMB","","","",27776.298,"",,"",3235,"",51760,""
"201607","PLB","RMB","","","",,"",,"",1111,"",17776,""
"201607","Ferries","NWFF","","","",0,"",,"",21,"",13891,""
"201607","Ferries","STF","","","",0,"",,"",11,"",5955,""
"201607","Ferries","LFS","","","",0,"",,"",42,"",12175,""
"201607","LRB","LRB","","","",506.7429,"",,"",133,"",15260,""
"201607","LRB","LRB","","","DD",,"",,"",122,"",,""
"201607","LRB","LRB","","","SD",,"",,"",11,"",,""
"201607","RS","RS","","","",3363.435,"",,"",1081,"",53298,""
"201607","TAX","TAX","","","",,"",,"",18147,"",83830,""
"201608","RS","RS","","","",3424.856,"",,"",1088,"",53450,""
"201608","TAX","TAX","","","",,"",,"",18150,"",83691,""
"201608","LRB","LRB","","","DD",,"",,"",122,"",,""
"201608","LRB","LRB","","","",508.054,"",,"",133,"",15316,""
"201608","Ferries","LFS","","","",0,"",,"",42,"",12175,""
"201608","Ferries","STF","","","",0,"",,"",11,"",5955,""
"201608","Ferries","NWFF","","","",0,"",,"",21,"",13891,""
"201608","PLB","RMB","","","",,"",,"",1104,"",17664,""
"201608","PLB","GMB","","","",27570.391,"",,"",3242,"",51872,""
"201608","Railways","HKT","","","",403.74943,"",,"",161,"",18515,""
"201608","Railways","MTRC","","LRT","",667.835,"",,"",138,"",33810,""
"201608","Railways","MTRC","","Airport","",245.478,"",,"",77,"",7700,""
"201608","Railways","MTRC","","Local","",2904.272,"",,"",1804,"",568422,""
"201608","Fran_Bus","NLB","","","SD",,"",,"",112,"",,""
"201608","Fran_Bus","NLB","","","DD",,"",,"",10,"",,""
"201608","Fran_Bus","NLB","","","",689.06,"",,"",122,"",8558,""
"201608","Fran_Bus","LWB","","","SD",,"",,"",0,"",,""
"201608","Fran_Bus","LWB","","","DD",,"",,"",219,"",,""
"201608","Fran_Bus","LWB","","","",2783.518,"",,"",219,"",27007,""
"201608","Fran_Bus","NWFB","","","SD",,"",,"",19,"",,""
"201608","Fran_Bus","NWFB","","","DD",,"",,"",691,"",,""
"201608","Fran_Bus","NWFB","","","",3584.496,"",1443.5418,"",710,"",89341,""
"201608","Fran_Bus","CTB","2","","SD",,"",,"",0,"",,""
"201608","Fran_Bus","CTB","2","","DD",,"",,"",185,"",,""
"201608","Fran_Bus","CTB","2","","",2268.23,"",649.9522,"",185,"",23181,""
"201608","Fran_Bus","CTB","1","","SD",,"",,"",38,"",,""
"201608","Fran_Bus","CTB","1","","DD",,"",,"",723,"",,""
"201608","Fran_Bus","CTB","1","","",4394.5396,"",2027.8835,"",761,"",95392,""
"201608","Fran_Bus","KMB","","","SD",,"",,"",165,"",,""
"201608","Fran_Bus","KMB","","","DD",,"",,"",3699,"",,""
"201608","Fran_Bus","KMB","","","",23608.345,"",2980.195,"",3864,"",491399,""
"201608","LRB","LRB","","","SD",,"",,"",11,"",,""
"201609","TAX","TAX","","","",,"",,"",18150,"",83569,""
"201609","RS","RS","","","",3319.433,"",,"",1092,"",53883,""
"201609","LRB","LRB","","","SD",,"",,"",11,"",,""
"201609","LRB","LRB","","","DD",,"",,"",122,"",,""
"201609","LRB","LRB","","","",490.9354,"",,"",133,"",15368,""
"201609","Ferries","LFS","","","",0,"",,"",42,"",12175,""
"201609","Ferries","STF","","","",0,"",,"",11,"",5955,""
"201609","Ferries","NWFF","","","",0,"",,"",21,"",13891,""
"201609","PLB","RMB","","","",,"",,"",1098,"",17568,""
"201609","PLB","GMB","","","",27089.645,"",,"",3250,"",52000,""
"201609","Railways","HKT","","","",410.71434,"",,"",161,"",18515,""
"201609","Railways","MTRC","","LRT","",667.231,"",,"",138,"",33810,""
"201609","Railways","MTRC","","Airport","",238.729,"",,"",77,"",7700,""
"201609","Railways","MTRC","","Local","",2862.499,"",,"",1804,"",568422,""
"201609","Fran_Bus","NLB","","","SD",,"",,"",113,"",,""
"201609","Fran_Bus","NLB","","","DD",,"",,"",10,"",,""
"201609","Fran_Bus","NLB","","","",690.488,"",,"",123,"",8655,""
"201609","Fran_Bus","LWB","","","SD",,"",,"",0,"",,""
"201609","Fran_Bus","LWB","","","DD",,"",,"",220,"",,""
"201609","Fran_Bus","LWB","","","",2902.583,"",,"",220,"",27140,""
"201609","Fran_Bus","NWFB","","","SD",,"",,"",19,"",,""
"201609","Fran_Bus","NWFB","","","DD",,"",,"",691,"",,""
"201609","Fran_Bus","NWFB","","","",3478.7441,"",1391.9145,"",710,"",89204,""
"201609","Fran_Bus","CTB","2","","SD",,"",,"",0,"",,""
"201609","Fran_Bus","CTB","2","","DD",,"",,"",185,"",,""
"201609","Fran_Bus","CTB","2","","",2195.9593,"",630.4114,"",185,"",23418,""
"201609","Fran_Bus","CTB","1","","SD",,"",,"",38,"",,""
"201609","Fran_Bus","CTB","1","","DD",,"",,"",716,"",,""
"201609","Fran_Bus","CTB","1","","",4299.5547,"",1990.037,"",754,"",94447,""
"201609","Fran_Bus","KMB","","","SD",,"",,"",164,"",,""
"201609","Fran_Bus","KMB","","","",23081.843,"",2875.987,"",3899,"",496387,""
"201609","Fran_Bus","KMB","","","DD",,"",,"",3735,"",,""
"201610","Fran_Bus","KMB","","","",23243.539,"",2888.171,"",3916,"",498763,""
"201610","TAX","TAX","","","",,"",,"",18156,"",83457,""
"201610","Fran_Bus","KMB","","","SD",,"",,"",164,"",,""
"201610","Fran_Bus","CTB","1","","",4322.1522,"",1992.8641,"",752,"",94237,""
"201610","Fran_Bus","CTB","1","","DD",,"",,"",714,"",,""
"201610","Fran_Bus","CTB","1","","SD",,"",,"",38,"",,""
"201610","Fran_Bus","CTB","2","","",2217.7902,"",635.7496,"",185,"",23526,""
"201610","Fran_Bus","CTB","2","","DD",,"",,"",185,"",,""
"201610","Fran_Bus","CTB","2","","SD",,"",,"",0,"",,""
"201610","Fran_Bus","NWFB","","","",3508.3843,"",1401.5199,"",710,"",89224,""
"201610","Fran_Bus","NWFB","","","DD",,"",,"",691,"",,""
"201610","Fran_Bus","NWFB","","","SD",,"",,"",19,"",,""
"201610","Fran_Bus","LWB","","","",2940.639,"",,"",220,"",27140,""
"201610","Fran_Bus","LWB","","","DD",,"",,"",220,"",,""
"201610","Fran_Bus","LWB","","","SD",,"",,"",0,"",,""
"201610","Fran_Bus","NLB","","","",722.848,"",,"",124,"",8728,""
"201610","Fran_Bus","NLB","","","DD",,"",,"",10,"",,""
"201610","Fran_Bus","NLB","","","SD",,"",,"",114,"",,""
"201610","Railways","MTRC","","Local","",2839.394,"",,"",1804,"",568422,""
"201610","Railways","MTRC","","Airport","",244.609,"",,"",77,"",7700,""
"201610","Railways","MTRC","","LRT","",683.419,"",,"",138,"",33810,""
"201610","Railways","HKT","","","",417.21578,"",,"",161,"",18515,""
"201610","PLB","GMB","","","",27570.861,"",,"",3249,"",51984,""
"201610","PLB","RMB","","","",,"",,"",1096,"",17536,""
"201610","Ferries","NWFF","","","",0,"",,"",21,"",13891,""
"201610","Ferries","STF","","","",0,"",,"",11,"",5955,""
"201610","Ferries","LFS","","","",0,"",,"",42,"",12187,""
"201610","LRB","LRB","","","",500.8355,"",,"",133,"",15445,""
"201610","LRB","LRB","","","DD",,"",,"",122,"",,""
"201610","LRB","LRB","","","SD",,"",,"",11,"",,""
"201610","RS","RS","","","",3347.986,"",,"",1059,"",52311,""
"201610","Fran_Bus","KMB","","","DD",,"",,"",3752,"",,""
"201611","Fran_Bus","KMB","","","",23304.391,"",2950.866,"",3924,"",499875,""
"201611","Fran_Bus","KMB","","","DD",,"",,"",3760,"",,""
"201611","Fran_Bus","KMB","","","SD",,"",,"",164,"",,""
"201611","Fran_Bus","CTB","1","","",4297.213,"",1985.0835,"",750,"",93960,""
"201611","Fran_Bus","CTB","1","","DD",,"",,"",712,"",,""
"201611","Fran_Bus","CTB","1","","SD",,"",,"",38,"",,""
"201611","Fran_Bus","CTB","2","","",2205.7792,"",631.8377,"",182,"",23217,""
"201611","Fran_Bus","CTB","2","","DD",,"",,"",182,"",,""
"201611","Fran_Bus","CTB","2","","SD",,"",,"",0,"",,""
"201611","Fran_Bus","NWFB","","","",3469.1437,"",1399.444,"",711,"",89378,""
"201611","Fran_Bus","NWFB","","","DD",,"",,"",692,"",,""
"201611","Fran_Bus","NWFB","","","SD",,"",,"",19,"",,""
"201611","Fran_Bus","LWB","","","",2931.525,"",,"",230,"",28330,""
"201611","Fran_Bus","LWB","","","DD",,"",,"",230,"",,""
"201611","Fran_Bus","LWB","","","SD",,"",,"",0,"",,""
"201611","Fran_Bus","NLB","","","",692.208,"",,"",122,"",8606,""
"201611","Fran_Bus","NLB","","","DD",,"",,"",10,"",,""
"201611","Fran_Bus","NLB","","","SD",,"",,"",112,"",,""
"201611","Railways","MTRC","","Local","",2856.395,"",,"",1804,"",568422,""
"201611","Railways","MTRC","","Airport","",238.277,"",,"",77,"",7700,""
"201611","Railways","MTRC","","LRT","",666.215,"",,"",138,"",33810,""
"201611","Railways","HKT","","","",412.00538,"",,"",161,"",18515,""
"201611","PLB","GMB","","","",27124.992,"",,"",3249,"",51984,""
"201611","PLB","RMB","","","",,"",,"",1095,"",17520,""
"201611","Ferries","NWFF","","","",0,"",,"",21,"",13891,""
"201611","Ferries","STF","","","",0,"",,"",11,"",5955,""
"201611","Ferries","LFS","","","",0,"",,"",42,"",12175,""
"201611","LRB","LRB","","","",493.2176,"",,"",133,"",15484,""
"201611","LRB","LRB","","","DD",,"",,"",122,"",,""
"201611","LRB","LRB","","","SD",,"",,"",11,"",,""
"201611","RS","RS","","","",3340.304,"",,"",1079,"",53213,""
"201611","TAX","TAX","","","",,"",,"",18156,"",83276,""
"201612","Fran_Bus","KMB","","","",24238.595,"",3059.778,"",3916,"",498860,""
"201612","TAX","TAX","","","",,"",,"",18152,"",83099,""
"201612","Fran_Bus","KMB","","","SD",,"",,"",164,"",,""
"201612","Fran_Bus","CTB","1","","",4465.3794,"",2049.9508,"",767,"",96323,""
"201612","Fran_Bus","CTB","1","","DD",,"",,"",729,"",,""
"201612","Fran_Bus","CTB","1","","SD",,"",,"",38,"",,""
"201612","Fran_Bus","CTB","2","","",2287.9812,"",652.4475,"",179,"",22896,""
"201612","Fran_Bus","CTB","2","","DD",,"",,"",179,"",,""
"201612","Fran_Bus","CTB","2","","SD",,"",,"",0,"",,""
"201612","Fran_Bus","NWFB","","","",3639.0261,"",1470.9318,"",691,"",86950,""
"201612","Fran_Bus","NWFB","","","DD",,"",,"",678,"",,""
"201612","Fran_Bus","NWFB","","","SD",,"",,"",13,"",,""
"201612","Fran_Bus","LWB","","","",3102.727,"",,"",242,"",29788,""
"201612","Fran_Bus","LWB","","","DD",,"",,"",242,"",,""
"201612","Fran_Bus","LWB","","","SD",,"",,"",0,"",,""
"201612","Fran_Bus","NLB","","","",730.415,"",,"",121,"",8557,""
"201612","Fran_Bus","NLB","","","DD",,"",,"",10,"",,""
"201612","Fran_Bus","NLB","","","SD",,"",,"",111,"",,""
"201612","Railways","MTRC","","Local","",2986.497,"",,"",1875,"",590989,""
"201612","Railways","MTRC","","Airport","",247.226,"",,"",77,"",7700,""
"201612","Railways","MTRC","","LRT","",686.284,"",,"",139,"",34055,""
"201612","Railways","HKT","","","",430.11311,"",,"",161,"",18515,""
"201612","PLB","GMB","","","",27861.957,"",,"",3254,"",52064,""
"201612","PLB","RMB","","","",,"",,"",1093,"",17488,""
"201612","Ferries","NWFF","","","",0,"",,"",21,"",13891,""
"201612","Ferries","STF","","","",0,"",,"",11,"",5955,""
"201612","Ferries","LFS","","","",0,"",,"",42,"",12180,""
"201612","LRB","LRB","","","",506.7727,"",,"",133,"",15600,""
"201612","LRB","LRB","","","DD",,"",,"",122,"",,""
"201612","LRB","LRB","","","SD",,"",,"",11,"",,""
"201612","RS","RS","","","",3357.718,"",,"",1079,"",53369,""
"201612","Fran_Bus","KMB","","","DD",,"",,"",3752,"",,""
"201701","Fran_Bus","CTB","1","","DD",,"",,"",732,"",,""
"201701","Fran_Bus","CTB","1","","SD",,"",,"",38,"",,""
"201701","Fran_Bus","CTB","2","","",2279.1118,"",646.8213,"",182,"",23434,""
"201701","Fran_Bus","CTB","2","","DD",,"",,"",182,"",,""
"201701","Fran_Bus","CTB","2","","SD",,"",,"",0,"",,""
"201701","Fran_Bus","NWFB","","","",3609.8417,"",1452.707,"",692,"",86831,""
"201701","Fran_Bus","NWFB","","","DD",,"",,"",680,"",,""
"201701","Fran_Bus","NWFB","","","SD",,"",,"",12,"",,""
"201701","Fran_Bus","LWB","","","",3096.233,"",,"",241,"",29659,""
"201701","Fran_Bus","LWB","","","DD",,"",,"",241,"",,""
"201701","Fran_Bus","LWB","","","SD",,"",,"",0,"",,""
"201701","Fran_Bus","NLB","","","",801.022,"",,"",124,"",8864,""
"201701","Fran_Bus","NLB","","","DD",,"",,"",10,"",,""
"201701","Fran_Bus","NLB","","","SD",,"",,"",114,"",,""
"201701","Railways","MTRC","","Local","",3048.093,"",,"",1875,"",590989,""
"201701","Railways","MTRC","","Airport","",247.26,"",,"",77,"",7700,""
"201701","Railways","MTRC","","LRT","",686.314,"",,"",139,"",34055,""
"201701","Railways","HKT","","","",421.07829,"",,"",161,"",18515,""
"201701","PLB","GMB","","","",27592.972,"",,"",3258,"",52128,""
"201701","PLB","RMB","","","",,"",,"",1089,"",17424,""
"201701","Ferries","NWFF","","","",0,"",,"",21,"",13891,""
"201701","Ferries","STF","","","",0,"",,"",10,"",5040,""
"201701","Ferries","LFS","","","",0,"",,"",42,"",12180,""
"201701","LRB","LRB","","","",498.4961,"",,"",133,"",15594,""
"201701","LRB","LRB","","","DD",,"",,"",122,"",,""
"201701","LRB","LRB","","","SD",,"",,"",11,"",,""
"201701","RS","RS","","","",3297.681,"",,"",1091,"",53678,""
"201701","TAX","TAX","","","",,"",,"",18154,"",82967,""
"201701","Fran_Bus","KMB","","","",23939.047,"",2996.27,"",3913,"",498675,""
"201701","Fran_Bus","KMB","","","DD",,"",,"",3749,"",,""
"201701","Fran_Bus","KMB","","","SD",,"",,"",164,"",,""
"201701","Fran_Bus","CTB","1","","",4430.87,"",2044.3751,"",770,"",96805,""
"201702","Fran_Bus","KMB","","","",21868.956,"",2764.8,"",3903,"",497403,""
"201702","Fran_Bus","KMB","","","DD",,"",,"",3739,"",,""
"201702","Fran_Bus","KMB","","","SD",,"",,"",164,"",,""
"201702","Fran_Bus","CTB","1","","",4020.6455,"",1871.2224,"",769,"",96678,""
"201702","Fran_Bus","CTB","1","","DD",,"",,"",731,"",,""
"201702","Fran_Bus","CTB","1","","SD",,"",,"",38,"",,""
"201702","Fran_Bus","CTB","2","","",2053.173,"",583.4512,"",183,"",23676,""
"201702","Fran_Bus","CTB","2","","DD",,"",,"",183,"",,""
"201702","Fran_Bus","CTB","2","","SD",,"",,"",0,"",,""
"201702","Fran_Bus","NWFB","","","",3292.3566,"",1331.8766,"",693,"",86962,""
"201702","Fran_Bus","NWFB","","","DD",,"",,"",681,"",,""
"201702","Fran_Bus","NWFB","","","SD",,"",,"",12,"",,""
"201702","Fran_Bus","LWB","","","",2844.373,"",,"",241,"",29659,""
"201702","Fran_Bus","LWB","","","DD",,"",,"",241,"",,""
"201702","Fran_Bus","LWB","","","SD",,"",,"",0,"",,""
"201702","Fran_Bus","NLB","","","",722.038,"",,"",123,"",8797,""
"201702","Fran_Bus","NLB","","","DD",,"",,"",10,"",,""
"201702","Fran_Bus","NLB","","","SD",,"",,"",113,"",,""
"201702","Railways","MTRC","","Local","",2779.685,"",,"",1875,"",590989,""
"201702","Railways","MTRC","","Airport","",222.645,"",,"",77,"",7700,""
"201702","Railways","MTRC","","LRT","",617.77,"",,"",139,"",34055,""
"201702","Railways","HKT","","","",373.32262,"",,"",161,"",18515,""
"201702","PLB","GMB","","","",25270.165,"",,"",3258,"",52128,""
"201702","PLB","RMB","","","",,"",,"",1087,"",17392,""
"201702","Ferries","NWFF","","","",0,"",,"",21,"",13891,""
"201702","Ferries","STF","","","",0,"",,"",10,"",5040,""
"201702","Ferries","LFS","","","",0,"",,"",42,"",12168,""
"201702","LRB","LRB","","","",456.0491,"",,"",133,"",15607,""
"201702","LRB","LRB","","","DD",,"",,"",122,"",,""
"201702","LRB","LRB","","","SD",,"",,"",11,"",,""
"201702","RS","RS","","","",3162.833,"",,"",1089,"",53538,""
"201702","TAX","TAX","","","",,"",,"",18155,"",82849,""
"201703","Railways","MTRC","","Local","",3085.888,"",,"",1875,"",590989,""
"201703","Railways","MTRC","","Airport","",246.598,"",,"",77,"",7700,""
"201703","Railways","MTRC","","LRT","",688.868,"",,"",139,"",34055,""
"201703","Railways","HKT","","","",408.24479,"",,"",161,"",18515,""
"201703","PLB","GMB","","","",27941.353,"",,"",3286,"",52576,""
"201703","PLB","RMB","","","",,"",,"",1061,"",16976,""
"201703","Ferries","NWFF","","","",0,"",,"",21,"",13891,""
"201703","Ferries","STF","","","",0,"",,"",10,"",5040,""
"201703","Ferries","LFS","","","",0,"",,"",42,"",12168,""
"201703","LRB","LRB","","","",507.8173,"",,"",133,"",15613,""
"201703","LRB","LRB","","","DD",,"",,"",122,"",,""
"201703","LRB","LRB","","","SD",,"",,"",11,"",,""
"201703","RS","RS","","","",3424.758,"",,"",1087,"",53614,""
"201703","TAX","TAX","","","",,"",,"",18154,"",82667,""
"201703","Fran_Bus","KMB","","","",24171.92,"",3066.236,"",3915,"",499284,""
"201703","Fran_Bus","KMB","","","DD",,"",,"",3751,"",,""
"201703","Fran_Bus","KMB","","","SD",,"",,"",164,"",,""
"201703","Fran_Bus","CTB","1","","",4463.2458,"",2080.3929,"",765,"",91673,""
"201703","Fran_Bus","CTB","1","","DD",,"",,"",727,"",,""
"201703","Fran_Bus","CTB","1","","SD",,"",,"",38,"",,""
"201703","Fran_Bus","CTB","2","","",2298.68,"",648.5391,"",182,"",23655,""
"201703","Fran_Bus","CTB","2","","DD",,"",,"",182,"",,""
"201703","Fran_Bus","CTB","2","","SD",,"",,"",0,"",,""
"201703","Fran_Bus","NWFB","","","",3647.4351,"",1477.175,"",703,"",88171,""
"201703","Fran_Bus","NWFB","","","DD",,"",,"",691,"",,""
"201703","Fran_Bus","NWFB","","","SD",,"",,"",12,"",,""
"201703","Fran_Bus","LWB","","","",3153.302,"",,"",241,"",29659,""
"201703","Fran_Bus","LWB","","","DD",,"",,"",241,"",,""
"201703","Fran_Bus","LWB","","","SD",,"",,"",0,"",,""
"201703","Fran_Bus","NLB","","","",755.829,"",,"",123,"",8827,""
"201703","Fran_Bus","NLB","","","DD",,"",,"",10,"",,""
"201703","Fran_Bus","NLB","","","SD",,"",,"",113,"",,""
"201704","Fran_Bus","NLB","","","SD",,"",,"",114,"",,""
"201704","Railways","MTRC","","Local","",2915.744,"",,"",1875,"",590989,""
"201704","Railways","MTRC","","Airport","",239.429,"",,"",77,"",7700,""
"201704","Railways","MTRC","","LRT","",658.224,"",,"",139,"",34055,""
"201704","Railways","HKT","","","",389.68691,"",,"",161,"",18515,""
"201704","PLB","GMB","","","",26813.514,"",,"",3266,"",52256,""
"201704","PLB","RMB","","","",,"",,"",1079,"",17264,""
"201704","Ferries","NWFF","","","",0,"",,"",21,"",13891,""
"201704","Ferries","STF","","","",0,"",,"",10,"",5040,""
"201704","Ferries","LFS","","","",0,"",,"",42,"",12168,""
"201704","LRB","LRB","","","",476.5442,"",,"",133,"",15625,""
"201704","LRB","LRB","","","DD",,"",,"",122,"",,""
"201704","LRB","LRB","","","SD",,"",,"",11,"",,""
"201704","RS","RS","","","",3161.146,"",,"",1092,"",53755,""
"201704","TAX","TAX","","","",,"",,"",18154,"",82520,""
"201704","Fran_Bus","KMB","","","DD",,"",,"",3756,"",,""
"201704","Fran_Bus","KMB","","","SD",,"",,"",164,"",,""
"201704","Fran_Bus","CTB","1","","",4250.0564,"",1960.24,"",767,"",96543,""
"201704","Fran_Bus","CTB","1","","DD",,"",,"",729,"",,""
"201704","Fran_Bus","CTB","1","","SD",,"",,"",38,"",,""
"201704","Fran_Bus","CTB","2","","",2238.99,"",625.0974,"",183,"",23795,""
"201704","Fran_Bus","CTB","2","","DD",,"",,"",183,"",,""
"201704","Fran_Bus","CTB","2","","SD",,"",,"",0,"",,""
"201704","Fran_Bus","NWFB","","","",3502.8107,"",1406.1895,"",695,"",86858,""
"201704","Fran_Bus","NWFB","","","DD",,"",,"",683,"",,""
"201704","Fran_Bus","NWFB","","","SD",,"",,"",12,"",,""
"201704","Fran_Bus","LWB","","","",2996.869,"",,"",242,"",29729,""
"201704","Fran_Bus","LWB","","","DD",,"",,"",241,"",,""
"201704","Fran_Bus","LWB","","","SD",,"",,"",1,"",,""
"201704","Fran_Bus","KMB","","","",23081.128,"",2937.403,"",3920,"",500120,""
"201704","Fran_Bus","NLB","","","",774.451,"",,"",124,"",8902,""
"201704","Fran_Bus","NLB","","","DD",,"",,"",10,"",,""
"201705","Fran_Bus","CTB","2","","",2305.4135,"",644.801,"",183,"",23795,""
"201705","Fran_Bus","CTB","2","","DD",,"",,"",183,"",,""
"201705","Fran_Bus","CTB","2","","SD",,"",,"",0,"",,""
"201705","Fran_Bus","NWFB","","","",3589.4515,"",1450.8255,"",681,"",85024,""
"201705","Fran_Bus","NWFB","","","DD",,"",,"",669,"",,""
"201705","Fran_Bus","NWFB","","","SD",,"",,"",12,"",,""
"201705","Fran_Bus","LWB","","","",3124.724,"",,"",243,"",29799,""
"201705","Fran_Bus","LWB","","","DD",,"",,"",241,"",,""
"201705","Fran_Bus","LWB","","","SD",,"",,"",2,"",,""
"201705","Fran_Bus","NLB","","","",763.266,"",,"",124,"",8916,""
"201705","Fran_Bus","NLB","","","DD",,"",,"",10,"",,""
"201705","Fran_Bus","NLB","","","SD",,"",,"",114,"",,""
"201705","Railways","MTRC","","Local","",3042.438,"",,"",1875,"",590989,""
"201705","Railways","MTRC","","Airport","",246.528,"",,"",77,"",7700,""
"201705","Railways","MTRC","","LRT","",686.334,"",,"",139,"",34055,""
"201705","Railways","HKT","","","",415.86618,"",,"",161,"",18515,""
"201705","PLB","GMB","","","",27731.264,"",,"",3269,"",52304,""
"201705","PLB","RMB","","","",,"",,"",1074,"",17184,""
"201705","Ferries","NWFF","","","",0,"",,"",21,"",13891,""
"201705","Ferries","STF","","","",0,"",,"",10,"",5040,""
"201705","Ferries","LFS","","","",0,"",,"",42,"",12180,""
"201705","LRB","LRB","","","",498.095,"",,"",134,"",15761,""
"201705","LRB","LRB","","","DD",,"",,"",123,"",,""
"201705","LRB","LRB","","","SD",,"",,"",11,"",,""
"201705","RS","RS","","","",3268.917,"",,"",1079,"",53236,""
"201705","TAX","TAX","","","",,"",,"",18141,"",82276,""
"201705","Fran_Bus","KMB","","","",24011.384,"",3086.772,"",3918,"",501147,""
"201705","Fran_Bus","KMB","","","DD",,"",,"",3757,"",,""
"201705","Fran_Bus","KMB","","","SD",,"",,"",161,"",,""
"201705","Fran_Bus","CTB","1","","",4320.6404,"",2020.8839,"",768,"",96788,""
"201705","Fran_Bus","CTB","1","","DD",,"",,"",730,"",,""
"201705","Fran_Bus","CTB","1","","SD",,"",,"",38,"",,""
"201706","Fran_Bus","KMB","","","",23096.575,"",2994.362,"",3935,"",503738,""
"201706","Fran_Bus","KMB","","","DD",,"",,"",3778,"",,""
"201706","Fran_Bus","KMB","","","SD",,"",,"",157,"",,""
"201706","Fran_Bus","CTB","1","","",4140.809,"",1952.2211,"",768,"",96806,""
"201706","Fran_Bus","CTB","1","","DD",,"",,"",730,"",,""
"201706","Fran_Bus","CTB","1","","SD",,"",,"",38,"",,""
"201706","Fran_Bus","CTB","2","","",2220.8078,"",619.5906,"",183,"",23795,""
"201706","Fran_Bus","CTB","2","","DD",,"",,"",183,"",,""
"201706","Fran_Bus","CTB","2","","SD",,"",,"",0,"",,""
"201706","Fran_Bus","NWFB","","","",3416.0836,"",1387.6227,"",687,"",85642,""
"201706","Fran_Bus","NWFB","","","DD",,"",,"",675,"",,""
"201706","Fran_Bus","NWFB","","","SD",,"",,"",12,"",,""
"201706","Fran_Bus","LWB","","","",2998.138,"",,"",243,"",29799,""
"201706","Fran_Bus","LWB","","","DD",,"",,"",241,"",,""
"201706","Fran_Bus","LWB","","","SD",,"",,"",2,"",,""
"201706","Fran_Bus","NLB","","","",685.174,"",,"",124,"",8916,""
"201706","Fran_Bus","NLB","","","DD",,"",,"",10,"",,""
"201706","Fran_Bus","NLB","","","SD",,"",,"",114,"",,""
"201706","Railways","MTRC","","Local","",2980.132,"",,"",1875,"",590989,""
"201706","Railways","MTRC","","Airport","",238.412,"",,"",77,"",7700,""
"201706","Railways","MTRC","","LRT","",667.071,"",,"",139,"",34055,""
"201706","Railways","HKT","","","",386.01719,"",,"",161,"",18515,""
"201706","PLB","GMB","","","",26886.562,"",,"",3268,"",52288,""
"201706","PLB","RMB","","","",,"",,"",1075,"",17200,""
"201706","Ferries","NWFF","","","",0,"",,"",21,"",12721,""
"201706","Ferries","STF","","","",0,"",,"",10,"",5040,""
"201706","Ferries","LFS","","","",0,"",,"",42,"",12163,""
"201706","LRB","LRB","","","",488.9896,"",,"",134,"",15758,""
"201706","LRB","LRB","","","DD",,"",,"",123,"",,""
"201706","LRB","LRB","","","SD",,"",,"",11,"",,""
"201706","RS","RS","","","",3258.804,"",,"",1074,"",52884,""
"201706","TAX","TAX","","","",,"",,"",18144,"",82098,""
"201707","Fran_Bus","KMB","","","SD",,"",,"",150,"",,""
"201707","Fran_Bus","CTB","1","","",4300.7612,"",2021.1339,"",768,"",96799,""
"201707","Fran_Bus","CTB","1","","DD",,"",,"",730,"",,""
"201707","Fran_Bus","CTB","1","","SD",,"",,"",38,"",,""
"201707","Fran_Bus","CTB","2","","",2330.9476,"",651.489,"",181,"",23562,""
"201707","Fran_Bus","CTB","2","","DD",,"",,"",181,"",,""
"201707","Fran_Bus","CTB","2","","SD",,"",,"",0,"",,""
"201707","Fran_Bus","NWFB","","","",3571.4874,"",1464.6924,"",692,"",86281,""
"201707","Fran_Bus","NWFB","","","DD",,"",,"",680,"",,""
"201707","Fran_Bus","NWFB","","","SD",,"",,"",12,"",,""
"201707","Fran_Bus","LWB","","","",3099.535,"",,"",242,"",29676,""
"201707","Fran_Bus","LWB","","","DD",,"",,"",240,"",,""
"201707","Fran_Bus","LWB","","","SD",,"",,"",2,"",,""
"201707","Fran_Bus","NLB","","","",717.612,"",,"",124,"",8916,""
"201707","Fran_Bus","NLB","","","DD",,"",,"",10,"",,""
"201707","Fran_Bus","NLB","","","SD",,"",,"",114,"",,""
"201707","Railways","MTRC","","Local","",3060.285,"",,"",1875,"",590989,""
"201707","Railways","MTRC","","Airport","",246.11,"",,"",77,"",7700,""
"201707","Railways","MTRC","","LRT","",677.046,"",,"",139,"",34055,""
"201707","Railways","HKT","","","",386.95902,"",,"",161,"",18515,""
"201707","PLB","GMB","","","",27646.69,"",,"",3268,"",52288,""
"201707","PLB","RMB","","","",,"",,"",1074,"",17184,""
"201707","Ferries","NWFF","","","",0,"",,"",21,"",12721,""
"201707","Ferries","STF","","","",0,"",,"",10,"",5040,""
"201707","Ferries","LFS","","","",0,"",,"",42,"",12158,""
"201707","LRB","LRB","","","",500.4008,"",,"",134,"",15758,""
"201707","LRB","LRB","","","DD",,"",,"",123,"",,""
"201707","LRB","LRB","","","SD",,"",,"",11,"",,""
"201707","RS","RS","","","",3265.479,"",,"",1075,"",52612,""
"201707","TAX","TAX","","","",,"",,"",18147,"",81949,""
"201707","Fran_Bus","KMB","","","",24043.66,"",3101.728,"",3938,"",504746,""
"201707","Fran_Bus","KMB","","","DD",,"",,"",3788,"",,""
"201708","LRB","LRB","","","DD",,"",,"",122,"",,""
"201708","TAX","TAX","","","",,"",,"",18149,"",81795,""
"201708","Ferries","LFS","","","",0,"",,"",43,"",12271,""
"201708","Ferries","STF","","","",0,"",,"",10,"",5040,""
"201708","Ferries","NWFF","","","",0,"",,"",21,"",12721,""
"201708","PLB","RMB","","","",,"",,"",1071,"",17136,""
"201708","PLB","GMB","","","",27286.31,"",,"",3270,"",52356,""
"201708","Railways","HKT","","","",381.57833,"",,"",161,"",18515,""
"201708","Railways","MTRC","","LRT","",658.746,"",,"",139,"",34055,""
"201708","Railways","MTRC","","Airport","",242.412,"",,"",77,"",7700,""
"201708","Railways","MTRC","","Local","",3014.719,"",,"",1875,"",590989,""
"201708","Fran_Bus","NLB","","","SD",,"",,"",114,"",,""
"201708","Fran_Bus","NLB","","","DD",,"",,"",10,"",,""
"201708","Fran_Bus","NLB","","","",682.7,"",,"",124,"",8916,""
"201708","Fran_Bus","LWB","","","SD",,"",,"",2,"",,""
"201708","Fran_Bus","LWB","","","DD",,"",,"",241,"",,""
"201708","Fran_Bus","LWB","","","",2985.963,"",,"",243,"",29799,""
"201708","Fran_Bus","NWFB","","","SD",,"",,"",12,"",,""
"201708","Fran_Bus","NWFB","","","DD",,"",,"",671,"",,""
"201708","Fran_Bus","NWFB","","","",3413.4012,"",1415.731,"",683,"",85302,""
"201708","Fran_Bus","CTB","2","","SD",,"",,"",0,"",,""
"201708","Fran_Bus","CTB","2","","DD",,"",,"",181,"",,""
"201708","Fran_Bus","CTB","2","","",2255.741,"",629.0291,"",181,"",23562,""
"201708","Fran_Bus","CTB","1","","SD",,"",,"",38,"",,""
"201708","Fran_Bus","CTB","1","","DD",,"",,"",722,"",,""
"201708","Fran_Bus","CTB","1","","",4133.0565,"",1958.4077,"",760,"",95840,""
"201708","Fran_Bus","KMB","","","SD",,"",,"",145,"",,""
"201708","Fran_Bus","KMB","","","DD",,"",,"",3766,"",,""
"201708","Fran_Bus","KMB","","","",23350.323,"",3018.459,"",3911,"",501694,""
"201708","RS","RS","","","",3203.851,"",,"",1061,"",51791,""
"201708","LRB","LRB","","","SD",,"",,"",11,"",,""
"201708","LRB","LRB","","","",493.4604,"",,"",133,"",15657,""
"201709","Fran_Bus","LWB","","","DD",,"",,"",240,"",,""
"201709","Fran_Bus","LWB","","","",3029.537,"",,"",242,"",29676,""
"201709","Fran_Bus","NWFB","","","SD",,"",,"",12,"",,""
"201709","Fran_Bus","NWFB","","","DD",,"",,"",672,"",,""
"201709","Fran_Bus","NWFB","","","",3409.2598,"",1400.9334,"",684,"",85407,""
"201709","Fran_Bus","CTB","2","","SD",,"",,"",0,"",,""
"201709","Fran_Bus","CTB","2","","DD",,"",,"",181,"",,""
"201709","Fran_Bus","CTB","2","","",2235.8463,"",628.2065,"",181,"",23562,""
"201709","Fran_Bus","CTB","1","","SD",,"",,"",38,"",,""
"201709","Fran_Bus","CTB","1","","DD",,"",,"",712,"",,""
"201709","Fran_Bus","CTB","1","","",4171.8873,"",1956.8248,"",750,"",94671,""
"201709","Fran_Bus","KMB","","","SD",,"",,"",145,"",,""
"201709","Fran_Bus","KMB","","","DD",,"",,"",3786,"",,""
"201709","Fran_Bus","KMB","","","",23382.884,"",3006.769,"",3931,"",504559,""
"201709","TAX","TAX","","","",,"",,"",18150,"",81646,""
"201709","RS","RS","","","",3167.674,"",,"",1051,"",51447,""
"201709","LRB","LRB","","","SD",,"",,"",11,"",,""
"201709","LRB","LRB","","","DD",,"",,"",122,"",,""
"201709","LRB","LRB","","","",486.9445,"",,"",133,"",15657,""
"201709","Ferries","LFS","","","",0,"",,"",43,"",12080,""
"201709","Ferries","STF","","","",0,"",,"",10,"",5040,""
"201709","Ferries","NWFF","","","",0,"",,"",21,"",12761,""
"201709","PLB","RMB","","","",,"",,"",1067,"",17081,""
"201709","PLB","GMB","","","",27047.713,"",,"",3272,"",52496,""
"201709","Railways","HKT","","","",392.88326,"",,"",161,"",18515,""
"201709","Railways","MTRC","","LRT","",666.173,"",,"",139,"",34055,""
"201709","Railways","MTRC","","Airport","",238.73,"",,"",77,"",7700,""
"201709","Railways","MTRC","","Local","",2982.112,"",,"",1875,"",590989,""
"201709","Fran_Bus","NLB","","","SD",,"",,"",110,"",,""
"201709","Fran_Bus","NLB","","","DD",,"",,"",10,"",,""
"201709","Fran_Bus","LWB","","","SD",,"",,"",2,"",,""
"201709","Fran_Bus","NLB","","","",681.483,"",,"",120,"",8648,""
"201710","Fran_Bus","LWB","","","SD",,"",,"",4,"",,""
"201710","Fran_Bus","NLB","","","",732.844,"",,"",122,"",8782,""
"201710","Fran_Bus","NLB","","","DD",,"",,"",10,"",,""
"201710","Fran_Bus","NLB","","","SD",,"",,"",112,"",,""
"201710","Railways","MTRC","","Local","",3029.464,"",,"",1875,"",590989,""
"201710","Railways","MTRC","","Airport","",246.562,"",,"",77,"",7700,""
"201710","Railways","MTRC","","LRT","",683.676,"",,"",139,"",34055,""
"201710","Railways","HKT","","","",389.06769,"",,"",161,"",18515,""
"201710","PLB","GMB","","","",27576.997,"",,"",3270,"",52596,""
"201710","PLB","RMB","","","",,"",,"",1064,"",17060,""
"201710","Ferries","NWFF","","","",0,"",,"",21,"",12761,""
"201710","Ferries","STF","","","",0,"",,"",10,"",5040,""
"201710","Ferries","LFS","","","",0,"",,"",43,"",12092,""
"201710","LRB","LRB","","","",488.6657,"",,"",133,"",15671,""
"201710","LRB","LRB","","","DD",,"",,"",122,"",,""
"201710","LRB","LRB","","","SD",,"",,"",11,"",,""
"201710","RS","RS","","","",3117.661,"",,"",1050,"",51369,""
"201710","TAX","TAX","","","",,"",,"",18150,"",81472,""
"201710","Fran_Bus","KMB","","","",23519.339,"",3012.991,"",3943,"",506327,""
"201710","Fran_Bus","KMB","","","DD",,"",,"",3797,"",,""
"201710","Fran_Bus","KMB","","","SD",,"",,"",146,"",,""
"201710","Fran_Bus","CTB","1","","",4227.6419,"",1981.0409,"",746,"",94246,""
"201710","Fran_Bus","CTB","1","","DD",,"",,"",708,"",,""
"201710","Fran_Bus","CTB","1","","SD",,"",,"",38,"",,""
"201710","Fran_Bus","CTB","2","","",2275.5601,"",634.6355,"",190,"",24723,""
"201710","Fran_Bus","CTB","2","","DD",,"",,"",190,"",,""
"201710","Fran_Bus","CTB","2","","SD",,"",,"",0,"",,""
"201710","Fran_Bus","NWFB","","","",3496.7735,"",1439.0262,"",681,"",85159,""
"201710","Fran_Bus","NWFB","","","DD",,"",,"",669,"",,""
"201710","Fran_Bus","NWFB","","","SD",,"",,"",12,"",,""
"201710","Fran_Bus","LWB","","","",3048.978,"",,"",244,"",29831,""
"201710","Fran_Bus","LWB","","","DD",,"",,"",240,"",,""
"201711","Fran_Bus","KMB","","","",23315.697,"",3006.473,"",3954,"",508629,""
"201711","Fran_Bus","KMB","","","DD",,"",,"",3808,"",,""
"201711","TAX","TAX","","","",,"",,"",18152,"",81320,""
"201711","RS","RS","","","",3136.253,"",,"",1065,"",52207,""
"201711","LRB","LRB","","","SD",,"",,"",11,"",,""
"201711","LRB","LRB","","","DD",,"",,"",125,"",,""
"201711","Ferries","NWFF","","","",0,"",,"",21,"",12761,""
"201711","PLB","RMB","","","",,"",,"",1065,"",17109,""
"201711","PLB","GMB","","","",27042.095,"",,"",3274,"",52843,""
"201711","Railways","HKT","","","",378.44095,"",,"",161,"",18515,""
"201711","Railways","MTRC","","LRT","",667.087,"",,"",139,"",34055,""
"201711","Railways","MTRC","","Airport","",238.338,"",,"",77,"",7700,""
"201711","Railways","MTRC","","Local","",2981.017,"",,"",1875,"",590989,""
"201711","Fran_Bus","NLB","","","SD",,"",,"",114,"",,""
"201711","Fran_Bus","NLB","","","DD",,"",,"",10,"",,""
"201711","Fran_Bus","NLB","","","",696.769,"",,"",124,"",8916,""
"201711","Fran_Bus","LWB","","","SD",,"",,"",4,"",,""
"201711","LRB","LRB","","","",485.3385,"",,"",136,"",16058,""
"201711","Ferries","LFS","","","",0,"",,"",43,"",12092,""
"201711","Ferries","STF","","","",0,"",,"",10,"",5040,""
"201711","Fran_Bus","LWB","","","DD",,"",,"",241,"",,""
"201711","Fran_Bus","LWB","","","",2975.92,"",,"",245,"",29960,""
"201711","Fran_Bus","NWFB","","","SD",,"",,"",13,"",,""
"201711","Fran_Bus","NWFB","","","DD",,"",,"",670,"",,""
"201711","Fran_Bus","NWFB","","","",3416.4516,"",1419.1168,"",683,"",85348,""
"201711","Fran_Bus","CTB","2","","SD",,"",,"",0,"",,""
"201711","Fran_Bus","CTB","2","","DD",,"",,"",198,"",,""
"201711","Fran_Bus","CTB","2","","",2250.8245,"",625.6128,"",198,"",25746,""
"201711","Fran_Bus","CTB","1","","SD",,"",,"",38,"",,""
"201711","Fran_Bus","CTB","1","","DD",,"",,"",705,"",,""
"201711","Fran_Bus","CTB","1","","",4148.1872,"",1959.2466,"",743,"",94000,""
"201711","Fran_Bus","KMB","","","SD",,"",,"",146,"",,""
"201712","PLB","RMB","","","",,"",,"",1063,"",17119,""
"201712","LRB","LRB","","","",500.6292,"",,"",139,"",16435,""
"201712","Railways","HKT","","","",389.98162,"",,"",161,"",18515,""
"201712","Railways","MTRC","","LRT","",693.111,"",,"",139,"",34055,""
"201712","Railways","MTRC","","Airport","",247.227,"",,"",77,"",7700,""
"201712","Railways","MTRC","","Local","",3083.96,"",,"",1875,"",590989,""
"201712","Fran_Bus","NLB","","","SD",,"",,"",114,"",,""
"201712","Fran_Bus","NLB","","","DD",,"",,"",10,"",,""
"201712","Fran_Bus","NLB","","","",750.798,"",,"",124,"",8916,""
"201712","Fran_Bus","LWB","","","SD",,"",,"",4,"",,""
"201712","Fran_Bus","LWB","","","DD",,"",,"",241,"",,""
"201712","Fran_Bus","LWB","","","",3133.05,"",,"",245,"",29972,""
"201712","Fran_Bus","NWFB","","","SD",,"",,"",17,"",,""
"201712","Fran_Bus","NWFB","","","DD",,"",,"",685,"",,""
"201712","Fran_Bus","NWFB","","","",3509.0815,"",1437.4264,"",702,"",87823,""
"201712","TAX","TAX","","","",,"",,"",18148,"",81165,""
"201712","RS","RS","","","",3131.228,"",,"",1054,"",51732,""
"201712","LRB","LRB","","","SD",,"",,"",11,"",,""
"201712","LRB","LRB","","","DD",,"",,"",128,"",,""
"201712","Fran_Bus","CTB","2","","SD",,"",,"",0,"",,""
"201712","Fran_Bus","CTB","2","","DD",,"",,"",206,"",,""
"201712","Fran_Bus","CTB","2","","",2358.5895,"",648.7385,"",206,"",26778,""
"201712","Fran_Bus","CTB","1","","SD",,"",,"",38,"",,""
"201712","Fran_Bus","CTB","1","","DD",,"",,"",700,"",,""
"201712","Fran_Bus","CTB","1","","",4233.5997,"",1988.5211,"",738,"",93308,""
"201712","Fran_Bus","KMB","","","SD",,"",,"",144,"",,""
"201712","Fran_Bus","KMB","","","DD",,"",,"",3823,"",,""
"201712","Fran_Bus","KMB","","","",24227.568,"",3125.772,"",3967,"",511252,""
"201712","Ferries","LFS","","","",0,"",,"",44,"",12494,""
"201712","Ferries","STF","","","",0,"",,"",10,"",5040,""
"201712","Ferries","NWFF","","","",0,"",,"",21,"",12761,""
"201712","PLB","GMB","","","",27719.7,"",,"",3275,"",53036,""
"201801","Fran_Bus","KMB","","","",24468.726,"",3174.699,"",3975,"",512531,""
"201801","Fran_Bus","KMB","","","DD",,"",,"",3831,"",,""
"201801","Fran_Bus","KMB","","","SD",,"",,"",144,"",,""
"201801","Fran_Bus","CTB","1","","",4303.0794,"",2025.9933,"",733,"",92729,""
"201801","Fran_Bus","CTB","1","","DD",,"",,"",695,"",,""
"201801","Fran_Bus","CTB","1","","SD",,"",,"",38,"",,""
"201801","Fran_Bus","CTB","2","","",2368.4477,"",651.4209,"",211,"",27467,""
"201801","Fran_Bus","CTB","2","","DD",,"",,"",211,"",,""
"201801","Fran_Bus","CTB","2","","SD",,"",,"",0,"",,""
"201801","Fran_Bus","NWFB","","","",3569.0831,"",1481.4573,"",696,"",87617,""
"201801","Fran_Bus","NWFB","","","DD",,"",,"",679,"",,""
"201801","Fran_Bus","NWFB","","","SD",,"",,"",17,"",,""
"201801","Fran_Bus","LWB","","","",3199.463,"",,"",244,"",29854,""
"201801","Fran_Bus","LWB","","","DD",,"",,"",240,"",,""
"201801","Fran_Bus","LWB","","","SD",,"",,"",4,"",,""
"201801","Fran_Bus","NLB","","","",731.746,"",,"",124,"",9045,""
"201801","Fran_Bus","NLB","","","DD",,"",,"",12,"",,""
"201801","Fran_Bus","NLB","","","SD",,"",,"",112,"",,""
"201801","Railways","MTRC","","Local","",3069.914,"",,"",1984,"",626624,""
"201801","Railways","MTRC","","Airport","",246.389,"",,"",77,"",7700,""
"201801","Railways","MTRC","","LRT","",688.629,"",,"",139,"",34055,""
"201801","Railways","HKT","","","",396.16794,"",,"",161,"",18515,""
"201801","PLB","GMB","","","",27719.385,"",,"",3269,"",53144,""
"201801","PLB","RMB","","","",,"",,"",1064,"",17165,""
"201801","Ferries","NWFF","","","",0,"",,"",21,"",12761,""
"201801","Ferries","STF","","","",0,"",,"",10,"",5034,""
"201801","Ferries","LFS","","","",0,"",,"",43,"",12271,""
"201801","LRB","LRB","","","",503.6883,"",,"",139,"",16435,""
"201801","LRB","LRB","","","DD",,"",,"",128,"",,""
"201801","LRB","LRB","","","SD",,"",,"",11,"",,""
"201801","RS","RS","","","",3212.125,"",,"",1048,"",51461,""
"201801","TAX","TAX","","","",,"",,"",18147,"",80995,""
"201802","Fran_Bus","KMB","","","",21590.38,"",2805.966,"",3980,"",513412,""
"201802","Fran_Bus","KMB","","","DD",,"",,"",3836,"",,""
"201802","Fran_Bus","KMB","","","SD",,"",,"",144,"",,""
"201802","Fran_Bus","CTB","1","","",3818.7152,"",1798.2029,"",735,"",92976,""
"201802","Fran_Bus","CTB","1","","DD",,"",,"",697,"",,""
"201802","Fran_Bus","CTB","1","","SD",,"",,"",38,"",,""
"201802","Fran_Bus","CTB","2","","",2143.1019,"",582.5646,"",213,"",27747,""
"201802","Fran_Bus","CTB","2","","DD",,"",,"",213,"",,""
"201802","Fran_Bus","CTB","2","","SD",,"",,"",0,"",,""
"201802","Fran_Bus","NWFB","","","",3139.6276,"",1295.2218,"",686,"",86634,""
"201802","Fran_Bus","NWFB","","","DD",,"",,"",669,"",,""
"201802","Fran_Bus","NWFB","","","SD",,"",,"",17,"",,""
"201802","Fran_Bus","LWB","","","",2847.641,"",,"",245,"",29973,""
"201802","Fran_Bus","LWB","","","DD",,"",,"",241,"",,""
"201802","Fran_Bus","LWB","","","SD",,"",,"",4,"",,""
"201802","Fran_Bus","NLB","","","",718.088,"",,"",131,"",10089,""
"201802","Fran_Bus","NLB","","","DD",,"",,"",21,"",,""
"201802","Fran_Bus","NLB","","","SD",,"",,"",110,"",,""
"201802","Railways","MTRC","","Local","",2759.311,"",,"",1984,"",626624,""
"201802","Railways","MTRC","","Airport","",223.414,"",,"",77,"",7700,""
"201802","Railways","MTRC","","LRT","",617.872,"",,"",139,"",34055,""
"201802","Railways","HKT","","","",332.78507,"",,"",161,"",18515,""
"201802","PLB","GMB","","","",24750.801,"",,"",3275,"",53360,""
"201802","PLB","RMB","","","",,"",,"",1063,"",17185,""
"201802","Ferries","NWFF","","","",0,"",,"",21,"",12761,""
"201802","Ferries","STF","","","",0,"",,"",10,"",5034,""
"201802","Ferries","LFS","","","",0,"",,"",44,"",12494,""
"201802","LRB","LRB","","","",447.4627,"",,"",140,"",16557,""
"201802","LRB","LRB","","","DD",,"",,"",129,"",,""
"201802","LRB","LRB","","","SD",,"",,"",11,"",,""
"201802","RS","RS","","","",2862.608,"",,"",1047,"",51265,""
"201802","TAX","TAX","","","",,"",,"",18145,"",80916,""
"201803","Fran_Bus","CTB","2","","SD",,"",,"",0,"",,""
"201803","Fran_Bus","NWFB","","","",3566.5732,"",1463.6135,"",680,"",85983,""
"201803","Fran_Bus","NWFB","","","DD",,"",,"",663,"",,""
"201803","Fran_Bus","NWFB","","","SD",,"",,"",17,"",,""
"201803","Fran_Bus","LWB","","","",3223.647,"",,"",245,"",29973,""
"201803","Fran_Bus","LWB","","","DD",,"",,"",241,"",,""
"201803","Fran_Bus","LWB","","","SD",,"",,"",4,"",,""
"201803","Fran_Bus","NLB","","","",760.34,"",,"",131,"",10343,""
"201803","Fran_Bus","NLB","","","DD",,"",,"",25,"",,""
"201803","Fran_Bus","NLB","","","SD",,"",,"",106,"",,""
"201803","Railways","MTRC","","Local","",3059.173,"",,"",1984,"",626624,""
"201803","Railways","MTRC","","Airport","",247.269,"",,"",77,"",7700,""
"201803","Railways","MTRC","","LRT","",687.57,"",,"",139,"",34055,""
"201803","Railways","HKT","","","",384.03915,"",,"",161,"",18515,""
"201803","PLB","GMB","","","",27767.653,"",,"",3284,"",53684,""
"201803","PLB","RMB","","","",,"",,"",1053,"",17070,""
"201803","Ferries","NWFF","","","",0,"",,"",21,"",12761,""
"201803","Ferries","STF","","","",0,"",,"",10,"",5034,""
"201803","Ferries","LFS","","","",0,"",,"",44,"",12494,""
"201803","LRB","LRB","","","",499.5872,"",,"",140,"",16557,""
"201803","LRB","LRB","","","DD",,"",,"",129,"",,""
"201803","LRB","LRB","","","SD",,"",,"",11,"",,""
"201803","RS","RS","","","",3135.219,"",,"",1049,"",51335,""
"201803","TAX","TAX","","","",,"",,"",18145,"",80754,""
"201803","Fran_Bus","KMB","","","DD",,"",,"",3825,"",,""
"201803","Fran_Bus","KMB","","","SD",,"",,"",145,"",,""
"201803","Fran_Bus","CTB","1","","",4291.987,"",2023.7127,"",735,"",92967,""
"201803","Fran_Bus","CTB","1","","DD",,"",,"",697,"",,""
"201803","Fran_Bus","CTB","1","","SD",,"",,"",38,"",,""
"201803","Fran_Bus","CTB","2","","",2415.9124,"",649.9261,"",213,"",27755,""
"201803","Fran_Bus","CTB","2","","DD",,"",,"",213,"",,""
"201803","Fran_Bus","KMB","","","",23906.884,"",3134.339,"",3970,"",512327,""
"201804","Fran_Bus","KMB","","","",22922.383,"",2987.266,"",3962,"",511644,""
"201804","Fran_Bus","KMB","","","DD",,"",,"",3816,"",,""
"201804","Fran_Bus","KMB","","","SD",,"",,"",146,"",,""
"201804","Fran_Bus","CTB","1","","",4159.2037,"",1952.7619,"",742,"",93870,""
"201804","Fran_Bus","CTB","1","","DD",,"",,"",704,"",,""
"201804","Fran_Bus","CTB","1","","SD",,"",,"",38,"",,""
"201804","Fran_Bus","CTB","2","","",2319.6271,"",619.8487,"",216,"",28218,""
"201804","Fran_Bus","CTB","2","","DD",,"",,"",216,"",,""
"201804","Fran_Bus","CTB","2","","SD",,"",,"",0,"",,""
"201804","Fran_Bus","NWFB","","","",3441.3976,"",1412.4333,"",680,"",85983,""
"201804","Fran_Bus","NWFB","","","DD",,"",,"",663,"",,""
"201804","Fran_Bus","NWFB","","","SD",,"",,"",17,"",,""
"201804","Fran_Bus","LWB","","","",3092.946,"",,"",245,"",29973,""
"201804","Fran_Bus","LWB","","","DD",,"",,"",241,"",,""
"201804","Fran_Bus","LWB","","","SD",,"",,"",4,"",,""
"201804","Fran_Bus","NLB","","","",751.38,"",,"",129,"",10274,""
"201804","Fran_Bus","NLB","","","DD",,"",,"",26,"",,""
"201804","Fran_Bus","NLB","","","SD",,"",,"",103,"",,""
"201804","Railways","MTRC","","Local","",2947.123,"",,"",1984,"",626624,""
"201804","Railways","MTRC","","Airport","",238.451,"",,"",77,"",7700,""
"201804","Railways","MTRC","","LRT","",661.277,"",,"",139,"",34055,""
"201804","Railways","HKT","","","",370.43393,"",,"",161,"",18515,""
"201804","PLB","GMB","","","",26877.392,"",,"",3286,"",53836,""
"201804","PLB","RMB","","","",,"",,"",1049,"",17033,""
"201804","Ferries","NWFF","","","",0,"",,"",21,"",12761,""
"201804","Ferries","STF","","","",0,"",,"",10,"",5034,""
"201804","Ferries","LFS","","","",0,"",,"",44,"",12494,""
"201804","LRB","LRB","","","",479.2812,"",,"",140,"",16557,""
"201804","LRB","LRB","","","DD",,"",,"",129,"",,""
"201804","LRB","LRB","","","SD",,"",,"",11,"",,""
"201804","RS","RS","","","",3006.044,"",,"",1054,"",51725,""
"201804","TAX","TAX","","","",,"",,"",18145,"",80610,""
"201805","Fran_Bus","KMB","","","",23878.432,"",3095.759,"",4002,"",517232,""
"201805","Fran_Bus","KMB","","","DD",,"",,"",3855,"",,""
"201805","Fran_Bus","KMB","","","SD",,"",,"",147,"",,""
"201805","Fran_Bus","CTB","1","","",4304.77,"",2012.1834,"",744,"",94128,""
"201805","Ferries","LFS","","","",0,"",,"",44,"",12494,""
"201805","LRB","LRB","","","",496.7421,"",,"",141,"",16681,""
"201805","Fran_Bus","LWB","","","",3233.213,"",,"",245,"",29973,""
"201805","Fran_Bus","LWB","","","DD",,"",,"",241,"",,""
"201805","Fran_Bus","LWB","","","SD",,"",,"",4,"",,""
"201805","Fran_Bus","NLB","","","",751.436,"",,"",129,"",10274,""
"201805","Fran_Bus","NLB","","","DD",,"",,"",26,"",,""
"201805","Fran_Bus","NLB","","","SD",,"",,"",103,"",,""
"201805","Railways","MTRC","","Local","",3075.77,"",,"",1984,"",626624,""
"201805","Railways","MTRC","","Airport","",246.389,"",,"",77,"",7700,""
"201805","Railways","MTRC","","LRT","",686.766,"",,"",139,"",34055,""
"201805","Railways","HKT","","","",390.15493,"",,"",161,"",18515,""
"201805","PLB","GMB","","","",27850.285,"",,"",3289,"",53986,""
"201805","PLB","RMB","","","",,"",,"",1042,"",16954,""
"201805","Ferries","NWFF","","","",0,"",,"",21,"",12761,""
"201805","Ferries","STF","","","",0,"",,"",10,"",5034,""
"201805","LRB","LRB","","","DD",,"",,"",130,"",,""
"201805","LRB","LRB","","","SD",,"",,"",11,"",,""
"201805","RS","RS","","","",3116.708,"",,"",1059,"",51798,""
"201805","TAX","TAX","","","",,"",,"",18148,"",80392,""
"201805","Fran_Bus","CTB","1","","DD",,"",,"",706,"",,""
"201805","Fran_Bus","CTB","1","","SD",,"",,"",38,"",,""
"201805","Fran_Bus","CTB","2","","",2415.4121,"",649.9448,"",217,"",28347,""
"201805","Fran_Bus","CTB","2","","DD",,"",,"",217,"",,""
"201805","Fran_Bus","CTB","2","","SD",,"",,"",0,"",,""
"201805","Fran_Bus","NWFB","","","",3528.9985,"",1451.1264,"",680,"",85983,""
"201805","Fran_Bus","NWFB","","","DD",,"",,"",663,"",,""
"201805","Fran_Bus","NWFB","","","SD",,"",,"",17,"",,""
"201806","Fran_Bus","KMB","","","",23107.042,"",3004.139,"",4006,"",518427,""
"201806","Fran_Bus","KMB","","","DD",,"",,"",3859,"",,""
"201806","Fran_Bus","KMB","","","SD",,"",,"",147,"",,""
"201806","Fran_Bus","CTB","1","","",4181.8343,"",1956.0799,"",748,"",94619,""
"201806","Fran_Bus","CTB","1","","DD",,"",,"",710,"",,""
"201806","Fran_Bus","CTB","1","","SD",,"",,"",38,"",,""
"201806","Fran_Bus","CTB","2","","",2328.054,"",622.6241,"",217,"",28347,""
"201806","Fran_Bus","CTB","2","","DD",,"",,"",217,"",,""
"201806","Fran_Bus","CTB","2","","SD",,"",,"",0,"",,""
"201806","Fran_Bus","NWFB","","","",3424.634,"",1406.7105,"",677,"",85631,""
"201806","Fran_Bus","NWFB","","","DD",,"",,"",660,"",,""
"201806","Fran_Bus","NWFB","","","SD",,"",,"",17,"",,""
"201806","Fran_Bus","LWB","","","",3089.114,"",,"",248,"",30330,""
"201806","Fran_Bus","LWB","","","DD",,"",,"",244,"",,""
"201806","Fran_Bus","LWB","","","SD",,"",,"",4,"",,""
"201806","Fran_Bus","NLB","","","",711.139,"",,"",133,"",10794,""
"201806","Fran_Bus","NLB","","","DD",,"",,"",30,"",,""
"201806","Fran_Bus","NLB","","","SD",,"",,"",103,"",,""
"201806","Railways","MTRC","","Local","",2986.754,"",,"",1984,"",626624,""
"201806","Railways","MTRC","","Airport","",238.729,"",,"",77,"",7700,""
"201806","Railways","MTRC","","LRT","",665.071,"",,"",139,"",34055,""
"201806","Railways","HKT","","","",376.63938,"",,"",161,"",18515,""
"201806","PLB","GMB","","","",26854.49,"",,"",3281,"",53981,""
"201806","PLB","RMB","","","",,"",,"",1046,"",17060,""
"201806","Ferries","NWFF","","","",0,"",,"",21,"",12821,""
"201806","Ferries","STF","","","",0,"",,"",10,"",5034,""
"201806","Ferries","LFS","","","",0,"",,"",44,"",12494,""
"201806","LRB","LRB","","","",482.8889,"",,"",144,"",16985,""
"201806","LRB","LRB","","","DD",,"",,"",133,"",,""
"201806","LRB","LRB","","","SD",,"",,"",11,"",,""
"201806","RS","RS","","","",3040.271,"",,"",1069,"",52268,""
"201806","TAX","TAX","","","",,"",,"",18144,"",80230,""
"201807","Fran_Bus","KMB","","","",23868.267,"",3109.504,"",3993,"",517193,""
"201807","Fran_Bus","KMB","","","DD",,"",,"",3846,"",,""
"201807","Fran_Bus","KMB","","","SD",,"",,"",147,"",,""
"201807","Fran_Bus","CTB","1","","",4366.1714,"",2027.8221,"",754,"",95519,""
"201807","Fran_Bus","CTB","1","","DD",,"",,"",717,"",,""
"201807","Fran_Bus","CTB","1","","SD",,"",,"",37,"",,""
"201807","Fran_Bus","CTB","2","","",2409.2275,"",646.6415,"",218,"",28479,""
"201807","Fran_Bus","NWFB","","","",3555.6603,"",1467.5833,"",671,"",84974,""
"201807","Fran_Bus","NWFB","","","DD",,"",,"",654,"",,""
"201807","Fran_Bus","NWFB","","","SD",,"",,"",17,"",,""
"201807","Fran_Bus","LWB","","","",3205.682,"",,"",248,"",30330,""
"201807","Fran_Bus","LWB","","","DD",,"",,"",244,"",,""
"201807","Fran_Bus","LWB","","","SD",,"",,"",4,"",,""
"201807","Fran_Bus","NLB","","","",728.031,"",,"",135,"",11054,""
"201807","Fran_Bus","NLB","","","DD",,"",,"",32,"",,""
"201807","Fran_Bus","NLB","","","SD",,"",,"",103,"",,""
"201807","Railways","MTRC","","Local","",3073.913,"",,"",1984,"",626624,""
"201807","Railways","MTRC","","Airport","",246.424,"",,"",77,"",7700,""
"201807","Railways","MTRC","","LRT","",676.239,"",,"",139,"",34055,""
"201807","Railways","HKT","","","",380.95846,"",,"",161,"",18515,""
"201807","PLB","GMB","","","",27719.052,"",,"",3286,"",54191,""
"201807","PLB","RMB","","","",,"",,"",1048,"",17128,""
"201807","Ferries","NWFF","","","",0,"",,"",21,"",12824,""
"201807","Ferries","STF","","","",0,"",,"",10,"",5034,""
"201807","Ferries","LFS","","","",0,"",,"",44,"",12494,""
"201807","LRB","LRB","","","",498.2411,"",,"",144,"",16985,""
"201807","LRB","LRB","","","DD",,"",,"",133,"",,""
"201807","LRB","LRB","","","SD",,"",,"",11,"",,""
"201807","RS","RS","","","",3118.516,"",,"",1053,"",51137,""
"201807","TAX","TAX","","","",,"",,"",18147,"",80076,""
"201807","Fran_Bus","CTB","2","","DD",,"",,"",218,"",,""
"201807","Fran_Bus","CTB","2","","SD",,"",,"",0,"",,""
"201808","Fran_Bus","CTB","1","","SD",,"",,"",36,"",,""
"201808","Fran_Bus","NLB","","","",699.285,"",,"",149,"",12594,""
"201808","Fran_Bus","NLB","","","DD",,"",,"",46,"",,""
"201808","Fran_Bus","NLB","","","SD",,"",,"",103,"",,""
"201808","Railways","MTRC","","Local","",3097.731,"",,"",1984,"",626624,""
"201808","Railways","MTRC","","Airport","",246.211,"",,"",77,"",7700,""
"201808","Railways","MTRC","","LRT","",669.659,"",,"",139,"",34055,""
"201808","Fran_Bus","CTB","2","","",2399.1965,"",648.1868,"",220,"",28767,""
"201808","Fran_Bus","KMB","","","",23841.208,"",3128.864,"",4018,"",521313,""
"201808","Fran_Bus","KMB","","","DD",,"",,"",3871,"",,""
"201808","Fran_Bus","KMB","","","SD",,"",,"",147,"",,""
"201808","Fran_Bus","CTB","1","","",4356.4162,"",2036.7642,"",758,"",96183,""
"201808","Fran_Bus","CTB","1","","DD",,"",,"",722,"",,""
"201808","Railways","HKT","","","",379.35436,"",,"",161,"",18515,""
"201808","PLB","GMB","","","",27685.101,"",,"",3293,"",54450,""
"201808","PLB","RMB","","","",,"",,"",1041,"",17028,""
"201808","Ferries","NWFF","","","",0,"",,"",21,"",12824,""
"201808","Ferries","STF","","","",0,"",,"",10,"",5034,""
"201808","Ferries","LFS","","","",0,"",,"",44,"",12494,""
"201808","LRB","LRB","","","",503.0028,"",,"",143,"",16864,""
"201808","LRB","LRB","","","DD",,"",,"",132,"",,""
"201808","LRB","LRB","","","SD",,"",,"",11,"",,""
"201808","RS","RS","","","",3153.975,"",,"",1034,"",50223,""
"201808","TAX","TAX","","","",,"",,"",18145,"",79923,""
"201808","Fran_Bus","CTB","2","","DD",,"",,"",220,"",,""
"201808","Fran_Bus","CTB","2","","SD",,"",,"",0,"",,""
"201808","Fran_Bus","NWFB","","","",3545.5344,"",1475.1491,"",666,"",84669,""
"201808","Fran_Bus","NWFB","","","DD",,"",,"",649,"",,""
"201808","Fran_Bus","NWFB","","","SD",,"",,"",17,"",,""
"201808","Fran_Bus","LWB","","","",3217.772,"",,"",248,"",30335,""
"201808","Fran_Bus","LWB","","","DD",,"",,"",244,"",,""
"201808","Fran_Bus","LWB","","","SD",,"",,"",4,"",,""
"201809","Fran_Bus","CTB","1","","SD",,"",,"",38,"",,""
"201809","Fran_Bus","CTB","1","","DD",,"",,"",722,"",,""
"201809","Fran_Bus","CTB","2","","DD",,"",,"",225,"",,""
"201809","Fran_Bus","CTB","2","","SD",,"",,"",0,"",,""
"201809","Fran_Bus","NWFB","","","",3167.0877,"",1306.0922,"",663,"",84481,""
"201809","Fran_Bus","NWFB","","","DD",,"",,"",646,"",,""
"201809","Fran_Bus","NWFB","","","SD",,"",,"",17,"",,""
"201809","Fran_Bus","LWB","","","",2930.335,"",,"",249,"",30448,""
"201809","Fran_Bus","LWB","","","DD",,"",,"",245,"",,""
"201809","Fran_Bus","LWB","","","SD",,"",,"",4,"",,""
"201809","Fran_Bus","NLB","","","",661.639,"",,"",149,"",12594,""
"201809","Fran_Bus","NLB","","","DD",,"",,"",46,"",,""
"201809","Fran_Bus","NLB","","","SD",,"",,"",103,"",,""
"201809","Railways","MTRC","","Local","",2899.235,"",,"",1984,"",626624,""
"201809","Railways","MTRC","","Airport","",231.765,"",,"",77,"",7700,""
"201809","Railways","MTRC","","LRT","",640.086,"",,"",139,"",34055,""
"201809","Railways","HKT","","","",356.05363,"",,"",161,"",18515,""
"201809","PLB","GMB","","","",26172.316,"",,"",3296,"",54609,""
"201809","PLB","RMB","","","",,"",,"",1037,"",16970,""
"201809","Ferries","NWFF","","","",0,"",,"",21,"",12824,""
"201809","Ferries","STF","","","",0,"",,"",10,"",5034,""
"201809","Ferries","LFS","","","",0,"",,"",45,"",12693,""
"201809","LRB","LRB","","","",461.7694,"",,"",142,"",16742,""
"201809","LRB","LRB","","","DD",,"",,"",131,"",,""
"201809","LRB","LRB","","","SD",,"",,"",11,"",,""
"201809","RS","RS","","","",2971.521,"",,"",1040,"",50448,""
"201809","TAX","TAX","","","",,"",,"",18142,"",79780,""
"201809","Fran_Bus","KMB","","","",21704.728,"",2858.772,"",4105,"",533454,""
"201809","Fran_Bus","KMB","","","DD",,"",,"",3959,"",,""
"201809","Fran_Bus","KMB","","","SD",,"",,"",146,"",,""
"201809","Fran_Bus","CTB","1","","",3889.7863,"",1812.8718,"",760,"",96307,""
"201809","Fran_Bus","CTB","2","","",2190.6516,"",595.7132,"",225,"",29454,""
"201810","Fran_Bus","CTB","1","","SD",,"",,"",37,"",,""
"201810","Fran_Bus","CTB","2","","",2488.4253,"",689.0207,"",233,"",30564,""
"201810","Fran_Bus","CTB","2","","DD",,"",,"",233,"",,""
"201810","Fran_Bus","CTB","2","","SD",,"",,"",0,"",,""
"201810","Fran_Bus","NWFB","","","",3538.772,"",1451.4452,"",661,"",84330,""
"201810","Fran_Bus","NWFB","","","DD",,"",,"",644,"",,""
"201810","Fran_Bus","NWFB","","","SD",,"",,"",17,"",,""
"201810","Fran_Bus","LWB","","","",3221.9,"",,"",261,"",31876,""
"201810","Fran_Bus","LWB","","","DD",,"",,"",257,"",,""
"201810","Fran_Bus","LWB","","","SD",,"",,"",4,"",,""
"201810","Fran_Bus","NLB","","","",757.156,"",,"",155,"",13147,""
"201810","Fran_Bus","NLB","","","DD",,"",,"",53,"",,""
"201810","Fran_Bus","NLB","","","SD",,"",,"",102,"",,""
"201810","Railways","MTRC","","Local","",3205.024,"",,"",1984,"",626624,""
"201810","Railways","MTRC","","Airport","",247.294,"",,"",77,"",7700,""
"201810","Railways","MTRC","","LRT","",687.185,"",,"",139,"",34055,""
"201810","Railways","HKT","","","",378.29945,"",,"",161,"",18515,""
"201810","PLB","GMB","","","",27955.802,"",,"",3295,"",54725,""
"201810","PLB","RMB","","","",,"",,"",1036,"",16969,""
"201810","Ferries","NWFF","","","",0,"",,"",21,"",12824,""
"201810","Ferries","STF","","","",0,"",,"",10,"",5034,""
"201810","Ferries","LFS","","","",0,"",,"",44,"",12291,""
"201810","LRB","LRB","","","",499.3979,"",,"",143,"",16864,""
"201810","LRB","LRB","","","DD",,"",,"",132,"",,""
"201810","LRB","LRB","","","SD",,"",,"",11,"",,""
"201810","RS","RS","","","",3098.965,"",,"",1065,"",51631,""
"201810","TAX","TAX","","","",,"",,"",18145,"",79656,""
"201810","Fran_Bus","KMB","","","",24178.727,"",3151.406,"",4091,"",531598,""
"201810","Fran_Bus","KMB","","","DD",,"",,"",3945,"",,""
"201810","Fran_Bus","KMB","","","SD",,"",,"",146,"",,""
"201810","Fran_Bus","CTB","1","","",4316.1958,"",1998.4897,"",749,"",95092,""
"201810","Fran_Bus","CTB","1","","DD",,"",,"",712,"",,""
"201811","Fran_Bus","KMB","","","",23550.429,"",3097.134,"",4096,"",532337,""
"201811","Fran_Bus","KMB","","","DD",,"",,"",3949,"",,""
"201811","TAX","TAX","","","",,"",,"",18137,"",79511,""
"201811","RS","RS","","","",3064.528,"",,"",1084,"",52536,""
"201811","LRB","LRB","","","SD",,"",,"",11,"",,""
"201811","LRB","LRB","","","DD",,"",,"",132,"",,""
"201811","LRB","LRB","","","",487.3409,"",,"",143,"",16864,""
"201811","Ferries","LFS","","","",0,"",,"",45,"",12693,""
"201811","Ferries","STF","","","",0,"",,"",10,"",5034,""
"201811","Ferries","NWFF","","","",0,"",,"",21,"",12824,""
"201811","PLB","RMB","","","",,"",,"",1031,"",16910,""
"201811","PLB","GMB","","","",27127.664,"",,"",3294,"",54832,""
"201811","Railways","HKT","","","",370.41924,"",,"",161,"",18515,""
"201811","Railways","MTRC","","LRT","",666.561,"",,"",139,"",34055,""
"201811","Railways","MTRC","","Airport","",239.321,"",,"",77,"",7700,""
"201811","Railways","MTRC","","Local","",3135.429,"",,"",1984,"",626624,""
"201811","Fran_Bus","NLB","","","SD",,"",,"",102,"",,""
"201811","Fran_Bus","NLB","","","DD",,"",,"",53,"",,""
"201811","Fran_Bus","NLB","","","",809.077,"",,"",155,"",13133,""
"201811","Fran_Bus","LWB","","","SD",,"",,"",4,"",,""
"201811","Fran_Bus","LWB","","","DD",,"",,"",257,"",,""
"201811","Fran_Bus","LWB","","","",3078.184,"",,"",261,"",31876,""
"201811","Fran_Bus","NWFB","","","SD",,"",,"",17,"",,""
"201811","Fran_Bus","NWFB","","","DD",,"",,"",645,"",,""
"201811","Fran_Bus","NWFB","","","",3427.7805,"",1409.2902,"",662,"",84541,""
"201811","Fran_Bus","CTB","2","","SD",,"",,"",0,"",,""
"201811","Fran_Bus","CTB","2","","DD",,"",,"",233,"",,""
"201811","Fran_Bus","CTB","2","","",2586.9491,"",680.353,"",233,"",30564,""
"201811","Fran_Bus","CTB","1","","SD",,"",,"",38,"",,""
"201811","Fran_Bus","CTB","1","","DD",,"",,"",718,"",,""
"201811","Fran_Bus","CTB","1","","",4174.0579,"",1952.4726,"",756,"",95969,""
"201811","Fran_Bus","KMB","","","SD",,"",,"",147,"",,""
"201812","PLB","RMB","","","",,"",,"",1028,"",16877,""
"201812","LRB","LRB","","","",500.1491,"",,"",143,"",16864,""
"201812","Railways","HKT","","","",384.795,"",,"",161,"",18515,""
"201812","Railways","MTRC","","LRT","",686.689,"",,"",139,"",34055,""
"201812","Railways","MTRC","","Airport","",247.122,"",,"",77,"",7700,""
"201812","Railways","MTRC","","Local","",3245.226,"",,"",1988,"",627964,""
"201812","Fran_Bus","NLB","","","SD",,"",,"",102,"",,""
"201812","Fran_Bus","NLB","","","DD",,"",,"",53,"",,""
"201812","Fran_Bus","NLB","","","",843.452,"",,"",155,"",13133,""
"201812","Fran_Bus","LWB","","","SD",,"",,"",4,"",,""
"201812","Fran_Bus","LWB","","","DD",,"",,"",257,"",,""
"201812","Fran_Bus","LWB","","","",3133.754,"",,"",261,"",31876,""
"201812","Fran_Bus","NWFB","","","SD",,"",,"",17,"",,""
"201812","Fran_Bus","NWFB","","","DD",,"",,"",646,"",,""
"201812","Fran_Bus","NWFB","","","",3466.6732,"",1415.4053,"",663,"",84825,""
"201812","Fran_Bus","CTB","2","","SD",,"",,"",0,"",,""
"201812","Fran_Bus","CTB","2","","DD",,"",,"",233,"",,""
"201812","Fran_Bus","CTB","2","","",2660.8654,"",700.6717,"",233,"",30564,""
"201812","Fran_Bus","CTB","1","","SD",,"",,"",38,"",,""
"201812","Fran_Bus","CTB","1","","DD",,"",,"",707,"",,""
"201812","Fran_Bus","CTB","1","","",4311.9379,"",2036.7036,"",745,"",94622,""
"201812","Fran_Bus","KMB","","","SD",,"",,"",147,"",,""
"201812","Fran_Bus","KMB","","","DD",,"",,"",3947,"",,""
"201812","Fran_Bus","KMB","","","",24292.755,"",3192.438,"",4094,"",532011,""
"201812","TAX","TAX","","","",,"",,"",18143,"",79432,""
"201812","RS","RS","","","",3111.523,"",,"",1078,"",52416,""
"201812","LRB","LRB","","","SD",,"",,"",11,"",,""
"201812","LRB","LRB","","","DD",,"",,"",132,"",,""
"201812","Ferries","LFS","","","",0,"",,"",45,"",12693,""
"201812","Ferries","STF","","","",0,"",,"",10,"",5034,""
"201812","Ferries","NWFF","","","",0,"",,"",21,"",12824,""
"201812","PLB","GMB","","","",27811.062,"",,"",3295,"",54938,""
"201901","Fran_Bus","KMB","","","",24428.703,"",3216.193,"",4088,"",531328,""
"201901","Fran_Bus","KMB","","","DD",,"",,"",3940,"",,""
"201901","Fran_Bus","KMB","","","SD",,"",,"",148,"",,""
"201901","Fran_Bus","CTB","1","","",4386.7867,"",2076.8591,"",755,"",95847,""
"201901","Fran_Bus","CTB","1","","DD",,"",,"",717,"",,""
"201901","Fran_Bus","CTB","1","","SD",,"",,"",38,"",,""
"201901","Fran_Bus","CTB","2","","",2685.7046,"",706.6632,"",232,"",30444,""
"201901","Fran_Bus","CTB","2","","DD",,"",,"",232,"",,""
"201901","Fran_Bus","CTB","2","","SD",,"",,"",0,"",,""
"201901","Fran_Bus","NWFB","","","",3591.2651,"",1477.8108,"",674,"",86389,""
"201901","Fran_Bus","NWFB","","","DD",,"",,"",657,"",,""
"201901","Fran_Bus","NWFB","","","SD",,"",,"",17,"",,""
"201901","Fran_Bus","LWB","","","",3109.96,"",,"",264,"",32263,""
"201901","Fran_Bus","LWB","","","DD",,"",,"",260,"",,""
"201901","Fran_Bus","LWB","","","SD",,"",,"",4,"",,""
"201901","Fran_Bus","NLB","","","",825.403,"",,"",154,"",13070,""
"201901","Fran_Bus","NLB","","","DD",,"",,"",53,"",,""
"201901","Fran_Bus","NLB","","","SD",,"",,"",101,"",,""
"201901","Railways","MTRC","","Local","",3227.623,"",,"",1988,"",627964,""
"201901","Railways","MTRC","","Airport","",246.458,"",,"",77,"",7700,""
"201901","Railways","MTRC","","LRT","",688.077,"",,"",139,"",34055,""
"201901","Railways","HKT","","","",383.82229,"",,"",161,"",18515,""
"201901","PLB","GMB","","","",27953.298,"",,"",3288,"",54910,""
"201901","PLB","RMB","","","",,"",,"",1033,"",16972,""
"201901","Ferries","NWFF","","","",0,"",,"",21,"",12824,""
"201901","Ferries","STF","","","",0,"",,"",10,"",5034,""
"201901","Ferries","LFS","","","",0,"",,"",45,"",12693,""
"201901","LRB","LRB","","","",504.8762,"",,"",143,"",16864,""
"201901","LRB","LRB","","","DD",,"",,"",132,"",,""
"201901","LRB","LRB","","","SD",,"",,"",11,"",,""
"201901","RS","RS","","","",3191.256,"",,"",1080,"",52334,""
"201901","TAX","TAX","","","",,"",,"",18143,"",79356,""
"201902","Fran_Bus","KMB","","","",21690.455,"",2849.629,"",4063,"",528092,""
"201902","Fran_Bus","KMB","","","DD",,"",,"",3915,"",,""
"201902","Fran_Bus","KMB","","","SD",,"",,"",148,"",,""
"201902","Fran_Bus","CTB","1","","",3884.212,"",1849.2283,"",761,"",96640,""
"201902","Fran_Bus","CTB","1","","DD",,"",,"",723,"",,""
"201902","Fran_Bus","CTB","1","","SD",,"",,"",38,"",,""
"201902","Fran_Bus","CTB","2","","",2421.5658,"",636.0016,"",232,"",30424,""
"201902","Fran_Bus","CTB","2","","DD",,"",,"",232,"",,""
"201902","Fran_Bus","CTB","2","","SD",,"",,"",0,"",,""
"201902","Fran_Bus","NWFB","","","",3192.9355,"",1312.8176,"",684,"",87761,""
"201902","Fran_Bus","NWFB","","","DD",,"",,"",667,"",,""
"201902","Fran_Bus","NWFB","","","SD",,"",,"",17,"",,""
"201902","Fran_Bus","LWB","","","",2794.515,"",,"",274,"",33593,""
"201902","Fran_Bus","LWB","","","DD",,"",,"",270,"",,""
"201902","Fran_Bus","LWB","","","SD",,"",,"",4,"",,""
"201902","Fran_Bus","NLB","","","",808.468,"",,"",153,"",13007,""
"201902","Fran_Bus","NLB","","","DD",,"",,"",53,"",,""
"201902","Fran_Bus","NLB","","","SD",,"",,"",100,"",,""
"201902","Railways","MTRC","","Local","",2916.926,"",,"",1988,"",627964,""
"201902","Railways","MTRC","","Airport","",223.311,"",,"",77,"",7700,""
"201902","Railways","MTRC","","LRT","",617.013,"",,"",139,"",34055,""
"201902","Railways","HKT","","","",327.92328,"",,"",161,"",18515,""
"201902","PLB","GMB","","","",24899.944,"",,"",3299,"",55185,""
"201902","PLB","RMB","","","",,"",,"",1027,"",16882,""
"201902","Ferries","NWFF","","","",0,"",,"",21,"",12824,""
"201902","Ferries","STF","","","",0,"",,"",10,"",5034,""
"201902","Ferries","LFS","","","",0,"",,"",44,"",12291,""
"201902","LRB","LRB","","","",446.8428,"",,"",143,"",16864,""
"201902","LRB","LRB","","","DD",,"",,"",132,"",,""
"201902","LRB","LRB","","","SD",,"",,"",11,"",,""
"201902","RS","RS","","","",2817.847,"",,"",1072,"",52052,""
"201902","TAX","TAX","","","",,"",,"",18143,"",79277,""
"201903","Fran_Bus","KMB","","","",24303.801,"",3191.607,"",4059,"",528087,""
"201903","Fran_Bus","KMB","","","DD",,"",,"",3913,"",,""
"201903","Fran_Bus","KMB","","","SD",,"",,"",146,"",,""
"201903","Fran_Bus","CTB","1","","",4313.4826,"",2054.9551,"",759,"",96353,""
"201903","Fran_Bus","CTB","1","","DD",,"",,"",721,"",,""
"201903","Fran_Bus","CTB","1","","SD",,"",,"",38,"",,""
"201903","Fran_Bus","CTB","2","","",2636.1211,"",681.041,"",233,"",30564,""
"201903","Fran_Bus","CTB","2","","DD",,"",,"",233,"",,""
"201903","Fran_Bus","CTB","2","","SD",,"",,"",0,"",,""
"201903","Fran_Bus","NWFB","","","",3502.5127,"",1435.0869,"",687,"",88225,""
"201903","Fran_Bus","NWFB","","","DD",,"",,"",670,"",,""
"201903","Fran_Bus","NWFB","","","SD",,"",,"",17,"",,""
"201903","Fran_Bus","LWB","","","",3183.746,"",,"",278,"",34109,""
"201903","Fran_Bus","LWB","","","DD",,"",,"",274,"",,""
"201903","Fran_Bus","LWB","","","SD",,"",,"",4,"",,""
"201903","Fran_Bus","NLB","","","",847.693,"",,"",152,"",12944,""
"201903","Fran_Bus","NLB","","","DD",,"",,"",53,"",,""
"201903","Fran_Bus","NLB","","","SD",,"",,"",99,"",,""
"201903","Railways","MTRC","","Local","",3217.197,"",,"",1988,"",627964,""
"201903","Railways","MTRC","","Airport","",245.35,"",,"",77,"",7700,""
"201903","Railways","MTRC","","LRT","",687.301,"",,"",139,"",34055,""
"201903","Railways","HKT","","","",375.17954,"",,"",161,"",18515,""
"201903","PLB","GMB","","","",27837.34,"",,"",3294,"",55225,""
"201903","PLB","RMB","","","",,"",,"",1030,"",16942,""
"201903","Ferries","NWFF","","","",0,"",,"",21,"",12824,""
"201903","Ferries","STF","","","",0,"",,"",10,"",5034,""
"201903","Ferries","LFS","","","",0,"",,"",45,"",12693,""
"201903","LRB","LRB","","","",500.9642,"",,"",144,"",16985,""
"201903","LRB","LRB","","","DD",,"",,"",133,"",,""
"201903","LRB","LRB","","","SD",,"",,"",11,"",,""
"201903","RS","RS","","","",3139.941,"",,"",1072,"",52259,""
"201903","TAX","TAX","","","",,"",,"",18147,"",79172,""
"201904","Fran_Bus","KMB","","","",23638.456,"",3015.2,"",4052,"",527762,""
"201904","Fran_Bus","KMB","","","DD",,"",,"",3912,"",,""
"201904","Fran_Bus","KMB","","","SD",,"",,"",140,"",,""
"201904","Fran_Bus","CTB","1","","",4183.8347,"",1977.4968,"",760,"",96421,""
"201904","Fran_Bus","CTB","1","","DD",,"",,"",722,"",,""
"201904","Fran_Bus","CTB","1","","SD",,"",,"",38,"",,""
"201904","Fran_Bus","CTB","2","","",2556.3595,"",654.7616,"",230,"",30160,""
"201904","Fran_Bus","CTB","2","","DD",,"",,"",230,"",,""
"201904","Fran_Bus","CTB","2","","SD",,"",,"",0,"",,""
"201904","Fran_Bus","NWFB","","","",3409.5442,"",1383.6524,"",688,"",88352,""
"201904","Fran_Bus","NWFB","","","DD",,"",,"",671,"",,""
"201904","Fran_Bus","NWFB","","","SD",,"",,"",17,"",,""
"201904","Fran_Bus","LWB","","","",3079.948,"",,"",277,"",33991,""
"201904","Fran_Bus","LWB","","","DD",,"",,"",273,"",,""
"201904","Fran_Bus","LWB","","","SD",,"",,"",4,"",,""
"201904","Fran_Bus","NLB","","","",814.5977,"",,"",151,"",12881,""
"201904","Fran_Bus","NLB","","","DD",,"",,"",53,"",,""
"201904","Fran_Bus","NLB","","","SD",,"",,"",98,"",,""
"201904","Railways","MTRC","","Local","",3081.813,"",,"",1988,"",627964,""
"201904","Railways","MTRC","","Airport","",239.807,"",,"",77,"",7700,""
"201904","Railways","MTRC","","LRT","",659.684,"",,"",139,"",34055,""
"201904","Railways","HKT","","","",360.77105,"",,"",161,"",18515,""
"201904","PLB","GMB","","","",26932.762,"",,"",3306,"",55564,""
"201904","PLB","RMB","","","",,"",,"",1019,"",16775,""
"201904","Ferries","NWFF","","","",0,"",,"",21,"",12824,""
"201904","Ferries","STF","","","",0,"",,"",10,"",5034,""
"201904","Ferries","LFS","","","",0,"",,"",44,"",12470,""
"201904","LRB","LRB","","","",477.4568,"",,"",144,"",16985,""
"201904","LRB","LRB","","","DD",,"",,"",133,"",,""
"201904","LRB","LRB","","","SD",,"",,"",11,"",,""
"201904","RS","RS","","","",2989.578,"",,"",1074,"",52289,""
"201904","TAX","TAX","","","",,"",,"",18142,"",79051,""
"201905","RS","RS","","","",3117.189,"",,"",1079,"",52672,""
"201905","TAX","TAX","","","",,"",,"",18124,"",78872,""
"201905","Fran_Bus","KMB","","","",24514.7,"",3134.521,"",4068,"",530209,""
"201905","Fran_Bus","KMB","","","DD",,"",,"",3926,"",,""
"201905","Fran_Bus","KMB","","","SD",,"",,"",142,"",,""
"201905","Fran_Bus","CTB","1","","",4362.1429,"",2058.1063,"",757,"",96035,""
"201905","Fran_Bus","CTB","1","","DD",,"",,"",720,"",,""
"201905","Fran_Bus","CTB","1","","SD",,"",,"",37,"",,""
"201905","Fran_Bus","CTB","2","","",2642.219,"",683.0173,"",231,"",30324,""
"201905","Fran_Bus","CTB","2","","DD",,"",,"",231,"",,""
"201905","Fran_Bus","CTB","2","","SD",,"",,"",0,"",,""
"201905","Fran_Bus","NWFB","","","",3537.1412,"",1424.0828,"",688,"",88348,""
"201905","Fran_Bus","NWFB","","","DD",,"",,"",671,"",,""
"201905","Fran_Bus","NWFB","","","SD",,"",,"",17,"",,""
"201905","Fran_Bus","LWB","","","",3205.376,"",,"",277,"",33991,""
"201905","Fran_Bus","LWB","","","DD",,"",,"",273,"",,""
"201905","Fran_Bus","LWB","","","SD",,"",,"",4,"",,""
"201905","Fran_Bus","NLB","","","",838.141,"",,"",156,"",13531,""
"201905","Fran_Bus","NLB","","","DD",,"",,"",58,"",,""
"201905","Fran_Bus","NLB","","","SD",,"",,"",98,"",,""
"201905","Railways","MTRC","","Local","",3227.136,"",,"",1988,"",627964,""
"201905","Railways","MTRC","","Airport","",246.389,"",,"",77,"",7700,""
"201905","Railways","MTRC","","LRT","",687.244,"",,"",139,"",34055,""
"201905","Railways","HKT","","","",380.01584,"",,"",161,"",18515,""
"201905","PLB","GMB","","","",27873.885,"",,"",3298,"",55589,""
"201905","PLB","RMB","","","",,"",,"",1020,"",16815,""
"201905","Ferries","NWFF","","","",0,"",,"",21,"",12824,""
"201905","Ferries","STF","","","",0,"",,"",10,"",5034,""
"201905","Ferries","LFS","","","",0,"",,"",45,"",12693,""
"201905","LRB","LRB","","","",499.0597,"",,"",144,"",16985,""
"201905","LRB","LRB","","","DD",,"",,"",133,"",,""
"201905","LRB","LRB","","","SD",,"",,"",11,"",,""
"201906","Fran_Bus","KMB","","","",23539.424,"",2944.449,"",4055,"",528637,""
"201906","Fran_Bus","KMB","","","DD",,"",,"",3914,"",,""
"201906","Fran_Bus","KMB","","","SD",,"",,"",141,"",,""
"201906","Fran_Bus","CTB","1","","",4134.9174,"",1960.8255,"",756,"",95877,""
"201906","Fran_Bus","CTB","1","","DD",,"",,"",719,"",,""
"201906","Fran_Bus","CTB","1","","SD",,"",,"",37,"",,""
"201906","Fran_Bus","CTB","2","","",2535.7749,"",641.2764,"",222,"",29214,""
"201906","Fran_Bus","CTB","2","","DD",,"",,"",222,"",,""
"201906","Fran_Bus","CTB","2","","SD",,"",,"",0,"",,""
"201906","Fran_Bus","NWFB","","","",3388.6582,"",1376.8346,"",690,"",88620,""
"201906","Fran_Bus","NWFB","","","DD",,"",,"",673,"",,""
"201906","Fran_Bus","NWFB","","","SD",,"",,"",17,"",,""
"201906","Fran_Bus","LWB","","","",3088.271,"",,"",275,"",33743,""
"201906","Fran_Bus","LWB","","","DD",,"",,"",271,"",,""
"201906","Fran_Bus","LWB","","","SD",,"",,"",4,"",,""
"201906","Fran_Bus","NLB","","","",810.743,"",,"",156,"",13531,""
"201906","Fran_Bus","NLB","","","DD",,"",,"",58,"",,""
"201906","Fran_Bus","NLB","","","SD",,"",,"",98,"",,""
"201906","Railways","MTRC","","Local","",3103.638,"",,"",1988,"",627964,""
"201906","Railways","MTRC","","Airport","",238.272,"",,"",77,"",7700,""
"201906","Railways","MTRC","","LRT","",660.992,"",,"",139,"",34055,""
"201906","Railways","HKT","","","",349.23195,"",,"",161,"",18515,""
"201906","PLB","GMB","","","",27051.604,"",,"",3300,"",55735,""
"201906","PLB","RMB","","","",,"",,"",1028,"",16958,""
"201906","Ferries","NWFF","","","",0,"",,"",21,"",12824,""
"201906","Ferries","STF","","","",0,"",,"",10,"",5034,""
"201906","Ferries","LFS","","","",0,"",,"",46,"",12786,""
"201906","LRB","LRB","","","",481.6535,"",,"",144,"",16985,""
"201906","LRB","LRB","","","DD",,"",,"",133,"",,""
"201906","LRB","LRB","","","SD",,"",,"",11,"",,""
"201906","RS","RS","","","",3006.817,"",,"",1080,"",52763,""
"201906","TAX","TAX","","","",,"",,"",18131,"",78818,""
"201907","Fran_Bus","NWFB","","","DD",,"",,"",673,"",,""
"201907","Fran_Bus","NWFB","","","SD",,"",,"",17,"",,""
"201907","Fran_Bus","LWB","","","",3202.265,"",,"",276,"",33851,""
"201907","Fran_Bus","LWB","","","DD",,"",,"",272,"",,""
"201907","Fran_Bus","LWB","","","SD",,"",,"",4,"",,""
"201907","Fran_Bus","NLB","","","",808.592,"",,"",156,"",13531,""
"201907","Fran_Bus","NLB","","","DD",,"",,"",58,"",,""
"201907","Fran_Bus","NLB","","","SD",,"",,"",98,"",,""
"201907","Railways","MTRC","","Local","",3191.493,"",,"",1988,"",627964,""
"201907","Railways","MTRC","","Airport","",247.095,"",,"",77,"",7700,""
"201907","Railways","MTRC","","LRT","",633.43,"",,"",139,"",34055,""
"201907","Railways","HKT","","","",348.65818,"",,"",161,"",18515,""
"201907","PLB","GMB","","","",27659.945,"",,"",3297,"",55813,""
"201907","PLB","RMB","","","",,"",,"",1030,"",17008,""
"201907","Ferries","NWFF","","","",0,"",,"",21,"",12824,""
"201907","Ferries","STF","","","",0,"",,"",10,"",5034,""
"201907","Ferries","LFS","","","",0,"",,"",46,"",12786,""
"201907","LRB","LRB","","","",494.5846,"",,"",144,"",16985,""
"201907","LRB","LRB","","","DD",,"",,"",133,"",,""
"201907","LRB","LRB","","","SD",,"",,"",11,"",,""
"201907","RS","RS","","","",3130.9,"",,"",1092,"",53546,""
"201907","TAX","TAX","","","",,"",,"",18137,"",78744,""
"201907","Fran_Bus","KMB","","","",24088.81,"",3078.268,"",4047,"",528147,""
"201907","Fran_Bus","KMB","","","DD",,"",,"",3906,"",,""
"201907","Fran_Bus","KMB","","","SD",,"",,"",141,"",,""
"201907","Fran_Bus","CTB","1","","",4272.5533,"",2034.944,"",754,"",95608,""
"201907","Fran_Bus","CTB","1","","DD",,"",,"",717,"",,""
"201907","Fran_Bus","CTB","1","","SD",,"",,"",37,"",,""
"201907","Fran_Bus","CTB","2","","",2598.0237,"",669.1386,"",228,"",29938,""
"201907","Fran_Bus","CTB","2","","DD",,"",,"",228,"",,""
"201907","Fran_Bus","CTB","2","","SD",,"",,"",0,"",,""
"201907","Fran_Bus","NWFB","","","",3486.2566,"",1414.0839,"",690,"",88710,""
"201908","Fran_Bus","KMB","","","",23863.321,"",3016.932,"",4046,"",528638,""
"201908","Fran_Bus","KMB","","","DD",,"",,"",3904,"",,""
"201908","Fran_Bus","KMB","","","SD",,"",,"",142,"",,""
"201908","Fran_Bus","CTB","1","","",4257.771,"",2025.2036,"",750,"",95099,""
"201908","Fran_Bus","CTB","1","","DD",,"",,"",713,"",,""
"201908","Fran_Bus","CTB","1","","SD",,"",,"",37,"",,""
"201908","Fran_Bus","CTB","2","","",2589.1019,"",661.9226,"",232,"",30442,""
"201908","Fran_Bus","CTB","2","","DD",,"",,"",232,"",,""
"201908","Fran_Bus","CTB","2","","SD",,"",,"",0,"",,""
"201908","Fran_Bus","NWFB","","","",3439.1147,"",1399.1678,"",685,"",88021,""
"201908","Fran_Bus","NWFB","","","DD",,"",,"",668,"",,""
"201908","Fran_Bus","NWFB","","","SD",,"",,"",17,"",,""
"201908","Fran_Bus","LWB","","","",3223.927,"",,"",275,"",33750,""
"201908","Fran_Bus","LWB","","","DD",,"",,"",271,"",,""
"201908","Fran_Bus","LWB","","","SD",,"",,"",4,"",,""
"201908","Fran_Bus","NLB","","","",790.618,"",,"",156,"",13531,""
"201908","Fran_Bus","NLB","","","DD",,"",,"",58,"",,""
"201908","Fran_Bus","NLB","","","SD",,"",,"",98,"",,""
"201908","Railways","MTRC","","Local","",3207.822,"",,"",1988,"",627964,""
"201908","Railways","MTRC","","Airport","",228.2,"",,"",77,"",7700,""
"201908","Railways","MTRC","","LRT","",630.938,"",,"",139,"",34055,""
"201908","Railways","HKT","","","",346.97003,"",,"",161,"",18515,""
"201908","PLB","GMB","","","",27512.394,"",,"",3298,"",55943,""
"201908","PLB","RMB","","","",,"",,"",1028,"",16979,""
"201908","Ferries","NWFF","","","",0,"",,"",21,"",12824,""
"201908","Ferries","STF","","","",0,"",,"",10,"",5034,""
"201908","Ferries","LFS","","","",0,"",,"",46,"",12786,""
"201908","LRB","LRB","","","",499.4254,"",,"",144,"",16985,""
"201908","LRB","LRB","","","DD",,"",,"",133,"",,""
"201908","LRB","LRB","","","SD",,"",,"",11,"",,""
"201908","RS","RS","","","",3096.825,"",,"",1082,"",52875,""
"201908","TAX","TAX","","","",,"",,"",18140,"",78673,""
"201909","PLB","GMB","","","",27019.073,"",,"",3299,"",56028,""
"201909","PLB","RMB","","","",,"",,"",1028,"",16982,""
"201909","Ferries","NWFF","","","",0,"",,"",21,"",12824,""
"201909","Ferries","STF","","","",0,"",,"",10,"",5034,""
"201909","Ferries","LFS","","","",0,"",,"",46,"",12786,""
"201909","LRB","LRB","","","",480.3263,"",,"",144,"",16985,""
"201909","LRB","LRB","","","DD",,"",,"",133,"",,""
"201909","LRB","LRB","","","SD",,"",,"",11,"",,""
"201909","RS","RS","","","",3092.802,"",,"",1088,"",52835,""
"201909","TAX","TAX","","","",,"",,"",18135,"",78569,""
"201909","Fran_Bus","KMB","","","",23509.615,"",2974.566,"",4052,"",529343,""
"201909","Fran_Bus","KMB","","","DD",,"",,"",3910,"",,""
"201909","Fran_Bus","KMB","","","SD",,"",,"",142,"",,""
"201909","Fran_Bus","CTB","1","","",4136.0641,"",1980.7064,"",745,"",94527,""
"201909","Fran_Bus","CTB","1","","DD",,"",,"",710,"",,""
"201909","Fran_Bus","CTB","1","","SD",,"",,"",35,"",,""
"201909","Fran_Bus","CTB","2","","",2473.7413,"",626.9861,"",230,"",30202,""
"201909","Fran_Bus","CTB","2","","DD",,"",,"",230,"",,""
"201909","Fran_Bus","CTB","2","","SD",,"",,"",0,"",,""
"201909","Fran_Bus","NWFB","","","",3376.2976,"",1380.1029,"",680,"",87382,""
"201909","Fran_Bus","NWFB","","","DD",,"",,"",663,"",,""
"201909","Fran_Bus","NWFB","","","SD",,"",,"",17,"",,""
"201909","Fran_Bus","LWB","","","",3150.536,"",,"",276,"",33863,""
"201909","Fran_Bus","LWB","","","DD",,"",,"",272,"",,""
"201909","Fran_Bus","LWB","","","SD",,"",,"",4,"",,""
"201909","Fran_Bus","NLB","","","",777.706,"",,"",156,"",13531,""
"201909","Fran_Bus","NLB","","","DD",,"",,"",58,"",,""
"201909","Fran_Bus","NLB","","","SD",,"",,"",98,"",,""
"201909","Railways","MTRC","","Local","",3088.665,"",,"",1988,"",627964,""
"201909","Railways","MTRC","","Airport","",233.771,"",,"",77,"",7700,""
"201909","Railways","MTRC","","LRT","",623.938,"",,"",139,"",34055,""
"201909","Railways","HKT","","","",349.23898,"",,"",161,"",18515,""
"201910","Fran_Bus","KMB","","","",23362.599,"",3028.753,"",4037,"",527443,""
"201910","Fran_Bus","KMB","","","DD",,"",,"",3895,"",,""
"201910","Fran_Bus","KMB","","","SD",,"",,"",142,"",,""
"201910","Fran_Bus","CTB","1","","",4243.5995,"",2031.0145,"",760,"",96523,""
"201910","Fran_Bus","CTB","1","","DD",,"",,"",723,"",,""
"201910","Fran_Bus","CTB","1","","SD",,"",,"",37,"",,""
"201910","Fran_Bus","CTB","2","","",2518.8293,"",648.224,"",233,"",30555,""
"201910","Fran_Bus","CTB","2","","DD",,"",,"",233,"",,""
"201910","Fran_Bus","CTB","2","","SD",,"",,"",0,"",,""
"201910","Fran_Bus","NWFB","","","",3430.4733,"",1397.7086,"",681,"",87514,""
"201910","Fran_Bus","NWFB","","","DD",,"",,"",664,"",,""
"201910","Fran_Bus","NWFB","","","SD",,"",,"",17,"",,""
"201910","Fran_Bus","LWB","","","",3306.397,"",,"",277,"",33986,""
"201910","Fran_Bus","LWB","","","DD",,"",,"",273,"",,""
"201910","Fran_Bus","LWB","","","SD",,"",,"",4,"",,""
"201910","Fran_Bus","NLB","","","",788.56,"",,"",156,"",13531,""
"201910","Fran_Bus","NLB","","","DD",,"",,"",58,"",,""
"201910","Fran_Bus","NLB","","","SD",,"",,"",98,"",,""
"201910","Railways","MTRC","","Local","",2734.745,"",,"",1988,"",627964,""
"201910","Railways","MTRC","","Airport","",239.892,"",,"",77,"",7700,""
"201910","Railways","MTRC","","LRT","",421.845,"",,"",139,"",34055,""
"201910","Railways","HKT","","","",342.54341,"",,"",161,"",18515,""
"201910","PLB","GMB","","","",27426.843,"",,"",3297,"",56110,""
"201910","PLB","RMB","","","",,"",,"",1025,"",16946,""
"201910","Ferries","NWFF","","","",0,"",,"",21,"",12824,""
"201910","Ferries","STF","","","",0,"",,"",10,"",5034,""
"201910","Ferries","LFS","","","",0,"",,"",45,"",12563,""
"201910","LRB","LRB","","","",445.7448,"",,"",144,"",16985,""
"201910","LRB","LRB","","","DD",,"",,"",133,"",,""
"201910","LRB","LRB","","","SD",,"",,"",11,"",,""
"201910","RS","RS","","","",3165.674,"",,"",1079,"",52726,""
"201910","TAX","TAX","","","",,"",,"",18134,"",78463,""
"201911","RS","RS","","","",3113.095,"",,"",1082,"",52847,""
"201911","TAX","TAX","","","",,"",,"",18134,"",78401,""
"201911","LRB","LRB","","","DD",,"",,"",133,"",,""
"201911","LRB","LRB","","","",439.5376,"",,"",144,"",16985,""
"201911","Ferries","LFS","","","",0,"",,"",47,"",13183,""
"201911","Ferries","STF","","","",0,"",,"",10,"",5034,""
"201911","Ferries","NWFF","","","",0,"",,"",21,"",12824,""
"201911","PLB","RMB","","","",,"",,"",1025,"",16958,""
"201911","PLB","GMB","","","",26395.584,"",,"",3295,"",56156,""
"201911","Railways","HKT","","","",314.94072,"",,"",161,"",18515,""
"201911","Railways","MTRC","","LRT","",399.081,"",,"",139,"",34055,""
"201911","Railways","MTRC","","Airport","",235.712,"",,"",77,"",7700,""
"201911","Railways","MTRC","","Local","",2735.289,"",,"",1988,"",627964,""
"201911","Fran_Bus","NLB","","","SD",,"",,"",98,"",,""
"201911","Fran_Bus","NLB","","","DD",,"",,"",58,"",,""
"201911","Fran_Bus","NLB","","","",709.34,"",,"",156,"",13531,""
"201911","Fran_Bus","LWB","","","SD",,"",,"",4,"",,""
"201911","Fran_Bus","LWB","","","DD",,"",,"",275,"",,""
"201911","Fran_Bus","LWB","","","",3029.594,"",,"",279,"",34227,""
"201911","Fran_Bus","NWFB","","","SD",,"",,"",17,"",,""
"201911","Fran_Bus","NWFB","","","DD",,"",,"",665,"",,""
"201911","Fran_Bus","NWFB","","","",2928.8379,"",1096.1783,"",682,"",87647,""
"201911","Fran_Bus","CTB","2","","SD",,"",,"",0,"",,""
"201911","Fran_Bus","CTB","2","","DD",,"",,"",236,"",,""
"201911","Fran_Bus","CTB","2","","",2269.6738,"",608.4452,"",236,"",30954,""
"201911","Fran_Bus","CTB","1","","SD",,"",,"",37,"",,""
"201911","Fran_Bus","CTB","1","","DD",,"",,"",721,"",,""
"201911","Fran_Bus","CTB","1","","",3776.172,"",1722.0343,"",758,"",96347,""
"201911","Fran_Bus","KMB","","","SD",,"",,"",141,"",,""
"201911","Fran_Bus","KMB","","","DD",,"",,"",3906,"",,""
"201911","Fran_Bus","KMB","","","",20062.306,"",2300.242,"",4047,"",529049,""
"201911","LRB","LRB","","","SD",,"",,"",11,"",,""
"201912","TAX","TAX","","","",,"",,"",18132,"",78339,""
"201912","RS","RS","","","",3169.59,"",,"",1092,"",53439,""
"201912","LRB","LRB","","","SD",,"",,"",11,"",,""
"201912","LRB","LRB","","","DD",,"",,"",133,"",,""
"201912","LRB","LRB","","","",500.3694,"",,"",144,"",16985,""
"201912","Ferries","LFS","","","",0,"",,"",47,"",13183,""
"201912","Ferries","STF","","","",0,"",,"",10,"",5034,""
"201912","Ferries","NWFF","","","",0,"",,"",21,"",12824,""
"201912","PLB","RMB","","","",,"",,"",1021,"",16894,""
"201912","PLB","GMB","","","",27349.998,"",,"",3294,"",56254,""
"201912","Railways","HKT","","","",372.27902,"",,"",161,"",18515,""
"201912","Railways","MTRC","","LRT","",526.448,"",,"",139,"",34055,""
"201912","Railways","MTRC","","Airport","",247.145,"",,"",77,"",7700,""
"201912","Railways","MTRC","","Local","",3218.475,"",,"",1988,"",627964,""
"201912","Fran_Bus","NLB","","","SD",,"",,"",98,"",,""
"201912","Fran_Bus","NLB","","","DD",,"",,"",58,"",,""
"201912","Fran_Bus","NLB","","","",755.809,"",,"",156,"",13531,""
"201912","Fran_Bus","LWB","","","SD",,"",,"",4,"",,""
"201912","Fran_Bus","LWB","","","DD",,"",,"",275,"",,""
"201912","Fran_Bus","LWB","","","",3337.698,"",,"",279,"",34217,""
"201912","Fran_Bus","NWFB","","","SD",,"",,"",17,"",,""
"201912","Fran_Bus","NWFB","","","DD",,"",,"",668,"",,""
"201912","Fran_Bus","NWFB","","","",3492.4212,"",1421.2349,"",685,"",88062,""
"201912","Fran_Bus","CTB","2","","SD",,"",,"",0,"",,""
"201912","Fran_Bus","CTB","2","","DD",,"",,"",241,"",,""
"201912","Fran_Bus","CTB","2","","",2570.1813,"",655.7236,"",241,"",31604,""
"201912","Fran_Bus","CTB","1","","SD",,"",,"",37,"",,""
"201912","Fran_Bus","CTB","1","","DD",,"",,"",714,"",,""
"201912","Fran_Bus","CTB","1","","",4289.0855,"",2044.0838,"",751,"",95479,""
"201912","Fran_Bus","KMB","","","SD",,"",,"",141,"",,""
"201912","Fran_Bus","KMB","","","",23832.131,"",3105.134,"",4065,"",531628,""
"201912","Fran_Bus","KMB","","","DD",,"",,"",3924,"",,""
"202001","Fran_Bus","KMB","","","",24099.477,"",3082.813,"",4067,"",532092,""
"202001","Fran_Bus","KMB","","","DD",,"",,"",3926,"",,""
"202001","Fran_Bus","KMB","","","SD",,"",,"",141,"",,""
"202001","Fran_Bus","CTB","1","","",4316.9894,"",2061.7169,"",760,"",96630,""
"202001","Fran_Bus","CTB","1","","DD",,"",,"",723,"",,""
"202001","Fran_Bus","CTB","1","","SD",,"",,"",37,"",,""
"202001","Fran_Bus","CTB","2","","",2697.5568,"",690.904,"",239,"",31301,""
"202001","Fran_Bus","CTB","2","","DD",,"",,"",239,"",,""
"202001","Fran_Bus","CTB","2","","SD",,"",,"",0,"",,""
"202001","Fran_Bus","NWFB","","","",3530.9669,"",1433.7917,"",684,"",87922,""
"202001","Fran_Bus","NWFB","","","DD",,"",,"",667,"",,""
"202001","Fran_Bus","NWFB","","","SD",,"",,"",17,"",,""
"202001","Fran_Bus","LWB","","","",3298.212,"",,"",276,"",33863,""
"202001","Fran_Bus","LWB","","","DD",,"",,"",272,"",,""
"202001","Fran_Bus","LWB","","","SD",,"",,"",4,"",,""
"202001","Fran_Bus","NLB","","","",764.695,"",,"",155,"",13456,""
"202001","Fran_Bus","NLB","","","DD",,"",,"",58,"",,""
"202001","Fran_Bus","NLB","","","SD",,"",,"",97,"",,""
"202001","Railways","MTRC","","Local","",3166.488,"",,"",1988,"",627964,""
"202001","Railways","MTRC","","Airport","",246.844,"",,"",77,"",7700,""
"202001","Railways","MTRC","","LRT","",647.214,"",,"",139,"",34055,""
"202001","Railways","HKT","","","",371.60672,"",,"",161,"",18515,""
"202001","PLB","GMB","","","",27112.078,"",,"",3299,"",56373,""
"202001","PLB","RMB","","","",,"",,"",1023,"",16959,""
"202001","Ferries","NWFF","","","",0,"",,"",21,"",12824,""
"202001","Ferries","STF","","","",0,"",,"",10,"",5034,""
"202001","Ferries","LFS","","","",0,"",,"",42,"",12119,""
"202001","LRB","LRB","","","",494.7384,"",,"",144,"",16985,""
"202001","LRB","LRB","","","DD",,"",,"",133,"",,""
"202001","LRB","LRB","","","SD",,"",,"",11,"",,""
"202001","RS","RS","","","",3097.094,"",,"",1091,"",53408,""
"202001","TAX","TAX","","","",,"",,"",18131,"",78294,""
"202002","Fran_Bus","KMB","","","",17106.073,"",2239.701,"",4059,"",531122,""
"202002","Fran_Bus","KMB","","","DD",,"",,"",3920,"",,""
"202002","Fran_Bus","KMB","","","SD",,"",,"",139,"",,""
"202002","Fran_Bus","CTB","1","","",3597.1493,"",1777.9651,"",746,"",95088,""
"202002","Fran_Bus","CTB","1","","DD",,"",,"",709,"",,""
"202002","Fran_Bus","CTB","1","","SD",,"",,"",37,"",,""
"202002","Fran_Bus","CTB","2","","",2302.9511,"",622.9542,"",237,"",30990,""
"202002","Fran_Bus","CTB","2","","DD",,"",,"",237,"",,""
"202002","LRB","LRB","","","DD",,"",,"",132,"",,""
"202002","LRB","LRB","","","SD",,"",,"",11,"",,""
"202002","RS","RS","","","",2983.713,"",,"",1093,"",53516,""
"202002","TAX","TAX","","","",,"",,"",18093,"",78091,""
"202002","Fran_Bus","CTB","2","","SD",,"",,"",0,"",,""
"202002","Fran_Bus","NWFB","","","",2950.7114,"",1183.6907,"",684,"",87921,""
"202002","Fran_Bus","NWFB","","","DD",,"",,"",667,"",,""
"202002","Fran_Bus","NWFB","","","SD",,"",,"",17,"",,""
"202002","Fran_Bus","LWB","","","",2410.223,"",,"",276,"",33863,""
"202002","Fran_Bus","LWB","","","DD",,"",,"",272,"",,""
"202002","Fran_Bus","LWB","","","SD",,"",,"",4,"",,""
"202002","Fran_Bus","NLB","","","",452.614,"",,"",155,"",13456,""
"202002","Fran_Bus","NLB","","","DD",,"",,"",58,"",,""
"202002","Fran_Bus","NLB","","","SD",,"",,"",97,"",,""
"202002","Railways","MTRC","","Local","",2826.062,"",,"",1988,"",627964,""
"202002","Railways","MTRC","","Airport","",227.762,"",,"",77,"",7700,""
"202002","Railways","MTRC","","LRT","",592.714,"",,"",139,"",34055,""
"202002","Railways","HKT","","","",359.97327,"",,"",161,"",18515,""
"202002","PLB","GMB","","","",22480.689,"",,"",3305,"",56529,""
"202002","PLB","RMB","","","",,"",,"",1003,"",16615,""
"202002","Ferries","NWFF","","","",0,"",,"",21,"",12824,""
"202002","Ferries","STF","","","",0,"",,"",10,"",5034,""
"202002","Ferries","LFS","","","",0,"",,"",42,"",12119,""
"202002","LRB","LRB","","","",466.3219,"",,"",143,"",16864,""
"202003","Fran_Bus","KMB","","","",17220.648,"",2280.762,"",4017,"",525898,""
"202003","Fran_Bus","KMB","","","DD",,"",,"",3877,"",,""
"202003","Fran_Bus","KMB","","","SD",,"",,"",140,"",,""
"202003","Fran_Bus","CTB","1","","",3620.0386,"",1815.9776,"",773,"",98565,""
"202003","Fran_Bus","CTB","1","","DD",,"",,"",736,"",,""
"202003","Fran_Bus","CTB","1","","SD",,"",,"",37,"",,""
"202003","Fran_Bus","CTB","2","","",2213.3868,"",557.4572,"",241,"",31586,""
"202003","Fran_Bus","CTB","2","","DD",,"",,"",241,"",,""
"202003","Fran_Bus","CTB","2","","SD",,"",,"",0,"",,""
"202003","Fran_Bus","NWFB","","","",2928.8873,"",1196.5884,"",681,"",87577,""
"202003","Fran_Bus","NWFB","","","DD",,"",,"",664,"",,""
"202003","Fran_Bus","NWFB","","","SD",,"",,"",17,"",,""
"202003","Fran_Bus","LWB","","","",2184.958,"",,"",274,"",33631,""
"202003","Fran_Bus","LWB","","","DD",,"",,"",270,"",,""
"202003","Fran_Bus","LWB","","","SD",,"",,"",4,"",,""
"202003","Fran_Bus","NLB","","","",452.758,"",,"",155,"",13456,""
"202003","Fran_Bus","NLB","","","DD",,"",,"",58,"",,""
"202003","Fran_Bus","NLB","","","SD",,"",,"",97,"",,""
"202003","Railways","MTRC","","Local","",2605.762,"",,"",1988,"",627964,""
"202003","Railways","MTRC","","Airport","",169.436,"",,"",77,"",7700,""
"202003","Railways","MTRC","","LRT","",632.545,"",,"",139,"",34055,""
"202003","Railways","HKT","","","",381.7422,"",,"",161,"",18515,""
"202003","PLB","GMB","","","",23896.573,"",,"",3315,"",56770,""
"202003","PLB","RMB","","","",,"",,"",975,"",16128,""
"202003","Ferries","NWFF","","","",0,"",,"",21,"",12824,""
"202003","Ferries","STF","","","",0,"",,"",10,"",5034,""
"202003","Ferries","LFS","","","",0,"",,"",42,"",12119,""
"202003","LRB","LRB","","","",496.1149,"",,"",143,"",16864,""
"202003","LRB","LRB","","","DD",,"",,"",132,"",,""
"202003","LRB","LRB","","","SD",,"",,"",11,"",,""
"202003","RS","RS","","","",3170.418,"",,"",1062,"",51887,""
"202003","TAX","TAX","","","",,"",,"",18072,"",77921,""
"202004","Ferries","NWFF","","","",0,"",,"",21,"",12824,""
"202004","Ferries","STF","","","",0,"",,"",10,"",5034,""
"202004","Ferries","LFS","","","",0,"",,"",42,"",12119,""
"202004","LRB","LRB","","","",469.6857,"",,"",143,"",16864,""
"202004","LRB","LRB","","","DD",,"",,"",132,"",,""
"202004","LRB","LRB","","","SD",,"",,"",11,"",,""
"202004","RS","RS","","","",2989.678,"",,"",1094,"",53519,""
"202004","TAX","TAX","","","",,"",,"",18016,"",77625,""
"202004","Fran_Bus","KMB","","","",17526.411,"",2274.579,"",3971,"",519969,""
"202004","Fran_Bus","KMB","","","DD",,"",,"",3831,"",,""
"202004","Fran_Bus","KMB","","","SD",,"",,"",140,"",,""
"202004","Fran_Bus","CTB","1","","",3470.6299,"",1717.2041,"",769,"",98176,""
"202004","Fran_Bus","CTB","1","","DD",,"",,"",733,"",,""
"202004","Fran_Bus","CTB","1","","SD",,"",,"",36,"",,""
"202004","Fran_Bus","CTB","2","","",1830.5858,"",376.5929,"",239,"",31239,""
"202004","Fran_Bus","CTB","2","","DD",,"",,"",239,"",,""
"202004","Fran_Bus","CTB","2","","SD",,"",,"",0,"",,""
"202004","Fran_Bus","NWFB","","","",2713.9622,"",1099.8511,"",685,"",88104,""
"202004","Fran_Bus","NWFB","","","DD",,"",,"",668,"",,""
"202004","Fran_Bus","NWFB","","","SD",,"",,"",17,"",,""
"202004","Fran_Bus","LWB","","","",2011.354,"",,"",271,"",32838,""
"202004","Fran_Bus","LWB","","","DD",,"",,"",268,"",,""
"202004","Fran_Bus","LWB","","","SD",,"",,"",3,"",,""
"202004","Fran_Bus","NLB","","","",430.255,"",,"",152,"",13239,""
"202004","Fran_Bus","NLB","","","DD",,"",,"",58,"",,""
"202004","Fran_Bus","NLB","","","SD",,"",,"",94,"",,""
"202004","Railways","MTRC","","Local","",2436.754,"",,"",1988,"",627964,""
"202004","Railways","MTRC","","Airport","",118.008,"",,"",77,"",7700,""
"202004","Railways","MTRC","","LRT","",610.998,"",,"",139,"",34055,""
"202004","Railways","HKT","","","",371.23276,"",,"",161,"",18515,""
"202004","PLB","GMB","","","",22993.55,"",,"",3304,"",56609,""
"202004","PLB","RMB","","","",,"",,"",977,"",16163,""
"202005","Fran_Bus","KMB","","","",23430.099,"",3031.997,"",3985,"",521570,""
"202005","Fran_Bus","KMB","","","DD",,"",,"",3849,"",,""
"202005","Fran_Bus","KMB","","","SD",,"",,"",136,"",,""
"202005","Fran_Bus","CTB","1","","",3622.1489,"",1803.8099,"",782,"",99664,""
"202005","Fran_Bus","CTB","1","","DD",,"",,"",745,"",,""
"202005","Fran_Bus","CTB","1","","SD",,"",,"",37,"",,""
"202005","Fran_Bus","CTB","2","","",1774.0118,"",344.7505,"",247,"",32331,""
"202005","Fran_Bus","CTB","2","","DD",,"",,"",247,"",,""
"202005","Fran_Bus","CTB","2","","SD",,"",,"",0,"",,""
"202005","Fran_Bus","NWFB","","","",2901.2701,"",1189.8023,"",681,"",87594,""
"202005","Fran_Bus","NWFB","","","DD",,"",,"",664,"",,""
"202005","Fran_Bus","NWFB","","","SD",,"",,"",17,"",,""
"202005","Fran_Bus","LWB","","","",2367.94,"",,"",274,"",33620,""
"202005","Fran_Bus","LWB","","","DD",,"",,"",270,"",,""
"202005","Fran_Bus","LWB","","","SD",,"",,"",4,"",,""
"202005","Fran_Bus","NLB","","","",466.601,"",,"",150,"",13093,""
"202005","Fran_Bus","NLB","","","DD",,"",,"",58,"",,""
"202005","Fran_Bus","NLB","","","SD",,"",,"",92,"",,""
"202005","Railways","MTRC","","Local","",2537.978,"",,"",1988,"",627964,""
"202005","Railways","MTRC","","Airport","",102.859,"",,"",77,"",7700,""
"202005","Railways","MTRC","","LRT","",632.882,"",,"",139,"",34055,""
"202005","Railways","HKT","","","",375.22718,"",,"",161,"",18515,""
"202005","PLB","GMB","","","",24503.159,"",,"",3304,"",56645,""
"202005","PLB","RMB","","","",,"",,"",973,"",16102,""
"202005","Ferries","NWFF","","","",0,"",,"",21,"",12824,""
"202005","Ferries","STF","","","",0,"",,"",10,"",4916,""
"202005","Ferries","LFS","","","",0,"",,"",42,"",12119,""
"202005","LRB","LRB","","","",488.9304,"",,"",143,"",16864,""
"202005","LRB","LRB","","","DD",,"",,"",132,"",,""
"202005","LRB","LRB","","","SD",,"",,"",11,"",,""
"202005","RS","RS","","","",3012.742,"",,"",1095,"",53444,""
"202005","TAX","TAX","","","",,"",,"",18024,"",77608,""
"202006","Fran_Bus","KMB","","","",22880.566,"",2981.287,"",4048,"",529991,""
"202006","TAX","TAX","","","",,"",,"",18067,"",77729,""
"202006","Fran_Bus","KMB","","","SD",,"",,"",136,"",,""
"202006","Fran_Bus","CTB","1","","",3655.0211,"",1804.4022,"",771,"",98242,""
"202006","Fran_Bus","CTB","1","","DD",,"",,"",734,"",,""
"202006","Fran_Bus","CTB","1","","SD",,"",,"",37,"",,""
"202006","Fran_Bus","CTB","2","","",1725.705,"",336.3828,"",246,"",32224,""
"202006","Fran_Bus","CTB","2","","DD",,"",,"",246,"",,""
"202006","Fran_Bus","CTB","2","","SD",,"",,"",0,"",,""
"202006","Fran_Bus","NWFB","","","",2995.3483,"",1226.5061,"",681,"",87676,""
"202006","Fran_Bus","NWFB","","","DD",,"",,"",664,"",,""
"202006","Fran_Bus","NWFB","","","SD",,"",,"",17,"",,""
"202006","Fran_Bus","LWB","","","",2290.805,"",,"",277,"",33978,""
"202006","Fran_Bus","LWB","","","DD",,"",,"",273,"",,""
"202006","Fran_Bus","LWB","","","SD",,"",,"",4,"",,""
"202006","Fran_Bus","NLB","","","",445.912,"",,"",150,"",13093,""
"202006","Fran_Bus","NLB","","","DD",,"",,"",58,"",,""
"202006","Fran_Bus","NLB","","","SD",,"",,"",92,"",,""
"202006","Railways","MTRC","","Local","",2495.428,"",,"",1988,"",627964,""
"202006","Railways","MTRC","","Airport","",100.458,"",,"",77,"",7700,""
"202006","Railways","MTRC","","LRT","",611.804,"",,"",139,"",34055,""
"202006","Railways","HKT","","","",371.82061,"",,"",161,"",18515,""
"202006","PLB","GMB","","","",24653.788,"",,"",3315,"",56902,""
"202006","PLB","RMB","","","",,"",,"",990,"",16392,""
"202006","Ferries","NWFF","","","",0,"",,"",21,"",12824,""
"202006","Ferries","STF","","","",0,"",,"",10,"",4916,""
"202006","Ferries","LFS","","","",0,"",,"",43,"",12043,""
"202006","LRB","LRB","","","",472.2233,"",,"",143,"",16864,""
"202006","LRB","LRB","","","DD",,"",,"",132,"",,""
"202006","LRB","LRB","","","SD",,"",,"",11,"",,""
"202006","RS","RS","","","",2972.273,"",,"",1099,"",53462,""
"202006","Fran_Bus","KMB","","","DD",,"",,"",3912,"",,""
"202007","Fran_Bus","KMB","","","",23450.671,"",3047.514,"",4022,"",527452,""
"202007","Railways","HKT","","","",380.92301,"",,"",161,"",18515,""
"202007","PLB","GMB","","","",24311.071,"",,"",3305,"",56765,""
"202007","PLB","RMB","","","",,"",,"",992,"",16424,""
"202007","Ferries","NWFF","","","",0,"",,"",21,"",12824,""
"202007","Ferries","STF","","","",0,"",,"",10,"",4916,""
"202007","Ferries","LFS","","","",0,"",,"",42,"",11820,""
"202007","LRB","LRB","","","",490.625,"",,"",143,"",16864,""
"202007","LRB","LRB","","","DD",,"",,"",132,"",,""
"202007","LRB","LRB","","","SD",,"",,"",11,"",,""
"202007","RS","RS","","","",3059.186,"",,"",1106,"",53857,""
"202007","TAX","TAX","","","",,"",,"",18078,"",77718,""
"202007","Fran_Bus","KMB","","","SD",,"",,"",138,"",,""
"202007","Fran_Bus","CTB","1","","",4079.8853,"",2024.7297,"",773,"",99017,""
"202007","Fran_Bus","CTB","1","","DD",,"",,"",740,"",,""
"202007","Fran_Bus","CTB","1","","SD",,"",,"",33,"",,""
"202007","Fran_Bus","CTB","2","","",1793.1896,"",348.8224,"",247,"",32380,""
"202007","Fran_Bus","CTB","2","","DD",,"",,"",247,"",,""
"202007","Fran_Bus","CTB","2","","SD",,"",,"",0,"",,""
"202007","Fran_Bus","NWFB","","","",3440.7246,"",1401.1515,"",684,"",88059,""
"202007","Fran_Bus","NWFB","","","DD",,"",,"",667,"",,""
"202007","Fran_Bus","NWFB","","","SD",,"",,"",17,"",,""
"202007","Fran_Bus","LWB","","","",2379.469,"",,"",277,"",33983,""
"202007","Fran_Bus","LWB","","","DD",,"",,"",273,"",,""
"202007","Fran_Bus","LWB","","","SD",,"",,"",4,"",,""
"202007","Fran_Bus","NLB","","","",448.951,"",,"",150,"",13093,""
"202007","Fran_Bus","NLB","","","DD",,"",,"",58,"",,""
"202007","Fran_Bus","NLB","","","SD",,"",,"",92,"",,""
"202007","Railways","MTRC","","Local","",2753.361,"",,"",1988,"",627964,""
"202007","Railways","MTRC","","Airport","",103.892,"",,"",77,"",7700,""
"202007","Railways","MTRC","","LRT","",633.613,"",,"",139,"",34055,""
"202007","Fran_Bus","KMB","","","DD",,"",,"",3884,"",,""
"202008","Fran_Bus","KMB","","","",21580.927,"",2823.315,"",4003,"",525041,""
"202008","TAX","TAX","","","",,"",,"",18066,"",77616,""
"202008","Fran_Bus","KMB","","","SD",,"",,"",137,"",,""
"202008","Fran_Bus","CTB","1","","",3729.9892,"",1895.6281,"",767,"",98263,""
"202008","Fran_Bus","CTB","1","","DD",,"",,"",734,"",,""
"202008","Fran_Bus","CTB","1","","SD",,"",,"",33,"",,""
"202008","Fran_Bus","CTB","2","","",1762.0227,"",338.0339,"",243,"",31852,""
"202008","Fran_Bus","CTB","2","","DD",,"",,"",243,"",,""
"202008","Fran_Bus","CTB","2","","SD",,"",,"",0,"",,""
"202008","Fran_Bus","NWFB","","","",3152.7502,"",1354.155,"",683,"",87939,""
"202008","Fran_Bus","NWFB","","","DD",,"",,"",666,"",,""
"202008","Fran_Bus","NWFB","","","SD",,"",,"",17,"",,""
"202008","Fran_Bus","LWB","","","",2203.872,"",,"",277,"",34010,""
"202008","Fran_Bus","LWB","","","DD",,"",,"",273,"",,""
"202008","Fran_Bus","LWB","","","SD",,"",,"",4,"",,""
"202008","Fran_Bus","NLB","","","",428.546,"",,"",150,"",13093,""
"202008","Fran_Bus","NLB","","","DD",,"",,"",58,"",,""
"202008","Fran_Bus","NLB","","","SD",,"",,"",92,"",,""
"202008","Railways","MTRC","","Local","",2569.33,"",,"",1988,"",627964,""
"202008","Railways","MTRC","","Airport","",102.594,"",,"",77,"",7700,""
"202008","Railways","MTRC","","LRT","",627.009,"",,"",139,"",34055,""
"202008","Railways","HKT","","","",381.45091,"",,"",161,"",18515,""
"202008","PLB","GMB","","","",23537.38,"",,"",3300,"",56701,""
"202008","PLB","RMB","","","",,"",,"",989,"",16379,""
"202008","Ferries","NWFF","","","",0,"",,"",21,"",12824,""
"202008","Ferries","STF","","","",0,"",,"",10,"",4916,""
"202008","Ferries","LFS","","","",0,"",,"",42,"",11820,""
"202008","LRB","LRB","","","",479.1151,"",,"",143,"",16864,""
"202008","LRB","LRB","","","DD",,"",,"",132,"",,""
"202008","LRB","LRB","","","SD",,"",,"",11,"",,""
"202008","RS","RS","","","",3000.712,"",,"",1094,"",53253,""
"202008","Fran_Bus","KMB","","","DD",,"",,"",3866,"",,""
"202009","Ferries","LFS","","","",0,"",,"",44,"",12445,""
"202009","LRB","LRB","","","",474.8497,"",,"",143,"",16864,""
"202009","LRB","LRB","","","DD",,"",,"",132,"",,""
"202009","LRB","LRB","","","SD",,"",,"",11,"",,""
"202009","RS","RS","","","",2958.448,"",,"",1097,"",53560,""
"202009","TAX","TAX","","","",,"",,"",18067,"",77529,""
"202009","Fran_Bus","KMB","","","",22583.045,"",2947.088,"",3975,"",521355,""
"202009","Fran_Bus","KMB","","","DD",,"",,"",3836,"",,""
"202009","Fran_Bus","KMB","","","SD",,"",,"",139,"",,""
"202009","Fran_Bus","CTB","1","","",3987.3594,"",1994.5928,"",771,"",98950,""
"202009","Fran_Bus","CTB","1","","DD",,"",,"",740,"",,""
"202009","Fran_Bus","CTB","1","","SD",,"",,"",31,"",,""
"202009","Fran_Bus","CTB","2","","",1729.0634,"",331.6188,"",246,"",32237,""
"202009","Fran_Bus","CTB","2","","DD",,"",,"",246,"",,""
"202009","Fran_Bus","CTB","2","","SD",,"",,"",0,"",,""
"202009","Fran_Bus","NWFB","","","",3381.0642,"",1380.5802,"",690,"",88875,""
"202009","Fran_Bus","NWFB","","","DD",,"",,"",673,"",,""
"202009","Fran_Bus","NWFB","","","SD",,"",,"",17,"",,""
"202009","Fran_Bus","LWB","","","",2237.276,"",,"",277,"",33997,""
"202009","Fran_Bus","LWB","","","DD",,"",,"",273,"",,""
"202009","Fran_Bus","LWB","","","SD",,"",,"",4,"",,""
"202009","Fran_Bus","NLB","","","",427.647,"",,"",150,"",13093,""
"202009","Fran_Bus","NLB","","","DD",,"",,"",58,"",,""
"202009","Fran_Bus","NLB","","","SD",,"",,"",92,"",,""
"202009","Railways","MTRC","","Local","",2580.192,"",,"",1988,"",627964,""
"202009","Railways","MTRC","","Airport","",101.015,"",,"",77,"",7700,""
"202009","Railways","MTRC","","LRT","",582.256,"",,"",139,"",34055,""
"202009","Railways","HKT","","","",376.79363,"",,"",161,"",18515,""
"202009","PLB","GMB","","","",24064.583,"",,"",3296,"",56661,""
"202009","PLB","RMB","","","",,"",,"",994,"",16465,""
"202009","Ferries","NWFF","","","",0,"",,"",21,"",12824,""
"202009","Ferries","STF","","","",0,"",,"",10,"",4916,""
"202010","Ferries","LFS","","","",0,"",,"",45,"",12825,""
"202010","LRB","LRB","","","",473.7376,"",,"",143,"",16864,""
"202010","Ferries","NWFF","","","",0,"",,"",22,"",13259,""
"202010","PLB","RMB","","","",,"",,"",992,"",16436,""
"202010","PLB","GMB","","","",25188.909,"",,"",3290,"",56586,""
"202010","Railways","HKT","","","",379.70301,"",,"",161,"",18515,""
"202010","Railways","MTRC","","LRT","",588.883,"",,"",139,"",34055,""
"202010","Railways","MTRC","","Airport","",101.571,"",,"",77,"",7700,""
"202010","Railways","MTRC","","Local","",2564.444,"",,"",1988,"",627964,""
"202010","Fran_Bus","NLB","","","SD",,"",,"",92,"",,""
"202010","Fran_Bus","NLB","","","DD",,"",,"",58,"",,""
"202010","Fran_Bus","NLB","","","",504.023,"",,"",150,"",13093,""
"202010","Fran_Bus","LWB","","","SD",,"",,"",4,"",,""
"202010","Fran_Bus","LWB","","","DD",,"",,"",273,"",,""
"202010","Fran_Bus","LWB","","","",2264.509,"",,"",277,"",33997,""
"202010","Fran_Bus","NWFB","","","SD",,"",,"",17,"",,""
"202010","Fran_Bus","NWFB","","","DD",,"",,"",673,"",,""
"202010","Fran_Bus","NWFB","","","",3459.0198,"",1383.6684,"",690,"",88875,""
"202010","Fran_Bus","CTB","2","","SD",,"",,"",0,"",,""
"202010","Fran_Bus","CTB","2","","DD",,"",,"",236,"",,""
"202010","Fran_Bus","CTB","2","","",1735.7263,"",331.2456,"",236,"",30944,""
"202010","Fran_Bus","CTB","1","","SD",,"",,"",28,"",,""
"202010","Fran_Bus","CTB","1","","DD",,"",,"",737,"",,""
"202010","Fran_Bus","CTB","1","","",4033.4498,"",1991.3059,"",765,"",98503,""
"202010","Fran_Bus","KMB","","","SD",,"",,"",138,"",,""
"202010","Fran_Bus","KMB","","","DD",,"",,"",3846,"",,""
"202010","Fran_Bus","KMB","","","",23111.646,"",2960.797,"",3984,"",522882,""
"202010","TAX","TAX","","","",,"",,"",18079,"",77521,""
"202010","RS","RS","","","",2968.704,"",,"",1087,"",53063,""
"202010","LRB","LRB","","","SD",,"",,"",11,"",,""
"202010","LRB","LRB","","","DD",,"",,"",132,"",,""
"202010","Ferries","STF","","","",0,"",,"",10,"",4916,""
"202011","RS","RS","","","",2955.104,"",,"",1090,"",53041,""
"202011","LRB","LRB","","","SD",,"",,"",11,"",,""
"202011","LRB","LRB","","","DD",,"",,"",132,"",,""
"202011","LRB","LRB","","","",484.3709,"",,"",143,"",16864,""
"202011","Ferries","LFS","","","",0,"",,"",44,"",12445,""
"202011","Ferries","STF","","","",0,"",,"",10,"",4916,""
"202011","Ferries","NWFF","","","",0,"",,"",22,"",13259,""
"202011","PLB","RMB","","","",,"",,"",989,"",16388,""
"202011","PLB","GMB","","","",24883.362,"",,"",3294,"",56683,""
"202011","Railways","HKT","","","",375.48941,"",,"",161,"",18515,""
"202011","Railways","MTRC","","LRT","",586.553,"",,"",139,"",34055,""
"202011","Railways","MTRC","","Airport","",100.458,"",,"",77,"",7700,""
"202011","Railways","MTRC","","Local","",2632.307,"",,"",1988,"",627964,""
"202011","Fran_Bus","NLB","","","SD",,"",,"",92,"",,""
"202011","Fran_Bus","NLB","","","DD",,"",,"",58,"",,""
"202011","Fran_Bus","NLB","","","",485.839,"",,"",150,"",13093,""
"202011","Fran_Bus","LWB","","","SD",,"",,"",4,"",,""
"202011","Fran_Bus","LWB","","","DD",,"",,"",273,"",,""
"202011","Fran_Bus","LWB","","","",2250.154,"",,"",277,"",33997,""
"202011","Fran_Bus","NWFB","","","SD",,"",,"",17,"",,""
"202011","Fran_Bus","NWFB","","","DD",,"",,"",673,"",,""
"202011","Fran_Bus","NWFB","","","",3460.5823,"",1397.4963,"",690,"",88875,""
"202011","Fran_Bus","CTB","2","","SD",,"",,"",0,"",,""
"202011","Fran_Bus","CTB","2","","DD",,"",,"",227,"",,""
"202011","Fran_Bus","CTB","2","","",1768.5784,"",336.6837,"",227,"",29790,""
"202011","Fran_Bus","CTB","1","","SD",,"",,"",26,"",,""
"202011","Fran_Bus","CTB","1","","DD",,"",,"",735,"",,""
"202011","Fran_Bus","CTB","1","","",4046.6881,"",2006.8405,"",761,"",98135,""
"202011","Fran_Bus","KMB","","","SD",,"",,"",138,"",,""
"202011","TAX","TAX","","","",,"",,"",18090,"",77477,""
"202011","Fran_Bus","KMB","","","",23115.877,"",2983.319,"",3996,"",524494,""
"202011","Fran_Bus","KMB","","","DD",,"",,"",3858,"",,""
"202012","RS","RS","","","",3005.631,"",,"",1090,"",52753,""
"202012","TAX","TAX","","","",,"",,"",18084,"",77393,""
"202012","Fran_Bus","KMB","","","",22493.66,"",2924.222,"",3997,"",524525,""
"202012","Fran_Bus","KMB","","","DD",,"",,"",3857,"",,""
"202012","Fran_Bus","KMB","","","SD",,"",,"",140,"",,""
"202012","Fran_Bus","CTB","1","","",3713.9788,"",1867.7226,"",744,"",95699,""
"202012","Fran_Bus","CTB","1","","DD",,"",,"",715,"",,""
"202012","Fran_Bus","CTB","1","","SD",,"",,"",29,"",,""
"202012","Fran_Bus","CTB","2","","",1636.4755,"",305.3851,"",223,"",29285,""
"202012","Fran_Bus","CTB","2","","DD",,"",,"",223,"",,""
"202012","Fran_Bus","CTB","2","","SD",,"",,"",0,"",,""
"202012","Fran_Bus","NWFB","","","",3161.2865,"",1309.3944,"",690,"",88875,""
"202012","Fran_Bus","NWFB","","","DD",,"",,"",673,"",,""
"202012","Fran_Bus","NWFB","","","SD",,"",,"",17,"",,""
"202012","Fran_Bus","LWB","","","",2276.927,"",,"",238,"",29193,""
"202012","Fran_Bus","LWB","","","DD",,"",,"",234,"",,""
"202012","Fran_Bus","LWB","","","SD",,"",,"",4,"",,""
"202012","Fran_Bus","NLB","","","",495.591,"",,"",150,"",13093,""
"202012","Fran_Bus","NLB","","","DD",,"",,"",58,"",,""
"202012","Fran_Bus","NLB","","","SD",,"",,"",92,"",,""
"202012","Railways","MTRC","","Local","",2655.871,"",,"",1988,"",627964,""
"202012","Railways","MTRC","","Airport","",103.974,"",,"",77,"",7700,""
"202012","Railways","MTRC","","LRT","",596.259,"",,"",139,"",34055,""
"202012","Railways","HKT","","","",391.57135,"",,"",161,"",18515,""
"202012","PLB","GMB","","","",24426.185,"",,"",3281,"",56493,""
"202012","PLB","RMB","","","",,"",,"",986,"",16340,""
"202012","Ferries","NWFF","","","",0,"",,"",22,"",13259,""
"202012","Ferries","STF","","","",0,"",,"",10,"",4916,""
"202012","Ferries","LFS","","","",0,"",,"",44,"",12445,""
"202012","LRB","LRB","","","",507.7087,"",,"",142,"",16742,""
"202012","LRB","LRB","","","DD",,"",,"",131,"",,""
"202012","LRB","LRB","","","SD",,"",,"",11,"",,""
"202101","Fran_Bus","NLB","","","",501.208,"",,"",150,"",13093,""
"202101","Fran_Bus","NLB","","","DD",,"",,"",58,"",,""
"202101","Fran_Bus","NLB","","","SD",,"",,"",92,"",,""
"202101","Railways","MTRC","","Local","",2610.018,"",,"",1988,"",627964,""
"202101","Railways","MTRC","","Airport","",102.859,"",,"",77,"",7700,""
"202101","Railways","MTRC","","LRT","",588.083,"",,"",139,"",34055,""
"202101","Railways","HKT","","","",407.43495,"",,"",161,"",18515,""
"202101","PLB","GMB","","","",24383.696,"",,"",3279,"",56479,""
"202101","PLB","RMB","","","",,"",,"",983,"",16295,""
"202101","Ferries","NWFF","","","",0,"",,"",22,"",13259,""
"202101","Fran_Bus","LWB","","","SD",,"",,"",4,"",,""
"202101","Ferries","STF","","","",0,"",,"",10,"",4916,""
"202101","Ferries","LFS","","","",0,"",,"",43,"",12270,""
"202101","LRB","LRB","","","",506.7032,"",,"",142,"",16742,""
"202101","LRB","LRB","","","DD",,"",,"",131,"",,""
"202101","LRB","LRB","","","SD",,"",,"",11,"",,""
"202101","RS","RS","","","",3052.244,"",,"",1083,"",52411,""
"202101","TAX","TAX","","","",,"",,"",18081,"",77330,""
"202101","Fran_Bus","KMB","","","",21434.168,"",2794.784,"",3952,"",518940,""
"202101","Fran_Bus","KMB","","","DD",,"",,"",3811,"",,""
"202101","Fran_Bus","KMB","","","SD",,"",,"",141,"",,""
"202101","Fran_Bus","CTB","1","","",3355.3109,"",1743.2112,"",710,"",91298,""
"202101","Fran_Bus","CTB","1","","DD",,"",,"",680,"",,""
"202101","Fran_Bus","CTB","1","","SD",,"",,"",30,"",,""
"202101","Fran_Bus","CTB","2","","",1474.99,"",269.0395,"",216,"",28375,""
"202101","Fran_Bus","CTB","2","","DD",,"",,"",216,"",,""
"202101","Fran_Bus","CTB","2","","SD",,"",,"",0,"",,""
"202101","Fran_Bus","NWFB","","","",2781.9575,"",1148.5143,"",690,"",88875,""
"202101","Fran_Bus","NWFB","","","DD",,"",,"",673,"",,""
"202101","Fran_Bus","NWFB","","","SD",,"",,"",17,"",,""
"202101","Fran_Bus","LWB","","","",2196.604,"",,"",239,"",29316,""
"202101","Fran_Bus","LWB","","","DD",,"",,"",235,"",,""
"202102","Fran_Bus","KMB","","","",19250.698,"",2522.68,"",4020,"",528667,""
"202102","Fran_Bus","KMB","","","DD",,"",,"",3879,"",,""
"202102","Fran_Bus","KMB","","","SD",,"",,"",141,"",,""
"202102","Fran_Bus","CTB","1","","",3277.6405,"",1689.3699,"",760,"",97407,""
"202102","Fran_Bus","CTB","1","","DD",,"",,"",727,"",,""
"202102","Fran_Bus","CTB","1","","SD",,"",,"",33,"",,""
"202102","Fran_Bus","CTB","2","","",1336.1301,"",242.2049,"",214,"",28121,""
"202102","Fran_Bus","CTB","2","","DD",,"",,"",214,"",,""
"202102","Fran_Bus","CTB","2","","SD",,"",,"",0,"",,""
"202102","Fran_Bus","NWFB","","","",2768.8085,"",1135.2155,"",689,"",88745,""
"202102","Fran_Bus","NWFB","","","DD",,"",,"",672,"",,""
"202102","Fran_Bus","NWFB","","","SD",,"",,"",17,"",,""
"202102","Fran_Bus","LWB","","","",1976.17,"",,"",239,"",29335,""
"202102","Fran_Bus","LWB","","","DD",,"",,"",235,"",,""
"202102","Fran_Bus","LWB","","","SD",,"",,"",4,"",,""
"202102","Fran_Bus","NLB","","","",499.959,"",,"",148,"",12967,""
"202102","Fran_Bus","NLB","","","DD",,"",,"",58,"",,""
"202102","Fran_Bus","NLB","","","SD",,"",,"",90,"",,""
"202102","Railways","MTRC","","Local","",2382.969,"",,"",2008,"",635734,""
"202102","Railways","MTRC","","Airport","",92.869,"",,"",77,"",7700,""
"202102","Railways","MTRC","","LRT","",535.319,"",,"",142,"",34790,""
"202102","Railways","HKT","","","",362.14411,"",,"",161,"",18515,""
"202102","PLB","GMB","","","",22250.62,"",,"",3276,"",56452,""
"202102","PLB","RMB","","","",,"",,"",990,"",16407,""
"202102","Ferries","NWFF","","","",0,"",,"",22,"",13259,""
"202102","Ferries","STF","","","",0,"",,"",10,"",4916,""
"202102","Ferries","LFS","","","",0,"",,"",43,"",12270,""
"202102","LRB","LRB","","","",451.4272,"",,"",142,"",16742,""
"202102","LRB","LRB","","","DD",,"",,"",131,"",,""
"202102","LRB","LRB","","","SD",,"",,"",11,"",,""
"202102","RS","RS","","","",2770.894,"",,"",1077,"",51968,""
"202102","TAX","TAX","","","",,"",,"",18068,"",77226,""
"202103","Fran_Bus","CTB","2","","",1488.4541,"",264.9268,"",207,"",27223,""
"202103","Fran_Bus","CTB","2","","DD",,"",,"",207,"",,""
"202103","Fran_Bus","CTB","2","","SD",,"",,"",0,"",,""
"202103","Fran_Bus","NWFB","","","",3334.3923,"",1393.5556,"",689,"",88745,""
"202103","Fran_Bus","NWFB","","","DD",,"",,"",672,"",,""
"202103","Fran_Bus","NWFB","","","SD",,"",,"",17,"",,""
"202103","Fran_Bus","LWB","","","",2227.976,"",,"",239,"",29335,""
"202103","Fran_Bus","LWB","","","DD",,"",,"",235,"",,""
"202103","Fran_Bus","LWB","","","SD",,"",,"",4,"",,""
"202103","Fran_Bus","NLB","","","",461.699,"",,"",147,"",12900,""
"202103","Fran_Bus","NLB","","","DD",,"",,"",58,"",,""
"202103","Fran_Bus","NLB","","","SD",,"",,"",89,"",,""
"202103","Railways","MTRC","","Local","",2703.783,"",,"",2008,"",635734,""
"202103","Railways","MTRC","","Airport","",104.531,"",,"",77,"",7700,""
"202103","Railways","MTRC","","LRT","",606.516,"",,"",142,"",34790,""
"202103","Railways","HKT","","","",397.26595,"",,"",161,"",18515,""
"202103","PLB","GMB","","","",25117.331,"",,"",3271,"",56402,""
"202103","PLB","RMB","","","",,"",,"",990,"",16413,""
"202103","Ferries","NWFF","","","",0,"",,"",22,"",13259,""
"202103","Ferries","STF","","","",0,"",,"",10,"",4750,""
"202103","Ferries","LFS","","","",0,"",,"",42,"",11868,""
"202103","LRB","LRB","","","",507.7799,"",,"",146,"",17242,""
"202103","LRB","LRB","","","DD",,"",,"",135,"",,""
"202103","LRB","LRB","","","SD",,"",,"",11,"",,""
"202103","RS","RS","","","",3144.941,"",,"",1081,"",52212,""
"202103","TAX","TAX","","","",,"",,"",18067,"",77093,""
"202103","Fran_Bus","KMB","","","",21767.368,"",2898.697,"",4020,"",528686,""
"202103","Fran_Bus","KMB","","","DD",,"",,"",3879,"",,""
"202103","Fran_Bus","KMB","","","SD",,"",,"",141,"",,""
"202103","Fran_Bus","CTB","1","","",3952.916,"",2016.3899,"",756,"",97072,""
"202103","Fran_Bus","CTB","1","","DD",,"",,"",723,"",,""
"202103","Fran_Bus","CTB","1","","SD",,"",,"",33,"",,""
"202104","Fran_Bus","CTB","2","","DD",,"",,"",202,"",,""
"202104","Fran_Bus","CTB","2","","SD",,"",,"",0,"",,""
"202104","Fran_Bus","NWFB","","","",3106.0045,"",1300.3777,"",689,"",88745,""
"202104","Fran_Bus","NWFB","","","DD",,"",,"",672,"",,""
"202104","Fran_Bus","NWFB","","","SD",,"",,"",17,"",,""
"202104","Fran_Bus","LWB","","","",2136.935,"",,"",239,"",29335,""
"202104","Fran_Bus","LWB","","","DD",,"",,"",235,"",,""
"202104","Fran_Bus","LWB","","","SD",,"",,"",4,"",,""
"202104","Fran_Bus","NLB","","","",483.82,"",,"",148,"",12967,""
"202104","Fran_Bus","NLB","","","DD",,"",,"",58,"",,""
"202104","Fran_Bus","NLB","","","SD",,"",,"",90,"",,""
"202104","Railways","MTRC","","Local","",2550.208,"",,"",2008,"",635734,""
"202104","Railways","MTRC","","Airport","",99.379,"",,"",77,"",7700,""
"202104","Railways","MTRC","","LRT","",581.745,"",,"",142,"",34790,""
"202104","Railways","HKT","","","",376.35036,"",,"",161,"",18515,""
"202104","PLB","GMB","","","",24431.328,"",,"",3267,"",56353,""
"202104","PLB","RMB","","","",,"",,"",991,"",16432,""
"202104","Ferries","NWFF","","","",0,"",,"",22,"",13259,""
"202104","Ferries","STF","","","",0,"",,"",10,"",4750,""
"202104","Ferries","LFS","","","",0,"",,"",41,"",11578,""
"202104","LRB","LRB","","","",482.7815,"",,"",146,"",17242,""
"202104","LRB","LRB","","","DD",,"",,"",135,"",,""
"202104","LRB","LRB","","","SD",,"",,"",11,"",,""
"202104","RS","RS","","","",2955.862,"",,"",1085,"",52208,""
"202104","TAX","TAX","","","",,"",,"",18053,"",76935,""
"202104","Fran_Bus","KMB","","","",22172.87,"",2887.363,"",4011,"",528159,""
"202104","Fran_Bus","KMB","","","DD",,"",,"",3871,"",,""
"202104","Fran_Bus","KMB","","","SD",,"",,"",140,"",,""
"202104","Fran_Bus","CTB","1","","",3622.5601,"",1871.9117,"",760,"",97621,""
"202104","Fran_Bus","CTB","1","","DD",,"",,"",727,"",,""
"202104","Fran_Bus","CTB","1","","SD",,"",,"",33,"",,""
"202104","Fran_Bus","CTB","2","","",1414.2896,"",245.931,"",202,"",26643,""
"202105","Fran_Bus","KMB","","","",23268.964,"",3032.386,"",4007,"",527372,""
"202105","Fran_Bus","KMB","","","DD",,"",,"",3867,"",,""
"202105","Fran_Bus","KMB","","","SD",,"",,"",140,"",,""
"202105","Fran_Bus","CTB","1","","",3845.3398,"",1984.4249,"",759,"",97746,""
"202105","Fran_Bus","CTB","1","","DD",,"",,"",727,"",,""
"202105","Fran_Bus","CTB","1","","SD",,"",,"",32,"",,""
"202105","Fran_Bus","CTB","2","","",1480.4609,"",270.7449,"",198,"",26119,""
"202105","Fran_Bus","CTB","2","","DD",,"",,"",198,"",,""
"202105","Fran_Bus","CTB","2","","SD",,"",,"",0,"",,""
"202105","Fran_Bus","NWFB","","","",3247.7517,"",1357.972,"",689,"",88745,""
"202105","Fran_Bus","NWFB","","","DD",,"",,"",672,"",,""
"202105","Fran_Bus","NWFB","","","SD",,"",,"",17,"",,""
"202105","Fran_Bus","LWB","","","",2212.873,"",,"",243,"",29917,""
"202105","Fran_Bus","LWB","","","DD",,"",,"",239,"",,""
"202105","Fran_Bus","LWB","","","SD",,"",,"",4,"",,""
"202105","Fran_Bus","NLB","","","",470.508,"",,"",148,"",12967,""
"202105","Fran_Bus","NLB","","","DD",,"",,"",58,"",,""
"202105","Fran_Bus","NLB","","","SD",,"",,"",90,"",,""
"202105","Railways","MTRC","","Local","",2660.5,"",,"",2008,"",635734,""
"202105","Railways","MTRC","","Airport","",102.859,"",,"",77,"",7700,""
"202105","Railways","MTRC","","LRT","",605.415,"",,"",142,"",34790,""
"202105","Railways","HKT","","","",384.61512,"",,"",161,"",18515,""
"202105","PLB","GMB","","","",25309.791,"",,"",3265,"",56351,""
"202105","PLB","RMB","","","",,"",,"",984,"",16332,""
"202105","Ferries","NWFF","","","",0,"",,"",22,"",13259,""
"202105","Ferries","STF","","","",0,"",,"",10,"",4750,""
"202105","Ferries","LFS","","","",0,"",,"",41,"",11980,""
"202105","LRB","LRB","","","",500.5947,"",,"",146,"",17242,""
"202105","LRB","LRB","","","DD",,"",,"",135,"",,""
"202105","LRB","LRB","","","SD",,"",,"",11,"",,""
"202105","RS","RS","","","",3138.466,"",,"",1086,"",52162,""
"202105","TAX","TAX","","","",,"",,"",18040,"",76802,""
"202106","Railways","MTRC","","LRT","",583.845,"",,"",142,"",34790,""
"202106","Railways","HKT","","","",361.53512,"",,"",161,"",18515,""
"202106","PLB","GMB","","","",24529.84,"",,"",3254,"",56223,""
"202106","PLB","RMB","","","",,"",,"",981,"",16290,""
"202106","Ferries","NWFF","","","",0,"",,"",22,"",13259,""
"202106","Ferries","STF","","","",0,"",,"",10,"",4750,""
"202106","Ferries","LFS","","","",0,"",,"",42,"",12203,""
"202106","LRB","LRB","","","",490.201,"",,"",146,"",17242,""
"202106","LRB","LRB","","","DD",,"",,"",135,"",,""
"202106","LRB","LRB","","","SD",,"",,"",11,"",,""
"202106","RS","RS","","","",3087.71,"",,"",1086,"",52115,""
"202106","TAX","TAX","","","",,"",,"",18032,"",76709,""
"202106","Fran_Bus","KMB","","","",22552.164,"",2959.168,"",4005,"",526729,""
"202106","Fran_Bus","KMB","","","DD",,"",,"",3866,"",,""
"202106","Fran_Bus","KMB","","","SD",,"",,"",139,"",,""
"202106","Fran_Bus","CTB","1","","",3838.6204,"",1953.5793,"",766,"",98428,""
"202106","Fran_Bus","CTB","1","","DD",,"",,"",734,"",,""
"202106","Fran_Bus","CTB","1","","SD",,"",,"",32,"",,""
"202106","Fran_Bus","CTB","2","","",1447.4586,"",270.8852,"",199,"",26347,""
"202106","Fran_Bus","CTB","2","","DD",,"",,"",199,"",,""
"202106","Fran_Bus","CTB","2","","SD",,"",,"",0,"",,""
"202106","Fran_Bus","NWFB","","","",3214.8065,"",1319.7517,"",689,"",88745,""
"202106","Fran_Bus","NWFB","","","DD",,"",,"",672,"",,""
"202106","Fran_Bus","NWFB","","","SD",,"",,"",17,"",,""
"202106","Fran_Bus","LWB","","","",2171.362,"",,"",263,"",32807,""
"202106","Fran_Bus","LWB","","","DD",,"",,"",259,"",,""
"202106","Fran_Bus","LWB","","","SD",,"",,"",4,"",,""
"202106","Fran_Bus","NLB","","","",438.663,"",,"",147,"",12904,""
"202106","Fran_Bus","NLB","","","DD",,"",,"",58,"",,""
"202106","Fran_Bus","NLB","","","SD",,"",,"",89,"",,""
"202106","Railways","MTRC","","Local","",2640.391,"",,"",2048,"",649134,""
"202106","Railways","MTRC","","Airport","",100.353,"",,"",77,"",7700,""
"202107","Fran_Bus","KMB","","","",23355.755,"",3103.743,"",4022,"",529383,""
"202107","TAX","TAX","","","",,"",,"",18037,"",76656,""
"202107","Fran_Bus","KMB","","","SD",,"",,"",134,"",,""
"202107","Fran_Bus","CTB","1","","",4020.7789,"",2031.7019,"",764,"",98196,""
"202107","Fran_Bus","CTB","1","","DD",,"",,"",732,"",,""
"202107","Fran_Bus","CTB","1","","SD",,"",,"",32,"",,""
"202107","Fran_Bus","CTB","2","","",1506.6001,"",285.1874,"",197,"",26131,""
"202107","Fran_Bus","CTB","2","","DD",,"",,"",197,"",,""
"202107","Fran_Bus","CTB","2","","SD",,"",,"",0,"",,""
"202107","Fran_Bus","NWFB","","","",3378.9997,"",1354.1311,"",689,"",88745,""
"202107","Fran_Bus","NWFB","","","DD",,"",,"",672,"",,""
"202107","Fran_Bus","NWFB","","","SD",,"",,"",17,"",,""
"202107","Fran_Bus","LWB","","","",2285.484,"",,"",254,"",31619,""
"202107","Fran_Bus","LWB","","","DD",,"",,"",250,"",,""
"202107","Fran_Bus","LWB","","","SD",,"",,"",4,"",,""
"202107","Fran_Bus","NLB","","","",461.1,"",,"",149,"",12960,""
"202107","Fran_Bus","NLB","","","DD",,"",,"",58,"",,""
"202107","Fran_Bus","NLB","","","SD",,"",,"",91,"",,""
"202107","Railways","MTRC","","Local","",2779.759,"",,"",2036,"",645514,""
"202107","Railways","MTRC","","Airport","",103.417,"",,"",77,"",7700,""
"202107","Railways","MTRC","","LRT","",596.982,"",,"",142,"",34790,""
"202107","Railways","HKT","","","",378.70694,"",,"",161,"",18515,""
"202107","PLB","GMB","","","",25309.89,"",,"",3257,"",56313,""
"202107","PLB","RMB","","","",,"",,"",982,"",16312,""
"202107","Ferries","NWFF","","","",0,"",,"",22,"",13259,""
"202107","Ferries","STF","","","",0,"",,"",10,"",4750,""
"202107","Ferries","LFS","","","",0,"",,"",43,"",11984,""
"202107","LRB","LRB","","","",499.811,"",,"",146,"",17242,""
"202107","LRB","LRB","","","DD",,"",,"",135,"",,""
"202107","LRB","LRB","","","SD",,"",,"",11,"",,""
"202107","RS","RS","","","",3129.811,"",,"",1091,"",52073,""
"202107","Fran_Bus","KMB","","","DD",,"",,"",3888,"",,""
"202108","Fran_Bus","KMB","","","",23326.071,"",3132.52,"",4020,"",529198,""
"202108","Fran_Bus","KMB","","","DD",,"",,"",3886,"",,""
"202108","Fran_Bus","KMB","","","SD",,"",,"",134,"",,""
"202108","Fran_Bus","CTB","1","","",4001.1719,"",2019.7709,"",764,"",98314,""
"202108","Fran_Bus","CTB","1","","DD",,"",,"",733,"",,""
"202108","Fran_Bus","CTB","1","","SD",,"",,"",31,"",,""
"202108","Fran_Bus","CTB","2","","",1499.0876,"",284.6592,"",194,"",25775,""
"202108","Fran_Bus","CTB","2","","DD",,"",,"",194,"",,""
"202108","Fran_Bus","CTB","2","","SD",,"",,"",0,"",,""
"202108","Fran_Bus","NWFB","","","",3361.2892,"",1336.2483,"",688,"",88592,""
"202108","Fran_Bus","NWFB","","","DD",,"",,"",671,"",,""
"202108","Fran_Bus","NWFB","","","SD",,"",,"",17,"",,""
"202108","Fran_Bus","LWB","","","",2286.051,"",,"",254,"",31806,""
"202108","Fran_Bus","LWB","","","DD",,"",,"",250,"",,""
"202108","Fran_Bus","LWB","","","SD",,"",,"",4,"",,""
"202108","Fran_Bus","NLB","","","",454.351,"",,"",142,"",12549,""
"202108","Fran_Bus","NLB","","","DD",,"",,"",58,"",,""
"202108","Fran_Bus","NLB","","","SD",,"",,"",84,"",,""
"202108","Railways","MTRC","","Local","",2791.816,"",,"",2036,"",645514,""
"202108","Railways","MTRC","","Airport","",109.545,"",,"",77,"",7700,""
"202108","Railways","MTRC","","LRT","",592.885,"",,"",142,"",34790,""
"202108","Railways","HKT","","","",371.73177,"",,"",161,"",18515,""
"202108","PLB","GMB","","","",25383.034,"",,"",3261,"",56410,""
"202108","PLB","RMB","","","",,"",,"",977,"",16229,""
"202108","Ferries","NWFF","","","",0,"",,"",22,"",13259,""
"202108","Ferries","STF","","","",0,"",,"",10,"",4750,""
"202108","Ferries","LFS","","","",0,"",,"",44,"",12386,""
"202108","LRB","LRB","","","",495.122,"",,"",145,"",17121,""
"202108","LRB","LRB","","","DD",,"",,"",134,"",,""
"202108","LRB","LRB","","","SD",,"",,"",11,"",,""
"202108","RS","RS","","","",3158.473,"",,"",1088,"",51869,""
"202108","TAX","TAX","","","",,"",,"",18046,"",76575,""
"202109","Fran_Bus","KMB","","","",22653.05,"",3034.999,"",4029,"",530423,""
"202109","TAX","TAX","","","",,"",,"",18052,"",76521,""
"202109","Fran_Bus","KMB","","","SD",,"",,"",135,"",,""
"202109","Fran_Bus","CTB","1","","",3854.7289,"",1939.4602,"",761,"",97990,""
"202109","Fran_Bus","CTB","1","","DD",,"",,"",732,"",,""
"202109","Fran_Bus","CTB","1","","SD",,"",,"",29,"",,""
"202109","Fran_Bus","CTB","2","","",1447.5573,"",265.0363,"",191,"",25406,""
"202109","Fran_Bus","CTB","2","","DD",,"",,"",191,"",,""
"202109","Fran_Bus","CTB","2","","SD",,"",,"",0,"",,""
"202109","Fran_Bus","NWFB","","","",3264.1169,"",1295.8978,"",689,"",88729,""
"202109","Fran_Bus","NWFB","","","DD",,"",,"",672,"",,""
"202109","Fran_Bus","NWFB","","","SD",,"",,"",17,"",,""
"202109","Fran_Bus","LWB","","","",2211.191,"",,"",253,"",32025,""
"202109","Fran_Bus","LWB","","","DD",,"",,"",249,"",,""
"202109","Fran_Bus","LWB","","","SD",,"",,"",4,"",,""
"202109","Fran_Bus","NLB","","","",487.169,"",,"",143,"",12616,""
"202109","Fran_Bus","NLB","","","DD",,"",,"",58,"",,""
"202109","Fran_Bus","NLB","","","SD",,"",,"",85,"",,""
"202109","Railways","MTRC","","Local","",2744.829,"",,"",2036,"",645514,""
"202109","Railways","MTRC","","Airport","",101.92,"",,"",77,"",7700,""
"202109","Railways","MTRC","","LRT","",580.639,"",,"",142,"",34790,""
"202109","Railways","HKT","","","",365.9976,"",,"",161,"",18515,""
"202109","PLB","GMB","","","",24840.157,"",,"",3262,"",56450,""
"202109","PLB","RMB","","","",,"",,"",971,"",16133,""
"202109","Ferries","NWFF","","","",0,"",,"",22,"",13259,""
"202109","Ferries","STF","","","",0,"",,"",10,"",4750,""
"202109","Ferries","LFS","","","",0,"",,"",44,"",12386,""
"202109","LRB","LRB","","","",486.7185,"",,"",144,"",16999,""
"202109","LRB","LRB","","","DD",,"",,"",133,"",,""
"202109","LRB","LRB","","","SD",,"",,"",11,"",,""
"202109","RS","RS","","","",3066.254,"",,"",1100,"",52909,""
"202109","Fran_Bus","KMB","","","DD",,"",,"",3894,"",,""
"202110","Railways","MTRC","","LRT","",583.92,"",,"",142,"",34790,""
"202110","Railways","MTRC","","Airport","",108.605,"",,"",77,"",7700,""
"202110","PLB","GMB","","","",24423.929,"",,"",3270,"",56612,""
"202110","PLB","RMB","","","",,"",,"",972,"",16154,""
"202110","Ferries","NWFF","","","",0,"",,"",22,"",13259,""
"202110","Ferries","STF","","","",0,"",,"",10,"",4750,""
"202110","Ferries","LFS","","","",0,"",,"",44,"",12386,""
"202110","LRB","LRB","","","",481.2838,"",,"",144,"",16999,""
"202110","LRB","LRB","","","DD",,"",,"",133,"",,""
"202110","LRB","LRB","","","SD",,"",,"",11,"",,""
"202110","RS","RS","","","",2969.304,"",,"",1094,"",52599,""
"202110","TAX","TAX","","","",,"",,"",18040,"",76368,""
"202110","Railways","HKT","","","",351.53702,"",,"",161,"",18515,""
"202110","Railways","MTRC","","Local","",2747.98,"",,"",2036,"",645514,""
"202110","Fran_Bus","NLB","","","SD",,"",,"",83,"",,""
"202110","Fran_Bus","NLB","","","DD",,"",,"",58,"",,""
"202110","Fran_Bus","NLB","","","",456.084,"",,"",141,"",12464,""
"202110","Fran_Bus","LWB","","","SD",,"",,"",4,"",,""
"202110","Fran_Bus","LWB","","","DD",,"",,"",251,"",,""
"202110","Fran_Bus","LWB","","","",2169.15,"",,"",255,"",32265,""
"202110","Fran_Bus","NWFB","","","SD",,"",,"",17,"",,""
"202110","Fran_Bus","NWFB","","","DD",,"",,"",672,"",,""
"202110","Fran_Bus","NWFB","","","",3174.6909,"",1246.9293,"",689,"",88729,""
"202110","Fran_Bus","CTB","2","","SD",,"",,"",0,"",,""
"202110","Fran_Bus","CTB","2","","DD",,"",,"",189,"",,""
"202110","Fran_Bus","CTB","2","","",1411.0709,"",252.2787,"",189,"",25155,""
"202110","Fran_Bus","CTB","1","","SD",,"",,"",28,"",,""
"202110","Fran_Bus","CTB","1","","DD",,"",,"",723,"",,""
"202110","Fran_Bus","CTB","1","","",3696.702,"",1852.8986,"",751,"",96711,""
"202110","Fran_Bus","KMB","","","SD",,"",,"",136,"",,""
"202110","Fran_Bus","KMB","","","DD",,"",,"",3900,"",,""
"202110","Fran_Bus","KMB","","","",21991.721,"",2906.84,"",4036,"",531185,""
"202111","Railways","MTRC","","LRT","",577.836,"",,"",142,"",34790,""
"202111","Fran_Bus","KMB","","","",22846.589,"",3050.317,"",3997,"",526246,""
"202111","PLB","GMB","","","",24816.344,"",,"",3266,"",56593,""
"202111","PLB","RMB","","","",,"",,"",972,"",16151,""
"202111","Ferries","NWFF","","","",0,"",,"",22,"",13259,""
"202111","Ferries","STF","","","",0,"",,"",10,"",4750,""
"202111","Ferries","LFS","","","",0,"",,"",44,"",12386,""
"202111","LRB","LRB","","","",495.0767,"",,"",145,"",17121,""
"202111","LRB","LRB","","","DD",,"",,"",134,"",,""
"202111","LRB","LRB","","","SD",,"",,"",11,"",,""
"202111","RS","RS","","","",3096.647,"",,"",1093,"",52586,""
"202111","TAX","TAX","","","",,"",,"",18054,"",76327,""
"202111","Railways","MTRC","","Airport","",101.015,"",,"",77,"",7700,""
"202111","Railways","MTRC","","Local","",2763.071,"",,"",2036,"",645514,""
"202111","Fran_Bus","NLB","","","SD",,"",,"",80,"",,""
"202111","Fran_Bus","NLB","","","DD",,"",,"",58,"",,""
"202111","Fran_Bus","NLB","","","",465.992,"",,"",138,"",12251,""
"202111","Fran_Bus","LWB","","","SD",,"",,"",4,"",,""
"202111","Fran_Bus","LWB","","","DD",,"",,"",253,"",,""
"202111","Fran_Bus","LWB","","","",2213.412,"",,"",257,"",33202,""
"202111","Fran_Bus","NWFB","","","SD",,"",,"",17,"",,""
"202111","Fran_Bus","NWFB","","","DD",,"",,"",672,"",,""
"202111","Fran_Bus","NWFB","","","",3284.027,"",1302.0704,"",689,"",88729,""
"202111","Fran_Bus","CTB","2","","SD",,"",,"",0,"",,""
"202111","Fran_Bus","CTB","2","","DD",,"",,"",188,"",,""
"202111","Fran_Bus","CTB","2","","",1450.4645,"",259.3244,"",188,"",25046,""
"202111","Fran_Bus","CTB","1","","SD",,"",,"",27,"",,""
"202111","Fran_Bus","CTB","1","","DD",,"",,"",732,"",,""
"202111","Fran_Bus","CTB","1","","",3848.2358,"",1939.9342,"",759,"",98000,""
"202111","Fran_Bus","KMB","","","SD",,"",,"",136,"",,""
"202111","Fran_Bus","KMB","","","DD",,"",,"",3861,"",,""
"202111","Railways","HKT","","","",363.54921,"",,"",161,"",18515,""
"202112","Fran_Bus","LWB","","","",2297.413,"",,"",257,"",33331,""
"202112","Fran_Bus","LWB","","","DD",,"",,"",253,"",,""
"202112","Fran_Bus","LWB","","","SD",,"",,"",4,"",,""
"202112","Fran_Bus","NLB","","","",481.321,"",,"",135,"",12032,""
"202112","Fran_Bus","NLB","","","DD",,"",,"",58,"",,""
"202112","Fran_Bus","NLB","","","SD",,"",,"",77,"",,""
"202112","Railways","MTRC","","Local","",2902.774,"",,"",2000,"",634654,""
"202112","Railways","MTRC","","Airport","",143.274,"",,"",77,"",7700,""
"202112","Railways","MTRC","","LRT","",598.371,"",,"",145,"",35525,""
"202112","Railways","HKT","","","",375.98136,"",,"",161,"",18515,""
"202112","PLB","GMB","","","",25326.244,"",,"",3251,"",56383,""
"202112","PLB","RMB","","","",,"",,"",977,"",16249,""
"202112","Ferries","NWFF","","","",0,"",,"",22,"",13259,""
"202112","Ferries","STF","","","",0,"",,"",10,"",4750,""
"202112","Ferries","LFS","","","",0,"",,"",44,"",12386,""
"202112","LRB","LRB","","","",506.6521,"",,"",145,"",17121,""
"202112","LRB","LRB","","","DD",,"",,"",134,"",,""
"202112","LRB","LRB","","","SD",,"",,"",11,"",,""
"202112","RS","RS","","","",3157.828,"",,"",1098,"",52728,""
"202112","TAX","TAX","","","",,"",,"",18061,"",76240,""
"202112","Fran_Bus","KMB","","","",23456.19,"",3141.784,"",4001,"",526707,""
"202112","Fran_Bus","KMB","","","DD",,"",,"",3865,"",,""
"202112","Fran_Bus","KMB","","","SD",,"",,"",136,"",,""
"202112","Fran_Bus","CTB","1","","",3959.6369,"",1984.2502,"",771,"",99502,""
"202112","Fran_Bus","CTB","1","","DD",,"",,"",746,"",,""
"202112","Fran_Bus","CTB","1","","SD",,"",,"",25,"",,""
"202112","Fran_Bus","CTB","2","","",1495.3701,"",268.0455,"",188,"",25042,""
"202112","Fran_Bus","CTB","2","","DD",,"",,"",188,"",,""
"202112","Fran_Bus","CTB","2","","SD",,"",,"",0,"",,""
"202112","Fran_Bus","NWFB","","","",3365.1475,"",1333.1529,"",688,"",88661,""
"202112","Fran_Bus","NWFB","","","DD",,"",,"",672,"",,""
"202112","Fran_Bus","NWFB","","","SD",,"",,"",16,"",,""
"202201","Fran_Bus","KMB","","","",22537.358,"",3022.284,"",4013,"",528415,""
"202201","Fran_Bus","KMB","","","DD",,"",,"",3877,"",,""
"202201","Fran_Bus","KMB","","","SD",,"",,"",136,"",,""
"202201","Fran_Bus","CTB","1","","",3694.721,"",1837.6519,"",776,"",100097,""
"202201","Fran_Bus","CTB","1","","DD",,"",,"",750,"",,""
"202201","Fran_Bus","CTB","1","","SD",,"",,"",26,"",,""
"202201","Fran_Bus","CTB","2","","",1482.2403,"",267.3949,"",188,"",25030,""
"202201","Fran_Bus","CTB","2","","DD",,"",,"",188,"",,""
"202201","Fran_Bus","CTB","2","","SD",,"",,"",0,"",,""
"202201","Fran_Bus","NWFB","","","",3170.8173,"",1264.739,"",688,"",88661,""
"202201","Fran_Bus","NWFB","","","DD",,"",,"",672,"",,""
"202201","Fran_Bus","NWFB","","","SD",,"",,"",16,"",,""
"202201","Fran_Bus","LWB","","","",2281.122,"",,"",257,"",33415,""
"202201","Fran_Bus","LWB","","","DD",,"",,"",253,"",,""
"202201","Fran_Bus","LWB","","","SD",,"",,"",4,"",,""
"202201","Fran_Bus","NLB","","","",459.036,"",,"",135,"",12036,""
"202201","Fran_Bus","NLB","","","DD",,"",,"",58,"",,""
"202201","Fran_Bus","NLB","","","SD",,"",,"",77,"",,""
"202201","Railways","MTRC","","Local","",2824.581,"",,"",2000,"",634654,""
"202201","Railways","MTRC","","Airport","",109.58,"",,"",77,"",7700,""
"202201","Railways","MTRC","","LRT","",599.016,"",,"",145,"",35525,""
"202201","Railways","HKT","","","",374.59967,"",,"",161,"",18515,""
"202201","PLB","GMB","","","",24593.455,"",,"",3254,"",56437,""
"202201","PLB","RMB","","","",,"",,"",967,"",16092,""
"202201","Ferries","NWFF","","","",0,"",,"",22,"",13259,""
"202201","Ferries","STF","","","",0,"",,"",10,"",4750,""
"202201","Ferries","LFS","","","",0,"",,"",44,"",12386,""
"202201","LRB","LRB","","","",505.1416,"",,"",145,"",17121,""
"202201","LRB","LRB","","","DD",,"",,"",134,"",,""
"202201","LRB","LRB","","","SD",,"",,"",11,"",,""
"202201","RS","RS","","","",3134.152,"",,"",1089,"",52247,""
"202201","TAX","TAX","","","",,"",,"",18059,"",76159,""
"202202","Ferries","LFS","","","",0,"",,"",43,"",12216,""
"202202","LRB","LRB","","","",445.5103,"",,"",145,"",17121,""
"202202","LRB","LRB","","","DD",,"",,"",134,"",,""
"202202","LRB","LRB","","","SD",,"",,"",11,"",,""
"202202","RS","RS","","","",2782.48,"",,"",1075,"",51383,""
"202202","TAX","TAX","","","",,"",,"",18045,"",76058,""
"202202","Fran_Bus","KMB","","","",18181.421,"",2454.917,"",4016,"",528808,""
"202202","Fran_Bus","KMB","","","DD",,"",,"",3880,"",,""
"202202","Fran_Bus","KMB","","","SD",,"",,"",136,"",,""
"202202","Fran_Bus","CTB","1","","",2933.3172,"",1450.7145,"",726,"",94081,""
"202202","Fran_Bus","CTB","1","","DD",,"",,"",703,"",,""
"202202","Fran_Bus","CTB","1","","SD",,"",,"",23,"",,""
"202202","Fran_Bus","CTB","2","","",1243.4253,"",227.6631,"",186,"",24771,""
"202202","Fran_Bus","CTB","2","","DD",,"",,"",186,"",,""
"202202","Fran_Bus","CTB","2","","SD",,"",,"",0,"",,""
"202202","Fran_Bus","NWFB","","","",2523.9111,"",1013.2959,"",684,"",88141,""
"202202","Fran_Bus","NWFB","","","DD",,"",,"",668,"",,""
"202202","Fran_Bus","NWFB","","","SD",,"",,"",16,"",,""
"202202","Fran_Bus","LWB","","","",1897.934,"",,"",257,"",33415,""
"202202","Fran_Bus","LWB","","","DD",,"",,"",253,"",,""
"202202","Fran_Bus","LWB","","","SD",,"",,"",4,"",,""
"202202","Fran_Bus","NLB","","","",424.927,"",,"",134,"",11973,""
"202202","Fran_Bus","NLB","","","DD",,"",,"",58,"",,""
"202202","Fran_Bus","NLB","","","SD",,"",,"",76,"",,""
"202202","Railways","MTRC","","Local","",2434.383,"",,"",2000,"",634654,""
"202202","Railways","MTRC","","Airport","",92.289,"",,"",77,"",7700,""
"202202","Railways","MTRC","","LRT","",526.818,"",,"",145,"",35525,""
"202202","Railways","HKT","","","",314.94184,"",,"",161,"",18515,""
"202202","PLB","GMB","","","",20158.741,"",,"",3248,"",56350,""
"202202","PLB","RMB","","","",,"",,"",956,"",15916,""
"202202","Ferries","NWFF","","","",0,"",,"",22,"",13259,""
"202202","Ferries","STF","","","",0,"",,"",10,"",4750,""
"202203","Fran_Bus","KMB","","","",16395.016,"",2423.685,"",4000,"",527000,""
"202203","Fran_Bus","KMB","","","DD",,"",,"",3864,"",,""
"202203","Fran_Bus","KMB","","","SD",,"",,"",136,"",,""
"202203","Fran_Bus","CTB","1","","",2592.6582,"",1360.4533,"",681,"",87920,""
"202203","Fran_Bus","CTB","1","","DD",,"",,"",657,"",,""
"202203","Fran_Bus","CTB","1","","SD",,"",,"",24,"",,""
"202203","Fran_Bus","CTB","2","","",1008.1336,"",188.8124,"",178,"",23709,""
"202203","Fran_Bus","CTB","2","","DD",,"",,"",178,"",,""
"202203","Fran_Bus","CTB","2","","SD",,"",,"",0,"",,""
"202203","Fran_Bus","NWFB","","","",2106.1168,"",890.1529,"",636,"",81822,""
"202203","Fran_Bus","NWFB","","","DD",,"",,"",620,"",,""
"202203","Fran_Bus","NWFB","","","SD",,"",,"",16,"",,""
"202203","Fran_Bus","LWB","","","",1778.844,"",,"",257,"",33415,""
"202203","Fran_Bus","LWB","","","DD",,"",,"",253,"",,""
"202203","Fran_Bus","LWB","","","SD",,"",,"",4,"",,""
"202203","Fran_Bus","NLB","","","",373.187,"",,"",133,"",11906,""
"202203","Fran_Bus","NLB","","","DD",,"",,"",58,"",,""
"202203","Fran_Bus","NLB","","","SD",,"",,"",75,"",,""
"202203","Railways","MTRC","","Local","",2313.068,"",,"",2000,"",634654,""
"202203","Railways","MTRC","","Airport","",103.417,"",,"",77,"",7700,""
"202203","Railways","MTRC","","LRT","",432.325,"",,"",145,"",35525,""
"202203","Railways","HKT","","","",324.34367,"",,"",161,"",18515,""
"202203","PLB","GMB","","","",21168.149,"",,"",3247,"",56370,""
"202203","PLB","RMB","","","",,"",,"",955,"",15897,""
"202203","Ferries","NWFF","","","",0,"",,"",22,"",13259,""
"202203","Ferries","STF","","","",0,"",,"",10,"",4750,""
"202203","Ferries","LFS","","","",0,"",,"",41,"",11890,""
"202203","LRB","LRB","","","",482.0208,"",,"",145,"",17121,""
"202203","LRB","LRB","","","DD",,"",,"",134,"",,""
"202203","LRB","LRB","","","SD",,"",,"",11,"",,""
"202203","RS","RS","","","",2954.262,"",,"",1076,"",51399,""
"202203","TAX","TAX","","","",,"",,"",18002,"",75809,""
"202204","Fran_Bus","KMB","","","",17673.885,"",2495.52,"",4004,"",527859,""
"202204","Fran_Bus","KMB","","","DD",,"",,"",3867,"",,""
"202204","Fran_Bus","KMB","","","SD",,"",,"",137,"",,""
"202204","Fran_Bus","CTB","1","","",2643.1131,"",1396.7323,"",684,"",88650,""
"202204","Fran_Bus","CTB","1","","DD",,"",,"",671,"",,""
"202204","Fran_Bus","CTB","1","","SD",,"",,"",13,"",,""
"202204","Fran_Bus","CTB","2","","",936.1106,"",168.1528,"",170,"",22705,""
"202204","Fran_Bus","CTB","2","","DD",,"",,"",170,"",,""
"202204","Fran_Bus","CTB","2","","SD",,"",,"",0,"",,""
"202204","Fran_Bus","NWFB","","","",2150.6703,"",888.7284,"",653,"",84024,""
"202204","Fran_Bus","NWFB","","","DD",,"",,"",637,"",,""
"202204","Fran_Bus","NWFB","","","SD",,"",,"",16,"",,""
"202204","Fran_Bus","LWB","","","",1852.339,"",,"",257,"",33367,""
"202204","Fran_Bus","LWB","","","DD",,"",,"",253,"",,""
"202204","Fran_Bus","LWB","","","SD",,"",,"",4,"",,""
"202204","Fran_Bus","NLB","","","",437.762,"",,"",134,"",11973,""
"202204","Fran_Bus","NLB","","","DD",,"",,"",58,"",,""
"202204","Fran_Bus","NLB","","","SD",,"",,"",76,"",,""
"202204","Railways","MTRC","","Local","",2431.634,"",,"",2000,"",634654,""
"202204","Railways","MTRC","","Airport","",98.752,"",,"",77,"",7700,""
"202204","Railways","MTRC","","LRT","",470.445,"",,"",145,"",35525,""
"202204","Railways","HKT","","","",345.50862,"",,"",161,"",18515,""
"202204","PLB","GMB","","","",22136.842,"",,"",3238,"",56245,""
"202204","PLB","RMB","","","",,"",,"",946,"",15748,""
"202204","Ferries","NWFF","","","",0,"",,"",22,"",13259,""
"202204","Ferries","STF","","","",0,"",,"",10,"",4750,""
"202204","Ferries","LFS","","","",0,"",,"",42,"",12407,""
"202204","LRB","LRB","","","",493.812,"",,"",145,"",17121,""
"202204","LRB","LRB","","","DD",,"",,"",134,"",,""
"202204","LRB","LRB","","","SD",,"",,"",11,"",,""
"202204","RS","RS","","","",2812.138,"",,"",1069,"",51053,""
"202204","TAX","TAX","","","",,"",,"",17963,"",75545,""
"202205","TAX","TAX","","","",,"",,"",17968,"",75431,""
"202205","Fran_Bus","KMB","","","",21811.176,"",2879.468,"",4013,"",529567,""
"202205","Fran_Bus","KMB","","","DD",,"",,"",3863,"",,""
"202205","Fran_Bus","KMB","","","SD",,"",,"",150,"",,""
"202205","Fran_Bus","CTB","1","","",3099.5456,"",1586.9133,"",705,"",91332,""
"202205","Fran_Bus","CTB","1","","DD",,"",,"",691,"",,""
"202205","Fran_Bus","CTB","1","","SD",,"",,"",14,"",,""
"202205","Fran_Bus","CTB","2","","",1061.8342,"",199.4889,"",163,"",21761,""
"202205","Fran_Bus","CTB","2","","DD",,"",,"",163,"",,""
"202205","Fran_Bus","CTB","2","","SD",,"",,"",0,"",,""
"202205","Fran_Bus","NWFB","","","",2538.3487,"",1014.6008,"",647,"",83296,""
"202205","Fran_Bus","NWFB","","","DD",,"",,"",632,"",,""
"202205","Fran_Bus","NWFB","","","SD",,"",,"",15,"",,""
"202205","Fran_Bus","LWB","","","",2179.27,"",,"",257,"",33367,""
"202205","Fran_Bus","LWB","","","DD",,"",,"",253,"",,""
"202205","Fran_Bus","LWB","","","SD",,"",,"",4,"",,""
"202205","Fran_Bus","NLB","","","",454.479,"",,"",134,"",11973,""
"202205","Fran_Bus","NLB","","","DD",,"",,"",58,"",,""
"202205","Fran_Bus","NLB","","","SD",,"",,"",76,"",,""
"202205","Railways","MTRC","","Local","",2830.888,"",,"",1946,"",618104,""
"202205","Railways","MTRC","","Airport","",102.894,"",,"",77,"",7700,""
"202205","Railways","MTRC","","LRT","",583.508,"",,"",145,"",35525,""
"202205","Railways","HKT","","","",354.96171,"",,"",161,"",18515,""
"202205","PLB","GMB","","","",23672.288,"",,"",3229,"",56112,""
"202205","PLB","RMB","","","",,"",,"",934,"",15559,""
"202205","Ferries","NWFF","","","",0,"",,"",22,"",13259,""
"202205","Ferries","STF","","","",0,"",,"",10,"",4750,""
"202205","Ferries","LFS","","","",0,"",,"",46,"",13350,""
"202205","LRB","LRB","","","",510.6138,"",,"",145,"",17121,""
"202205","LRB","LRB","","","DD",,"",,"",134,"",,""
"202205","LRB","LRB","","","SD",,"",,"",11,"",,""
"202205","RS","RS","","","",3000.507,"",,"",1065,"",50880,""
"202206","Fran_Bus","LWB","","","SD",,"",,"",4,"",,""
"202206","Fran_Bus","NLB","","","",429.56,"",,"",134,"",11973,""
"202206","Fran_Bus","NLB","","","DD",,"",,"",58,"",,""
"202206","Fran_Bus","NLB","","","SD",,"",,"",76,"",,""
"202206","Railways","MTRC","","Local","",2813.052,"",,"",1946,"",618104,""
"202206","Railways","MTRC","","Airport","",100.458,"",,"",77,"",7700,""
"202206","Fran_Bus","KMB","","","",21900.779,"",2855.581,"",4010,"",530016,""
"202206","Fran_Bus","KMB","","","DD",,"",,"",3863,"",,""
"202206","Fran_Bus","KMB","","","SD",,"",,"",147,"",,""
"202206","Fran_Bus","CTB","1","","",3298.6677,"",1621.4257,"",713,"",92691,""
"202206","Fran_Bus","CTB","1","","DD",,"",,"",700,"",,""
"202206","Fran_Bus","CTB","1","","SD",,"",,"",13,"",,""
"202206","Fran_Bus","CTB","2","","",1082.1541,"",197.064,"",162,"",21666,""
"202206","Fran_Bus","CTB","2","","DD",,"",,"",162,"",,""
"202206","Fran_Bus","CTB","2","","SD",,"",,"",0,"",,""
"202206","Fran_Bus","NWFB","","","",2744.3916,"",1080.2751,"",654,"",84571,""
"202206","Fran_Bus","NWFB","","","DD",,"",,"",644,"",,""
"202206","Fran_Bus","NWFB","","","SD",,"",,"",10,"",,""
"202206","Fran_Bus","LWB","","","",2142.414,"",,"",256,"",33256,""
"202206","Fran_Bus","LWB","","","DD",,"",,"",252,"",,""
"202206","Railways","MTRC","","LRT","",566.244,"",,"",145,"",35525,""
"202206","Railways","HKT","","","",345.06102,"",,"",161,"",18515,""
"202206","PLB","GMB","","","",23248.759,"",,"",3230,"",56176,""
"202206","PLB","RMB","","","",,"",,"",921,"",15345,""
"202206","Ferries","NWFF","","","",0,"",,"",22,"",13259,""
"202206","Ferries","STF","","","",0,"",,"",10,"",4750,""
"202206","Ferries","LFS","","","",0,"",,"",44,"",12638,""
"202206","LRB","LRB","","","",501.3038,"",,"",145,"",17121,""
"202206","LRB","LRB","","","DD",,"",,"",134,"",,""
"202206","LRB","LRB","","","SD",,"",,"",11,"",,""
"202206","RS","RS","","","",2993.049,"",,"",1078,"",51400,""
"202206","TAX","TAX","","","",,"",,"",17969,"",75282,""
"202207","Ferries","STF","","","",0,"",,"",10,"",4750,""
"202207","Ferries","LFS","","","",0,"",,"",42,"",12040,""
"202207","LRB","LRB","","","",499.1799,"",,"",146,"",17242,""
"202207","LRB","LRB","","","DD",,"",,"",135,"",,""
"202207","LRB","LRB","","","SD",,"",,"",11,"",,""
"202207","RS","RS","","","",2999.051,"",,"",1074,"",51233,""
"202207","TAX","TAX","","","",,"",,"",17943,"",75076,""
"202207","Fran_Bus","KMB","","","",22400.488,"",2869.331,"",3999,"",528690,""
"202207","Fran_Bus","KMB","","","DD",,"",,"",3850,"",,""
"202207","Fran_Bus","KMB","","","SD",,"",,"",149,"",,""
"202207","Fran_Bus","CTB","1","","",3514.7233,"",1712.8179,"",721,"",93751,""
"202207","Fran_Bus","CTB","1","","DD",,"",,"",707,"",,""
"202207","Fran_Bus","CTB","1","","SD",,"",,"",14,"",,""
"202207","Fran_Bus","CTB","2","","",1089.4176,"",198.2437,"",166,"",22243,""
"202207","Fran_Bus","CTB","2","","DD",,"",,"",166,"",,""
"202207","Fran_Bus","CTB","2","","SD",,"",,"",0,"",,""
"202207","Fran_Bus","NWFB","","","",2892.9327,"",1113.6881,"",658,"",85356,""
"202207","Fran_Bus","NWFB","","","DD",,"",,"",651,"",,""
"202207","Fran_Bus","NWFB","","","SD",,"",,"",7,"",,""
"202207","Fran_Bus","LWB","","","",2137.402,"",,"",259,"",33635,""
"202207","Fran_Bus","LWB","","","DD",,"",,"",255,"",,""
"202207","Fran_Bus","LWB","","","SD",,"",,"",4,"",,""
"202207","Fran_Bus","NLB","","","",423.782,"",,"",133,"",11900,""
"202207","Fran_Bus","NLB","","","DD",,"",,"",58,"",,""
"202207","Fran_Bus","NLB","","","SD",,"",,"",75,"",,""
"202207","Railways","MTRC","","Local","",2851.902,"",,"",1946,"",618104,""
"202207","Railways","MTRC","","Airport","",102.883,"",,"",77,"",7700,""
"202207","Railways","MTRC","","LRT","",581.06,"",,"",145,"",35525,""
"202207","Railways","HKT","","","",348.54418,"",,"",161,"",18515,""
"202207","PLB","GMB","","","",23411.634,"",,"",3231,"",56219,""
"202207","PLB","RMB","","","",,"",,"",914,"",15239,""
"202207","Ferries","NWFF","","","",0,"",,"",22,"",13259,""
"202208","Fran_Bus","KMB","","","",22711.356,"",2875.396,"",3961,"",523658,""
"202208","Fran_Bus","NLB","","","SD",,"",,"",75,"",,""
"202208","Railways","MTRC","","Local","",2943.623,"",,"",1946,"",618104,""
"202208","Railways","MTRC","","Airport","",167.83,"",,"",77,"",7700,""
"202208","Railways","MTRC","","LRT","",584.221,"",,"",145,"",35525,""
"202208","Railways","HKT","","","",342.11399,"",,"",161,"",18515,""
"202208","PLB","GMB","","","",23628.601,"",,"",3235,"",56331,""
"202208","PLB","RMB","","","",,"",,"",909,"",15159,""
"202208","Ferries","NWFF","","","",0,"",,"",22,"",13259,""
"202208","Ferries","STF","","","",0,"",,"",10,"",4750,""
"202208","Ferries","LFS","","","",0,"",,"",42,"",12040,""
"202208","LRB","LRB","","","",535.2493,"",,"",149,"",17644,""
"202208","LRB","LRB","","","DD",,"",,"",138,"",,""
"202208","LRB","LRB","","","SD",,"",,"",11,"",,""
"202208","RS","RS","","","",3095.003,"",,"",1072,"",51168,""
"202208","TAX","TAX","","","",,"",,"",17950,"",74994,""
"202208","Fran_Bus","KMB","","","DD",,"",,"",3810,"",,""
"202208","Fran_Bus","KMB","","","SD",,"",,"",151,"",,""
"202208","Fran_Bus","CTB","1","","",3666.5735,"",1792.2687,"",719,"",93485,""
"202208","Fran_Bus","CTB","1","","DD",,"",,"",704,"",,""
"202208","Fran_Bus","CTB","1","","SD",,"",,"",15,"",,""
"202208","Fran_Bus","CTB","2","","",1125.0274,"",201.1841,"",163,"",21901,""
"202208","Fran_Bus","CTB","2","","DD",,"",,"",163,"",,""
"202208","Fran_Bus","CTB","2","","SD",,"",,"",0,"",,""
"202208","Fran_Bus","NWFB","","","",2988.9499,"",1132.0549,"",649,"",84302,""
"202208","Fran_Bus","NWFB","","","DD",,"",,"",643,"",,""
"202208","Fran_Bus","NWFB","","","SD",,"",,"",6,"",,""
"202208","Fran_Bus","LWB","","","",2167.8,"",,"",257,"",33369,""
"202208","Fran_Bus","LWB","","","DD",,"",,"",253,"",,""
"202208","Fran_Bus","LWB","","","SD",,"",,"",4,"",,""
"202208","Fran_Bus","NLB","","","",440.936,"",,"",133,"",11900,""
"202208","Fran_Bus","NLB","","","DD",,"",,"",58,"",,""
"202209","Fran_Bus","KMB","","","",22147.949,"",2745.218,"",3900,"",515330,""
"202209","Fran_Bus","KMB","","","DD",,"",,"",3749,"",,""
"202209","Fran_Bus","KMB","","","SD",,"",,"",151,"",,""
"202209","Fran_Bus","CTB","1","","",3570.338,"",1739.3047,"",717,"",93351,""
"202209","Fran_Bus","CTB","1","","DD",,"",,"",702,"",,""
"202209","Fran_Bus","CTB","1","","SD",,"",,"",15,"",,""
"202209","Fran_Bus","CTB","2","","",1143.9688,"",202.966,"",182,"",24316,""
"202209","Fran_Bus","CTB","2","","DD",,"",,"",182,"",,""
"202209","Fran_Bus","CTB","2","","SD",,"",,"",0,"",,""
"202209","Fran_Bus","NWFB","","","",2994.0644,"",1095.9038,"",651,"",84627,""
"202209","Ferries","LFS","","","",0,"",,"",42,"",12040,""
"202209","LRB","LRB","","","",523.9913,"",,"",149,"",17644,""
"202209","LRB","LRB","","","DD",,"",,"",138,"",,""
"202209","LRB","LRB","","","SD",,"",,"",11,"",,""
"202209","RS","RS","","","",2987.34,"",,"",1065,"",50770,""
"202209","TAX","TAX","","","",,"",,"",17941,"",74864,""
"202209","Fran_Bus","NWFB","","","DD",,"",,"",645,"",,""
"202209","Fran_Bus","NWFB","","","SD",,"",,"",6,"",,""
"202209","Fran_Bus","LWB","","","",2136.751,"",,"",257,"",33372,""
"202209","Fran_Bus","LWB","","","DD",,"",,"",253,"",,""
"202209","Fran_Bus","LWB","","","SD",,"",,"",4,"",,""
"202209","Fran_Bus","NLB","","","",441.871,"",,"",131,"",11776,""
"202209","Fran_Bus","NLB","","","DD",,"",,"",58,"",,""
"202209","Fran_Bus","NLB","","","SD",,"",,"",73,"",,""
"202209","Railways","MTRC","","Local","",2861.184,"",,"",1946,"",618104,""
"202209","Railways","MTRC","","Airport","",161.708,"",,"",77,"",7700,""
"202209","Railways","MTRC","","LRT","",566.288,"",,"",145,"",35525,""
"202209","Railways","HKT","","","",344.01067,"",,"",161,"",18515,""
"202209","PLB","GMB","","","",23440.505,"",,"",3242,"",56518,""
"202209","PLB","RMB","","","",,"",,"",901,"",15019,""
"202209","Ferries","NWFF","","","",0,"",,"",22,"",13259,""
"202209","Ferries","STF","","","",0,"",,"",10,"",4750,""
"202210","Fran_Bus","LWB","","","DD",,"",,"",260,"",,""
"202210","Fran_Bus","LWB","","","",2300.318,"",,"",264,"",34290,""
"202210","Fran_Bus","NLB","","","",476.128,"",,"",130,"",11715,""
"202210","Fran_Bus","NLB","","","DD",,"",,"",58,"",,""
"202210","Fran_Bus","NLB","","","SD",,"",,"",72,"",,""
"202210","Railways","MTRC","","Local","",2924.997,"",,"",1946,"",618104,""
"202210","Railways","MTRC","","Airport","",167.765,"",,"",77,"",7700,""
"202210","Railways","MTRC","","LRT","",584.307,"",,"",145,"",35525,""
"202210","Railways","HKT","","","",356.48231,"",,"",161,"",18515,""
"202210","PLB","GMB","","","",24360.161,"",,"",3255,"",56795,""
"202210","PLB","RMB","","","",,"",,"",886,"",14782,""
"202210","Ferries","NWFF","","","",0,"",,"",22,"",13259,""
"202210","Ferries","STF","","","",0,"",,"",10,"",4750,""
"202210","Ferries","LFS","","","",0,"",,"",43,"",12442,""
"202210","LRB","LRB","","","",541.3287,"",,"",149,"",17644,""
"202210","LRB","LRB","","","DD",,"",,"",138,"",,""
"202210","LRB","LRB","","","SD",,"",,"",11,"",,""
"202210","RS","RS","","","",3025.207,"",,"",1050,"",49951,""
"202210","TAX","TAX","","","",,"",,"",17918,"",74685,""
"202210","Fran_Bus","KMB","","","",22890.727,"",2805.747,"",3916,"",518216,""
"202210","Fran_Bus","KMB","","","DD",,"",,"",3766,"",,""
"202210","Fran_Bus","KMB","","","SD",,"",,"",150,"",,""
"202210","Fran_Bus","CTB","1","","",3695.1736,"",1790.1426,"",715,"",93194,""
"202210","Fran_Bus","CTB","1","","DD",,"",,"",701,"",,""
"202210","Fran_Bus","CTB","1","","SD",,"",,"",14,"",,""
"202210","Fran_Bus","CTB","2","","",1287.9872,"",239.5174,"",182,"",24332,""
"202210","Fran_Bus","CTB","2","","DD",,"",,"",182,"",,""
"202210","Fran_Bus","CTB","2","","SD",,"",,"",0,"",,""
"202210","Fran_Bus","NWFB","","","",3106.4873,"",1126.9426,"",644,"",83672,""
"202210","Fran_Bus","NWFB","","","DD",,"",,"",637,"",,""
"202210","Fran_Bus","NWFB","","","SD",,"",,"",7,"",,""
"202210","Fran_Bus","LWB","","","SD",,"",,"",4,"",,""
"202211","Fran_Bus","KMB","","","",21911.885,"",2720.114,"",3888,"",514716,""
"202211","Fran_Bus","KMB","","","DD",,"",,"",3739,"",,""
"202211","Fran_Bus","KMB","","","SD",,"",,"",149,"",,""
"202211","Fran_Bus","CTB","1","","",3536.0851,"",1717.5168,"",717,"",93413,""
"202211","Fran_Bus","CTB","1","","DD",,"",,"",700,"",,""
"202211","Fran_Bus","CTB","1","","SD",,"",,"",17,"",,""
"202211","Fran_Bus","CTB","2","","",1267.8029,"",233.7438,"",183,"",24463,""
"202211","Fran_Bus","CTB","2","","DD",,"",,"",183,"",,""
"202211","Fran_Bus","CTB","2","","SD",,"",,"",0,"",,""
"202211","Fran_Bus","NWFB","","","",2962.6293,"",1081.7454,"",648,"",84203,""
"202211","Fran_Bus","NWFB","","","DD",,"",,"",641,"",,""
"202211","Fran_Bus","NWFB","","","SD",,"",,"",7,"",,""
"202211","Fran_Bus","LWB","","","",2220.116,"",,"",262,"",34052,""
"202211","Fran_Bus","LWB","","","DD",,"",,"",258,"",,""
"202211","Fran_Bus","LWB","","","SD",,"",,"",4,"",,""
"202211","Fran_Bus","NLB","","","",441.118,"",,"",130,"",11715,""
"202211","Fran_Bus","NLB","","","DD",,"",,"",58,"",,""
"202211","Fran_Bus","NLB","","","SD",,"",,"",72,"",,""
"202211","Railways","MTRC","","Local","",2855.776,"",,"",1946,"",618104,""
"202211","Railways","MTRC","","Airport","",164.097,"",,"",77,"",7700,""
"202211","Railways","MTRC","","LRT","",566.77,"",,"",145,"",35525,""
"202211","Railways","HKT","","","",335.27476,"",,"",161,"",18515,""
"202211","PLB","GMB","","","",23382.304,"",,"",3255,"",56833,""
"202211","PLB","RMB","","","",,"",,"",877,"",14635,""
"202211","Ferries","NWFF","","","",0,"",,"",22,"",13259,""
"202211","Ferries","STF","","","",0,"",,"",10,"",4750,""
"202211","Ferries","LFS","","","",0,"",,"",42,"",12040,""
"202211","LRB","LRB","","","",521.9759,"",,"",149,"",17644,""
"202211","LRB","LRB","","","DD",,"",,"",138,"",,""
"202211","LRB","LRB","","","SD",,"",,"",11,"",,""
"202211","RS","RS","","","",2995.575,"",,"",1046,"",49966,""
"202211","TAX","TAX","","","",,"",,"",17901,"",74517,""
"202212","Fran_Bus","CTB","2","","",1348.0565,"",253.8565,"",180,"",24115,""
"202212","Fran_Bus","CTB","1","","SD",,"",,"",17,"",,""
"202212","Fran_Bus","CTB","2","","SD",,"",,"",0,"",,""
"202212","Fran_Bus","NWFB","","","",3077.7435,"",1125.528,"",640,"",83155,""
"202212","Fran_Bus","NWFB","","","DD",,"",,"",634,"",,""
"202212","Fran_Bus","NWFB","","","SD",,"",,"",6,"",,""
"202212","Fran_Bus","LWB","","","",2310.505,"",,"",264,"",34290,""
"202212","Fran_Bus","LWB","","","DD",,"",,"",260,"",,""
"202212","Fran_Bus","LWB","","","SD",,"",,"",4,"",,""
"202212","Fran_Bus","NLB","","","",470.344,"",,"",132,"",11849,""
"202212","Fran_Bus","NLB","","","DD",,"",,"",58,"",,""
"202212","Fran_Bus","NLB","","","SD",,"",,"",74,"",,""
"202212","Railways","MTRC","","Local","",2994.315,"",,"",1946,"",618104,""
"202212","Railways","MTRC","","Airport","",169.297,"",,"",77,"",7700,""
"202212","Railways","MTRC","","LRT","",586.644,"",,"",145,"",35525,""
"202212","Railways","HKT","","","",361.9086,"",,"",161,"",18515,""
"202212","PLB","GMB","","","",24086.83,"",,"",3272,"",57135,""
"202212","PLB","RMB","","","",,"",,"",871,"",14533,""
"202212","Ferries","NWFF","","","",0,"",,"",22,"",13259,""
"202212","Ferries","STF","","","",0,"",,"",10,"",4750,""
"202212","Ferries","LFS","","","",0,"",,"",43,"",12442,""
"202212","LRB","LRB","","","",545.4381,"",,"",149,"",17644,""
"202212","LRB","LRB","","","DD",,"",,"",138,"",,""
"202212","LRB","LRB","","","SD",,"",,"",11,"",,""
"202212","RS","RS","","","",2994.795,"",,"",1051,"",50040,""
"202212","TAX","TAX","","","",,"",,"",17892,"",74416,""
"202212","Fran_Bus","KMB","","","",22576.493,"",2808.052,"",3901,"",516723,""
"202212","Fran_Bus","KMB","","","DD",,"",,"",3752,"",,""
"202212","Fran_Bus","KMB","","","SD",,"",,"",149,"",,""
"202212","Fran_Bus","CTB","1","","",3686.2931,"",1779.3949,"",710,"",92594,""
"202212","Fran_Bus","CTB","1","","DD",,"",,"",693,"",,""
"202212","Fran_Bus","CTB","2","","DD",,"",,"",180,"",,""
"202301","Fran_Bus","KMB","","","",22447.54,"",2756.002,"",3877,"",513710,""
"202301","Fran_Bus","KMB","","","DD",,"",,"",3730,"",,""
"202301","TAX","TAX","","","",,"",,"",17869,"",74274,""
"202301","RS","RS","","","",2940.646,"",,"",1039,"",49648,""
"202301","LRB","LRB","","","SD",,"",,"",11,"",,""
"202301","LRB","LRB","","","DD",,"",,"",138,"",,""
"202301","LRB","LRB","","","",540.2522,"",,"",149,"",17644,""
"202301","Ferries","LFS","","","",0,"",,"",42,"",12219,""
"202301","Ferries","STF","","","",0,"",,"",10,"",4750,""
"202301","Ferries","NWFF","","","",0,"",,"",22,"",13259,""
"202301","PLB","RMB","","","",,"",,"",863,"",14402,""
"202301","PLB","GMB","","","",24001.006,"",,"",3281,"",57300,""
"202301","Railways","HKT","","","",364.43016,"",,"",161,"",18515,""
"202301","Railways","MTRC","","LRT","",581.584,"",,"",147,"",36015,""
"202301","Railways","MTRC","","Airport","",171.804,"",,"",77,"",7700,""
"202301","Railways","MTRC","","Local","",3056.129,"",,"",1996,"",634514,""
"202301","Fran_Bus","NLB","","","SD",,"",,"",75,"",,""
"202301","Fran_Bus","NLB","","","DD",,"",,"",58,"",,""
"202301","Fran_Bus","NLB","","","",588.247,"",,"",133,"",11916,""
"202301","Fran_Bus","LWB","","","SD",,"",,"",4,"",,""
"202301","Fran_Bus","LWB","","","DD",,"",,"",261,"",,""
"202301","Fran_Bus","LWB","","","",2331.731,"",,"",265,"",34409,""
"202301","Fran_Bus","NWFB","","","SD",,"",,"",7,"",,""
"202301","Fran_Bus","NWFB","","","DD",,"",,"",622,"",,""
"202301","Fran_Bus","NWFB","","","",3051.0991,"",1105.8955,"",629,"",81732,""
"202301","Fran_Bus","CTB","2","","SD",,"",,"",0,"",,""
"202301","Fran_Bus","CTB","2","","DD",,"",,"",187,"",,""
"202301","Fran_Bus","CTB","2","","",1475.2532,"",295.2023,"",187,"",24889,""
"202301","Fran_Bus","CTB","1","","SD",,"",,"",17,"",,""
"202301","Fran_Bus","CTB","1","","DD",,"",,"",716,"",,""
"202301","Fran_Bus","CTB","1","","",3689.6359,"",1761.4524,"",733,"",95278,""
"202301","Fran_Bus","KMB","","","SD",,"",,"",147,"",,""
"202302","Fran_Bus","KMB","","","",20537.62,"",2529.925,"",3954,"",524194,""
"202302","TAX","TAX","","","",,"",,"",17874,"",74265,""
"202302","LRB","LRB","","","SD",,"",,"",11,"",,""
"202302","LRB","LRB","","","DD",,"",,"",138,"",,""
"202302","LRB","LRB","","","",499.7919,"",,"",149,"",17644,""
"202302","Ferries","LFS","","","",0,"",,"",44,"",12612,""
"202302","Ferries","STF","","","",0,"",,"",10,"",4750,""
"202302","Ferries","NWFF","","","",0,"",,"",22,"",13259,""
"202302","PLB","RMB","","","",,"",,"",855,"",14271,""
"202302","PLB","GMB","","","",22402.485,"",,"",3293,"",57525,""
"202302","Railways","HKT","","","",329.51748,"",,"",161,"",18515,""
"202302","Railways","MTRC","","LRT","",524.687,"",,"",147,"",36015,""
"202302","Railways","MTRC","","Airport","",154.084,"",,"",77,"",7700,""
"202302","Railways","MTRC","","Local","",2858.938,"",,"",1996,"",634514,""
"202302","Fran_Bus","NLB","","","SD",,"",,"",73,"",,""
"202302","Fran_Bus","NLB","","","DD",,"",,"",58,"",,""
"202302","Fran_Bus","NLB","","","",506.274,"",,"",131,"",11774,""
"202302","Fran_Bus","LWB","","","SD",,"",,"",4,"",,""
"202302","Fran_Bus","LWB","","","DD",,"",,"",274,"",,""
"202302","Fran_Bus","LWB","","","",2132.995,"",,"",278,"",36169,""
"202302","Fran_Bus","NWFB","","","SD",,"",,"",7,"",,""
"202302","Fran_Bus","NWFB","","","DD",,"",,"",614,"",,""
"202302","Fran_Bus","NWFB","","","",2773.7799,"",1010.5913,"",621,"",80682,""
"202302","Fran_Bus","CTB","2","","SD",,"",,"",0,"",,""
"202302","Fran_Bus","CTB","2","","DD",,"",,"",188,"",,""
"202302","Fran_Bus","CTB","2","","",1419.3365,"",296.716,"",188,"",24999,""
"202302","Fran_Bus","CTB","1","","SD",,"",,"",17,"",,""
"202302","Fran_Bus","CTB","1","","DD",,"",,"",724,"",,""
"202302","Fran_Bus","CTB","1","","",3437.2562,"",1617.6082,"",741,"",96393,""
"202302","Fran_Bus","KMB","","","SD",,"",,"",147,"",,""
"202302","Fran_Bus","KMB","","","DD",,"",,"",3807,"",,""
"202302","RS","RS","","","",2801.225,"",,"",1047,"",50097,""
"202303","Railways","MTRC","","Airport","",171.038,"",,"",77,"",7700,""
"202303","Railways","MTRC","","LRT","",580.791,"",,"",147,"",36015,""
"202303","Railways","HKT","","","",354.30503,"",,"",161,"",18515,""
"202303","PLB","GMB","","","",25132.771,"",,"",3299,"",57653,""
"202303","PLB","RMB","","","",,"",,"",847,"",14146,""
"202303","Ferries","NWFF","","","",0,"",,"",22,"",13259,""
"202303","Ferries","STF","","","",0,"",,"",10,"",4750,""
"202303","Ferries","LFS","","","",0,"",,"",44,"",12612,""
"202303","LRB","LRB","","","",566.5975,"",,"",149,"",17644,""
"202303","LRB","LRB","","","DD",,"",,"",138,"",,""
"202303","LRB","LRB","","","SD",,"",,"",11,"",,""
"202303","RS","RS","","","",3069.15,"",,"",1038,"",49333,""
"202303","TAX","TAX","","","",,"",,"",17859,"",74153,""
"202303","Fran_Bus","KMB","","","",22691.284,"",2811.468,"",3989,"",529297,""
"202303","Fran_Bus","KMB","","","DD",,"",,"",3839,"",,""
"202303","Fran_Bus","KMB","","","SD",,"",,"",150,"",,""
"202303","Fran_Bus","CTB","1","","",3824.6224,"",1790.3376,"",746,"",96961,""
"202303","Fran_Bus","CTB","1","","DD",,"",,"",729,"",,""
"202303","Fran_Bus","CTB","1","","SD",,"",,"",17,"",,""
"202303","Fran_Bus","CTB","2","","",1648.344,"",353.8837,"",193,"",25549,""
"202303","Fran_Bus","CTB","2","","DD",,"",,"",193,"",,""
"202303","Fran_Bus","CTB","2","","SD",,"",,"",0,"",,""
"202303","Fran_Bus","NWFB","","","",3076.3625,"",1132.8448,"",637,"",82862,""
"202303","Fran_Bus","NWFB","","","DD",,"",,"",630,"",,""
"202303","Fran_Bus","NWFB","","","SD",,"",,"",7,"",,""
"202303","Fran_Bus","LWB","","","",2400.275,"",,"",277,"",36091,""
"202303","Fran_Bus","LWB","","","DD",,"",,"",273,"",,""
"202303","Fran_Bus","LWB","","","SD",,"",,"",4,"",,""
"202303","Fran_Bus","NLB","","","",562.605,"",,"",135,"",12109,""
"202303","Fran_Bus","NLB","","","DD",,"",,"",59,"",,""
"202303","Fran_Bus","NLB","","","SD",,"",,"",76,"",,""
"202303","Railways","MTRC","","Local","",3191.438,"",,"",1996,"",634514,""
"202304","Railways","MTRC","","Local","",3055.276,"",,"",1996,"",634514,""
"202304","Railways","MTRC","","Airport","",165.57,"",,"",77,"",7700,""
"202304","Railways","MTRC","","LRT","",561.721,"",,"",147,"",36015,""
"202304","Railways","HKT","","","",337.00843,"",,"",161,"",18515,""
"202304","PLB","GMB","","","",23546.438,"",,"",3299,"",57668,""
"202304","PLB","RMB","","","",,"",,"",842,"",14066,""
"202304","Ferries","NWFF","","","",0,"",,"",22,"",13259,""
"202304","Ferries","STF","","","",0,"",,"",10,"",4750,""
"202304","Ferries","LFS","","","",0,"",,"",42,"",12219,""
"202304","LRB","LRB","","","",535.9133,"",,"",149,"",17644,""
"202304","LRB","LRB","","","DD",,"",,"",138,"",,""
"202304","LRB","LRB","","","SD",,"",,"",11,"",,""
"202304","RS","RS","","","",2852.458,"",,"",1041,"",49504,""
"202304","TAX","TAX","","","",,"",,"",17843,"",74023,""
"202304","Fran_Bus","KMB","","","",21378.524,"",2597.377,"",3982,"",528413,""
"202304","Fran_Bus","KMB","","","DD",,"",,"",3832,"",,""
"202304","Fran_Bus","KMB","","","SD",,"",,"",150,"",,""
"202304","Fran_Bus","CTB","1","","",3653.4906,"",1668.3232,"",754,"",98175,""
"202304","Fran_Bus","CTB","1","","DD",,"",,"",736,"",,""
"202304","Fran_Bus","CTB","1","","SD",,"",,"",18,"",,""
"202304","Fran_Bus","CTB","2","","",1654.8025,"",353.3629,"",194,"",25660,""
"202304","Fran_Bus","CTB","2","","DD",,"",,"",194,"",,""
"202304","Fran_Bus","CTB","2","","SD",,"",,"",0,"",,""
"202304","Fran_Bus","NWFB","","","",2890.7634,"",1052.2355,"",601,"",78228,""
"202304","Fran_Bus","NWFB","","","DD",,"",,"",594,"",,""
"202304","Fran_Bus","NWFB","","","SD",,"",,"",7,"",,""
"202304","Fran_Bus","LWB","","","",2323.866,"",,"",279,"",36349,""
"202304","Fran_Bus","LWB","","","DD",,"",,"",275,"",,""
"202304","Fran_Bus","LWB","","","SD",,"",,"",4,"",,""
"202304","Fran_Bus","NLB","","","",560.752,"",,"",136,"",12188,""
"202304","Fran_Bus","NLB","","","DD",,"",,"",59,"",,""
"202304","Fran_Bus","NLB","","","SD",,"",,"",77,"",,""
"202305","Ferries","LFS","","","",0,"",,"",43,"",12442,""
"202305","LRB","LRB","","","",551.5211,"",,"",149,"",17644,""
"202305","LRB","LRB","","","DD",,"",,"",138,"",,""
"202305","LRB","LRB","","","SD",,"",,"",11,"",,""
"202305","RS","RS","","","",3027.407,"",,"",1039,"",49567,""
"202305","TAX","TAX","","","",,"",,"",17834,"",73901,""
"202305","Fran_Bus","KMB","","","",22235.864,"",2740.867,"",3921,"",520760,""
"202305","Fran_Bus","KMB","","","DD",,"",,"",3774,"",,""
"202305","Fran_Bus","KMB","","","SD",,"",,"",147,"",,""
"202305","Fran_Bus","CTB","1","","",3822.9787,"",1751.9287,"",1122,"",146953,""
"202305","Fran_Bus","CTB","1","","DD",,"",,"",1107,"",,""
"202305","Fran_Bus","CTB","1","","SD",,"",,"",15,"",,""
"202305","Fran_Bus","CTB","2","","",1747.8412,"",375.0867,"",196,"",25907,""
"202305","Fran_Bus","CTB","2","","DD",,"",,"",196,"",,""
"202305","Fran_Bus","CTB","2","","SD",,"",,"",0,"",,""
"202305","Fran_Bus","NWFB","","","",2969.9593,"",1085.5049,"",217,"",28001,""
"202305","Fran_Bus","NWFB","","","DD",,"",,"",211,"",,""
"202305","Fran_Bus","NWFB","","","SD",,"",,"",6,"",,""
"202305","Fran_Bus","LWB","","","",2430.898,"",,"",278,"",36279,""
"202305","Fran_Bus","LWB","","","DD",,"",,"",275,"",,""
"202305","Fran_Bus","LWB","","","SD",,"",,"",3,"",,""
"202305","Fran_Bus","NLB","","","",595.006,"",,"",138,"",12289,""
"202305","Fran_Bus","NLB","","","DD",,"",,"",59,"",,""
"202305","Fran_Bus","NLB","","","SD",,"",,"",79,"",,""
"202305","Railways","MTRC","","Local","",3222.03,"",,"",1996,"",634514,""
"202305","Railways","MTRC","","Airport","",175.215,"",,"",77,"",7700,""
"202305","Railways","MTRC","","LRT","",580.448,"",,"",147,"",36015,""
"202305","Railways","HKT","","","",352.30694,"",,"",161,"",18515,""
"202305","PLB","GMB","","","",24491.86,"",,"",3295,"",57619,""
"202305","PLB","RMB","","","",,"",,"",834,"",13938,""
"202305","Ferries","NWFF","","","",0,"",,"",22,"",13259,""
"202305","Ferries","STF","","","",0,"",,"",10,"",4750,""
"202306","Fran_Bus","LWB","","","",2389.317,"",,"",266,"",34556,""
"202306","Fran_Bus","LWB","","","DD",,"",,"",262,"",,""
"202306","Fran_Bus","LWB","","","SD",,"",,"",4,"",,""
"202306","Fran_Bus","NLB","","","",578.493,"",,"",140,"",12435,""
"202306","Fran_Bus","NLB","","","DD",,"",,"",59,"",,""
"202306","Fran_Bus","NLB","","","SD",,"",,"",81,"",,""
"202306","Railways","MTRC","","Local","",3124.638,"",,"",1996,"",634514,""
"202306","Railways","MTRC","","Airport","",175.357,"",,"",77,"",7700,""
"202306","Railways","MTRC","","LRT","",561.97,"",,"",147,"",36015,""
"202306","Railways","HKT","","","",343.91115,"",,"",161,"",18515,""
"202306","PLB","GMB","","","",23726.243,"",,"",3299,"",57701,""
"202306","PLB","RMB","","","",,"",,"",823,"",13765,""
"202306","Ferries","NWFF","","","",0,"",,"",22,"",13259,""
"202306","Ferries","STF","","","",0,"",,"",10,"",4750,""
"202306","Ferries","LFS","","","",0,"",,"",43,"",12442,""
"202306","LRB","LRB","","","",534.4929,"",,"",149,"",17644,""
"202306","LRB","LRB","","","DD",,"",,"",138,"",,""
"202306","LRB","LRB","","","SD",,"",,"",11,"",,""
"202306","RS","RS","","","",2907.176,"",,"",1016,"",48180,""
"202306","TAX","TAX","","","",,"",,"",17837,"",73849,""
"202306","Fran_Bus","KMB","","","",21633.132,"",2663.167,"",3833,"",509044,""
"202306","Fran_Bus","KMB","","","DD",,"",,"",3689,"",,""
"202306","Fran_Bus","KMB","","","SD",,"",,"",144,"",,""
"202306","Fran_Bus","CTB","1","","",3705.9878,"",1698.0411,"",1338,"",174774,""
"202306","Fran_Bus","CTB","1","","DD",,"",,"",1316,"",,""
"202306","Fran_Bus","CTB","1","","SD",,"",,"",22,"",,""
"202306","Fran_Bus","CTB","2","","",1735.3963,"",385.7623,"",200,"",26457,""
"202306","Fran_Bus","CTB","2","","DD",,"",,"",200,"",,""
"202306","Fran_Bus","CTB","2","","SD",,"",,"",0,"",,""
"202306","Fran_Bus","NWFB","","","",2893.6027,"",1051.9695,"",0,"",,""
"202306","Fran_Bus","NWFB","","","DD",,"",,"",0,"",,""
"202306","Fran_Bus","NWFB","","","SD",,"",,"",0,"",,""
"202307","LRB","LRB","","","",533.0585,"",,"",149,"",17644,""
"202307","LRB","LRB","","","DD",,"",,"",138,"",,""
"202307","LRB","LRB","","","SD",,"",,"",11,"",,""
"202307","RS","RS","","","",2929.347,"",,"",1022,"",48404,""
"202307","TAX","TAX","","","",,"",,"",17811,"",73659,""
"202307","Fran_Bus","KMB","","","",21822.965,"",2685.904,"",3841,"",509410,""
"202307","Fran_Bus","KMB","","","DD",,"",,"",3694,"",,""
"202307","Fran_Bus","KMB","","","SD",,"",,"",147,"",,""
"202307","Fran_Bus","CTB","3","","",6687.3103,"",2773.3468,"",1313,"",170839,""
"202307","Fran_Bus","CTB","3","","DD",,"",,"",1292,"",,""
"202307","Fran_Bus","CTB","3","","SD",,"",,"",21,"",,""
"202307","Fran_Bus","CTB","2","","",1777.6323,"",399.3378,"",199,"",26287,""
"202307","Fran_Bus","CTB","2","","DD",,"",,"",199,"",,""
"202307","Fran_Bus","CTB","2","","SD",,"",,"",0,"",,""
"202307","Fran_Bus","LWB","","","",2452.79,"",,"",279,"",36414,""
"202307","Fran_Bus","LWB","","","DD",,"",,"",275,"",,""
"202307","Fran_Bus","LWB","","","SD",,"",,"",4,"",,""
"202307","Fran_Bus","NLB","","","",585.75,"",,"",140,"",12435,""
"202307","Fran_Bus","NLB","","","DD",,"",,"",59,"",,""
"202307","Fran_Bus","NLB","","","SD",,"",,"",81,"",,""
"202307","Railways","MTRC","","Local","",3189.392,"",,"",1996,"",634514,""
"202307","Railways","MTRC","","Airport","",237.649,"",,"",77,"",7700,""
"202307","Railways","MTRC","","LRT","",572.718,"",,"",147,"",36015,""
"202307","Railways","HKT","","","",357.9517,"",,"",161,"",18515,""
"202307","PLB","GMB","","","",24096.207,"",,"",3290,"",57581,""
"202307","PLB","RMB","","","",,"",,"",818,"",13688,""
"202307","Ferries","NWFF","","","",0,"",,"",22,"",13259,""
"202307","Ferries","STF","","","",0,"",,"",10,"",4750,""
"202307","Ferries","LFS","","","",0,"",,"",44,"",12612,""
"202308","LRB","LRB","","","SD",,"",,"",11,"",,""
"202308","RS","RS","","","",3051.778,"",,"",1015,"",48062,""
"202308","TAX","TAX","","","",,"",,"",17809,"",73566,""
"202308","Fran_Bus","NLB","","","DD",,"",,"",58,"",,""
"202308","Fran_Bus","NLB","","","SD",,"",,"",82,"",,""
"202308","Railways","MTRC","","Local","",3278.815,"",,"",1996,"",634514,""
"202308","Railways","MTRC","","Airport","",246.632,"",,"",77,"",7700,""
"202308","Railways","MTRC","","LRT","",580.044,"",,"",147,"",36015,""
"202308","Railways","HKT","","","",351.83666,"",,"",161,"",18515,""
"202308","PLB","GMB","","","",24458.492,"",,"",3297,"",57762,""
"202308","PLB","RMB","","","",,"",,"",818,"",13688,""
"202308","Ferries","NWFF","","","",0,"",,"",22,"",13259,""
"202308","Ferries","STF","","","",0,"",,"",10,"",4750,""
"202308","Ferries","LFS","","","",0,"",,"",48,"",13011,""
"202308","LRB","LRB","","","",547.2258,"",,"",149,"",17644,""
"202308","LRB","LRB","","","DD",,"",,"",138,"",,""
"202308","Fran_Bus","KMB","","","",22225.911,"",2749.084,"",3864,"",511808,""
"202308","Fran_Bus","KMB","","","DD",,"",,"",3724,"",,""
"202308","Fran_Bus","KMB","","","SD",,"",,"",140,"",,""
"202308","Fran_Bus","CTB","3","","",6832.6356,"",2859.8972,"",1296,"",168707,""
"202308","Fran_Bus","CTB","3","","DD",,"",,"",1276,"",,""
"202308","Fran_Bus","CTB","3","","SD",,"",,"",20,"",,""
"202308","Fran_Bus","CTB","2","","",1820.8017,"",413.8577,"",194,"",25598,""
"202308","Fran_Bus","CTB","2","","DD",,"",,"",194,"",,""
"202308","Fran_Bus","CTB","2","","SD",,"",,"",0,"",,""
"202308","Fran_Bus","LWB","","","",2551.289,"",,"",279,"",36443,""
"202308","Fran_Bus","LWB","","","DD",,"",,"",275,"",,""
"202308","Fran_Bus","LWB","","","SD",,"",,"",4,"",,""
"202308","Fran_Bus","NLB","","","",585.5,"",,"",140,"",12415,""
"202309","Fran_Bus","KMB","","","",19707.948,"",2419.004,"",3871,"",512726,""
"202309","Fran_Bus","KMB","","","DD",,"",,"",3724,"",,""
"202309","Fran_Bus","KMB","","","SD",,"",,"",147,"",,""
"202309","Fran_Bus","CTB","3","","",6020.1722,"",2500.3948,"",1287,"",167781,""
"202309","Fran_Bus","CTB","3","","DD",,"",,"",1265,"",,""
"202309","Fran_Bus","CTB","3","","SD",,"",,"",22,"",,""
"202309","Fran_Bus","CTB","2","","",1634.1785,"",367.321,"",185,"",24402,""
"202309","Fran_Bus","CTB","2","","DD",,"",,"",185,"",,""
"202309","Fran_Bus","CTB","2","","SD",,"",,"",0,"",,""
"202309","Fran_Bus","LWB","","","",2316.066,"",,"",278,"",36279,""
"202309","Fran_Bus","LWB","","","DD",,"",,"",274,"",,""
"202309","Fran_Bus","LWB","","","SD",,"",,"",4,"",,""
"202309","Fran_Bus","NLB","","","",552.528,"",,"",144,"",12674,""
"202309","Fran_Bus","NLB","","","DD",,"",,"",59,"",,""
"202309","Fran_Bus","NLB","","","SD",,"",,"",85,"",,""
"202309","Railways","MTRC","","Local","",3011.034,"",,"",1996,"",634514,""
"202309","Railways","MTRC","","Airport","",233.945,"",,"",77,"",7700,""
"202309","Railways","MTRC","","LRT","",543.264,"",,"",147,"",36015,""
"202309","Railways","HKT","","","",327.33119,"",,"",161,"",18515,""
"202309","PLB","GMB","","","",22783.317,"",,"",3294,"",57723,""
"202309","PLB","RMB","","","",,"",,"",811,"",13570,""
"202309","Ferries","NWFF","","","",0,"",,"",22,"",13259,""
"202309","Ferries","STF","","","",0,"",,"",10,"",4750,""
"202309","Ferries","LFS","","","",0,"",,"",49,"",13413,""
"202309","LRB","LRB","","","",495.8391,"",,"",149,"",17644,""
"202309","LRB","LRB","","","DD",,"",,"",138,"",,""
"202309","LRB","LRB","","","SD",,"",,"",11,"",,""
"202309","RS","RS","","","",2780.579,"",,"",1010,"",47670,""
"202309","TAX","TAX","","","",,"",,"",17800,"",73449,""
"202310","Ferries","NWFF","","","",0,"",,"",22,"",13259,""
"202310","PLB","RMB","","","",,"",,"",810,"",13557,""
"202310","Ferries","LFS","","","",0,"",,"",49,"",13413,""
"202310","LRB","LRB","","","",533.7496,"",,"",149,"",17644,""
"202310","LRB","LRB","","","DD",,"",,"",138,"",,""
"202310","LRB","LRB","","","SD",,"",,"",11,"",,""
"202310","RS","RS","","","",2902.209,"",,"",1000,"",47221,""
"202310","TAX","TAX","","","",,"",,"",17792,"",73343,""
"202310","Fran_Bus","KMB","","","",21599.282,"",2622.608,"",3907,"",515694,""
"202310","Fran_Bus","KMB","","","DD",,"",,"",3760,"",,""
"202310","Fran_Bus","KMB","","","SD",,"",,"",147,"",,""
"202310","Fran_Bus","CTB","3","","",6708.6069,"",2741.8134,"",1282,"",167015,""
"202310","Fran_Bus","CTB","3","","DD",,"",,"",1260,"",,""
"202310","Fran_Bus","CTB","3","","SD",,"",,"",22,"",,""
"202310","Fran_Bus","CTB","2","","",1832.8528,"",419.3089,"",190,"",25014,""
"202310","Fran_Bus","CTB","2","","DD",,"",,"",190,"",,""
"202310","Fran_Bus","CTB","2","","SD",,"",,"",0,"",,""
"202310","Fran_Bus","LWB","","","",2523.523,"",,"",278,"",36333,""
"202310","Fran_Bus","LWB","","","DD",,"",,"",274,"",,""
"202310","Fran_Bus","LWB","","","SD",,"",,"",4,"",,""
"202310","Fran_Bus","NLB","","","",615.015,"",,"",144,"",12674,""
"202310","Fran_Bus","NLB","","","DD",,"",,"",59,"",,""
"202310","Fran_Bus","NLB","","","SD",,"",,"",85,"",,""
"202310","Railways","MTRC","","Local","",3189.661,"",,"",1996,"",634514,""
"202310","Railways","MTRC","","Airport","",243.761,"",,"",77,"",7700,""
"202310","Railways","MTRC","","LRT","",562.549,"",,"",147,"",36015,""
"202310","Railways","HKT","","","",359.04387,"",,"",161,"",18515,""
"202310","PLB","GMB","","","",24014.842,"",,"",3297,"",57771,""
"202310","Ferries","STF","","","",0,"",,"",10,"",4750,""
"202311","LRB","LRB","","","DD",,"",,"",138,"",,""
"202311","LRB","LRB","","","SD",,"",,"",11,"",,""
"202311","RS","RS","","","",2913.58,"",,"",984,"",46641,""
"202311","TAX","TAX","","","",,"",,"",17837,"",73506,""
"202311","Fran_Bus","KMB","","","",21713.064,"",2647.268,"",3935,"",519289,""
"202311","Fran_Bus","KMB","","","DD",,"",,"",3787,"",,""
"202311","Fran_Bus","KMB","","","SD",,"",,"",148,"",,""
"202311","Fran_Bus","CTB","3","","",6766.4208,"",2785.8923,"",1288,"",168249,""
"202311","Fran_Bus","CTB","3","","DD",,"",,"",1270,"",,""
"202311","Fran_Bus","CTB","3","","SD",,"",,"",18,"",,""
"202311","Fran_Bus","CTB","2","","",1862.0763,"",430.8927,"",194,"",25593,""
"202311","Fran_Bus","CTB","2","","DD",,"",,"",194,"",,""
"202311","Fran_Bus","CTB","2","","SD",,"",,"",0,"",,""
"202311","Fran_Bus","LWB","","","",2529.842,"",,"",280,"",36622,""
"202311","Fran_Bus","LWB","","","DD",,"",,"",276,"",,""
"202311","Fran_Bus","LWB","","","SD",,"",,"",4,"",,""
"202311","Fran_Bus","NLB","","","",617.636,"",,"",146,"",12820,""
"202311","Fran_Bus","NLB","","","DD",,"",,"",59,"",,""
"202311","Fran_Bus","NLB","","","SD",,"",,"",87,"",,""
"202311","Railways","MTRC","","Local","",3176.642,"",,"",1996,"",634514,""
"202311","Railways","MTRC","","Airport","",238.626,"",,"",77,"",7700,""
"202311","Railways","MTRC","","LRT","",559.505,"",,"",147,"",36015,""
"202311","Railways","HKT","","","",358.0682,"",,"",161,"",18515,""
"202311","PLB","GMB","","","",24033.457,"",,"",3305,"",57945,""
"202311","PLB","RMB","","","",,"",,"",793,"",13264,""
"202311","Ferries","NWFF","","","",0,"",,"",22,"",13259,""
"202311","Ferries","STF","","","",0,"",,"",10,"",4750,""
"202311","Ferries","LFS","","","",0,"",,"",48,"",13011,""
"202311","LRB","LRB","","","",534.1384,"",,"",149,"",17644,""
"202312","Fran_Bus","KMB","","","",22251.062,"",2698.2,"",3979,"",524956,""
"202312","TAX","TAX","","","",,"",,"",17806,"",73304,""
"202312","Fran_Bus","KMB","","","SD",,"",,"",148,"",,""
"202312","Fran_Bus","CTB","3","","",6977.2822,"",2804.7301,"",1303,"",170252,""
"202312","Fran_Bus","CTB","3","","DD",,"",,"",1282,"",,""
"202312","Fran_Bus","CTB","3","","SD",,"",,"",21,"",,""
"202312","Fran_Bus","CTB","2","","",1995.5013,"",456.9031,"",192,"",25344,""
"202312","Fran_Bus","CTB","2","","DD",,"",,"",192,"",,""
"202312","Fran_Bus","CTB","2","","SD",,"",,"",0,"",,""
"202312","Fran_Bus","LWB","","","",2681.822,"",,"",281,"",36751,""
"202312","Fran_Bus","LWB","","","DD",,"",,"",277,"",,""
"202312","Fran_Bus","LWB","","","SD",,"",,"",4,"",,""
"202312","Fran_Bus","NLB","","","",647.873,"",,"",144,"",12714,""
"202312","Fran_Bus","NLB","","","DD",,"",,"",59,"",,""
"202312","Fran_Bus","NLB","","","SD",,"",,"",85,"",,""
"202312","Railways","MTRC","","Local","",3300.019,"",,"",1996,"",634514,""
"202312","Railways","MTRC","","Airport","",246.454,"",,"",77,"",7700,""
"202312","Railways","MTRC","","LRT","",576.185,"",,"",147,"",36015,""
"202312","Railways","HKT","","","",368.15559,"",,"",161,"",18515,""
"202312","PLB","GMB","","","",24421.294,"",,"",3317,"",58194,""
"202312","PLB","RMB","","","",,"",,"",792,"",13251,""
"202312","Ferries","NWFF","","","",0,"",,"",23,"",13585,""
"202312","Ferries","STF","","","",0,"",,"",10,"",4750,""
"202312","Ferries","LFS","","","",0,"",,"",49,"",13413,""
"202312","LRB","LRB","","","",544.5771,"",,"",149,"",17644,""
"202312","LRB","LRB","","","DD",,"",,"",138,"",,""
"202312","LRB","LRB","","","SD",,"",,"",11,"",,""
"202312","RS","RS","","","",2860.128,"",,"",972,"",45971,""
"202312","Fran_Bus","KMB","","","DD",,"",,"",3831,"",,""
"202401","Fran_Bus","CTB","3","","",7023.7983,"",2857.6492,"",1305,"",170704,""
"202401","Fran_Bus","CTB","3","","DD",,"",,"",1284,"",,""
"202401","Fran_Bus","CTB","3","","SD",,"",,"",21,"",,""
"202401","Fran_Bus","CTB","2","","",2094.4016,"",472.7808,"",194,"",25653,""
"202401","Fran_Bus","CTB","2","","DD",,"",,"",194,"",,""
"202401","Fran_Bus","CTB","2","","SD",,"",,"",0,"",,""
"202401","Fran_Bus","LWB","","","",2724.616,"",,"",284,"",37083,""
"202401","Fran_Bus","LWB","","","DD",,"",,"",280,"",,""
"202401","Fran_Bus","LWB","","","SD",,"",,"",4,"",,""
"202401","Fran_Bus","NLB","","","",652.937,"",,"",146,"",12880,""
"202401","Fran_Bus","NLB","","","DD",,"",,"",59,"",,""
"202401","Fran_Bus","NLB","","","SD",,"",,"",87,"",,""
"202401","Railways","MTRC","","Local","",3288.282,"",,"",2029,"",645399,""
"202401","Railways","MTRC","","Airport","",247.363,"",,"",77,"",7700,""
"202401","Railways","MTRC","","LRT","",576.778,"",,"",149,"",36505,""
"202401","Railways","HKT","","","",374.8466,"",,"",161,"",18515,""
"202401","PLB","GMB","","","",24650.089,"",,"",3325,"",58376,""
"202401","PLB","RMB","","","",,"",,"",787,"",13168,""
"202401","Ferries","NWFF","","","",,"",,"",24,"",13906,""
"202401","Ferries","STF","","","",,"",,"",10,"",4750,""
"202401","Ferries","LFS","","","",,"",,"",49,"",13413,""
"202401","LRB","LRB","","","",551.0577,"",,"",148,"",17522,""
"202401","LRB","LRB","","","DD",,"",,"",137,"",,""
"202401","LRB","LRB","","","SD",,"",,"",11,"",,""
"202401","RS","RS","","","",2881.596,"",,"",958,"",45348,""
"202401","TAX","TAX","","","",,"",,"",17806,"",73259,""
"202401","Fran_Bus","KMB","","","",22219.654,"",2709.278,"",4011,"",528892,""
"202401","Fran_Bus","KMB","","","DD",,"",,"",3863,"",,""
"202401","Fran_Bus","KMB","","","SD",,"",,"",148,"",,""
"202402","Fran_Bus","KMB","","","",20462.603,"",2503.303,"",4004,"",526708,""
"202402","Fran_Bus","KMB","","","DD",,"",,"",3856,"",,""
"202402","Fran_Bus","KMB","","","SD",,"",,"",148,"",,""
"202402","Fran_Bus","CTB","3","","",6529.523,"",2616.3271,"",1302,"",170145,""
"202402","Fran_Bus","CTB","3","","DD",,"",,"",1279,"",,""
"202402","Fran_Bus","CTB","3","","SD",,"",,"",23,"",,""
"202402","Fran_Bus","CTB","2","","",2005.7074,"",489.4089,"",202,"",26631,""
"202402","Fran_Bus","CTB","2","","DD",,"",,"",202,"",,""
"202402","Fran_Bus","CTB","2","","SD",,"",,"",0,"",,""
"202402","Fran_Bus","LWB","","","",2546.646,"",,"",284,"",37083,""
"202402","Fran_Bus","LWB","","","DD",,"",,"",280,"",,""
"202402","Fran_Bus","LWB","","","SD",,"",,"",4,"",,""
"202402","Fran_Bus","NLB","","","",658.9,"",,"",146,"",12872,""
"202402","Fran_Bus","NLB","","","DD",,"",,"",59,"",,""
"202402","Fran_Bus","NLB","","","SD",,"",,"",87,"",,""
"202402","Railways","MTRC","","Local","",3079.93,"",,"",2029,"",645399,""
"202402","Railways","MTRC","","Airport","",230.466,"",,"",77,"",7700,""
"202402","Railways","MTRC","","LRT","",540.375,"",,"",149,"",36505,""
"202402","Railways","HKT","","","",335.63409,"",,"",161,"",18515,""
"202402","PLB","GMB","","","",22763.338,"",,"",3327,"",58426,""
"202402","PLB","RMB","","","",,"",,"",780,"",13056,""
"202402","Ferries","NWFF","","","",,"",,"",24,"",13906,""
"202402","Ferries","STF","","","",,"",,"",10,"",4750,""
"202402","Ferries","LFS","","","",,"",,"",49,"",13413,""
"202402","LRB","LRB","","","",501.2921,"",,"",149,"",17644,""
"202402","LRB","LRB","","","DD",,"",,"",138,"",,""
"202402","LRB","LRB","","","SD",,"",,"",11,"",,""
"202402","RS","RS","","","",2595.458,"",,"",951,"",44964,""
"202402","TAX","TAX","","","",,"",,"",17804,"",73217,""
"202403","Fran_Bus","KMB","","","",21873.453,"",2689.643,"",4010,"",526333,""
"202403","Fran_Bus","KMB","","","DD",,"",,"",3864,"",,""
"202403","Fran_Bus","KMB","","","SD",,"",,"",146,"",,""
"202403","Fran_Bus","CTB","3","","",6970.4984,"",2809.6311,"",1322,"",172951,""
"202403","Fran_Bus","CTB","3","","DD",,"",,"",1300,"",,""
"202403","Fran_Bus","CTB","3","","SD",,"",,"",22,"",,""
"202403","Fran_Bus","CTB","2","","",2175.7744,"",527.788,"",204,"",26824,""
"202403","Fran_Bus","CTB","2","","DD",,"",,"",204,"",,""
"202403","Fran_Bus","CTB","2","","SD",,"",,"",0,"",,""
"202403","Fran_Bus","LWB","","","",2754.662,"",,"",284,"",37083,""
"202403","Fran_Bus","LWB","","","DD",,"",,"",280,"",,""
"202403","Fran_Bus","LWB","","","SD",,"",,"",4,"",,""
"202403","Fran_Bus","NLB","","","",654.941,"",,"",143,"",12675,""
"202403","Fran_Bus","NLB","","","DD",,"",,"",59,"",,""
"202403","Fran_Bus","NLB","","","SD",,"",,"",84,"",,""
"202403","Railways","MTRC","","Local","",3260.434,"",,"",2029,"",645399,""
"202403","Railways","MTRC","","Airport","",245.935,"",,"",77,"",7700,""
"202403","Railways","MTRC","","LRT","",576.171,"",,"",149,"",36505,""
"202403","Railways","HKT","","","",361.26961,"",,"",161,"",18515,""
"202403","PLB","GMB","","","",24587.524,"",,"",3326,"",58435,""
"202403","PLB","RMB","","","",,"",,"",773,"",12935,""
"202403","Ferries","NWFF","","","",,"",,"",26,"",14906,""
"202403","Ferries","STF","","","",,"",,"",10,"",4750,""
"202403","Ferries","LFS","","","",,"",,"",49,"",13413,""
"202403","LRB","LRB","","","",547.1692,"",,"",149,"",17644,""
"202403","LRB","LRB","","","DD",,"",,"",138,"",,""
"202403","LRB","LRB","","","SD",,"",,"",11,"",,""
"202403","RS","RS","","","",2828.669,"",,"",934,"",43888,""
"202403","TAX","TAX","","","",,"",,"",17808,"",73164,""
"202404","Fran_Bus","CTB","3","","DD",,"",,"",1273,"",,""
"202404","Fran_Bus","CTB","3","","SD",,"",,"",22,"",,""
"202404","Fran_Bus","CTB","2","","",2141.2345,"",517.9342,"",223,"",29186,""
"202404","Fran_Bus","CTB","2","","DD",,"",,"",223,"",,""
"202404","Fran_Bus","CTB","2","","SD",,"",,"",0,"",,""
"202404","Fran_Bus","LWB","","","",2709.097,"",,"",283,"",36965,""
"202404","Fran_Bus","LWB","","","DD",,"",,"",279,"",,""
"202404","Fran_Bus","LWB","","","SD",,"",,"",4,"",,""
"202404","Fran_Bus","NLB","","","",617.543,"",,"",142,"",12608,""
"202404","Fran_Bus","NLB","","","DD",,"",,"",59,"",,""
"202404","Fran_Bus","NLB","","","SD",,"",,"",83,"",,""
"202404","Railways","MTRC","","Local","",3156.183,"",,"",2029,"",645399,""
"202404","Railways","MTRC","","Airport","",238.263,"",,"",77,"",7700,""
"202404","Railways","MTRC","","LRT","",558.107,"",,"",149,"",36505,""
"202404","Railways","HKT","","","",346.79603,"",,"",161,"",18515,""
"202404","PLB","GMB","","","",23839.78,"",,"",3321,"",58373,""
"202404","PLB","RMB","","","",,"",,"",767,"",12839,""
"202404","Ferries","NWFF","","","",,"",,"",25,"",14519,""
"202404","Ferries","STF","","","",,"",,"",10,"",4750,""
"202404","Ferries","LFS","","","",,"",,"",48,"",13190,""
"202404","LRB","LRB","","","",534.1944,"",,"",150,"",17756,""
"202404","LRB","LRB","","","DD",,"",,"",139,"",,""
"202404","LRB","LRB","","","SD",,"",,"",11,"",,""
"202404","RS","RS","","","",2724.501,"",,"",931,"",43477,""
"202404","TAX","TAX","","","",,"",,"",17811,"",73125,""
"202404","Fran_Bus","KMB","","","",21194.56,"",2617.192,"",4029,"",529159,""
"202404","Fran_Bus","KMB","","","DD",,"",,"",3887,"",,""
"202404","Fran_Bus","KMB","","","SD",,"",,"",142,"",,""
"202404","Fran_Bus","CTB","3","","",6809.3543,"",2737.2906,"",1295,"",169329,""
"202405","Fran_Bus","KMB","","","DD",,"",,"",3841,"",,""
"202405","Fran_Bus","KMB","","","SD",,"",,"",139,"",,""
"202405","Fran_Bus","CTB","3","","",7079.8006,"",2839.5488,"",1305,"",171070,""
"202405","Fran_Bus","CTB","3","","DD",,"",,"",1284,"",,""
"202405","Fran_Bus","CTB","3","","SD",,"",,"",21,"",,""
"202405","Fran_Bus","CTB","2","","",2234.1175,"",550.9687,"",217,"",28341,""
"202405","Fran_Bus","CTB","2","","DD",,"",,"",217,"",,""
"202405","Fran_Bus","CTB","2","","SD",,"",,"",0,"",,""
"202405","Fran_Bus","LWB","","","",2828.784,"",,"",280,"",36658,""
"202405","Fran_Bus","LWB","","","DD",,"",,"",277,"",,""
"202405","Fran_Bus","LWB","","","SD",,"",,"",3,"",,""
"202405","Fran_Bus","NLB","","","",652.461,"",,"",141,"",12543,""
"202405","Fran_Bus","NLB","","","DD",,"",,"",59,"",,""
"202405","Fran_Bus","NLB","","","SD",,"",,"",82,"",,""
"202405","Railways","MTRC","","Local","",3276.616,"",,"",2029,"",645399,""
"202405","Railways","MTRC","","Airport","",246.25,"",,"",77,"",7700,""
"202405","Railways","MTRC","","LRT","",576.548,"",,"",149,"",36505,""
"202405","Railways","HKT","","","",363.86181,"",,"",161,"",18515,""
"202405","PLB","GMB","","","",24655.837,"",,"",3324,"",58451,""
"202405","PLB","RMB","","","",,"",,"",761,"",12746,""
"202405","Ferries","NWFF","","","",,"",,"",26,"",15019,""
"202405","Ferries","STF","","","",,"",,"",10,"",4750,""
"202405","Ferries","LFS","","","",,"",,"",49,"",13413,""
"202405","LRB","LRB","","","",542.0471,"",,"",151,"",17882,""
"202405","Fran_Bus","KMB","","","",21924.293,"",2699.574,"",3980,"",523123,""
"202405","LRB","LRB","","","SD",,"",,"",11,"",,""
"202405","RS","RS","","","",2797.936,"",,"",933,"",43519,""
"202405","TAX","TAX","","","",,"",,"",17807,"",73039,""
"202405","LRB","LRB","","","DD",,"",,"",140,"",,""
"202406","LRB","LRB","","","DD",,"",,"",140,"",,""
"202406","LRB","LRB","","","SD",,"",,"",11,"",,""
"202406","RS","RS","","","",2737.046,"",,"",929,"",43172,""
"202406","TAX","TAX","","","",,"",,"",17801,"",72958,""
"202406","Fran_Bus","KMB","","","",21072.202,"",2588.751,"",3946,"",516295,""
"202406","Fran_Bus","KMB","","","DD",,"",,"",3806,"",,""
"202406","Fran_Bus","KMB","","","SD",,"",,"",140,"",,""
"202406","Fran_Bus","CTB","3","","",6827.7137,"",2717.6181,"",1311,"",172190,""
"202406","Fran_Bus","CTB","3","","DD",,"",,"",1291,"",,""
"202406","Fran_Bus","CTB","3","","SD",,"",,"",20,"",,""
"202406","Fran_Bus","CTB","2","","",2144.4898,"",534.8558,"",210,"",27422,""
"202406","Fran_Bus","CTB","2","","DD",,"",,"",210,"",,""
"202406","Fran_Bus","CTB","2","","SD",,"",,"",0,"",,""
"202406","Fran_Bus","LWB","","","",2738.335,"",,"",276,"",36135,""
"202406","Fran_Bus","LWB","","","DD",,"",,"",273,"",,""
"202406","Fran_Bus","LWB","","","SD",,"",,"",3,"",,""
"202406","Fran_Bus","NLB","","","",625.992,"",,"",141,"",12543,""
"202406","Fran_Bus","NLB","","","DD",,"",,"",59,"",,""
"202406","Fran_Bus","NLB","","","SD",,"",,"",82,"",,""
"202406","Railways","MTRC","","Local","",3169.977,"",,"",2029,"",645399,""
"202406","Railways","MTRC","","Airport","",238.65,"",,"",77,"",7700,""
"202406","Railways","MTRC","","LRT","",557.972,"",,"",149,"",36505,""
"202406","Railways","HKT","","","",353.70244,"",,"",161,"",18515,""
"202406","PLB","GMB","","","",23833.252,"",,"",3332,"",58612,""
"202406","PLB","RMB","","","",,"",,"",758,"",12695,""
"202406","Ferries","NWFF","","","",,"",,"",26,"",15019,""
"202406","Ferries","STF","","","",,"",,"",10,"",4750,""
"202406","Ferries","LFS","","","",,"",,"",50,"",13651,""
"202406","LRB","LRB","","","",521.4934,"",,"",151,"",17914,""
"202407","Fran_Bus","KMB","","","",21730.446,"",2697.745,"",3933,"",514418,""
"202407","TAX","TAX","","","",,"",,"",17786,"",72817,""
"202407","Fran_Bus","KMB","","","SD",,"",,"",141,"",,""
"202407","Fran_Bus","CTB","3","","",7134.4758,"",2871.6609,"",1324,"",173638,""
"202407","Fran_Bus","CTB","3","","DD",,"",,"",1303,"",,""
"202407","Fran_Bus","CTB","3","","SD",,"",,"",21,"",,""
"202407","Fran_Bus","CTB","2","","",2281.2927,"",563.8301,"",215,"",28194,""
"202407","Fran_Bus","CTB","2","","DD",,"",,"",215,"",,""
"202407","Fran_Bus","CTB","2","","SD",,"",,"",0,"",,""
"202407","Fran_Bus","LWB","","","",2870.614,"",,"",280,"",36629,""
"202407","Fran_Bus","LWB","","","DD",,"",,"",276,"",,""
"202407","Fran_Bus","LWB","","","SD",,"",,"",4,"",,""
"202407","Fran_Bus","NLB","","","",638.216,"",,"",140,"",12476,""
"202407","Fran_Bus","NLB","","","DD",,"",,"",59,"",,""
"202407","Fran_Bus","NLB","","","SD",,"",,"",81,"",,""
"202407","Railways","MTRC","","Local","",3314.597,"",,"",2029,"",645399,""
"202407","Railways","MTRC","","Airport","",246.598,"",,"",77,"",7700,""
"202407","Railways","MTRC","","LRT","",568.292,"",,"",149,"",36505,""
"202407","Railways","HKT","","","",374.82329,"",,"",161,"",18515,""
"202407","PLB","GMB","","","",24740.123,"",,"",3333,"",58646,""
"202407","PLB","RMB","","","",,"",,"",755,"",12650,""
"202407","Ferries","NWFF","","","",,"",,"",25,"",14584,""
"202407","Ferries","STF","","","",,"",,"",10,"",4750,""
"202407","Ferries","LFS","","","",,"",,"",49,"",13325,""
"202407","LRB","LRB","","","",547.6024,"",,"",151,"",17914,""
"202407","LRB","LRB","","","DD",,"",,"",140,"",,""
"202407","LRB","LRB","","","SD",,"",,"",11,"",,""
"202407","RS","RS","","","",2848.021,"",,"",930,"",43209,""
"202407","Fran_Bus","KMB","","","DD",,"",,"",3792,"",,""
"202408","Fran_Bus","CTB","3","","",7194.5855,"",2864.7071,"",1335,"",174998,""
"202408","Fran_Bus","CTB","3","","DD",,"",,"",1314,"",,""
"202408","Fran_Bus","CTB","3","","SD",,"",,"",21,"",,""
"202408","Fran_Bus","CTB","2","","",2313.539,"",570.3809,"",227,"",29769,""
"202408","Fran_Bus","CTB","2","","DD",,"",,"",227,"",,""
"202408","Fran_Bus","CTB","2","","SD",,"",,"",0,"",,""
"202408","Fran_Bus","LWB","","","",2898.093,"",,"",279,"",36499,""
"202408","Fran_Bus","LWB","","","DD",,"",,"",275,"",,""
"202408","Fran_Bus","LWB","","","SD",,"",,"",4,"",,""
"202408","Fran_Bus","NLB","","","",636.382,"",,"",139,"",12415,""
"202408","Fran_Bus","NLB","","","DD",,"",,"",59,"",,""
"202408","Fran_Bus","KMB","","","",21438.102,"",2668.502,"",3902,"",510109,""
"202408","Fran_Bus","KMB","","","DD",,"",,"",3761,"",,""
"202408","Fran_Bus","KMB","","","SD",,"",,"",141,"",,""
"202408","Fran_Bus","NLB","","","SD",,"",,"",80,"",,""
"202408","Railways","MTRC","","Local","",3331.956,"",,"",2029,"",645399,""
"202408","Railways","MTRC","","Airport","",246.734,"",,"",77,"",7700,""
"202408","Railways","MTRC","","LRT","",564.269,"",,"",149,"",36505,""
"202408","Railways","HKT","","","",371.90637,"",,"",161,"",18515,""
"202408","PLB","GMB","","","",24854.637,"",,"",3331,"",58691,""
"202408","PLB","RMB","","","",,"",,"",759,"",12717,""
"202408","Ferries","NWFF","","","",,"",,"",25,"",14584,""
"202408","Ferries","STF","","","",,"",,"",10,"",4750,""
"202408","Ferries","LFS","","","",,"",,"",51,"",14137,""
"202408","LRB","LRB","","","",550.5633,"",,"",151,"",17914,""
"202408","LRB","LRB","","","DD",,"",,"",140,"",,""
"202408","LRB","LRB","","","SD",,"",,"",11,"",,""
"202408","RS","RS","","","",2861.926,"",,"",905,"",41537,""
"202408","TAX","TAX","","","",,"",,"",17782,"",73003,""
"202409","Railways","MTRC","","Local","",3192.129,"",,"",2029,"",645399,""
"202409","Fran_Bus","NLB","","","SD",,"",,"",79,"",,""
"202409","Ferries","LFS","","","",,"",,"",52,"",14554,""
"202409","LRB","LRB","","","",521.4308,"",,"",151,"",17914,""
"202409","LRB","LRB","","","DD",,"",,"",140,"",,""
"202409","LRB","LRB","","","SD",,"",,"",11,"",,""
"202409","RS","RS","","","",2766.868,"",,"",901,"",41184,""
"202409","TAX","TAX","","","",,"",,"",17769,"",72898,""
"202409","Railways","MTRC","","LRT","",548.854,"",,"",149,"",36505,""
"202409","Railways","HKT","","","",361.88309,"",,"",161,"",18515,""
"202409","PLB","GMB","","","",24005.868,"",,"",3338,"",58822,""
"202409","PLB","RMB","","","",,"",,"",749,"",12557,""
"202409","Ferries","NWFF","","","",,"",,"",26,"",14884,""
"202409","Ferries","STF","","","",,"",,"",10,"",4750,""
"202409","Fran_Bus","KMB","","","",20343.029,"",2503.419,"",3908,"",511129,""
"202409","Fran_Bus","KMB","","","DD",,"",,"",3768,"",,""
"202409","Fran_Bus","KMB","","","SD",,"",,"",140,"",,""
"202409","Fran_Bus","CTB","3","","",6871.2588,"",2674.9486,"",1336,"",175153,""
"202409","Fran_Bus","CTB","3","","DD",,"",,"",1317,"",,""
"202409","Fran_Bus","CTB","3","","SD",,"",,"",19,"",,""
"202409","Fran_Bus","CTB","2","","",2179.1426,"",537.3362,"",222,"",29156,""
"202409","Fran_Bus","CTB","2","","DD",,"",,"",222,"",,""
"202409","Fran_Bus","CTB","2","","SD",,"",,"",0,"",,""
"202409","Fran_Bus","LWB","","","",2766.48,"",,"",281,"",36749,""
"202409","Fran_Bus","LWB","","","DD",,"",,"",277,"",,""
"202409","Fran_Bus","LWB","","","SD",,"",,"",4,"",,""
"202409","Fran_Bus","NLB","","","",630.619,"",,"",143,"",12950,""
"202409","Fran_Bus","NLB","","","DD",,"",,"",64,"",,""
"202409","Railways","MTRC","","Airport","",237.528,"",,"",77,"",7700,""
"202410","Fran_Bus","KMB","","","DD",,"",,"",3796,"",,""
"202410","Fran_Bus","KMB","","","SD",,"",,"",143,"",,""
"202410","Fran_Bus","CTB","3","","",7322.7632,"",2854.5198,"",1346,"",176502,""
"202410","Fran_Bus","CTB","3","","DD",,"",,"",1326,"",,""
"202410","Fran_Bus","CTB","3","","SD",,"",,"",20,"",,""
"202410","Fran_Bus","CTB","2","","",2327.5064,"",572.7561,"",226,"",29590,""
"202410","Fran_Bus","CTB","2","","DD",,"",,"",226,"",,""
"202410","Fran_Bus","CTB","2","","SD",,"",,"",0,"",,""
"202410","Fran_Bus","LWB","","","",2908.208,"",,"",278,"",36518,""
"202410","Fran_Bus","LWB","","","DD",,"",,"",276,"",,""
"202410","Fran_Bus","LWB","","","SD",,"",,"",2,"",,""
"202410","Fran_Bus","NLB","","","",658.292,"",,"",144,"",13176,""
"202410","Fran_Bus","NLB","","","DD",,"",,"",67,"",,""
"202410","Fran_Bus","NLB","","","SD",,"",,"",77,"",,""
"202410","Railways","MTRC","","Local","",3323.447,"",,"",2029,"",645399,""
"202410","Railways","MTRC","","Airport","",246.242,"",,"",77,"",7700,""
"202410","Railways","MTRC","","LRT","",568.523,"",,"",149,"",36505,""
"202410","Railways","HKT","","","",377.83114,"",,"",161,"",18515,""
"202410","PLB","GMB","","","",25253.245,"",,"",3332,"",58744,""
"202410","PLB","RMB","","","",,"",,"",749,"",12557,""
"202410","Ferries","NWFF","","","",,"",,"",25,"",14321,""
"202410","Ferries","STF","","","",,"",,"",10,"",4750,""
"202410","Ferries","LFS","","","",,"",,"",53,"",14777,""
"202410","LRB","LRB","","","",552.1797,"",,"",151,"",17914,""
"202410","LRB","LRB","","","DD",,"",,"",140,"",,""
"202410","LRB","LRB","","","SD",,"",,"",11,"",,""
"202410","RS","RS","","","",2843.52,"",,"",903,"",41458,""
"202410","TAX","TAX","","","",,"",,"",17745,"",72750,""
"202410","Fran_Bus","KMB","","","",21582.813,"",2645.153,"",3939,"",515082,""
"202411","LRB","LRB","","","DD",,"",,"",140,"",,""
"202411","LRB","LRB","","","SD",,"",,"",11,"",,""
"202411","LRB","LRB","","","",528.3423,"",,"",151,"",17914,""
"202411","Ferries","LFS","","","",,"",,"",53,"",14777,""
"202411","Ferries","STF","","","",,"",,"",10,"",4750,""
"202411","Ferries","NWFF","","","",,"",,"",27,"",15221,""
"202411","PLB","RMB","","","",,"",,"",750,"",12573,""
"202411","PLB","GMB","","","",24182.333,"",,"",3334,"",58791,""
"202411","Railways","HKT","","","",364.81783,"",,"",161,"",18515,""
"202411","Railways","MTRC","","LRT","",548.67,"",,"",149,"",36505,""
"202411","Railways","MTRC","","Airport","",237.888,"",,"",77,"",7700,""
"202411","Railways","MTRC","","Local","",3215.232,"",,"",2029,"",645399,""
"202411","Fran_Bus","NLB","","","SD",,"",,"",79,"",,""
"202411","Fran_Bus","NLB","","","DD",,"",,"",67,"",,""
"202411","Fran_Bus","NLB","","","",624.318,"",,"",146,"",13324,""
"202411","Fran_Bus","LWB","","","SD",,"",,"",2,"",,""
"202411","Fran_Bus","LWB","","","DD",,"",,"",279,"",,""
"202411","Fran_Bus","LWB","","","",2781.835,"",,"",281,"",36890,""
"202411","Fran_Bus","CTB","2","","SD",,"",,"",0,"",,""
"202411","Fran_Bus","CTB","2","","DD",,"",,"",228,"",,""
"202411","Fran_Bus","CTB","2","","",2242.8174,"",550.9595,"",228,"",29870,""
"202411","Fran_Bus","CTB","3","","SD",,"",,"",20,"",,""
"202411","Fran_Bus","CTB","3","","DD",,"",,"",1322,"",,""
"202411","Fran_Bus","CTB","3","","",6992.8242,"",2736.3709,"",1342,"",175705,""
"202411","Fran_Bus","KMB","","","SD",,"",,"",141,"",,""
"202411","Fran_Bus","KMB","","","DD",,"",,"",3772,"",,""
"202411","Fran_Bus","KMB","","","",20684.349,"",2547.401,"",3913,"",511893,""
"202411","TAX","TAX","","","",,"",,"",17742,"",72690,""
"202411","RS","RS","","","",2750.228,"",,"",906,"",41494,""
"202412","Fran_Bus","KMB","","","",21663.72,"",2644.253,"",3895,"",509919,""
"202412","TAX","TAX","","","",,"",,"",17773,"",72854,""
"202412","LRB","LRB","","","SD",,"",,"",11,"",,""
"202412","LRB","LRB","","","DD",,"",,"",141,"",,""
"202412","LRB","LRB","","","",546.0116,"",,"",152,"",18027,""
"202412","Ferries","LFS","","","",,"",,"",52,"",14375,""
"202412","Ferries","STF","","","",,"",,"",10,"",4750,""
"202412","Ferries","NWFF","","","",,"",,"",27,"",15221,""
"202412","PLB","RMB","","","",,"",,"",739,"",12415,""
"202412","PLB","GMB","","","",25176.332,"",,"",3338,"",58873,""
"202412","Railways","HKT","","","",383.89794,"",,"",161,"",18515,""
"202412","Railways","MTRC","","LRT","",570.534,"",,"",149,"",36505,""
"202412","Railways","MTRC","","Airport","",247.307,"",,"",77,"",7700,""
"202412","Railways","MTRC","","Local","",3359.125,"",,"",2029,"",645399,""
"202412","Fran_Bus","NLB","","","SD",,"",,"",75,"",,""
"202412","Fran_Bus","NLB","","","DD",,"",,"",67,"",,""
"202412","Fran_Bus","NLB","","","",680.741,"",,"",142,"",13040,""
"202412","Fran_Bus","LWB","","","SD",,"",,"",2,"",,""
"202412","Fran_Bus","LWB","","","DD",,"",,"",279,"",,""
"202412","Fran_Bus","LWB","","","",2945.762,"",,"",281,"",36893,""
"202412","Fran_Bus","CTB","2","","SD",,"",,"",0,"",,""
"202412","Fran_Bus","CTB","2","","DD",,"",,"",226,"",,""
"202412","Fran_Bus","CTB","2","","",2372.5425,"",583.9086,"",226,"",29580,""
"202412","Fran_Bus","CTB","3","","SD",,"",,"",14,"",,""
"202412","Fran_Bus","CTB","3","","DD",,"",,"",1312,"",,""
"202412","Fran_Bus","CTB","3","","",7321.2264,"",2837.8939,"",1326,"",173925,""
"202412","Fran_Bus","KMB","","","SD",,"",,"",141,"",,""
"202412","Fran_Bus","KMB","","","DD",,"",,"",3754,"",,""
"202412","RS","RS","","","",2768.698,"",,"",898,"",40893,""
"202501","Fran_Bus","KMB","","","",21379.251,"",2601.471,"",3944,"",516664,""
"202501","Fran_Bus","KMB","","","DD",,"",,"",3805,"",,""
"202501","Fran_Bus","KMB","","","SD",,"",,"",139,"",,""
"202501","Fran_Bus","CTB","3","","",7357.1848,"",2840.4933,"",1317,"",172793,""
"202501","Fran_Bus","CTB","3","","DD",,"",,"",1303,"",,""
"202501","Fran_Bus","CTB","3","","SD",,"",,"",14,"",,""
"202501","Fran_Bus","CTB","2","","",2418.0221,"",601.0421,"",224,"",29411,""
"202501","Fran_Bus","CTB","2","","DD",,"",,"",224,"",,""
"202501","Fran_Bus","CTB","2","","SD",,"",,"",0,"",,""
"202501","Fran_Bus","LWB","","","",2931.668,"",,"",280,"",36759,""
"202501","Fran_Bus","LWB","","","DD",,"",,"",278,"",,""
"202501","Fran_Bus","LWB","","","SD",,"",,"",2,"",,""
"202501","Fran_Bus","NLB","","","",712.448,"",,"",141,"",12979,""
"202501","Fran_Bus","NLB","","","DD",,"",,"",67,"",,""
"202501","Fran_Bus","NLB","","","SD",,"",,"",74,"",,""
"202501","Railways","MTRC","","Local","",3323.556,"",,"",2039,"",649057,""
"202501","Railways","MTRC","","Airport","",246.522,"",,"",77,"",7700,""
"202501","Railways","MTRC","","LRT","",569.205,"",,"",149,"",36505,""
"202501","Railways","HKT","","","",387.00644,"",,"",161,"",18515,""
"202501","PLB","GMB","","","",24994.811,"",,"",3347,"",59035,""
"202501","PLB","RMB","","","",,"",,"",733,"",12313,""
"202501","Ferries","NWFF","","","",,"",,"",28,"",15705,""
"202501","Ferries","STF","","","",,"",,"",10,"",4750,""
"202501","Ferries","LFS","","","",,"",,"",52,"",14432,""
"202501","LRB","LRB","","","",531.7029,"",,"",153,"",18144,""
"202501","LRB","LRB","","","DD",,"",,"",142,"",,""
"202501","LRB","LRB","","","SD",,"",,"",11,"",,""
"202501","RS","RS","","","",2775.681,"",,"",896,"",41079,""
"202501","TAX","TAX","","","",,"",,"",17802,"",73022,""
"202502","Fran_Bus","KMB","","","",19337.311,"",2373.957,"",3953,"",517053,""
"202502","Fran_Bus","KMB","","","DD",,"",,"",3812,"",,""
"202502","Fran_Bus","KMB","","","SD",,"",,"",141,"",,""
"202502","Fran_Bus","CTB","3","","",6686.8839,"",2610.418,"",1340,"",175685,""
"202502","Fran_Bus","CTB","3","","DD",,"",,"",1327,"",,""
"202502","Fran_Bus","CTB","3","","SD",,"",,"",13,"",,""
"202502","Fran_Bus","CTB","2","","",2220.3601,"",550.3022,"",225,"",29454,""
"202502","Fran_Bus","CTB","2","","DD",,"",,"",225,"",,""
"202502","Fran_Bus","CTB","2","","SD",,"",,"",0,"",,""
"202502","Fran_Bus","LWB","","","",2662.134,"",,"",280,"",36801,""
"202502","Fran_Bus","LWB","","","DD",,"",,"",278,"",,""
"202502","Fran_Bus","LWB","","","SD",,"",,"",2,"",,""
"202502","Fran_Bus","NLB","","","",632.693,"",,"",141,"",12979,""
"202502","Fran_Bus","NLB","","","DD",,"",,"",67,"",,""
"202502","Fran_Bus","NLB","","","SD",,"",,"",74,"",,""
"202502","Railways","MTRC","","Local","",3029.025,"",,"",2039,"",649057,""
"202502","Railways","MTRC","","Airport","",222.573,"",,"",77,"",7700,""
"202502","Railways","MTRC","","LRT","",513.501,"",,"",149,"",36505,""
"202502","Railways","HKT","","","",350.35045,"",,"",161,"",18515,""
"202502","PLB","GMB","","","",22970.071,"",,"",3350,"",59101,""
"202502","PLB","RMB","","","",,"",,"",727,"",12214,""
"202502","Ferries","NWFF","","","",,"",,"",27,"",15149,""
"202502","Ferries","STF","","","",,"",,"",10,"",4750,""
"202502","Ferries","LFS","","","",,"",,"",52,"",14432,""
"202502","LRB","LRB","","","",485.921,"",,"",153,"",18144,""
"202502","LRB","LRB","","","DD",,"",,"",142,"",,""
"202502","LRB","LRB","","","SD",,"",,"",11,"",,""
"202502","RS","RS","","","",2535.245,"",,"",887,"",40576,""
"202502","TAX","TAX","","","",,"",,"",17813,"",73072,""
"202503","Fran_Bus","KMB","","","",21405.377,"",2605.017,"",3981,"",520641,""
"202503","Fran_Bus","KMB","","","DD",,"",,"",3841,"",,""
"202503","Fran_Bus","KMB","","","SD",,"",,"",140,"",,""
"202503","Fran_Bus","CTB","3","","",7428.1435,"",2897.1336,"",1345,"",176223,""
"202503","Fran_Bus","CTB","3","","DD",,"",,"",1330,"",,""
"202503","Fran_Bus","CTB","3","","SD",,"",,"",15,"",,""
"202503","Fran_Bus","CTB","2","","",2466.6168,"",625.5306,"",224,"",29417,""
"202503","Fran_Bus","CTB","2","","DD",,"",,"",224,"",,""
"202503","Fran_Bus","CTB","2","","SD",,"",,"",0,"",,""
"202503","Fran_Bus","LWB","","","",2927.659,"",,"",298,"",39265,""
"202503","Fran_Bus","LWB","","","DD",,"",,"",295,"",,""
"202503","Fran_Bus","LWB","","","SD",,"",,"",3,"",,""
"202503","Fran_Bus","NLB","","","",696.229,"",,"",141,"",12985,""
"202503","Fran_Bus","NLB","","","DD",,"",,"",67,"",,""
"202503","Fran_Bus","NLB","","","SD",,"",,"",74,"",,""
"202503","Railways","MTRC","","Local","",3343.795,"",,"",2039,"",649057,""
"202503","Railways","MTRC","","Airport","",246.314,"",,"",77,"",7700,""
"202503","Railways","MTRC","","LRT","",568.87,"",,"",149,"",36505,""
"202503","Railways","HKT","","","",379.91704,"",,"",161,"",18515,""
"202503","PLB","GMB","","","",25418.096,"",,"",3358,"",59241,""
"202503","PLB","RMB","","","",,"",,"",720,"",12099,""
"202503","Ferries","NWFF","","","",,"",,"",27,"",15149,""
"202503","Ferries","STF","","","",,"",,"",10,"",4750,""
"202503","Ferries","LFS","","","",,"",,"",52,"",14432,""
"202503","LRB","LRB","","","",544.5369,"",,"",154,"",18263,""
"202503","LRB","LRB","","","DD",,"",,"",143,"",,""
"202503","LRB","LRB","","","SD",,"",,"",11,"",,""
"202503","RS","RS","","","",2784.885,"",,"",868,"",39039,""
"202503","TAX","TAX","","","",,"",,"",17807,"",73154,""
"202504","Fran_Bus","KMB","","","",20693.766,"",2503.329,"",3989,"",521008,""
"202504","Fran_Bus","KMB","","","DD",,"",,"",3848,"",,""
"202504","Fran_Bus","KMB","","","SD",,"",,"",141,"",,""
"202504","Fran_Bus","CTB","3","","",7229.0583,"",2790.9724,"",1349,"",176742,""
"202504","Fran_Bus","CTB","3","","DD",,"",,"",1333,"",,""
"202504","Fran_Bus","CTB","3","","SD",,"",,"",16,"",,""
"202504","Fran_Bus","CTB","2","","",2402.8828,"",609.9595,"",224,"",29439,""
"202504","Fran_Bus","CTB","2","","DD",,"",,"",224,"",,""
"202504","Fran_Bus","CTB","2","","SD",,"",,"",0,"",,""
"202504","Fran_Bus","LWB","","","",2845.391,"",,"",301,"",39665,""
"202504","Fran_Bus","LWB","","","DD",,"",,"",298,"",,""
"202504","Fran_Bus","LWB","","","SD",,"",,"",3,"",,""
"202504","Fran_Bus","NLB","","","",669.535,"",,"",141,"",12985,""
"202504","Fran_Bus","NLB","","","DD",,"",,"",67,"",,""
"202504","Fran_Bus","NLB","","","SD",,"",,"",74,"",,""
"202504","Railways","MTRC","","Local","",3197.542,"",,"",2039,"",649057,""
"202504","Railways","MTRC","","Airport","",238.277,"",,"",77,"",7700,""
"202504","Railways","MTRC","","LRT","",548.262,"",,"",149,"",36505,""
"202504","Railways","HKT","","","",365.46951,"",,"",161,"",18515,""
"202504","PLB","GMB","","","",24390.071,"",,"",3360,"",59297,""
"202504","PLB","RMB","","","",,"",,"",711,"",11949,""
"202504","Ferries","NWFF","","","",,"",,"",27,"",15149,""
"202504","Ferries","STF","","","",,"",,"",10,"",4750,""
"202504","Ferries","LFS","","","",,"",,"",52,"",14432,""
"202504","LRB","LRB","","","",525.5401,"",,"",156,"",18502,""
"202504","LRB","LRB","","","DD",,"",,"",145,"",,""
"202504","LRB","LRB","","","SD",,"",,"",11,"",,""
"202504","RS","RS","","","",2630.78,"",,"",862,"",38788,""
"202504","TAX","TAX","","","",,"",,"",17747,"",72919,""
"202505","Fran_Bus","LWB","","","",2958.759,"",,"",302,"",39783,""
"202505","Fran_Bus","LWB","","","DD",,"",,"",299,"",,""
"202505","Fran_Bus","LWB","","","SD",,"",,"",3,"",,""
"202505","Fran_Bus","NLB","","","",694.82,"",,"",142,"",13052,""
"202505","Fran_Bus","NLB","","","DD",,"",,"",67,"",,""
"202505","Fran_Bus","NLB","","","SD",,"",,"",75,"",,""
"202505","Railways","MTRC","","Local","",3322.785,"",,"",2039,"",649057,""
"202505","Railways","MTRC","","Airport","",246.354,"",,"",77,"",7700,""
"202505","Railways","MTRC","","LRT","",568.208,"",,"",149,"",36505,""
"202505","Railways","HKT","","","",383.70936,"",,"",161,"",18515,""
"202505","PLB","GMB","","","",25558.344,"",,"",3353,"",59191,""
"202505","PLB","RMB","","","",,"",,"",714,"",11994,""
"202505","Ferries","NWFF","","","",,"",,"",26,"",14589,""
"202505","Ferries","STF","","","",,"",,"",10,"",4750,""
"202505","Ferries","LFS","","","",,"",,"",52,"",14432,""
"202505","LRB","LRB","","","",534.0184,"",,"",158,"",18745,""
"202505","LRB","LRB","","","DD",,"",,"",147,"",,""
"202505","LRB","LRB","","","SD",,"",,"",11,"",,""
"202505","RS","RS","","","",2724.203,"",,"",860,"",38779,""
"202505","TAX","TAX","","","",,"",,"",17649,"",72503,""
"202505","Fran_Bus","KMB","","","",21542.688,"",2588.274,"",3965,"",517797,""
"202505","Fran_Bus","KMB","","","DD",,"",,"",3826,"",,""
"202505","Fran_Bus","KMB","","","SD",,"",,"",139,"",,""
"202505","Fran_Bus","CTB","3","","",7462.2187,"",2881.3789,"",1330,"",173762,""
"202505","Fran_Bus","CTB","3","","DD",,"",,"",1312,"",,""
"202505","Fran_Bus","CTB","3","","SD",,"",,"",18,"",,""
"202505","Fran_Bus","CTB","2","","",2463.8669,"",626.996,"",228,"",29831,""
"202505","Fran_Bus","CTB","2","","DD",,"",,"",228,"",,""
"202505","Fran_Bus","CTB","2","","SD",,"",,"",0,"",,""
"202506","Fran_Bus","CTB","3","","",7247.1154,"",2819.9764,"",1334,"",174198,""
"202506","Fran_Bus","CTB","3","","DD",,"",,"",1316,"",,""
"202506","Fran_Bus","CTB","3","","SD",,"",,"",18,"",,""
"202506","Fran_Bus","CTB","2","","",2390.7941,"",610.0967,"",222,"",28903,""
"202506","Fran_Bus","CTB","2","","DD",,"",,"",222,"",,""
"202506","Fran_Bus","CTB","2","","SD",,"",,"",0,"",,""
"202506","Fran_Bus","LWB","","","",2861.87,"",,"",302,"",39712,""
"202506","Fran_Bus","LWB","","","DD",,"",,"",298,"",,""
"202506","Fran_Bus","LWB","","","SD",,"",,"",4,"",,""
"202506","Fran_Bus","NLB","","","",649.503,"",,"",143,"",13101,""
"202506","Fran_Bus","NLB","","","DD",,"",,"",67,"",,""
"202506","Fran_Bus","NLB","","","SD",,"",,"",76,"",,""
"202506","Railways","MTRC","","Local","",3240.366,"",,"",2039,"",649057,""
"202506","Railways","MTRC","","Airport","",238.345,"",,"",77,"",7700,""
"202506","Railways","MTRC","","LRT","",550.465,"",,"",149,"",36505,""
"202506","Railways","HKT","","","",370.40239,"",,"",161,"",18515,""
"202506","PLB","GMB","","","",24624.301,"",,"",3352,"",59208,""
"202506","PLB","RMB","","","",,"",,"",715,"",12016,""
"202506","Ferries","NWFF","","","",,"",,"",26,"",14573,""
"202506","Ferries","STF","","","",,"",,"",10,"",4750,""
"202506","Ferries","LFS","","","",,"",,"",52,"",14432,""
"202506","LRB","LRB","","","",518.0787,"",,"",158,"",18741,""
"202506","LRB","LRB","","","DD",,"",,"",147,"",,""
"202506","LRB","LRB","","","SD",,"",,"",11,"",,""
"202506","RS","RS","","","",2699.9,"",,"",869,"",38976,""
"202506","TAX","TAX","","","",,"",,"",17594,"",72365,""
"202506","Fran_Bus","KMB","","","",20959.364,"",2542.977,"",3937,"",514215,""
"202506","Fran_Bus","KMB","","","DD",,"",,"",3801,"",,""
"202506","Fran_Bus","KMB","","","SD",,"",,"",136,"",,""
"202507","Fran_Bus","KMB","","","SD",,"",,"",139,"",,""
"202507","Fran_Bus","CTB","3","","",7282.7008,"",2855.5462,"",1343,"",175291,""
"202507","Fran_Bus","CTB","3","","DD",,"",,"",1325,"",,""
"202507","Fran_Bus","CTB","3","","SD",,"",,"",18,"",,""
"202507","Fran_Bus","CTB","2","","",2411.9938,"",615.5906,"",221,"",28830,""
"202507","Fran_Bus","KMB","","","",21275.006,"",2611.199,"",3921,"",512689,""
"202507","Fran_Bus","CTB","2","","DD",,"",,"",221,"",,""
"202507","Fran_Bus","CTB","2","","SD",,"",,"",0,"",,""
"202507","Fran_Bus","LWB","","","",2932.718,"",,"",301,"",39666,""
"202507","Fran_Bus","LWB","","","DD",,"",,"",298,"",,""
"202507","Fran_Bus","LWB","","","SD",,"",,"",3,"",,""
"202507","Fran_Bus","NLB","","","",640.393,"",,"",148,"",13328,""
"202507","Fran_Bus","NLB","","","DD",,"",,"",67,"",,""
"202507","Fran_Bus","NLB","","","SD",,"",,"",81,"",,""
"202507","Railways","MTRC","","Local","",3283.052,"",,"",2039,"",649057,""
"202507","Railways","MTRC","","Airport","",242.095,"",,"",77,"",7700,""
"202507","Railways","MTRC","","LRT","",553.327,"",,"",149,"",36505,""
"202507","Railways","HKT","","","",372.51219,"",,"",161,"",18515,""
"202507","PLB","GMB","","","",25008.113,"",,"",3347,"",59128,""
"202507","PLB","RMB","","","",,"",,"",712,"",11965,""
"202507","Ferries","NWFF","","","",,"",,"",27,"",15073,""
"202507","Ferries","STF","","","",,"",,"",10,"",4750,""
"202507","Ferries","LFS","","","",,"",,"",56,"",16168,""
"202507","LRB","LRB","","","",521.2072,"",,"",158,"",18741,""
"202507","LRB","LRB","","","DD",,"",,"",147,"",,""
"202507","LRB","LRB","","","SD",,"",,"",11,"",,""
"202507","RS","RS","","","",2720.506,"",,"",881,"",39714,""
"202507","TAX","TAX","","","",,"",,"",17727,"",73180,""
"202507","Fran_Bus","KMB","","","DD",,"",,"",3782,"",,""
"202508","Fran_Bus","CTB","2","","DD",,"",,"",221,"",,""
"202508","Fran_Bus","CTB","2","","SD",,"",,"",0,"",,""
"202508","Fran_Bus","LWB","","","",3049.508,"",,"",306,"",40368,""
"202508","Fran_Bus","LWB","","","DD",,"",,"",303,"",,""
"202508","Fran_Bus","LWB","","","SD",,"",,"",3,"",,""
"202508","Fran_Bus","NLB","","","",669.557,"",,"",145,"",13131,""
"202508","Fran_Bus","NLB","","","DD",,"",,"",67,"",,""
"202508","Fran_Bus","NLB","","","SD",,"",,"",78,"",,""
"202508","Railways","MTRC","","Local","",3337.179,"",,"",2039,"",649057,""
"202508","Railways","MTRC","","Airport","",246.454,"",,"",77,"",7700,""
"202508","Railways","MTRC","","LRT","",564.013,"",,"",149,"",36505,""
"202508","Railways","HKT","","","",382.68076,"",,"",161,"",18515,""
"202508","PLB","GMB","","","",25090.536,"",,"",3354,"",59282,""
"202508","PLB","RMB","","","",,"",,"",711,"",11946,""
"202508","Ferries","NWFF","","","",,"",,"",27,"",14984,""
"202508","Ferries","STF","","","",,"",,"",10,"",4750,""
"202508","Ferries","LFS","","","",,"",,"",55,"",15980,""
"202508","LRB","LRB","","","",530.4458,"",,"",156,"",18587,""
"202508","LRB","LRB","","","DD",,"",,"",147,"",,""
"202508","LRB","LRB","","","SD",,"",,"",9,"",,""
"202508","RS","RS","","","",2747.909,"",,"",882,"",39598,""
"202508","TAX","TAX","","","",,"",,"",17554,"",72466,""
"202508","Fran_Bus","CTB","3","","DD",,"",,"",1332,"",,""
"202508","Fran_Bus","CTB","3","","SD",,"",,"",18,"",,""
"202508","Fran_Bus","CTB","2","","",2491.5755,"",638.0622,"",221,"",28885,""
"202508","Fran_Bus","KMB","","","",21363.404,"",2606.556,"",3925,"",513238,""
"202508","Fran_Bus","KMB","","","DD",,"",,"",3788,"",,""
"202508","Fran_Bus","KMB","","","SD",,"",,"",137,"",,""
"202508","Fran_Bus","CTB","3","","",7429.3437,"",2890.7956,"",1350,"",176122,""
"202509","LRB","LRB","","","SD",,"",,"",9,"",,""
"202509","LRB","LRB","","","DD",,"",,"",149,"",,""
"202509","TAX","TAX","","","",,"",,"",17593,"",72764,""
"202509","Fran_Bus","KMB","","","",19721.221,"",2409.945,"",3906,"",511305,""
"202509","Fran_Bus","KMB","","","DD",,"",,"",3774,"",,""
"202509","Fran_Bus","KMB","","","SD",,"",,"",132,"",,""
"202509","Fran_Bus","CTB","3","","",6869.6274,"",2656.1522,"",1358,"",177117,""
"202509","Fran_Bus","CTB","3","","DD",,"",,"",1340,"",,""
"202509","Fran_Bus","CTB","3","","SD",,"",,"",18,"",,""
"202509","Fran_Bus","CTB","2","","",2265.7844,"",580.2712,"",219,"",28610,""
"202509","Fran_Bus","CTB","2","","DD",,"",,"",219,"",,""
"202509","Fran_Bus","CTB","2","","SD",,"",,"",0,"",,""
"202509","Fran_Bus","LWB","","","",2797.48,"",,"",300,"",39476,""
"202509","Fran_Bus","LWB","","","DD",,"",,"",296,"",,""
"202509","Fran_Bus","LWB","","","SD",,"",,"",4,"",,""
"202509","Fran_Bus","NLB","","","",626.499,"",,"",146,"",13310,""
"202509","Fran_Bus","NLB","","","DD",,"",,"",69,"",,""
"202509","Fran_Bus","NLB","","","SD",,"",,"",77,"",,""
"202509","Railways","MTRC","","Local","",3132.957,"",,"",2039,"",649057,""
"202509","Railways","MTRC","","Airport","",236.074,"",,"",77,"",7700,""
"202509","Railways","MTRC","","LRT","",528.293,"",,"",149,"",36505,""
"202509","Railways","HKT","","","",348.99769,"",,"",161,"",18515,""
"202509","PLB","GMB","","","",23879.357,"",,"",3357,"",59345,""
"202509","PLB","RMB","","","",,"",,"",707,"",11876,""
"202509","Ferries","NWFF","","","",,"",,"",28,"",15484,""
"202509","Ferries","STF","","","",,"",,"",10,"",4750,""
"202509","Ferries","LFS","","","",,"",,"",57,"",16469,""
"202509","LRB","LRB","","","",491.4064,"",,"",158,"",18831,""
"202509","RS","RS","","","",2628.401,"",,"",892,"",40031,""
"202510","Ferries","NWFF","","","",,"",,"",30,"",16384,""
"202510","Ferries","STF","","","",,"",,"",10,"",4750,""
"202510","Ferries","LFS","","","",,"",,"",58,"",16692,""
"202510","LRB","LRB","","","",536.1895,"",,"",158,"",18831,""
"202510","LRB","LRB","","","DD",,"",,"",149,"",,""
"202510","LRB","LRB","","","SD",,"",,"",9,"",,""
"202510","RS","RS","","","",2773.007,"",,"",873,"",38672,""
"202510","TAX","TAX","","","",,"",,"",17631,"",73070,""
"202510","Fran_Bus","KMB","","","",21675.547,"",2611.65,"",3862,"",505352,""
"202510","Fran_Bus","KMB","","","DD",,"",,"",3727,"",,""
"202510","Fran_Bus","KMB","","","SD",,"",,"",135,"",,""
"202510","Fran_Bus","CTB","3","","",7563.0982,"",2886.8504,"",1366,"",178203,""
"202510","Fran_Bus","CTB","3","","DD",,"",,"",1349,"",,""
"202510","Fran_Bus","CTB","3","","SD",,"",,"",17,"",,""
"202510","Fran_Bus","CTB","2","","",2499.2585,"",637.2435,"",213,"",27841,""
"202510","Fran_Bus","CTB","2","","DD",,"",,"",213,"",,""
"202510","Fran_Bus","CTB","2","","SD",,"",,"",0,"",,""
"202510","Fran_Bus","LWB","","","",3081.978,"",,"",308,"",40540,""
"202510","Fran_Bus","LWB","","","DD",,"",,"",304,"",,""
"202510","Fran_Bus","LWB","","","SD",,"",,"",4,"",,""
"202510","Fran_Bus","NLB","","","",709.451,"",,"",146,"",13281,""
"202510","Fran_Bus","NLB","","","DD",,"",,"",69,"",,""
"202510","Fran_Bus","NLB","","","SD",,"",,"",77,"",,""
"202510","Railways","MTRC","","Local","",3349.838,"",,"",2039,"",649057,""
"202510","Railways","MTRC","","Airport","",246.208,"",,"",77,"",7700,""
"202510","Railways","MTRC","","LRT","",568.397,"",,"",149,"",36505,""
"202510","Railways","HKT","","","",384.50384,"",,"",161,"",18515,""
"202510","PLB","GMB","","","",25763.951,"",,"",3363,"",59450,""
"202510","PLB","RMB","","","",,"",,"",701,"",11774,""
"202511","Fran_Bus","KMB","","","",21086.272,"",2559.853,"",3820,"",508797,""
"202511","Fran_Bus","KMB","","","DD",,"",,"",3677,"",,""
"202511","TAX","TAX","","","",,"",,"",17659,"",73275,""
"202511","RS","RS","","","",2729.519,"",,"",867,"",38608,""
"202511","LRB","LRB","","","SD",,"",,"",6,"",,""
"202511","LRB","LRB","","","DD",,"",,"",151,"",,""
"202511","LRB","LRB","","","",519.7713,"",,"",157,"",18844,""
"202511","Ferries","LFS","","","",,"",,"",59,"",16994,""
"202511","Ferries","STF","","","",,"",,"",10,"",4750,""
"202511","Ferries","NWFF","","","",,"",,"",30,"",16384,""
"202511","PLB","RMB","","","",,"",,"",695,"",11681,""
"202511","PLB","GMB","","","",25087.688,"",,"",3360,"",59402,""
"202511","Railways","HKT","","","",359.418,"",,"",161,"",18515,""
"202511","Railways","MTRC","","LRT","",549.21,"",,"",149,"",36505,""
"202511","Railways","MTRC","","Airport","",237.773,"",,"",77,"",7700,""
"202511","Railways","MTRC","","Local","",3240.143,"",,"",2039,"",649057,""
"202511","Fran_Bus","NLB","","","SD",,"",,"",75,"",,""
"202511","Fran_Bus","NLB","","","DD",,"",,"",69,"",,""
"202511","Fran_Bus","NLB","","","",676.607,"",,"",144,"",13027,""
"202511","Fran_Bus","LWB","","","SD",,"",,"",0,"",,""
"202511","Fran_Bus","LWB","","","DD",,"",,"",302,"",,""
"202511","Fran_Bus","LWB","","","",2995.107,"",,"",302,"",40014,""
"202511","Fran_Bus","CTB","2","","SD",,"",,"",0,"",,""
"202511","Fran_Bus","CTB","2","","DD",,"",,"",214,"",,""
"202511","Fran_Bus","CTB","2","","",2416.9212,"",616.43,"",214,"",27881,""
"202511","Fran_Bus","CTB","3","","SD",,"",,"",16,"",,""
"202511","Fran_Bus","CTB","3","","DD",,"",,"",1348,"",,""
"202511","Fran_Bus","CTB","3","","",7334.7927,"",2806.3734,"",1364,"",177903,""
"202511","Fran_Bus","KMB","","","SD",,"",,"",143,"",,""
"202512","Fran_Bus","KMB","","","",21873.613,"",2669.605,"",3764,"",501624,""
"202512","TAX","TAX","","","",,"",,"",17695,"",73479,""
"202512","LRB","LRB","","","SD",,"",,"",2,"",,""
"202512","LRB","LRB","","","DD",,"",,"",156,"",,""
"202512","LRB","LRB","","","",534.4731,"",,"",158,"",19146,""
"202512","Ferries","LFS","","","",,"",,"",58,"",16593,""
"202512","Ferries","STF","","","",,"",,"",10,"",4750,""
"202512","Ferries","NWFF","","","",,"",,"",30,"",16384,""
"202512","PLB","RMB","","","",,"",,"",693,"",11631,""
"202512","PLB","GMB","","","",25639.141,"",,"",3360,"",59416,""
"202512","Railways","HKT","","","",386.22481,"",,"",161,"",18515,""
"202512","Railways","MTRC","","LRT","",569.993,"",,"",149,"",36505,""
"202512","Railways","MTRC","","Airport","",246.769,"",,"",77,"",7700,""
"202512","Railways","MTRC","","Local","",3376.052,"",,"",2039,"",649057,""
"202512","Fran_Bus","NLB","","","SD",,"",,"",77,"",,""
"202512","Fran_Bus","NLB","","","DD",,"",,"",69,"",,""
"202512","Fran_Bus","NLB","","","",701.27,"",,"",146,"",13034,""
"202512","Fran_Bus","LWB","","","SD",,"",,"",0,"",,""
"202512","Fran_Bus","LWB","","","DD",,"",,"",302,"",,""
"202512","Fran_Bus","LWB","","","",3117.075,"",,"",302,"",40031,""
"202512","Fran_Bus","CTB","2","","SD",,"",,"",0,"",,""
"202512","Fran_Bus","CTB","2","","DD",,"",,"",216,"",,""
"202512","Fran_Bus","CTB","2","","",2505.4143,"",636.7959,"",216,"",28216,""
"202512","Fran_Bus","CTB","3","","SD",,"",,"",18,"",,""
"202512","Fran_Bus","CTB","3","","DD",,"",,"",1347,"",,""
"202512","Fran_Bus","CTB","3","","",7636.9201,"",2894.759,"",1365,"",178122,""
"202512","Fran_Bus","KMB","","","SD",,"",,"",135,"",,""
"202512","Fran_Bus","KMB","","","DD",,"",,"",3629,"",,""
"202512","RS","RS","","","",2785.377,"",,"",884,"",39547,""
"202601","Fran_Bus","KMB","","","",21802.446,"",2661.555,"",3776,"",503409,""
"202601","Fran_Bus","KMB","","","DD",,"",,"",3639,"",,""
"202601","TAX","TAX","","","",,"",,"",17730,"",73706,""
"202601","RS","RS","","","",2830.067,"#",,"",868,"",39051,""
"202601","LRB","LRB","","","SD",,"",,"",2,"",,""
"202601","LRB","LRB","","","DD",,"",,"",155,"",,""
"202601","LRB","LRB","","","",536.7014,"",,"",157,"",19024,""
"202601","Ferries","LFS","","","",,"",,"",58,"",16593,""
"202601","Ferries","STF","","","",,"",,"",10,"",4750,""
"202601","Ferries","NWFF","","","",,"",,"",31,"",16884,""
"202601","PLB","RMB","","","",,"",,"",700,"",11743,""
"202601","PLB","GMB","","","",25826.772,"#",,"",3367,"",59558,""
"202601","Railways","HKT","","","",398.93021,"",,"",161,"",18515,""
"202601","Railways","MTRC","","LRT","",567.323,"",,"",149,"",36505,""
"202601","Railways","MTRC","","Airport","",246.493,"",,"",77,"",7700,""
"202601","Railways","MTRC","","Local","",3357.612,"",,"",2047,"",651561,""
"202601","Fran_Bus","NLB","","","SD",,"",,"",79,"",,""
"202601","Fran_Bus","NLB","","","DD",,"",,"",69,"",,""
"202601","Fran_Bus","NLB","","","",702.028,"",,"",148,"",13592,""
"202601","Fran_Bus","LWB","","","SD",,"",,"",0,"",,""
"202601","Fran_Bus","LWB","","","DD",,"",,"",310,"",,""
"202601","Fran_Bus","LWB","","","",3124.51,"",,"",310,"",41054,""
"202601","Fran_Bus","CTB","2","","SD",,"",,"",0,"",,""
"202601","Fran_Bus","CTB","2","","DD",,"",,"",214,"",,""
"202601","Fran_Bus","CTB","2","","",2510.225,"",635.9434,"",214,"",27925,""
"202601","Fran_Bus","CTB","3","","SD",,"",,"",17,"",,""
"202601","Fran_Bus","CTB","3","","DD",,"",,"",1359,"",,""
"202601","Fran_Bus","CTB","3","","",7671.5527,"",2906.0562,"",1376,"",179613,""
"202601","Fran_Bus","KMB","","","SD",,"",,"",137,"",,""
"202602","Fran_Bus","KMB","","","",19549.017,"",2366.165,"",3735,"",497936,""
"202602","TAX","TAX","","","",,"",,"",17743,"",73829,""
"202602","LRB","LRB","","","SD",,"",,"",2,"",,""
"202602","LRB","LRB","","","DD",,"",,"",156,"",,""
"202602","LRB","LRB","","","",476.9629,"",,"",158,"",19144,""
"202602","Ferries","LFS","","","",,"",,"",59,"",16593,""
"202602","Ferries","STF","","","",,"",,"",10,"",4750,""
"202602","Ferries","NWFF","","","",,"",,"",31,"",16884,""
"202602","PLB","RMB","","","",,"",,"",695,"",11660,""
"202602","PLB","GMB","","","",23107.996,"#",,"",3364,"",59504,""
"202602","Railways","HKT","","","",344.13012,"",,"",161,"",18515,""
"202602","Railways","MTRC","","LRT","",513.012,"",,"",149,"",36505,""
"202602","Railways","MTRC","","Airport","",222.471,"",,"",77,"",7700,""
"202602","Railways","MTRC","","Local","",3010.879,"",,"",2047,"",651561,""
"202602","Fran_Bus","NLB","","","SD",,"",,"",78,"",,""
"202602","Fran_Bus","NLB","","","DD",,"",,"",69,"",,""
"202602","Fran_Bus","NLB","","","",671.316,"",,"",147,"",13527,""
"202602","Fran_Bus","LWB","","","SD",,"",,"",0,"",,""
"202602","Fran_Bus","LWB","","","DD",,"",,"",305,"",,""
"202602","Fran_Bus","LWB","","","",2810.797,"",,"",305,"",40409,""
"202602","Fran_Bus","CTB","2","","SD",,"",,"",0,"",,""
"202602","Fran_Bus","CTB","2","","DD",,"",,"",212,"",,""
"202602","Fran_Bus","CTB","2","","",2284.3872,"",577.219,"",212,"",27774,""
"202602","Fran_Bus","CTB","3","","SD",,"",,"",19,"",,""
"202602","Fran_Bus","CTB","3","","DD",,"",,"",1368,"",,""
"202602","Fran_Bus","CTB","3","","",6895.8434,"",2585.1401,"",1387,"",180844,""
"202602","Fran_Bus","KMB","","","SD",,"",,"",137,"",,""
"202602","Fran_Bus","KMB","","","DD",,"",,"",3598,"",,""
"202602","RS","RS","","","",2512.992,"#",,"",856,"",38462,""
"202603","Railways","HKT","","","",385.78608,"",,"",161,"",18515,""
"202603","PLB","GMB","","","",25749.246,"#",,"",3356,"",59382,""
"202603","PLB","RMB","","","",,"",,"",690,"",11577,""
"202603","Ferries","NWFF","","","",,"",,"",30,"",16449,""
"202603","Ferries","STF","","","",,"",,"",10,"",4750,""
"202603","Ferries","LFS","","","",,"",,"",58,"",16593,""
"202603","LRB","LRB","","","",547.9659,"",,"",158,"",19189,""
"202603","LRB","LRB","","","DD",,"",,"",157,"",,""
"202603","LRB","LRB","","","SD",,"",,"",1,"",,""
"202603","RS","RS","","","",2875.171,"#",,"",861,"",38709,""
"202603","TAX","TAX","","","",,"",,"",17778,"",74128,""
"202603","Fran_Bus","KMB","","","",21634.73,"",2672.781,"",3823,"",510371,""
"202603","Fran_Bus","KMB","","","DD",,"",,"",3693,"",,""
"202603","Fran_Bus","KMB","","","SD",,"",,"",130,"",,""
"202603","Fran_Bus","CTB","3","","",7641.8702,"",2906.17,"",1390,"",180985,""
"202603","Fran_Bus","CTB","3","","DD",,"",,"",1371,"",,""
"202603","Fran_Bus","CTB","3","","SD",,"",,"",19,"",,""
"202603","Fran_Bus","CTB","2","","",2523.2172,"",642.0771,"",209,"",27260,""
"202603","Fran_Bus","CTB","2","","DD",,"",,"",209,"",,""
"202603","Fran_Bus","CTB","2","","SD",,"",,"",0,"",,""
"202603","Fran_Bus","LWB","","","",3116.487,"",,"",312,"",41364,""
"202603","Fran_Bus","LWB","","","DD",,"",,"",312,"",,""
"202603","Fran_Bus","LWB","","","SD",,"",,"",0,"",,""
"202603","Fran_Bus","NLB","","","",698.159,"",,"",149,"",13657,""
"202603","Fran_Bus","NLB","","","DD",,"",,"",69,"",,""
"202603","Fran_Bus","NLB","","","SD",,"",,"",80,"",,""
"202603","Railways","MTRC","","Local","",3360.857,"",,"",2047,"",651561,""
"202603","Railways","MTRC","","Airport","",246.252,"",,"",77,"",7700,""
"202603","Railways","MTRC","","LRT","",567.18,"",,"",149,"",36505,""
"202604","Fran_Bus","KMB","","","",20484.846,"",2522.666,"",3849,"",513479,""
"202604","TAX","TAX","","","",,"",,"",17831,"",74423,""
"202604","Fran_Bus","KMB","","","SD",,"",,"",133,"",,""
"202604","Fran_Bus","CTB","3","","",7307.729,"",2754.0335,"",1386,"",180549,""
"202604","Fran_Bus","CTB","3","","DD",,"",,"",1367,"",,""
"202604","Fran_Bus","CTB","3","","SD",,"",,"",19,"",,""
"202604","Fran_Bus","CTB","2","","",2447.5205,"",625.545,"",211,"",27630,""
"202604","Fran_Bus","CTB","2","","DD",,"",,"",211,"",,""
"202604","Fran_Bus","CTB","2","","SD",,"",,"",0,"",,""
"202604","Fran_Bus","LWB","","","",2983.453,"",,"",316,"",41892,""
"202604","Fran_Bus","LWB","","","DD",,"",,"",316,"",,""
"202604","Fran_Bus","LWB","","","SD",,"",,"",0,"",,""
"202604","Fran_Bus","NLB","","","",684.763,"",,"",146,"",13436,""
"202604","Fran_Bus","NLB","","","DD",,"",,"",69,"",,""
"202604","Fran_Bus","NLB","","","SD",,"",,"",77,"",,""
"202604","Railways","MTRC","","Local","",3219.147,"",,"",2047,"",651561,""
"202604","Railways","MTRC","","Airport","",238.028,"",,"",77,"",7700,""
"202604","Railways","MTRC","","LRT","",547.328,"",,"",149,"",36505,""
"202604","Railways","HKT","","","",369.10473,"",,"",161,"",18515,""
"202604","PLB","GMB","","","",24021.458,"#",,"",3356,"",59403,""
"202604","PLB","RMB","","","",,"",,"",689,"",11564,""
"202604","Ferries","NWFF","","","",,"",,"",28,"",15795,""
"202604","Ferries","STF","","","",,"",,"",10,"",4750,""
"202604","Ferries","LFS","","","",,"",,"",58,"",16583,""
"202604","LRB","LRB","","","",526.1608,"",,"",159,"",19308,""
"202604","LRB","LRB","","","DD",,"",,"",158,"",,""
"202604","LRB","LRB","","","SD",,"",,"",1,"",,""
"202604","RS","RS","","","",2710.157,"#",,"",862,"",38714,""
"202604","Fran_Bus","KMB","","","DD",,"",,"",3716,"",,""
