fare_scope,operator,operator_components_json,matsim_line_id,matsim_route_id,official_route_id,official_route_sequence,official_direction,boarding_stop_id,alighting_stop_id,passenger_type,payment_medium,service_class,day_type,time_period,published_fare_hkd,currency,fare_amount_role,cost_component,cost_source,cost_effective_date,cost_effective_date_status,source_revision_cutoff_date,source_download_date,source_record_id,source_record_ids_json,source_file,source_sha256,candidate_count,distinct_amount_count,record_status,candidate_records_json,route_franchise_scope_status,mapping_status,mapping_quality,cost_quality,cost_applicability_status,matching_method,unresolved_reason,cost_hkd,exclusion_reason
bus_ordered_stop_od_excluded_from_core_v1,KMB,"[""KMB""]",line_bus_1000021,bus_1000021_1,1000021,1,1,10281,13142,unspecified_in_source,unspecified_in_source,unspecified_in_source,unspecified_in_source,unspecified_in_source,,HKD,excluded_published_fare_candidate_not_an_active_rule,pt_fare,,,not_encoded_in_source_revision_cutoff_only,2026-07-14,2026-07-20,,"[""gtfs:fare_rules:618482;fare_attributes:618482"",""gtfs:fare_rules:618712;fare_attributes:618712""]",data/transit/hongkong/PublicTransportGTFS/gtfs.zip::fare_rules.txt;data/transit/hongkong/PublicTransportGTFS/gtfs.zip::fare_attributes.txt,e5ad020b79d0020625a4e8eb5428c2253a07705b71bfb809d8a3fa178032ce06,2,1,duplicate_identical,"[{""currency"":""HKD"",""destination_id"":""13142"",""fare_attribute_line"":618482,""fare_attributes_source_file"":""data/transit/hongkong/PublicTransportGTFS/gtfs.zip::fare_attributes.txt"",""fare_id"":""1000021-1-3-24"",""fare_rule_line"":618482,""fare_rules_source_file"":""data/transit/hongkong/PublicTransportGTFS/gtfs.zip::fare_rules.txt"",""origin_id"":""10281"",""price"":5.8,""route_id"":""1000021"",""source_sha256"":""e5ad020b79d0020625a4e8eb5428c2253a07705b71bfb809d8a3fa178032ce06""},{""currency"":""HKD"",""destination_id"":""13142"",""fare_attribute_line"":618712,""fare_attributes_source_file"":""data/transit/hongkong/PublicTransportGTFS/gtfs.zip::fare_attributes.txt"",""fare_id"":""1000021-1-23-24"",""fare_rule_line"":618712,""fare_rules_source_file"":""data/transit/hongkong/PublicTransportGTFS/gtfs.zip::fare_rules.txt"",""origin_id"":""10281"",""price"":5.8,""route_id"":""1000021"",""source_sha256"":""e5ad020b79d0020625a4e8eb5428c2253a07705b71bfb809d8a3fa178032ce06""}]",confirmed_franchised_route,unresolved,U,U,not_applicable_excluded_or_unresolved,exact_route_id_and_ordered_stop_od_candidate_audit,confirmed_route_duplicate_identical,,confirmed_route_duplicate_identical
bus_ordered_stop_od_excluded_from_core_v1,KMB,"[""KMB""]",line_bus_1000021,bus_1000021_1,1000021,1,1,10281,8150,unspecified_in_source,unspecified_in_source,unspecified_in_source,unspecified_in_source,unspecified_in_source,,HKD,excluded_published_fare_candidate_not_an_active_rule,pt_fare,,,not_encoded_in_source_revision_cutoff_only,2026-07-14,2026-07-20,,"[""gtfs:fare_rules:618483;fare_attributes:618483"",""gtfs:fare_rules:618713;fare_attributes:618713""]",data/transit/hongkong/PublicTransportGTFS/gtfs.zip::fare_rules.txt;data/transit/hongkong/PublicTransportGTFS/gtfs.zip::fare_attributes.txt,e5ad020b79d0020625a4e8eb5428c2253a07705b71bfb809d8a3fa178032ce06,2,1,duplicate_identical,"[{""currency"":""HKD"",""destination_id"":""8150"",""fare_attribute_line"":618483,""fare_attributes_source_file"":""data/transit/hongkong/PublicTransportGTFS/gtfs.zip::fare_attributes.txt"",""fare_id"":""1000021-1-3-25"",""fare_rule_line"":618483,""fare_rules_source_file"":""data/transit/hongkong/PublicTransportGTFS/gtfs.zip::fare_rules.txt"",""origin_id"":""10281"",""price"":5.8,""route_id"":""1000021"",""source_sha256"":""e5ad020b79d0020625a4e8eb5428c2253a07705b71bfb809d8a3fa178032ce06""},{""currency"":""HKD"",""destination_id"":""8150"",""fare_attribute_line"":618713,""fare_attributes_source_file"":""data/transit/hongkong/PublicTransportGTFS/gtfs.zip::fare_attributes.txt"",""fare_id"":""1000021-1-23-25"",""fare_rule_line"":618713,""fare_rules_source_file"":""data/transit/hongkong/PublicTransportGTFS/gtfs.zip::fare_rules.txt"",""origin_id"":""10281"",""price"":5.8,""route_id"":""1000021"",""source_sha256"":""e5ad020b79d0020625a4e8eb5428c2253a07705b71bfb809d8a3fa178032ce06""}]",confirmed_franchised_route,unresolved,U,U,not_applicable_excluded_or_unresolved,exact_route_id_and_ordered_stop_od_candidate_audit,confirmed_route_duplicate_identical,,confirmed_route_duplicate_identical
bus_ordered_stop_od_excluded_from_core_v1,KMB,"[""KMB""]",line_bus_1000021,bus_1000021_1,1000021,1,1,1419,10281,unspecified_in_source,unspecified_in_source,unspecified_in_source,unspecified_in_source,unspecified_in_source,,HKD,excluded_published_fare_candidate_not_an_active_rule,pt_fare,,,not_encoded_in_source_revision_cutoff_only,2026-07-14,2026-07-20,,"[""gtfs:fare_rules:618439;fare_attributes:618439"",""gtfs:fare_rules:618459;fare_attributes:618459""]",data/transit/hongkong/PublicTransportGTFS/gtfs.zip::fare_rules.txt;data/transit/hongkong/PublicTransportGTFS/gtfs.zip::fare_attributes.txt,e5ad020b79d0020625a4e8eb5428c2253a07705b71bfb809d8a3fa178032ce06,2,1,duplicate_identical,"[{""currency"":""HKD"",""destination_id"":""10281"",""fare_attribute_line"":618439,""fare_attributes_source_file"":""data/transit/hongkong/PublicTransportGTFS/gtfs.zip::fare_attributes.txt"",""fare_id"":""1000021-1-2-3"",""fare_rule_line"":618439,""fare_rules_source_file"":""data/transit/hongkong/PublicTransportGTFS/gtfs.zip::fare_rules.txt"",""origin_id"":""1419"",""price"":5.8,""route_id"":""1000021"",""source_sha256"":""e5ad020b79d0020625a4e8eb5428c2253a07705b71bfb809d8a3fa178032ce06""},{""currency"":""HKD"",""destination_id"":""10281"",""fare_attribute_line"":618459,""fare_attributes_source_file"":""data/transit/hongkong/PublicTransportGTFS/gtfs.zip::fare_attributes.txt"",""fare_id"":""1000021-1-2-23"",""fare_rule_line"":618459,""fare_rules_source_file"":""data/transit/hongkong/PublicTransportGTFS/gtfs.zip::fare_rules.txt"",""origin_id"":""1419"",""price"":5.8,""route_id"":""1000021"",""source_sha256"":""e5ad020b79d0020625a4e8eb5428c2253a07705b71bfb809d8a3fa178032ce06""}]",confirmed_franchised_route,unresolved,U,U,not_applicable_excluded_or_unresolved,exact_route_id_and_ordered_stop_od_candidate_audit,confirmed_route_duplicate_identical,,confirmed_route_duplicate_identical
bus_ordered_stop_od_excluded_from_core_v1,KMB,"[""KMB""]",line_bus_1000021,bus_1000021_1,1000021,1,1,8150,10281,unspecified_in_source,unspecified_in_source,unspecified_in_source,unspecified_in_source,unspecified_in_source,,HKD,excluded_published_fare_candidate_not_an_active_rule,pt_fare,,,not_encoded_in_source_revision_cutoff_only,2026-07-14,2026-07-20,,"[""gtfs:fare_rules:618416;fare_attributes:618416"",""gtfs:fare_rules:618436;fare_attributes:618436""]",data/transit/hongkong/PublicTransportGTFS/gtfs.zip::fare_rules.txt;data/transit/hongkong/PublicTransportGTFS/gtfs.zip::fare_attributes.txt,e5ad020b79d0020625a4e8eb5428c2253a07705b71bfb809d8a3fa178032ce06,2,1,duplicate_identical,"[{""currency"":""HKD"",""destination_id"":""10281"",""fare_attribute_line"":618416,""fare_attributes_source_file"":""data/transit/hongkong/PublicTransportGTFS/gtfs.zip::fare_attributes.txt"",""fare_id"":""1000021-1-1-3"",""fare_rule_line"":618416,""fare_rules_source_file"":""data/transit/hongkong/PublicTransportGTFS/gtfs.zip::fare_rules.txt"",""origin_id"":""8150"",""price"":5.8,""route_id"":""1000021"",""source_sha256"":""e5ad020b79d0020625a4e8eb5428c2253a07705b71bfb809d8a3fa178032ce06""},{""currency"":""HKD"",""destination_id"":""10281"",""fare_attribute_line"":618436,""fare_attributes_source_file"":""data/transit/hongkong/PublicTransportGTFS/gtfs.zip::fare_attributes.txt"",""fare_id"":""1000021-1-1-23"",""fare_rule_line"":618436,""fare_rules_source_file"":""data/transit/hongkong/PublicTransportGTFS/gtfs.zip::fare_rules.txt"",""origin_id"":""8150"",""price"":5.8,""route_id"":""1000021"",""source_sha256"":""e5ad020b79d0020625a4e8eb5428c2253a07705b71bfb809d8a3fa178032ce06""}]",confirmed_franchised_route,unresolved,U,U,not_applicable_excluded_or_unresolved,exact_route_id_and_ordered_stop_od_candidate_audit,confirmed_route_duplicate_identical,,confirmed_route_duplicate_identical
bus_ordered_stop_od_excluded_from_core_v1,LWB,"[""LWB""]",line_bus_1000047,bus_1000047_1,1000047,1,1,13309,13304,unspecified_in_source,unspecified_in_source,unspecified_in_source,unspecified_in_source,unspecified_in_source,,HKD,excluded_published_fare_candidate_not_an_active_rule,pt_fare,,,not_encoded_in_source_revision_cutoff_only,2026-07-14,2026-07-20,,"[""gtfs:fare_rules:626058;fare_attributes:626058"",""gtfs:fare_rules:626091;fare_attributes:626091""]",data/transit/hongkong/PublicTransportGTFS/gtfs.zip::fare_rules.txt;data/transit/hongkong/PublicTransportGTFS/gtfs.zip::fare_attributes.txt,e5ad020b79d0020625a4e8eb5428c2253a07705b71bfb809d8a3fa178032ce06,2,1,duplicate_identical,"[{""currency"":""HKD"",""destination_id"":""13304"",""fare_attribute_line"":626058,""fare_attributes_source_file"":""data/transit/hongkong/PublicTransportGTFS/gtfs.zip::fare_attributes.txt"",""fare_id"":""1000047-1-33-34"",""fare_rule_line"":626058,""fare_rules_source_file"":""data/transit/hongkong/PublicTransportGTFS/gtfs.zip::fare_rules.txt"",""origin_id"":""13309"",""price"":15.7,""route_id"":""1000047"",""source_sha256"":""e5ad020b79d0020625a4e8eb5428c2253a07705b71bfb809d8a3fa178032ce06""},{""currency"":""HKD"",""destination_id"":""13304"",""fare_attribute_line"":626091,""fare_attributes_source_file"":""data/transit/hongkong/PublicTransportGTFS/gtfs.zip::fare_attributes.txt"",""fare_id"":""1000047-2-2-3"",""fare_rule_line"":626091,""fare_rules_source_file"":""data/transit/hongkong/PublicTransportGTFS/gtfs.zip::fare_rules.txt"",""origin_id"":""13309"",""price"":15.7,""route_id"":""1000047"",""source_sha256"":""e5ad020b79d0020625a4e8eb5428c2253a07705b71bfb809d8a3fa178032ce06""}]",confirmed_franchised_route,unresolved,U,U,not_applicable_excluded_or_unresolved,exact_route_id_and_ordered_stop_od_candidate_audit,confirmed_route_duplicate_identical,,confirmed_route_duplicate_identical
bus_ordered_stop_od_excluded_from_core_v1,LWB,"[""LWB""]",line_bus_1000047,bus_1000047_2,1000047,2,2,13309,13304,unspecified_in_source,unspecified_in_source,unspecified_in_source,unspecified_in_source,unspecified_in_source,,HKD,excluded_published_fare_candidate_not_an_active_rule,pt_fare,,,not_encoded_in_source_revision_cutoff_only,2026-07-14,2026-07-20,,"[""gtfs:fare_rules:626058;fare_attributes:626058"",""gtfs:fare_rules:626091;fare_attributes:626091""]",data/transit/hongkong/PublicTransportGTFS/gtfs.zip::fare_rules.txt;data/transit/hongkong/PublicTransportGTFS/gtfs.zip::fare_attributes.txt,e5ad020b79d0020625a4e8eb5428c2253a07705b71bfb809d8a3fa178032ce06,2,1,duplicate_identical,"[{""currency"":""HKD"",""destination_id"":""13304"",""fare_attribute_line"":626058,""fare_attributes_source_file"":""data/transit/hongkong/PublicTransportGTFS/gtfs.zip::fare_attributes.txt"",""fare_id"":""1000047-1-33-34"",""fare_rule_line"":626058,""fare_rules_source_file"":""data/transit/hongkong/PublicTransportGTFS/gtfs.zip::fare_rules.txt"",""origin_id"":""13309"",""price"":15.7,""route_id"":""1000047"",""source_sha256"":""e5ad020b79d0020625a4e8eb5428c2253a07705b71bfb809d8a3fa178032ce06""},{""currency"":""HKD"",""destination_id"":""13304"",""fare_attribute_line"":626091,""fare_attributes_source_file"":""data/transit/hongkong/PublicTransportGTFS/gtfs.zip::fare_attributes.txt"",""fare_id"":""1000047-2-2-3"",""fare_rule_line"":626091,""fare_rules_source_file"":""data/transit/hongkong/PublicTransportGTFS/gtfs.zip::fare_rules.txt"",""origin_id"":""13309"",""price"":15.7,""route_id"":""1000047"",""source_sha256"":""e5ad020b79d0020625a4e8eb5428c2253a07705b71bfb809d8a3fa178032ce06""}]",confirmed_franchised_route,unresolved,U,U,not_applicable_excluded_or_unresolved,exact_route_id_and_ordered_stop_od_candidate_audit,confirmed_route_duplicate_identical,,confirmed_route_duplicate_identical
bus_ordered_stop_od_excluded_from_core_v1,LWB,"[""LWB""]",line_bus_1000088,bus_1000088_1,1000088,1,1,13309,13304,unspecified_in_source,unspecified_in_source,unspecified_in_source,unspecified_in_source,unspecified_in_source,,HKD,excluded_published_fare_candidate_not_an_active_rule,pt_fare,,,not_encoded_in_source_revision_cutoff_only,2026-07-14,2026-07-20,,"[""gtfs:fare_rules:638875;fare_attributes:638875"",""gtfs:fare_rules:638901;fare_attributes:638901""]",data/transit/hongkong/PublicTransportGTFS/gtfs.zip::fare_rules.txt;data/transit/hongkong/PublicTransportGTFS/gtfs.zip::fare_attributes.txt,e5ad020b79d0020625a4e8eb5428c2253a07705b71bfb809d8a3fa178032ce06,2,1,duplicate_identical,"[{""currency"":""HKD"",""destination_id"":""13304"",""fare_attribute_line"":638875,""fare_attributes_source_file"":""data/transit/hongkong/PublicTransportGTFS/gtfs.zip::fare_attributes.txt"",""fare_id"":""1000088-1-15-16"",""fare_rule_line"":638875,""fare_rules_source_file"":""data/transit/hongkong/PublicTransportGTFS/gtfs.zip::fare_rules.txt"",""origin_id"":""13309"",""price"":19.8,""route_id"":""1000088"",""source_sha256"":""e5ad020b79d0020625a4e8eb5428c2253a07705b71bfb809d8a3fa178032ce06""},{""currency"":""HKD"",""destination_id"":""13304"",""fare_attribute_line"":638901,""fare_attributes_source_file"":""data/transit/hongkong/PublicTransportGTFS/gtfs.zip::fare_attributes.txt"",""fare_id"":""1000088-2-2-3"",""fare_rule_line"":638901,""fare_rules_source_file"":""data/transit/hongkong/PublicTransportGTFS/gtfs.zip::fare_rules.txt"",""origin_id"":""13309"",""price"":19.8,""route_id"":""1000088"",""source_sha256"":""e5ad020b79d0020625a4e8eb5428c2253a07705b71bfb809d8a3fa178032ce06""}]",confirmed_franchised_route,unresolved,U,U,not_applicable_excluded_or_unresolved,exact_route_id_and_ordered_stop_od_candidate_audit,confirmed_route_duplicate_identical,,confirmed_route_duplicate_identical
bus_ordered_stop_od_excluded_from_core_v1,LWB,"[""LWB""]",line_bus_1000088,bus_1000088_2,1000088,2,2,13309,13304,unspecified_in_source,unspecified_in_source,unspecified_in_source,unspecified_in_source,unspecified_in_source,,HKD,excluded_published_fare_candidate_not_an_active_rule,pt_fare,,,not_encoded_in_source_revision_cutoff_only,2026-07-14,2026-07-20,,"[""gtfs:fare_rules:638875;fare_attributes:638875"",""gtfs:fare_rules:638901;fare_attributes:638901""]",data/transit/hongkong/PublicTransportGTFS/gtfs.zip::fare_rules.txt;data/transit/hongkong/PublicTransportGTFS/gtfs.zip::fare_attributes.txt,e5ad020b79d0020625a4e8eb5428c2253a07705b71bfb809d8a3fa178032ce06,2,1,duplicate_identical,"[{""currency"":""HKD"",""destination_id"":""13304"",""fare_attribute_line"":638875,""fare_attributes_source_file"":""data/transit/hongkong/PublicTransportGTFS/gtfs.zip::fare_attributes.txt"",""fare_id"":""1000088-1-15-16"",""fare_rule_line"":638875,""fare_rules_source_file"":""data/transit/hongkong/PublicTransportGTFS/gtfs.zip::fare_rules.txt"",""origin_id"":""13309"",""price"":19.8,""route_id"":""1000088"",""source_sha256"":""e5ad020b79d0020625a4e8eb5428c2253a07705b71bfb809d8a3fa178032ce06""},{""currency"":""HKD"",""destination_id"":""13304"",""fare_attribute_line"":638901,""fare_attributes_source_file"":""data/transit/hongkong/PublicTransportGTFS/gtfs.zip::fare_attributes.txt"",""fare_id"":""1000088-2-2-3"",""fare_rule_line"":638901,""fare_rules_source_file"":""data/transit/hongkong/PublicTransportGTFS/gtfs.zip::fare_rules.txt"",""origin_id"":""13309"",""price"":19.8,""route_id"":""1000088"",""source_sha256"":""e5ad020b79d0020625a4e8eb5428c2253a07705b71bfb809d8a3fa178032ce06""}]",confirmed_franchised_route,unresolved,U,U,not_applicable_excluded_or_unresolved,exact_route_id_and_ordered_stop_od_candidate_audit,confirmed_route_duplicate_identical,,confirmed_route_duplicate_identical
bus_ordered_stop_od_excluded_from_core_v1,KMB,"[""KMB""]",line_bus_1000100,bus_1000100_1,1000100,1,1,12461,879,unspecified_in_source,unspecified_in_source,unspecified_in_source,unspecified_in_source,unspecified_in_source,,HKD,excluded_published_fare_candidate_not_an_active_rule,pt_fare,,,not_encoded_in_source_revision_cutoff_only,2026-07-14,2026-07-20,,"[""gtfs:fare_rules:640278;fare_attributes:640278"",""gtfs:fare_rules:640303;fare_attributes:640303""]",data/transit/hongkong/PublicTransportGTFS/gtfs.zip::fare_rules.txt;data/transit/hongkong/PublicTransportGTFS/gtfs.zip::fare_attributes.txt,e5ad020b79d0020625a4e8eb5428c2253a07705b71bfb809d8a3fa178032ce06,2,1,duplicate_identical,"[{""currency"":""HKD"",""destination_id"":""879"",""fare_attribute_line"":640278,""fare_attributes_source_file"":""data/transit/hongkong/PublicTransportGTFS/gtfs.zip::fare_attributes.txt"",""fare_id"":""1000100-1-2-5"",""fare_rule_line"":640278,""fare_rules_source_file"":""data/transit/hongkong/PublicTransportGTFS/gtfs.zip::fare_rules.txt"",""origin_id"":""12461"",""price"":5.6,""route_id"":""1000100"",""source_sha256"":""e5ad020b79d0020625a4e8eb5428c2253a07705b71bfb809d8a3fa178032ce06""},{""currency"":""HKD"",""destination_id"":""879"",""fare_attribute_line"":640303,""fare_attributes_source_file"":""data/transit/hongkong/PublicTransportGTFS/gtfs.zip::fare_attributes.txt"",""fare_id"":""1000100-1-2-30"",""fare_rule_line"":640303,""fare_rules_source_file"":""data/transit/hongkong/PublicTransportGTFS/gtfs.zip::fare_rules.txt"",""origin_id"":""12461"",""price"":5.6,""route_id"":""1000100"",""source_sha256"":""e5ad020b79d0020625a4e8eb5428c2253a07705b71bfb809d8a3fa178032ce06""}]",confirmed_franchised_route,unresolved,U,U,not_applicable_excluded_or_unresolved,exact_route_id_and_ordered_stop_od_candidate_audit,confirmed_route_duplicate_identical,,confirmed_route_duplicate_identical
bus_ordered_stop_od_excluded_from_core_v1,KMB,"[""KMB""]",line_bus_1000100,bus_1000100_1,1000100,1,1,6261,879,unspecified_in_source,unspecified_in_source,unspecified_in_source,unspecified_in_source,unspecified_in_source,,HKD,excluded_published_fare_candidate_not_an_active_rule,pt_fare,,,not_encoded_in_source_revision_cutoff_only,2026-07-14,2026-07-20,,"[""gtfs:fare_rules:640244;fare_attributes:640244"",""gtfs:fare_rules:640269;fare_attributes:640269""]",data/transit/hongkong/PublicTransportGTFS/gtfs.zip::fare_rules.txt;data/transit/hongkong/PublicTransportGTFS/gtfs.zip::fare_attributes.txt,e5ad020b79d0020625a4e8eb5428c2253a07705b71bfb809d8a3fa178032ce06,2,1,duplicate_identical,"[{""currency"":""HKD"",""destination_id"":""879"",""fare_attribute_line"":640244,""fare_attributes_source_file"":""data/transit/hongkong/PublicTransportGTFS/gtfs.zip::fare_attributes.txt"",""fare_id"":""1000100-1-1-5"",""fare_rule_line"":640244,""fare_rules_source_file"":""data/transit/hongkong/PublicTransportGTFS/gtfs.zip::fare_rules.txt"",""origin_id"":""6261"",""price"":5.6,""route_id"":""1000100"",""source_sha256"":""e5ad020b79d0020625a4e8eb5428c2253a07705b71bfb809d8a3fa178032ce06""},{""currency"":""HKD"",""destination_id"":""879"",""fare_attribute_line"":640269,""fare_attributes_source_file"":""data/transit/hongkong/PublicTransportGTFS/gtfs.zip::fare_attributes.txt"",""fare_id"":""1000100-1-1-30"",""fare_rule_line"":640269,""fare_rules_source_file"":""data/transit/hongkong/PublicTransportGTFS/gtfs.zip::fare_rules.txt"",""origin_id"":""6261"",""price"":5.6,""route_id"":""1000100"",""source_sha256"":""e5ad020b79d0020625a4e8eb5428c2253a07705b71bfb809d8a3fa178032ce06""}]",confirmed_franchised_route,unresolved,U,U,not_applicable_excluded_or_unresolved,exact_route_id_and_ordered_stop_od_candidate_audit,confirmed_route_duplicate_identical,,confirmed_route_duplicate_identical
bus_ordered_stop_od_excluded_from_core_v1,KMB,"[""KMB""]",line_bus_1000100,bus_1000100_1,1000100,1,1,6278,879,unspecified_in_source,unspecified_in_source,unspecified_in_source,unspecified_in_source,unspecified_in_source,,HKD,excluded_published_fare_candidate_not_an_active_rule,pt_fare,,,not_encoded_in_source_revision_cutoff_only,2026-07-14,2026-07-20,,"[""gtfs:fare_rules:640311;fare_attributes:640311"",""gtfs:fare_rules:640336;fare_attributes:640336""]",data/transit/hongkong/PublicTransportGTFS/gtfs.zip::fare_rules.txt;data/transit/hongkong/PublicTransportGTFS/gtfs.zip::fare_attributes.txt,e5ad020b79d0020625a4e8eb5428c2253a07705b71bfb809d8a3fa178032ce06,2,1,duplicate_identical,"[{""currency"":""HKD"",""destination_id"":""879"",""fare_attribute_line"":640311,""fare_attributes_source_file"":""data/transit/hongkong/PublicTransportGTFS/gtfs.zip::fare_attributes.txt"",""fare_id"":""1000100-1-3-5"",""fare_rule_line"":640311,""fare_rules_source_file"":""data/transit/hongkong/PublicTransportGTFS/gtfs.zip::fare_rules.txt"",""origin_id"":""6278"",""price"":5.6,""route_id"":""1000100"",""source_sha256"":""e5ad020b79d0020625a4e8eb5428c2253a07705b71bfb809d8a3fa178032ce06""},{""currency"":""HKD"",""destination_id"":""879"",""fare_attribute_line"":640336,""fare_attributes_source_file"":""data/transit/hongkong/PublicTransportGTFS/gtfs.zip::fare_attributes.txt"",""fare_id"":""1000100-1-3-30"",""fare_rule_line"":640336,""fare_rules_source_file"":""data/transit/hongkong/PublicTransportGTFS/gtfs.zip::fare_rules.txt"",""origin_id"":""6278"",""price"":5.6,""route_id"":""1000100"",""source_sha256"":""e5ad020b79d0020625a4e8eb5428c2253a07705b71bfb809d8a3fa178032ce06""}]",confirmed_franchised_route,unresolved,U,U,not_applicable_excluded_or_unresolved,exact_route_id_and_ordered_stop_od_candidate_audit,confirmed_route_duplicate_identical,,confirmed_route_duplicate_identical
bus_ordered_stop_od_excluded_from_core_v1,KMB,"[""KMB""]",line_bus_1000100,bus_1000100_1,1000100,1,1,879,10000143,unspecified_in_source,unspecified_in_source,unspecified_in_source,unspecified_in_source,unspecified_in_source,,HKD,excluded_published_fare_candidate_not_an_active_rule,pt_fare,,,not_encoded_in_source_revision_cutoff_only,2026-07-14,2026-07-20,,"[""gtfs:fare_rules:640400;fare_attributes:640400"",""gtfs:fare_rules:640850;fare_attributes:640850""]",data/transit/hongkong/PublicTransportGTFS/gtfs.zip::fare_rules.txt;data/transit/hongkong/PublicTransportGTFS/gtfs.zip::fare_attributes.txt,e5ad020b79d0020625a4e8eb5428c2253a07705b71bfb809d8a3fa178032ce06,2,1,duplicate_identical,"[{""currency"":""HKD"",""destination_id"":""10000143"",""fare_attribute_line"":640400,""fare_attributes_source_file"":""data/transit/hongkong/PublicTransportGTFS/gtfs.zip::fare_attributes.txt"",""fare_id"":""1000100-1-5-31"",""fare_rule_line"":640400,""fare_rules_source_file"":""data/transit/hongkong/PublicTransportGTFS/gtfs.zip::fare_rules.txt"",""origin_id"":""879"",""price"":5.6,""route_id"":""1000100"",""source_sha256"":""e5ad020b79d0020625a4e8eb5428c2253a07705b71bfb809d8a3fa178032ce06""},{""currency"":""HKD"",""destination_id"":""10000143"",""fare_attribute_line"":640850,""fare_attributes_source_file"":""data/transit/hongkong/PublicTransportGTFS/gtfs.zip::fare_attributes.txt"",""fare_id"":""1000100-1-30-31"",""fare_rule_line"":640850,""fare_rules_source_file"":""data/transit/hongkong/PublicTransportGTFS/gtfs.zip::fare_rules.txt"",""origin_id"":""879"",""price"":5.6,""route_id"":""1000100"",""source_sha256"":""e5ad020b79d0020625a4e8eb5428c2253a07705b71bfb809d8a3fa178032ce06""}]",confirmed_franchised_route,unresolved,U,U,not_applicable_excluded_or_unresolved,exact_route_id_and_ordered_stop_od_candidate_audit,confirmed_route_duplicate_identical,,confirmed_route_duplicate_identical
bus_ordered_stop_od_excluded_from_core_v1,KMB,"[""KMB""]",line_bus_1000100,bus_1000100_1,1000100,1,1,879,13384,unspecified_in_source,unspecified_in_source,unspecified_in_source,unspecified_in_source,unspecified_in_source,,HKD,excluded_published_fare_candidate_not_an_active_rule,pt_fare,,,not_encoded_in_source_revision_cutoff_only,2026-07-14,2026-07-20,,"[""gtfs:fare_rules:640404;fare_attributes:640404"",""gtfs:fare_rules:640854;fare_attributes:640854""]",data/transit/hongkong/PublicTransportGTFS/gtfs.zip::fare_rules.txt;data/transit/hongkong/PublicTransportGTFS/gtfs.zip::fare_attributes.txt,e5ad020b79d0020625a4e8eb5428c2253a07705b71bfb809d8a3fa178032ce06,2,1,duplicate_identical,"[{""currency"":""HKD"",""destination_id"":""13384"",""fare_attribute_line"":640404,""fare_attributes_source_file"":""data/transit/hongkong/PublicTransportGTFS/gtfs.zip::fare_attributes.txt"",""fare_id"":""1000100-1-5-35"",""fare_rule_line"":640404,""fare_rules_source_file"":""data/transit/hongkong/PublicTransportGTFS/gtfs.zip::fare_rules.txt"",""origin_id"":""879"",""price"":5.6,""route_id"":""1000100"",""source_sha256"":""e5ad020b79d0020625a4e8eb5428c2253a07705b71bfb809d8a3fa178032ce06""},{""currency"":""HKD"",""destination_id"":""13384"",""fare_attribute_line"":640854,""fare_attributes_source_file"":""data/transit/hongkong/PublicTransportGTFS/gtfs.zip::fare_attributes.txt"",""fare_id"":""1000100-1-30-35"",""fare_rule_line"":640854,""fare_rules_source_file"":""data/transit/hongkong/PublicTransportGTFS/gtfs.zip::fare_rules.txt"",""origin_id"":""879"",""price"":5.6,""route_id"":""1000100"",""source_sha256"":""e5ad020b79d0020625a4e8eb5428c2253a07705b71bfb809d8a3fa178032ce06""}]",confirmed_franchised_route,unresolved,U,U,not_applicable_excluded_or_unresolved,exact_route_id_and_ordered_stop_od_candidate_audit,confirmed_route_duplicate_identical,,confirmed_route_duplicate_identical
bus_ordered_stop_od_excluded_from_core_v1,KMB,"[""KMB""]",line_bus_1000100,bus_1000100_1,1000100,1,1,879,6258,unspecified_in_source,unspecified_in_source,unspecified_in_source,unspecified_in_source,unspecified_in_source,,HKD,excluded_published_fare_candidate_not_an_active_rule,pt_fare,,,not_encoded_in_source_revision_cutoff_only,2026-07-14,2026-07-20,,"[""gtfs:fare_rules:640403;fare_attributes:640403"",""gtfs:fare_rules:640853;fare_attributes:640853""]",data/transit/hongkong/PublicTransportGTFS/gtfs.zip::fare_rules.txt;data/transit/hongkong/PublicTransportGTFS/gtfs.zip::fare_attributes.txt,e5ad020b79d0020625a4e8eb5428c2253a07705b71bfb809d8a3fa178032ce06,2,1,duplicate_identical,"[{""currency"":""HKD"",""destination_id"":""6258"",""fare_attribute_line"":640403,""fare_attributes_source_file"":""data/transit/hongkong/PublicTransportGTFS/gtfs.zip::fare_attributes.txt"",""fare_id"":""1000100-1-5-34"",""fare_rule_line"":640403,""fare_rules_source_file"":""data/transit/hongkong/PublicTransportGTFS/gtfs.zip::fare_rules.txt"",""origin_id"":""879"",""price"":5.6,""route_id"":""1000100"",""source_sha256"":""e5ad020b79d0020625a4e8eb5428c2253a07705b71bfb809d8a3fa178032ce06""},{""currency"":""HKD"",""destination_id"":""6258"",""fare_attribute_line"":640853,""fare_attributes_source_file"":""data/transit/hongkong/PublicTransportGTFS/gtfs.zip::fare_attributes.txt"",""fare_id"":""1000100-1-30-34"",""fare_rule_line"":640853,""fare_rules_source_file"":""data/transit/hongkong/PublicTransportGTFS/gtfs.zip::fare_rules.txt"",""origin_id"":""879"",""price"":5.6,""route_id"":""1000100"",""source_sha256"":""e5ad020b79d0020625a4e8eb5428c2253a07705b71bfb809d8a3fa178032ce06""}]",confirmed_franchised_route,unresolved,U,U,not_applicable_excluded_or_unresolved,exact_route_id_and_ordered_stop_od_candidate_audit,confirmed_route_duplicate_identical,,confirmed_route_duplicate_identical
bus_ordered_stop_od_excluded_from_core_v1,KMB,"[""KMB""]",line_bus_1000100,bus_1000100_1,1000100,1,1,879,6261,unspecified_in_source,unspecified_in_source,unspecified_in_source,unspecified_in_source,unspecified_in_source,,HKD,excluded_published_fare_candidate_not_an_active_rule,pt_fare,,,not_encoded_in_source_revision_cutoff_only,2026-07-14,2026-07-20,,"[""gtfs:fare_rules:640405;fare_attributes:640405"",""gtfs:fare_rules:640855;fare_attributes:640855""]",data/transit/hongkong/PublicTransportGTFS/gtfs.zip::fare_rules.txt;data/transit/hongkong/PublicTransportGTFS/gtfs.zip::fare_attributes.txt,e5ad020b79d0020625a4e8eb5428c2253a07705b71bfb809d8a3fa178032ce06,2,1,duplicate_identical,"[{""currency"":""HKD"",""destination_id"":""6261"",""fare_attribute_line"":640405,""fare_attributes_source_file"":""data/transit/hongkong/PublicTransportGTFS/gtfs.zip::fare_attributes.txt"",""fare_id"":""1000100-1-5-36"",""fare_rule_line"":640405,""fare_rules_source_file"":""data/transit/hongkong/PublicTransportGTFS/gtfs.zip::fare_rules.txt"",""origin_id"":""879"",""price"":5.6,""route_id"":""1000100"",""source_sha256"":""e5ad020b79d0020625a4e8eb5428c2253a07705b71bfb809d8a3fa178032ce06""},{""currency"":""HKD"",""destination_id"":""6261"",""fare_attribute_line"":640855,""fare_attributes_source_file"":""data/transit/hongkong/PublicTransportGTFS/gtfs.zip::fare_attributes.txt"",""fare_id"":""1000100-1-30-36"",""fare_rule_line"":640855,""fare_rules_source_file"":""data/transit/hongkong/PublicTransportGTFS/gtfs.zip::fare_rules.txt"",""origin_id"":""879"",""price"":5.6,""route_id"":""1000100"",""source_sha256"":""e5ad020b79d0020625a4e8eb5428c2253a07705b71bfb809d8a3fa178032ce06""}]",confirmed_franchised_route,unresolved,U,U,not_applicable_excluded_or_unresolved,exact_route_id_and_ordered_stop_od_candidate_audit,confirmed_route_duplicate_identical,,confirmed_route_duplicate_identical
bus_ordered_stop_od_excluded_from_core_v1,KMB,"[""KMB""]",line_bus_1000100,bus_1000100_1,1000100,1,1,879,6275,unspecified_in_source,unspecified_in_source,unspecified_in_source,unspecified_in_source,unspecified_in_source,,HKD,excluded_published_fare_candidate_not_an_active_rule,pt_fare,,,not_encoded_in_source_revision_cutoff_only,2026-07-14,2026-07-20,,"[""gtfs:fare_rules:640402;fare_attributes:640402"",""gtfs:fare_rules:640852;fare_attributes:640852""]",data/transit/hongkong/PublicTransportGTFS/gtfs.zip::fare_rules.txt;data/transit/hongkong/PublicTransportGTFS/gtfs.zip::fare_attributes.txt,e5ad020b79d0020625a4e8eb5428c2253a07705b71bfb809d8a3fa178032ce06,2,1,duplicate_identical,"[{""currency"":""HKD"",""destination_id"":""6275"",""fare_attribute_line"":640402,""fare_attributes_source_file"":""data/transit/hongkong/PublicTransportGTFS/gtfs.zip::fare_attributes.txt"",""fare_id"":""1000100-1-5-33"",""fare_rule_line"":640402,""fare_rules_source_file"":""data/transit/hongkong/PublicTransportGTFS/gtfs.zip::fare_rules.txt"",""origin_id"":""879"",""price"":5.6,""route_id"":""1000100"",""source_sha256"":""e5ad020b79d0020625a4e8eb5428c2253a07705b71bfb809d8a3fa178032ce06""},{""currency"":""HKD"",""destination_id"":""6275"",""fare_attribute_line"":640852,""fare_attributes_source_file"":""data/transit/hongkong/PublicTransportGTFS/gtfs.zip::fare_attributes.txt"",""fare_id"":""1000100-1-30-33"",""fare_rule_line"":640852,""fare_rules_source_file"":""data/transit/hongkong/PublicTransportGTFS/gtfs.zip::fare_rules.txt"",""origin_id"":""879"",""price"":5.6,""route_id"":""1000100"",""source_sha256"":""e5ad020b79d0020625a4e8eb5428c2253a07705b71bfb809d8a3fa178032ce06""}]",confirmed_franchised_route,unresolved,U,U,not_applicable_excluded_or_unresolved,exact_route_id_and_ordered_stop_od_candidate_audit,confirmed_route_duplicate_identical,,confirmed_route_duplicate_identical
bus_ordered_stop_od_excluded_from_core_v1,KMB,"[""KMB""]",line_bus_1000100,bus_1000100_1,1000100,1,1,879,6279,unspecified_in_source,unspecified_in_source,unspecified_in_source,unspecified_in_source,unspecified_in_source,,HKD,excluded_published_fare_candidate_not_an_active_rule,pt_fare,,,not_encoded_in_source_revision_cutoff_only,2026-07-14,2026-07-20,,"[""gtfs:fare_rules:640401;fare_attributes:640401"",""gtfs:fare_rules:640851;fare_attributes:640851""]",data/transit/hongkong/PublicTransportGTFS/gtfs.zip::fare_rules.txt;data/transit/hongkong/PublicTransportGTFS/gtfs.zip::fare_attributes.txt,e5ad020b79d0020625a4e8eb5428c2253a07705b71bfb809d8a3fa178032ce06,2,1,duplicate_identical,"[{""currency"":""HKD"",""destination_id"":""6279"",""fare_attribute_line"":640401,""fare_attributes_source_file"":""data/transit/hongkong/PublicTransportGTFS/gtfs.zip::fare_attributes.txt"",""fare_id"":""1000100-1-5-32"",""fare_rule_line"":640401,""fare_rules_source_file"":""data/transit/hongkong/PublicTransportGTFS/gtfs.zip::fare_rules.txt"",""origin_id"":""879"",""price"":5.6,""route_id"":""1000100"",""source_sha256"":""e5ad020b79d0020625a4e8eb5428c2253a07705b71bfb809d8a3fa178032ce06""},{""currency"":""HKD"",""destination_id"":""6279"",""fare_attribute_line"":640851,""fare_attributes_source_file"":""data/transit/hongkong/PublicTransportGTFS/gtfs.zip::fare_attributes.txt"",""fare_id"":""1000100-1-30-32"",""fare_rule_line"":640851,""fare_rules_source_file"":""data/transit/hongkong/PublicTransportGTFS/gtfs.zip::fare_rules.txt"",""origin_id"":""879"",""price"":5.6,""route_id"":""1000100"",""source_sha256"":""e5ad020b79d0020625a4e8eb5428c2253a07705b71bfb809d8a3fa178032ce06""}]",confirmed_franchised_route,unresolved,U,U,not_applicable_excluded_or_unresolved,exact_route_id_and_ordered_stop_od_candidate_audit,confirmed_route_duplicate_identical,,confirmed_route_duplicate_identical
bus_ordered_stop_od_excluded_from_core_v1,KMB,"[""KMB""]",line_bus_1000100,bus_1000100_1,1000100,1,1,895,879,unspecified_in_source,unspecified_in_source,unspecified_in_source,unspecified_in_source,unspecified_in_source,,HKD,excluded_published_fare_candidate_not_an_active_rule,pt_fare,,,not_encoded_in_source_revision_cutoff_only,2026-07-14,2026-07-20,,"[""gtfs:fare_rules:640343;fare_attributes:640343"",""gtfs:fare_rules:640368;fare_attributes:640368""]",data/transit/hongkong/PublicTransportGTFS/gtfs.zip::fare_rules.txt;data/transit/hongkong/PublicTransportGTFS/gtfs.zip::fare_attributes.txt,e5ad020b79d0020625a4e8eb5428c2253a07705b71bfb809d8a3fa178032ce06,2,1,duplicate_identical,"[{""currency"":""HKD"",""destination_id"":""879"",""fare_attribute_line"":640343,""fare_attributes_source_file"":""data/transit/hongkong/PublicTransportGTFS/gtfs.zip::fare_attributes.txt"",""fare_id"":""1000100-1-4-5"",""fare_rule_line"":640343,""fare_rules_source_file"":""data/transit/hongkong/PublicTransportGTFS/gtfs.zip::fare_rules.txt"",""origin_id"":""895"",""price"":5.6,""route_id"":""1000100"",""source_sha256"":""e5ad020b79d0020625a4e8eb5428c2253a07705b71bfb809d8a3fa178032ce06""},{""currency"":""HKD"",""destination_id"":""879"",""fare_attribute_line"":640368,""fare_attributes_source_file"":""data/transit/hongkong/PublicTransportGTFS/gtfs.zip::fare_attributes.txt"",""fare_id"":""1000100-1-4-30"",""fare_rule_line"":640368,""fare_rules_source_file"":""data/transit/hongkong/PublicTransportGTFS/gtfs.zip::fare_rules.txt"",""origin_id"":""895"",""price"":5.6,""route_id"":""1000100"",""source_sha256"":""e5ad020b79d0020625a4e8eb5428c2253a07705b71bfb809d8a3fa178032ce06""}]",confirmed_franchised_route,unresolved,U,U,not_applicable_excluded_or_unresolved,exact_route_id_and_ordered_stop_od_candidate_audit,confirmed_route_duplicate_identical,,confirmed_route_duplicate_identical
bus_ordered_stop_od_excluded_from_core_v1,KMB,"[""KMB""]",line_bus_1000197,bus_1000197_1,1000197,1,1,10000095,10000105,unspecified_in_source,unspecified_in_source,unspecified_in_source,unspecified_in_source,unspecified_in_source,,HKD,excluded_published_fare_candidate_not_an_active_rule,pt_fare,,,not_encoded_in_source_revision_cutoff_only,2026-07-14,2026-07-20,,"[""gtfs:fare_rules:644324;fare_attributes:644324"",""gtfs:fare_rules:644326;fare_attributes:644326"",""gtfs:fare_rules:644404;fare_attributes:644404""]",data/transit/hongkong/PublicTransportGTFS/gtfs.zip::fare_rules.txt;data/transit/hongkong/PublicTransportGTFS/gtfs.zip::fare_attributes.txt,e5ad020b79d0020625a4e8eb5428c2253a07705b71bfb809d8a3fa178032ce06,3,1,duplicate_identical,"[{""currency"":""HKD"",""destination_id"":""10000105"",""fare_attribute_line"":644324,""fare_attributes_source_file"":""data/transit/hongkong/PublicTransportGTFS/gtfs.zip::fare_attributes.txt"",""fare_id"":""1000197-1-2-13"",""fare_rule_line"":644324,""fare_rules_source_file"":""data/transit/hongkong/PublicTransportGTFS/gtfs.zip::fare_rules.txt"",""origin_id"":""10000095"",""price"":6.0,""route_id"":""1000197"",""source_sha256"":""e5ad020b79d0020625a4e8eb5428c2253a07705b71bfb809d8a3fa178032ce06""},{""currency"":""HKD"",""destination_id"":""10000105"",""fare_attribute_line"":644326,""fare_attributes_source_file"":""data/transit/hongkong/PublicTransportGTFS/gtfs.zip::fare_attributes.txt"",""fare_id"":""1000197-1-2-15"",""fare_rule_line"":644326,""fare_rules_source_file"":""data/transit/hongkong/PublicTransportGTFS/gtfs.zip::fare_rules.txt"",""origin_id"":""10000095"",""price"":6.0,""route_id"":""1000197"",""source_sha256"":""e5ad020b79d0020625a4e8eb5428c2253a07705b71bfb809d8a3fa178032ce06""},{""currency"":""HKD"",""destination_id"":""10000105"",""fare_attribute_line"":644404,""fare_attributes_source_file"":""data/transit/hongkong/PublicTransportGTFS/gtfs.zip::fare_attributes.txt"",""fare_id"":""1000197-1-14-15"",""fare_rule_line"":644404,""fare_rules_source_file"":""data/transit/hongkong/PublicTransportGTFS/gtfs.zip::fare_rules.txt"",""origin_id"":""10000095"",""price"":6.0,""route_id"":""1000197"",""source_sha256"":""e5ad020b79d0020625a4e8eb5428c2253a07705b71bfb809d8a3fa178032ce06""}]",confirmed_franchised_route,unresolved,U,U,not_applicable_excluded_or_unresolved,exact_route_id_and_ordered_stop_od_candidate_audit,confirmed_route_duplicate_identical,,confirmed_route_duplicate_identical
bus_ordered_stop_od_excluded_from_core_v1,KMB,"[""KMB""]",line_bus_1000197,bus_1000197_1,1000197,1,1,10000105,10000095,unspecified_in_source,unspecified_in_source,unspecified_in_source,unspecified_in_source,unspecified_in_source,,HKD,excluded_published_fare_candidate_not_an_active_rule,pt_fare,,,not_encoded_in_source_revision_cutoff_only,2026-07-14,2026-07-20,,"[""gtfs:fare_rules:644300;fare_attributes:644300"",""gtfs:fare_rules:644312;fare_attributes:644312"",""gtfs:fare_rules:644402;fare_attributes:644402""]",data/transit/hongkong/PublicTransportGTFS/gtfs.zip::fare_rules.txt;data/transit/hongkong/PublicTransportGTFS/gtfs.zip::fare_attributes.txt,e5ad020b79d0020625a4e8eb5428c2253a07705b71bfb809d8a3fa178032ce06,3,1,duplicate_identical,"[{""currency"":""HKD"",""destination_id"":""10000095"",""fare_attribute_line"":644300,""fare_attributes_source_file"":""data/transit/hongkong/PublicTransportGTFS/gtfs.zip::fare_attributes.txt"",""fare_id"":""1000197-1-1-2"",""fare_rule_line"":644300,""fare_rules_source_file"":""data/transit/hongkong/PublicTransportGTFS/gtfs.zip::fare_rules.txt"",""origin_id"":""10000105"",""price"":6.0,""route_id"":""1000197"",""source_sha256"":""e5ad020b79d0020625a4e8eb5428c2253a07705b71bfb809d8a3fa178032ce06""},{""currency"":""HKD"",""destination_id"":""10000095"",""fare_attribute_line"":644312,""fare_attributes_source_file"":""data/transit/hongkong/PublicTransportGTFS/gtfs.zip::fare_attributes.txt"",""fare_id"":""1000197-1-1-14"",""fare_rule_line"":644312,""fare_rules_source_file"":""data/transit/hongkong/PublicTransportGTFS/gtfs.zip::fare_rules.txt"",""origin_id"":""10000105"",""price"":6.0,""route_id"":""1000197"",""source_sha256"":""e5ad020b79d0020625a4e8eb5428c2253a07705b71bfb809d8a3fa178032ce06""},{""currency"":""HKD"",""destination_id"":""10000095"",""fare_attribute_line"":644402,""fare_attributes_source_file"":""data/transit/hongkong/PublicTransportGTFS/gtfs.zip::fare_attributes.txt"",""fare_id"":""1000197-1-13-14"",""fare_rule_line"":644402,""fare_rules_source_file"":""data/transit/hongkong/PublicTransportGTFS/gtfs.zip::fare_rules.txt"",""origin_id"":""10000105"",""price"":6.0,""route_id"":""1000197"",""source_sha256"":""e5ad020b79d0020625a4e8eb5428c2253a07705b71bfb809d8a3fa178032ce06""}]",confirmed_franchised_route,unresolved,U,U,not_applicable_excluded_or_unresolved,exact_route_id_and_ordered_stop_od_candidate_audit,confirmed_route_duplicate_identical,,confirmed_route_duplicate_identical
bus_ordered_stop_od_excluded_from_core_v1,KMB,"[""KMB""]",line_bus_1000197,bus_1000197_1,1000197,1,1,10000265,10000105,unspecified_in_source,unspecified_in_source,unspecified_in_source,unspecified_in_source,unspecified_in_source,,HKD,excluded_published_fare_candidate_not_an_active_rule,pt_fare,,,not_encoded_in_source_revision_cutoff_only,2026-07-14,2026-07-20,,"[""gtfs:fare_rules:644374;fare_attributes:644374"",""gtfs:fare_rules:644376;fare_attributes:644376""]",data/transit/hongkong/PublicTransportGTFS/gtfs.zip::fare_rules.txt;data/transit/hongkong/PublicTransportGTFS/gtfs.zip::fare_attributes.txt,e5ad020b79d0020625a4e8eb5428c2253a07705b71bfb809d8a3fa178032ce06,2,1,duplicate_identical,"[{""currency"":""HKD"",""destination_id"":""10000105"",""fare_attribute_line"":644374,""fare_attributes_source_file"":""data/transit/hongkong/PublicTransportGTFS/gtfs.zip::fare_attributes.txt"",""fare_id"":""1000197-1-7-13"",""fare_rule_line"":644374,""fare_rules_source_file"":""data/transit/hongkong/PublicTransportGTFS/gtfs.zip::fare_rules.txt"",""origin_id"":""10000265"",""price"":6.0,""route_id"":""1000197"",""source_sha256"":""e5ad020b79d0020625a4e8eb5428c2253a07705b71bfb809d8a3fa178032ce06""},{""currency"":""HKD"",""destination_id"":""10000105"",""fare_attribute_line"":644376,""fare_attributes_source_file"":""data/transit/hongkong/PublicTransportGTFS/gtfs.zip::fare_attributes.txt"",""fare_id"":""1000197-1-7-15"",""fare_rule_line"":644376,""fare_rules_source_file"":""data/transit/hongkong/PublicTransportGTFS/gtfs.zip::fare_rules.txt"",""origin_id"":""10000265"",""price"":6.0,""route_id"":""1000197"",""source_sha256"":""e5ad020b79d0020625a4e8eb5428c2253a07705b71bfb809d8a3fa178032ce06""}]",confirmed_franchised_route,unresolved,U,U,not_applicable_excluded_or_unresolved,exact_route_id_and_ordered_stop_od_candidate_audit,confirmed_route_duplicate_identical,,confirmed_route_duplicate_identical
bus_ordered_stop_od_excluded_from_core_v1,KMB,"[""KMB""]",line_bus_1000197,bus_1000197_1,1000197,1,1,10000315,10000105,unspecified_in_source,unspecified_in_source,unspecified_in_source,unspecified_in_source,unspecified_in_source,,HKD,excluded_published_fare_candidate_not_an_active_rule,pt_fare,,,not_encoded_in_source_revision_cutoff_only,2026-07-14,2026-07-20,,"[""gtfs:fare_rules:644399;fare_attributes:644399"",""gtfs:fare_rules:644401;fare_attributes:644401""]",data/transit/hongkong/PublicTransportGTFS/gtfs.zip::fare_rules.txt;data/transit/hongkong/PublicTransportGTFS/gtfs.zip::fare_attributes.txt,e5ad020b79d0020625a4e8eb5428c2253a07705b71bfb809d8a3fa178032ce06,2,1,duplicate_identical,"[{""currency"":""HKD"",""destination_id"":""10000105"",""fare_attribute_line"":644399,""fare_attributes_source_file"":""data/transit/hongkong/PublicTransportGTFS/gtfs.zip::fare_attributes.txt"",""fare_id"":""1000197-1-12-13"",""fare_rule_line"":644399,""fare_rules_source_file"":""data/transit/hongkong/PublicTransportGTFS/gtfs.zip::fare_rules.txt"",""origin_id"":""10000315"",""price"":6.0,""route_id"":""1000197"",""source_sha256"":""e5ad020b79d0020625a4e8eb5428c2253a07705b71bfb809d8a3fa178032ce06""},{""currency"":""HKD"",""destination_id"":""10000105"",""fare_attribute_line"":644401,""fare_attributes_source_file"":""data/transit/hongkong/PublicTransportGTFS/gtfs.zip::fare_attributes.txt"",""fare_id"":""1000197-1-12-15"",""fare_rule_line"":644401,""fare_rules_source_file"":""data/transit/hongkong/PublicTransportGTFS/gtfs.zip::fare_rules.txt"",""origin_id"":""10000315"",""price"":6.0,""route_id"":""1000197"",""source_sha256"":""e5ad020b79d0020625a4e8eb5428c2253a07705b71bfb809d8a3fa178032ce06""}]",confirmed_franchised_route,unresolved,U,U,not_applicable_excluded_or_unresolved,exact_route_id_and_ordered_stop_od_candidate_audit,confirmed_route_duplicate_identical,,confirmed_route_duplicate_identical
bus_ordered_stop_od_excluded_from_core_v1,KMB,"[""KMB""]",line_bus_1000197,bus_1000197_1,1000197,1,1,6517,10000105,unspecified_in_source,unspecified_in_source,unspecified_in_source,unspecified_in_source,unspecified_in_source,,HKD,excluded_published_fare_candidate_not_an_active_rule,pt_fare,,,not_encoded_in_source_revision_cutoff_only,2026-07-14,2026-07-20,,"[""gtfs:fare_rules:644396;fare_attributes:644396"",""gtfs:fare_rules:644398;fare_attributes:644398""]",data/transit/hongkong/PublicTransportGTFS/gtfs.zip::fare_rules.txt;data/transit/hongkong/PublicTransportGTFS/gtfs.zip::fare_attributes.txt,e5ad020b79d0020625a4e8eb5428c2253a07705b71bfb809d8a3fa178032ce06,2,1,duplicate_identical,"[{""currency"":""HKD"",""destination_id"":""10000105"",""fare_attribute_line"":644396,""fare_attributes_source_file"":""data/transit/hongkong/PublicTransportGTFS/gtfs.zip::fare_attributes.txt"",""fare_id"":""1000197-1-11-13"",""fare_rule_line"":644396,""fare_rules_source_file"":""data/transit/hongkong/PublicTransportGTFS/gtfs.zip::fare_rules.txt"",""origin_id"":""6517"",""price"":6.0,""route_id"":""1000197"",""source_sha256"":""e5ad020b79d0020625a4e8eb5428c2253a07705b71bfb809d8a3fa178032ce06""},{""currency"":""HKD"",""destination_id"":""10000105"",""fare_attribute_line"":644398,""fare_attributes_source_file"":""data/transit/hongkong/PublicTransportGTFS/gtfs.zip::fare_attributes.txt"",""fare_id"":""1000197-1-11-15"",""fare_rule_line"":644398,""fare_rules_source_file"":""data/transit/hongkong/PublicTransportGTFS/gtfs.zip::fare_rules.txt"",""origin_id"":""6517"",""price"":6.0,""route_id"":""1000197"",""source_sha256"":""e5ad020b79d0020625a4e8eb5428c2253a07705b71bfb809d8a3fa178032ce06""}]",confirmed_franchised_route,unresolved,U,U,not_applicable_excluded_or_unresolved,exact_route_id_and_ordered_stop_od_candidate_audit,confirmed_route_duplicate_identical,,confirmed_route_duplicate_identical
bus_ordered_stop_od_excluded_from_core_v1,KMB,"[""KMB""]",line_bus_1000197,bus_1000197_1,1000197,1,1,6518,10000105,unspecified_in_source,unspecified_in_source,unspecified_in_source,unspecified_in_source,unspecified_in_source,,HKD,excluded_published_fare_candidate_not_an_active_rule,pt_fare,,,not_encoded_in_source_revision_cutoff_only,2026-07-14,2026-07-20,,"[""gtfs:fare_rules:644336;fare_attributes:644336"",""gtfs:fare_rules:644338;fare_attributes:644338""]",data/transit/hongkong/PublicTransportGTFS/gtfs.zip::fare_rules.txt;data/transit/hongkong/PublicTransportGTFS/gtfs.zip::fare_attributes.txt,e5ad020b79d0020625a4e8eb5428c2253a07705b71bfb809d8a3fa178032ce06,2,1,duplicate_identical,"[{""currency"":""HKD"",""destination_id"":""10000105"",""fare_attribute_line"":644336,""fare_attributes_source_file"":""data/transit/hongkong/PublicTransportGTFS/gtfs.zip::fare_attributes.txt"",""fare_id"":""1000197-1-3-13"",""fare_rule_line"":644336,""fare_rules_source_file"":""data/transit/hongkong/PublicTransportGTFS/gtfs.zip::fare_rules.txt"",""origin_id"":""6518"",""price"":6.0,""route_id"":""1000197"",""source_sha256"":""e5ad020b79d0020625a4e8eb5428c2253a07705b71bfb809d8a3fa178032ce06""},{""currency"":""HKD"",""destination_id"":""10000105"",""fare_attribute_line"":644338,""fare_attributes_source_file"":""data/transit/hongkong/PublicTransportGTFS/gtfs.zip::fare_attributes.txt"",""fare_id"":""1000197-1-3-15"",""fare_rule_line"":644338,""fare_rules_source_file"":""data/transit/hongkong/PublicTransportGTFS/gtfs.zip::fare_rules.txt"",""origin_id"":""6518"",""price"":6.0,""route_id"":""1000197"",""source_sha256"":""e5ad020b79d0020625a4e8eb5428c2253a07705b71bfb809d8a3fa178032ce06""}]",confirmed_franchised_route,unresolved,U,U,not_applicable_excluded_or_unresolved,exact_route_id_and_ordered_stop_od_candidate_audit,confirmed_route_duplicate_identical,,confirmed_route_duplicate_identical
bus_ordered_stop_od_excluded_from_core_v1,KMB,"[""KMB""]",line_bus_1000197,bus_1000197_1,1000197,1,1,6519,10000105,unspecified_in_source,unspecified_in_source,unspecified_in_source,unspecified_in_source,unspecified_in_source,,HKD,excluded_published_fare_candidate_not_an_active_rule,pt_fare,,,not_encoded_in_source_revision_cutoff_only,2026-07-14,2026-07-20,,"[""gtfs:fare_rules:644392;fare_attributes:644392"",""gtfs:fare_rules:644394;fare_attributes:644394""]",data/transit/hongkong/PublicTransportGTFS/gtfs.zip::fare_rules.txt;data/transit/hongkong/PublicTransportGTFS/gtfs.zip::fare_attributes.txt,e5ad020b79d0020625a4e8eb5428c2253a07705b71bfb809d8a3fa178032ce06,2,1,duplicate_identical,"[{""currency"":""HKD"",""destination_id"":""10000105"",""fare_attribute_line"":644392,""fare_attributes_source_file"":""data/transit/hongkong/PublicTransportGTFS/gtfs.zip::fare_attributes.txt"",""fare_id"":""1000197-1-10-13"",""fare_rule_line"":644392,""fare_rules_source_file"":""data/transit/hongkong/PublicTransportGTFS/gtfs.zip::fare_rules.txt"",""origin_id"":""6519"",""price"":6.0,""route_id"":""1000197"",""source_sha256"":""e5ad020b79d0020625a4e8eb5428c2253a07705b71bfb809d8a3fa178032ce06""},{""currency"":""HKD"",""destination_id"":""10000105"",""fare_attribute_line"":644394,""fare_attributes_source_file"":""data/transit/hongkong/PublicTransportGTFS/gtfs.zip::fare_attributes.txt"",""fare_id"":""1000197-1-10-15"",""fare_rule_line"":644394,""fare_rules_source_file"":""data/transit/hongkong/PublicTransportGTFS/gtfs.zip::fare_rules.txt"",""origin_id"":""6519"",""price"":6.0,""route_id"":""1000197"",""source_sha256"":""e5ad020b79d0020625a4e8eb5428c2253a07705b71bfb809d8a3fa178032ce06""}]",confirmed_franchised_route,unresolved,U,U,not_applicable_excluded_or_unresolved,exact_route_id_and_ordered_stop_od_candidate_audit,confirmed_route_duplicate_identical,,confirmed_route_duplicate_identical
bus_ordered_stop_od_excluded_from_core_v1,KMB,"[""KMB""]",line_bus_1000197,bus_1000197_1,1000197,1,1,6520,10000105,unspecified_in_source,unspecified_in_source,unspecified_in_source,unspecified_in_source,unspecified_in_source,,HKD,excluded_published_fare_candidate_not_an_active_rule,pt_fare,,,not_encoded_in_source_revision_cutoff_only,2026-07-14,2026-07-20,,"[""gtfs:fare_rules:644347;fare_attributes:644347"",""gtfs:fare_rules:644349;fare_attributes:644349""]",data/transit/hongkong/PublicTransportGTFS/gtfs.zip::fare_rules.txt;data/transit/hongkong/PublicTransportGTFS/gtfs.zip::fare_attributes.txt,e5ad020b79d0020625a4e8eb5428c2253a07705b71bfb809d8a3fa178032ce06,2,1,duplicate_identical,"[{""currency"":""HKD"",""destination_id"":""10000105"",""fare_attribute_line"":644347,""fare_attributes_source_file"":""data/transit/hongkong/PublicTransportGTFS/gtfs.zip::fare_attributes.txt"",""fare_id"":""1000197-1-4-13"",""fare_rule_line"":644347,""fare_rules_source_file"":""data/transit/hongkong/PublicTransportGTFS/gtfs.zip::fare_rules.txt"",""origin_id"":""6520"",""price"":6.0,""route_id"":""1000197"",""source_sha256"":""e5ad020b79d0020625a4e8eb5428c2253a07705b71bfb809d8a3fa178032ce06""},{""currency"":""HKD"",""destination_id"":""10000105"",""fare_attribute_line"":644349,""fare_attributes_source_file"":""data/transit/hongkong/PublicTransportGTFS/gtfs.zip::fare_attributes.txt"",""fare_id"":""1000197-1-4-15"",""fare_rule_line"":644349,""fare_rules_source_file"":""data/transit/hongkong/PublicTransportGTFS/gtfs.zip::fare_rules.txt"",""origin_id"":""6520"",""price"":6.0,""route_id"":""1000197"",""source_sha256"":""e5ad020b79d0020625a4e8eb5428c2253a07705b71bfb809d8a3fa178032ce06""}]",confirmed_franchised_route,unresolved,U,U,not_applicable_excluded_or_unresolved,exact_route_id_and_ordered_stop_od_candidate_audit,confirmed_route_duplicate_identical,,confirmed_route_duplicate_identical
bus_ordered_stop_od_excluded_from_core_v1,KMB,"[""KMB""]",line_bus_1000197,bus_1000197_1,1000197,1,1,6524,10000105,unspecified_in_source,unspecified_in_source,unspecified_in_source,unspecified_in_source,unspecified_in_source,,HKD,excluded_published_fare_candidate_not_an_active_rule,pt_fare,,,not_encoded_in_source_revision_cutoff_only,2026-07-14,2026-07-20,,"[""gtfs:fare_rules:644366;fare_attributes:644366"",""gtfs:fare_rules:644368;fare_attributes:644368""]",data/transit/hongkong/PublicTransportGTFS/gtfs.zip::fare_rules.txt;data/transit/hongkong/PublicTransportGTFS/gtfs.zip::fare_attributes.txt,e5ad020b79d0020625a4e8eb5428c2253a07705b71bfb809d8a3fa178032ce06,2,1,duplicate_identical,"[{""currency"":""HKD"",""destination_id"":""10000105"",""fare_attribute_line"":644366,""fare_attributes_source_file"":""data/transit/hongkong/PublicTransportGTFS/gtfs.zip::fare_attributes.txt"",""fare_id"":""1000197-1-6-13"",""fare_rule_line"":644366,""fare_rules_source_file"":""data/transit/hongkong/PublicTransportGTFS/gtfs.zip::fare_rules.txt"",""origin_id"":""6524"",""price"":6.0,""route_id"":""1000197"",""source_sha256"":""e5ad020b79d0020625a4e8eb5428c2253a07705b71bfb809d8a3fa178032ce06""},{""currency"":""HKD"",""destination_id"":""10000105"",""fare_attribute_line"":644368,""fare_attributes_source_file"":""data/transit/hongkong/PublicTransportGTFS/gtfs.zip::fare_attributes.txt"",""fare_id"":""1000197-1-6-15"",""fare_rule_line"":644368,""fare_rules_source_file"":""data/transit/hongkong/PublicTransportGTFS/gtfs.zip::fare_rules.txt"",""origin_id"":""6524"",""price"":6.0,""route_id"":""1000197"",""source_sha256"":""e5ad020b79d0020625a4e8eb5428c2253a07705b71bfb809d8a3fa178032ce06""}]",confirmed_franchised_route,unresolved,U,U,not_applicable_excluded_or_unresolved,exact_route_id_and_ordered_stop_od_candidate_audit,confirmed_route_duplicate_identical,,confirmed_route_duplicate_identical
bus_ordered_stop_od_excluded_from_core_v1,KMB,"[""KMB""]",line_bus_1000197,bus_1000197_1,1000197,1,1,6532,10000105,unspecified_in_source,unspecified_in_source,unspecified_in_source,unspecified_in_source,unspecified_in_source,,HKD,excluded_published_fare_candidate_not_an_active_rule,pt_fare,,,not_encoded_in_source_revision_cutoff_only,2026-07-14,2026-07-20,,"[""gtfs:fare_rules:644381;fare_attributes:644381"",""gtfs:fare_rules:644383;fare_attributes:644383""]",data/transit/hongkong/PublicTransportGTFS/gtfs.zip::fare_rules.txt;data/transit/hongkong/PublicTransportGTFS/gtfs.zip::fare_attributes.txt,e5ad020b79d0020625a4e8eb5428c2253a07705b71bfb809d8a3fa178032ce06,2,1,duplicate_identical,"[{""currency"":""HKD"",""destination_id"":""10000105"",""fare_attribute_line"":644381,""fare_attributes_source_file"":""data/transit/hongkong/PublicTransportGTFS/gtfs.zip::fare_attributes.txt"",""fare_id"":""1000197-1-8-13"",""fare_rule_line"":644381,""fare_rules_source_file"":""data/transit/hongkong/PublicTransportGTFS/gtfs.zip::fare_rules.txt"",""origin_id"":""6532"",""price"":6.0,""route_id"":""1000197"",""source_sha256"":""e5ad020b79d0020625a4e8eb5428c2253a07705b71bfb809d8a3fa178032ce06""},{""currency"":""HKD"",""destination_id"":""10000105"",""fare_attribute_line"":644383,""fare_attributes_source_file"":""data/transit/hongkong/PublicTransportGTFS/gtfs.zip::fare_attributes.txt"",""fare_id"":""1000197-1-8-15"",""fare_rule_line"":644383,""fare_rules_source_file"":""data/transit/hongkong/PublicTransportGTFS/gtfs.zip::fare_rules.txt"",""origin_id"":""6532"",""price"":6.0,""route_id"":""1000197"",""source_sha256"":""e5ad020b79d0020625a4e8eb5428c2253a07705b71bfb809d8a3fa178032ce06""}]",confirmed_franchised_route,unresolved,U,U,not_applicable_excluded_or_unresolved,exact_route_id_and_ordered_stop_od_candidate_audit,confirmed_route_duplicate_identical,,confirmed_route_duplicate_identical
bus_ordered_stop_od_excluded_from_core_v1,KMB,"[""KMB""]",line_bus_1000197,bus_1000197_1,1000197,1,1,6533,10000105,unspecified_in_source,unspecified_in_source,unspecified_in_source,unspecified_in_source,unspecified_in_source,,HKD,excluded_published_fare_candidate_not_an_active_rule,pt_fare,,,not_encoded_in_source_revision_cutoff_only,2026-07-14,2026-07-20,,"[""gtfs:fare_rules:644357;fare_attributes:644357"",""gtfs:fare_rules:644359;fare_attributes:644359""]",data/transit/hongkong/PublicTransportGTFS/gtfs.zip::fare_rules.txt;data/transit/hongkong/PublicTransportGTFS/gtfs.zip::fare_attributes.txt,e5ad020b79d0020625a4e8eb5428c2253a07705b71bfb809d8a3fa178032ce06,2,1,duplicate_identical,"[{""currency"":""HKD"",""destination_id"":""10000105"",""fare_attribute_line"":644357,""fare_attributes_source_file"":""data/transit/hongkong/PublicTransportGTFS/gtfs.zip::fare_attributes.txt"",""fare_id"":""1000197-1-5-13"",""fare_rule_line"":644357,""fare_rules_source_file"":""data/transit/hongkong/PublicTransportGTFS/gtfs.zip::fare_rules.txt"",""origin_id"":""6533"",""price"":6.0,""route_id"":""1000197"",""source_sha256"":""e5ad020b79d0020625a4e8eb5428c2253a07705b71bfb809d8a3fa178032ce06""},{""currency"":""HKD"",""destination_id"":""10000105"",""fare_attribute_line"":644359,""fare_attributes_source_file"":""data/transit/hongkong/PublicTransportGTFS/gtfs.zip::fare_attributes.txt"",""fare_id"":""1000197-1-5-15"",""fare_rule_line"":644359,""fare_rules_source_file"":""data/transit/hongkong/PublicTransportGTFS/gtfs.zip::fare_rules.txt"",""origin_id"":""6533"",""price"":6.0,""route_id"":""1000197"",""source_sha256"":""e5ad020b79d0020625a4e8eb5428c2253a07705b71bfb809d8a3fa178032ce06""}]",confirmed_franchised_route,unresolved,U,U,not_applicable_excluded_or_unresolved,exact_route_id_and_ordered_stop_od_candidate_audit,confirmed_route_duplicate_identical,,confirmed_route_duplicate_identical
bus_ordered_stop_od_excluded_from_core_v1,KMB,"[""KMB""]",line_bus_1000197,bus_1000197_1,1000197,1,1,6534,10000105,unspecified_in_source,unspecified_in_source,unspecified_in_source,unspecified_in_source,unspecified_in_source,,HKD,excluded_published_fare_candidate_not_an_active_rule,pt_fare,,,not_encoded_in_source_revision_cutoff_only,2026-07-14,2026-07-20,,"[""gtfs:fare_rules:644387;fare_attributes:644387"",""gtfs:fare_rules:644389;fare_attributes:644389""]",data/transit/hongkong/PublicTransportGTFS/gtfs.zip::fare_rules.txt;data/transit/hongkong/PublicTransportGTFS/gtfs.zip::fare_attributes.txt,e5ad020b79d0020625a4e8eb5428c2253a07705b71bfb809d8a3fa178032ce06,2,1,duplicate_identical,"[{""currency"":""HKD"",""destination_id"":""10000105"",""fare_attribute_line"":644387,""fare_attributes_source_file"":""data/transit/hongkong/PublicTransportGTFS/gtfs.zip::fare_attributes.txt"",""fare_id"":""1000197-1-9-13"",""fare_rule_line"":644387,""fare_rules_source_file"":""data/transit/hongkong/PublicTransportGTFS/gtfs.zip::fare_rules.txt"",""origin_id"":""6534"",""price"":6.0,""route_id"":""1000197"",""source_sha256"":""e5ad020b79d0020625a4e8eb5428c2253a07705b71bfb809d8a3fa178032ce06""},{""currency"":""HKD"",""destination_id"":""10000105"",""fare_attribute_line"":644389,""fare_attributes_source_file"":""data/transit/hongkong/PublicTransportGTFS/gtfs.zip::fare_attributes.txt"",""fare_id"":""1000197-1-9-15"",""fare_rule_line"":644389,""fare_rules_source_file"":""data/transit/hongkong/PublicTransportGTFS/gtfs.zip::fare_rules.txt"",""origin_id"":""6534"",""price"":6.0,""route_id"":""1000197"",""source_sha256"":""e5ad020b79d0020625a4e8eb5428c2253a07705b71bfb809d8a3fa178032ce06""}]",confirmed_franchised_route,unresolved,U,U,not_applicable_excluded_or_unresolved,exact_route_id_and_ordered_stop_od_candidate_audit,confirmed_route_duplicate_identical,,confirmed_route_duplicate_identical
bus_ordered_stop_od_excluded_from_core_v1,CTB,"[""CTB""]",line_bus_1000199,bus_1000199_2,1000199,2,2,10000004,10000105,unspecified_in_source,unspecified_in_source,unspecified_in_source,unspecified_in_source,unspecified_in_source,,HKD,excluded_published_fare_candidate_not_an_active_rule,pt_fare,,,not_encoded_in_source_revision_cutoff_only,2026-07-14,2026-07-20,,"[""gtfs:fare_rules:644966;fare_attributes:644966"",""gtfs:fare_rules:644968;fare_attributes:644968""]",data/transit/hongkong/PublicTransportGTFS/gtfs.zip::fare_rules.txt;data/transit/hongkong/PublicTransportGTFS/gtfs.zip::fare_attributes.txt,e5ad020b79d0020625a4e8eb5428c2253a07705b71bfb809d8a3fa178032ce06,2,1,duplicate_identical,"[{""currency"":""HKD"",""destination_id"":""10000105"",""fare_attribute_line"":644966,""fare_attributes_source_file"":""data/transit/hongkong/PublicTransportGTFS/gtfs.zip::fare_attributes.txt"",""fare_id"":""1000199-2-1-28"",""fare_rule_line"":644966,""fare_rules_source_file"":""data/transit/hongkong/PublicTransportGTFS/gtfs.zip::fare_rules.txt"",""origin_id"":""10000004"",""price"":17.2,""route_id"":""1000199"",""source_sha256"":""e5ad020b79d0020625a4e8eb5428c2253a07705b71bfb809d8a3fa178032ce06""},{""currency"":""HKD"",""destination_id"":""10000105"",""fare_attribute_line"":644968,""fare_attributes_source_file"":""data/transit/hongkong/PublicTransportGTFS/gtfs.zip::fare_attributes.txt"",""fare_id"":""1000199-2-1-30"",""fare_rule_line"":644968,""fare_rules_source_file"":""data/transit/hongkong/PublicTransportGTFS/gtfs.zip::fare_rules.txt"",""origin_id"":""10000004"",""price"":17.2,""route_id"":""1000199"",""source_sha256"":""e5ad020b79d0020625a4e8eb5428c2253a07705b71bfb809d8a3fa178032ce06""}]",confirmed_franchised_route,unresolved,U,U,not_applicable_excluded_or_unresolved,exact_route_id_and_ordered_stop_od_candidate_audit,confirmed_route_duplicate_identical,,confirmed_route_duplicate_identical
bus_ordered_stop_od_excluded_from_core_v1,CTB,"[""CTB""]",line_bus_1000199,bus_1000199_2,1000199,2,2,10000032,10000105,unspecified_in_source,unspecified_in_source,unspecified_in_source,unspecified_in_source,unspecified_in_source,,HKD,excluded_published_fare_candidate_not_an_active_rule,pt_fare,,,not_encoded_in_source_revision_cutoff_only,2026-07-14,2026-07-20,,"[""gtfs:fare_rules:645317;fare_attributes:645317"",""gtfs:fare_rules:645319;fare_attributes:645319""]",data/transit/hongkong/PublicTransportGTFS/gtfs.zip::fare_rules.txt;data/transit/hongkong/PublicTransportGTFS/gtfs.zip::fare_attributes.txt,e5ad020b79d0020625a4e8eb5428c2253a07705b71bfb809d8a3fa178032ce06,2,1,duplicate_identical,"[{""currency"":""HKD"",""destination_id"":""10000105"",""fare_attribute_line"":645317,""fare_attributes_source_file"":""data/transit/hongkong/PublicTransportGTFS/gtfs.zip::fare_attributes.txt"",""fare_id"":""1000199-2-19-28"",""fare_rule_line"":645317,""fare_rules_source_file"":""data/transit/hongkong/PublicTransportGTFS/gtfs.zip::fare_rules.txt"",""origin_id"":""10000032"",""price"":6.1,""route_id"":""1000199"",""source_sha256"":""e5ad020b79d0020625a4e8eb5428c2253a07705b71bfb809d8a3fa178032ce06""},{""currency"":""HKD"",""destination_id"":""10000105"",""fare_attribute_line"":645319,""fare_attributes_source_file"":""data/transit/hongkong/PublicTransportGTFS/gtfs.zip::fare_attributes.txt"",""fare_id"":""1000199-2-19-30"",""fare_rule_line"":645319,""fare_rules_source_file"":""data/transit/hongkong/PublicTransportGTFS/gtfs.zip::fare_rules.txt"",""origin_id"":""10000032"",""price"":6.1,""route_id"":""1000199"",""source_sha256"":""e5ad020b79d0020625a4e8eb5428c2253a07705b71bfb809d8a3fa178032ce06""}]",confirmed_franchised_route,unresolved,U,U,not_applicable_excluded_or_unresolved,exact_route_id_and_ordered_stop_od_candidate_audit,confirmed_route_duplicate_identical,,confirmed_route_duplicate_identical
bus_ordered_stop_od_excluded_from_core_v1,CTB,"[""CTB""]",line_bus_1000199,bus_1000199_2,1000199,2,2,10000315,10000105,unspecified_in_source,unspecified_in_source,unspecified_in_source,unspecified_in_source,unspecified_in_source,,HKD,excluded_published_fare_candidate_not_an_active_rule,pt_fare,,,not_encoded_in_source_revision_cutoff_only,2026-07-14,2026-07-20,,"[""gtfs:fare_rules:645369;fare_attributes:645369"",""gtfs:fare_rules:645371;fare_attributes:645371""]",data/transit/hongkong/PublicTransportGTFS/gtfs.zip::fare_rules.txt;data/transit/hongkong/PublicTransportGTFS/gtfs.zip::fare_attributes.txt,e5ad020b79d0020625a4e8eb5428c2253a07705b71bfb809d8a3fa178032ce06,2,1,duplicate_identical,"[{""currency"":""HKD"",""destination_id"":""10000105"",""fare_attribute_line"":645369,""fare_attributes_source_file"":""data/transit/hongkong/PublicTransportGTFS/gtfs.zip::fare_attributes.txt"",""fare_id"":""1000199-2-27-28"",""fare_rule_line"":645369,""fare_rules_source_file"":""data/transit/hongkong/PublicTransportGTFS/gtfs.zip::fare_rules.txt"",""origin_id"":""10000315"",""price"":4.8,""route_id"":""1000199"",""source_sha256"":""e5ad020b79d0020625a4e8eb5428c2253a07705b71bfb809d8a3fa178032ce06""},{""currency"":""HKD"",""destination_id"":""10000105"",""fare_attribute_line"":645371,""fare_attributes_source_file"":""data/transit/hongkong/PublicTransportGTFS/gtfs.zip::fare_attributes.txt"",""fare_id"":""1000199-2-27-30"",""fare_rule_line"":645371,""fare_rules_source_file"":""data/transit/hongkong/PublicTransportGTFS/gtfs.zip::fare_rules.txt"",""origin_id"":""10000315"",""price"":4.8,""route_id"":""1000199"",""source_sha256"":""e5ad020b79d0020625a4e8eb5428c2253a07705b71bfb809d8a3fa178032ce06""}]",confirmed_franchised_route,unresolved,U,U,not_applicable_excluded_or_unresolved,exact_route_id_and_ordered_stop_od_candidate_audit,confirmed_route_duplicate_identical,,confirmed_route_duplicate_identical
bus_ordered_stop_od_excluded_from_core_v1,CTB,"[""CTB""]",line_bus_1000199,bus_1000199_2,1000199,2,2,12378,10000105,unspecified_in_source,unspecified_in_source,unspecified_in_source,unspecified_in_source,unspecified_in_source,,HKD,excluded_published_fare_candidate_not_an_active_rule,pt_fare,,,not_encoded_in_source_revision_cutoff_only,2026-07-14,2026-07-20,,"[""gtfs:fare_rules:645219;fare_attributes:645219"",""gtfs:fare_rules:645221;fare_attributes:645221""]",data/transit/hongkong/PublicTransportGTFS/gtfs.zip::fare_rules.txt;data/transit/hongkong/PublicTransportGTFS/gtfs.zip::fare_attributes.txt,e5ad020b79d0020625a4e8eb5428c2253a07705b71bfb809d8a3fa178032ce06,2,1,duplicate_identical,"[{""currency"":""HKD"",""destination_id"":""10000105"",""fare_attribute_line"":645219,""fare_attributes_source_file"":""data/transit/hongkong/PublicTransportGTFS/gtfs.zip::fare_attributes.txt"",""fare_id"":""1000199-2-12-28"",""fare_rule_line"":645219,""fare_rules_source_file"":""data/transit/hongkong/PublicTransportGTFS/gtfs.zip::fare_rules.txt"",""origin_id"":""12378"",""price"":17.2,""route_id"":""1000199"",""source_sha256"":""e5ad020b79d0020625a4e8eb5428c2253a07705b71bfb809d8a3fa178032ce06""},{""currency"":""HKD"",""destination_id"":""10000105"",""fare_attribute_line"":645221,""fare_attributes_source_file"":""data/transit/hongkong/PublicTransportGTFS/gtfs.zip::fare_attributes.txt"",""fare_id"":""1000199-2-12-30"",""fare_rule_line"":645221,""fare_rules_source_file"":""data/transit/hongkong/PublicTransportGTFS/gtfs.zip::fare_rules.txt"",""origin_id"":""12378"",""price"":17.2,""route_id"":""1000199"",""source_sha256"":""e5ad020b79d0020625a4e8eb5428c2253a07705b71bfb809d8a3fa178032ce06""}]",confirmed_franchised_route,unresolved,U,U,not_applicable_excluded_or_unresolved,exact_route_id_and_ordered_stop_od_candidate_audit,confirmed_route_duplicate_identical,,confirmed_route_duplicate_identical
bus_ordered_stop_od_excluded_from_core_v1,CTB,"[""CTB""]",line_bus_1000199,bus_1000199_2,1000199,2,2,12405,10000105,unspecified_in_source,unspecified_in_source,unspecified_in_source,unspecified_in_source,unspecified_in_source,,HKD,excluded_published_fare_candidate_not_an_active_rule,pt_fare,,,not_encoded_in_source_revision_cutoff_only,2026-07-14,2026-07-20,,"[""gtfs:fare_rules:645281;fare_attributes:645281"",""gtfs:fare_rules:645283;fare_attributes:645283""]",data/transit/hongkong/PublicTransportGTFS/gtfs.zip::fare_rules.txt;data/transit/hongkong/PublicTransportGTFS/gtfs.zip::fare_attributes.txt,e5ad020b79d0020625a4e8eb5428c2253a07705b71bfb809d8a3fa178032ce06,2,1,duplicate_identical,"[{""currency"":""HKD"",""destination_id"":""10000105"",""fare_attribute_line"":645281,""fare_attributes_source_file"":""data/transit/hongkong/PublicTransportGTFS/gtfs.zip::fare_attributes.txt"",""fare_id"":""1000199-2-16-28"",""fare_rule_line"":645281,""fare_rules_source_file"":""data/transit/hongkong/PublicTransportGTFS/gtfs.zip::fare_rules.txt"",""origin_id"":""12405"",""price"":17.2,""route_id"":""1000199"",""source_sha256"":""e5ad020b79d0020625a4e8eb5428c2253a07705b71bfb809d8a3fa178032ce06""},{""currency"":""HKD"",""destination_id"":""10000105"",""fare_attribute_line"":645283,""fare_attributes_source_file"":""data/transit/hongkong/PublicTransportGTFS/gtfs.zip::fare_attributes.txt"",""fare_id"":""1000199-2-16-30"",""fare_rule_line"":645283,""fare_rules_source_file"":""data/transit/hongkong/PublicTransportGTFS/gtfs.zip::fare_rules.txt"",""origin_id"":""12405"",""price"":17.2,""route_id"":""1000199"",""source_sha256"":""e5ad020b79d0020625a4e8eb5428c2253a07705b71bfb809d8a3fa178032ce06""}]",confirmed_franchised_route,unresolved,U,U,not_applicable_excluded_or_unresolved,exact_route_id_and_ordered_stop_od_candidate_audit,confirmed_route_duplicate_identical,,confirmed_route_duplicate_identical
bus_ordered_stop_od_excluded_from_core_v1,CTB,"[""CTB""]",line_bus_1000199,bus_1000199_2,1000199,2,2,12913,10000105,unspecified_in_source,unspecified_in_source,unspecified_in_source,unspecified_in_source,unspecified_in_source,,HKD,excluded_published_fare_candidate_not_an_active_rule,pt_fare,,,not_encoded_in_source_revision_cutoff_only,2026-07-14,2026-07-20,,"[""gtfs:fare_rules:645252;fare_attributes:645252"",""gtfs:fare_rules:645254;fare_attributes:645254""]",data/transit/hongkong/PublicTransportGTFS/gtfs.zip::fare_rules.txt;data/transit/hongkong/PublicTransportGTFS/gtfs.zip::fare_attributes.txt,e5ad020b79d0020625a4e8eb5428c2253a07705b71bfb809d8a3fa178032ce06,2,1,duplicate_identical,"[{""currency"":""HKD"",""destination_id"":""10000105"",""fare_attribute_line"":645252,""fare_attributes_source_file"":""data/transit/hongkong/PublicTransportGTFS/gtfs.zip::fare_attributes.txt"",""fare_id"":""1000199-2-14-28"",""fare_rule_line"":645252,""fare_rules_source_file"":""data/transit/hongkong/PublicTransportGTFS/gtfs.zip::fare_rules.txt"",""origin_id"":""12913"",""price"":17.2,""route_id"":""1000199"",""source_sha256"":""e5ad020b79d0020625a4e8eb5428c2253a07705b71bfb809d8a3fa178032ce06""},{""currency"":""HKD"",""destination_id"":""10000105"",""fare_attribute_line"":645254,""fare_attributes_source_file"":""data/transit/hongkong/PublicTransportGTFS/gtfs.zip::fare_attributes.txt"",""fare_id"":""1000199-2-14-30"",""fare_rule_line"":645254,""fare_rules_source_file"":""data/transit/hongkong/PublicTransportGTFS/gtfs.zip::fare_rules.txt"",""origin_id"":""12913"",""price"":17.2,""route_id"":""1000199"",""source_sha256"":""e5ad020b79d0020625a4e8eb5428c2253a07705b71bfb809d8a3fa178032ce06""}]",confirmed_franchised_route,unresolved,U,U,not_applicable_excluded_or_unresolved,exact_route_id_and_ordered_stop_od_candidate_audit,confirmed_route_duplicate_identical,,confirmed_route_duplicate_identical
bus_ordered_stop_od_excluded_from_core_v1,CTB,"[""CTB""]",line_bus_1000199,bus_1000199_2,1000199,2,2,1317,10000105,unspecified_in_source,unspecified_in_source,unspecified_in_source,unspecified_in_source,unspecified_in_source,,HKD,excluded_published_fare_candidate_not_an_active_rule,pt_fare,,,not_encoded_in_source_revision_cutoff_only,2026-07-14,2026-07-20,,"[""gtfs:fare_rules:645182;fare_attributes:645182"",""gtfs:fare_rules:645184;fare_attributes:645184""]",data/transit/hongkong/PublicTransportGTFS/gtfs.zip::fare_rules.txt;data/transit/hongkong/PublicTransportGTFS/gtfs.zip::fare_attributes.txt,e5ad020b79d0020625a4e8eb5428c2253a07705b71bfb809d8a3fa178032ce06,2,1,duplicate_identical,"[{""currency"":""HKD"",""destination_id"":""10000105"",""fare_attribute_line"":645182,""fare_attributes_source_file"":""data/transit/hongkong/PublicTransportGTFS/gtfs.zip::fare_attributes.txt"",""fare_id"":""1000199-2-10-28"",""fare_rule_line"":645182,""fare_rules_source_file"":""data/transit/hongkong/PublicTransportGTFS/gtfs.zip::fare_rules.txt"",""origin_id"":""1317"",""price"":17.2,""route_id"":""1000199"",""source_sha256"":""e5ad020b79d0020625a4e8eb5428c2253a07705b71bfb809d8a3fa178032ce06""},{""currency"":""HKD"",""destination_id"":""10000105"",""fare_attribute_line"":645184,""fare_attributes_source_file"":""data/transit/hongkong/PublicTransportGTFS/gtfs.zip::fare_attributes.txt"",""fare_id"":""1000199-2-10-30"",""fare_rule_line"":645184,""fare_rules_source_file"":""data/transit/hongkong/PublicTransportGTFS/gtfs.zip::fare_rules.txt"",""origin_id"":""1317"",""price"":17.2,""route_id"":""1000199"",""source_sha256"":""e5ad020b79d0020625a4e8eb5428c2253a07705b71bfb809d8a3fa178032ce06""}]",confirmed_franchised_route,unresolved,U,U,not_applicable_excluded_or_unresolved,exact_route_id_and_ordered_stop_od_candidate_audit,confirmed_route_duplicate_identical,,confirmed_route_duplicate_identical
bus_ordered_stop_od_excluded_from_core_v1,CTB,"[""CTB""]",line_bus_1000199,bus_1000199_2,1000199,2,2,13185,10000105,unspecified_in_source,unspecified_in_source,unspecified_in_source,unspecified_in_source,unspecified_in_source,,HKD,excluded_published_fare_candidate_not_an_active_rule,pt_fare,,,not_encoded_in_source_revision_cutoff_only,2026-07-14,2026-07-20,,"[""gtfs:fare_rules:645306;fare_attributes:645306"",""gtfs:fare_rules:645308;fare_attributes:645308""]",data/transit/hongkong/PublicTransportGTFS/gtfs.zip::fare_rules.txt;data/transit/hongkong/PublicTransportGTFS/gtfs.zip::fare_attributes.txt,e5ad020b79d0020625a4e8eb5428c2253a07705b71bfb809d8a3fa178032ce06,2,1,duplicate_identical,"[{""currency"":""HKD"",""destination_id"":""10000105"",""fare_attribute_line"":645306,""fare_attributes_source_file"":""data/transit/hongkong/PublicTransportGTFS/gtfs.zip::fare_attributes.txt"",""fare_id"":""1000199-2-18-28"",""fare_rule_line"":645306,""fare_rules_source_file"":""data/transit/hongkong/PublicTransportGTFS/gtfs.zip::fare_rules.txt"",""origin_id"":""13185"",""price"":17.2,""route_id"":""1000199"",""source_sha256"":""e5ad020b79d0020625a4e8eb5428c2253a07705b71bfb809d8a3fa178032ce06""},{""currency"":""HKD"",""destination_id"":""10000105"",""fare_attribute_line"":645308,""fare_attributes_source_file"":""data/transit/hongkong/PublicTransportGTFS/gtfs.zip::fare_attributes.txt"",""fare_id"":""1000199-2-18-30"",""fare_rule_line"":645308,""fare_rules_source_file"":""data/transit/hongkong/PublicTransportGTFS/gtfs.zip::fare_rules.txt"",""origin_id"":""13185"",""price"":17.2,""route_id"":""1000199"",""source_sha256"":""e5ad020b79d0020625a4e8eb5428c2253a07705b71bfb809d8a3fa178032ce06""}]",confirmed_franchised_route,unresolved,U,U,not_applicable_excluded_or_unresolved,exact_route_id_and_ordered_stop_od_candidate_audit,confirmed_route_duplicate_identical,,confirmed_route_duplicate_identical
bus_ordered_stop_od_excluded_from_core_v1,CTB,"[""CTB""]",line_bus_1000199,bus_1000199_2,1000199,2,2,13186,10000105,unspecified_in_source,unspecified_in_source,unspecified_in_source,unspecified_in_source,unspecified_in_source,,HKD,excluded_published_fare_candidate_not_an_active_rule,pt_fare,,,not_encoded_in_source_revision_cutoff_only,2026-07-14,2026-07-20,,"[""gtfs:fare_rules:645236;fare_attributes:645236"",""gtfs:fare_rules:645238;fare_attributes:645238""]",data/transit/hongkong/PublicTransportGTFS/gtfs.zip::fare_rules.txt;data/transit/hongkong/PublicTransportGTFS/gtfs.zip::fare_attributes.txt,e5ad020b79d0020625a4e8eb5428c2253a07705b71bfb809d8a3fa178032ce06,2,1,duplicate_identical,"[{""currency"":""HKD"",""destination_id"":""10000105"",""fare_attribute_line"":645236,""fare_attributes_source_file"":""data/transit/hongkong/PublicTransportGTFS/gtfs.zip::fare_attributes.txt"",""fare_id"":""1000199-2-13-28"",""fare_rule_line"":645236,""fare_rules_source_file"":""data/transit/hongkong/PublicTransportGTFS/gtfs.zip::fare_rules.txt"",""origin_id"":""13186"",""price"":17.2,""route_id"":""1000199"",""source_sha256"":""e5ad020b79d0020625a4e8eb5428c2253a07705b71bfb809d8a3fa178032ce06""},{""currency"":""HKD"",""destination_id"":""10000105"",""fare_attribute_line"":645238,""fare_attributes_source_file"":""data/transit/hongkong/PublicTransportGTFS/gtfs.zip::fare_attributes.txt"",""fare_id"":""1000199-2-13-30"",""fare_rule_line"":645238,""fare_rules_source_file"":""data/transit/hongkong/PublicTransportGTFS/gtfs.zip::fare_rules.txt"",""origin_id"":""13186"",""price"":17.2,""route_id"":""1000199"",""source_sha256"":""e5ad020b79d0020625a4e8eb5428c2253a07705b71bfb809d8a3fa178032ce06""}]",confirmed_franchised_route,unresolved,U,U,not_applicable_excluded_or_unresolved,exact_route_id_and_ordered_stop_od_candidate_audit,confirmed_route_duplicate_identical,,confirmed_route_duplicate_identical
bus_ordered_stop_od_excluded_from_core_v1,CTB,"[""CTB""]",line_bus_1000199,bus_1000199_2,1000199,2,2,13192,10000105,unspecified_in_source,unspecified_in_source,unspecified_in_source,unspecified_in_source,unspecified_in_source,,HKD,excluded_published_fare_candidate_not_an_active_rule,pt_fare,,,not_encoded_in_source_revision_cutoff_only,2026-07-14,2026-07-20,,"[""gtfs:fare_rules:645267;fare_attributes:645267"",""gtfs:fare_rules:645269;fare_attributes:645269""]",data/transit/hongkong/PublicTransportGTFS/gtfs.zip::fare_rules.txt;data/transit/hongkong/PublicTransportGTFS/gtfs.zip::fare_attributes.txt,e5ad020b79d0020625a4e8eb5428c2253a07705b71bfb809d8a3fa178032ce06,2,1,duplicate_identical,"[{""currency"":""HKD"",""destination_id"":""10000105"",""fare_attribute_line"":645267,""fare_attributes_source_file"":""data/transit/hongkong/PublicTransportGTFS/gtfs.zip::fare_attributes.txt"",""fare_id"":""1000199-2-15-28"",""fare_rule_line"":645267,""fare_rules_source_file"":""data/transit/hongkong/PublicTransportGTFS/gtfs.zip::fare_rules.txt"",""origin_id"":""13192"",""price"":17.2,""route_id"":""1000199"",""source_sha256"":""e5ad020b79d0020625a4e8eb5428c2253a07705b71bfb809d8a3fa178032ce06""},{""currency"":""HKD"",""destination_id"":""10000105"",""fare_attribute_line"":645269,""fare_attributes_source_file"":""data/transit/hongkong/PublicTransportGTFS/gtfs.zip::fare_attributes.txt"",""fare_id"":""1000199-2-15-30"",""fare_rule_line"":645269,""fare_rules_source_file"":""data/transit/hongkong/PublicTransportGTFS/gtfs.zip::fare_rules.txt"",""origin_id"":""13192"",""price"":17.2,""route_id"":""1000199"",""source_sha256"":""e5ad020b79d0020625a4e8eb5428c2253a07705b71bfb809d8a3fa178032ce06""}]",confirmed_franchised_route,unresolved,U,U,not_applicable_excluded_or_unresolved,exact_route_id_and_ordered_stop_od_candidate_audit,confirmed_route_duplicate_identical,,confirmed_route_duplicate_identical
bus_ordered_stop_od_excluded_from_core_v1,CTB,"[""CTB""]",line_bus_1000199,bus_1000199_2,1000199,2,2,1343,10000105,unspecified_in_source,unspecified_in_source,unspecified_in_source,unspecified_in_source,unspecified_in_source,,HKD,excluded_published_fare_candidate_not_an_active_rule,pt_fare,,,not_encoded_in_source_revision_cutoff_only,2026-07-14,2026-07-20,,"[""gtfs:fare_rules:645201;fare_attributes:645201"",""gtfs:fare_rules:645203;fare_attributes:645203""]",data/transit/hongkong/PublicTransportGTFS/gtfs.zip::fare_rules.txt;data/transit/hongkong/PublicTransportGTFS/gtfs.zip::fare_attributes.txt,e5ad020b79d0020625a4e8eb5428c2253a07705b71bfb809d8a3fa178032ce06,2,1,duplicate_identical,"[{""currency"":""HKD"",""destination_id"":""10000105"",""fare_attribute_line"":645201,""fare_attributes_source_file"":""data/transit/hongkong/PublicTransportGTFS/gtfs.zip::fare_attributes.txt"",""fare_id"":""1000199-2-11-28"",""fare_rule_line"":645201,""fare_rules_source_file"":""data/transit/hongkong/PublicTransportGTFS/gtfs.zip::fare_rules.txt"",""origin_id"":""1343"",""price"":17.2,""route_id"":""1000199"",""source_sha256"":""e5ad020b79d0020625a4e8eb5428c2253a07705b71bfb809d8a3fa178032ce06""},{""currency"":""HKD"",""destination_id"":""10000105"",""fare_attribute_line"":645203,""fare_attributes_source_file"":""data/transit/hongkong/PublicTransportGTFS/gtfs.zip::fare_attributes.txt"",""fare_id"":""1000199-2-11-30"",""fare_rule_line"":645203,""fare_rules_source_file"":""data/transit/hongkong/PublicTransportGTFS/gtfs.zip::fare_rules.txt"",""origin_id"":""1343"",""price"":17.2,""route_id"":""1000199"",""source_sha256"":""e5ad020b79d0020625a4e8eb5428c2253a07705b71bfb809d8a3fa178032ce06""}]",confirmed_franchised_route,unresolved,U,U,not_applicable_excluded_or_unresolved,exact_route_id_and_ordered_stop_od_candidate_audit,confirmed_route_duplicate_identical,,confirmed_route_duplicate_identical
bus_ordered_stop_od_excluded_from_core_v1,CTB,"[""CTB""]",line_bus_1000199,bus_1000199_2,1000199,2,2,211,10000105,unspecified_in_source,unspecified_in_source,unspecified_in_source,unspecified_in_source,unspecified_in_source,,HKD,excluded_published_fare_candidate_not_an_active_rule,pt_fare,,,not_encoded_in_source_revision_cutoff_only,2026-07-14,2026-07-20,,"[""gtfs:fare_rules:645119;fare_attributes:645119"",""gtfs:fare_rules:645121;fare_attributes:645121""]",data/transit/hongkong/PublicTransportGTFS/gtfs.zip::fare_rules.txt;data/transit/hongkong/PublicTransportGTFS/gtfs.zip::fare_attributes.txt,e5ad020b79d0020625a4e8eb5428c2253a07705b71bfb809d8a3fa178032ce06,2,1,duplicate_identical,"[{""currency"":""HKD"",""destination_id"":""10000105"",""fare_attribute_line"":645119,""fare_attributes_source_file"":""data/transit/hongkong/PublicTransportGTFS/gtfs.zip::fare_attributes.txt"",""fare_id"":""1000199-2-7-28"",""fare_rule_line"":645119,""fare_rules_source_file"":""data/transit/hongkong/PublicTransportGTFS/gtfs.zip::fare_rules.txt"",""origin_id"":""211"",""price"":17.2,""route_id"":""1000199"",""source_sha256"":""e5ad020b79d0020625a4e8eb5428c2253a07705b71bfb809d8a3fa178032ce06""},{""currency"":""HKD"",""destination_id"":""10000105"",""fare_attribute_line"":645121,""fare_attributes_source_file"":""data/transit/hongkong/PublicTransportGTFS/gtfs.zip::fare_attributes.txt"",""fare_id"":""1000199-2-7-30"",""fare_rule_line"":645121,""fare_rules_source_file"":""data/transit/hongkong/PublicTransportGTFS/gtfs.zip::fare_rules.txt"",""origin_id"":""211"",""price"":17.2,""route_id"":""1000199"",""source_sha256"":""e5ad020b79d0020625a4e8eb5428c2253a07705b71bfb809d8a3fa178032ce06""}]",confirmed_franchised_route,unresolved,U,U,not_applicable_excluded_or_unresolved,exact_route_id_and_ordered_stop_od_candidate_audit,confirmed_route_duplicate_identical,,confirmed_route_duplicate_identical
bus_ordered_stop_od_excluded_from_core_v1,CTB,"[""CTB""]",line_bus_1000199,bus_1000199_2,1000199,2,2,212,10000105,unspecified_in_source,unspecified_in_source,unspecified_in_source,unspecified_in_source,unspecified_in_source,,HKD,excluded_published_fare_candidate_not_an_active_rule,pt_fare,,,not_encoded_in_source_revision_cutoff_only,2026-07-14,2026-07-20,,"[""gtfs:fare_rules:645141;fare_attributes:645141"",""gtfs:fare_rules:645143;fare_attributes:645143""]",data/transit/hongkong/PublicTransportGTFS/gtfs.zip::fare_rules.txt;data/transit/hongkong/PublicTransportGTFS/gtfs.zip::fare_attributes.txt,e5ad020b79d0020625a4e8eb5428c2253a07705b71bfb809d8a3fa178032ce06,2,1,duplicate_identical,"[{""currency"":""HKD"",""destination_id"":""10000105"",""fare_attribute_line"":645141,""fare_attributes_source_file"":""data/transit/hongkong/PublicTransportGTFS/gtfs.zip::fare_attributes.txt"",""fare_id"":""1000199-2-8-28"",""fare_rule_line"":645141,""fare_rules_source_file"":""data/transit/hongkong/PublicTransportGTFS/gtfs.zip::fare_rules.txt"",""origin_id"":""212"",""price"":17.2,""route_id"":""1000199"",""source_sha256"":""e5ad020b79d0020625a4e8eb5428c2253a07705b71bfb809d8a3fa178032ce06""},{""currency"":""HKD"",""destination_id"":""10000105"",""fare_attribute_line"":645143,""fare_attributes_source_file"":""data/transit/hongkong/PublicTransportGTFS/gtfs.zip::fare_attributes.txt"",""fare_id"":""1000199-2-8-30"",""fare_rule_line"":645143,""fare_rules_source_file"":""data/transit/hongkong/PublicTransportGTFS/gtfs.zip::fare_rules.txt"",""origin_id"":""212"",""price"":17.2,""route_id"":""1000199"",""source_sha256"":""e5ad020b79d0020625a4e8eb5428c2253a07705b71bfb809d8a3fa178032ce06""}]",confirmed_franchised_route,unresolved,U,U,not_applicable_excluded_or_unresolved,exact_route_id_and_ordered_stop_od_candidate_audit,confirmed_route_duplicate_identical,,confirmed_route_duplicate_identical
bus_ordered_stop_od_excluded_from_core_v1,CTB,"[""CTB""]",line_bus_1000199,bus_1000199_2,1000199,2,2,6504,10000105,unspecified_in_source,unspecified_in_source,unspecified_in_source,unspecified_in_source,unspecified_in_source,,HKD,excluded_published_fare_candidate_not_an_active_rule,pt_fare,,,not_encoded_in_source_revision_cutoff_only,2026-07-14,2026-07-20,,"[""gtfs:fare_rules:645327;fare_attributes:645327"",""gtfs:fare_rules:645329;fare_attributes:645329""]",data/transit/hongkong/PublicTransportGTFS/gtfs.zip::fare_rules.txt;data/transit/hongkong/PublicTransportGTFS/gtfs.zip::fare_attributes.txt,e5ad020b79d0020625a4e8eb5428c2253a07705b71bfb809d8a3fa178032ce06,2,1,duplicate_identical,"[{""currency"":""HKD"",""destination_id"":""10000105"",""fare_attribute_line"":645327,""fare_attributes_source_file"":""data/transit/hongkong/PublicTransportGTFS/gtfs.zip::fare_attributes.txt"",""fare_id"":""1000199-2-20-28"",""fare_rule_line"":645327,""fare_rules_source_file"":""data/transit/hongkong/PublicTransportGTFS/gtfs.zip::fare_rules.txt"",""origin_id"":""6504"",""price"":6.1,""route_id"":""1000199"",""source_sha256"":""e5ad020b79d0020625a4e8eb5428c2253a07705b71bfb809d8a3fa178032ce06""},{""currency"":""HKD"",""destination_id"":""10000105"",""fare_attribute_line"":645329,""fare_attributes_source_file"":""data/transit/hongkong/PublicTransportGTFS/gtfs.zip::fare_attributes.txt"",""fare_id"":""1000199-2-20-30"",""fare_rule_line"":645329,""fare_rules_source_file"":""data/transit/hongkong/PublicTransportGTFS/gtfs.zip::fare_rules.txt"",""origin_id"":""6504"",""price"":6.1,""route_id"":""1000199"",""source_sha256"":""e5ad020b79d0020625a4e8eb5428c2253a07705b71bfb809d8a3fa178032ce06""}]",confirmed_franchised_route,unresolved,U,U,not_applicable_excluded_or_unresolved,exact_route_id_and_ordered_stop_od_candidate_audit,confirmed_route_duplicate_identical,,confirmed_route_duplicate_identical
bus_ordered_stop_od_excluded_from_core_v1,CTB,"[""CTB""]",line_bus_1000199,bus_1000199_2,1000199,2,2,6506,10000105,unspecified_in_source,unspecified_in_source,unspecified_in_source,unspecified_in_source,unspecified_in_source,,HKD,excluded_published_fare_candidate_not_an_active_rule,pt_fare,,,not_encoded_in_source_revision_cutoff_only,2026-07-14,2026-07-20,,"[""gtfs:fare_rules:645336;fare_attributes:645336"",""gtfs:fare_rules:645338;fare_attributes:645338""]",data/transit/hongkong/PublicTransportGTFS/gtfs.zip::fare_rules.txt;data/transit/hongkong/PublicTransportGTFS/gtfs.zip::fare_attributes.txt,e5ad020b79d0020625a4e8eb5428c2253a07705b71bfb809d8a3fa178032ce06,2,1,duplicate_identical,"[{""currency"":""HKD"",""destination_id"":""10000105"",""fare_attribute_line"":645336,""fare_attributes_source_file"":""data/transit/hongkong/PublicTransportGTFS/gtfs.zip::fare_attributes.txt"",""fare_id"":""1000199-2-21-28"",""fare_rule_line"":645336,""fare_rules_source_file"":""data/transit/hongkong/PublicTransportGTFS/gtfs.zip::fare_rules.txt"",""origin_id"":""6506"",""price"":6.1,""route_id"":""1000199"",""source_sha256"":""e5ad020b79d0020625a4e8eb5428c2253a07705b71bfb809d8a3fa178032ce06""},{""currency"":""HKD"",""destination_id"":""10000105"",""fare_attribute_line"":645338,""fare_attributes_source_file"":""data/transit/hongkong/PublicTransportGTFS/gtfs.zip::fare_attributes.txt"",""fare_id"":""1000199-2-21-30"",""fare_rule_line"":645338,""fare_rules_source_file"":""data/transit/hongkong/PublicTransportGTFS/gtfs.zip::fare_rules.txt"",""origin_id"":""6506"",""price"":6.1,""route_id"":""1000199"",""source_sha256"":""e5ad020b79d0020625a4e8eb5428c2253a07705b71bfb809d8a3fa178032ce06""}]",confirmed_franchised_route,unresolved,U,U,not_applicable_excluded_or_unresolved,exact_route_id_and_ordered_stop_od_candidate_audit,confirmed_route_duplicate_identical,,confirmed_route_duplicate_identical
bus_ordered_stop_od_excluded_from_core_v1,CTB,"[""CTB""]",line_bus_1000199,bus_1000199_2,1000199,2,2,6508,10000105,unspecified_in_source,unspecified_in_source,unspecified_in_source,unspecified_in_source,unspecified_in_source,,HKD,excluded_published_fare_candidate_not_an_active_rule,pt_fare,,,not_encoded_in_source_revision_cutoff_only,2026-07-14,2026-07-20,,"[""gtfs:fare_rules:645344;fare_attributes:645344"",""gtfs:fare_rules:645346;fare_attributes:645346""]",data/transit/hongkong/PublicTransportGTFS/gtfs.zip::fare_rules.txt;data/transit/hongkong/PublicTransportGTFS/gtfs.zip::fare_attributes.txt,e5ad020b79d0020625a4e8eb5428c2253a07705b71bfb809d8a3fa178032ce06,2,1,duplicate_identical,"[{""currency"":""HKD"",""destination_id"":""10000105"",""fare_attribute_line"":645344,""fare_attributes_source_file"":""data/transit/hongkong/PublicTransportGTFS/gtfs.zip::fare_attributes.txt"",""fare_id"":""1000199-2-22-28"",""fare_rule_line"":645344,""fare_rules_source_file"":""data/transit/hongkong/PublicTransportGTFS/gtfs.zip::fare_rules.txt"",""origin_id"":""6508"",""price"":4.8,""route_id"":""1000199"",""source_sha256"":""e5ad020b79d0020625a4e8eb5428c2253a07705b71bfb809d8a3fa178032ce06""},{""currency"":""HKD"",""destination_id"":""10000105"",""fare_attribute_line"":645346,""fare_attributes_source_file"":""data/transit/hongkong/PublicTransportGTFS/gtfs.zip::fare_attributes.txt"",""fare_id"":""1000199-2-22-30"",""fare_rule_line"":645346,""fare_rules_source_file"":""data/transit/hongkong/PublicTransportGTFS/gtfs.zip::fare_rules.txt"",""origin_id"":""6508"",""price"":4.8,""route_id"":""1000199"",""source_sha256"":""e5ad020b79d0020625a4e8eb5428c2253a07705b71bfb809d8a3fa178032ce06""}]",confirmed_franchised_route,unresolved,U,U,not_applicable_excluded_or_unresolved,exact_route_id_and_ordered_stop_od_candidate_audit,confirmed_route_duplicate_identical,,confirmed_route_duplicate_identical
bus_ordered_stop_od_excluded_from_core_v1,CTB,"[""CTB""]",line_bus_1000199,bus_1000199_2,1000199,2,2,6509,10000105,unspecified_in_source,unspecified_in_source,unspecified_in_source,unspecified_in_source,unspecified_in_source,,HKD,excluded_published_fare_candidate_not_an_active_rule,pt_fare,,,not_encoded_in_source_revision_cutoff_only,2026-07-14,2026-07-20,,"[""gtfs:fare_rules:645351;fare_attributes:645351"",""gtfs:fare_rules:645353;fare_attributes:645353""]",data/transit/hongkong/PublicTransportGTFS/gtfs.zip::fare_rules.txt;data/transit/hongkong/PublicTransportGTFS/gtfs.zip::fare_attributes.txt,e5ad020b79d0020625a4e8eb5428c2253a07705b71bfb809d8a3fa178032ce06,2,1,duplicate_identical,"[{""currency"":""HKD"",""destination_id"":""10000105"",""fare_attribute_line"":645351,""fare_attributes_source_file"":""data/transit/hongkong/PublicTransportGTFS/gtfs.zip::fare_attributes.txt"",""fare_id"":""1000199-2-23-28"",""fare_rule_line"":645351,""fare_rules_source_file"":""data/transit/hongkong/PublicTransportGTFS/gtfs.zip::fare_rules.txt"",""origin_id"":""6509"",""price"":4.8,""route_id"":""1000199"",""source_sha256"":""e5ad020b79d0020625a4e8eb5428c2253a07705b71bfb809d8a3fa178032ce06""},{""currency"":""HKD"",""destination_id"":""10000105"",""fare_attribute_line"":645353,""fare_attributes_source_file"":""data/transit/hongkong/PublicTransportGTFS/gtfs.zip::fare_attributes.txt"",""fare_id"":""1000199-2-23-30"",""fare_rule_line"":645353,""fare_rules_source_file"":""data/transit/hongkong/PublicTransportGTFS/gtfs.zip::fare_rules.txt"",""origin_id"":""6509"",""price"":4.8,""route_id"":""1000199"",""source_sha256"":""e5ad020b79d0020625a4e8eb5428c2253a07705b71bfb809d8a3fa178032ce06""}]",confirmed_franchised_route,unresolved,U,U,not_applicable_excluded_or_unresolved,exact_route_id_and_ordered_stop_od_candidate_audit,confirmed_route_duplicate_identical,,confirmed_route_duplicate_identical
bus_ordered_stop_od_excluded_from_core_v1,CTB,"[""CTB""]",line_bus_1000199,bus_1000199_2,1000199,2,2,6512,10000105,unspecified_in_source,unspecified_in_source,unspecified_in_source,unspecified_in_source,unspecified_in_source,,HKD,excluded_published_fare_candidate_not_an_active_rule,pt_fare,,,not_encoded_in_source_revision_cutoff_only,2026-07-14,2026-07-20,,"[""gtfs:fare_rules:645357;fare_attributes:645357"",""gtfs:fare_rules:645359;fare_attributes:645359""]",data/transit/hongkong/PublicTransportGTFS/gtfs.zip::fare_rules.txt;data/transit/hongkong/PublicTransportGTFS/gtfs.zip::fare_attributes.txt,e5ad020b79d0020625a4e8eb5428c2253a07705b71bfb809d8a3fa178032ce06,2,1,duplicate_identical,"[{""currency"":""HKD"",""destination_id"":""10000105"",""fare_attribute_line"":645357,""fare_attributes_source_file"":""data/transit/hongkong/PublicTransportGTFS/gtfs.zip::fare_attributes.txt"",""fare_id"":""1000199-2-24-28"",""fare_rule_line"":645357,""fare_rules_source_file"":""data/transit/hongkong/PublicTransportGTFS/gtfs.zip::fare_rules.txt"",""origin_id"":""6512"",""price"":4.8,""route_id"":""1000199"",""source_sha256"":""e5ad020b79d0020625a4e8eb5428c2253a07705b71bfb809d8a3fa178032ce06""},{""currency"":""HKD"",""destination_id"":""10000105"",""fare_attribute_line"":645359,""fare_attributes_source_file"":""data/transit/hongkong/PublicTransportGTFS/gtfs.zip::fare_attributes.txt"",""fare_id"":""1000199-2-24-30"",""fare_rule_line"":645359,""fare_rules_source_file"":""data/transit/hongkong/PublicTransportGTFS/gtfs.zip::fare_rules.txt"",""origin_id"":""6512"",""price"":4.8,""route_id"":""1000199"",""source_sha256"":""e5ad020b79d0020625a4e8eb5428c2253a07705b71bfb809d8a3fa178032ce06""}]",confirmed_franchised_route,unresolved,U,U,not_applicable_excluded_or_unresolved,exact_route_id_and_ordered_stop_od_candidate_audit,confirmed_route_duplicate_identical,,confirmed_route_duplicate_identical
bus_ordered_stop_od_excluded_from_core_v1,CTB,"[""CTB""]",line_bus_1000199,bus_1000199_2,1000199,2,2,6513,10000105,unspecified_in_source,unspecified_in_source,unspecified_in_source,unspecified_in_source,unspecified_in_source,,HKD,excluded_published_fare_candidate_not_an_active_rule,pt_fare,,,not_encoded_in_source_revision_cutoff_only,2026-07-14,2026-07-20,,"[""gtfs:fare_rules:645362;fare_attributes:645362"",""gtfs:fare_rules:645364;fare_attributes:645364""]",data/transit/hongkong/PublicTransportGTFS/gtfs.zip::fare_rules.txt;data/transit/hongkong/PublicTransportGTFS/gtfs.zip::fare_attributes.txt,e5ad020b79d0020625a4e8eb5428c2253a07705b71bfb809d8a3fa178032ce06,2,1,duplicate_identical,"[{""currency"":""HKD"",""destination_id"":""10000105"",""fare_attribute_line"":645362,""fare_attributes_source_file"":""data/transit/hongkong/PublicTransportGTFS/gtfs.zip::fare_attributes.txt"",""fare_id"":""1000199-2-25-28"",""fare_rule_line"":645362,""fare_rules_source_file"":""data/transit/hongkong/PublicTransportGTFS/gtfs.zip::fare_rules.txt"",""origin_id"":""6513"",""price"":4.8,""route_id"":""1000199"",""source_sha256"":""e5ad020b79d0020625a4e8eb5428c2253a07705b71bfb809d8a3fa178032ce06""},{""currency"":""HKD"",""destination_id"":""10000105"",""fare_attribute_line"":645364,""fare_attributes_source_file"":""data/transit/hongkong/PublicTransportGTFS/gtfs.zip::fare_attributes.txt"",""fare_id"":""1000199-2-25-30"",""fare_rule_line"":645364,""fare_rules_source_file"":""data/transit/hongkong/PublicTransportGTFS/gtfs.zip::fare_rules.txt"",""origin_id"":""6513"",""price"":4.8,""route_id"":""1000199"",""source_sha256"":""e5ad020b79d0020625a4e8eb5428c2253a07705b71bfb809d8a3fa178032ce06""}]",confirmed_franchised_route,unresolved,U,U,not_applicable_excluded_or_unresolved,exact_route_id_and_ordered_stop_od_candidate_audit,confirmed_route_duplicate_identical,,confirmed_route_duplicate_identical
bus_ordered_stop_od_excluded_from_core_v1,CTB,"[""CTB""]",line_bus_1000199,bus_1000199_2,1000199,2,2,6516,10000105,unspecified_in_source,unspecified_in_source,unspecified_in_source,unspecified_in_source,unspecified_in_source,,HKD,excluded_published_fare_candidate_not_an_active_rule,pt_fare,,,not_encoded_in_source_revision_cutoff_only,2026-07-14,2026-07-20,,"[""gtfs:fare_rules:645366;fare_attributes:645366"",""gtfs:fare_rules:645368;fare_attributes:645368""]",data/transit/hongkong/PublicTransportGTFS/gtfs.zip::fare_rules.txt;data/transit/hongkong/PublicTransportGTFS/gtfs.zip::fare_attributes.txt,e5ad020b79d0020625a4e8eb5428c2253a07705b71bfb809d8a3fa178032ce06,2,1,duplicate_identical,"[{""currency"":""HKD"",""destination_id"":""10000105"",""fare_attribute_line"":645366,""fare_attributes_source_file"":""data/transit/hongkong/PublicTransportGTFS/gtfs.zip::fare_attributes.txt"",""fare_id"":""1000199-2-26-28"",""fare_rule_line"":645366,""fare_rules_source_file"":""data/transit/hongkong/PublicTransportGTFS/gtfs.zip::fare_rules.txt"",""origin_id"":""6516"",""price"":4.8,""route_id"":""1000199"",""source_sha256"":""e5ad020b79d0020625a4e8eb5428c2253a07705b71bfb809d8a3fa178032ce06""},{""currency"":""HKD"",""destination_id"":""10000105"",""fare_attribute_line"":645368,""fare_attributes_source_file"":""data/transit/hongkong/PublicTransportGTFS/gtfs.zip::fare_attributes.txt"",""fare_id"":""1000199-2-26-30"",""fare_rule_line"":645368,""fare_rules_source_file"":""data/transit/hongkong/PublicTransportGTFS/gtfs.zip::fare_rules.txt"",""origin_id"":""6516"",""price"":4.8,""route_id"":""1000199"",""source_sha256"":""e5ad020b79d0020625a4e8eb5428c2253a07705b71bfb809d8a3fa178032ce06""}]",confirmed_franchised_route,unresolved,U,U,not_applicable_excluded_or_unresolved,exact_route_id_and_ordered_stop_od_candidate_audit,confirmed_route_duplicate_identical,,confirmed_route_duplicate_identical
bus_ordered_stop_od_excluded_from_core_v1,CTB,"[""CTB""]",line_bus_1000199,bus_1000199_2,1000199,2,2,743,10000105,unspecified_in_source,unspecified_in_source,unspecified_in_source,unspecified_in_source,unspecified_in_source,,HKD,excluded_published_fare_candidate_not_an_active_rule,pt_fare,,,not_encoded_in_source_revision_cutoff_only,2026-07-14,2026-07-20,,"[""gtfs:fare_rules:645047;fare_attributes:645047"",""gtfs:fare_rules:645049;fare_attributes:645049""]",data/transit/hongkong/PublicTransportGTFS/gtfs.zip::fare_rules.txt;data/transit/hongkong/PublicTransportGTFS/gtfs.zip::fare_attributes.txt,e5ad020b79d0020625a4e8eb5428c2253a07705b71bfb809d8a3fa178032ce06,2,1,duplicate_identical,"[{""currency"":""HKD"",""destination_id"":""10000105"",""fare_attribute_line"":645047,""fare_attributes_source_file"":""data/transit/hongkong/PublicTransportGTFS/gtfs.zip::fare_attributes.txt"",""fare_id"":""1000199-2-4-28"",""fare_rule_line"":645047,""fare_rules_source_file"":""data/transit/hongkong/PublicTransportGTFS/gtfs.zip::fare_rules.txt"",""origin_id"":""743"",""price"":17.2,""route_id"":""1000199"",""source_sha256"":""e5ad020b79d0020625a4e8eb5428c2253a07705b71bfb809d8a3fa178032ce06""},{""currency"":""HKD"",""destination_id"":""10000105"",""fare_attribute_line"":645049,""fare_attributes_source_file"":""data/transit/hongkong/PublicTransportGTFS/gtfs.zip::fare_attributes.txt"",""fare_id"":""1000199-2-4-30"",""fare_rule_line"":645049,""fare_rules_source_file"":""data/transit/hongkong/PublicTransportGTFS/gtfs.zip::fare_rules.txt"",""origin_id"":""743"",""price"":17.2,""route_id"":""1000199"",""source_sha256"":""e5ad020b79d0020625a4e8eb5428c2253a07705b71bfb809d8a3fa178032ce06""}]",confirmed_franchised_route,unresolved,U,U,not_applicable_excluded_or_unresolved,exact_route_id_and_ordered_stop_od_candidate_audit,confirmed_route_duplicate_identical,,confirmed_route_duplicate_identical
bus_ordered_stop_od_excluded_from_core_v1,CTB,"[""CTB""]",line_bus_1000199,bus_1000199_2,1000199,2,2,9075,10000105,unspecified_in_source,unspecified_in_source,unspecified_in_source,unspecified_in_source,unspecified_in_source,,HKD,excluded_published_fare_candidate_not_an_active_rule,pt_fare,,,not_encoded_in_source_revision_cutoff_only,2026-07-14,2026-07-20,,"[""gtfs:fare_rules:645162;fare_attributes:645162"",""gtfs:fare_rules:645164;fare_attributes:645164""]",data/transit/hongkong/PublicTransportGTFS/gtfs.zip::fare_rules.txt;data/transit/hongkong/PublicTransportGTFS/gtfs.zip::fare_attributes.txt,e5ad020b79d0020625a4e8eb5428c2253a07705b71bfb809d8a3fa178032ce06,2,1,duplicate_identical,"[{""currency"":""HKD"",""destination_id"":""10000105"",""fare_attribute_line"":645162,""fare_attributes_source_file"":""data/transit/hongkong/PublicTransportGTFS/gtfs.zip::fare_attributes.txt"",""fare_id"":""1000199-2-9-28"",""fare_rule_line"":645162,""fare_rules_source_file"":""data/transit/hongkong/PublicTransportGTFS/gtfs.zip::fare_rules.txt"",""origin_id"":""9075"",""price"":17.2,""route_id"":""1000199"",""source_sha256"":""e5ad020b79d0020625a4e8eb5428c2253a07705b71bfb809d8a3fa178032ce06""},{""currency"":""HKD"",""destination_id"":""10000105"",""fare_attribute_line"":645164,""fare_attributes_source_file"":""data/transit/hongkong/PublicTransportGTFS/gtfs.zip::fare_attributes.txt"",""fare_id"":""1000199-2-9-30"",""fare_rule_line"":645164,""fare_rules_source_file"":""data/transit/hongkong/PublicTransportGTFS/gtfs.zip::fare_rules.txt"",""origin_id"":""9075"",""price"":17.2,""route_id"":""1000199"",""source_sha256"":""e5ad020b79d0020625a4e8eb5428c2253a07705b71bfb809d8a3fa178032ce06""}]",confirmed_franchised_route,unresolved,U,U,not_applicable_excluded_or_unresolved,exact_route_id_and_ordered_stop_od_candidate_audit,confirmed_route_duplicate_identical,,confirmed_route_duplicate_identical
bus_ordered_stop_od_excluded_from_core_v1,CTB,"[""CTB""]",line_bus_1000199,bus_1000199_2,1000199,2,2,9092,10000105,unspecified_in_source,unspecified_in_source,unspecified_in_source,unspecified_in_source,unspecified_in_source,,HKD,excluded_published_fare_candidate_not_an_active_rule,pt_fare,,,not_encoded_in_source_revision_cutoff_only,2026-07-14,2026-07-20,,"[""gtfs:fare_rules:645294;fare_attributes:645294"",""gtfs:fare_rules:645296;fare_attributes:645296""]",data/transit/hongkong/PublicTransportGTFS/gtfs.zip::fare_rules.txt;data/transit/hongkong/PublicTransportGTFS/gtfs.zip::fare_attributes.txt,e5ad020b79d0020625a4e8eb5428c2253a07705b71bfb809d8a3fa178032ce06,2,1,duplicate_identical,"[{""currency"":""HKD"",""destination_id"":""10000105"",""fare_attribute_line"":645294,""fare_attributes_source_file"":""data/transit/hongkong/PublicTransportGTFS/gtfs.zip::fare_attributes.txt"",""fare_id"":""1000199-2-17-28"",""fare_rule_line"":645294,""fare_rules_source_file"":""data/transit/hongkong/PublicTransportGTFS/gtfs.zip::fare_rules.txt"",""origin_id"":""9092"",""price"":17.2,""route_id"":""1000199"",""source_sha256"":""e5ad020b79d0020625a4e8eb5428c2253a07705b71bfb809d8a3fa178032ce06""},{""currency"":""HKD"",""destination_id"":""10000105"",""fare_attribute_line"":645296,""fare_attributes_source_file"":""data/transit/hongkong/PublicTransportGTFS/gtfs.zip::fare_attributes.txt"",""fare_id"":""1000199-2-17-30"",""fare_rule_line"":645296,""fare_rules_source_file"":""data/transit/hongkong/PublicTransportGTFS/gtfs.zip::fare_rules.txt"",""origin_id"":""9092"",""price"":17.2,""route_id"":""1000199"",""source_sha256"":""e5ad020b79d0020625a4e8eb5428c2253a07705b71bfb809d8a3fa178032ce06""}]",confirmed_franchised_route,unresolved,U,U,not_applicable_excluded_or_unresolved,exact_route_id_and_ordered_stop_od_candidate_audit,confirmed_route_duplicate_identical,,confirmed_route_duplicate_identical
bus_ordered_stop_od_excluded_from_core_v1,CTB,"[""CTB""]",line_bus_1000199,bus_1000199_2,1000199,2,2,9217,10000105,unspecified_in_source,unspecified_in_source,unspecified_in_source,unspecified_in_source,unspecified_in_source,,HKD,excluded_published_fare_candidate_not_an_active_rule,pt_fare,,,not_encoded_in_source_revision_cutoff_only,2026-07-14,2026-07-20,,"[""gtfs:fare_rules:645072;fare_attributes:645072"",""gtfs:fare_rules:645074;fare_attributes:645074""]",data/transit/hongkong/PublicTransportGTFS/gtfs.zip::fare_rules.txt;data/transit/hongkong/PublicTransportGTFS/gtfs.zip::fare_attributes.txt,e5ad020b79d0020625a4e8eb5428c2253a07705b71bfb809d8a3fa178032ce06,2,1,duplicate_identical,"[{""currency"":""HKD"",""destination_id"":""10000105"",""fare_attribute_line"":645072,""fare_attributes_source_file"":""data/transit/hongkong/PublicTransportGTFS/gtfs.zip::fare_attributes.txt"",""fare_id"":""1000199-2-5-28"",""fare_rule_line"":645072,""fare_rules_source_file"":""data/transit/hongkong/PublicTransportGTFS/gtfs.zip::fare_rules.txt"",""origin_id"":""9217"",""price"":17.2,""route_id"":""1000199"",""source_sha256"":""e5ad020b79d0020625a4e8eb5428c2253a07705b71bfb809d8a3fa178032ce06""},{""currency"":""HKD"",""destination_id"":""10000105"",""fare_attribute_line"":645074,""fare_attributes_source_file"":""data/transit/hongkong/PublicTransportGTFS/gtfs.zip::fare_attributes.txt"",""fare_id"":""1000199-2-5-30"",""fare_rule_line"":645074,""fare_rules_source_file"":""data/transit/hongkong/PublicTransportGTFS/gtfs.zip::fare_rules.txt"",""origin_id"":""9217"",""price"":17.2,""route_id"":""1000199"",""source_sha256"":""e5ad020b79d0020625a4e8eb5428c2253a07705b71bfb809d8a3fa178032ce06""}]",confirmed_franchised_route,unresolved,U,U,not_applicable_excluded_or_unresolved,exact_route_id_and_ordered_stop_od_candidate_audit,confirmed_route_duplicate_identical,,confirmed_route_duplicate_identical
bus_ordered_stop_od_excluded_from_core_v1,CTB,"[""CTB""]",line_bus_1000199,bus_1000199_2,1000199,2,2,9219,10000105,unspecified_in_source,unspecified_in_source,unspecified_in_source,unspecified_in_source,unspecified_in_source,,HKD,excluded_published_fare_candidate_not_an_active_rule,pt_fare,,,not_encoded_in_source_revision_cutoff_only,2026-07-14,2026-07-20,,"[""gtfs:fare_rules:645096;fare_attributes:645096"",""gtfs:fare_rules:645098;fare_attributes:645098""]",data/transit/hongkong/PublicTransportGTFS/gtfs.zip::fare_rules.txt;data/transit/hongkong/PublicTransportGTFS/gtfs.zip::fare_attributes.txt,e5ad020b79d0020625a4e8eb5428c2253a07705b71bfb809d8a3fa178032ce06,2,1,duplicate_identical,"[{""currency"":""HKD"",""destination_id"":""10000105"",""fare_attribute_line"":645096,""fare_attributes_source_file"":""data/transit/hongkong/PublicTransportGTFS/gtfs.zip::fare_attributes.txt"",""fare_id"":""1000199-2-6-28"",""fare_rule_line"":645096,""fare_rules_source_file"":""data/transit/hongkong/PublicTransportGTFS/gtfs.zip::fare_rules.txt"",""origin_id"":""9219"",""price"":17.2,""route_id"":""1000199"",""source_sha256"":""e5ad020b79d0020625a4e8eb5428c2253a07705b71bfb809d8a3fa178032ce06""},{""currency"":""HKD"",""destination_id"":""10000105"",""fare_attribute_line"":645098,""fare_attributes_source_file"":""data/transit/hongkong/PublicTransportGTFS/gtfs.zip::fare_attributes.txt"",""fare_id"":""1000199-2-6-30"",""fare_rule_line"":645098,""fare_rules_source_file"":""data/transit/hongkong/PublicTransportGTFS/gtfs.zip::fare_rules.txt"",""origin_id"":""9219"",""price"":17.2,""route_id"":""1000199"",""source_sha256"":""e5ad020b79d0020625a4e8eb5428c2253a07705b71bfb809d8a3fa178032ce06""}]",confirmed_franchised_route,unresolved,U,U,not_applicable_excluded_or_unresolved,exact_route_id_and_ordered_stop_od_candidate_audit,confirmed_route_duplicate_identical,,confirmed_route_duplicate_identical
bus_ordered_stop_od_excluded_from_core_v1,CTB,"[""CTB""]",line_bus_1000199,bus_1000199_2,1000199,2,2,9223,10000105,unspecified_in_source,unspecified_in_source,unspecified_in_source,unspecified_in_source,unspecified_in_source,,HKD,excluded_published_fare_candidate_not_an_active_rule,pt_fare,,,not_encoded_in_source_revision_cutoff_only,2026-07-14,2026-07-20,,"[""gtfs:fare_rules:644994;fare_attributes:644994"",""gtfs:fare_rules:644996;fare_attributes:644996""]",data/transit/hongkong/PublicTransportGTFS/gtfs.zip::fare_rules.txt;data/transit/hongkong/PublicTransportGTFS/gtfs.zip::fare_attributes.txt,e5ad020b79d0020625a4e8eb5428c2253a07705b71bfb809d8a3fa178032ce06,2,1,duplicate_identical,"[{""currency"":""HKD"",""destination_id"":""10000105"",""fare_attribute_line"":644994,""fare_attributes_source_file"":""data/transit/hongkong/PublicTransportGTFS/gtfs.zip::fare_attributes.txt"",""fare_id"":""1000199-2-2-28"",""fare_rule_line"":644994,""fare_rules_source_file"":""data/transit/hongkong/PublicTransportGTFS/gtfs.zip::fare_rules.txt"",""origin_id"":""9223"",""price"":17.2,""route_id"":""1000199"",""source_sha256"":""e5ad020b79d0020625a4e8eb5428c2253a07705b71bfb809d8a3fa178032ce06""},{""currency"":""HKD"",""destination_id"":""10000105"",""fare_attribute_line"":644996,""fare_attributes_source_file"":""data/transit/hongkong/PublicTransportGTFS/gtfs.zip::fare_attributes.txt"",""fare_id"":""1000199-2-2-30"",""fare_rule_line"":644996,""fare_rules_source_file"":""data/transit/hongkong/PublicTransportGTFS/gtfs.zip::fare_rules.txt"",""origin_id"":""9223"",""price"":17.2,""route_id"":""1000199"",""source_sha256"":""e5ad020b79d0020625a4e8eb5428c2253a07705b71bfb809d8a3fa178032ce06""}]",confirmed_franchised_route,unresolved,U,U,not_applicable_excluded_or_unresolved,exact_route_id_and_ordered_stop_od_candidate_audit,confirmed_route_duplicate_identical,,confirmed_route_duplicate_identical
bus_ordered_stop_od_excluded_from_core_v1,CTB,"[""CTB""]",line_bus_1000199,bus_1000199_2,1000199,2,2,9226,10000105,unspecified_in_source,unspecified_in_source,unspecified_in_source,unspecified_in_source,unspecified_in_source,,HKD,excluded_published_fare_candidate_not_an_active_rule,pt_fare,,,not_encoded_in_source_revision_cutoff_only,2026-07-14,2026-07-20,,"[""gtfs:fare_rules:645021;fare_attributes:645021"",""gtfs:fare_rules:645023;fare_attributes:645023""]",data/transit/hongkong/PublicTransportGTFS/gtfs.zip::fare_rules.txt;data/transit/hongkong/PublicTransportGTFS/gtfs.zip::fare_attributes.txt,e5ad020b79d0020625a4e8eb5428c2253a07705b71bfb809d8a3fa178032ce06,2,1,duplicate_identical,"[{""currency"":""HKD"",""destination_id"":""10000105"",""fare_attribute_line"":645021,""fare_attributes_source_file"":""data/transit/hongkong/PublicTransportGTFS/gtfs.zip::fare_attributes.txt"",""fare_id"":""1000199-2-3-28"",""fare_rule_line"":645021,""fare_rules_source_file"":""data/transit/hongkong/PublicTransportGTFS/gtfs.zip::fare_rules.txt"",""origin_id"":""9226"",""price"":17.2,""route_id"":""1000199"",""source_sha256"":""e5ad020b79d0020625a4e8eb5428c2253a07705b71bfb809d8a3fa178032ce06""},{""currency"":""HKD"",""destination_id"":""10000105"",""fare_attribute_line"":645023,""fare_attributes_source_file"":""data/transit/hongkong/PublicTransportGTFS/gtfs.zip::fare_attributes.txt"",""fare_id"":""1000199-2-3-30"",""fare_rule_line"":645023,""fare_rules_source_file"":""data/transit/hongkong/PublicTransportGTFS/gtfs.zip::fare_rules.txt"",""origin_id"":""9226"",""price"":17.2,""route_id"":""1000199"",""source_sha256"":""e5ad020b79d0020625a4e8eb5428c2253a07705b71bfb809d8a3fa178032ce06""}]",confirmed_franchised_route,unresolved,U,U,not_applicable_excluded_or_unresolved,exact_route_id_and_ordered_stop_od_candidate_audit,confirmed_route_duplicate_identical,,confirmed_route_duplicate_identical
bus_ordered_stop_od_excluded_from_core_v1,KMB,"[""KMB""]",line_bus_1000200,bus_1000200_1,1000200,1,1,10000315,10000095,unspecified_in_source,unspecified_in_source,unspecified_in_source,unspecified_in_source,unspecified_in_source,,HKD,excluded_published_fare_candidate_not_an_active_rule,pt_fare,,,not_encoded_in_source_revision_cutoff_only,2026-07-14,2026-07-20,,"[""gtfs:fare_rules:645706;fare_attributes:645706"",""gtfs:fare_rules:646467;fare_attributes:646467""]",data/transit/hongkong/PublicTransportGTFS/gtfs.zip::fare_rules.txt;data/transit/hongkong/PublicTransportGTFS/gtfs.zip::fare_attributes.txt,e5ad020b79d0020625a4e8eb5428c2253a07705b71bfb809d8a3fa178032ce06,2,1,duplicate_identical,"[{""currency"":""HKD"",""destination_id"":""10000095"",""fare_attribute_line"":645706,""fare_attributes_source_file"":""data/transit/hongkong/PublicTransportGTFS/gtfs.zip::fare_attributes.txt"",""fare_id"":""1000200-1-12-14"",""fare_rule_line"":645706,""fare_rules_source_file"":""data/transit/hongkong/PublicTransportGTFS/gtfs.zip::fare_rules.txt"",""origin_id"":""10000315"",""price"":12.9,""route_id"":""1000200"",""source_sha256"":""e5ad020b79d0020625a4e8eb5428c2253a07705b71bfb809d8a3fa178032ce06""},{""currency"":""HKD"",""destination_id"":""10000095"",""fare_attribute_line"":646467,""fare_attributes_source_file"":""data/transit/hongkong/PublicTransportGTFS/gtfs.zip::fare_attributes.txt"",""fare_id"":""1000200-2-22-23"",""fare_rule_line"":646467,""fare_rules_source_file"":""data/transit/hongkong/PublicTransportGTFS/gtfs.zip::fare_rules.txt"",""origin_id"":""10000315"",""price"":12.9,""route_id"":""1000200"",""source_sha256"":""e5ad020b79d0020625a4e8eb5428c2253a07705b71bfb809d8a3fa178032ce06""}]",confirmed_franchised_route,unresolved,U,U,not_applicable_excluded_or_unresolved,exact_route_id_and_ordered_stop_od_candidate_audit,confirmed_route_duplicate_identical,,confirmed_route_duplicate_identical
bus_ordered_stop_od_excluded_from_core_v1,KMB,"[""KMB""]",line_bus_1000200,bus_1000200_1,1000200,1,1,10000315,10000105,unspecified_in_source,unspecified_in_source,unspecified_in_source,unspecified_in_source,unspecified_in_source,,HKD,excluded_published_fare_candidate_not_an_active_rule,pt_fare,,,not_encoded_in_source_revision_cutoff_only,2026-07-14,2026-07-20,,"[""gtfs:fare_rules:645705;fare_attributes:645705"",""gtfs:fare_rules:646468;fare_attributes:646468""]",data/transit/hongkong/PublicTransportGTFS/gtfs.zip::fare_rules.txt;data/transit/hongkong/PublicTransportGTFS/gtfs.zip::fare_attributes.txt,e5ad020b79d0020625a4e8eb5428c2253a07705b71bfb809d8a3fa178032ce06,2,1,duplicate_identical,"[{""currency"":""HKD"",""destination_id"":""10000105"",""fare_attribute_line"":645705,""fare_attributes_source_file"":""data/transit/hongkong/PublicTransportGTFS/gtfs.zip::fare_attributes.txt"",""fare_id"":""1000200-1-12-13"",""fare_rule_line"":645705,""fare_rules_source_file"":""data/transit/hongkong/PublicTransportGTFS/gtfs.zip::fare_rules.txt"",""origin_id"":""10000315"",""price"":12.9,""route_id"":""1000200"",""source_sha256"":""e5ad020b79d0020625a4e8eb5428c2253a07705b71bfb809d8a3fa178032ce06""},{""currency"":""HKD"",""destination_id"":""10000105"",""fare_attribute_line"":646468,""fare_attributes_source_file"":""data/transit/hongkong/PublicTransportGTFS/gtfs.zip::fare_attributes.txt"",""fare_id"":""1000200-2-22-24"",""fare_rule_line"":646468,""fare_rules_source_file"":""data/transit/hongkong/PublicTransportGTFS/gtfs.zip::fare_rules.txt"",""origin_id"":""10000315"",""price"":12.9,""route_id"":""1000200"",""source_sha256"":""e5ad020b79d0020625a4e8eb5428c2253a07705b71bfb809d8a3fa178032ce06""}]",confirmed_franchised_route,unresolved,U,U,not_applicable_excluded_or_unresolved,exact_route_id_and_ordered_stop_od_candidate_audit,confirmed_route_duplicate_identical,,confirmed_route_duplicate_identical
bus_ordered_stop_od_excluded_from_core_v1,KMB,"[""KMB""]",line_bus_1000200,bus_1000200_2,1000200,2,2,10000315,10000095,unspecified_in_source,unspecified_in_source,unspecified_in_source,unspecified_in_source,unspecified_in_source,,HKD,excluded_published_fare_candidate_not_an_active_rule,pt_fare,,,not_encoded_in_source_revision_cutoff_only,2026-07-14,2026-07-20,,"[""gtfs:fare_rules:645706;fare_attributes:645706"",""gtfs:fare_rules:646467;fare_attributes:646467""]",data/transit/hongkong/PublicTransportGTFS/gtfs.zip::fare_rules.txt;data/transit/hongkong/PublicTransportGTFS/gtfs.zip::fare_attributes.txt,e5ad020b79d0020625a4e8eb5428c2253a07705b71bfb809d8a3fa178032ce06,2,1,duplicate_identical,"[{""currency"":""HKD"",""destination_id"":""10000095"",""fare_attribute_line"":645706,""fare_attributes_source_file"":""data/transit/hongkong/PublicTransportGTFS/gtfs.zip::fare_attributes.txt"",""fare_id"":""1000200-1-12-14"",""fare_rule_line"":645706,""fare_rules_source_file"":""data/transit/hongkong/PublicTransportGTFS/gtfs.zip::fare_rules.txt"",""origin_id"":""10000315"",""price"":12.9,""route_id"":""1000200"",""source_sha256"":""e5ad020b79d0020625a4e8eb5428c2253a07705b71bfb809d8a3fa178032ce06""},{""currency"":""HKD"",""destination_id"":""10000095"",""fare_attribute_line"":646467,""fare_attributes_source_file"":""data/transit/hongkong/PublicTransportGTFS/gtfs.zip::fare_attributes.txt"",""fare_id"":""1000200-2-22-23"",""fare_rule_line"":646467,""fare_rules_source_file"":""data/transit/hongkong/PublicTransportGTFS/gtfs.zip::fare_rules.txt"",""origin_id"":""10000315"",""price"":12.9,""route_id"":""1000200"",""source_sha256"":""e5ad020b79d0020625a4e8eb5428c2253a07705b71bfb809d8a3fa178032ce06""}]",confirmed_franchised_route,unresolved,U,U,not_applicable_excluded_or_unresolved,exact_route_id_and_ordered_stop_od_candidate_audit,confirmed_route_duplicate_identical,,confirmed_route_duplicate_identical
bus_ordered_stop_od_excluded_from_core_v1,KMB,"[""KMB""]",line_bus_1000200,bus_1000200_2,1000200,2,2,10000315,10000105,unspecified_in_source,unspecified_in_source,unspecified_in_source,unspecified_in_source,unspecified_in_source,,HKD,excluded_published_fare_candidate_not_an_active_rule,pt_fare,,,not_encoded_in_source_revision_cutoff_only,2026-07-14,2026-07-20,,"[""gtfs:fare_rules:645705;fare_attributes:645705"",""gtfs:fare_rules:646468;fare_attributes:646468""]",data/transit/hongkong/PublicTransportGTFS/gtfs.zip::fare_rules.txt;data/transit/hongkong/PublicTransportGTFS/gtfs.zip::fare_attributes.txt,e5ad020b79d0020625a4e8eb5428c2253a07705b71bfb809d8a3fa178032ce06,2,1,duplicate_identical,"[{""currency"":""HKD"",""destination_id"":""10000105"",""fare_attribute_line"":645705,""fare_attributes_source_file"":""data/transit/hongkong/PublicTransportGTFS/gtfs.zip::fare_attributes.txt"",""fare_id"":""1000200-1-12-13"",""fare_rule_line"":645705,""fare_rules_source_file"":""data/transit/hongkong/PublicTransportGTFS/gtfs.zip::fare_rules.txt"",""origin_id"":""10000315"",""price"":12.9,""route_id"":""1000200"",""source_sha256"":""e5ad020b79d0020625a4e8eb5428c2253a07705b71bfb809d8a3fa178032ce06""},{""currency"":""HKD"",""destination_id"":""10000105"",""fare_attribute_line"":646468,""fare_attributes_source_file"":""data/transit/hongkong/PublicTransportGTFS/gtfs.zip::fare_attributes.txt"",""fare_id"":""1000200-2-22-24"",""fare_rule_line"":646468,""fare_rules_source_file"":""data/transit/hongkong/PublicTransportGTFS/gtfs.zip::fare_rules.txt"",""origin_id"":""10000315"",""price"":12.9,""route_id"":""1000200"",""source_sha256"":""e5ad020b79d0020625a4e8eb5428c2253a07705b71bfb809d8a3fa178032ce06""}]",confirmed_franchised_route,unresolved,U,U,not_applicable_excluded_or_unresolved,exact_route_id_and_ordered_stop_od_candidate_audit,confirmed_route_duplicate_identical,,confirmed_route_duplicate_identical
bus_ordered_stop_od_excluded_from_core_v1,KMB,"[""KMB""]",line_bus_1000233,bus_1000233_1,1000233,1,1,10000105,10000095,unspecified_in_source,unspecified_in_source,unspecified_in_source,unspecified_in_source,unspecified_in_source,,HKD,excluded_published_fare_candidate_not_an_active_rule,pt_fare,,,not_encoded_in_source_revision_cutoff_only,2026-07-14,2026-07-20,,"[""gtfs:fare_rules:652860;fare_attributes:652860"",""gtfs:fare_rules:652937;fare_attributes:652937""]",data/transit/hongkong/PublicTransportGTFS/gtfs.zip::fare_rules.txt;data/transit/hongkong/PublicTransportGTFS/gtfs.zip::fare_attributes.txt,e5ad020b79d0020625a4e8eb5428c2253a07705b71bfb809d8a3fa178032ce06,2,1,duplicate_identical,"[{""currency"":""HKD"",""destination_id"":""10000095"",""fare_attribute_line"":652860,""fare_attributes_source_file"":""data/transit/hongkong/PublicTransportGTFS/gtfs.zip::fare_attributes.txt"",""fare_id"":""1000233-1-1-13"",""fare_rule_line"":652860,""fare_rules_source_file"":""data/transit/hongkong/PublicTransportGTFS/gtfs.zip::fare_rules.txt"",""origin_id"":""10000105"",""price"":6.0,""route_id"":""1000233"",""source_sha256"":""e5ad020b79d0020625a4e8eb5428c2253a07705b71bfb809d8a3fa178032ce06""},{""currency"":""HKD"",""destination_id"":""10000095"",""fare_attribute_line"":652937,""fare_attributes_source_file"":""data/transit/hongkong/PublicTransportGTFS/gtfs.zip::fare_attributes.txt"",""fare_id"":""1000233-1-12-13"",""fare_rule_line"":652937,""fare_rules_source_file"":""data/transit/hongkong/PublicTransportGTFS/gtfs.zip::fare_rules.txt"",""origin_id"":""10000105"",""price"":6.0,""route_id"":""1000233"",""source_sha256"":""e5ad020b79d0020625a4e8eb5428c2253a07705b71bfb809d8a3fa178032ce06""}]",confirmed_franchised_route,unresolved,U,U,not_applicable_excluded_or_unresolved,exact_route_id_and_ordered_stop_od_candidate_audit,confirmed_route_duplicate_identical,,confirmed_route_duplicate_identical
bus_ordered_stop_od_excluded_from_core_v1,KMB,"[""KMB""]",line_bus_1000233,bus_1000233_1,1000233,1,1,10000265,10000105,unspecified_in_source,unspecified_in_source,unspecified_in_source,unspecified_in_source,unspecified_in_source,,HKD,excluded_published_fare_candidate_not_an_active_rule,pt_fare,,,not_encoded_in_source_revision_cutoff_only,2026-07-14,2026-07-20,,"[""gtfs:fare_rules:652909;fare_attributes:652909"",""gtfs:fare_rules:652911;fare_attributes:652911""]",data/transit/hongkong/PublicTransportGTFS/gtfs.zip::fare_rules.txt;data/transit/hongkong/PublicTransportGTFS/gtfs.zip::fare_attributes.txt,e5ad020b79d0020625a4e8eb5428c2253a07705b71bfb809d8a3fa178032ce06,2,1,duplicate_identical,"[{""currency"":""HKD"",""destination_id"":""10000105"",""fare_attribute_line"":652909,""fare_attributes_source_file"":""data/transit/hongkong/PublicTransportGTFS/gtfs.zip::fare_attributes.txt"",""fare_id"":""1000233-1-6-12"",""fare_rule_line"":652909,""fare_rules_source_file"":""data/transit/hongkong/PublicTransportGTFS/gtfs.zip::fare_rules.txt"",""origin_id"":""10000265"",""price"":6.0,""route_id"":""1000233"",""source_sha256"":""e5ad020b79d0020625a4e8eb5428c2253a07705b71bfb809d8a3fa178032ce06""},{""currency"":""HKD"",""destination_id"":""10000105"",""fare_attribute_line"":652911,""fare_attributes_source_file"":""data/transit/hongkong/PublicTransportGTFS/gtfs.zip::fare_attributes.txt"",""fare_id"":""1000233-1-6-14"",""fare_rule_line"":652911,""fare_rules_source_file"":""data/transit/hongkong/PublicTransportGTFS/gtfs.zip::fare_rules.txt"",""origin_id"":""10000265"",""price"":6.0,""route_id"":""1000233"",""source_sha256"":""e5ad020b79d0020625a4e8eb5428c2253a07705b71bfb809d8a3fa178032ce06""}]",confirmed_franchised_route,unresolved,U,U,not_applicable_excluded_or_unresolved,exact_route_id_and_ordered_stop_od_candidate_audit,confirmed_route_duplicate_identical,,confirmed_route_duplicate_identical
bus_ordered_stop_od_excluded_from_core_v1,KMB,"[""KMB""]",line_bus_1000233,bus_1000233_1,1000233,1,1,10000315,10000105,unspecified_in_source,unspecified_in_source,unspecified_in_source,unspecified_in_source,unspecified_in_source,,HKD,excluded_published_fare_candidate_not_an_active_rule,pt_fare,,,not_encoded_in_source_revision_cutoff_only,2026-07-14,2026-07-20,,"[""gtfs:fare_rules:652934;fare_attributes:652934"",""gtfs:fare_rules:652936;fare_attributes:652936""]",data/transit/hongkong/PublicTransportGTFS/gtfs.zip::fare_rules.txt;data/transit/hongkong/PublicTransportGTFS/gtfs.zip::fare_attributes.txt,e5ad020b79d0020625a4e8eb5428c2253a07705b71bfb809d8a3fa178032ce06,2,1,duplicate_identical,"[{""currency"":""HKD"",""destination_id"":""10000105"",""fare_attribute_line"":652934,""fare_attributes_source_file"":""data/transit/hongkong/PublicTransportGTFS/gtfs.zip::fare_attributes.txt"",""fare_id"":""1000233-1-11-12"",""fare_rule_line"":652934,""fare_rules_source_file"":""data/transit/hongkong/PublicTransportGTFS/gtfs.zip::fare_rules.txt"",""origin_id"":""10000315"",""price"":6.0,""route_id"":""1000233"",""source_sha256"":""e5ad020b79d0020625a4e8eb5428c2253a07705b71bfb809d8a3fa178032ce06""},{""currency"":""HKD"",""destination_id"":""10000105"",""fare_attribute_line"":652936,""fare_attributes_source_file"":""data/transit/hongkong/PublicTransportGTFS/gtfs.zip::fare_attributes.txt"",""fare_id"":""1000233-1-11-14"",""fare_rule_line"":652936,""fare_rules_source_file"":""data/transit/hongkong/PublicTransportGTFS/gtfs.zip::fare_rules.txt"",""origin_id"":""10000315"",""price"":6.0,""route_id"":""1000233"",""source_sha256"":""e5ad020b79d0020625a4e8eb5428c2253a07705b71bfb809d8a3fa178032ce06""}]",confirmed_franchised_route,unresolved,U,U,not_applicable_excluded_or_unresolved,exact_route_id_and_ordered_stop_od_candidate_audit,confirmed_route_duplicate_identical,,confirmed_route_duplicate_identical
bus_ordered_stop_od_excluded_from_core_v1,KMB,"[""KMB""]",line_bus_1000233,bus_1000233_1,1000233,1,1,6517,10000105,unspecified_in_source,unspecified_in_source,unspecified_in_source,unspecified_in_source,unspecified_in_source,,HKD,excluded_published_fare_candidate_not_an_active_rule,pt_fare,,,not_encoded_in_source_revision_cutoff_only,2026-07-14,2026-07-20,,"[""gtfs:fare_rules:652931;fare_attributes:652931"",""gtfs:fare_rules:652933;fare_attributes:652933""]",data/transit/hongkong/PublicTransportGTFS/gtfs.zip::fare_rules.txt;data/transit/hongkong/PublicTransportGTFS/gtfs.zip::fare_attributes.txt,e5ad020b79d0020625a4e8eb5428c2253a07705b71bfb809d8a3fa178032ce06,2,1,duplicate_identical,"[{""currency"":""HKD"",""destination_id"":""10000105"",""fare_attribute_line"":652931,""fare_attributes_source_file"":""data/transit/hongkong/PublicTransportGTFS/gtfs.zip::fare_attributes.txt"",""fare_id"":""1000233-1-10-12"",""fare_rule_line"":652931,""fare_rules_source_file"":""data/transit/hongkong/PublicTransportGTFS/gtfs.zip::fare_rules.txt"",""origin_id"":""6517"",""price"":6.0,""route_id"":""1000233"",""source_sha256"":""e5ad020b79d0020625a4e8eb5428c2253a07705b71bfb809d8a3fa178032ce06""},{""currency"":""HKD"",""destination_id"":""10000105"",""fare_attribute_line"":652933,""fare_attributes_source_file"":""data/transit/hongkong/PublicTransportGTFS/gtfs.zip::fare_attributes.txt"",""fare_id"":""1000233-1-10-14"",""fare_rule_line"":652933,""fare_rules_source_file"":""data/transit/hongkong/PublicTransportGTFS/gtfs.zip::fare_rules.txt"",""origin_id"":""6517"",""price"":6.0,""route_id"":""1000233"",""source_sha256"":""e5ad020b79d0020625a4e8eb5428c2253a07705b71bfb809d8a3fa178032ce06""}]",confirmed_franchised_route,unresolved,U,U,not_applicable_excluded_or_unresolved,exact_route_id_and_ordered_stop_od_candidate_audit,confirmed_route_duplicate_identical,,confirmed_route_duplicate_identical
bus_ordered_stop_od_excluded_from_core_v1,KMB,"[""KMB""]",line_bus_1000233,bus_1000233_1,1000233,1,1,6518,10000105,unspecified_in_source,unspecified_in_source,unspecified_in_source,unspecified_in_source,unspecified_in_source,,HKD,excluded_published_fare_candidate_not_an_active_rule,pt_fare,,,not_encoded_in_source_revision_cutoff_only,2026-07-14,2026-07-20,,"[""gtfs:fare_rules:652871;fare_attributes:652871"",""gtfs:fare_rules:652873;fare_attributes:652873""]",data/transit/hongkong/PublicTransportGTFS/gtfs.zip::fare_rules.txt;data/transit/hongkong/PublicTransportGTFS/gtfs.zip::fare_attributes.txt,e5ad020b79d0020625a4e8eb5428c2253a07705b71bfb809d8a3fa178032ce06,2,1,duplicate_identical,"[{""currency"":""HKD"",""destination_id"":""10000105"",""fare_attribute_line"":652871,""fare_attributes_source_file"":""data/transit/hongkong/PublicTransportGTFS/gtfs.zip::fare_attributes.txt"",""fare_id"":""1000233-1-2-12"",""fare_rule_line"":652871,""fare_rules_source_file"":""data/transit/hongkong/PublicTransportGTFS/gtfs.zip::fare_rules.txt"",""origin_id"":""6518"",""price"":6.0,""route_id"":""1000233"",""source_sha256"":""e5ad020b79d0020625a4e8eb5428c2253a07705b71bfb809d8a3fa178032ce06""},{""currency"":""HKD"",""destination_id"":""10000105"",""fare_attribute_line"":652873,""fare_attributes_source_file"":""data/transit/hongkong/PublicTransportGTFS/gtfs.zip::fare_attributes.txt"",""fare_id"":""1000233-1-2-14"",""fare_rule_line"":652873,""fare_rules_source_file"":""data/transit/hongkong/PublicTransportGTFS/gtfs.zip::fare_rules.txt"",""origin_id"":""6518"",""price"":6.0,""route_id"":""1000233"",""source_sha256"":""e5ad020b79d0020625a4e8eb5428c2253a07705b71bfb809d8a3fa178032ce06""}]",confirmed_franchised_route,unresolved,U,U,not_applicable_excluded_or_unresolved,exact_route_id_and_ordered_stop_od_candidate_audit,confirmed_route_duplicate_identical,,confirmed_route_duplicate_identical
bus_ordered_stop_od_excluded_from_core_v1,KMB,"[""KMB""]",line_bus_1000233,bus_1000233_1,1000233,1,1,6519,10000105,unspecified_in_source,unspecified_in_source,unspecified_in_source,unspecified_in_source,unspecified_in_source,,HKD,excluded_published_fare_candidate_not_an_active_rule,pt_fare,,,not_encoded_in_source_revision_cutoff_only,2026-07-14,2026-07-20,,"[""gtfs:fare_rules:652927;fare_attributes:652927"",""gtfs:fare_rules:652929;fare_attributes:652929""]",data/transit/hongkong/PublicTransportGTFS/gtfs.zip::fare_rules.txt;data/transit/hongkong/PublicTransportGTFS/gtfs.zip::fare_attributes.txt,e5ad020b79d0020625a4e8eb5428c2253a07705b71bfb809d8a3fa178032ce06,2,1,duplicate_identical,"[{""currency"":""HKD"",""destination_id"":""10000105"",""fare_attribute_line"":652927,""fare_attributes_source_file"":""data/transit/hongkong/PublicTransportGTFS/gtfs.zip::fare_attributes.txt"",""fare_id"":""1000233-1-9-12"",""fare_rule_line"":652927,""fare_rules_source_file"":""data/transit/hongkong/PublicTransportGTFS/gtfs.zip::fare_rules.txt"",""origin_id"":""6519"",""price"":6.0,""route_id"":""1000233"",""source_sha256"":""e5ad020b79d0020625a4e8eb5428c2253a07705b71bfb809d8a3fa178032ce06""},{""currency"":""HKD"",""destination_id"":""10000105"",""fare_attribute_line"":652929,""fare_attributes_source_file"":""data/transit/hongkong/PublicTransportGTFS/gtfs.zip::fare_attributes.txt"",""fare_id"":""1000233-1-9-14"",""fare_rule_line"":652929,""fare_rules_source_file"":""data/transit/hongkong/PublicTransportGTFS/gtfs.zip::fare_rules.txt"",""origin_id"":""6519"",""price"":6.0,""route_id"":""1000233"",""source_sha256"":""e5ad020b79d0020625a4e8eb5428c2253a07705b71bfb809d8a3fa178032ce06""}]",confirmed_franchised_route,unresolved,U,U,not_applicable_excluded_or_unresolved,exact_route_id_and_ordered_stop_od_candidate_audit,confirmed_route_duplicate_identical,,confirmed_route_duplicate_identical
bus_ordered_stop_od_excluded_from_core_v1,KMB,"[""KMB""]",line_bus_1000233,bus_1000233_1,1000233,1,1,6520,10000105,unspecified_in_source,unspecified_in_source,unspecified_in_source,unspecified_in_source,unspecified_in_source,,HKD,excluded_published_fare_candidate_not_an_active_rule,pt_fare,,,not_encoded_in_source_revision_cutoff_only,2026-07-14,2026-07-20,,"[""gtfs:fare_rules:652882;fare_attributes:652882"",""gtfs:fare_rules:652884;fare_attributes:652884""]",data/transit/hongkong/PublicTransportGTFS/gtfs.zip::fare_rules.txt;data/transit/hongkong/PublicTransportGTFS/gtfs.zip::fare_attributes.txt,e5ad020b79d0020625a4e8eb5428c2253a07705b71bfb809d8a3fa178032ce06,2,1,duplicate_identical,"[{""currency"":""HKD"",""destination_id"":""10000105"",""fare_attribute_line"":652882,""fare_attributes_source_file"":""data/transit/hongkong/PublicTransportGTFS/gtfs.zip::fare_attributes.txt"",""fare_id"":""1000233-1-3-12"",""fare_rule_line"":652882,""fare_rules_source_file"":""data/transit/hongkong/PublicTransportGTFS/gtfs.zip::fare_rules.txt"",""origin_id"":""6520"",""price"":6.0,""route_id"":""1000233"",""source_sha256"":""e5ad020b79d0020625a4e8eb5428c2253a07705b71bfb809d8a3fa178032ce06""},{""currency"":""HKD"",""destination_id"":""10000105"",""fare_attribute_line"":652884,""fare_attributes_source_file"":""data/transit/hongkong/PublicTransportGTFS/gtfs.zip::fare_attributes.txt"",""fare_id"":""1000233-1-3-14"",""fare_rule_line"":652884,""fare_rules_source_file"":""data/transit/hongkong/PublicTransportGTFS/gtfs.zip::fare_rules.txt"",""origin_id"":""6520"",""price"":6.0,""route_id"":""1000233"",""source_sha256"":""e5ad020b79d0020625a4e8eb5428c2253a07705b71bfb809d8a3fa178032ce06""}]",confirmed_franchised_route,unresolved,U,U,not_applicable_excluded_or_unresolved,exact_route_id_and_ordered_stop_od_candidate_audit,confirmed_route_duplicate_identical,,confirmed_route_duplicate_identical
bus_ordered_stop_od_excluded_from_core_v1,KMB,"[""KMB""]",line_bus_1000233,bus_1000233_1,1000233,1,1,6524,10000105,unspecified_in_source,unspecified_in_source,unspecified_in_source,unspecified_in_source,unspecified_in_source,,HKD,excluded_published_fare_candidate_not_an_active_rule,pt_fare,,,not_encoded_in_source_revision_cutoff_only,2026-07-14,2026-07-20,,"[""gtfs:fare_rules:652901;fare_attributes:652901"",""gtfs:fare_rules:652903;fare_attributes:652903""]",data/transit/hongkong/PublicTransportGTFS/gtfs.zip::fare_rules.txt;data/transit/hongkong/PublicTransportGTFS/gtfs.zip::fare_attributes.txt,e5ad020b79d0020625a4e8eb5428c2253a07705b71bfb809d8a3fa178032ce06,2,1,duplicate_identical,"[{""currency"":""HKD"",""destination_id"":""10000105"",""fare_attribute_line"":652901,""fare_attributes_source_file"":""data/transit/hongkong/PublicTransportGTFS/gtfs.zip::fare_attributes.txt"",""fare_id"":""1000233-1-5-12"",""fare_rule_line"":652901,""fare_rules_source_file"":""data/transit/hongkong/PublicTransportGTFS/gtfs.zip::fare_rules.txt"",""origin_id"":""6524"",""price"":6.0,""route_id"":""1000233"",""source_sha256"":""e5ad020b79d0020625a4e8eb5428c2253a07705b71bfb809d8a3fa178032ce06""},{""currency"":""HKD"",""destination_id"":""10000105"",""fare_attribute_line"":652903,""fare_attributes_source_file"":""data/transit/hongkong/PublicTransportGTFS/gtfs.zip::fare_attributes.txt"",""fare_id"":""1000233-1-5-14"",""fare_rule_line"":652903,""fare_rules_source_file"":""data/transit/hongkong/PublicTransportGTFS/gtfs.zip::fare_rules.txt"",""origin_id"":""6524"",""price"":6.0,""route_id"":""1000233"",""source_sha256"":""e5ad020b79d0020625a4e8eb5428c2253a07705b71bfb809d8a3fa178032ce06""}]",confirmed_franchised_route,unresolved,U,U,not_applicable_excluded_or_unresolved,exact_route_id_and_ordered_stop_od_candidate_audit,confirmed_route_duplicate_identical,,confirmed_route_duplicate_identical
bus_ordered_stop_od_excluded_from_core_v1,KMB,"[""KMB""]",line_bus_1000233,bus_1000233_1,1000233,1,1,6532,10000105,unspecified_in_source,unspecified_in_source,unspecified_in_source,unspecified_in_source,unspecified_in_source,,HKD,excluded_published_fare_candidate_not_an_active_rule,pt_fare,,,not_encoded_in_source_revision_cutoff_only,2026-07-14,2026-07-20,,"[""gtfs:fare_rules:652916;fare_attributes:652916"",""gtfs:fare_rules:652918;fare_attributes:652918""]",data/transit/hongkong/PublicTransportGTFS/gtfs.zip::fare_rules.txt;data/transit/hongkong/PublicTransportGTFS/gtfs.zip::fare_attributes.txt,e5ad020b79d0020625a4e8eb5428c2253a07705b71bfb809d8a3fa178032ce06,2,1,duplicate_identical,"[{""currency"":""HKD"",""destination_id"":""10000105"",""fare_attribute_line"":652916,""fare_attributes_source_file"":""data/transit/hongkong/PublicTransportGTFS/gtfs.zip::fare_attributes.txt"",""fare_id"":""1000233-1-7-12"",""fare_rule_line"":652916,""fare_rules_source_file"":""data/transit/hongkong/PublicTransportGTFS/gtfs.zip::fare_rules.txt"",""origin_id"":""6532"",""price"":6.0,""route_id"":""1000233"",""source_sha256"":""e5ad020b79d0020625a4e8eb5428c2253a07705b71bfb809d8a3fa178032ce06""},{""currency"":""HKD"",""destination_id"":""10000105"",""fare_attribute_line"":652918,""fare_attributes_source_file"":""data/transit/hongkong/PublicTransportGTFS/gtfs.zip::fare_attributes.txt"",""fare_id"":""1000233-1-7-14"",""fare_rule_line"":652918,""fare_rules_source_file"":""data/transit/hongkong/PublicTransportGTFS/gtfs.zip::fare_rules.txt"",""origin_id"":""6532"",""price"":6.0,""route_id"":""1000233"",""source_sha256"":""e5ad020b79d0020625a4e8eb5428c2253a07705b71bfb809d8a3fa178032ce06""}]",confirmed_franchised_route,unresolved,U,U,not_applicable_excluded_or_unresolved,exact_route_id_and_ordered_stop_od_candidate_audit,confirmed_route_duplicate_identical,,confirmed_route_duplicate_identical
bus_ordered_stop_od_excluded_from_core_v1,KMB,"[""KMB""]",line_bus_1000233,bus_1000233_1,1000233,1,1,6533,10000105,unspecified_in_source,unspecified_in_source,unspecified_in_source,unspecified_in_source,unspecified_in_source,,HKD,excluded_published_fare_candidate_not_an_active_rule,pt_fare,,,not_encoded_in_source_revision_cutoff_only,2026-07-14,2026-07-20,,"[""gtfs:fare_rules:652892;fare_attributes:652892"",""gtfs:fare_rules:652894;fare_attributes:652894""]",data/transit/hongkong/PublicTransportGTFS/gtfs.zip::fare_rules.txt;data/transit/hongkong/PublicTransportGTFS/gtfs.zip::fare_attributes.txt,e5ad020b79d0020625a4e8eb5428c2253a07705b71bfb809d8a3fa178032ce06,2,1,duplicate_identical,"[{""currency"":""HKD"",""destination_id"":""10000105"",""fare_attribute_line"":652892,""fare_attributes_source_file"":""data/transit/hongkong/PublicTransportGTFS/gtfs.zip::fare_attributes.txt"",""fare_id"":""1000233-1-4-12"",""fare_rule_line"":652892,""fare_rules_source_file"":""data/transit/hongkong/PublicTransportGTFS/gtfs.zip::fare_rules.txt"",""origin_id"":""6533"",""price"":6.0,""route_id"":""1000233"",""source_sha256"":""e5ad020b79d0020625a4e8eb5428c2253a07705b71bfb809d8a3fa178032ce06""},{""currency"":""HKD"",""destination_id"":""10000105"",""fare_attribute_line"":652894,""fare_attributes_source_file"":""data/transit/hongkong/PublicTransportGTFS/gtfs.zip::fare_attributes.txt"",""fare_id"":""1000233-1-4-14"",""fare_rule_line"":652894,""fare_rules_source_file"":""data/transit/hongkong/PublicTransportGTFS/gtfs.zip::fare_rules.txt"",""origin_id"":""6533"",""price"":6.0,""route_id"":""1000233"",""source_sha256"":""e5ad020b79d0020625a4e8eb5428c2253a07705b71bfb809d8a3fa178032ce06""}]",confirmed_franchised_route,unresolved,U,U,not_applicable_excluded_or_unresolved,exact_route_id_and_ordered_stop_od_candidate_audit,confirmed_route_duplicate_identical,,confirmed_route_duplicate_identical
bus_ordered_stop_od_excluded_from_core_v1,KMB,"[""KMB""]",line_bus_1000233,bus_1000233_1,1000233,1,1,6534,10000105,unspecified_in_source,unspecified_in_source,unspecified_in_source,unspecified_in_source,unspecified_in_source,,HKD,excluded_published_fare_candidate_not_an_active_rule,pt_fare,,,not_encoded_in_source_revision_cutoff_only,2026-07-14,2026-07-20,,"[""gtfs:fare_rules:652922;fare_attributes:652922"",""gtfs:fare_rules:652924;fare_attributes:652924""]",data/transit/hongkong/PublicTransportGTFS/gtfs.zip::fare_rules.txt;data/transit/hongkong/PublicTransportGTFS/gtfs.zip::fare_attributes.txt,e5ad020b79d0020625a4e8eb5428c2253a07705b71bfb809d8a3fa178032ce06,2,1,duplicate_identical,"[{""currency"":""HKD"",""destination_id"":""10000105"",""fare_attribute_line"":652922,""fare_attributes_source_file"":""data/transit/hongkong/PublicTransportGTFS/gtfs.zip::fare_attributes.txt"",""fare_id"":""1000233-1-8-12"",""fare_rule_line"":652922,""fare_rules_source_file"":""data/transit/hongkong/PublicTransportGTFS/gtfs.zip::fare_rules.txt"",""origin_id"":""6534"",""price"":6.0,""route_id"":""1000233"",""source_sha256"":""e5ad020b79d0020625a4e8eb5428c2253a07705b71bfb809d8a3fa178032ce06""},{""currency"":""HKD"",""destination_id"":""10000105"",""fare_attribute_line"":652924,""fare_attributes_source_file"":""data/transit/hongkong/PublicTransportGTFS/gtfs.zip::fare_attributes.txt"",""fare_id"":""1000233-1-8-14"",""fare_rule_line"":652924,""fare_rules_source_file"":""data/transit/hongkong/PublicTransportGTFS/gtfs.zip::fare_rules.txt"",""origin_id"":""6534"",""price"":6.0,""route_id"":""1000233"",""source_sha256"":""e5ad020b79d0020625a4e8eb5428c2253a07705b71bfb809d8a3fa178032ce06""}]",confirmed_franchised_route,unresolved,U,U,not_applicable_excluded_or_unresolved,exact_route_id_and_ordered_stop_od_candidate_audit,confirmed_route_duplicate_identical,,confirmed_route_duplicate_identical
bus_ordered_stop_od_excluded_from_core_v1,KMB,"[""KMB""]",line_bus_1000239,bus_1000239_1,1000239,1,1,10000115,10000109,unspecified_in_source,unspecified_in_source,unspecified_in_source,unspecified_in_source,unspecified_in_source,,HKD,excluded_published_fare_candidate_not_an_active_rule,pt_fare,,,not_encoded_in_source_revision_cutoff_only,2026-07-14,2026-07-20,,"[""gtfs:fare_rules:656210;fare_attributes:656210"",""gtfs:fare_rules:656533;fare_attributes:656533""]",data/transit/hongkong/PublicTransportGTFS/gtfs.zip::fare_rules.txt;data/transit/hongkong/PublicTransportGTFS/gtfs.zip::fare_attributes.txt,e5ad020b79d0020625a4e8eb5428c2253a07705b71bfb809d8a3fa178032ce06,2,1,duplicate_identical,"[{""currency"":""HKD"",""destination_id"":""10000109"",""fare_attribute_line"":656210,""fare_attributes_source_file"":""data/transit/hongkong/PublicTransportGTFS/gtfs.zip::fare_attributes.txt"",""fare_id"":""1000239-1-3-5"",""fare_rule_line"":656210,""fare_rules_source_file"":""data/transit/hongkong/PublicTransportGTFS/gtfs.zip::fare_rules.txt"",""origin_id"":""10000115"",""price"":6.0,""route_id"":""1000239"",""source_sha256"":""e5ad020b79d0020625a4e8eb5428c2253a07705b71bfb809d8a3fa178032ce06""},{""currency"":""HKD"",""destination_id"":""10000109"",""fare_attribute_line"":656533,""fare_attributes_source_file"":""data/transit/hongkong/PublicTransportGTFS/gtfs.zip::fare_attributes.txt"",""fare_id"":""1000239-2-18-20"",""fare_rule_line"":656533,""fare_rules_source_file"":""data/transit/hongkong/PublicTransportGTFS/gtfs.zip::fare_rules.txt"",""origin_id"":""10000115"",""price"":6.0,""route_id"":""1000239"",""source_sha256"":""e5ad020b79d0020625a4e8eb5428c2253a07705b71bfb809d8a3fa178032ce06""}]",confirmed_franchised_route,unresolved,U,U,not_applicable_excluded_or_unresolved,exact_route_id_and_ordered_stop_od_candidate_audit,confirmed_route_duplicate_identical,,confirmed_route_duplicate_identical
bus_ordered_stop_od_excluded_from_core_v1,KMB,"[""KMB""]",line_bus_1000239,bus_1000239_1,1000239,1,1,10000115,13333,unspecified_in_source,unspecified_in_source,unspecified_in_source,unspecified_in_source,unspecified_in_source,,HKD,excluded_published_fare_candidate_not_an_active_rule,pt_fare,,,not_encoded_in_source_revision_cutoff_only,2026-07-14,2026-07-20,,"[""gtfs:fare_rules:656209;fare_attributes:656209"",""gtfs:fare_rules:656532;fare_attributes:656532""]",data/transit/hongkong/PublicTransportGTFS/gtfs.zip::fare_rules.txt;data/transit/hongkong/PublicTransportGTFS/gtfs.zip::fare_attributes.txt,e5ad020b79d0020625a4e8eb5428c2253a07705b71bfb809d8a3fa178032ce06,2,1,duplicate_identical,"[{""currency"":""HKD"",""destination_id"":""13333"",""fare_attribute_line"":656209,""fare_attributes_source_file"":""data/transit/hongkong/PublicTransportGTFS/gtfs.zip::fare_attributes.txt"",""fare_id"":""1000239-1-3-4"",""fare_rule_line"":656209,""fare_rules_source_file"":""data/transit/hongkong/PublicTransportGTFS/gtfs.zip::fare_rules.txt"",""origin_id"":""10000115"",""price"":6.0,""route_id"":""1000239"",""source_sha256"":""e5ad020b79d0020625a4e8eb5428c2253a07705b71bfb809d8a3fa178032ce06""},{""currency"":""HKD"",""destination_id"":""13333"",""fare_attribute_line"":656532,""fare_attributes_source_file"":""data/transit/hongkong/PublicTransportGTFS/gtfs.zip::fare_attributes.txt"",""fare_id"":""1000239-2-18-19"",""fare_rule_line"":656532,""fare_rules_source_file"":""data/transit/hongkong/PublicTransportGTFS/gtfs.zip::fare_rules.txt"",""origin_id"":""10000115"",""price"":6.0,""route_id"":""1000239"",""source_sha256"":""e5ad020b79d0020625a4e8eb5428c2253a07705b71bfb809d8a3fa178032ce06""}]",confirmed_franchised_route,unresolved,U,U,not_applicable_excluded_or_unresolved,exact_route_id_and_ordered_stop_od_candidate_audit,confirmed_route_duplicate_identical,,confirmed_route_duplicate_identical
bus_ordered_stop_od_excluded_from_core_v1,KMB,"[""KMB""]",line_bus_1000239,bus_1000239_1,1000239,1,1,13333,10000109,unspecified_in_source,unspecified_in_source,unspecified_in_source,unspecified_in_source,unspecified_in_source,,HKD,excluded_published_fare_candidate_not_an_active_rule,pt_fare,,,not_encoded_in_source_revision_cutoff_only,2026-07-14,2026-07-20,,"[""gtfs:fare_rules:656225;fare_attributes:656225"",""gtfs:fare_rules:656534;fare_attributes:656534""]",data/transit/hongkong/PublicTransportGTFS/gtfs.zip::fare_rules.txt;data/transit/hongkong/PublicTransportGTFS/gtfs.zip::fare_attributes.txt,e5ad020b79d0020625a4e8eb5428c2253a07705b71bfb809d8a3fa178032ce06,2,1,duplicate_identical,"[{""currency"":""HKD"",""destination_id"":""10000109"",""fare_attribute_line"":656225,""fare_attributes_source_file"":""data/transit/hongkong/PublicTransportGTFS/gtfs.zip::fare_attributes.txt"",""fare_id"":""1000239-1-4-5"",""fare_rule_line"":656225,""fare_rules_source_file"":""data/transit/hongkong/PublicTransportGTFS/gtfs.zip::fare_rules.txt"",""origin_id"":""13333"",""price"":6.0,""route_id"":""1000239"",""source_sha256"":""e5ad020b79d0020625a4e8eb5428c2253a07705b71bfb809d8a3fa178032ce06""},{""currency"":""HKD"",""destination_id"":""10000109"",""fare_attribute_line"":656534,""fare_attributes_source_file"":""data/transit/hongkong/PublicTransportGTFS/gtfs.zip::fare_attributes.txt"",""fare_id"":""1000239-2-19-20"",""fare_rule_line"":656534,""fare_rules_source_file"":""data/transit/hongkong/PublicTransportGTFS/gtfs.zip::fare_rules.txt"",""origin_id"":""13333"",""price"":6.0,""route_id"":""1000239"",""source_sha256"":""e5ad020b79d0020625a4e8eb5428c2253a07705b71bfb809d8a3fa178032ce06""}]",confirmed_franchised_route,unresolved,U,U,not_applicable_excluded_or_unresolved,exact_route_id_and_ordered_stop_od_candidate_audit,confirmed_route_duplicate_identical,,confirmed_route_duplicate_identical
bus_ordered_stop_od_excluded_from_core_v1,KMB,"[""KMB""]",line_bus_1000239,bus_1000239_1,1000239,1,1,13336,10000109,unspecified_in_source,unspecified_in_source,unspecified_in_source,unspecified_in_source,unspecified_in_source,,HKD,excluded_published_fare_candidate_not_an_active_rule,pt_fare,,,not_encoded_in_source_revision_cutoff_only,2026-07-14,2026-07-20,,"[""gtfs:fare_rules:656194;fare_attributes:656194"",""gtfs:fare_rules:656531;fare_attributes:656531""]",data/transit/hongkong/PublicTransportGTFS/gtfs.zip::fare_rules.txt;data/transit/hongkong/PublicTransportGTFS/gtfs.zip::fare_attributes.txt,e5ad020b79d0020625a4e8eb5428c2253a07705b71bfb809d8a3fa178032ce06,2,1,duplicate_identical,"[{""currency"":""HKD"",""destination_id"":""10000109"",""fare_attribute_line"":656194,""fare_attributes_source_file"":""data/transit/hongkong/PublicTransportGTFS/gtfs.zip::fare_attributes.txt"",""fare_id"":""1000239-1-2-5"",""fare_rule_line"":656194,""fare_rules_source_file"":""data/transit/hongkong/PublicTransportGTFS/gtfs.zip::fare_rules.txt"",""origin_id"":""13336"",""price"":6.0,""route_id"":""1000239"",""source_sha256"":""e5ad020b79d0020625a4e8eb5428c2253a07705b71bfb809d8a3fa178032ce06""},{""currency"":""HKD"",""destination_id"":""10000109"",""fare_attribute_line"":656531,""fare_attributes_source_file"":""data/transit/hongkong/PublicTransportGTFS/gtfs.zip::fare_attributes.txt"",""fare_id"":""1000239-2-17-20"",""fare_rule_line"":656531,""fare_rules_source_file"":""data/transit/hongkong/PublicTransportGTFS/gtfs.zip::fare_rules.txt"",""origin_id"":""13336"",""price"":6.0,""route_id"":""1000239"",""source_sha256"":""e5ad020b79d0020625a4e8eb5428c2253a07705b71bfb809d8a3fa178032ce06""}]",confirmed_franchised_route,unresolved,U,U,not_applicable_excluded_or_unresolved,exact_route_id_and_ordered_stop_od_candidate_audit,confirmed_route_duplicate_identical,,confirmed_route_duplicate_identical
bus_ordered_stop_od_excluded_from_core_v1,KMB,"[""KMB""]",line_bus_1000239,bus_1000239_1,1000239,1,1,13336,10000115,unspecified_in_source,unspecified_in_source,unspecified_in_source,unspecified_in_source,unspecified_in_source,,HKD,excluded_published_fare_candidate_not_an_active_rule,pt_fare,,,not_encoded_in_source_revision_cutoff_only,2026-07-14,2026-07-20,,"[""gtfs:fare_rules:656192;fare_attributes:656192"",""gtfs:fare_rules:656529;fare_attributes:656529""]",data/transit/hongkong/PublicTransportGTFS/gtfs.zip::fare_rules.txt;data/transit/hongkong/PublicTransportGTFS/gtfs.zip::fare_attributes.txt,e5ad020b79d0020625a4e8eb5428c2253a07705b71bfb809d8a3fa178032ce06,2,1,duplicate_identical,"[{""currency"":""HKD"",""destination_id"":""10000115"",""fare_attribute_line"":656192,""fare_attributes_source_file"":""data/transit/hongkong/PublicTransportGTFS/gtfs.zip::fare_attributes.txt"",""fare_id"":""1000239-1-2-3"",""fare_rule_line"":656192,""fare_rules_source_file"":""data/transit/hongkong/PublicTransportGTFS/gtfs.zip::fare_rules.txt"",""origin_id"":""13336"",""price"":6.0,""route_id"":""1000239"",""source_sha256"":""e5ad020b79d0020625a4e8eb5428c2253a07705b71bfb809d8a3fa178032ce06""},{""currency"":""HKD"",""destination_id"":""10000115"",""fare_attribute_line"":656529,""fare_attributes_source_file"":""data/transit/hongkong/PublicTransportGTFS/gtfs.zip::fare_attributes.txt"",""fare_id"":""1000239-2-17-18"",""fare_rule_line"":656529,""fare_rules_source_file"":""data/transit/hongkong/PublicTransportGTFS/gtfs.zip::fare_rules.txt"",""origin_id"":""13336"",""price"":6.0,""route_id"":""1000239"",""source_sha256"":""e5ad020b79d0020625a4e8eb5428c2253a07705b71bfb809d8a3fa178032ce06""}]",confirmed_franchised_route,unresolved,U,U,not_applicable_excluded_or_unresolved,exact_route_id_and_ordered_stop_od_candidate_audit,confirmed_route_duplicate_identical,,confirmed_route_duplicate_identical
bus_ordered_stop_od_excluded_from_core_v1,KMB,"[""KMB""]",line_bus_1000239,bus_1000239_1,1000239,1,1,13336,13333,unspecified_in_source,unspecified_in_source,unspecified_in_source,unspecified_in_source,unspecified_in_source,,HKD,excluded_published_fare_candidate_not_an_active_rule,pt_fare,,,not_encoded_in_source_revision_cutoff_only,2026-07-14,2026-07-20,,"[""gtfs:fare_rules:656193;fare_attributes:656193"",""gtfs:fare_rules:656530;fare_attributes:656530""]",data/transit/hongkong/PublicTransportGTFS/gtfs.zip::fare_rules.txt;data/transit/hongkong/PublicTransportGTFS/gtfs.zip::fare_attributes.txt,e5ad020b79d0020625a4e8eb5428c2253a07705b71bfb809d8a3fa178032ce06,2,1,duplicate_identical,"[{""currency"":""HKD"",""destination_id"":""13333"",""fare_attribute_line"":656193,""fare_attributes_source_file"":""data/transit/hongkong/PublicTransportGTFS/gtfs.zip::fare_attributes.txt"",""fare_id"":""1000239-1-2-4"",""fare_rule_line"":656193,""fare_rules_source_file"":""data/transit/hongkong/PublicTransportGTFS/gtfs.zip::fare_rules.txt"",""origin_id"":""13336"",""price"":6.0,""route_id"":""1000239"",""source_sha256"":""e5ad020b79d0020625a4e8eb5428c2253a07705b71bfb809d8a3fa178032ce06""},{""currency"":""HKD"",""destination_id"":""13333"",""fare_attribute_line"":656530,""fare_attributes_source_file"":""data/transit/hongkong/PublicTransportGTFS/gtfs.zip::fare_attributes.txt"",""fare_id"":""1000239-2-17-19"",""fare_rule_line"":656530,""fare_rules_source_file"":""data/transit/hongkong/PublicTransportGTFS/gtfs.zip::fare_rules.txt"",""origin_id"":""13336"",""price"":6.0,""route_id"":""1000239"",""source_sha256"":""e5ad020b79d0020625a4e8eb5428c2253a07705b71bfb809d8a3fa178032ce06""}]",confirmed_franchised_route,unresolved,U,U,not_applicable_excluded_or_unresolved,exact_route_id_and_ordered_stop_od_candidate_audit,confirmed_route_duplicate_identical,,confirmed_route_duplicate_identical
bus_ordered_stop_od_excluded_from_core_v1,KMB,"[""KMB""]",line_bus_1000239,bus_1000239_2,1000239,2,2,10000115,10000109,unspecified_in_source,unspecified_in_source,unspecified_in_source,unspecified_in_source,unspecified_in_source,,HKD,excluded_published_fare_candidate_not_an_active_rule,pt_fare,,,not_encoded_in_source_revision_cutoff_only,2026-07-14,2026-07-20,,"[""gtfs:fare_rules:656210;fare_attributes:656210"",""gtfs:fare_rules:656533;fare_attributes:656533""]",data/transit/hongkong/PublicTransportGTFS/gtfs.zip::fare_rules.txt;data/transit/hongkong/PublicTransportGTFS/gtfs.zip::fare_attributes.txt,e5ad020b79d0020625a4e8eb5428c2253a07705b71bfb809d8a3fa178032ce06,2,1,duplicate_identical,"[{""currency"":""HKD"",""destination_id"":""10000109"",""fare_attribute_line"":656210,""fare_attributes_source_file"":""data/transit/hongkong/PublicTransportGTFS/gtfs.zip::fare_attributes.txt"",""fare_id"":""1000239-1-3-5"",""fare_rule_line"":656210,""fare_rules_source_file"":""data/transit/hongkong/PublicTransportGTFS/gtfs.zip::fare_rules.txt"",""origin_id"":""10000115"",""price"":6.0,""route_id"":""1000239"",""source_sha256"":""e5ad020b79d0020625a4e8eb5428c2253a07705b71bfb809d8a3fa178032ce06""},{""currency"":""HKD"",""destination_id"":""10000109"",""fare_attribute_line"":656533,""fare_attributes_source_file"":""data/transit/hongkong/PublicTransportGTFS/gtfs.zip::fare_attributes.txt"",""fare_id"":""1000239-2-18-20"",""fare_rule_line"":656533,""fare_rules_source_file"":""data/transit/hongkong/PublicTransportGTFS/gtfs.zip::fare_rules.txt"",""origin_id"":""10000115"",""price"":6.0,""route_id"":""1000239"",""source_sha256"":""e5ad020b79d0020625a4e8eb5428c2253a07705b71bfb809d8a3fa178032ce06""}]",confirmed_franchised_route,unresolved,U,U,not_applicable_excluded_or_unresolved,exact_route_id_and_ordered_stop_od_candidate_audit,confirmed_route_duplicate_identical,,confirmed_route_duplicate_identical
bus_ordered_stop_od_excluded_from_core_v1,KMB,"[""KMB""]",line_bus_1000239,bus_1000239_2,1000239,2,2,10000115,13333,unspecified_in_source,unspecified_in_source,unspecified_in_source,unspecified_in_source,unspecified_in_source,,HKD,excluded_published_fare_candidate_not_an_active_rule,pt_fare,,,not_encoded_in_source_revision_cutoff_only,2026-07-14,2026-07-20,,"[""gtfs:fare_rules:656209;fare_attributes:656209"",""gtfs:fare_rules:656532;fare_attributes:656532""]",data/transit/hongkong/PublicTransportGTFS/gtfs.zip::fare_rules.txt;data/transit/hongkong/PublicTransportGTFS/gtfs.zip::fare_attributes.txt,e5ad020b79d0020625a4e8eb5428c2253a07705b71bfb809d8a3fa178032ce06,2,1,duplicate_identical,"[{""currency"":""HKD"",""destination_id"":""13333"",""fare_attribute_line"":656209,""fare_attributes_source_file"":""data/transit/hongkong/PublicTransportGTFS/gtfs.zip::fare_attributes.txt"",""fare_id"":""1000239-1-3-4"",""fare_rule_line"":656209,""fare_rules_source_file"":""data/transit/hongkong/PublicTransportGTFS/gtfs.zip::fare_rules.txt"",""origin_id"":""10000115"",""price"":6.0,""route_id"":""1000239"",""source_sha256"":""e5ad020b79d0020625a4e8eb5428c2253a07705b71bfb809d8a3fa178032ce06""},{""currency"":""HKD"",""destination_id"":""13333"",""fare_attribute_line"":656532,""fare_attributes_source_file"":""data/transit/hongkong/PublicTransportGTFS/gtfs.zip::fare_attributes.txt"",""fare_id"":""1000239-2-18-19"",""fare_rule_line"":656532,""fare_rules_source_file"":""data/transit/hongkong/PublicTransportGTFS/gtfs.zip::fare_rules.txt"",""origin_id"":""10000115"",""price"":6.0,""route_id"":""1000239"",""source_sha256"":""e5ad020b79d0020625a4e8eb5428c2253a07705b71bfb809d8a3fa178032ce06""}]",confirmed_franchised_route,unresolved,U,U,not_applicable_excluded_or_unresolved,exact_route_id_and_ordered_stop_od_candidate_audit,confirmed_route_duplicate_identical,,confirmed_route_duplicate_identical
bus_ordered_stop_od_excluded_from_core_v1,KMB,"[""KMB""]",line_bus_1000239,bus_1000239_2,1000239,2,2,13333,10000109,unspecified_in_source,unspecified_in_source,unspecified_in_source,unspecified_in_source,unspecified_in_source,,HKD,excluded_published_fare_candidate_not_an_active_rule,pt_fare,,,not_encoded_in_source_revision_cutoff_only,2026-07-14,2026-07-20,,"[""gtfs:fare_rules:656225;fare_attributes:656225"",""gtfs:fare_rules:656534;fare_attributes:656534""]",data/transit/hongkong/PublicTransportGTFS/gtfs.zip::fare_rules.txt;data/transit/hongkong/PublicTransportGTFS/gtfs.zip::fare_attributes.txt,e5ad020b79d0020625a4e8eb5428c2253a07705b71bfb809d8a3fa178032ce06,2,1,duplicate_identical,"[{""currency"":""HKD"",""destination_id"":""10000109"",""fare_attribute_line"":656225,""fare_attributes_source_file"":""data/transit/hongkong/PublicTransportGTFS/gtfs.zip::fare_attributes.txt"",""fare_id"":""1000239-1-4-5"",""fare_rule_line"":656225,""fare_rules_source_file"":""data/transit/hongkong/PublicTransportGTFS/gtfs.zip::fare_rules.txt"",""origin_id"":""13333"",""price"":6.0,""route_id"":""1000239"",""source_sha256"":""e5ad020b79d0020625a4e8eb5428c2253a07705b71bfb809d8a3fa178032ce06""},{""currency"":""HKD"",""destination_id"":""10000109"",""fare_attribute_line"":656534,""fare_attributes_source_file"":""data/transit/hongkong/PublicTransportGTFS/gtfs.zip::fare_attributes.txt"",""fare_id"":""1000239-2-19-20"",""fare_rule_line"":656534,""fare_rules_source_file"":""data/transit/hongkong/PublicTransportGTFS/gtfs.zip::fare_rules.txt"",""origin_id"":""13333"",""price"":6.0,""route_id"":""1000239"",""source_sha256"":""e5ad020b79d0020625a4e8eb5428c2253a07705b71bfb809d8a3fa178032ce06""}]",confirmed_franchised_route,unresolved,U,U,not_applicable_excluded_or_unresolved,exact_route_id_and_ordered_stop_od_candidate_audit,confirmed_route_duplicate_identical,,confirmed_route_duplicate_identical
bus_ordered_stop_od_excluded_from_core_v1,KMB,"[""KMB""]",line_bus_1000239,bus_1000239_2,1000239,2,2,13336,10000109,unspecified_in_source,unspecified_in_source,unspecified_in_source,unspecified_in_source,unspecified_in_source,,HKD,excluded_published_fare_candidate_not_an_active_rule,pt_fare,,,not_encoded_in_source_revision_cutoff_only,2026-07-14,2026-07-20,,"[""gtfs:fare_rules:656194;fare_attributes:656194"",""gtfs:fare_rules:656531;fare_attributes:656531""]",data/transit/hongkong/PublicTransportGTFS/gtfs.zip::fare_rules.txt;data/transit/hongkong/PublicTransportGTFS/gtfs.zip::fare_attributes.txt,e5ad020b79d0020625a4e8eb5428c2253a07705b71bfb809d8a3fa178032ce06,2,1,duplicate_identical,"[{""currency"":""HKD"",""destination_id"":""10000109"",""fare_attribute_line"":656194,""fare_attributes_source_file"":""data/transit/hongkong/PublicTransportGTFS/gtfs.zip::fare_attributes.txt"",""fare_id"":""1000239-1-2-5"",""fare_rule_line"":656194,""fare_rules_source_file"":""data/transit/hongkong/PublicTransportGTFS/gtfs.zip::fare_rules.txt"",""origin_id"":""13336"",""price"":6.0,""route_id"":""1000239"",""source_sha256"":""e5ad020b79d0020625a4e8eb5428c2253a07705b71bfb809d8a3fa178032ce06""},{""currency"":""HKD"",""destination_id"":""10000109"",""fare_attribute_line"":656531,""fare_attributes_source_file"":""data/transit/hongkong/PublicTransportGTFS/gtfs.zip::fare_attributes.txt"",""fare_id"":""1000239-2-17-20"",""fare_rule_line"":656531,""fare_rules_source_file"":""data/transit/hongkong/PublicTransportGTFS/gtfs.zip::fare_rules.txt"",""origin_id"":""13336"",""price"":6.0,""route_id"":""1000239"",""source_sha256"":""e5ad020b79d0020625a4e8eb5428c2253a07705b71bfb809d8a3fa178032ce06""}]",confirmed_franchised_route,unresolved,U,U,not_applicable_excluded_or_unresolved,exact_route_id_and_ordered_stop_od_candidate_audit,confirmed_route_duplicate_identical,,confirmed_route_duplicate_identical
bus_ordered_stop_od_excluded_from_core_v1,KMB,"[""KMB""]",line_bus_1000239,bus_1000239_2,1000239,2,2,13336,10000115,unspecified_in_source,unspecified_in_source,unspecified_in_source,unspecified_in_source,unspecified_in_source,,HKD,excluded_published_fare_candidate_not_an_active_rule,pt_fare,,,not_encoded_in_source_revision_cutoff_only,2026-07-14,2026-07-20,,"[""gtfs:fare_rules:656192;fare_attributes:656192"",""gtfs:fare_rules:656529;fare_attributes:656529""]",data/transit/hongkong/PublicTransportGTFS/gtfs.zip::fare_rules.txt;data/transit/hongkong/PublicTransportGTFS/gtfs.zip::fare_attributes.txt,e5ad020b79d0020625a4e8eb5428c2253a07705b71bfb809d8a3fa178032ce06,2,1,duplicate_identical,"[{""currency"":""HKD"",""destination_id"":""10000115"",""fare_attribute_line"":656192,""fare_attributes_source_file"":""data/transit/hongkong/PublicTransportGTFS/gtfs.zip::fare_attributes.txt"",""fare_id"":""1000239-1-2-3"",""fare_rule_line"":656192,""fare_rules_source_file"":""data/transit/hongkong/PublicTransportGTFS/gtfs.zip::fare_rules.txt"",""origin_id"":""13336"",""price"":6.0,""route_id"":""1000239"",""source_sha256"":""e5ad020b79d0020625a4e8eb5428c2253a07705b71bfb809d8a3fa178032ce06""},{""currency"":""HKD"",""destination_id"":""10000115"",""fare_attribute_line"":656529,""fare_attributes_source_file"":""data/transit/hongkong/PublicTransportGTFS/gtfs.zip::fare_attributes.txt"",""fare_id"":""1000239-2-17-18"",""fare_rule_line"":656529,""fare_rules_source_file"":""data/transit/hongkong/PublicTransportGTFS/gtfs.zip::fare_rules.txt"",""origin_id"":""13336"",""price"":6.0,""route_id"":""1000239"",""source_sha256"":""e5ad020b79d0020625a4e8eb5428c2253a07705b71bfb809d8a3fa178032ce06""}]",confirmed_franchised_route,unresolved,U,U,not_applicable_excluded_or_unresolved,exact_route_id_and_ordered_stop_od_candidate_audit,confirmed_route_duplicate_identical,,confirmed_route_duplicate_identical
bus_ordered_stop_od_excluded_from_core_v1,KMB,"[""KMB""]",line_bus_1000239,bus_1000239_2,1000239,2,2,13336,13333,unspecified_in_source,unspecified_in_source,unspecified_in_source,unspecified_in_source,unspecified_in_source,,HKD,excluded_published_fare_candidate_not_an_active_rule,pt_fare,,,not_encoded_in_source_revision_cutoff_only,2026-07-14,2026-07-20,,"[""gtfs:fare_rules:656193;fare_attributes:656193"",""gtfs:fare_rules:656530;fare_attributes:656530""]",data/transit/hongkong/PublicTransportGTFS/gtfs.zip::fare_rules.txt;data/transit/hongkong/PublicTransportGTFS/gtfs.zip::fare_attributes.txt,e5ad020b79d0020625a4e8eb5428c2253a07705b71bfb809d8a3fa178032ce06,2,1,duplicate_identical,"[{""currency"":""HKD"",""destination_id"":""13333"",""fare_attribute_line"":656193,""fare_attributes_source_file"":""data/transit/hongkong/PublicTransportGTFS/gtfs.zip::fare_attributes.txt"",""fare_id"":""1000239-1-2-4"",""fare_rule_line"":656193,""fare_rules_source_file"":""data/transit/hongkong/PublicTransportGTFS/gtfs.zip::fare_rules.txt"",""origin_id"":""13336"",""price"":6.0,""route_id"":""1000239"",""source_sha256"":""e5ad020b79d0020625a4e8eb5428c2253a07705b71bfb809d8a3fa178032ce06""},{""currency"":""HKD"",""destination_id"":""13333"",""fare_attribute_line"":656530,""fare_attributes_source_file"":""data/transit/hongkong/PublicTransportGTFS/gtfs.zip::fare_attributes.txt"",""fare_id"":""1000239-2-17-19"",""fare_rule_line"":656530,""fare_rules_source_file"":""data/transit/hongkong/PublicTransportGTFS/gtfs.zip::fare_rules.txt"",""origin_id"":""13336"",""price"":6.0,""route_id"":""1000239"",""source_sha256"":""e5ad020b79d0020625a4e8eb5428c2253a07705b71bfb809d8a3fa178032ce06""}]",confirmed_franchised_route,unresolved,U,U,not_applicable_excluded_or_unresolved,exact_route_id_and_ordered_stop_od_candidate_audit,confirmed_route_duplicate_identical,,confirmed_route_duplicate_identical
bus_ordered_stop_od_excluded_from_core_v1,CTB,"[""CTB""]",line_bus_1000243,bus_1000243_2,1000243,2,2,10000065,10000011,unspecified_in_source,unspecified_in_source,unspecified_in_source,unspecified_in_source,unspecified_in_source,,HKD,excluded_published_fare_candidate_not_an_active_rule,pt_fare,,,not_encoded_in_source_revision_cutoff_only,2026-07-14,2026-07-20,,"[""gtfs:fare_rules:657886;fare_attributes:657886"",""gtfs:fare_rules:657890;fare_attributes:657890""]",data/transit/hongkong/PublicTransportGTFS/gtfs.zip::fare_rules.txt;data/transit/hongkong/PublicTransportGTFS/gtfs.zip::fare_attributes.txt,e5ad020b79d0020625a4e8eb5428c2253a07705b71bfb809d8a3fa178032ce06,2,1,duplicate_identical,"[{""currency"":""HKD"",""destination_id"":""10000011"",""fare_attribute_line"":657886,""fare_attributes_source_file"":""data/transit/hongkong/PublicTransportGTFS/gtfs.zip::fare_attributes.txt"",""fare_id"":""1000243-2-2-24"",""fare_rule_line"":657886,""fare_rules_source_file"":""data/transit/hongkong/PublicTransportGTFS/gtfs.zip::fare_rules.txt"",""origin_id"":""10000065"",""price"":17.7,""route_id"":""1000243"",""source_sha256"":""e5ad020b79d0020625a4e8eb5428c2253a07705b71bfb809d8a3fa178032ce06""},{""currency"":""HKD"",""destination_id"":""10000011"",""fare_attribute_line"":657890,""fare_attributes_source_file"":""data/transit/hongkong/PublicTransportGTFS/gtfs.zip::fare_attributes.txt"",""fare_id"":""1000243-2-2-28"",""fare_rule_line"":657890,""fare_rules_source_file"":""data/transit/hongkong/PublicTransportGTFS/gtfs.zip::fare_rules.txt"",""origin_id"":""10000065"",""price"":17.7,""route_id"":""1000243"",""source_sha256"":""e5ad020b79d0020625a4e8eb5428c2253a07705b71bfb809d8a3fa178032ce06""}]",confirmed_franchised_route,unresolved,U,U,not_applicable_excluded_or_unresolved,exact_route_id_and_ordered_stop_od_candidate_audit,confirmed_route_duplicate_identical,,confirmed_route_duplicate_identical
bus_ordered_stop_od_excluded_from_core_v1,CTB,"[""CTB""]",line_bus_1000243,bus_1000243_2,1000243,2,2,12481,10000011,unspecified_in_source,unspecified_in_source,unspecified_in_source,unspecified_in_source,unspecified_in_source,,HKD,excluded_published_fare_candidate_not_an_active_rule,pt_fare,,,not_encoded_in_source_revision_cutoff_only,2026-07-14,2026-07-20,,"[""gtfs:fare_rules:657958;fare_attributes:657958"",""gtfs:fare_rules:657962;fare_attributes:657962""]",data/transit/hongkong/PublicTransportGTFS/gtfs.zip::fare_rules.txt;data/transit/hongkong/PublicTransportGTFS/gtfs.zip::fare_attributes.txt,e5ad020b79d0020625a4e8eb5428c2253a07705b71bfb809d8a3fa178032ce06,2,1,duplicate_identical,"[{""currency"":""HKD"",""destination_id"":""10000011"",""fare_attribute_line"":657958,""fare_attributes_source_file"":""data/transit/hongkong/PublicTransportGTFS/gtfs.zip::fare_attributes.txt"",""fare_id"":""1000243-2-5-24"",""fare_rule_line"":657958,""fare_rules_source_file"":""data/transit/hongkong/PublicTransportGTFS/gtfs.zip::fare_rules.txt"",""origin_id"":""12481"",""price"":17.7,""route_id"":""1000243"",""source_sha256"":""e5ad020b79d0020625a4e8eb5428c2253a07705b71bfb809d8a3fa178032ce06""},{""currency"":""HKD"",""destination_id"":""10000011"",""fare_attribute_line"":657962,""fare_attributes_source_file"":""data/transit/hongkong/PublicTransportGTFS/gtfs.zip::fare_attributes.txt"",""fare_id"":""1000243-2-5-28"",""fare_rule_line"":657962,""fare_rules_source_file"":""data/transit/hongkong/PublicTransportGTFS/gtfs.zip::fare_rules.txt"",""origin_id"":""12481"",""price"":17.7,""route_id"":""1000243"",""source_sha256"":""e5ad020b79d0020625a4e8eb5428c2253a07705b71bfb809d8a3fa178032ce06""}]",confirmed_franchised_route,unresolved,U,U,not_applicable_excluded_or_unresolved,exact_route_id_and_ordered_stop_od_candidate_audit,confirmed_route_duplicate_identical,,confirmed_route_duplicate_identical
bus_ordered_stop_od_excluded_from_core_v1,CTB,"[""CTB""]",line_bus_1000243,bus_1000243_2,1000243,2,2,12939,10000011,unspecified_in_source,unspecified_in_source,unspecified_in_source,unspecified_in_source,unspecified_in_source,,HKD,excluded_published_fare_candidate_not_an_active_rule,pt_fare,,,not_encoded_in_source_revision_cutoff_only,2026-07-14,2026-07-20,,"[""gtfs:fare_rules:657935;fare_attributes:657935"",""gtfs:fare_rules:657939;fare_attributes:657939""]",data/transit/hongkong/PublicTransportGTFS/gtfs.zip::fare_rules.txt;data/transit/hongkong/PublicTransportGTFS/gtfs.zip::fare_attributes.txt,e5ad020b79d0020625a4e8eb5428c2253a07705b71bfb809d8a3fa178032ce06,2,1,duplicate_identical,"[{""currency"":""HKD"",""destination_id"":""10000011"",""fare_attribute_line"":657935,""fare_attributes_source_file"":""data/transit/hongkong/PublicTransportGTFS/gtfs.zip::fare_attributes.txt"",""fare_id"":""1000243-2-4-24"",""fare_rule_line"":657935,""fare_rules_source_file"":""data/transit/hongkong/PublicTransportGTFS/gtfs.zip::fare_rules.txt"",""origin_id"":""12939"",""price"":17.7,""route_id"":""1000243"",""source_sha256"":""e5ad020b79d0020625a4e8eb5428c2253a07705b71bfb809d8a3fa178032ce06""},{""currency"":""HKD"",""destination_id"":""10000011"",""fare_attribute_line"":657939,""fare_attributes_source_file"":""data/transit/hongkong/PublicTransportGTFS/gtfs.zip::fare_attributes.txt"",""fare_id"":""1000243-2-4-28"",""fare_rule_line"":657939,""fare_rules_source_file"":""data/transit/hongkong/PublicTransportGTFS/gtfs.zip::fare_rules.txt"",""origin_id"":""12939"",""price"":17.7,""route_id"":""1000243"",""source_sha256"":""e5ad020b79d0020625a4e8eb5428c2253a07705b71bfb809d8a3fa178032ce06""}]",confirmed_franchised_route,unresolved,U,U,not_applicable_excluded_or_unresolved,exact_route_id_and_ordered_stop_od_candidate_audit,confirmed_route_duplicate_identical,,confirmed_route_duplicate_identical
bus_ordered_stop_od_excluded_from_core_v1,CTB,"[""CTB""]",line_bus_1000243,bus_1000243_2,1000243,2,2,12959,10000011,unspecified_in_source,unspecified_in_source,unspecified_in_source,unspecified_in_source,unspecified_in_source,,HKD,excluded_published_fare_candidate_not_an_active_rule,pt_fare,,,not_encoded_in_source_revision_cutoff_only,2026-07-14,2026-07-20,,"[""gtfs:fare_rules:658190;fare_attributes:658190"",""gtfs:fare_rules:658194;fare_attributes:658194""]",data/transit/hongkong/PublicTransportGTFS/gtfs.zip::fare_rules.txt;data/transit/hongkong/PublicTransportGTFS/gtfs.zip::fare_attributes.txt,e5ad020b79d0020625a4e8eb5428c2253a07705b71bfb809d8a3fa178032ce06,2,1,duplicate_identical,"[{""currency"":""HKD"",""destination_id"":""10000011"",""fare_attribute_line"":658190,""fare_attributes_source_file"":""data/transit/hongkong/PublicTransportGTFS/gtfs.zip::fare_attributes.txt"",""fare_id"":""1000243-2-21-24"",""fare_rule_line"":658190,""fare_rules_source_file"":""data/transit/hongkong/PublicTransportGTFS/gtfs.zip::fare_rules.txt"",""origin_id"":""12959"",""price"":5.6,""route_id"":""1000243"",""source_sha256"":""e5ad020b79d0020625a4e8eb5428c2253a07705b71bfb809d8a3fa178032ce06""},{""currency"":""HKD"",""destination_id"":""10000011"",""fare_attribute_line"":658194,""fare_attributes_source_file"":""data/transit/hongkong/PublicTransportGTFS/gtfs.zip::fare_attributes.txt"",""fare_id"":""1000243-2-21-28"",""fare_rule_line"":658194,""fare_rules_source_file"":""data/transit/hongkong/PublicTransportGTFS/gtfs.zip::fare_rules.txt"",""origin_id"":""12959"",""price"":5.6,""route_id"":""1000243"",""source_sha256"":""e5ad020b79d0020625a4e8eb5428c2253a07705b71bfb809d8a3fa178032ce06""}]",confirmed_franchised_route,unresolved,U,U,not_applicable_excluded_or_unresolved,exact_route_id_and_ordered_stop_od_candidate_audit,confirmed_route_duplicate_identical,,confirmed_route_duplicate_identical
bus_ordered_stop_od_excluded_from_core_v1,CTB,"[""CTB""]",line_bus_1000243,bus_1000243_2,1000243,2,2,13057,10000011,unspecified_in_source,unspecified_in_source,unspecified_in_source,unspecified_in_source,unspecified_in_source,,HKD,excluded_published_fare_candidate_not_an_active_rule,pt_fare,,,not_encoded_in_source_revision_cutoff_only,2026-07-14,2026-07-20,,"[""gtfs:fare_rules:658196;fare_attributes:658196"",""gtfs:fare_rules:658200;fare_attributes:658200""]",data/transit/hongkong/PublicTransportGTFS/gtfs.zip::fare_rules.txt;data/transit/hongkong/PublicTransportGTFS/gtfs.zip::fare_attributes.txt,e5ad020b79d0020625a4e8eb5428c2253a07705b71bfb809d8a3fa178032ce06,2,1,duplicate_identical,"[{""currency"":""HKD"",""destination_id"":""10000011"",""fare_attribute_line"":658196,""fare_attributes_source_file"":""data/transit/hongkong/PublicTransportGTFS/gtfs.zip::fare_attributes.txt"",""fare_id"":""1000243-2-22-24"",""fare_rule_line"":658196,""fare_rules_source_file"":""data/transit/hongkong/PublicTransportGTFS/gtfs.zip::fare_rules.txt"",""origin_id"":""13057"",""price"":5.6,""route_id"":""1000243"",""source_sha256"":""e5ad020b79d0020625a4e8eb5428c2253a07705b71bfb809d8a3fa178032ce06""},{""currency"":""HKD"",""destination_id"":""10000011"",""fare_attribute_line"":658200,""fare_attributes_source_file"":""data/transit/hongkong/PublicTransportGTFS/gtfs.zip::fare_attributes.txt"",""fare_id"":""1000243-2-22-28"",""fare_rule_line"":658200,""fare_rules_source_file"":""data/transit/hongkong/PublicTransportGTFS/gtfs.zip::fare_rules.txt"",""origin_id"":""13057"",""price"":5.6,""route_id"":""1000243"",""source_sha256"":""e5ad020b79d0020625a4e8eb5428c2253a07705b71bfb809d8a3fa178032ce06""}]",confirmed_franchised_route,unresolved,U,U,not_applicable_excluded_or_unresolved,exact_route_id_and_ordered_stop_od_candidate_audit,confirmed_route_duplicate_identical,,confirmed_route_duplicate_identical
bus_ordered_stop_od_excluded_from_core_v1,CTB,"[""CTB""]",line_bus_1000243,bus_1000243_2,1000243,2,2,13102,10000011,unspecified_in_source,unspecified_in_source,unspecified_in_source,unspecified_in_source,unspecified_in_source,,HKD,excluded_published_fare_candidate_not_an_active_rule,pt_fare,,,not_encoded_in_source_revision_cutoff_only,2026-07-14,2026-07-20,,"[""gtfs:fare_rules:658166;fare_attributes:658166"",""gtfs:fare_rules:658170;fare_attributes:658170""]",data/transit/hongkong/PublicTransportGTFS/gtfs.zip::fare_rules.txt;data/transit/hongkong/PublicTransportGTFS/gtfs.zip::fare_attributes.txt,e5ad020b79d0020625a4e8eb5428c2253a07705b71bfb809d8a3fa178032ce06,2,1,duplicate_identical,"[{""currency"":""HKD"",""destination_id"":""10000011"",""fare_attribute_line"":658166,""fare_attributes_source_file"":""data/transit/hongkong/PublicTransportGTFS/gtfs.zip::fare_attributes.txt"",""fare_id"":""1000243-2-18-24"",""fare_rule_line"":658166,""fare_rules_source_file"":""data/transit/hongkong/PublicTransportGTFS/gtfs.zip::fare_rules.txt"",""origin_id"":""13102"",""price"":10.8,""route_id"":""1000243"",""source_sha256"":""e5ad020b79d0020625a4e8eb5428c2253a07705b71bfb809d8a3fa178032ce06""},{""currency"":""HKD"",""destination_id"":""10000011"",""fare_attribute_line"":658170,""fare_attributes_source_file"":""data/transit/hongkong/PublicTransportGTFS/gtfs.zip::fare_attributes.txt"",""fare_id"":""1000243-2-18-28"",""fare_rule_line"":658170,""fare_rules_source_file"":""data/transit/hongkong/PublicTransportGTFS/gtfs.zip::fare_rules.txt"",""origin_id"":""13102"",""price"":10.8,""route_id"":""1000243"",""source_sha256"":""e5ad020b79d0020625a4e8eb5428c2253a07705b71bfb809d8a3fa178032ce06""}]",confirmed_franchised_route,unresolved,U,U,not_applicable_excluded_or_unresolved,exact_route_id_and_ordered_stop_od_candidate_audit,confirmed_route_duplicate_identical,,confirmed_route_duplicate_identical
bus_ordered_stop_od_excluded_from_core_v1,CTB,"[""CTB""]",line_bus_1000243,bus_1000243_2,1000243,2,2,1317,10000011,unspecified_in_source,unspecified_in_source,unspecified_in_source,unspecified_in_source,unspecified_in_source,,HKD,excluded_published_fare_candidate_not_an_active_rule,pt_fare,,,not_encoded_in_source_revision_cutoff_only,2026-07-14,2026-07-20,,"[""gtfs:fare_rules:658120;fare_attributes:658120"",""gtfs:fare_rules:658124;fare_attributes:658124""]",data/transit/hongkong/PublicTransportGTFS/gtfs.zip::fare_rules.txt;data/transit/hongkong/PublicTransportGTFS/gtfs.zip::fare_attributes.txt,e5ad020b79d0020625a4e8eb5428c2253a07705b71bfb809d8a3fa178032ce06,2,1,duplicate_identical,"[{""currency"":""HKD"",""destination_id"":""10000011"",""fare_attribute_line"":658120,""fare_attributes_source_file"":""data/transit/hongkong/PublicTransportGTFS/gtfs.zip::fare_attributes.txt"",""fare_id"":""1000243-2-14-24"",""fare_rule_line"":658120,""fare_rules_source_file"":""data/transit/hongkong/PublicTransportGTFS/gtfs.zip::fare_rules.txt"",""origin_id"":""1317"",""price"":17.7,""route_id"":""1000243"",""source_sha256"":""e5ad020b79d0020625a4e8eb5428c2253a07705b71bfb809d8a3fa178032ce06""},{""currency"":""HKD"",""destination_id"":""10000011"",""fare_attribute_line"":658124,""fare_attributes_source_file"":""data/transit/hongkong/PublicTransportGTFS/gtfs.zip::fare_attributes.txt"",""fare_id"":""1000243-2-14-28"",""fare_rule_line"":658124,""fare_rules_source_file"":""data/transit/hongkong/PublicTransportGTFS/gtfs.zip::fare_rules.txt"",""origin_id"":""1317"",""price"":17.7,""route_id"":""1000243"",""source_sha256"":""e5ad020b79d0020625a4e8eb5428c2253a07705b71bfb809d8a3fa178032ce06""}]",confirmed_franchised_route,unresolved,U,U,not_applicable_excluded_or_unresolved,exact_route_id_and_ordered_stop_od_candidate_audit,confirmed_route_duplicate_identical,,confirmed_route_duplicate_identical
bus_ordered_stop_od_excluded_from_core_v1,CTB,"[""CTB""]",line_bus_1000243,bus_1000243_2,1000243,2,2,13338,10000011,unspecified_in_source,unspecified_in_source,unspecified_in_source,unspecified_in_source,unspecified_in_source,,HKD,excluded_published_fare_candidate_not_an_active_rule,pt_fare,,,not_encoded_in_source_revision_cutoff_only,2026-07-14,2026-07-20,,"[""gtfs:fare_rules:658201;fare_attributes:658201"",""gtfs:fare_rules:658205;fare_attributes:658205""]",data/transit/hongkong/PublicTransportGTFS/gtfs.zip::fare_rules.txt;data/transit/hongkong/PublicTransportGTFS/gtfs.zip::fare_attributes.txt,e5ad020b79d0020625a4e8eb5428c2253a07705b71bfb809d8a3fa178032ce06,2,1,duplicate_identical,"[{""currency"":""HKD"",""destination_id"":""10000011"",""fare_attribute_line"":658201,""fare_attributes_source_file"":""data/transit/hongkong/PublicTransportGTFS/gtfs.zip::fare_attributes.txt"",""fare_id"":""1000243-2-23-24"",""fare_rule_line"":658201,""fare_rules_source_file"":""data/transit/hongkong/PublicTransportGTFS/gtfs.zip::fare_rules.txt"",""origin_id"":""13338"",""price"":5.6,""route_id"":""1000243"",""source_sha256"":""e5ad020b79d0020625a4e8eb5428c2253a07705b71bfb809d8a3fa178032ce06""},{""currency"":""HKD"",""destination_id"":""10000011"",""fare_attribute_line"":658205,""fare_attributes_source_file"":""data/transit/hongkong/PublicTransportGTFS/gtfs.zip::fare_attributes.txt"",""fare_id"":""1000243-2-23-28"",""fare_rule_line"":658205,""fare_rules_source_file"":""data/transit/hongkong/PublicTransportGTFS/gtfs.zip::fare_rules.txt"",""origin_id"":""13338"",""price"":5.6,""route_id"":""1000243"",""source_sha256"":""e5ad020b79d0020625a4e8eb5428c2253a07705b71bfb809d8a3fa178032ce06""}]",confirmed_franchised_route,unresolved,U,U,not_applicable_excluded_or_unresolved,exact_route_id_and_ordered_stop_od_candidate_audit,confirmed_route_duplicate_identical,,confirmed_route_duplicate_identical
bus_ordered_stop_od_excluded_from_core_v1,CTB,"[""CTB""]",line_bus_1000243,bus_1000243_2,1000243,2,2,1343,10000011,unspecified_in_source,unspecified_in_source,unspecified_in_source,unspecified_in_source,unspecified_in_source,,HKD,excluded_published_fare_candidate_not_an_active_rule,pt_fare,,,not_encoded_in_source_revision_cutoff_only,2026-07-14,2026-07-20,,"[""gtfs:fare_rules:658133;fare_attributes:658133"",""gtfs:fare_rules:658137;fare_attributes:658137""]",data/transit/hongkong/PublicTransportGTFS/gtfs.zip::fare_rules.txt;data/transit/hongkong/PublicTransportGTFS/gtfs.zip::fare_attributes.txt,e5ad020b79d0020625a4e8eb5428c2253a07705b71bfb809d8a3fa178032ce06,2,1,duplicate_identical,"[{""currency"":""HKD"",""destination_id"":""10000011"",""fare_attribute_line"":658133,""fare_attributes_source_file"":""data/transit/hongkong/PublicTransportGTFS/gtfs.zip::fare_attributes.txt"",""fare_id"":""1000243-2-15-24"",""fare_rule_line"":658133,""fare_rules_source_file"":""data/transit/hongkong/PublicTransportGTFS/gtfs.zip::fare_rules.txt"",""origin_id"":""1343"",""price"":17.7,""route_id"":""1000243"",""source_sha256"":""e5ad020b79d0020625a4e8eb5428c2253a07705b71bfb809d8a3fa178032ce06""},{""currency"":""HKD"",""destination_id"":""10000011"",""fare_attribute_line"":658137,""fare_attributes_source_file"":""data/transit/hongkong/PublicTransportGTFS/gtfs.zip::fare_attributes.txt"",""fare_id"":""1000243-2-15-28"",""fare_rule_line"":658137,""fare_rules_source_file"":""data/transit/hongkong/PublicTransportGTFS/gtfs.zip::fare_rules.txt"",""origin_id"":""1343"",""price"":17.7,""route_id"":""1000243"",""source_sha256"":""e5ad020b79d0020625a4e8eb5428c2253a07705b71bfb809d8a3fa178032ce06""}]",confirmed_franchised_route,unresolved,U,U,not_applicable_excluded_or_unresolved,exact_route_id_and_ordered_stop_od_candidate_audit,confirmed_route_duplicate_identical,,confirmed_route_duplicate_identical
bus_ordered_stop_od_excluded_from_core_v1,CTB,"[""CTB""]",line_bus_1000243,bus_1000243_2,1000243,2,2,4028,10000011,unspecified_in_source,unspecified_in_source,unspecified_in_source,unspecified_in_source,unspecified_in_source,,HKD,excluded_published_fare_candidate_not_an_active_rule,pt_fare,,,not_encoded_in_source_revision_cutoff_only,2026-07-14,2026-07-20,,"[""gtfs:fare_rules:658058;fare_attributes:658058"",""gtfs:fare_rules:658062;fare_attributes:658062""]",data/transit/hongkong/PublicTransportGTFS/gtfs.zip::fare_rules.txt;data/transit/hongkong/PublicTransportGTFS/gtfs.zip::fare_attributes.txt,e5ad020b79d0020625a4e8eb5428c2253a07705b71bfb809d8a3fa178032ce06,2,1,duplicate_identical,"[{""currency"":""HKD"",""destination_id"":""10000011"",""fare_attribute_line"":658058,""fare_attributes_source_file"":""data/transit/hongkong/PublicTransportGTFS/gtfs.zip::fare_attributes.txt"",""fare_id"":""1000243-2-10-24"",""fare_rule_line"":658058,""fare_rules_source_file"":""data/transit/hongkong/PublicTransportGTFS/gtfs.zip::fare_rules.txt"",""origin_id"":""4028"",""price"":17.7,""route_id"":""1000243"",""source_sha256"":""e5ad020b79d0020625a4e8eb5428c2253a07705b71bfb809d8a3fa178032ce06""},{""currency"":""HKD"",""destination_id"":""10000011"",""fare_attribute_line"":658062,""fare_attributes_source_file"":""data/transit/hongkong/PublicTransportGTFS/gtfs.zip::fare_attributes.txt"",""fare_id"":""1000243-2-10-28"",""fare_rule_line"":658062,""fare_rules_source_file"":""data/transit/hongkong/PublicTransportGTFS/gtfs.zip::fare_rules.txt"",""origin_id"":""4028"",""price"":17.7,""route_id"":""1000243"",""source_sha256"":""e5ad020b79d0020625a4e8eb5428c2253a07705b71bfb809d8a3fa178032ce06""}]",confirmed_franchised_route,unresolved,U,U,not_applicable_excluded_or_unresolved,exact_route_id_and_ordered_stop_od_candidate_audit,confirmed_route_duplicate_identical,,confirmed_route_duplicate_identical
bus_ordered_stop_od_excluded_from_core_v1,CTB,"[""CTB""]",line_bus_1000243,bus_1000243_2,1000243,2,2,4050,10000011,unspecified_in_source,unspecified_in_source,unspecified_in_source,unspecified_in_source,unspecified_in_source,,HKD,excluded_published_fare_candidate_not_an_active_rule,pt_fare,,,not_encoded_in_source_revision_cutoff_only,2026-07-14,2026-07-20,,"[""gtfs:fare_rules:658001;fare_attributes:658001"",""gtfs:fare_rules:658005;fare_attributes:658005""]",data/transit/hongkong/PublicTransportGTFS/gtfs.zip::fare_rules.txt;data/transit/hongkong/PublicTransportGTFS/gtfs.zip::fare_attributes.txt,e5ad020b79d0020625a4e8eb5428c2253a07705b71bfb809d8a3fa178032ce06,2,1,duplicate_identical,"[{""currency"":""HKD"",""destination_id"":""10000011"",""fare_attribute_line"":658001,""fare_attributes_source_file"":""data/transit/hongkong/PublicTransportGTFS/gtfs.zip::fare_attributes.txt"",""fare_id"":""1000243-2-7-24"",""fare_rule_line"":658001,""fare_rules_source_file"":""data/transit/hongkong/PublicTransportGTFS/gtfs.zip::fare_rules.txt"",""origin_id"":""4050"",""price"":17.7,""route_id"":""1000243"",""source_sha256"":""e5ad020b79d0020625a4e8eb5428c2253a07705b71bfb809d8a3fa178032ce06""},{""currency"":""HKD"",""destination_id"":""10000011"",""fare_attribute_line"":658005,""fare_attributes_source_file"":""data/transit/hongkong/PublicTransportGTFS/gtfs.zip::fare_attributes.txt"",""fare_id"":""1000243-2-7-28"",""fare_rule_line"":658005,""fare_rules_source_file"":""data/transit/hongkong/PublicTransportGTFS/gtfs.zip::fare_rules.txt"",""origin_id"":""4050"",""price"":17.7,""route_id"":""1000243"",""source_sha256"":""e5ad020b79d0020625a4e8eb5428c2253a07705b71bfb809d8a3fa178032ce06""}]",confirmed_franchised_route,unresolved,U,U,not_applicable_excluded_or_unresolved,exact_route_id_and_ordered_stop_od_candidate_audit,confirmed_route_duplicate_identical,,confirmed_route_duplicate_identical
bus_ordered_stop_od_excluded_from_core_v1,CTB,"[""CTB""]",line_bus_1000243,bus_1000243_2,1000243,2,2,4053,10000011,unspecified_in_source,unspecified_in_source,unspecified_in_source,unspecified_in_source,unspecified_in_source,,HKD,excluded_published_fare_candidate_not_an_active_rule,pt_fare,,,not_encoded_in_source_revision_cutoff_only,2026-07-14,2026-07-20,,"[""gtfs:fare_rules:658075;fare_attributes:658075"",""gtfs:fare_rules:658079;fare_attributes:658079""]",data/transit/hongkong/PublicTransportGTFS/gtfs.zip::fare_rules.txt;data/transit/hongkong/PublicTransportGTFS/gtfs.zip::fare_attributes.txt,e5ad020b79d0020625a4e8eb5428c2253a07705b71bfb809d8a3fa178032ce06,2,1,duplicate_identical,"[{""currency"":""HKD"",""destination_id"":""10000011"",""fare_attribute_line"":658075,""fare_attributes_source_file"":""data/transit/hongkong/PublicTransportGTFS/gtfs.zip::fare_attributes.txt"",""fare_id"":""1000243-2-11-24"",""fare_rule_line"":658075,""fare_rules_source_file"":""data/transit/hongkong/PublicTransportGTFS/gtfs.zip::fare_rules.txt"",""origin_id"":""4053"",""price"":17.7,""route_id"":""1000243"",""source_sha256"":""e5ad020b79d0020625a4e8eb5428c2253a07705b71bfb809d8a3fa178032ce06""},{""currency"":""HKD"",""destination_id"":""10000011"",""fare_attribute_line"":658079,""fare_attributes_source_file"":""data/transit/hongkong/PublicTransportGTFS/gtfs.zip::fare_attributes.txt"",""fare_id"":""1000243-2-11-28"",""fare_rule_line"":658079,""fare_rules_source_file"":""data/transit/hongkong/PublicTransportGTFS/gtfs.zip::fare_rules.txt"",""origin_id"":""4053"",""price"":17.7,""route_id"":""1000243"",""source_sha256"":""e5ad020b79d0020625a4e8eb5428c2253a07705b71bfb809d8a3fa178032ce06""}]",confirmed_franchised_route,unresolved,U,U,not_applicable_excluded_or_unresolved,exact_route_id_and_ordered_stop_od_candidate_audit,confirmed_route_duplicate_identical,,confirmed_route_duplicate_identical
bus_ordered_stop_od_excluded_from_core_v1,CTB,"[""CTB""]",line_bus_1000243,bus_1000243_2,1000243,2,2,4215,10000011,unspecified_in_source,unspecified_in_source,unspecified_in_source,unspecified_in_source,unspecified_in_source,,HKD,excluded_published_fare_candidate_not_an_active_rule,pt_fare,,,not_encoded_in_source_revision_cutoff_only,2026-07-14,2026-07-20,,"[""gtfs:fare_rules:658145;fare_attributes:658145"",""gtfs:fare_rules:658149;fare_attributes:658149""]",data/transit/hongkong/PublicTransportGTFS/gtfs.zip::fare_rules.txt;data/transit/hongkong/PublicTransportGTFS/gtfs.zip::fare_attributes.txt,e5ad020b79d0020625a4e8eb5428c2253a07705b71bfb809d8a3fa178032ce06,2,1,duplicate_identical,"[{""currency"":""HKD"",""destination_id"":""10000011"",""fare_attribute_line"":658145,""fare_attributes_source_file"":""data/transit/hongkong/PublicTransportGTFS/gtfs.zip::fare_attributes.txt"",""fare_id"":""1000243-2-16-24"",""fare_rule_line"":658145,""fare_rules_source_file"":""data/transit/hongkong/PublicTransportGTFS/gtfs.zip::fare_rules.txt"",""origin_id"":""4215"",""price"":17.7,""route_id"":""1000243"",""source_sha256"":""e5ad020b79d0020625a4e8eb5428c2253a07705b71bfb809d8a3fa178032ce06""},{""currency"":""HKD"",""destination_id"":""10000011"",""fare_attribute_line"":658149,""fare_attributes_source_file"":""data/transit/hongkong/PublicTransportGTFS/gtfs.zip::fare_attributes.txt"",""fare_id"":""1000243-2-16-28"",""fare_rule_line"":658149,""fare_rules_source_file"":""data/transit/hongkong/PublicTransportGTFS/gtfs.zip::fare_rules.txt"",""origin_id"":""4215"",""price"":17.7,""route_id"":""1000243"",""source_sha256"":""e5ad020b79d0020625a4e8eb5428c2253a07705b71bfb809d8a3fa178032ce06""}]",confirmed_franchised_route,unresolved,U,U,not_applicable_excluded_or_unresolved,exact_route_id_and_ordered_stop_od_candidate_audit,confirmed_route_duplicate_identical,,confirmed_route_duplicate_identical
bus_ordered_stop_od_excluded_from_core_v1,CTB,"[""CTB""]",line_bus_1000243,bus_1000243_2,1000243,2,2,4232,10000011,unspecified_in_source,unspecified_in_source,unspecified_in_source,unspecified_in_source,unspecified_in_source,,HKD,excluded_published_fare_candidate_not_an_active_rule,pt_fare,,,not_encoded_in_source_revision_cutoff_only,2026-07-14,2026-07-20,,"[""gtfs:fare_rules:658021;fare_attributes:658021"",""gtfs:fare_rules:658025;fare_attributes:658025""]",data/transit/hongkong/PublicTransportGTFS/gtfs.zip::fare_rules.txt;data/transit/hongkong/PublicTransportGTFS/gtfs.zip::fare_attributes.txt,e5ad020b79d0020625a4e8eb5428c2253a07705b71bfb809d8a3fa178032ce06,2,1,duplicate_identical,"[{""currency"":""HKD"",""destination_id"":""10000011"",""fare_attribute_line"":658021,""fare_attributes_source_file"":""data/transit/hongkong/PublicTransportGTFS/gtfs.zip::fare_attributes.txt"",""fare_id"":""1000243-2-8-24"",""fare_rule_line"":658021,""fare_rules_source_file"":""data/transit/hongkong/PublicTransportGTFS/gtfs.zip::fare_rules.txt"",""origin_id"":""4232"",""price"":17.7,""route_id"":""1000243"",""source_sha256"":""e5ad020b79d0020625a4e8eb5428c2253a07705b71bfb809d8a3fa178032ce06""},{""currency"":""HKD"",""destination_id"":""10000011"",""fare_attribute_line"":658025,""fare_attributes_source_file"":""data/transit/hongkong/PublicTransportGTFS/gtfs.zip::fare_attributes.txt"",""fare_id"":""1000243-2-8-28"",""fare_rule_line"":658025,""fare_rules_source_file"":""data/transit/hongkong/PublicTransportGTFS/gtfs.zip::fare_rules.txt"",""origin_id"":""4232"",""price"":17.7,""route_id"":""1000243"",""source_sha256"":""e5ad020b79d0020625a4e8eb5428c2253a07705b71bfb809d8a3fa178032ce06""}]",confirmed_franchised_route,unresolved,U,U,not_applicable_excluded_or_unresolved,exact_route_id_and_ordered_stop_od_candidate_audit,confirmed_route_duplicate_identical,,confirmed_route_duplicate_identical
bus_ordered_stop_od_excluded_from_core_v1,CTB,"[""CTB""]",line_bus_1000243,bus_1000243_2,1000243,2,2,4246,10000011,unspecified_in_source,unspecified_in_source,unspecified_in_source,unspecified_in_source,unspecified_in_source,,HKD,excluded_published_fare_candidate_not_an_active_rule,pt_fare,,,not_encoded_in_source_revision_cutoff_only,2026-07-14,2026-07-20,,"[""gtfs:fare_rules:657860;fare_attributes:657860"",""gtfs:fare_rules:657864;fare_attributes:657864""]",data/transit/hongkong/PublicTransportGTFS/gtfs.zip::fare_rules.txt;data/transit/hongkong/PublicTransportGTFS/gtfs.zip::fare_attributes.txt,e5ad020b79d0020625a4e8eb5428c2253a07705b71bfb809d8a3fa178032ce06,2,1,duplicate_identical,"[{""currency"":""HKD"",""destination_id"":""10000011"",""fare_attribute_line"":657860,""fare_attributes_source_file"":""data/transit/hongkong/PublicTransportGTFS/gtfs.zip::fare_attributes.txt"",""fare_id"":""1000243-2-1-24"",""fare_rule_line"":657860,""fare_rules_source_file"":""data/transit/hongkong/PublicTransportGTFS/gtfs.zip::fare_rules.txt"",""origin_id"":""4246"",""price"":17.7,""route_id"":""1000243"",""source_sha256"":""e5ad020b79d0020625a4e8eb5428c2253a07705b71bfb809d8a3fa178032ce06""},{""currency"":""HKD"",""destination_id"":""10000011"",""fare_attribute_line"":657864,""fare_attributes_source_file"":""data/transit/hongkong/PublicTransportGTFS/gtfs.zip::fare_attributes.txt"",""fare_id"":""1000243-2-1-28"",""fare_rule_line"":657864,""fare_rules_source_file"":""data/transit/hongkong/PublicTransportGTFS/gtfs.zip::fare_rules.txt"",""origin_id"":""4246"",""price"":17.7,""route_id"":""1000243"",""source_sha256"":""e5ad020b79d0020625a4e8eb5428c2253a07705b71bfb809d8a3fa178032ce06""}]",confirmed_franchised_route,unresolved,U,U,not_applicable_excluded_or_unresolved,exact_route_id_and_ordered_stop_od_candidate_audit,confirmed_route_duplicate_identical,,confirmed_route_duplicate_identical
bus_ordered_stop_od_excluded_from_core_v1,CTB,"[""CTB""]",line_bus_1000243,bus_1000243_2,1000243,2,2,866,10000011,unspecified_in_source,unspecified_in_source,unspecified_in_source,unspecified_in_source,unspecified_in_source,,HKD,excluded_published_fare_candidate_not_an_active_rule,pt_fare,,,not_encoded_in_source_revision_cutoff_only,2026-07-14,2026-07-20,,"[""gtfs:fare_rules:658106;fare_attributes:658106"",""gtfs:fare_rules:658110;fare_attributes:658110""]",data/transit/hongkong/PublicTransportGTFS/gtfs.zip::fare_rules.txt;data/transit/hongkong/PublicTransportGTFS/gtfs.zip::fare_attributes.txt,e5ad020b79d0020625a4e8eb5428c2253a07705b71bfb809d8a3fa178032ce06,2,1,duplicate_identical,"[{""currency"":""HKD"",""destination_id"":""10000011"",""fare_attribute_line"":658106,""fare_attributes_source_file"":""data/transit/hongkong/PublicTransportGTFS/gtfs.zip::fare_attributes.txt"",""fare_id"":""1000243-2-13-24"",""fare_rule_line"":658106,""fare_rules_source_file"":""data/transit/hongkong/PublicTransportGTFS/gtfs.zip::fare_rules.txt"",""origin_id"":""866"",""price"":17.7,""route_id"":""1000243"",""source_sha256"":""e5ad020b79d0020625a4e8eb5428c2253a07705b71bfb809d8a3fa178032ce06""},{""currency"":""HKD"",""destination_id"":""10000011"",""fare_attribute_line"":658110,""fare_attributes_source_file"":""data/transit/hongkong/PublicTransportGTFS/gtfs.zip::fare_attributes.txt"",""fare_id"":""1000243-2-13-28"",""fare_rule_line"":658110,""fare_rules_source_file"":""data/transit/hongkong/PublicTransportGTFS/gtfs.zip::fare_rules.txt"",""origin_id"":""866"",""price"":17.7,""route_id"":""1000243"",""source_sha256"":""e5ad020b79d0020625a4e8eb5428c2253a07705b71bfb809d8a3fa178032ce06""}]",confirmed_franchised_route,unresolved,U,U,not_applicable_excluded_or_unresolved,exact_route_id_and_ordered_stop_od_candidate_audit,confirmed_route_duplicate_identical,,confirmed_route_duplicate_identical
