scenario,origin_tcs_zone,destination_tcs_zone,legs_5pct,expanded_legs,total_fare_hkd_5pct,expanded_total_fare_hkd,mean_hkd,median_hkd,p10_hkd,p25_hkd,p75_hkd,p90_hkd,p95_hkd,within_flagfall_share,tolled_tunnel_share,taxi_type_unresolved_share,route_distance_unavailable_share,congestion_proxy_unavailable_share
low,-1,1,7.0,140.0,1348.8999999999999,26977.999999999996,192.7,214.5,136.10000000000002,187.9,214.5,221.22,226.26,0.0,0.0,1.0,0.0,1.0
low,-1,2,12.0,240.0,3444.7999999999997,68896.0,287.06666666666666,235.5,234.1,234.1,380.4,382.5,391.95,0.0,0.0,1.0,0.0,1.0
low,-1,3,14.0,280.0,2758.0,55160.0,197.0,236.9,126.58000000000001,144.85,236.9,256.5,256.5,0.0,0.0,1.0,0.0,1.0
low,-1,4,4.0,80.0,1348.0,26960.0,337.0,404.20000000000005,212.96000000000004,334.55,406.65,407.28,407.49,0.0,0.0,1.0,0.0,1.0
low,-1,5,24.0,480.0,6273.599999999999,125471.99999999999,261.4,201.9,193.36,196.3,334.9,337.7,337.7,0.0,0.0,1.0,0.0,1.0
low,-1,6,11.0,220.0,3538.3,70766.0,321.6636363636364,333.5,187.9,315.3,375.5,375.5,376.9,0.0,0.0,1.0,0.0,1.0
low,-1,7,5.0,100.0,828.2,16564.0,165.64000000000001,182.3,132.60000000000002,180.9,182.3,182.3,182.3,0.0,0.0,1.0,0.0,1.0
low,-1,8,5.0,100.0,940.9000000000001,18818.0,188.18,207.5,144.5,207.5,211.7,211.7,211.7,0.0,0.0,1.0,0.0,1.0
low,-1,9,3.0,60.0,846.5,16930.0,282.1666666666667,305.5,196.85999999999999,237.6,338.4,358.14,364.72,0.0,0.0,1.0,0.0,1.0
low,-1,10,4.0,80.0,1395.6,27912.0,348.9,350.3,345.40000000000003,348.55,350.65,351.28,351.49,0.0,0.0,1.0,0.0,1.0
low,-1,11,3.0,60.0,441.90000000000003,8838.0,147.3,147.3,147.3,147.3,147.3,147.3,147.3,0.0,0.0,1.0,0.0,1.0
low,-1,13,1.0,20.0,241.1,4822.0,241.1,241.1,241.1,241.1,241.1,241.1,241.1,0.0,0.0,1.0,0.0,1.0
low,-1,14,6.0,120.0,969.1999999999999,19384.0,161.53333333333333,166.89999999999998,138.2,151.15,175.29999999999998,179.5,180.9,0.0,0.0,1.0,0.0,1.0
low,-1,15,1.0,20.0,210.3,4206.0,210.3,210.3,210.3,210.3,210.3,210.3,210.3,0.0,0.0,1.0,0.0,1.0
low,-1,16,1.0,20.0,133.3,2666.0,133.3,133.3,133.3,133.3,133.3,133.3,133.3,0.0,0.0,1.0,0.0,1.0
low,-1,18,3.0,60.0,790.5,15810.0,263.5,266.3,258.46,261.4,267.0,267.42,267.56,0.0,0.0,1.0,0.0,1.0
low,-1,19,3.0,60.0,695.3,13906.0,231.76666666666665,225.7,155.14,181.6,278.9,310.82000000000005,321.46000000000004,0.0,0.0,1.0,0.0,1.0
low,-1,20,1.0,20.0,382.5,7650.0,382.5,382.5,382.5,382.5,382.5,382.5,382.5,0.0,0.0,1.0,0.0,1.0
low,-1,21,1.0,20.0,179.5,3590.0,179.5,179.5,179.5,179.5,179.5,179.5,179.5,0.0,0.0,1.0,0.0,1.0
low,-1,23,1.0,20.0,192.1,3842.0,192.1,192.1,192.1,192.1,192.1,192.1,192.1,0.0,0.0,1.0,0.0,1.0
low,-1,26,4.0,80.0,759.3,15186.0,189.825,223.6,81.71000000000001,160.77499999999998,252.65,270.92,277.01,0.25,0.0,1.0,0.0,1.0
low,1,-1,2.0,40.0,205.7,4114.0,102.85,102.85,53.85,72.225,133.475,151.85,157.975,0.0,0.0,1.0,0.0,1.0
low,1,1,319.0,6380.0,12572.5,251450.0,39.412225705329156,31.1,29.0,29.0,45.8,56.71999999999997,67.00999999999992,0.4263322884012539,0.0,0.01567398119122257,0.0,1.0
low,1,2,209.0,4180.0,12581.5,251630.0,60.198564593301434,58.4,29.0,39.5,77.3,92.0,97.46,0.18181818181818182,0.0,0.004784688995215311,0.0,1.0
low,1,3,163.0,3260.0,19004.199999999997,380083.99999999994,116.59018404907974,119.3,83.6,99.35,136.1,148.42000000000002,155.56,0.0,0.0,0.0,0.0,1.0
low,1,4,140.0,2800.0,15149.400000000001,302988.0,108.21000000000001,105.3,73.1,85.7,126.65,157.1,178.1,0.0,0.0,0.0,0.0,1.0
low,1,5,310.0,6200.0,24155.5,483110.0,77.92096774193548,77.3,68.9,73.1,79.4,89.9,92.0,0.0,0.0,0.06774193548387097,0.0,1.0
low,1,6,87.0,1740.0,7603.599999999999,152072.0,87.39770114942529,85.7,75.2,79.4,92.0,98.3,105.3,0.0,0.0,0.0,0.0,1.0
low,1,7,159.0,3180.0,15617.800000000001,312356.0,98.2251572327044,96.2,85.7,92.0,103.9,110.06000000000004,117.9,0.0,0.0,0.031446540880503145,0.0,1.0
low,1,8,120.0,2400.0,12331.5,246630.0,102.7625,98.3,83.6,92.0,112.3,122.38000000000002,133.51,0.0,0.0,0.0,0.0,1.0
low,1,9,79.0,1580.0,10575.5,211510.0,133.86708860759492,133.3,119.3,126.3,140.3,148.7,151.92,0.0,0.0,0.0,0.0,1.0
low,1,10,52.0,1040.0,6385.6,127712.0,122.80000000000001,121.4,106.84,114.75,127.7,137.35999999999999,147.79,0.0,0.0,0.0,0.0,1.0
low,1,11,50.0,1000.0,7751.400000000001,155028.0,155.02800000000002,148.7,140.16000000000003,143.1,153.95000000000002,188.04000000000002,200.14999999999998,0.0,0.0,0.0,0.0,1.0
low,1,12,35.0,700.0,4864.3,97286.0,138.98000000000002,136.1,127.7,131.9,143.8,153.18,156.54,0.0,0.0,0.0,0.0,1.0
low,1,13,23.0,460.0,3280.0999999999995,65601.99999999999,142.61304347826083,143.1,133.3,137.5,148.0,151.22,155.27999999999997,0.0,0.0,0.0,0.0,1.0
low,1,14,22.0,440.0,5890.800000000001,117816.00000000003,267.7636363636364,272.6,242.35999999999999,259.3,278.54999999999995,282.96000000000004,301.71999999999997,0.0,0.0,0.045454545454545456,0.0,1.0
low,1,15,6.0,120.0,1565.6000000000004,31312.000000000007,260.9333333333334,264.9,252.3,260.7,264.9,265.6,265.95,0.0,0.0,0.0,0.0,1.0
low,1,16,7.0,140.0,2030.7,40614.0,290.1,284.5,281.14,281.7,287.29999999999995,304.38,316.13999999999993,0.0,0.0,0.0,0.0,1.0
low,1,17,14.0,280.0,3376.8,67536.0,241.20000000000002,242.5,216.60000000000002,234.1,247.05,255.38,269.65999999999997,0.0,0.0,0.0,0.0,1.0
low,1,18,3.0,60.0,906.7,18134.0,302.23333333333335,302.7,299.34,300.6,304.1,304.94,305.21999999999997,0.0,0.0,0.0,0.0,1.0
low,1,19,56.0,1120.0,9296.0,185920.0,166.0,163.39999999999998,148.7,152.9,174.25,186.5,193.15,0.0,0.0,0.0,0.0,1.0
low,1,20,11.0,220.0,2174.7,43494.0,197.7,194.9,187.9,193.5,206.8,214.5,214.5,0.0,0.0,0.0,0.0,1.0
low,1,21,53.0,1060.0,8492.9,169858.0,160.2433962264151,159.9,143.38,151.5,168.3,173.62,183.42,0.0,0.0,0.018867924528301886,0.0,1.0
low,1,22,14.0,280.0,3940.999999999999,78819.99999999999,281.49999999999994,281.0,271.76,277.85,284.5,285.47999999999996,294.71999999999997,0.0,0.0,1.0,0.0,1.0
low,1,23,9.0,180.0,2512.9,50258.0,279.2111111111111,290.1,233.54,262.1,302.7,303.82,306.06,0.0,0.0,0.0,0.0,1.0
low,1,24,5.0,100.0,1622.7000000000003,32454.000000000007,324.5400000000001,327.9,292.34000000000003,325.1,343.3,350.86,353.38,0.0,0.0,0.0,0.0,1.0
low,1,25,6.0,120.0,1359.8000000000002,27196.000000000004,226.63333333333335,218.0,187.2,199.8,228.85,274.7,297.1,0.0,0.0,0.0,0.0,1.0
low,1,26,30.0,600.0,8583.999999999998,171679.99999999997,286.13333333333327,290.1,210.16000000000003,227.1,290.1,407.98,418.96999999999997,0.0,0.0,1.0,0.0,1.0
low,2,-1,1.0,20.0,116.5,2330.0,116.5,116.5,116.5,116.5,116.5,116.5,116.5,0.0,0.0,1.0,0.0,1.0
low,2,1,157.0,3140.0,9917.800000000003,198356.00000000006,63.17070063694269,60.5,41.6,47.9,75.2,89.9,103.9,0.012738853503184714,0.0,0.006369426751592357,0.0,1.0
low,2,2,309.0,6180.0,10599.0,211980.0,34.300970873786405,29.0,29.0,29.0,35.3,47.9,60.5,0.598705501618123,0.0,0.012944983818770227,0.0,1.0
low,2,3,266.0,5320.0,21932.4,438648.0,82.45263157894738,83.6,39.5,60.5,108.1,119.3,123.15,0.03383458646616541,0.0,0.0,0.0,1.0
low,2,4,147.0,2940.0,14779.1,295582.0,100.53809523809524,98.3,73.1,85.7,113.7,128.26000000000002,141.27999999999997,0.0,0.0,0.0,0.0,1.0
low,2,5,376.0,7520.0,27213.300000000003,544266.0,72.37579787234043,68.9,64.7,64.7,77.3,81.5,89.9,0.0,0.0,0.09042553191489362,0.0,1.0
low,2,6,68.0,1360.0,5893.4,117868.0,86.66764705882352,85.7,75.2,77.3,92.0,98.93,104.81,0.0,0.0,0.0,0.0,1.0
low,2,7,153.0,3060.0,15437.5,308750.0,100.89869281045752,100.4,83.6,94.1,108.1,116.22000000000001,125.46000000000001,0.0,0.0,0.0196078431372549,0.0,1.0
low,2,8,123.0,2460.0,10158.2,203164.0,82.5869918699187,79.4,64.7,71.0,92.0,103.9,111.87999999999997,0.0,0.0,0.0,0.0,1.0
low,2,9,118.0,2360.0,13550.999999999998,271019.99999999994,114.83898305084745,112.3,103.48,108.1,122.1,126.3,133.51,0.0,0.0,0.0,0.0,1.0
low,2,10,62.0,1240.0,7081.6,141632.0,114.21935483870968,112.3,102.64,108.1,119.3,128.95999999999998,135.89,0.0,0.0,0.0,0.0,1.0
low,2,11,49.0,980.0,8172.500000000001,163450.00000000003,166.7857142857143,159.9,151.5,154.3,168.3,203.86,212.54,0.0,0.0,0.02040816326530612,0.0,1.0
low,2,12,34.0,680.0,4927.0,98540.0,144.91176470588235,145.9,133.72,139.25,150.1,156.67999999999998,159.48,0.0,0.0,0.0,0.0,1.0
low,2,13,23.0,460.0,3631.4999999999995,72629.99999999999,157.89130434782606,155.7,148.98,151.5,162.0,166.62,175.71999999999997,0.0,0.0,0.0,0.0,1.0
low,2,14,15.0,300.0,4281.5,85630.0,285.43333333333334,284.5,262.94,275.4,299.9,308.3,310.4,0.0,0.0,0.0,0.0,1.0
low,2,15,9.0,180.0,2421.9000000000005,48438.000000000015,269.1000000000001,271.9,255.66,266.3,273.3,277.78000000000003,281.14,0.0,0.0,0.0,0.0,1.0
low,2,16,9.0,180.0,2657.1,53142.0,295.23333333333335,292.9,287.86,291.5,297.1,301.3,309.7,0.0,0.0,0.0,0.0,1.0
low,2,17,20.0,400.0,4578.400000000001,91568.00000000001,228.92000000000002,229.2,215.9,225.35,236.9,240.4,246.84,0.0,0.0,0.0,0.0,1.0
low,2,18,6.0,120.0,1771.4,35428.0,295.23333333333335,297.8,281.7,288.7,303.75,306.2,306.54999999999995,0.0,0.0,0.0,0.0,1.0
low,2,19,70.0,1400.0,10541.999999999998,210839.99999999997,150.59999999999997,148.0,131.9,139.25,157.1,170.68,184.11999999999998,0.0,0.0,0.0,0.0,1.0
low,2,20,24.0,480.0,4624.4,92488.0,192.6833333333333,190.7,182.72,186.5,195.95,204.7,204.7,0.0,0.0,0.0,0.0,1.0
low,2,21,80.0,1600.0,11201.6,224032.0,140.02,138.9,129.1,134.7,145.9,150.1,152.97,0.0,0.0,0.0,0.0,1.0
low,2,22,2.0,40.0,599.8,11996.0,299.9,299.9,298.78,299.2,300.6,301.02000000000004,301.16,0.0,0.0,1.0,0.0,1.0
low,2,23,9.0,180.0,2538.1,50762.0,282.0111111111111,287.3,251.74,266.3,288.7,314.46,315.58,0.0,0.0,0.0,0.0,1.0
low,2,24,4.0,80.0,1251.4,25028.0,312.85,314.6,270.36,278.55,348.90000000000003,353.94,355.62,0.0,0.0,0.0,0.0,1.0
low,2,25,8.0,160.0,1536.8,30736.0,192.1,198.4,168.44,192.8,208.9,214.78,216.73999999999998,0.0,0.0,0.0,0.0,1.0
low,2,26,26.0,520.0,6954.6,139092.0,267.4846153846154,291.5,225.7,227.1,291.5,291.5,295.70000000000005,0.0,0.0,1.0,0.0,1.0
low,3,-1,6.0,120.0,680.1,13602.0,113.35000000000001,132.6,46.849999999999994,73.975,151.85000000000002,160.60000000000002,163.75,0.0,0.0,1.0,0.0,1.0
low,3,1,181.0,3620.0,20681.899999999998,413637.99999999994,114.26464088397789,117.9,77.3,98.3,131.9,144.5,148.7,0.0,0.0,0.0,0.0,1.0
low,3,2,309.0,6180.0,23593.800000000003,471876.00000000006,76.35533980582525,75.2,39.5,45.8,103.9,115.1,119.3,0.012944983818770227,0.0,0.02912621359223301,0.0,1.0
low,3,3,556.0,11120.0,27675.399999999998,553508.0,49.77589928057554,44.75,29.0,29.0,62.6,84.65,96.2,0.3273381294964029,0.0,0.007194244604316547,0.0,1.0
low,3,4,217.0,4340.0,27085.8,541716.0,124.81935483870967,126.3,98.3,109.5,136.1,155.7,162.7,0.0,0.0,0.0,0.0,1.0
low,3,5,264.0,5280.0,28016.2,560324.0,106.1219696969697,105.3,79.4,81.5,124.9,137.5,144.29,0.0,0.0,0.07196969696969698,0.0,1.0
low,3,6,78.0,1560.0,9836.7,196734.0,126.11153846153847,124.9,102.5,115.44999999999999,137.5,150.51999999999998,153.32,0.0,0.0,0.0,0.0,1.0
low,3,7,133.0,2660.0,18153.100000000002,363062.00000000006,136.48947368421054,133.3,109.5,120.7,151.5,166.9,179.21999999999997,0.0,0.0,0.007518796992481203,0.0,1.0
low,3,8,146.0,2920.0,17513.0,350260.0,119.95205479452055,119.3,90.95,108.44999999999999,133.3,148.7,153.95000000000002,0.0,0.0,0.0,0.0,1.0
low,3,9,219.0,4380.0,22984.4,459688.0,104.95159817351599,105.3,81.5,92.0,115.1,129.38000000000002,137.5,0.0,0.0,0.0,0.0,1.0
low,3,10,78.0,1560.0,10495.4,209908.0,134.55641025641026,132.60000000000002,121.67999999999999,127.7,139.60000000000002,152.34,157.30999999999997,0.0,0.0,0.0,0.0,1.0
low,3,11,35.0,700.0,6955.9,139118.0,198.73999999999998,197.7,175.86,179.5,208.2,231.58,236.34,0.0,0.0,0.0,0.0,1.0
low,3,12,32.0,640.0,6011.4,120228.0,187.85625,190.0,168.58,174.95000000000002,198.04999999999998,208.9,215.97,0.0,0.0,0.03125,0.0,1.0
low,3,13,18.0,360.0,3534.7999999999997,70696.0,196.37777777777777,195.60000000000002,174.18,181.6,206.8,221.92000000000002,223.95,0.0,0.0,0.0,0.0,1.0
low,3,14,19.0,380.0,6326.700000000001,126534.00000000001,332.98421052631585,327.9,310.82,319.5,346.8,362.34,365.84,0.0,0.0,0.05263157894736842,0.0,1.0
low,3,15,11.0,220.0,3403.9,68078.0,309.44545454545454,309.7,287.3,297.79999999999995,317.4,325.1,334.9,0.0,0.0,0.0,0.0,1.0
low,3,16,8.0,160.0,2768.8,55376.0,346.1,342.6,325.24,327.54999999999995,365.35,370.18,372.14,0.0,0.0,0.0,0.0,1.0
low,3,17,21.0,420.0,5210.1,104202.0,248.10000000000002,246.7,234.1,241.1,264.9,267.7,269.1,0.0,0.0,0.0,0.0,1.0
low,3,18,9.0,180.0,2806.9,56138.0,311.8777777777778,306.9,300.46000000000004,301.3,319.5,333.5,336.3,0.0,0.0,0.0,0.0,1.0
low,3,19,60.0,1200.0,10551.6,211032.0,175.86,169.7,157.1,162.7,188.25,201.9,207.57,0.0,0.0,0.0,0.0,1.0
low,3,20,21.0,420.0,4252.5,85050.0,202.5,199.1,187.9,190.7,210.3,218.7,239.7,0.0,0.0,0.0,0.0,1.0
low,3,21,113.0,2260.0,13777.699999999999,275554.0,121.92654867256635,119.3,109.5,113.7,129.1,140.02,151.21999999999997,0.0,0.0,0.0,0.0,1.0
low,3,22,9.0,180.0,3099.5,61990.0,344.3888888888889,337.7,323.14,333.5,362.9,365.98,366.54,0.0,0.0,1.0,0.0,1.0
low,3,23,4.0,80.0,1226.2,24524.0,306.55,316.7,275.12,294.65,328.59999999999997,329.86,330.28,0.0,0.0,0.0,0.0,1.0
low,3,24,11.0,220.0,3171.5,63430.0,288.3181818181818,276.1,238.3,266.3,316.0,336.3,355.20000000000005,0.0,0.0,0.0,0.0,1.0
low,3,25,8.0,160.0,1525.6,30512.0,190.7,185.1,158.08,177.39999999999998,213.45,218.7,223.6,0.0,0.0,0.0,0.0,1.0
low,3,26,20.0,400.0,6175.799999999999,123515.99999999999,308.78999999999996,304.79999999999995,248.1,248.1,337.7,372.70000000000005,413.58000000000004,0.0,0.0,1.0,0.0,1.0
low,4,-1,1.0,20.0,94.1,1882.0,94.1,94.1,94.1,94.1,94.1,94.1,94.1,0.0,0.0,1.0,0.0,1.0
low,4,1,143.0,2860.0,15337.900000000001,306758.0,107.25804195804197,105.3,71.42,83.6,124.9,156.82,176.56,0.0,0.0,0.0,0.0,1.0
low,4,2,175.0,3500.0,16837.1,336742.0,96.21199999999999,92.0,73.1,83.6,107.4,126.3,133.15999999999994,0.0,0.0,0.022857142857142857,0.0,1.0
low,4,3,212.0,4240.0,26835.8,536716.0,126.58396226415094,124.9,96.2,111.95,140.3,158.5,168.92999999999998,0.0,0.0,0.0,0.0,1.0
low,4,4,257.0,5140.0,21275.9,425518.0,82.78560311284048,64.7,30.260000000000005,41.6,115.1,147.86,202.17999999999998,0.10116731517509728,0.0,0.0,0.0,1.0
low,4,5,152.0,3040.0,18461.9,369238.0,121.45986842105265,119.3,103.9,113.7,123.5,154.16000000000003,159.9,0.0,0.0,0.09868421052631579,0.0,1.0
low,4,6,40.0,800.0,5082.799999999999,101655.99999999999,127.06999999999998,126.3,116.5,120.35,131.9,134.84,140.3,0.0,0.0,0.0,0.0,1.0
low,4,7,75.0,1500.0,10704.499999999998,214089.99999999997,142.72666666666663,138.9,124.9,130.5,148.0,168.58,175.16,0.0,0.0,0.04,0.0,1.0
low,4,8,54.0,1080.0,7128.200000000001,142564.0,132.0037037037037,127.7,108.52,119.3,143.8,164.1,165.5,0.0,0.0,0.0,0.0,1.0
low,4,9,78.0,1560.0,11980.800000000001,239616.00000000003,153.60000000000002,155.0,136.1,144.5,161.3,166.9,172.92,0.0,0.0,0.01282051282051282,0.0,1.0
low,4,10,35.0,700.0,5666.5,113330.0,161.9,157.1,138.06,146.60000000000002,178.10000000000002,192.66000000000003,203.72,0.0,0.0,0.0,0.0,1.0
low,4,11,16.0,320.0,3273.8,65476.0,204.6125,189.3,173.2,183.0,231.65,259.29999999999995,271.9,0.0,0.0,0.0,0.0,1.0
low,4,12,21.0,420.0,4134.9,82698.0,196.89999999999998,187.9,158.5,166.9,221.5,246.7,252.3,0.0,0.0,0.0,0.0,1.0
low,4,13,12.0,240.0,2463.4,49268.0,205.28333333333333,185.1,167.88,179.85,236.9,266.72,274.14,0.0,0.0,0.0,0.0,1.0
low,4,14,19.0,380.0,6211.900000000001,124238.00000000001,326.94210526315794,322.3,292.34000000000003,317.4,338.4,359.82,378.99999999999994,0.0,0.0,0.0,0.0,1.0
low,4,15,10.0,200.0,3097.0000000000005,61940.00000000001,309.70000000000005,302.0,284.78,293.59999999999997,334.55,343.86,346.38,0.0,0.0,0.0,0.0,1.0
low,4,16,9.0,180.0,2984.7000000000003,59694.00000000001,331.6333333333334,334.9,313.34,330.7,341.9,345.53999999999996,347.21999999999997,0.0,0.0,0.0,0.0,1.0
low,4,17,7.0,140.0,1787.1000000000001,35742.0,255.3,245.3,228.5,236.2,269.8,290.38,300.03999999999996,0.0,0.0,0.0,0.0,1.0
low,4,18,9.0,180.0,3005.7000000000003,60114.00000000001,333.9666666666667,329.3,321.74,325.1,339.1,346.66,358.98,0.0,0.0,0.0,0.0,1.0
low,4,19,25.0,500.0,5138.499999999999,102769.99999999999,205.53999999999996,200.5,171.1,179.5,234.1,244.74,251.46,0.0,0.0,0.0,0.0,1.0
low,4,20,8.0,160.0,1935.7999999999997,38715.99999999999,241.97499999999997,237.6,214.08,222.89999999999998,265.59999999999997,269.8,272.25,0.0,0.0,0.0,0.0,1.0
low,4,21,48.0,960.0,8707.0,174140.0,181.39583333333334,181.60000000000002,163.68,174.95000000000002,188.25,197.56000000000003,202.81,0.0,0.0,0.0,0.0,1.0
low,4,22,9.0,180.0,3023.8999999999996,60477.99999999999,335.9888888888888,330.7,312.5,326.5,341.9,365.98,369.34,0.0,0.0,1.0,0.0,1.0
low,4,23,6.0,120.0,1935.2,38704.0,322.53333333333336,313.9,299.20000000000005,304.1,327.90000000000003,354.5,365.7,0.0,0.0,0.0,0.0,1.0
low,4,24,3.0,60.0,1112.5,22250.0,370.8333333333333,355.9,345.82,349.6,384.6,401.82,407.56,0.0,0.0,0.0,0.0,1.0
low,4,25,3.0,60.0,658.9,13178.0,219.63333333333333,222.9,215.06,218.0,222.9,222.9,222.9,0.0,0.0,0.0,0.0,1.0
low,4,26,1.0,20.0,340.5,6810.0,340.5,340.5,340.5,340.5,340.5,340.5,340.5,0.0,0.0,1.0,0.0,1.0
low,5,-1,1.0,20.0,399.3,7986.0,399.3,399.3,399.3,399.3,399.3,399.3,399.3,0.0,0.0,1.0,0.0,1.0
low,5,1,323.0,6460.0,24343.500000000004,486870.00000000006,75.3668730650155,75.2,64.7,66.8,83.6,83.6,85.7,0.0,0.0,0.03715170278637771,0.0,1.0
low,5,2,248.0,4960.0,19491.699999999997,389833.99999999994,78.59556451612902,77.3,73.1,73.1,81.5,87.8,92.0,0.0,0.0,0.004032258064516129,0.0,1.0
low,5,3,238.0,4760.0,25599.0,511980.0,107.55882352941177,106.7,81.5,89.9,122.1,137.5,143.1,0.0,0.0,0.004201680672268907,0.0,1.0
low,5,4,127.0,2540.0,15810.500000000002,316210.00000000006,124.49212598425198,119.3,105.3,111.6,127.0,159.06,166.9,0.0,0.0,0.0,0.0,1.0
low,5,5,2270.0,45400.0,72197.2,1443944.0,31.804933920704844,29.0,29.0,29.0,33.2,41.6,41.6,0.5731277533039647,0.0,0.055947136563876655,0.0,1.0
low,5,6,246.0,4920.0,9738.0,194760.0,39.58536585365854,43.7,29.0,29.525,43.7,45.8,52.1,0.25203252032520324,0.0,0.044715447154471545,0.0,1.0
low,5,7,294.0,5880.0,15239.699999999999,304794.0,51.83571428571428,52.1,35.3,39.5,60.5,68.9,75.2,0.034013605442176874,0.0,0.034013605442176874,0.0,1.0
low,5,8,214.0,4280.0,10835.8,216716.0,50.634579439252335,45.8,33.830000000000005,41.6,56.3,68.9,82.96999999999997,0.03271028037383177,0.0,0.0,0.0,1.0
low,5,9,165.0,3300.0,16460.3,329206.0,99.75939393939393,98.3,79.4,87.8,110.9,117.9,123.5,0.0,0.0,0.0,0.0,1.0
low,5,10,117.0,2340.0,9103.600000000002,182072.00000000006,77.80854700854702,75.2,58.4,66.8,87.8,94.94000000000001,98.3,0.0,0.0,0.0,0.0,1.0
low,5,11,105.0,2100.0,12875.1,257502.0,122.62,117.9,115.66,117.9,126.3,129.1,137.5,0.0,0.0,0.0,0.0,1.0
low,5,12,86.0,1720.0,9706.1,194122.0,112.86162790697675,115.1,101.45,106.7,119.3,122.1,124.2,0.0,0.0,0.0,0.0,1.0
low,5,13,40.0,800.0,4814.0,96280.0,120.35,122.1,113.7,116.5,123.85,127.7,129.1,0.0,0.0,0.0,0.0,1.0
low,5,14,49.0,980.0,12099.499999999998,241989.99999999997,246.9285714285714,248.1,236.62,239.7,252.3,256.78,257.9,0.0,0.0,0.0,0.0,1.0
low,5,15,45.0,900.0,10444.899999999998,208897.99999999994,232.10888888888883,229.9,226.54000000000002,229.9,235.5,238.3,239.7,0.0,0.0,0.08888888888888889,0.0,1.0
low,5,16,25.0,500.0,6441.900000000001,128838.00000000001,257.67600000000004,256.5,248.1,253.7,262.1,264.34,270.49999999999994,0.0,0.0,0.0,0.0,1.0
low,5,17,53.0,1060.0,10969.499999999998,219389.99999999997,206.9716981132075,201.9,190.14000000000001,196.3,210.3,239.7,245.3,0.0,0.0,0.07547169811320754,0.0,1.0
low,5,18,34.0,680.0,8989.8,179796.0,264.40588235294115,262.1,251.74,259.3,271.9,274.7,277.57,0.0,0.0,0.029411764705882353,0.0,1.0
low,5,19,105.0,2100.0,13128.5,262570.0,125.03333333333333,123.5,109.5,117.9,129.1,144.5,150.66,0.0,0.0,0.0,0.0,1.0
low,5,20,38.0,760.0,6270.8,125416.0,165.02105263157895,165.5,140.3,156.04999999999998,176.0,182.3,182.72,0.0,0.0,0.0,0.0,1.0
low,5,21,82.0,1640.0,11525.6,230512.0,140.55609756097562,140.3,131.9,136.1,143.1,151.5,154.3,0.0,0.0,0.0,0.0,1.0
low,5,22,18.0,360.0,4622.6,92452.0,256.81111111111113,257.9,246.7,251.25,261.40000000000003,268.96,271.9,0.0,0.0,1.0,0.0,1.0
low,5,23,19.0,380.0,4387.7,87754.0,230.93157894736842,224.3,203.85999999999999,209.6,246.0,267.98,269.52000000000004,0.0,0.0,0.10526315789473684,0.0,1.0
low,5,24,18.0,360.0,5079.0,101580.0,282.1666666666667,284.5,246.7,264.9,291.15,340.5,340.5,0.0,0.0,0.0,0.0,1.0
low,5,25,27.0,540.0,5210.5,104210.0,192.9814814814815,173.9,154.85999999999999,159.9,225.7,245.3,249.5,0.0,0.0,0.0,0.0,1.0
low,5,26,270.0,5400.0,66550.2,1331004.0,246.48222222222222,263.5,164.1,250.9,266.3,266.3,266.3,0.0,0.0,1.0,0.0,1.0
low,6,-1,3.0,60.0,1155.9,23118.0,385.3,385.3,385.3,385.3,385.3,385.3,385.3,0.0,0.0,1.0,0.0,1.0
low,6,1,97.0,1940.0,7974.799999999999,159496.0,82.21443298969072,79.4,68.9,73.1,87.8,94.1,104.73999999999975,0.0,0.0,0.0,0.0,1.0
low,6,2,77.0,1540.0,7148.4,142968.0,92.83636363636363,89.9,81.5,87.8,96.2,104.46000000000001,111.18,0.0,0.0,0.0,0.0,1.0
low,6,3,117.0,2340.0,14469.1,289382.0,123.66752136752137,123.5,92.0,106.7,143.1,151.5,154.3,0.0,0.0,0.0,0.0,1.0
low,6,4,54.0,1080.0,7090.4000000000015,141808.00000000003,131.30370370370372,130.5,115.1,122.1,134.7,141.7,157.65999999999997,0.0,0.0,0.0,0.0,1.0
low,6,5,343.0,6860.0,14746.2,294924.0,42.99183673469388,43.7,29.0,39.5,50.0,50.0,50.0,0.11078717201166181,0.0,0.07580174927113703,0.0,1.0
low,6,6,253.0,5060.0,7494.5,149890.0,29.622529644268774,29.0,29.0,29.0,29.0,31.1,31.1,0.8695652173913043,0.0,0.2450592885375494,0.0,1.0
low,6,7,171.0,3420.0,6338.700000000001,126774.00000000001,37.068421052631585,33.2,29.0,29.0,39.5,50.0,59.45,0.2631578947368421,0.0,0.03508771929824561,0.0,1.0
low,6,8,134.0,2680.0,6319.900000000001,126398.00000000001,47.1634328358209,47.9,33.2,41.6,53.675000000000004,58.4,62.6,0.029850746268656716,0.0,0.0,0.0,1.0
low,6,9,108.0,2160.0,10561.799999999997,211235.99999999994,97.79444444444442,100.4,72.47,81.5,115.44999999999999,123.5,125.80999999999999,0.0,0.0,0.0,0.0,1.0
low,6,10,68.0,1360.0,4477.3,89546.0,65.84264705882353,64.7,52.1,59.975,73.1,77.3,83.6,0.0,0.0,0.0,0.0,1.0
low,6,11,61.0,1220.0,7138.0,142760.0,117.01639344262296,110.9,105.3,106.7,116.5,151.5,155.7,0.0,0.0,0.01639344262295082,0.0,1.0
low,6,12,64.0,1280.0,6174.299999999999,123485.99999999999,96.47343749999999,98.3,84.23,92.0,102.85,108.1,109.28999999999999,0.0,0.0,0.0,0.0,1.0
low,6,13,33.0,660.0,3610.0000000000005,72200.00000000001,109.3939393939394,109.5,100.82000000000001,105.3,112.3,119.02,122.66,0.0,0.0,0.0,0.0,1.0
low,6,14,16.0,320.0,3775.0,75500.0,235.9375,232.7,222.2,227.1,246.7,254.4,259.3,0.0,0.0,0.0625,0.0,1.0
low,6,15,15.0,300.0,3329.5000000000005,66590.00000000001,221.9666666666667,224.3,216.46,217.3,224.3,229.06,231.72,0.0,0.0,0.3333333333333333,0.0,1.0
low,6,16,9.0,180.0,2274.9,45498.0,252.76666666666668,249.5,239.7,242.5,262.1,265.74,270.21999999999997,0.0,0.0,0.0,0.0,1.0
low,6,17,33.0,660.0,6340.7,126814.0,192.14242424242423,190.7,186.78,187.9,196.3,198.82,202.73999999999998,0.0,0.0,0.06060606060606061,0.0,1.0
low,6,18,32.0,640.0,8222.0,164440.0,256.9375,257.9,245.3,251.95000000000002,263.5,264.9,266.93,0.0,0.0,0.0,0.0,1.0
low,6,19,113.0,2260.0,13190.400000000001,263808.0,116.72920353982302,115.1,98.3,108.1,123.5,138.9,149.26,0.0,0.0,0.0,0.0,1.0
low,6,20,27.0,540.0,4210.9,84218.0,155.95925925925926,157.1,144.78,150.8,162.0,164.38,166.9,0.0,0.0,0.0,0.0,1.0
low,6,21,36.0,720.0,5172.6,103452.0,143.68333333333334,143.1,135.4,140.3,147.3,150.8,152.55,0.0,0.0,0.0,0.0,1.0
low,6,22,17.0,340.0,4168.7,83374.0,245.21764705882353,242.5,236.9,241.1,248.1,250.9,257.06,0.0,0.0,1.0,0.0,1.0
low,6,23,8.0,160.0,1828.0,36560.0,228.5,229.9,198.4,214.14999999999998,243.2,252.02,259.85999999999996,0.0,0.0,0.0,0.0,1.0
low,6,24,15.0,300.0,4029.4999999999995,80589.99999999999,268.6333333333333,271.9,225.14,244.60000000000002,287.29999999999995,308.58,314.73999999999995,0.0,0.0,0.0,0.0,1.0
low,6,25,7.0,140.0,1194.2,23884.0,170.6,162.7,113.42,136.8,202.6,223.74,238.01999999999998,0.0,0.0,0.0,0.0,1.0
low,6,26,94.0,1880.0,25951.999999999996,519039.99999999994,276.08510638297867,249.5,183.7,245.65,344.7,385.3,385.3,0.0,0.0,1.0,0.0,1.0
low,7,-1,1.0,20.0,100.4,2008.0,100.4,100.4,100.4,100.4,100.4,100.4,100.4,0.0,0.0,1.0,0.0,1.0
low,7,1,124.0,2480.0,12071.599999999999,241431.99999999997,97.3516129032258,96.2,81.5,87.8,103.9,110.48,120.49,0.0,0.0,0.0,0.0,1.0
low,7,2,92.0,1840.0,10186.7,203734.0,110.72500000000001,109.5,98.3,101.975,116.5,126.16000000000001,133.3,0.0,0.0,0.0,0.0,1.0
low,7,3,114.0,2280.0,15885.7,317714.0,139.3482456140351,136.8,106.7,124.9,158.15,167.88000000000002,172.98999999999998,0.0,0.0,0.008771929824561403,0.0,1.0
low,7,4,64.0,1280.0,9287.2,185744.0,145.1125,140.3,128.12,134.35,150.1,168.44,178.1,0.0,0.0,0.0,0.0,1.0
low,7,5,448.0,8960.0,23600.5,472010.0,52.6796875,54.2,41.6,43.7,58.4,66.8,75.2,0.03571428571428571,0.0,0.06919642857142858,0.0,1.0
low,7,6,435.0,8700.0,13956.900000000001,279138.0,32.0848275862069,29.0,29.0,29.0,29.0,40.76000000000005,50.0,0.7885057471264367,0.0,0.03908045977011494,0.0,1.0
low,7,7,371.0,7420.0,13493.9,269878.0,36.37169811320754,29.0,29.0,29.0,39.5,56.3,64.7,0.5795148247978437,0.0,0.016172506738544475,0.0,1.0
low,7,8,138.0,2760.0,8815.899999999998,176317.99999999994,63.88333333333332,60.5,41.6,52.1,73.1,88.42999999999999,102.92000000000002,0.0,0.0,0.007246376811594203,0.0,1.0
low,7,9,141.0,2820.0,15279.2,305584.0,108.36312056737589,109.5,83.6,94.1,120.7,131.9,140.3,0.0,0.0,0.0,0.0,1.0
low,7,10,113.0,2260.0,8580.9,171618.0,75.93716814159292,73.1,54.2,62.6,85.7,104.74,108.65999999999998,0.0,0.0,0.0,0.0,1.0
low,7,11,64.0,1280.0,6877.1,137542.0,107.4546875,105.3,83.6,94.1,114.05,145.06,148.48999999999998,0.0,0.0,0.015625,0.0,1.0
low,7,12,76.0,1520.0,6126.1,122522.0,80.60657894736842,83.6,62.6,71.0,92.0,98.3,105.3,0.013157894736842105,0.0,0.0,0.0,1.0
low,7,13,42.0,840.0,4231.5,84630.0,100.75,102.5,83.81,94.625,109.15,116.36,117.83,0.0,0.0,0.023809523809523808,0.0,1.0
low,7,14,50.0,1000.0,11520.2,230404.0,230.40400000000002,229.9,212.96,224.65,239.35,243.9,248.23999999999998,0.0,0.0,0.02,0.0,1.0
low,7,15,16.0,320.0,3433.3999999999996,68668.0,214.58749999999998,215.9,203.3,206.8,222.9,225.7,228.15,0.0,0.0,0.0,0.0,1.0
low,7,16,12.0,240.0,2974.3999999999996,59487.99999999999,247.86666666666665,248.1,232.98,236.55,255.8,263.36,266.65,0.0,0.0,0.0,0.0,1.0
low,7,17,24.0,480.0,4665.0,93300.0,194.375,192.1,177.54,187.9,195.25,221.64,232.41999999999996,0.0,0.0,0.0,0.0,1.0
low,7,18,16.0,320.0,4042.3999999999996,80848.0,252.64999999999998,250.2,241.8,244.95000000000002,255.79999999999998,257.9,268.04999999999995,0.0,0.0,0.0,0.0,1.0
low,7,19,103.0,2060.0,11807.0,236140.0,114.63106796116504,113.7,94.1,101.45,124.9,137.5,145.9,0.0,0.0,0.0,0.0,1.0
low,7,20,22.0,440.0,3499.6,69992.0,159.07272727272726,158.5,141.84,150.8,166.55,169.56,181.67,0.0,0.0,0.0,0.0,1.0
low,7,21,64.0,1280.0,9676.400000000001,193528.00000000003,151.19375000000002,152.9,138.9,141.7,159.9,165.5,166.69,0.0,0.0,0.0,0.0,1.0
low,7,22,6.0,120.0,1480.1999999999998,29603.999999999996,246.69999999999996,245.3,242.5,245.3,250.55,252.3,252.3,0.0,0.0,1.0,0.0,1.0
low,7,23,16.0,320.0,3619.6,72392.0,226.225,224.3,211.7,215.2,235.85,246.7,252.65,0.0,0.0,0.0,0.0,1.0
low,7,24,10.0,200.0,2541.2000000000003,50824.00000000001,254.12000000000003,248.8,210.44,218.35,279.6,304.65999999999997,319.78,0.0,0.0,0.0,0.0,1.0
low,7,25,9.0,180.0,1208.1,24162.0,134.23333333333332,144.5,72.68,112.3,165.5,176.14000000000001,177.82,0.0,0.0,0.0,0.0,1.0
low,7,26,78.0,1560.0,18479.600000000002,369592.00000000006,236.91794871794875,243.9,179.5,243.9,249.5,249.5,249.5,0.0,0.0,1.0,0.0,1.0
low,8,-1,1.0,20.0,102.5,2050.0,102.5,102.5,102.5,102.5,102.5,102.5,102.5,0.0,0.0,1.0,0.0,1.0
low,8,1,105.0,2100.0,10430.7,208614.0,99.34,96.2,81.5,87.8,109.5,120.98000000000002,126.3,0.0,0.0,0.009523809523809525,0.0,1.0
low,8,2,135.0,2700.0,10742.8,214856.0,79.57629629629629,77.3,64.7,68.9,87.8,97.46000000000002,102.92,0.0,0.0,0.0,0.0,1.0
low,8,3,140.0,2800.0,16177.7,323554.0,115.555,115.8,85.49000000000001,105.3,129.1,143.1,145.9,0.0,0.0,0.0,0.0,1.0
low,8,4,56.0,1120.0,7351.4,147028.0,131.275,123.5,111.6,117.9,143.8,162.0,167.25,0.0,0.0,0.0,0.0,1.0
low,8,5,266.0,5320.0,13066.9,261338.0,49.123684210526314,45.8,33.2,39.5,56.3,66.8,82.55,0.05263157894736842,0.0,0.04887218045112782,0.0,1.0
low,8,6,116.0,2320.0,5288.3,105766.0,45.588793103448275,43.7,30.05,37.4,52.1,58.4,63.125,0.10344827586206896,0.0,0.04310344827586207,0.0,1.0
low,8,7,188.0,3760.0,11611.3,232226.0,61.76223404255319,60.5,45.169999999999995,50.0,69.42500000000001,83.6,92.0,0.0,0.0,0.026595744680851064,0.0,1.0
low,8,8,242.0,4840.0,9311.2,186224.0,38.47603305785124,35.3,29.0,29.0,43.7,54.2,62.494999999999976,0.34297520661157027,0.0,0.0,0.0,1.0
low,8,9,145.0,2900.0,11444.4,228888.0,78.92689655172414,77.3,48.74,60.5,96.2,108.1,112.01999999999998,0.006896551724137931,0.0,0.006896551724137931,0.0,1.0
low,8,10,95.0,1900.0,5241.4000000000015,104828.00000000003,55.17263157894738,54.2,31.94,40.55,66.8,77.3,81.5,0.07368421052631578,0.0,0.0,0.0,1.0
low,8,11,39.0,780.0,5474.499999999999,109489.99999999999,140.37179487179486,130.5,122.1,127.7,139.60000000000002,174.74000000000004,198.54000000000005,0.0,0.0,0.0,0.0,1.0
low,8,12,39.0,780.0,4663.200000000001,93264.00000000001,119.56923076923078,120.7,103.62,110.9,127.0,133.3,141.98,0.0,0.0,0.0,0.0,1.0
low,8,13,25.0,500.0,3339.5000000000005,66790.00000000001,133.58,133.3,122.66,126.3,138.9,145.9,151.5,0.0,0.0,0.0,0.0,1.0
low,8,14,23.0,460.0,5966.700000000001,119334.00000000001,259.4217391304348,259.3,239.42000000000002,248.8,269.8,277.78,281.41999999999996,0.0,0.0,0.043478260869565216,0.0,1.0
low,8,15,9.0,180.0,2217.5,44350.0,246.38888888888889,243.9,238.01999999999998,242.5,243.9,261.53999999999996,268.82,0.0,0.0,0.0,0.0,1.0
low,8,16,7.0,140.0,1911.7,38234.0,273.1,270.5,259.58,262.1,282.4,288.42,291.36,0.0,0.0,0.0,0.0,1.0
low,8,17,31.0,620.0,5780.1,115602.0,186.45483870967743,186.5,169.7,175.3,193.5,201.9,206.8,0.0,0.0,0.03225806451612903,0.0,1.0
low,8,18,12.0,240.0,3047.2,60944.0,253.9333333333333,250.2,242.64000000000001,246.0,262.45000000000005,263.5,274.21,0.0,0.0,0.0,0.0,1.0
low,8,19,84.0,1680.0,9506.699999999999,190133.99999999997,113.17499999999998,112.3,96.2,103.9,120.7,134.42000000000002,146.03999999999996,0.0,0.0,0.0,0.0,1.0
low,8,20,19.0,380.0,2745.5,54910.0,144.5,144.5,127.14,140.3,154.3,155.7,155.83999999999997,0.0,0.0,0.0,0.0,1.0
low,8,21,63.0,1260.0,7870.799999999999,157416.0,124.93333333333332,122.1,110.9,119.3,130.5,141.42,145.76,0.0,0.0,0.0,0.0,1.0
low,8,22,3.0,60.0,807.3,16146.0,269.09999999999997,269.1,267.98,268.4,269.8,270.22,270.36,0.0,0.0,1.0,0.0,1.0
low,8,23,11.0,220.0,2891.5000000000005,57830.00000000001,262.86363636363643,255.1,242.5,248.10000000000002,282.4,288.7,295.7,0.0,0.0,0.0,0.0,1.0
low,8,24,7.0,140.0,1736.7,34734.0,248.1,252.3,218.98,238.3,263.5,270.22,271.06,0.0,0.0,0.0,0.0,1.0
low,8,25,7.0,140.0,1124.9,22498.0,160.70000000000002,157.1,137.78,154.3,172.5,183.98000000000002,191.54,0.0,0.0,0.0,0.0,1.0
low,8,26,12.0,240.0,2666.4,53328.0,222.20000000000002,206.1,196.86,201.9,246.35000000000002,274.28,276.59,0.0,0.0,1.0,0.0,1.0
low,9,-1,2.0,40.0,458.4,9168.0,229.2,229.2,181.6,199.45,258.95,276.8,282.75,0.0,0.0,1.0,0.0,1.0
low,9,1,92.0,1840.0,11968.200000000003,239364.00000000006,130.08913043478265,129.8,119.3,122.1,135.04999999999998,144.36,150.73,0.0,0.0,0.0,0.0,1.0
low,9,2,121.0,2420.0,13586.2,271724.0,112.28264462809918,112.3,100.4,105.3,117.9,123.5,127.7,0.0,0.0,0.0,0.0,1.0
low,9,3,202.0,4040.0,21652.800000000003,433056.00000000006,107.19207920792081,106.7,85.7,96.2,116.5,130.5,137.42999999999998,0.0,0.0,0.0,0.0,1.0
low,9,4,71.0,1420.0,11018.299999999997,220365.99999999994,155.18732394366194,154.3,138.9,147.3,161.3,171.1,183.0,0.0,0.0,0.0,0.0,1.0
low,9,5,204.0,4080.0,20226.8,404536.0,99.15098039215685,98.3,81.5,85.7,110.9,117.9,123.5,0.0,0.0,0.03431372549019608,0.0,1.0
low,9,6,99.0,1980.0,9222.1,184442.0,93.15252525252525,92.0,71.0,81.5,105.3,113.98,118.03999999999999,0.0,0.0,0.010101010101010102,0.0,1.0
low,9,7,160.0,3200.0,16670.2,333404.0,104.18875,102.5,85.49000000000001,87.8,118.25,133.3,138.96999999999997,0.0,0.0,0.03125,0.0,1.0
low,9,8,163.0,3260.0,12848.399999999998,256967.99999999994,78.8245398773006,81.5,50.0,64.7,94.1,105.3,109.5,0.018404907975460124,0.0,0.0,0.0,1.0
low,9,9,406.0,8120.0,17982.3,359646.0,44.29137931034482,41.6,29.0,31.1,52.1,60.5,73.1,0.21182266009852216,0.0,0.009852216748768473,0.0,1.0
low,9,10,116.0,2320.0,7910.499999999999,158209.99999999997,68.19396551724137,66.8,43.7,54.2,82.025,94.1,105.65,0.008620689655172414,0.0,0.0,0.0,1.0
low,9,11,37.0,740.0,6348.9,126978.0,171.5918918918919,169.7,152.9,159.9,178.1,188.46,201.33999999999995,0.0,0.0,0.0,0.0,1.0
low,9,12,30.0,600.0,4414.8,88296.0,147.16,145.2,138.62,139.25,154.3,161.44,163.47,0.0,0.0,0.0,0.0,1.0
low,9,13,15.0,300.0,2422.3,48446.0,161.48666666666668,161.3,145.34,150.8,171.8,179.22,184.11999999999998,0.0,0.0,0.0,0.0,1.0
low,9,14,18.0,360.0,5223.2,104464.0,290.17777777777775,290.1,281.28,285.2,298.5,302.84,310.53999999999996,0.0,0.0,0.0,0.0,1.0
low,9,15,9.0,180.0,2589.9,51798.0,287.76666666666665,287.3,267.98,273.3,295.7,313.06,316.98,0.0,0.0,0.0,0.0,1.0
low,9,16,5.0,100.0,1552.7,31054.0,310.54,318.1,291.5,295.7,320.9,325.94,327.62,0.0,0.0,0.0,0.0,1.0
low,9,17,31.0,620.0,6093.7,121874.0,196.57096774193548,199.1,172.5,183.7,207.5,220.1,225.7,0.0,0.0,0.0,0.0,1.0
low,9,18,12.0,240.0,3034.6,60692.0,252.88333333333333,252.3,239.84,244.25,264.9,267.42,271.48,0.0,0.0,0.0,0.0,1.0
low,9,19,92.0,1840.0,11660.199999999999,233203.99999999997,126.74130434782607,125.6,109.5,114.75,135.04999999999998,143.1,150.73,0.0,0.0,0.010869565217391304,0.0,1.0
low,9,20,35.0,700.0,5154.099999999999,103081.99999999999,147.26,145.9,128.26,136.1,157.1,167.74,172.21999999999997,0.0,0.0,0.0,0.0,1.0
low,9,21,138.0,2760.0,11388.400000000001,227768.00000000003,82.52463768115943,79.4,62.6,71.0,94.1,103.9,108.73000000000002,0.0,0.0,0.0,0.0,1.0
low,9,22,6.0,120.0,1783.9999999999998,35679.99999999999,297.3333333333333,295.0,289.4,291.85,299.2,307.6,311.45,0.0,0.0,1.0,0.0,1.0
low,9,23,5.0,100.0,1439.3000000000002,28786.000000000004,287.86,291.5,252.86,253.7,309.7,323.14,327.62,0.0,0.0,0.0,0.0,1.0
low,9,24,6.0,120.0,1345.7999999999997,26915.999999999993,224.29999999999995,233.4,178.8,203.3,250.9,260.7,265.6,0.0,0.0,0.0,0.0,1.0
low,9,25,10.0,200.0,1258.8,25176.0,125.88,127.0,64.28,114.05,145.20000000000002,155.41999999999996,185.6599999999999,0.0,0.0,0.0,0.0,1.0
low,9,26,15.0,300.0,4511.1,90222.0,300.74,298.5,286.18,292.9,315.3,321.46,342.17999999999995,0.0,0.0,1.0,0.0,1.0
low,10,-1,1.0,20.0,355.9,7118.0,355.9,355.9,355.9,355.9,355.9,355.9,355.9,0.0,0.0,1.0,0.0,1.0
low,10,1,50.0,1000.0,6121.799999999999,122435.99999999999,122.43599999999998,122.1,112.16,115.1,127.35,133.58,141.20999999999998,0.0,0.0,0.0,0.0,1.0
low,10,2,68.0,1360.0,7564.299999999999,151286.0,111.23970588235294,110.9,100.4,106.7,113.7,119.3,123.85,0.0,0.0,0.0,0.0,1.0
low,10,3,82.0,1640.0,10875.999999999998,217519.99999999997,132.6341463414634,129.8,112.3,122.44999999999999,137.5,156.96,159.9,0.0,0.0,0.0,0.0,1.0
low,10,4,38.0,760.0,6206.400000000001,124128.00000000001,163.3263157894737,154.3,138.48000000000002,143.45,179.5,200.64000000000004,211.91,0.0,0.0,0.0,0.0,1.0
low,10,5,168.0,3360.0,12880.0,257600.0,76.66666666666667,75.2,58.4,68.9,85.7,96.2,100.4,0.0,0.0,0.03571428571428571,0.0,1.0
low,10,6,53.0,1060.0,3326.1999999999994,66523.99999999999,62.75849056603772,62.6,48.32,56.3,71.0,75.2,78.97999999999999,0.0,0.0,0.018867924528301886,0.0,1.0
low,10,7,132.0,2640.0,10041.9,200838.0,76.075,73.1,54.410000000000004,62.6,83.6,102.29,108.72999999999998,0.0,0.0,0.015151515151515152,0.0,1.0
low,10,8,112.0,2240.0,6484.8,129696.0,57.9,55.25,31.1,45.275,69.42500000000001,79.4,89.26999999999985,0.07142857142857142,0.0,0.0,0.0,1.0
low,10,9,108.0,2160.0,6989.0,139780.0,64.71296296296296,58.4,39.5,47.375,77.3,101.03,104.80999999999999,0.037037037037037035,0.0,0.0,0.0,1.0
low,10,10,134.0,2680.0,4725.299999999999,94505.99999999999,35.26343283582089,29.0,29.0,29.0,35.3,47.27,54.93499999999999,0.5597014925373134,0.0,0.0,0.0,1.0
low,10,11,31.0,620.0,4538.300000000001,90766.00000000003,146.39677419354842,131.9,122.1,127.7,159.89999999999998,190.7,199.8,0.0,0.0,0.0,0.0,1.0
low,10,12,22.0,440.0,2609.8999999999996,52197.99999999999,118.63181818181816,115.1,108.38,112.3,124.9,133.3,133.3,0.0,0.0,0.0,0.0,1.0
low,10,13,12.0,240.0,1615.0,32300.0,134.58333333333334,131.9,123.78,127.35,141.35000000000002,145.76000000000002,148.42,0.0,0.0,0.0,0.0,1.0
low,10,14,11.0,220.0,2894.2999999999997,57885.99999999999,263.11818181818177,262.1,253.7,256.5,276.1,281.7,281.7,0.0,0.0,0.0,0.0,1.0
low,10,15,12.0,240.0,2981.4,59628.0,248.45000000000002,249.5,238.72,243.55,255.1,255.1,255.73,0.0,0.0,0.0,0.0,1.0
low,10,16,4.0,80.0,1142.2,22844.0,285.55,285.9,270.78,279.6,291.85,300.04,302.77,0.0,0.0,0.25,0.0,1.0
low,10,17,26.0,520.0,4347.799999999999,86955.99999999999,167.2230769230769,166.9,161.3,164.45,172.15,176.0,181.25,0.0,0.0,0.0,0.0,1.0
low,10,18,5.0,100.0,1103.3,22066.0,220.66,220.1,215.62,217.3,222.9,226.26,227.38,0.0,0.0,0.0,0.0,1.0
low,10,19,76.0,1520.0,7510.0,150200.0,98.8157894736842,99.35,80.45,87.8,108.1,117.19999999999999,127.35,0.0,0.0,0.0,0.0,1.0
low,10,20,20.0,400.0,2597.4,51948.0,129.87,129.8,119.16,123.85000000000001,133.3,137.22,147.72000000000003,0.0,0.0,0.0,0.0,1.0
low,10,21,51.0,1020.0,6355.199999999999,127103.99999999997,124.61176470588234,123.5,105.3,113.0,129.1,136.1,169.7,0.0,0.0,0.0,0.0,1.0
low,10,22,1.0,20.0,283.1,5662.0,283.1,283.1,283.1,283.1,283.1,283.1,283.1,0.0,0.0,1.0,0.0,1.0
low,10,23,7.0,140.0,2062.9,41258.0,294.7,283.1,264.9,265.6,323.7,328.74,332.52,0.0,0.0,0.0,0.0,1.0
low,10,24,4.0,80.0,867.8,17356.0,216.95,200.5,176.84,187.55,229.9,270.22,283.65999999999997,0.0,0.0,0.0,0.0,1.0
low,10,25,12.0,240.0,1718.6000000000001,34372.0,143.21666666666667,136.8,108.24,113.69999999999999,153.6,198.54000000000002,210.23,0.0,0.0,0.0,0.0,1.0
low,10,26,5.0,100.0,1594.7,31894.0,318.94,318.1,273.58000000000004,280.3,358.7,364.58,366.54,0.0,0.0,1.0,0.0,1.0
low,11,1,48.0,960.0,7196.4,143928.0,149.92499999999998,145.9,137.5,140.3,151.85,169.28000000000006,190.63,0.0,0.0,0.0,0.0,1.0
low,11,2,42.0,840.0,7110.599999999999,142212.0,169.29999999999998,162.0,152.9,157.1,170.75,202.6,215.33999999999995,0.0,0.0,0.0,0.0,1.0
low,11,3,36.0,720.0,7026.200000000001,140524.0,195.17222222222225,197.0,164.8,177.75,207.85,220.8,234.8,0.0,0.0,0.0,0.0,1.0
low,11,4,14.0,280.0,2886.7999999999997,57735.99999999999,206.2,192.8,174.6,183.7,236.9,248.66,255.86999999999998,0.0,0.0,0.07142857142857142,0.0,1.0
low,11,5,148.0,2960.0,18495.0,369900.0,124.96621621621621,124.9,112.3,119.3,126.3,132.32000000000002,148.7,0.0,0.0,0.10135135135135136,0.0,1.0
low,11,6,32.0,640.0,3706.3,74126.0,115.821875,109.5,98.51,106.7,116.85,131.06000000000003,147.92999999999998,0.0,0.0,0.0,0.0,1.0
low,11,7,99.0,1980.0,11091.800000000001,221836.00000000003,112.03838383838385,106.7,89.48,102.5,114.4,147.86,159.9,0.0,0.0,0.020202020202020204,0.0,1.0
low,11,8,30.0,600.0,4248.199999999999,84963.99999999997,141.60666666666663,131.2,116.36,125.95,138.9,190.84,195.95,0.0,0.0,0.0,0.0,1.0
low,11,9,37.0,740.0,6675.1,133502.0,180.4081081081081,176.7,150.1,164.1,187.9,215.33999999999997,237.45999999999998,0.0,0.0,0.0,0.0,1.0
low,11,10,24.0,480.0,3686.3999999999996,73728.0,153.6,131.2,123.92,127.7,171.1,228.49999999999994,251.88,0.0,0.0,0.0,0.0,1.0
low,11,11,179.0,3580.0,9674.5,193490.0,54.047486033519554,37.4,29.0,29.0,79.4,105.58000000000003,112.43999999999998,0.3743016759776536,0.0,0.0111731843575419,0.0,1.0
low,11,12,83.0,1660.0,4945.199999999999,98903.99999999997,59.58072289156625,45.8,31.520000000000003,39.5,64.7,117.05999999999999,126.3,0.07228915662650602,0.0,0.0,0.0,1.0
low,11,13,50.0,1000.0,3234.2999999999997,64685.99999999999,64.68599999999999,62.6,41.39,50.0,75.2,98.3,102.5,0.04,0.0,0.0,0.0,1.0
low,11,14,36.0,720.0,6162.400000000001,123248.00000000001,171.1777777777778,177.39999999999998,137.5,160.60000000000002,186.5,191.39999999999998,197.7,0.0,0.0,0.0,0.0,1.0
low,11,15,26.0,520.0,4371.599999999999,87431.99999999999,168.1384615384615,166.2,159.9,162.7,174.95000000000002,178.8,179.5,0.0,0.0,0.0,0.0,1.0
low,11,16,14.0,280.0,2714.6000000000004,54292.00000000001,193.90000000000003,191.39999999999998,181.74,186.85,199.8,206.8,212.32999999999998,0.0,0.0,0.0,0.0,1.0
low,11,17,23.0,460.0,4500.9,90018.0,195.69130434782608,189.3,181.18,183.7,194.2,223.46,229.62,0.0,0.0,0.0,0.0,1.0
low,11,18,17.0,340.0,4067.8999999999996,81358.0,239.2882352941176,239.7,223.74,229.9,243.9,247.82,258.73999999999995,0.0,0.0,0.0,0.0,1.0
low,11,19,72.0,1440.0,8814.300000000001,176286.00000000003,122.42083333333335,114.4,102.64,105.3,130.5,156.67999999999998,180.76000000000002,0.0,0.0,0.0,0.0,1.0
low,11,20,8.0,160.0,1283.3999999999999,25667.999999999996,160.42499999999998,161.3,155.7,156.75,163.04999999999998,164.51999999999998,165.01,0.0,0.0,0.0,0.0,1.0
low,11,21,20.0,400.0,4116.4,82328.0,205.82,205.39999999999998,193.22,199.1,207.5,214.64000000000001,229.97000000000003,0.0,0.0,0.0,0.0,1.0
low,11,22,7.0,140.0,1556.1,31122.0,222.29999999999998,210.3,197.14,208.2,220.8,255.38000000000005,279.73999999999995,0.0,0.0,1.0,0.0,1.0
low,11,23,18.0,360.0,3133.0,62660.0,174.05555555555554,171.8,152.62,158.85,184.75,200.78,207.00999999999996,0.0,0.0,0.0,0.0,1.0
low,11,24,10.0,200.0,2552.4,51048.0,255.24,250.2,221.08,237.95,267.7,313.06,315.58,0.0,0.0,0.0,0.0,1.0
low,11,25,3.0,60.0,574.9,11498.0,191.63333333333333,215.9,81.5,131.9,263.5,292.06,301.58000000000004,0.0,0.0,0.0,0.0,1.0
low,11,26,25.0,500.0,4775.200000000001,95504.00000000001,191.00800000000004,208.9,119.02,145.9,210.3,256.7800000000001,301.0199999999999,0.0,0.0,1.0,0.0,1.0
low,12,1,34.0,680.0,4700.2,94004.0,138.24117647058824,138.2,126.72,133.3,142.75,148.7,153.04,0.0,0.0,0.0,0.0,1.0
low,12,2,39.0,780.0,5793.7,115874.0,148.55641025641026,148.7,138.06,142.39999999999998,156.39999999999998,158.78,160.18,0.0,0.0,0.0,0.0,1.0
low,12,3,41.0,820.0,7514.9,150298.0,183.29024390243902,189.3,148.7,165.5,197.7,221.5,227.1,0.0,0.0,0.0,0.0,1.0
low,12,4,18.0,360.0,3644.0,72880.0,202.44444444444446,190.7,167.18,178.1,228.15,247.96,253.83999999999997,0.0,0.0,0.0,0.0,1.0
low,12,5,84.0,1680.0,9255.4,185108.0,110.18333333333332,114.4,92.0,102.5,119.3,122.1,124.9,0.0,0.0,0.03571428571428571,0.0,1.0
low,12,6,40.0,800.0,3788.5,75770.0,94.7125,97.25,79.4,87.8,103.9,106.7,106.77,0.0,0.0,0.0,0.0,1.0
low,12,7,103.0,2060.0,8269.9,165398.0,80.29029126213592,79.4,60.5,71.0,95.15,98.3,100.4,0.0,0.0,0.02912621359223301,0.0,1.0
low,12,8,35.0,700.0,4163.599999999999,83271.99999999999,118.95999999999998,117.9,104.74,111.6,123.5,136.38,142.82,0.0,0.0,0.02857142857142857,0.0,1.0
low,12,9,28.0,560.0,4356.8,87136.0,155.6,152.9,139.88000000000002,147.64999999999998,167.25,178.1,179.01,0.0,0.0,0.0,0.0,1.0
low,12,10,36.0,720.0,4347.3,86946.0,120.75833333333334,120.0,108.8,114.39999999999999,127.7,133.3,139.6,0.0,0.0,0.0,0.0,1.0
low,12,11,90.0,1800.0,4651.2,93024.0,51.68,42.650000000000006,29.0,35.3,56.3,104.18000000000004,118.67,0.1111111111111111,0.0,0.011111111111111112,0.0,1.0
low,12,12,115.0,2300.0,4562.8,91256.0,39.676521739130436,35.3,29.0,29.0,43.7,52.1,60.91999999999997,0.3217391304347826,0.0,0.017391304347826087,0.0,1.0
low,12,13,27.0,540.0,1823.8999999999999,36478.0,67.55185185185185,62.6,50.0,53.150000000000006,74.15,91.58000000000004,109.71,0.0,0.0,0.0,0.0,1.0
low,12,14,20.0,400.0,3959.6000000000004,79192.0,197.98000000000002,195.60000000000002,190.0,193.5,204.70000000000002,210.72000000000003,214.85,0.0,0.0,0.05,0.0,1.0
low,12,15,17.0,340.0,3219.5,64390.0,189.38235294117646,187.9,178.38,179.5,192.1,203.02,211.13999999999996,0.0,0.0,0.058823529411764705,0.0,1.0
low,12,16,12.0,240.0,2554.4000000000005,51088.000000000015,212.8666666666667,213.1,199.24,206.8,220.1,228.92000000000002,231.16,0.0,0.0,0.08333333333333333,0.0,1.0
low,12,17,16.0,320.0,3160.4,63208.0,197.525,192.1,183.7,184.75,202.25,222.2,232.7,0.0,0.0,0.0,0.0,1.0
low,12,18,14.0,280.0,3495.7999999999993,69915.99999999999,249.69999999999996,250.9,240.54,248.1,256.15,260.7,260.7,0.0,0.0,0.0,0.0,1.0
low,12,19,43.0,860.0,5286.0,105720.0,122.93023255813954,124.9,108.38,113.7,131.9,140.02,147.02,0.0,0.0,0.0,0.0,1.0
low,12,20,14.0,280.0,2231.6000000000004,44632.00000000001,159.40000000000003,159.89999999999998,145.9,150.8,166.9,171.8,177.82,0.0,0.0,0.0,0.0,1.0
low,12,21,19.0,380.0,3605.1,72102.0,189.7421052631579,190.7,173.9,182.3,198.39999999999998,204.14000000000001,208.61999999999998,0.0,0.0,0.0,0.0,1.0
low,12,22,6.0,120.0,1253.3999999999999,25067.999999999996,208.89999999999998,209.60000000000002,203.3,205.75,212.4,213.8,214.15,0.0,0.0,1.0,0.0,1.0
low,12,23,12.0,240.0,2530.6,50612.0,210.88333333333333,214.5,173.06,204.35,228.5,233.96,235.35999999999999,0.0,0.0,0.0,0.0,1.0
low,12,24,11.0,220.0,2597.5,51950.0,236.13636363636363,238.3,207.5,213.10000000000002,251.60000000000002,285.9,291.5,0.0,0.0,0.0,0.0,1.0
low,12,25,3.0,60.0,637.9000000000001,12758.000000000002,212.63333333333335,179.5,170.54000000000002,173.9,234.8,267.98,279.04,0.0,0.0,0.0,0.0,1.0
low,12,26,7.0,140.0,1704.5,34090.0,243.5,256.5,165.22,208.2,297.79999999999995,310.26,312.78,0.0,0.0,1.0,0.0,1.0
low,13,-1,1.0,20.0,238.3,4766.0,238.3,238.3,238.3,238.3,238.3,238.3,238.3,0.0,0.0,1.0,0.0,1.0
low,13,1,28.0,560.0,4013.8,80276.0,143.35,141.7,133.3,137.15,146.25,156.96,159.9,0.0,0.0,0.0,0.0,1.0
low,13,2,21.0,420.0,3352.2999999999997,67046.0,159.63333333333333,158.5,147.3,152.9,162.7,173.9,176.7,0.0,0.0,0.0,0.0,1.0
low,13,3,17.0,340.0,3388.9,67778.0,199.3470588235294,204.7,156.26,180.9,220.1,225.42000000000002,227.66,0.0,0.0,0.0,0.0,1.0
low,13,4,11.0,220.0,2323.1,46462.0,211.1909090909091,192.1,161.3,176.7,247.4,276.1,287.3,0.0,0.0,0.0,0.0,1.0
low,13,5,47.0,940.0,5660.299999999998,113205.99999999997,120.43191489361699,120.7,110.34,116.5,127.0,127.7,128.67999999999998,0.0,0.0,0.0,0.0,1.0
low,13,6,26.0,520.0,2801.5000000000005,56030.00000000001,107.75000000000001,106.0,94.1,100.4,113.7,120.0,129.1,0.0,0.0,0.038461538461538464,0.0,1.0
low,13,7,54.0,1080.0,5386.6,107732.0,99.75185185185185,102.5,87.8,94.1,105.3,106.7,109.5,0.0,0.0,0.05555555555555555,0.0,1.0
low,13,8,21.0,420.0,2711.8000000000006,54236.000000000015,129.13333333333335,127.7,119.3,122.1,133.3,140.3,145.9,0.0,0.0,0.0,0.0,1.0
low,13,9,19.0,380.0,3077.2999999999997,61545.99999999999,161.96315789473684,162.7,146.74,152.89999999999998,167.6,182.3,182.85999999999999,0.0,0.0,0.0,0.0,1.0
low,13,10,17.0,340.0,2264.7,45294.0,133.21764705882353,130.5,124.61999999999999,129.1,141.7,142.82,145.06,0.0,0.0,0.0,0.0,1.0
low,13,11,53.0,1060.0,3531.3,70626.0,66.62830188679246,64.7,42.86,52.1,75.2,100.4,102.5,0.018867924528301886,0.0,0.03773584905660377,0.0,1.0
low,13,12,29.0,580.0,1685.1999999999998,33704.0,58.110344827586204,54.2,43.28,50.0,71.0,73.94,77.3,0.0,0.0,0.0,0.0,1.0
low,13,13,29.0,580.0,998.5,19970.0,34.43103448275862,29.0,29.0,29.0,37.4,45.8,52.09999999999997,0.5517241379310345,0.0,0.0,0.0,1.0
low,13,14,16.0,320.0,2872.0,57440.0,179.5,183.0,155.7,170.75,191.39999999999998,195.60000000000002,199.8,0.0,0.0,0.0,0.0,1.0
low,13,15,11.0,220.0,1890.5,37810.0,171.86363636363637,172.5,165.5,171.1,174.60000000000002,175.3,175.3,0.0,0.0,0.0,0.0,1.0
low,13,16,9.0,180.0,1801.7,36034.0,200.1888888888889,200.5,196.02,197.7,203.3,204.98,205.54,0.0,0.0,0.0,0.0,1.0
low,13,17,14.0,280.0,2903.6,58072.0,207.4,206.1,190.28,203.65,212.75,221.64000000000001,225.84,0.0,0.0,0.0,0.0,1.0
low,13,18,2.0,40.0,501.8,10036.0,250.9,250.9,241.94,245.3,256.5,259.86,260.98,0.0,0.0,0.0,0.0,1.0
low,13,19,18.0,360.0,2379.8,47596.0,132.2111111111111,126.3,117.62,121.05,135.75,159.2,164.73,0.0,0.0,0.0,0.0,1.0
low,13,20,2.0,40.0,332.4,6648.0,166.2,166.2,158.92,161.65,170.75,173.48000000000002,174.39000000000001,0.0,0.0,0.0,0.0,1.0
low,13,21,7.0,140.0,1448.3000000000002,28966.000000000004,206.90000000000003,203.3,198.82,201.2,212.4,218.14000000000001,219.82,0.0,0.0,0.0,0.0,1.0
low,13,22,7.0,140.0,1341.9,26838.0,191.70000000000002,190.7,184.54,186.5,195.6,201.62,202.46,0.0,0.0,1.0,0.0,1.0
low,13,23,4.0,80.0,716.5999999999999,14331.999999999998,179.14999999999998,181.6,166.89999999999998,173.2,187.55,189.44,190.07,0.0,0.0,0.0,0.0,1.0
low,13,24,4.0,80.0,988.2,19764.0,247.05,248.1,216.88,228.85,266.3,276.38,279.74,0.0,0.0,0.0,0.0,1.0
low,13,25,3.0,60.0,664.5,13290.0,221.5,236.9,195.46,211.0,239.7,241.38,241.94,0.0,0.0,0.0,0.0,1.0
low,13,26,4.0,80.0,1034.3999999999999,20687.999999999996,258.59999999999997,255.1,192.52,193.15,320.55,327.48,329.79,0.0,0.0,1.0,0.0,1.0
low,14,1,21.0,420.0,5642.7,112854.0,268.7,273.3,235.5,257.9,281.7,287.3,302.7,0.0,0.0,0.0,0.0,1.0
low,14,2,8.0,160.0,2333.4,46668.0,291.675,289.4,278.48,286.25,298.15000000000003,306.34000000000003,312.22,0.0,0.0,0.125,0.0,1.0
low,14,3,25.0,500.0,8239.5,164790.0,329.58,327.9,289.82,320.9,346.1,358.42,364.58,0.0,0.0,0.0,0.0,1.0
low,14,4,17.0,340.0,5584.099999999999,111681.99999999999,328.47647058823526,325.1,290.66,320.9,337.7,362.62,383.05999999999995,0.0,0.0,0.0,0.0,1.0
low,14,5,65.0,1300.0,16101.3,322026.0,247.7123076923077,249.5,235.5,243.9,256.5,262.94,264.9,0.0,0.0,0.1076923076923077,0.0,1.0
low,14,6,11.0,220.0,2541.5000000000005,50830.00000000001,231.0454545454546,231.3,211.7,223.60000000000002,234.8,245.3,256.5,0.0,0.0,0.0,0.0,1.0
low,14,7,57.0,1140.0,13052.5,261050.0,228.99122807017545,227.1,217.3,227.1,235.5,243.9,246.98,0.0,0.0,0.08771929824561403,0.0,1.0
low,14,8,22.0,440.0,5727.0,114540.0,260.3181818181818,258.6,248.1,253.0,271.54999999999995,277.5,278.83,0.0,0.0,0.0,0.0,1.0
low,14,9,17.0,340.0,4990.5,99810.0,293.55882352941177,291.5,283.1,288.7,298.5,301.58,308.3,0.0,0.0,0.0,0.0,1.0
low,14,10,10.0,200.0,2608.4,52168.0,260.84000000000003,260.70000000000005,248.8,256.15,274.7,276.24,276.87,0.0,0.0,0.0,0.0,1.0
low,14,11,36.0,720.0,6245.000000000002,124900.00000000003,173.47222222222229,173.9,150.8,169.7,186.5,190.7,197.0,0.0,0.0,0.0,0.0,1.0
low,14,12,26.0,520.0,4965.2,99304.0,190.96923076923076,193.5,184.39999999999998,187.2,196.3,203.3,207.85,0.0,0.0,0.038461538461538464,0.0,1.0
low,14,13,23.0,460.0,4043.099999999999,80861.99999999999,175.78695652173909,179.5,153.46,172.5,183.7,190.14,198.26,0.0,0.0,0.043478260869565216,0.0,1.0
low,14,14,446.0,8920.0,20279.6,405592.0,45.46995515695067,40.1,25.5,29.0,52.1,76.8,93.35,0.23542600896860988,0.0,0.020179372197309416,0.0,1.0
low,14,15,59.0,1180.0,6002.0,120040.0,101.72881355932203,97.9,86.14,92.3,109.1,119.5,122.81999999999994,0.0,0.0,0.03389830508474576,0.0,1.0
low,14,16,53.0,1060.0,5426.099999999999,108521.99999999999,102.37924528301886,96.5,84.46000000000001,89.5,114.7,124.5,135.7,0.0,0.0,0.018867924528301886,0.0,1.0
low,14,17,15.0,300.0,4095.2999999999997,81906.0,273.02,268.7,245.74,255.4,287.6,308.46,317.26,0.0,0.0,0.0,0.0,1.0
low,14,18,12.0,240.0,2523.8,50476.0,210.3166666666667,208.5,191.14000000000001,201.85,220.75,236.08,239.65,0.0,0.0,0.08333333333333333,0.0,1.0
low,14,19,16.0,320.0,3970.4,79408.0,248.15,248.6,225.5,233.35,255.05,264.5,279.3,0.0,0.0,0.0625,0.0,1.0
low,14,20,7.0,140.0,1991.5,39830.0,284.5,274.3,267.86,270.1,295.3,311.82,316.85999999999996,0.0,0.0,0.0,0.0,1.0
low,14,21,8.0,160.0,2578.0,51560.0,322.25,322.6,310.84000000000003,314.2,325.05,334.5,339.4,0.0,0.0,0.0,0.0,1.0
low,14,22,32.0,640.0,5332.4,106648.0,166.6375,169.7,151.64000000000001,157.1,173.9,176.56,177.95999999999998,0.0,0.0,1.0,0.0,1.0
low,14,23,67.0,1340.0,8993.6,179872.0,134.23283582089553,130.1,73.0,89.5,184.89999999999998,206.14000000000001,217.85999999999999,0.014925373134328358,0.0,0.07462686567164178,0.0,1.0
low,14,24,6.0,120.0,1449.8000000000002,28996.000000000004,241.63333333333335,247.0,184.7,196.25,286.2,293.20000000000005,295.65000000000003,0.0,0.0,0.0,0.0,1.0
low,14,25,2.0,40.0,676.0,13520.0,338.0,338.0,336.32,336.95,339.05,339.68,339.89000000000004,0.0,0.0,0.0,0.0,1.0
low,14,26,13.0,260.0,2340.5,46810.0,180.03846153846155,172.5,134.98,136.1,190.7,258.18000000000006,288.69999999999993,0.0,0.0,1.0,0.0,1.0
low,15,-1,1.0,20.0,192.1,3842.0,192.1,192.1,192.1,192.1,192.1,192.1,192.1,0.0,0.0,1.0,0.0,1.0
low,15,1,8.0,160.0,2038.0,40760.0,254.75,251.60000000000002,247.68,250.2,262.45000000000005,263.5,263.5,0.0,0.0,0.125,0.0,1.0
low,15,2,6.0,120.0,1643.9999999999998,32879.99999999999,273.99999999999994,274.0,270.5,273.3,275.75,277.5,278.2,0.0,0.0,0.0,0.0,1.0
low,15,3,11.0,220.0,3360.4999999999995,67209.99999999999,305.49999999999994,311.1,270.5,288.7,319.5,327.9,337.7,0.0,0.0,0.0,0.0,1.0
low,15,4,9.0,180.0,2811.1,56222.0,312.34444444444443,306.9,298.22,305.5,313.9,327.06,342.18,0.0,0.0,0.0,0.0,1.0
low,15,5,53.0,1060.0,12688.699999999999,253773.99999999997,239.40943396226413,239.7,231.58,239.7,242.5,243.9,245.01999999999998,0.0,0.0,0.09433962264150944,0.0,1.0
low,15,6,7.0,140.0,1557.5,31150.0,222.5,224.3,214.78,217.3,226.4,230.18,231.44,0.0,0.0,0.0,0.0,1.0
low,15,7,25.0,500.0,5391.900000000001,107838.00000000001,215.67600000000002,218.7,201.9,210.3,222.9,225.42000000000002,229.34,0.0,0.0,0.12,0.0,1.0
low,15,8,13.0,260.0,3258.9,65178.0,250.6846153846154,246.7,236.9,238.3,259.3,267.42,270.5,0.0,0.0,0.0,0.0,1.0
low,15,9,10.0,200.0,2843.6000000000004,56872.00000000001,284.36,286.6,265.6,279.95,290.1,300.17999999999995,301.44,0.0,0.0,0.0,0.0,1.0
low,15,10,10.0,200.0,2485.2,49704.0,248.51999999999998,249.5,240.54,241.8,253.35,257.06,259.58,0.0,0.0,0.0,0.0,1.0
low,15,11,22.0,440.0,3816.0,76320.0,173.45454545454547,167.60000000000002,162.84,164.1,174.60000000000002,179.36,186.15,0.0,0.0,0.0,0.0,1.0
low,15,12,14.0,280.0,2619.4,52388.0,187.1,187.2,173.34,177.75,191.05,204.7,206.66,0.0,0.0,0.0,0.0,1.0
low,15,13,8.0,160.0,1363.2,27264.0,170.4,169.7,166.06,166.9,173.9,175.16,176.63,0.0,0.0,0.0,0.0,1.0
low,15,14,62.0,1240.0,6276.799999999999,125535.99999999999,101.23870967741934,100.7,86.7,93.7,108.75,116.0,118.9,0.0,0.0,0.016129032258064516,0.0,1.0
low,15,15,120.0,2400.0,3347.2,66944.0,27.89333333333333,25.5,25.5,25.5,29.0,33.1,35.015,0.7333333333333333,0.0,0.008333333333333333,0.0,1.0
low,15,16,56.0,1120.0,3070.0,61400.0,54.82142857142857,55.05,39.75,48.3,59.7,71.1,72.52499999999999,0.0,0.0,0.0,0.0,1.0
low,15,17,21.0,420.0,4330.7,86614.0,206.2238095238095,202.9,191.7,195.9,210.3,222.5,243.5,0.0,0.0,0.0,0.0,1.0
low,15,18,21.0,420.0,3005.5,60110.0,143.11904761904762,142.7,127.3,138.5,151.1,156.7,160.9,0.0,0.0,0.0,0.0,1.0
low,15,19,17.0,340.0,3742.7,74854.0,220.15882352941176,218.3,209.62,212.7,223.9,229.1,238.21999999999997,0.0,0.0,0.0,0.0,1.0
low,15,20,11.0,220.0,3045.7000000000003,60914.00000000001,276.88181818181823,275.7,271.5,272.9,280.79999999999995,284.1,286.20000000000005,0.0,0.0,0.0,0.0,1.0
low,15,21,4.0,80.0,1205.0,24100.0,301.25,303.0,293.20000000000005,296.35,307.9,307.9,307.9,0.0,0.0,0.0,0.0,1.0
low,15,22,10.0,200.0,2461.4,49228.0,246.14000000000001,236.9,229.34,230.95,265.95,269.1,269.1,0.0,0.0,1.0,0.0,1.0
low,15,23,87.0,1740.0,7005.7,140114.0,80.52528735632184,73.0,38.04,48.099999999999994,116.8,136.1,136.1,0.011494252873563218,0.0,0.11494252873563218,0.0,1.0
low,15,24,13.0,260.0,2352.5000000000005,47050.00000000001,180.9615384615385,160.9,120.58000000000001,144.1,183.3,259.18,310.1399999999998,0.0,0.0,0.07692307692307693,0.0,1.0
low,15,25,4.0,80.0,1346.8000000000002,26936.000000000004,336.70000000000005,338.20000000000005,281.56,298.75,376.15000000000003,390.64000000000004,395.47,0.0,0.0,0.0,0.0,1.0
low,15,26,4.0,80.0,916.8,18336.0,229.2,228.5,211.56,219.75,237.95,247.4,250.54999999999998,0.0,0.0,1.0,0.0,1.0
low,16,1,6.0,120.0,1784.0,35680.0,297.3333333333333,285.9,281.7,285.9,312.15,324.4,326.15,0.0,0.0,0.0,0.0,1.0
low,16,2,7.0,140.0,2128.7,42574.0,304.09999999999997,308.3,291.78,295.0,312.5,313.62,314.46,0.0,0.0,0.0,0.0,1.0
low,16,3,8.0,160.0,2782.8,55656.0,347.85,347.5,326.08,337.0,364.65,367.8,370.25,0.0,0.0,0.0,0.0,1.0
low,16,4,9.0,180.0,3004.3,60086.0,333.81111111111113,336.3,319.78,332.1,341.9,343.58,344.14,0.0,0.0,0.0,0.0,1.0
low,16,5,26.0,520.0,6884.599999999999,137692.0,264.79230769230765,267.7,257.9,263.5,268.75,269.1,269.1,0.0,0.0,0.15384615384615385,0.0,1.0
low,16,6,4.0,80.0,991.0,19820.0,247.75,247.39999999999998,240.12,240.75,254.39999999999998,255.66,256.08,0.0,0.0,0.0,0.0,1.0
low,16,7,14.0,280.0,3423.0,68460.0,244.5,243.9,234.94,239.0,251.60000000000002,258.46000000000004,259.79,0.0,0.0,0.0,0.0,1.0
low,16,8,9.0,180.0,2384.1000000000004,47682.00000000001,264.90000000000003,263.5,249.5,259.3,274.7,277.5,280.3,0.0,0.0,0.0,0.0,1.0
low,16,9,7.0,140.0,2111.9,42238.0,301.7,301.3,284.78,290.1,314.6,316.42,317.26,0.0,0.0,0.0,0.0,1.0
low,16,10,4.0,80.0,1128.2,22564.0,282.05,277.5,261.68,267.35,292.2,306.06,310.68,0.0,0.0,0.0,0.0,1.0
low,16,11,15.0,300.0,2850.7000000000003,57014.00000000001,190.04666666666668,186.5,180.34,185.1,196.3,202.18,204.56,0.0,0.0,0.0,0.0,1.0
low,16,12,13.0,260.0,2656.9,53138.0,204.37692307692308,204.7,192.38,200.5,211.7,213.1,215.89999999999998,0.0,0.0,0.0,0.0,1.0
low,16,13,10.0,200.0,1920.9999999999998,38419.99999999999,192.09999999999997,191.39999999999998,184.96,189.65,195.60000000000002,198.11999999999998,200.01,0.0,0.0,0.0,0.0,1.0
low,16,14,53.0,1060.0,5444.099999999999,108881.99999999999,102.7188679245283,96.5,84.18,89.5,114.7,130.1,144.1,0.0,0.0,0.0,0.0,1.0
low,16,15,51.0,1020.0,2825.7000000000003,56514.00000000001,55.405882352941184,57.8,42.6,48.3,59.7,65.4,72.05000000000001,0.0,0.0,0.0196078431372549,0.0,1.0
low,16,16,159.0,3180.0,4316.3,86326.0,27.146540880503146,25.5,25.5,25.5,27.4,33.1,35.0,0.7484276729559748,0.0,0.0,0.0,1.0
low,16,17,7.0,140.0,1595.3000000000002,31906.000000000004,227.90000000000003,226.7,223.06,226.0,231.60000000000002,232.86,233.28,0.0,0.0,0.0,0.0,1.0
low,16,18,9.0,180.0,1528.3,30566.0,169.8111111111111,172.1,155.57999999999998,160.9,176.7,183.02,185.26,0.0,0.0,0.0,0.0,1.0
low,16,19,12.0,240.0,3227.0,64540.0,268.9166666666667,257.0,241.26,249.45,302.65,308.74,312.45,0.0,0.0,0.0,0.0,1.0
low,16,20,4.0,80.0,1198.4,23968.0,299.6,294.6,293.9,293.9,300.3,309.3,312.3,0.0,0.0,0.0,0.0,1.0
low,16,21,3.0,60.0,976.9,19538.0,325.6333333333333,324.7,322.46,323.29999999999995,327.5,329.18,329.74,0.0,0.0,0.0,0.0,1.0
low,16,22,7.0,140.0,1659.6999999999998,33194.0,237.09999999999997,238.3,228.78,231.3,241.8,245.58,246.84,0.0,0.0,1.0,0.0,1.0
low,16,23,43.0,860.0,4791.5,95830.0,111.43023255813954,127.3,50.42,67.3,147.6,162.7,162.7,0.023255813953488372,0.0,0.046511627906976744,0.0,1.0
low,16,24,9.0,180.0,2383.2999999999997,47665.99999999999,264.8111111111111,211.3,178.82,201.5,330.3,378.18,415.14,0.0,0.0,0.0,0.0,1.0
low,16,25,3.0,60.0,962.9,19258.0,320.96666666666664,331.7,266.74,291.1,356.2,370.9,375.8,0.0,0.0,0.0,0.0,1.0
low,16,26,6.0,120.0,1604.8,32096.0,267.46666666666664,267.0,218.7,241.45000000000002,303.05,316.7,320.2,0.0,0.0,1.0,0.0,1.0
low,17,1,20.0,400.0,4774.4,95488.0,238.71999999999997,238.3,228.5,234.1,241.45,254.26,259.93,0.0,0.0,0.0,0.0,1.0
low,17,2,12.0,240.0,2711.2000000000003,54224.00000000001,225.93333333333337,226.39999999999998,210.3,223.95000000000002,231.3,238.02,239.56,0.0,0.0,0.0,0.0,1.0
low,17,3,21.0,420.0,5173.7,103474.0,246.36666666666665,243.9,222.9,238.3,263.5,270.5,274.7,0.0,0.0,0.0,0.0,1.0
low,17,4,8.0,160.0,2099.6000000000004,41992.00000000001,262.45000000000005,267.0,232.14000000000001,235.5,277.85,291.5,301.3,0.0,0.0,0.0,0.0,1.0
low,17,5,20.0,400.0,4176.6,83532.0,208.83,208.9,200.5,206.1,213.1,223.04000000000002,225.42000000000002,0.0,0.0,0.0,0.0,1.0
low,17,6,47.0,940.0,9017.5,180350.0,191.86170212765958,187.9,182.3,183.7,192.1,215.89999999999998,224.3,0.0,0.0,0.0,0.0,1.0
low,17,7,42.0,840.0,7975.8,159516.0,189.9,187.9,179.78,182.65,193.15,211.7,222.40999999999997,0.0,0.0,0.023809523809523808,0.0,1.0
low,17,8,29.0,580.0,5384.7,107694.0,185.67931034482757,185.1,175.02,179.5,190.7,197.7,199.38,0.0,0.0,0.0,0.0,1.0
low,17,9,31.0,620.0,5980.299999999999,119605.99999999999,192.91290322580642,192.1,165.5,180.2,206.1,215.9,235.5,0.0,0.0,0.0,0.0,1.0
low,17,10,30.0,600.0,5058.8,101176.0,168.62666666666667,169.7,160.74,164.1,173.55,180.06,185.87,0.0,0.0,0.0,0.0,1.0
low,17,11,19.0,380.0,3746.5000000000005,74930.00000000001,197.1842105263158,192.1,168.85999999999999,183.7,217.3,231.02,236.61999999999998,0.0,0.0,0.0,0.0,1.0
low,17,12,15.0,300.0,2969.7,59394.0,197.98,194.9,186.22,191.4,199.8,209.46,220.37999999999997,0.0,0.0,0.0,0.0,1.0
low,17,13,13.0,260.0,2697.5,53950.0,207.5,208.9,190.98000000000002,206.1,213.1,220.1,222.06,0.0,0.0,0.0,0.0,1.0
low,17,14,17.0,340.0,4598.099999999999,91961.99999999999,270.47647058823526,268.7,241.26,264.5,277.1,297.82,303.97999999999996,0.0,0.0,0.058823529411764705,0.0,1.0
low,17,15,18.0,360.0,3666.2,73324.0,203.67777777777778,202.2,190.01999999999998,198.7,206.4,220.54,226.06999999999996,0.0,0.0,0.0,0.0,1.0
low,17,16,10.0,200.0,2363.4,47268.0,236.34,233.2,228.1,229.85,246.25,252.4,252.85000000000002,0.0,0.0,0.0,0.0,1.0
low,17,17,143.0,2860.0,5459.700000000001,109194.00000000001,38.179720279720286,27.4,25.5,25.5,46.4,71.1,81.41000000000001,0.5244755244755245,0.0,0.006993006993006993,0.0,1.0
low,17,18,46.0,920.0,4623.5,92470.0,100.51086956521739,97.2,82.25,88.44999999999999,109.8,129.6,131.25,0.0,0.0,0.0,0.0,1.0
low,17,19,60.0,1200.0,7038.8,140776.0,117.31333333333333,116.1,99.3,106.3,127.7,133.18,137.72999999999996,0.0,0.0,0.0,0.0,1.0
low,17,20,35.0,700.0,3906.4999999999995,78129.99999999999,111.6142857142857,106.3,97.9,100.0,120.3,132.02,135.14,0.0,0.0,0.0,0.0,1.0
low,17,21,16.0,320.0,3577.3999999999996,71548.0,223.58749999999998,221.3,188.9,208.85,236.1,257.0,261.1,0.0,0.0,0.0,0.0,1.0
low,17,22,2.0,40.0,716.0,14320.0,358.0,358.0,345.12,349.95,366.05,370.88,372.49,0.0,0.0,1.0,0.0,1.0
low,17,23,37.0,740.0,6719.499999999999,134389.99999999997,181.60810810810807,166.9,161.14,166.9,179.1,235.1,241.81999999999996,0.0,0.0,0.24324324324324326,0.0,1.0
low,17,24,43.0,860.0,5156.1,103122.0,119.90930232558141,120.3,71.1,90.2,150.39999999999998,160.9,165.32,0.0,0.0,0.0,0.0,1.0
low,17,25,4.0,80.0,839.0,16780.0,209.75,208.7,199.66,201.1,217.35,220.68,221.79,0.0,0.0,0.0,0.0,1.0
low,17,26,4.0,80.0,1426.4,28528.0,356.6,347.5,347.5,347.5,356.6,372.98,378.43999999999994,0.0,0.0,1.0,0.0,1.0
low,18,1,8.0,160.0,2417.4,48348.0,302.175,302.7,290.1,297.45,307.59999999999997,311.38,313.34,0.0,0.0,0.0,0.0,1.0
low,18,2,5.0,100.0,1474.3000000000002,29486.000000000004,294.86,291.5,287.58,290.1,292.9,305.5,309.7,0.0,0.0,0.0,0.0,1.0
low,18,3,9.0,180.0,2844.7,56894.0,316.0777777777778,311.1,295.7,302.7,320.9,346.09999999999997,348.9,0.0,0.0,0.0,0.0,1.0
low,18,4,11.0,220.0,3669.8999999999996,73398.0,333.62727272727267,334.9,319.5,328.6,337.0,337.7,353.79999999999995,0.0,0.0,0.0,0.0,1.0
low,18,5,20.0,400.0,5313.400000000001,106268.00000000001,265.67,266.3,255.66,259.3,271.2,277.92,281.84,0.0,0.0,0.05,0.0,1.0
low,18,6,30.0,600.0,7490.600000000001,149812.00000000003,249.6866666666667,248.1,241.1,241.1,255.1,255.1,258.95,0.0,0.0,0.03333333333333333,0.0,1.0
low,18,7,38.0,760.0,9462.800000000001,189256.00000000003,249.02105263157898,248.1,239.7,240.39999999999998,255.1,256.78000000000003,262.1,0.0,0.0,0.0,0.0,1.0
low,18,8,10.0,200.0,2551.0000000000005,51020.00000000001,255.10000000000005,255.10000000000002,246.7,249.5,267.35,267.84,268.47,0.0,0.0,0.0,0.0,1.0
low,18,9,13.0,260.0,3264.5,65290.0,251.1153846153846,248.1,236.34,243.9,260.7,276.65999999999997,281.7,0.0,0.0,0.0,0.0,1.0
low,18,10,7.0,140.0,1598.1,31962.0,228.29999999999998,224.3,216.45999999999998,221.5,237.6,241.66,242.07999999999998,0.0,0.0,0.0,0.0,1.0
low,18,11,21.0,420.0,5053.3,101066.0,240.63333333333335,242.5,225.7,235.5,246.7,252.3,255.1,0.0,0.0,0.0,0.0,1.0
low,18,12,13.0,260.0,3232.3,64646.0,248.63846153846154,252.3,238.86,242.5,255.1,261.54,263.78000000000003,0.0,0.0,0.0,0.0,1.0
low,18,13,2.0,40.0,503.20000000000005,10064.0,251.60000000000002,251.60000000000002,251.04000000000002,251.25,251.95000000000002,252.16000000000003,252.23000000000002,0.0,0.0,0.0,0.0,1.0
low,18,14,6.0,120.0,1272.0,25440.0,212.0,209.2,179.1,196.95,238.25,247.7,248.4,0.0,0.0,0.0,0.0,1.0
low,18,15,26.0,520.0,3664.4,73288.0,140.93846153846155,140.60000000000002,125.19999999999999,135.0,149.0,156.0,161.25,0.0,0.0,0.038461538461538464,0.0,1.0
low,18,16,9.0,180.0,1502.7,30054.0,166.96666666666667,166.5,159.5,160.9,170.7,176.58,179.94,0.0,0.0,0.0,0.0,1.0
low,18,17,51.0,1020.0,5346.1,106922.0,104.82549019607843,102.1,83.9,90.2,112.1,138.5,139.2,0.0,0.0,0.0,0.0,1.0
low,18,18,121.0,2420.0,3933.3,78666.0,32.506611570247934,27.4,25.5,25.5,36.9,43.7,50.2,0.4214876033057851,0.0,0.0,0.0,1.0
low,18,19,20.0,400.0,3543.6,70872.0,177.18,182.8,149.7,166.85,189.6,195.9,196.18,0.0,0.0,0.0,0.0,1.0
low,18,20,10.0,200.0,1734.3999999999999,34688.0,173.44,174.2,163.84,172.1,179.55,183.34,183.52,0.0,0.0,0.0,0.0,1.0
low,18,21,3.0,60.0,817.6999999999999,16353.999999999998,272.56666666666666,272.9,263.14,266.79999999999995,278.5,281.86,282.98,0.0,0.0,0.0,0.0,1.0
low,18,22,2.0,40.0,689.4000000000001,13788.000000000002,344.70000000000005,344.70000000000005,343.58000000000004,344.0,345.40000000000003,345.82000000000005,345.96000000000004,0.0,0.0,1.0,0.0,1.0
low,18,23,28.0,560.0,4001.2,80024.0,142.9,120.30000000000001,102.1,109.9,180.15,204.72,207.51999999999998,0.0,0.0,0.17857142857142858,0.0,1.0
low,18,24,30.0,600.0,2482.8999999999996,49657.99999999999,82.76333333333332,68.25,25.5,43.55,93.69999999999999,157.96000000000004,191.90999999999994,0.13333333333333333,0.0,0.0,0.0,1.0
low,18,25,7.0,140.0,1692.2999999999997,33845.99999999999,241.7571428571428,249.1,210.18,237.9,259.1,270.34,274.41999999999996,0.0,0.0,0.0,0.0,1.0
low,18,26,7.0,140.0,2398.8999999999996,47977.99999999999,342.69999999999993,344.7,283.94,316.7,361.5,398.74,423.5199999999999,0.0,0.0,1.0,0.0,1.0
low,19,-1,2.0,40.0,354.8,7096.0,177.4,177.4,141.0,154.65,200.15,213.8,218.35,0.0,0.0,1.0,0.0,1.0
low,19,1,44.0,880.0,7331.000000000001,146620.00000000003,166.61363636363637,165.5,143.1,152.2,172.5,193.5,203.44,0.0,0.0,0.0,0.0,1.0
low,19,2,66.0,1320.0,10090.0,201800.0,152.87878787878788,148.0,134.0,141.7,155.7,178.1,181.95000000000002,0.0,0.0,0.0,0.0,1.0
low,19,3,73.0,1460.0,13051.7,261034.0,178.79041095890412,173.9,155.7,165.5,192.1,206.1,214.21999999999997,0.0,0.0,0.0,0.0,1.0
low,19,4,29.0,580.0,5895.7,117914.0,203.29999999999998,201.9,171.94,186.5,221.5,244.18,245.3,0.0,0.0,0.0,0.0,1.0
low,19,5,110.0,2200.0,13928.700000000003,278574.00000000006,126.62454545454548,125.6,110.76,115.44999999999999,134.35,144.64000000000001,155.07,0.0,0.0,0.01818181818181818,0.0,1.0
low,19,6,82.0,1640.0,9539.699999999999,190793.99999999997,116.33780487804877,113.7,102.5,105.3,124.9,134.56,141.63,0.0,0.0,0.024390243902439025,0.0,1.0
low,19,7,137.0,2740.0,15818.400000000001,316368.0,115.46277372262774,115.1,95.36,106.7,123.5,133.3,138.33999999999995,0.0,0.0,0.021897810218978103,0.0,1.0
low,19,8,85.0,1700.0,9769.5,195390.0,114.93529411764706,113.7,98.3,106.7,124.9,132.74,140.02,0.0,0.0,0.0,0.0,1.0
low,19,9,90.0,1800.0,11409.699999999999,228193.99999999997,126.77444444444443,123.5,109.36,115.1,135.75,148.7,152.27,0.0,0.0,0.0,0.0,1.0
low,19,10,95.0,1900.0,9339.900000000001,186798.00000000003,98.31473684210528,96.2,79.4,86.75,105.3,124.34000000000002,129.94,0.0,0.0,0.010526315789473684,0.0,1.0
low,19,11,63.0,1260.0,7886.2,157724.0,125.17777777777778,116.5,102.5,106.7,125.6,171.1,181.74,0.0,0.0,0.0,0.0,1.0
low,19,12,49.0,980.0,5821.2,116424.0,118.8,117.9,101.66,109.5,126.3,139.18,143.94,0.0,0.0,0.02040816326530612,0.0,1.0
low,19,13,23.0,460.0,3054.7,61094.0,132.81304347826085,127.7,119.58,122.8,134.0,161.86,170.54,0.0,0.0,0.043478260869565216,0.0,1.0
low,19,14,15.0,300.0,3687.3,73746.0,245.82000000000002,247.7,219.58,230.4,254.0,263.62,280.59999999999997,0.0,0.0,0.0,0.0,1.0
low,19,15,18.0,360.0,4067.8,81356.0,225.9888888888889,220.4,206.68,210.95,226.35,257.06,264.54999999999995,0.0,0.0,0.0,0.0,1.0
low,19,16,11.0,220.0,2875.2999999999993,57505.999999999985,261.390909090909,254.7,246.3,249.1,268.7,282.7,292.5,0.0,0.0,0.0,0.0,1.0
low,19,17,60.0,1200.0,7260.2,145204.0,121.00333333333333,118.9,104.62,109.1,130.1,145.5,150.04999999999995,0.0,0.0,0.0,0.0,1.0
low,19,18,21.0,420.0,3755.7000000000003,75114.0,178.84285714285716,183.3,153.9,167.9,193.1,200.1,200.1,0.0,0.0,0.0,0.0,1.0
low,19,19,353.0,7060.0,17272.4,345448.0,48.93031161473088,42.6,25.5,29.3,61.6,78.32000000000002,92.11999999999999,0.21529745042492918,0.0,0.0028328611898017,0.0,1.0
low,19,20,48.0,960.0,4023.9000000000005,80478.00000000001,83.83125000000001,83.6,62.93,69.2,92.65,105.44000000000001,107.7,0.0,0.0,0.0,0.0,1.0
low,19,21,59.0,1180.0,9289.9,185798.0,157.45593220338984,152.5,142.42,148.3,167.2,176.38000000000002,183.93999999999997,0.0,0.0,0.0,0.0,1.0
low,19,22,5.0,100.0,1409.9,28198.0,281.98,281.7,278.62,280.3,283.1,285.62,286.46000000000004,0.0,0.0,1.0,0.0,1.0
low,19,23,18.0,360.0,4479.8,89596.0,248.8777777777778,250.7,215.9,231.95,256.55,286.2,301.10999999999996,0.0,0.0,0.05555555555555555,0.0,1.0
low,19,24,18.0,360.0,3384.0,67680.0,188.0,181.9,142.0,165.8,210.20000000000002,237.9,238.38,0.0,0.0,0.0,0.0,1.0
low,19,25,19.0,380.0,2837.0,56740.0,149.31578947368422,146.9,82.10000000000001,134.3,170.89999999999998,207.94,231.9199999999999,0.0,0.0,0.0,0.0,1.0
low,19,26,6.0,120.0,1562.7999999999997,31255.999999999993,260.46666666666664,277.5,222.89999999999998,275.05,279.95,281.0,281.35,0.0,0.0,1.0,0.0,1.0
low,20,1,8.0,160.0,1704.8000000000002,34096.0,213.10000000000002,213.1,201.20000000000002,207.5,219.04999999999998,223.46,227.38,0.0,0.0,0.0,0.0,1.0
low,20,2,16.0,320.0,3023.2,60464.0,188.95,189.3,181.60000000000002,183.35,192.45,197.7,201.2,0.0,0.0,0.0,0.0,1.0
low,20,3,23.0,460.0,4677.299999999999,93545.99999999999,203.36086956521737,201.9,185.1,194.2,213.1,218.42,223.74,0.0,0.0,0.0,0.0,1.0
low,20,4,8.0,160.0,2042.2000000000003,40844.00000000001,255.27500000000003,267.70000000000005,215.76,236.55,275.4,279.6,282.05,0.0,0.0,0.0,0.0,1.0
low,20,5,35.0,700.0,5607.699999999999,112153.99999999997,160.21999999999997,158.5,144.5,152.2,167.60000000000002,176.14,181.17999999999998,0.0,0.0,0.02857142857142857,0.0,1.0
low,20,6,29.0,580.0,4663.7,93274.0,160.81724137931033,157.1,155.42,157.1,166.9,169.7,173.06,0.0,0.0,0.0,0.0,1.0
low,20,7,34.0,680.0,5346.999999999999,106939.99999999999,157.26470588235293,159.9,145.9,154.3,159.9,166.9,170.26,0.0,0.0,0.058823529411764705,0.0,1.0
low,20,8,18.0,360.0,2706.0,54120.0,150.33333333333334,149.39999999999998,140.44,144.5,155.0,164.24,171.73,0.0,0.0,0.0,0.0,1.0
low,20,9,36.0,720.0,5252.400000000001,105048.00000000001,145.9,140.3,131.9,134.7,155.7,166.9,170.75,0.0,0.0,0.0,0.0,1.0
low,20,10,20.0,400.0,2555.4,51108.0,127.77000000000001,127.0,119.16,124.55000000000001,132.6,136.1,136.45,0.0,0.0,0.0,0.0,1.0
low,20,11,7.0,140.0,1130.5,22610.0,161.5,164.1,150.94,155.0,167.60000000000002,169.42000000000002,170.26,0.0,0.0,0.0,0.0,1.0
low,20,12,12.0,240.0,2042.0,40840.0,170.16666666666666,169.7,158.64000000000001,163.05,179.15,186.08,187.13,0.0,0.0,0.0,0.0,1.0
low,20,13,2.0,40.0,364.6,7292.0,182.3,182.3,182.3,182.3,182.3,182.3,182.3,0.0,0.0,0.0,0.0,1.0
low,20,14,5.0,100.0,1426.1,28522.0,285.21999999999997,277.1,273.18,275.7,277.1,305.66,315.18,0.0,0.0,0.0,0.0,1.0
low,20,15,12.0,240.0,3382.0,67640.0,281.8333333333333,281.29999999999995,277.1,278.15,284.45000000000005,288.38,290.59,0.0,0.0,0.0,0.0,1.0
low,20,16,2.0,40.0,600.4,12008.0,300.2,300.2,299.64,299.85,300.54999999999995,300.76,300.83,0.0,0.0,0.0,0.0,1.0
low,20,17,38.0,760.0,4356.799999999999,87135.99999999999,114.65263157894735,110.5,100.7,105.25,122.5,130.36,134.72,0.0,0.0,0.02631578947368421,0.0,1.0
low,20,18,10.0,200.0,1790.4,35808.0,179.04000000000002,174.9,171.82,173.85,181.9,191.26,193.78,0.0,0.0,0.0,0.0,1.0
low,20,19,58.0,1160.0,5015.999999999999,100319.99999999999,86.48275862068964,83.75,66.73,73.475,98.95,107.42000000000002,109.71,0.0,0.0,0.0,0.0,1.0
low,20,20,55.0,1100.0,1833.0,36660.0,33.32727272727273,27.4,25.5,25.5,36.099999999999994,53.24,60.269999999999996,0.4909090909090909,0.0,0.0,0.0,1.0
low,20,21,24.0,480.0,4358.200000000001,87164.00000000001,181.5916666666667,182.10000000000002,171.12,175.95000000000002,186.8,197.57999999999998,198.89,0.0,0.0,0.0,0.0,1.0
low,20,23,12.0,240.0,3184.9999999999995,63699.99999999999,265.41666666666663,255.4,195.51999999999998,233.05,304.05,321.47999999999996,339.53999999999996,0.0,0.0,0.08333333333333333,0.0,1.0
low,20,24,11.0,220.0,1680.4,33608.0,152.76363636363638,167.9,48.3,149.2,174.89999999999998,208.5,218.3,0.0,0.0,0.0,0.0,1.0
low,20,25,7.0,140.0,951.0999999999999,19022.0,135.87142857142857,133.3,109.10000000000001,118.4,154.6,164.98,165.94,0.0,0.0,0.0,0.0,1.0
low,21,-1,1.0,20.0,172.5,3450.0,172.5,172.5,172.5,172.5,172.5,172.5,172.5,0.0,0.0,1.0,0.0,1.0
low,21,1,44.0,880.0,7037.0,140740.0,159.9318181818182,161.3,142.11999999999998,155.35,165.85,171.66,176.7,0.0,0.0,0.0,0.0,1.0
low,21,2,77.0,1540.0,10383.099999999999,207661.99999999997,134.84545454545452,136.1,122.94,129.1,138.9,144.5,150.38,0.0,0.0,0.0,0.0,1.0
low,21,3,119.0,2380.0,14211.4,284228.0,119.4235294117647,117.9,106.7,110.9,124.9,137.78,143.1,0.0,0.0,0.0,0.0,1.0
low,21,4,51.0,1020.0,9074.699999999999,181493.99999999997,177.93529411764703,178.1,159.9,171.8,183.7,189.3,197.7,0.0,0.0,0.0,0.0,1.0
low,21,5,92.0,1840.0,12617.799999999996,252355.9999999999,137.14999999999995,137.5,129.23999999999998,134.7,140.3,143.1,146.53,0.0,0.0,0.010869565217391304,0.0,1.0
low,21,6,34.0,680.0,4673.6,93472.0,137.45882352941177,138.9,125.74000000000001,135.04999999999998,142.75,146.88,148.28,0.0,0.0,0.0,0.0,1.0
low,21,7,53.0,1060.0,8180.7,163614.0,154.35283018867923,151.5,140.58,147.3,164.1,169.42,173.06,0.0,0.0,0.0,0.0,1.0
low,21,8,56.0,1120.0,6960.1,139202.0,124.28750000000001,124.2,112.3,118.95,130.85,134.7,137.85,0.0,0.0,0.0,0.0,1.0
low,21,9,155.0,3100.0,12431.600000000002,248632.00000000006,80.20387096774195,79.4,61.34,68.9,92.0,103.9,105.3,0.0064516129032258064,0.0,0.0064516129032258064,0.0,1.0
low,21,10,57.0,1140.0,7163.400000000001,143268.0,125.67368421052633,123.5,115.94,119.3,127.7,137.5,149.25999999999996,0.0,0.0,0.0,0.0,1.0
low,21,11,19.0,380.0,3927.100000000001,78542.00000000001,206.68947368421058,206.1,196.02,201.9,211.7,216.18,218.0,0.0,0.0,0.0,0.0,1.0
low,21,12,12.0,240.0,2264.6,45292.0,188.71666666666667,191.39999999999998,166.2,180.89999999999998,199.8,205.68,207.99,0.0,0.0,0.0,0.0,1.0
low,21,13,12.0,240.0,2466.2000000000003,49324.00000000001,205.51666666666668,204.0,197.84,201.2,209.95,214.36,217.65,0.0,0.0,0.0,0.0,1.0
low,21,14,10.0,200.0,3229.6000000000004,64592.00000000001,322.96000000000004,324.0,312.94,315.59999999999997,326.9,336.54,337.62,0.0,0.0,0.0,0.0,1.0
low,21,15,8.0,160.0,2476.0,49520.0,309.5,308.79999999999995,298.1,304.4,316.7,318.38,320.34,0.0,0.0,0.0,0.0,1.0
low,21,16,2.0,40.0,670.4000000000001,13408.000000000002,335.20000000000005,335.20000000000005,331.28000000000003,332.75,337.65000000000003,339.12,339.61,0.0,0.0,0.0,0.0,1.0
low,21,17,12.0,240.0,2582.6,51652.0,215.21666666666667,213.39999999999998,190.72,194.5,224.0,249.14000000000001,251.76,0.0,0.0,0.0,0.0,1.0
low,21,18,5.0,100.0,1432.9,28658.0,286.58000000000004,290.1,272.62,274.3,295.7,299.06,300.18,0.0,0.0,0.0,0.0,1.0
low,21,19,61.0,1220.0,9596.100000000004,191922.0000000001,157.31311475409842,155.3,144.1,149.7,165.1,171.1,182.3,0.0,0.0,0.0,0.0,1.0
low,21,20,22.0,440.0,4020.0,80400.0,182.72727272727272,181.9,164.12,179.45,186.4,196.26000000000002,204.27999999999997,0.0,0.0,0.0,0.0,1.0
low,21,21,220.0,4400.0,8456.8,169136.0,38.44,32.15,25.5,27.4,40.7,65.58999999999999,80.6,0.36818181818181817,0.0,0.00909090909090909,0.0,1.0
low,21,22,3.0,60.0,1022.9,20458.0,340.96666666666664,337.7,336.58,337.0,343.29999999999995,346.65999999999997,347.78,0.0,0.0,1.0,0.0,1.0
low,21,23,6.0,120.0,1901.0,38020.0,316.8333333333333,313.5,292.5,311.05,332.75,344.5,347.4,0.0,0.0,0.0,0.0,1.0
low,21,24,4.0,80.0,1107.4,22148.0,276.85,278.7,250.92,264.15,291.4,301.29999999999995,304.59999999999997,0.0,0.0,0.0,0.0,1.0
low,21,25,13.0,260.0,1423.2,28464.0,109.47692307692309,87.8,62.62,73.0,152.5,178.86,194.73999999999995,0.0,0.0,0.0,0.0,1.0
low,21,26,2.0,40.0,683.8,13676.0,341.9,341.9,340.78,341.2,342.6,343.02000000000004,343.16,0.0,0.0,1.0,0.0,1.0
low,22,1,14.0,280.0,3933.9999999999995,78679.99999999999,280.99999999999994,277.5,272.74,276.1,283.8,288.84000000000003,296.96,0.0,0.0,1.0,0.0,1.0
low,22,2,3.0,60.0,888.5,17770.0,296.1666666666667,295.7,290.09999999999997,292.2,299.9,302.42,303.26,0.0,0.0,1.0,0.0,1.0
low,22,3,9.0,180.0,3173.7000000000003,63474.00000000001,352.6333333333334,360.1,325.38,346.1,362.9,367.94,375.21999999999997,0.0,0.0,1.0,0.0,1.0
low,22,4,8.0,160.0,2728.2,54564.0,341.025,338.4,314.18,327.2,350.65,376.9,376.9,0.0,0.0,1.0,0.0,1.0
low,22,5,21.0,420.0,5320.7,106414.0,253.36666666666665,255.1,243.9,249.5,257.9,260.7,262.1,0.0,0.0,1.0,0.0,1.0
low,22,6,14.0,280.0,3257.8000000000006,65156.000000000015,232.70000000000005,231.3,227.1,227.8,234.45,242.08,243.48,0.0,0.0,1.0,0.0,1.0
low,22,7,11.0,220.0,2573.7,51474.0,233.97272727272727,235.5,231.3,234.1,235.5,235.5,236.2,0.0,0.0,1.0,0.0,1.0
low,22,8,8.0,160.0,2150.0,43000.0,268.75,271.2,259.02,265.95,273.3,274.56,276.03000000000003,0.0,0.0,1.0,0.0,1.0
low,22,9,6.0,120.0,1779.8,35596.0,296.6333333333333,294.29999999999995,289.4,290.8,303.05,306.2,306.54999999999995,0.0,0.0,1.0,0.0,1.0
low,22,10,4.0,80.0,1079.2,21584.0,269.8,262.79999999999995,259.72,260.35,272.25,285.48,289.89,0.0,0.0,1.0,0.0,1.0
low,22,11,6.0,120.0,1205.8,24116.0,200.96666666666667,204.7,184.39999999999998,194.9,211.35,213.8,214.15,0.0,0.0,1.0,0.0,1.0
low,22,12,7.0,140.0,1494.5,29890.0,213.5,214.5,206.94,210.3,218.7,220.1,220.1,0.0,0.0,1.0,0.0,1.0
low,22,13,8.0,160.0,1543.8000000000002,30876.000000000004,192.97500000000002,195.6,181.18,185.8,199.1,202.04,205.47,0.0,0.0,1.0,0.0,1.0
low,22,14,28.0,560.0,4712.4,94248.0,168.29999999999998,171.8,148.7,156.4,174.6,180.34,185.94,0.0,0.0,1.0,0.0,1.0
low,22,15,9.0,180.0,2221.7,44434.0,246.85555555555553,253.7,228.22,231.3,262.1,264.34,266.02,0.0,0.0,1.0,0.0,1.0
low,22,16,4.0,80.0,970.0,19400.0,242.5,240.39999999999998,235.78,238.29999999999998,244.6,250.9,253.0,0.0,0.0,1.0,0.0,1.0
low,22,17,2.0,40.0,739.8,14796.0,369.9,369.9,356.46000000000004,361.5,378.3,383.34,385.02,0.0,0.0,1.0,0.0,1.0
low,22,18,3.0,60.0,1028.5,20570.0,342.8333333333333,333.5,331.26,332.1,348.9,358.14,361.22,0.0,0.0,1.0,0.0,1.0
low,22,19,4.0,80.0,1097.4,21948.0,274.35,271.9,262.66,267.7,278.55,288.0,291.15,0.0,0.0,1.0,0.0,1.0
low,22,21,2.0,40.0,699.2,13984.0,349.6,349.6,346.8,347.85,351.35,352.40000000000003,352.75,0.0,0.0,1.0,0.0,1.0
low,22,22,94.0,1880.0,3269.5,65390.0,34.78191489361702,29.7,24.0,24.0,37.4,45.53,58.60999999999993,0.425531914893617,0.0,0.3617021276595745,0.0,1.0
low,22,23,9.0,180.0,2210.5,44210.0,245.61111111111111,246.7,223.46,235.5,259.3,263.78,269.94,0.0,0.0,1.0,0.0,1.0
low,22,24,4.0,80.0,1528.6,30572.0,382.15,380.4,349.6,352.75,409.8,416.1,418.2,0.0,0.0,1.0,0.0,1.0
low,22,26,5.0,100.0,434.1,8682.0,86.82000000000001,66.8,47.480000000000004,56.3,124.9,136.66,140.57999999999998,0.0,0.0,1.0,0.0,1.0
low,23,1,12.0,240.0,3316.0,66320.0,276.3333333333333,280.3,232.98000000000002,263.84999999999997,296.05,303.40000000000003,307.88,0.0,0.0,0.0,0.0,1.0
low,23,2,12.0,240.0,3572.2,71444.0,297.68333333333334,300.6,251.18,272.59999999999997,328.95,333.36,343.58,0.0,0.0,0.0,0.0,1.0
low,23,3,4.0,80.0,1269.6,25392.0,317.4,327.9,277.92,297.45,347.85,348.47999999999996,348.69,0.0,0.0,0.0,0.0,1.0
low,23,4,11.0,220.0,3808.5000000000005,76170.00000000001,346.22727272727275,353.1,319.5,326.5,365.70000000000005,375.5,377.6,0.0,0.0,0.0,0.0,1.0
low,23,5,40.0,800.0,10759.8,215196.0,268.995,285.9,222.06,252.3,288.7,295.7,295.84,0.0,0.0,0.05,0.0,1.0
low,23,6,12.0,240.0,3076.6000000000004,61532.00000000001,256.3833333333334,264.9,232.28,247.4,270.5,270.5,270.5,0.0,0.0,0.0,0.0,1.0
low,23,7,18.0,360.0,4142.400000000001,82848.00000000001,230.13333333333335,233.4,204.7,213.45,246.7,252.44,261.4,0.0,0.0,0.0,0.0,1.0
low,23,8,14.0,280.0,3929.8000000000006,78596.00000000001,280.70000000000005,294.3,243.34,258.25,302.7,302.7,303.68,0.0,0.0,0.0,0.0,1.0
low,23,9,7.0,140.0,2005.5000000000002,40110.00000000001,286.50000000000006,294.3,248.38,273.29999999999995,304.8,311.65999999999997,316.28,0.0,0.0,0.0,0.0,1.0
low,23,10,15.0,300.0,4217.1,84342.0,281.14000000000004,281.7,255.38000000000002,267.0,291.5,310.26,315.02,0.0,0.0,0.0,0.0,1.0
low,23,11,14.0,280.0,2482.2000000000003,49644.00000000001,177.3,175.3,150.94,160.25,192.1,198.82000000000002,207.85,0.0,0.0,0.0,0.0,1.0
low,23,12,11.0,220.0,2243.3,44866.0,203.93636363636367,207.5,176.7,191.4,217.3,228.5,232.7,0.0,0.0,0.0,0.0,1.0
low,23,13,6.0,120.0,1028.0,20560.0,171.33333333333334,177.39999999999998,151.5,162.0,182.29999999999998,185.1,185.8,0.0,0.0,0.0,0.0,1.0
low,23,14,59.0,1180.0,7231.8,144636.0,122.57288135593221,121.7,70.72,91.6,156.7,172.66,182.87999999999985,0.01694915254237288,0.0,0.03389830508474576,0.0,1.0
low,23,15,70.0,1400.0,4457.7,89154.0,63.68142857142857,58.75,36.14,46.4,82.025,95.24,111.54999999999998,0.08571428571428572,0.0,0.0,0.0,1.0
low,23,16,29.0,580.0,2525.2000000000003,50504.00000000001,87.07586206896552,83.9,35.76,54.2,113.3,152.5,154.18,0.034482758620689655,0.0,0.034482758620689655,0.0,1.0
low,23,17,12.0,240.0,2472.5999999999995,49451.999999999985,206.04999999999995,221.1,152.5,186.1,228.1,236.08,241.54,0.0,0.0,0.0,0.0,1.0
low,23,18,23.0,460.0,3303.5,66070.0,143.6304347826087,137.1,102.1,111.9,178.39999999999998,191.42,192.95999999999998,0.0,0.0,0.0,0.0,1.0
low,23,19,16.0,320.0,4032.6,80652.0,252.0375,252.6,221.1,234.4,257.25,300.20000000000005,303.0,0.0,0.0,0.0,0.0,1.0
low,23,20,8.0,160.0,2222.3999999999996,44447.99999999999,277.79999999999995,292.5,223.48,245.95,302.65,318.4,335.54999999999995,0.0,0.0,0.0,0.0,1.0
low,23,21,6.0,120.0,1870.2000000000003,37404.00000000001,311.70000000000005,316.3,286.2,304.04999999999995,323.6,332.6,336.35,0.0,0.0,0.0,0.0,1.0
low,23,22,8.0,160.0,2026.8,40536.0,253.35,255.1,228.22,230.95000000000002,271.20000000000005,279.6,282.05,0.0,0.0,1.0,0.0,1.0
low,23,23,67.0,1340.0,5514.099999999999,110281.99999999999,82.3,82.5,28.54,38.8,110.5,140.14,151.78,0.07462686567164178,0.0,0.014925373134328358,0.0,1.0
low,23,24,3.0,60.0,594.6999999999999,11893.999999999998,198.23333333333332,146.9,102.10000000000001,118.9,251.89999999999998,314.9,335.9,0.0,0.0,0.0,0.0,1.0
low,23,25,1.0,20.0,383.5,7670.0,383.5,383.5,383.5,383.5,383.5,383.5,383.5,0.0,0.0,0.0,0.0,1.0
low,23,26,2.0,40.0,448.6,8972.0,224.3,224.3,189.58,202.6,246.0,259.02,263.36,0.0,0.0,1.0,0.0,1.0
low,24,1,7.0,140.0,2183.3,43666.0,311.90000000000003,319.5,283.38,316.70000000000005,322.29999999999995,334.34000000000003,342.32,0.0,0.0,0.0,0.0,1.0
low,24,2,6.0,120.0,1900.2,38004.0,316.7,315.3,292.9,300.6,332.1,341.9,344.0,0.0,0.0,0.0,0.0,1.0
low,24,3,5.0,100.0,1551.3000000000002,31026.000000000004,310.26000000000005,322.3,255.38000000000002,283.1,334.9,358.42,366.26,0.0,0.0,0.0,0.0,1.0
low,24,4,4.0,80.0,1406.8,28136.0,351.7,343.3,305.78,320.9,374.1,404.34000000000003,414.41999999999996,0.0,0.0,0.0,0.0,1.0
low,24,5,25.0,500.0,7343.500000000001,146870.00000000003,293.74,297.1,265.46,283.1,301.3,320.9,324.26,0.0,0.0,0.04,0.0,1.0
low,24,6,28.0,560.0,7660.8,153216.0,273.6,277.5,245.3,269.1,283.8,292.48,304.94,0.0,0.0,0.03571428571428571,0.0,1.0
low,24,7,12.0,240.0,3094.7999999999997,61895.99999999999,257.9,253.7,210.44,221.15,291.15,308.58,319.15,0.0,0.0,0.0,0.0,1.0
low,24,8,12.0,240.0,2877.8,57556.0,239.8166666666667,244.6,204.14000000000001,225.35,263.5,269.8,278.06,0.0,0.0,0.0,0.0,1.0
low,24,9,11.0,220.0,2680.1,53602.0,243.64545454545453,248.1,201.9,208.2,271.9,306.9,310.4,0.0,0.0,0.0,0.0,1.0
low,24,10,12.0,240.0,2963.2000000000003,59264.00000000001,246.93333333333337,255.1,206.10000000000002,246.0,264.55,274.0,276.59,0.0,0.0,0.0,0.0,1.0
low,24,11,9.0,180.0,2242.7,44854.0,249.18888888888887,245.3,213.1,241.1,250.9,282.82,307.46,0.0,0.0,0.0,0.0,1.0
low,24,12,11.0,220.0,2682.9,53658.0,243.9,248.1,204.7,215.2,260.70000000000005,283.1,292.9,0.0,0.0,0.0,0.0,1.0
low,24,13,1.0,20.0,281.7,5634.0,281.7,281.7,281.7,281.7,281.7,281.7,281.7,0.0,0.0,0.0,0.0,1.0
low,24,14,11.0,220.0,2646.2999999999997,52925.99999999999,240.57272727272724,228.1,198.7,220.4,254.0,303.7,307.9,0.0,0.0,0.0,0.0,1.0
low,24,15,15.0,300.0,2566.5,51330.0,171.1,142.7,134.74,139.2,184.0,233.42,287.4599999999999,0.0,0.0,0.0,0.0,1.0
low,24,16,11.0,220.0,3041.5,60830.0,276.5,205.7,180.5,185.39999999999998,348.5,456.3,464.9,0.0,0.0,0.09090909090909091,0.0,1.0
low,24,17,43.0,860.0,5097.599999999999,101951.99999999999,118.5488372093023,116.1,60.84,78.69999999999999,144.3,162.86,169.02,0.0,0.0,0.023255813953488372,0.0,1.0
low,24,18,35.0,700.0,2751.8000000000006,55036.000000000015,78.62285714285716,65.4,29.12,37.849999999999994,92.15,148.02000000000004,195.47999999999996,0.11428571428571428,0.0,0.02857142857142857,0.0,1.0
low,24,19,15.0,300.0,2711.5,54230.0,180.76666666666668,176.3,156.26,163.7,199.4,214.34,223.89999999999998,0.0,0.0,0.0,0.0,1.0
low,24,20,14.0,280.0,2033.1999999999998,40664.0,145.22857142857143,167.2,57.14,91.15,187.14999999999998,205.40000000000003,216.26999999999998,0.0,0.0,0.0,0.0,1.0
low,24,21,4.0,80.0,1037.0,20740.0,259.25,259.6,216.48000000000002,234.75,284.1,301.74,307.62,0.0,0.0,0.0,0.0,1.0
low,24,22,5.0,100.0,1919.5,38390.0,383.9,368.5,351.70000000000005,360.1,403.5,426.18,433.74,0.0,0.0,1.0,0.0,1.0
low,24,23,4.0,80.0,748.5999999999999,14971.999999999998,187.14999999999998,147.6,100.56,108.75,226.0,305.38000000000005,331.8399999999999,0.0,0.0,0.0,0.0,1.0
low,24,24,15.0,300.0,1648.5000000000002,32970.00000000001,109.90000000000002,95.1,50.96,63.6,142.0,160.57999999999998,212.69999999999987,0.0,0.0,0.0,0.0,1.0
low,24,25,1.0,20.0,213.1,4262.0,213.1,213.1,213.1,213.1,213.1,213.1,213.1,0.0,0.0,0.0,0.0,1.0
low,24,26,2.0,40.0,716.0,14320.0,358.0,358.0,340.64,347.15,368.85,375.36,377.53,0.0,0.0,1.0,0.0,1.0
low,25,1,5.0,100.0,942.3,18846.0,188.45999999999998,190.7,158.22,168.3,210.3,217.02,219.26,0.0,0.0,0.0,0.0,1.0
low,25,2,6.0,120.0,1156.8000000000002,23136.000000000004,192.80000000000004,186.5,140.3,167.95,227.1,251.60000000000002,258.95,0.0,0.0,0.0,0.0,1.0
low,25,3,9.0,180.0,1479.7000000000003,29594.000000000007,164.41111111111115,182.3,129.66,143.1,186.5,188.18,191.54,0.0,0.0,0.0,0.0,1.0
low,25,4,2.0,40.0,416.4,8328.0,208.2,208.2,195.32,200.15,216.25,221.08,222.69,0.0,0.0,0.0,0.0,1.0
low,25,5,31.0,620.0,5400.7,108014.0,174.21612903225807,166.9,145.9,151.5,192.10000000000002,218.7,246.7,0.0,0.0,0.0967741935483871,0.0,1.0
low,25,6,13.0,260.0,2500.1,50002.0,192.3153846153846,211.7,111.17999999999999,129.1,228.5,243.06,261.25999999999993,0.0,0.0,0.0,0.0,1.0
low,25,7,19.0,380.0,3336.9999999999995,66739.99999999999,175.6315789473684,166.9,127.7,151.5,199.1,236.05999999999995,290.09999999999997,0.0,0.0,0.10526315789473684,0.0,1.0
low,25,8,7.0,140.0,1113.6999999999998,22273.999999999996,159.09999999999997,162.7,130.78,151.5,166.2,183.14000000000001,195.31999999999996,0.0,0.0,0.0,0.0,1.0
low,25,9,13.0,260.0,1466.9,29338.0,112.83846153846154,120.7,62.6,75.2,140.3,151.78000000000003,167.73999999999995,0.0,0.0,0.0,0.0,1.0
low,25,10,9.0,180.0,1178.6999999999998,23573.999999999996,130.96666666666664,133.3,95.5,116.5,143.1,182.58,183.14,0.0,0.0,0.0,0.0,1.0
low,25,11,5.0,100.0,1063.4,21268.0,212.68,235.5,116.92,217.3,242.5,287.86,302.98,0.0,0.0,0.0,0.0,1.0
low,25,12,5.0,100.0,1099.1,21982.0,219.82,211.7,185.94,201.9,217.3,262.65999999999997,277.78,0.0,0.0,0.0,0.0,1.0
low,25,13,2.0,40.0,433.20000000000005,8664.0,216.60000000000002,216.60000000000002,189.16000000000003,199.45000000000002,233.75,244.04000000000002,247.47,0.0,0.0,0.0,0.0,1.0
low,25,14,3.0,60.0,1063.6999999999998,21273.999999999996,354.5666666666666,340.1,338.98,339.4,362.5,375.94,380.41999999999996,0.0,0.0,0.0,0.0,1.0
low,25,15,3.0,60.0,1000.7,20014.0,333.56666666666666,337.3,281.3,302.3,366.70000000000005,384.34000000000003,390.22,0.0,0.0,0.0,0.0,1.0
low,25,16,4.0,80.0,1285.1999999999998,25703.999999999996,321.29999999999995,336.79999999999995,274.56,310.65,347.45,355.64,358.37,0.0,0.0,0.0,0.0,1.0
low,25,17,3.0,60.0,603.0999999999999,12061.999999999998,201.0333333333333,198.7,189.74,193.1,207.8,213.26,215.08,0.0,0.0,0.0,0.0,1.0
low,25,18,7.0,140.0,1718.9,34378.0,245.55714285714288,251.9,210.46,244.2,264.7,275.09999999999997,277.5,0.0,0.0,0.0,0.0,1.0
low,25,19,15.0,300.0,2089.5,41790.0,139.3,141.3,72.06,111.19999999999999,171.10000000000002,195.22,200.24,0.0,0.0,0.0,0.0,1.0
low,25,20,6.0,120.0,762.4,15248.0,127.06666666666666,123.1,107.69999999999999,110.5,144.10000000000002,150.4,151.45,0.0,0.0,0.0,0.0,1.0
low,25,21,12.0,240.0,1653.5000000000002,33070.00000000001,137.79166666666669,129.8,76.4,96.95,163.45000000000002,221.98000000000002,228.1,0.0,0.0,0.0,0.0,1.0
low,25,25,2.0,40.0,239.60000000000002,4792.0,119.80000000000001,119.80000000000001,110.12,113.75,125.85000000000001,129.48000000000002,130.69,0.0,0.0,0.0,0.0,1.0
low,25,26,1.0,20.0,367.1,7342.0,367.1,367.1,367.1,367.1,367.1,367.1,367.1,0.0,0.0,1.0,0.0,1.0
low,26,-1,48.0,960.0,1996.8,39936.0,41.6,41.6,41.6,41.6,41.6,41.6,41.6,0.0,0.0,1.0,0.0,1.0
low,26,1,7.0,140.0,2085.3,41706.0,297.90000000000003,284.5,268.54,278.9,290.1,337.14000000000004,372.4199999999999,0.0,0.0,1.0,0.0,1.0
low,26,2,9.0,180.0,2897.8999999999996,57957.99999999999,321.9888888888888,301.3,276.38,299.9,304.1,433.46,434.58,0.0,0.0,1.0,0.0,1.0
low,26,3,11.0,220.0,3667.1000000000004,73342.0,333.37272727272733,333.5,284.5,287.3,358.7,372.7,423.1,0.0,0.0,1.0,0.0,1.0
low,26,4,5.0,100.0,1643.7,32874.0,328.74,325.1,276.38,312.5,337.7,384.74,400.42,0.0,0.0,1.0,0.0,1.0
low,26,5,124.0,2480.0,27897.200000000004,557944.0000000001,224.97741935483876,243.2,148.7,164.1,266.3,305.64000000000016,364.3,0.0,0.0,1.0,0.0,1.0
low,26,6,72.0,1440.0,21233.0,424660.0,294.90277777777777,312.5,208.9,245.3,336.3,375.5,375.5,0.0,0.0,1.0,0.0,1.0
low,26,7,31.0,620.0,7369.099999999999,147382.0,237.71290322580643,242.5,141.7,147.3,319.5,344.7,379.7,0.0,0.0,1.0,0.0,1.0
low,26,8,10.0,200.0,2635.0,52700.0,263.5,272.6,175.16,269.45000000000005,273.3,285.2,338.7499999999999,0.0,0.0,1.0,0.0,1.0
low,26,9,13.0,260.0,3825.8999999999996,76518.0,294.29999999999995,305.5,284.5,291.5,309.7,317.54,319.5,0.0,0.0,1.0,0.0,1.0
low,26,10,5.0,100.0,1576.5,31530.0,315.3,320.9,267.98,270.5,354.5,360.38,362.34000000000003,0.0,0.0,1.0,0.0,1.0
low,26,11,24.0,480.0,4162.4,83248.0,173.4333333333333,193.5,102.92,103.9,213.8,231.85999999999999,295.20999999999987,0.0,0.0,1.0,0.0,1.0
low,26,12,7.0,140.0,1584.1,31682.0,226.29999999999998,218.7,138.06,179.5,283.1,311.38,314.74,0.0,0.0,1.0,0.0,1.0
low,26,13,3.0,60.0,703.7,14074.0,234.5666666666667,194.9,192.66,193.5,255.8,292.34,304.52,0.0,0.0,1.0,0.0,1.0
low,26,14,16.0,320.0,2964.3999999999996,59287.99999999999,185.27499999999998,178.8,146.60000000000002,151.5,209.25,243.2,250.54999999999998,0.0,0.0,1.0,0.0,1.0
low,26,15,7.0,140.0,1614.9,32298.0,230.70000000000002,224.3,212.26,219.4,244.60000000000002,254.54,256.21999999999997,0.0,0.0,1.0,0.0,1.0
low,26,16,6.0,120.0,1589.4,31788.0,264.90000000000003,274.0,211.0,230.95,292.9,309.7,315.29999999999995,0.0,0.0,1.0,0.0,1.0
low,26,17,5.0,100.0,1885.9,37718.0,377.18,354.5,321.74,325.1,395.1,453.06,472.38,0.0,0.0,1.0,0.0,1.0
low,26,18,6.0,120.0,2021.9999999999998,40439.99999999999,336.99999999999994,346.8,254.4,283.1,361.15,409.79999999999995,431.84999999999997,0.0,0.0,1.0,0.0,1.0
low,26,19,8.0,160.0,2357.2,47144.0,294.65,280.3,264.9,273.3,287.65,326.49999999999994,370.5999999999999,0.0,0.0,1.0,0.0,1.0
low,26,20,1.0,20.0,347.5,6950.0,347.5,347.5,347.5,347.5,347.5,347.5,347.5,0.0,0.0,1.0,0.0,1.0
low,26,22,4.0,80.0,388.29999999999995,7765.999999999999,97.07499999999999,101.45,51.89,64.175,134.35,138.76,140.23,0.0,0.0,1.0,0.0,1.0
low,26,23,1.0,20.0,263.5,5270.0,263.5,263.5,263.5,263.5,263.5,263.5,263.5,0.0,0.0,1.0,0.0,1.0
low,26,24,3.0,60.0,1092.9,21858.0,364.3,381.1,313.90000000000003,339.1,397.9,407.98,411.34,0.0,0.0,1.0,0.0,1.0
low,26,25,2.0,40.0,734.2,14684.0,367.1,367.1,367.1,367.1,367.1,367.1,367.1,0.0,0.0,1.0,0.0,1.0
low,26,26,12.0,240.0,1829.9,36598.0,152.49166666666667,144.5,29.84,117.725,213.10000000000002,277.78000000000003,281.7,0.16666666666666666,0.0,1.0,0.0,1.0
base,-1,1,7.0,140.0,1348.8999999999999,26977.999999999996,192.7,214.5,136.10000000000002,187.9,214.5,221.22,226.26,0.0,0.0,1.0,0.0,1.0
base,-1,2,14.0,280.0,4055.7999999999997,81116.0,289.7,235.5,234.1,234.1,379.0,382.5,389.84999999999997,0.0,0.0,1.0,0.0,1.0
base,-1,3,15.0,300.0,3034.1,60682.0,202.27333333333334,236.9,128.54000000000002,148.0,256.5,256.5,256.5,0.0,0.0,1.0,0.0,1.0
base,-1,4,5.0,100.0,1744.5,34890.0,348.9,402.1,237.74,396.5,406.3,407.14,407.42,0.0,0.0,1.0,0.0,1.0
base,-1,5,25.0,500.0,6626.699999999999,132533.99999999997,265.068,201.9,192.1,196.3,337.7,341.9,350.29999999999995,0.0,0.0,1.0,0.0,1.0
base,-1,6,15.0,300.0,4547.500000000001,90950.00000000001,303.16666666666674,318.1,187.9,251.60000000000002,375.5,375.5,376.34,0.0,0.0,1.0,0.0,1.0
base,-1,7,6.0,120.0,1150.5000000000002,23010.000000000004,191.75000000000003,182.3,140.65,181.25,182.3,252.3,287.3,0.0,0.0,1.0,0.0,1.0
base,-1,8,5.0,100.0,945.0999999999999,18902.0,189.01999999999998,211.7,144.5,207.5,211.7,211.7,211.7,0.0,0.0,1.0,0.0,1.0
base,-1,9,3.0,60.0,846.5,16930.0,282.1666666666667,305.5,196.85999999999999,237.6,338.4,358.14,364.72,0.0,0.0,1.0,0.0,1.0
base,-1,10,4.0,80.0,1395.6,27912.0,348.9,350.3,345.40000000000003,348.55,350.65,351.28,351.49,0.0,0.0,1.0,0.0,1.0
base,-1,11,2.0,40.0,294.6,5892.0,147.3,147.3,147.3,147.3,147.3,147.3,147.3,0.0,0.0,1.0,0.0,1.0
base,-1,13,1.0,20.0,241.1,4822.0,241.1,241.1,241.1,241.1,241.1,241.1,241.1,0.0,0.0,1.0,0.0,1.0
base,-1,14,5.0,100.0,806.5,16130.0,161.3,171.1,136.38,147.3,176.7,180.06,181.18,0.0,0.0,1.0,0.0,1.0
base,-1,15,2.0,40.0,353.4,7068.0,176.7,176.7,149.82,159.9,193.5,203.58,206.94,0.0,0.0,1.0,0.0,1.0
base,-1,18,3.0,60.0,790.5,15810.0,263.5,266.3,258.46,261.4,267.0,267.42,267.56,0.0,0.0,1.0,0.0,1.0
base,-1,19,3.0,60.0,695.3,13906.0,231.76666666666665,225.7,155.14,181.6,278.9,310.82000000000005,321.46000000000004,0.0,0.0,1.0,0.0,1.0
base,-1,20,1.0,20.0,382.5,7650.0,382.5,382.5,382.5,382.5,382.5,382.5,382.5,0.0,0.0,1.0,0.0,1.0
base,-1,21,1.0,20.0,179.5,3590.0,179.5,179.5,179.5,179.5,179.5,179.5,179.5,0.0,0.0,1.0,0.0,1.0
base,-1,23,1.0,20.0,192.1,3842.0,192.1,192.1,192.1,192.1,192.1,192.1,192.1,0.0,0.0,1.0,0.0,1.0
base,-1,26,2.0,40.0,447.2,8944.0,223.6,223.6,208.48,214.14999999999998,233.05,238.72,240.60999999999999,0.0,0.0,1.0,0.0,1.0
base,1,-1,2.0,40.0,205.7,4114.0,102.85,102.85,53.85,72.225,133.475,151.85,157.975,0.0,0.0,1.0,0.0,1.0
base,1,1,344.0,6880.0,13338.8,266776.0,38.77558139534884,31.1,29.0,29.0,43.7,54.2,66.8,0.4331395348837209,0.0,0.014534883720930232,0.0,1.0
base,1,2,231.0,4620.0,14117.6,282352.0,61.11515151515152,62.6,29.0,41.6,77.3,92.0,96.2,0.17316017316017315,0.0,0.008658008658008658,0.0,1.0
base,1,3,181.0,3620.0,20908.0,418160.0,115.51381215469613,117.9,83.6,98.3,134.7,145.9,154.3,0.0,0.0,0.0,0.0,1.0
base,1,4,153.0,3060.0,16302.0,326040.0,106.54901960784314,103.9,68.9,81.5,120.7,156.54000000000002,178.1,0.0,0.0,0.0,0.0,1.0
base,1,5,342.0,6840.0,26775.4,535508.0,78.2906432748538,77.3,71.0,73.1,81.5,89.9,92.0,0.0,0.0,0.06140350877192982,0.0,1.0
base,1,6,98.0,1960.0,8640.800000000001,172816.00000000003,88.17142857142858,86.75,75.2,79.4,92.0,98.92999999999999,123.91999999999997,0.0,0.0,0.0,0.0,1.0
base,1,7,171.0,3420.0,16835.9,336718.0,98.45555555555556,96.2,85.7,92.0,103.9,109.5,117.9,0.0,0.0,0.029239766081871343,0.0,1.0
base,1,8,131.0,2620.0,13363.099999999999,267262.0,102.00839694656487,98.3,83.6,92.0,112.3,122.1,133.3,0.0,0.0,0.0,0.0,1.0
base,1,9,84.0,1680.0,11214.0,224280.0,133.5,133.3,119.3,124.9,140.3,148.7,155.06999999999996,0.0,0.0,0.0,0.0,1.0
base,1,10,55.0,1100.0,6761.700000000001,135234.0,122.94000000000001,122.1,106.7,116.5,127.7,136.94,144.21999999999997,0.0,0.0,0.0,0.0,1.0
base,1,11,57.0,1140.0,8834.3,176686.0,154.9877192982456,148.7,138.34,143.1,154.3,187.06,197.7,0.0,0.0,0.0,0.0,1.0
base,1,12,41.0,820.0,5626.300000000001,112526.00000000003,137.2268292682927,136.1,127.7,131.9,143.1,148.7,154.3,0.0,0.0,0.0,0.0,1.0
base,1,13,23.0,460.0,3288.4999999999995,65769.99999999999,142.9782608695652,143.1,133.86,137.5,149.39999999999998,151.22,155.27999999999997,0.0,0.0,0.0,0.0,1.0
base,1,14,25.0,500.0,6790.500000000001,135810.00000000003,271.62000000000006,273.3,246.14,259.3,281.7,295.98,302.7,0.0,0.0,0.04,0.0,1.0
base,1,15,9.0,180.0,2346.3,46926.0,260.70000000000005,264.9,249.78,259.3,264.9,265.18,265.74,0.0,0.0,0.0,0.0,1.0
base,1,16,7.0,140.0,2030.7,40614.0,290.1,284.5,281.14,281.7,287.29999999999995,304.38,316.13999999999993,0.0,0.0,0.0,0.0,1.0
base,1,17,13.0,260.0,3067.1000000000004,61342.00000000001,235.93076923076927,242.5,210.86,234.1,243.9,249.22,252.85999999999999,0.0,0.0,0.0,0.0,1.0
base,1,18,3.0,60.0,906.7,18134.0,302.23333333333335,302.7,299.34,300.6,304.1,304.94,305.21999999999997,0.0,0.0,0.0,0.0,1.0
base,1,19,58.0,1160.0,9601.800000000001,192036.00000000003,165.54827586206898,162.7,148.7,153.25,173.9,184.12,188.53,0.0,0.0,0.0,0.0,1.0
base,1,20,11.0,220.0,2187.3,43746.0,198.84545454545457,194.9,187.9,193.5,206.8,214.5,220.8,0.0,0.0,0.0,0.0,1.0
base,1,21,55.0,1100.0,8829.499999999998,176589.99999999997,160.5363636363636,158.5,142.26,152.9,169.0,173.9,183.14,0.0,0.0,0.01818181818181818,0.0,1.0
base,1,22,16.0,320.0,4507.200000000001,90144.00000000001,281.70000000000005,281.0,275.4,278.54999999999995,284.5,285.2,292.2,0.0,0.0,1.0,0.0,1.0
base,1,23,14.0,280.0,3761.7999999999997,75236.0,268.7,272.6,232.14000000000001,239.0,301.65,302.7,304.65999999999997,0.0,0.0,0.0,0.0,1.0
base,1,24,5.0,100.0,1622.7000000000003,32454.000000000007,324.5400000000001,327.9,292.34000000000003,325.1,343.3,350.86,353.38,0.0,0.0,0.0,0.0,1.0
base,1,25,8.0,160.0,1830.8000000000002,36616.0,228.85000000000002,222.2,190.84,206.8,235.5,272.46,295.97999999999996,0.0,0.0,0.0,0.0,1.0
base,1,26,29.0,580.0,8176.3,163526.0,281.9413793103448,290.1,210.3,227.1,290.1,403.78000000000003,419.73999999999995,0.0,0.0,1.0,0.0,1.0
base,2,-1,1.0,20.0,116.5,2330.0,116.5,116.5,116.5,116.5,116.5,116.5,116.5,0.0,0.0,1.0,0.0,1.0
base,2,1,167.0,3340.0,10621.5,212430.0,63.60179640718563,62.6,41.6,47.9,75.2,89.9,102.21999999999994,0.005988023952095809,0.0,0.005988023952095809,0.0,1.0
base,2,2,334.0,6680.0,11558.5,231170.0,34.6062874251497,29.0,29.0,29.0,35.3,47.269999999999975,60.5,0.5898203592814372,0.0,0.011976047904191617,0.0,1.0
base,2,3,292.0,5840.0,24008.0,480160.0,82.21917808219177,83.6,39.5,58.4,108.1,119.3,124.12999999999998,0.030821917808219176,0.0,0.0,0.0,1.0
base,2,4,154.0,3080.0,15428.699999999999,308574.0,100.18636363636362,98.3,73.1,85.7,112.3,131.06000000000006,142.18999999999997,0.0,0.0,0.0,0.0,1.0
base,2,5,396.0,7920.0,28557.7,571154.0,72.11540404040404,68.9,64.7,64.7,77.3,81.5,87.8,0.0,0.0,0.09090909090909091,0.0,1.0
base,2,6,71.0,1420.0,6154.699999999999,123093.99999999997,86.68591549295773,85.7,73.1,77.3,93.05,98.3,104.6,0.0,0.0,0.0,0.0,1.0
base,2,7,170.0,3400.0,16981.9,339638.0,99.89352941176472,98.3,81.5,89.9,106.7,116.77999999999999,124.9,0.0,0.0,0.01764705882352941,0.0,1.0
base,2,8,140.0,2800.0,11571.0,231420.0,82.65,79.4,64.7,71.0,92.0,103.9,108.30999999999992,0.0,0.0,0.0,0.0,1.0
base,2,9,128.0,2560.0,14678.2,293564.0,114.6734375,112.3,103.9,108.1,122.1,124.9,132.81,0.0,0.0,0.0,0.0,1.0
base,2,10,74.0,1480.0,8458.6,169172.0,114.30540540540541,112.3,103.9,108.1,118.95,128.68,138.05999999999997,0.0,0.0,0.0,0.0,1.0
base,2,11,51.0,1020.0,8462.9,169258.0,165.9392156862745,159.9,151.5,154.3,169.0,201.9,208.89999999999998,0.0,0.0,0.0,0.0,1.0
base,2,12,43.0,860.0,6245.700000000001,124914.00000000001,145.24883720930234,147.3,133.58,139.60000000000002,150.1,155.7,158.35999999999999,0.0,0.0,0.0,0.0,1.0
base,2,13,23.0,460.0,3593.6999999999994,71873.99999999999,156.2478260869565,152.9,148.7,150.8,157.8,166.34,175.71999999999997,0.0,0.0,0.0,0.0,1.0
base,2,14,15.0,300.0,4282.900000000001,85658.00000000001,285.5266666666667,284.5,262.94,276.1,299.9,308.3,310.4,0.0,0.0,0.0,0.0,1.0
base,2,15,11.0,220.0,2968.5,59370.0,269.8636363636364,271.9,256.5,267.70000000000005,274.70000000000005,276.1,280.3,0.0,0.0,0.0,0.0,1.0
base,2,16,8.0,160.0,2362.8,47256.0,295.35,292.9,287.44,290.8,297.1,303.40000000000003,310.75,0.0,0.0,0.0,0.0,1.0
base,2,17,27.0,540.0,6175.1,123502.0,228.70740740740743,227.1,218.98,225.7,233.39999999999998,239.7,244.6,0.0,0.0,0.0,0.0,1.0
base,2,18,7.0,140.0,2061.5,41230.0,294.5,297.1,282.53999999999996,288.0,302.0,306.06,306.47999999999996,0.0,0.0,0.0,0.0,1.0
base,2,19,82.0,1640.0,12390.8,247816.0,151.10731707317072,147.3,131.9,138.9,157.1,179.22000000000003,187.9,0.0,0.0,0.012195121951219513,0.0,1.0
base,2,20,25.0,500.0,4844.5,96890.0,193.78,190.7,184.26,186.5,194.9,204.7,218.13999999999996,0.0,0.0,0.0,0.0,1.0
base,2,21,94.0,1880.0,13087.4,261748.0,139.22765957446808,138.2,129.1,133.3,144.5,148.7,151.98999999999998,0.0,0.0,0.0,0.0,1.0
base,2,22,2.0,40.0,599.8,11996.0,299.9,299.9,298.78,299.2,300.6,301.02000000000004,301.16,0.0,0.0,1.0,0.0,1.0
base,2,23,10.0,200.0,2789.0,55780.0,278.9,281.70000000000005,250.76000000000002,255.8,288.35,314.17999999999995,315.44,0.0,0.0,0.0,0.0,1.0
base,2,24,5.0,100.0,1542.9,30858.0,308.58000000000004,291.5,272.18,283.1,346.1,352.82,355.06,0.0,0.0,0.0,0.0,1.0
base,2,25,7.0,140.0,1334.9,26698.0,190.70000000000002,194.9,161.02,192.1,210.3,215.34,217.01999999999998,0.0,0.0,0.0,0.0,1.0
base,2,26,30.0,600.0,7991.800000000001,159836.00000000003,266.3933333333334,291.5,226.82,227.1,291.5,291.5,294.58,0.0,0.0,1.0,0.0,1.0
base,3,-1,6.0,120.0,680.1,13602.0,113.35000000000001,132.6,46.849999999999994,73.975,151.85000000000002,160.60000000000002,163.75,0.0,0.0,1.0,0.0,1.0
base,3,1,196.0,3920.0,22190.0,443800.0,113.21428571428571,116.5,77.3,96.2,130.5,144.5,149.04999999999998,0.0,0.0,0.0,0.0,1.0
base,3,2,330.0,6600.0,24968.600000000002,499372.00000000006,75.66242424242425,75.2,37.4,43.7,103.9,115.1,119.3,0.01818181818181818,0.0,0.030303030303030304,0.0,1.0
base,3,3,599.0,11980.0,30188.7,603774.0,50.398497495826376,45.8,29.0,29.0,63.650000000000006,85.7,96.2,0.31719532554257096,0.0,0.01001669449081803,0.0,1.0
base,3,4,229.0,4580.0,28619.6,572392.0,124.9764192139738,126.3,98.3,109.5,137.5,158.5,163.54,0.0,0.0,0.0,0.0,1.0
base,3,5,286.0,5720.0,30249.5,604990.0,105.76748251748252,103.9,79.4,81.5,123.15,137.5,144.15,0.0,0.0,0.06993006993006994,0.0,1.0
base,3,6,82.0,1640.0,10243.2,204864.0,124.91707317073171,123.5,100.61,113.7,137.15,151.36,152.9,0.0,0.0,0.0,0.0,1.0
base,3,7,135.0,2700.0,18528.9,370578.0,137.25111111111113,133.3,109.5,117.9,153.60000000000002,169.14000000000001,180.9,0.0,0.0,0.007407407407407408,0.0,1.0
base,3,8,162.0,3240.0,19378.4,387568.0,119.61975308641976,117.9,94.1,107.05,133.3,147.3,152.9,0.0,0.0,0.0,0.0,1.0
base,3,9,235.0,4700.0,24733.6,494672.0,105.24936170212766,105.3,81.5,92.0,116.5,130.5,137.5,0.0,0.0,0.0,0.0,1.0
base,3,10,85.0,1700.0,11418.7,228374.0,134.33764705882353,131.9,119.3,126.3,140.3,153.74,157.1,0.0,0.0,0.0,0.0,1.0
base,3,11,39.0,780.0,7899.3,157986.0,202.54615384615386,200.5,176.42,180.9,214.5,233.26,239.84000000000003,0.0,0.0,0.0,0.0,1.0
base,3,12,33.0,660.0,6288.9,125778.0,190.57272727272726,192.1,168.86,180.9,201.9,210.02,220.38,0.0,0.0,0.030303030303030304,0.0,1.0
base,3,13,15.0,300.0,2989.2999999999997,59785.99999999999,199.28666666666666,194.9,177.26,185.1,220.1,223.74,225.98,0.0,0.0,0.0,0.0,1.0
base,3,14,20.0,400.0,6665.8,133316.0,333.29,329.29999999999995,311.66,319.5,346.45000000000005,361.92,365.77,0.0,0.0,0.05,0.0,1.0
base,3,15,14.0,280.0,4334.4,86688.0,309.59999999999997,311.1,287.72,307.25,316.70000000000005,324.26000000000005,331.96,0.0,0.0,0.0,0.0,1.0
base,3,16,7.0,140.0,2400.2999999999997,48005.99999999999,342.9,337.7,324.82,327.2,355.9,368.22,371.16,0.0,0.0,0.0,0.0,1.0
base,3,17,19.0,380.0,4727.9,94558.0,248.83684210526314,246.7,231.02,241.1,265.6,267.98,269.38,0.0,0.0,0.0,0.0,1.0
base,3,18,10.0,200.0,3105.4,62108.0,310.54,304.1,298.36,301.3,316.7,332.8,335.95,0.0,0.0,0.0,0.0,1.0
base,3,19,65.0,1300.0,11381.9,227638.0,175.10615384615383,169.7,156.26,162.7,187.9,201.9,208.62,0.0,0.0,0.0,0.0,1.0
base,3,20,24.0,480.0,4862.400000000001,97248.00000000001,202.60000000000002,199.8,187.9,191.75,210.65,218.28,236.54999999999995,0.0,0.0,0.0,0.0,1.0
base,3,21,119.0,2380.0,14601.999999999998,292039.99999999994,122.70588235294116,120.7,109.5,113.7,130.5,140.58,150.37999999999997,0.0,0.0,0.0,0.0,1.0
base,3,22,9.0,180.0,3099.5,61990.0,344.3888888888889,337.7,323.14,333.5,362.9,365.98,366.54,0.0,0.0,1.0,0.0,1.0
base,3,23,4.0,80.0,1226.2,24524.0,306.55,316.7,275.12,294.65,328.59999999999997,329.86,330.28,0.0,0.0,0.0,0.0,1.0
base,3,24,11.0,220.0,3179.9,63598.0,289.08181818181816,278.9,238.3,268.4,316.0,336.3,355.20000000000005,0.0,0.0,0.0,0.0,1.0
base,3,25,8.0,160.0,1510.2,30204.0,188.775,185.1,158.08,177.39999999999998,213.1,213.51999999999998,214.01,0.0,0.0,0.0,0.0,1.0
base,3,26,24.0,480.0,7346.0,146920.0,306.0833333333333,304.79999999999995,248.1,248.1,337.7,365.14,404.19999999999993,0.0,0.0,1.0,0.0,1.0
base,4,-1,1.0,20.0,94.1,1882.0,94.1,94.1,94.1,94.1,94.1,94.1,94.1,0.0,0.0,1.0,0.0,1.0
base,4,1,159.0,3180.0,16865.2,337304.0,106.07044025157234,105.3,64.7,82.55,121.4,154.58000000000004,175.44,0.0,0.0,0.0,0.0,1.0
base,4,2,182.0,3640.0,17591.699999999997,351833.99999999994,96.65769230769229,92.0,75.2,83.6,107.75,127.56000000000002,137.42999999999998,0.0,0.0,0.016483516483516484,0.0,1.0
base,4,3,221.0,4420.0,28124.4,562488.0,127.25972850678734,126.3,96.2,110.9,141.7,159.9,169.7,0.0,0.0,0.0,0.0,1.0
base,4,4,255.0,5100.0,20613.800000000003,412276.00000000006,80.83843137254902,60.5,29.0,41.6,108.1,148.14,202.32,0.10588235294117647,0.0,0.0,0.0,1.0
base,4,5,171.0,3420.0,20867.2,417344.0,122.03040935672514,119.3,103.9,113.7,123.5,155.7,159.9,0.0,0.0,0.10526315789473684,0.0,1.0
base,4,6,40.0,800.0,5078.599999999999,101571.99999999999,126.96499999999999,126.3,116.36,119.3,132.25,134.84,140.3,0.0,0.0,0.0,0.0,1.0
base,4,7,87.0,1740.0,12472.099999999999,249441.99999999997,143.3574712643678,138.9,124.34,131.2,148.7,169.7,177.26000000000002,0.0,0.0,0.034482758620689655,0.0,1.0
base,4,8,60.0,1200.0,7858.000000000001,157160.00000000003,130.96666666666667,126.3,107.96,118.95,142.39999999999998,160.18,165.5,0.0,0.0,0.0,0.0,1.0
base,4,9,82.0,1640.0,12584.0,251680.0,153.46341463414635,155.0,136.38,144.85,161.3,166.9,172.36,0.0,0.0,0.012195121951219513,0.0,1.0
base,4,10,40.0,800.0,6552.8,131056.0,163.82,158.5,140.16000000000003,148.7,181.25,195.74,204.90999999999997,0.0,0.0,0.0,0.0,1.0
base,4,11,22.0,440.0,4402.599999999999,88051.99999999999,200.1181818181818,191.4,172.64000000000001,184.04999999999998,198.75,246.14000000000001,270.64,0.0,0.0,0.0,0.0,1.0
base,4,12,20.0,400.0,3865.8,77316.0,193.29000000000002,183.7,163.54,172.85,201.89999999999998,247.26,253.07000000000002,0.0,0.0,0.0,0.0,1.0
base,4,13,12.0,240.0,2446.6,48932.0,203.88333333333333,183.0,167.88,177.75,236.9,266.72,274.14,0.0,0.0,0.0,0.0,1.0
base,4,14,21.0,420.0,6824.3,136486.0,324.9666666666667,322.3,297.1,309.7,334.9,355.9,375.5,0.0,0.0,0.0,0.0,1.0
base,4,15,11.0,220.0,3385.7000000000003,67714.0,307.7909090909091,299.9,285.9,290.79999999999995,325.8,343.3,346.1,0.0,0.0,0.0,0.0,1.0
base,4,16,9.0,180.0,2984.7000000000003,59694.00000000001,331.6333333333334,334.9,313.34,330.7,341.9,345.53999999999996,347.21999999999997,0.0,0.0,0.0,0.0,1.0
base,4,17,7.0,140.0,1787.1000000000001,35742.0,255.3,245.3,228.5,236.2,269.8,290.38,300.03999999999996,0.0,0.0,0.0,0.0,1.0
base,4,18,10.0,200.0,3332.2000000000003,66644.0,333.22,328.6,322.02000000000004,325.45000000000005,337.0,343.58,357.44,0.0,0.0,0.0,0.0,1.0
base,4,19,28.0,560.0,5769.4,115388.0,206.04999999999998,203.3,171.1,183.0,228.85,242.22,250.83,0.0,0.0,0.0,0.0,1.0
base,4,20,8.0,160.0,1935.7999999999997,38715.99999999999,241.97499999999997,237.6,214.08,222.89999999999998,265.59999999999997,269.8,272.25,0.0,0.0,0.0,0.0,1.0
base,4,21,49.0,980.0,8854.3,177086.0,180.7,180.9,166.34,173.9,186.5,194.90000000000003,202.74,0.0,0.0,0.0,0.0,1.0
base,4,22,10.0,200.0,3399.3999999999996,67988.0,339.93999999999994,333.5,313.2,327.55,358.7,372.97999999999996,374.24,0.0,0.0,1.0,0.0,1.0
base,4,23,7.0,140.0,2225.3,44506.0,317.90000000000003,312.5,294.3,299.20000000000005,323.70000000000005,350.02000000000004,363.46,0.0,0.0,0.0,0.0,1.0
base,4,24,3.0,60.0,1112.5,22250.0,370.8333333333333,355.9,345.82,349.6,384.6,401.82,407.56,0.0,0.0,0.0,0.0,1.0
base,4,25,3.0,60.0,658.9,13178.0,219.63333333333333,222.9,215.06,218.0,222.9,222.9,222.9,0.0,0.0,0.0,0.0,1.0
base,4,26,1.0,20.0,340.5,6810.0,340.5,340.5,340.5,340.5,340.5,340.5,340.5,0.0,0.0,1.0,0.0,1.0
base,5,1,370.0,7400.0,28039.600000000002,560792.0,75.78270270270271,77.3,64.7,66.8,83.6,83.6,85.7,0.0,0.0,0.032432432432432434,0.0,1.0
base,5,2,264.0,5280.0,20641.0,412820.0,78.18560606060606,77.3,73.1,73.1,81.5,87.8,92.0,0.0,0.0,0.003787878787878788,0.0,1.0
base,5,3,252.0,5040.0,27172.600000000002,543452.0,107.82777777777778,108.1,81.5,89.9,122.1,138.76000000000002,144.5,0.0,0.0,0.003968253968253968,0.0,1.0
base,5,4,139.0,2780.0,17267.300000000003,345346.00000000006,124.22517985611513,119.3,105.3,110.9,126.3,156.26,167.17999999999998,0.0,0.0,0.0,0.0,1.0
base,5,5,2495.0,49900.0,79373.20000000001,1587464.0000000002,31.812905811623253,29.0,29.0,29.0,33.2,41.6,41.6,0.5715430861723447,0.0,0.06012024048096192,0.0,1.0
base,5,6,276.0,5520.0,10916.699999999999,218333.99999999997,39.553260869565214,43.7,29.0,30.575000000000003,43.7,45.8,50.525,0.25,0.0,0.03985507246376811,0.0,1.0
base,5,7,313.0,6260.0,15977.6,319552.0,51.04664536741214,50.0,35.3,39.5,58.4,68.9,75.2,0.03194888178913738,0.0,0.04472843450479233,0.0,1.0
base,5,8,242.0,4840.0,12178.400000000001,243568.00000000003,50.323966942148765,45.8,33.2,39.5,54.2,68.9,85.48999999999995,0.04132231404958678,0.0,0.0,0.0,1.0
base,5,9,184.0,3680.0,18402.9,368058.0,100.01576086956523,99.35,79.4,85.7,110.9,119.3,124.69,0.0,0.0,0.0,0.0,1.0
base,5,10,115.0,2300.0,9001.500000000002,180030.00000000003,78.27391304347827,79.4,58.4,67.85,87.8,94.1,98.3,0.0,0.0,0.0,0.0,1.0
base,5,11,119.0,2380.0,14604.100000000002,292082.00000000006,122.72352941176473,117.9,115.1,117.9,124.9,129.38,140.15999999999994,0.0,0.0,0.0,0.0,1.0
base,5,12,89.0,1780.0,9970.899999999998,199417.99999999994,112.03258426966289,115.1,97.04,106.7,119.3,122.1,122.1,0.0,0.0,0.0,0.0,1.0
base,5,13,46.0,920.0,5508.799999999999,110175.99999999999,119.75652173913042,121.4,112.30000000000001,115.44999999999999,124.55000000000001,127.0,128.75,0.0,0.0,0.0,0.0,1.0
base,5,14,52.0,1040.0,12850.800000000001,257016.00000000003,247.13076923076926,247.39999999999998,236.9,239.7,255.1,257.76,260.7,0.0,0.0,0.0,0.0,1.0
base,5,15,47.0,940.0,10887.899999999998,217757.99999999994,231.6574468085106,229.9,224.3,229.9,234.8,238.3,239.7,0.0,0.0,0.06382978723404255,0.0,1.0
base,5,16,29.0,580.0,7544.900000000001,150898.0,260.1689655172414,259.3,248.1,255.1,264.9,271.9,272.74,0.0,0.0,0.0,0.0,1.0
base,5,17,55.0,1100.0,11397.099999999999,227941.99999999997,207.21999999999997,201.9,190.42000000000002,197.7,210.3,239.7,245.72,0.0,0.0,0.07272727272727272,0.0,1.0
base,5,18,37.0,740.0,9780.299999999997,195605.99999999994,264.33243243243237,262.1,252.57999999999998,259.3,271.9,275.26,276.94,0.0,0.0,0.02702702702702703,0.0,1.0
base,5,19,119.0,2380.0,14868.0,297360.0,124.94117647058823,123.5,107.82,116.5,131.9,144.5,151.77999999999997,0.0,0.0,0.0,0.0,1.0
base,5,20,39.0,780.0,6488.099999999999,129761.99999999999,166.36153846153846,165.5,149.26,159.2,175.3,182.3,182.58,0.0,0.0,0.0,0.0,1.0
base,5,21,82.0,1640.0,11511.6,230232.0,140.38536585365853,140.3,130.5,136.1,144.15,152.76000000000002,157.03,0.0,0.0,0.0,0.0,1.0
base,5,22,16.0,320.0,4123.6,82472.0,257.725,257.9,248.1,251.95000000000002,262.1,269.79999999999995,271.9,0.0,0.0,1.0,0.0,1.0
base,5,23,25.0,500.0,5881.900000000001,117638.00000000001,235.276,241.1,205.26,218.7,249.5,267.14,268.82,0.0,0.0,0.08,0.0,1.0
base,5,24,18.0,360.0,5216.200000000001,104324.00000000001,289.78888888888895,285.9,227.1,265.95,337.35,340.5,340.5,0.0,0.0,0.0,0.0,1.0
base,5,25,29.0,580.0,5790.7,115814.0,199.67931034482757,201.9,157.1,161.3,225.7,249.5,249.5,0.0,0.0,0.0,0.0,1.0
base,5,26,313.0,6260.0,76732.7,1534654.0,245.15239616613417,263.5,161.86,250.9,266.3,266.3,266.3,0.0,0.0,1.0,0.0,1.0
base,6,-1,5.0,100.0,1733.3,34666.0,346.65999999999997,385.3,269.38,385.3,385.3,385.3,385.3,0.0,0.0,1.0,0.0,1.0
base,6,1,105.0,2100.0,8699.599999999999,173991.99999999997,82.85333333333332,79.4,68.9,73.1,87.8,95.36000000000001,119.99999999999994,0.0,0.0,0.0,0.0,1.0
base,6,2,84.0,1680.0,7786.099999999999,155722.0,92.69166666666666,89.9,81.5,87.8,96.2,105.3,110.9,0.0,0.0,0.011904761904761904,0.0,1.0
base,6,3,122.0,2440.0,15162.2,303244.0,124.28032786885247,124.2,92.0,108.44999999999999,143.1,151.5,154.23,0.0,0.0,0.0,0.0,1.0
base,6,4,57.0,1140.0,7451.099999999999,149022.0,130.72105263157894,130.5,115.1,120.7,134.7,141.7,156.81999999999996,0.0,0.0,0.0,0.0,1.0
base,6,5,394.0,7880.0,16956.699999999997,339133.99999999994,43.037309644670046,43.7,29.0,39.5,50.0,50.0,50.0,0.1116751269035533,0.0,0.07868020304568528,0.0,1.0
base,6,6,285.0,5700.0,8428.8,168576.0,29.57473684210526,29.0,29.0,29.0,29.0,31.1,31.1,0.8771929824561403,0.0,0.22807017543859648,0.0,1.0
base,6,7,191.0,3820.0,7109.8,142196.0,37.22408376963351,33.2,29.0,29.0,39.5,52.1,60.5,0.28272251308900526,0.0,0.03664921465968586,0.0,1.0
base,6,8,149.0,2980.0,7076.200000000001,141524.0,47.49127516778524,47.9,33.2,41.6,54.2,60.5,62.6,0.03355704697986577,0.0,0.0,0.0,1.0
base,6,9,110.0,2200.0,10661.099999999997,213221.99999999994,96.91909090909088,100.4,71.0,81.5,113.35,123.5,125.67,0.0,0.0,0.0,0.0,1.0
base,6,10,76.0,1520.0,5104.100000000001,102082.00000000003,67.1592105263158,64.7,53.150000000000006,59.975,73.1,77.3,83.6,0.0,0.0,0.0,0.0,1.0
base,6,11,63.0,1260.0,7411.6,148232.0,117.64444444444445,112.3,105.3,106.7,119.3,151.5,155.7,0.0,0.0,0.015873015873015872,0.0,1.0
base,6,12,65.0,1300.0,6290.099999999999,125801.99999999999,96.77076923076922,98.3,85.7,92.0,102.5,108.1,109.22,0.0,0.0,0.0,0.0,1.0
base,6,13,34.0,680.0,3706.2,74124.0,109.00588235294117,109.5,101.03,105.3,111.95,118.46,120.27999999999999,0.0,0.0,0.0,0.0,1.0
base,6,14,17.0,340.0,4028.7,80574.0,236.98235294117646,235.5,222.89999999999998,227.1,246.7,253.42000000000002,259.3,0.0,0.0,0.058823529411764705,0.0,1.0
base,6,15,15.0,300.0,3329.5000000000005,66590.00000000001,221.9666666666667,224.3,216.46,217.3,224.3,229.06,231.72,0.0,0.0,0.3333333333333333,0.0,1.0
base,6,16,8.0,160.0,2011.4,40228.0,251.425,248.8,239.0,242.15,260.0,265.88,270.29,0.0,0.0,0.0,0.0,1.0
base,6,17,35.0,700.0,6706.7,134134.0,191.62,189.3,187.06,188.60000000000002,194.9,198.54,202.17999999999998,0.0,0.0,0.05714285714285714,0.0,1.0
base,6,18,31.0,620.0,7912.3,158246.0,255.23548387096776,255.1,245.3,250.2,263.5,264.9,265.6,0.0,0.0,0.0,0.0,1.0
base,6,19,128.0,2560.0,14835.7,296714.0,115.90390625,113.7,98.3,106.35,122.44999999999999,138.9,149.60999999999999,0.0,0.0,0.0078125,0.0,1.0
base,6,20,31.0,620.0,4829.5,96590.0,155.79032258064515,157.1,148.7,151.5,161.3,162.7,162.7,0.0,0.0,0.0,0.0,1.0
base,6,21,38.0,760.0,5477.0,109540.0,144.1315789473684,143.8,132.88000000000002,140.3,147.3,150.52,157.79999999999995,0.0,0.0,0.0,0.0,1.0
base,6,22,20.0,400.0,4862.6,97252.0,243.13000000000002,241.8,236.9,240.05,248.1,248.1,248.45,0.0,0.0,1.0,0.0,1.0
base,6,23,10.0,200.0,2297.6,45952.0,229.76,229.9,199.8,219.75,244.60000000000002,248.79999999999998,258.24999999999994,0.0,0.0,0.0,0.0,1.0
base,6,24,17.0,340.0,4394.099999999999,87881.99999999999,258.47647058823526,271.9,201.34,232.7,285.9,308.02,313.06,0.0,0.0,0.0,0.0,1.0
base,6,25,8.0,160.0,1345.6999999999998,26913.999999999996,168.21249999999998,157.1,115.59,144.15,201.55,218.98,235.64,0.0,0.0,0.0,0.0,1.0
base,6,26,100.0,2000.0,27346.799999999996,546935.9999999999,273.46799999999996,249.5,183.7,242.5,344.7,381.52000000000004,385.3,0.0,0.0,1.0,0.0,1.0
base,7,-1,1.0,20.0,100.4,2008.0,100.4,100.4,100.4,100.4,100.4,100.4,100.4,0.0,0.0,1.0,0.0,1.0
base,7,1,129.0,2580.0,12582.0,251640.0,97.53488372093024,98.3,81.5,87.8,103.9,109.78,122.37999999999998,0.0,0.0,0.0,0.0,1.0
base,7,2,98.0,1960.0,10840.2,216804.0,110.61428571428573,109.5,98.3,100.4,116.5,126.72,133.92999999999998,0.0,0.0,0.0,0.0,1.0
base,7,3,120.0,2400.0,16642.800000000003,332856.00000000006,138.69000000000003,137.5,106.7,123.5,157.1,168.44000000000003,173.9,0.0,0.0,0.008333333333333333,0.0,1.0
base,7,4,77.0,1540.0,11269.300000000001,225386.00000000003,146.35454545454547,141.7,128.54,136.1,150.1,173.9,180.62000000000003,0.0,0.0,0.0,0.0,1.0
base,7,5,491.0,9820.0,25856.9,517138.0,52.661710794297356,54.2,41.6,43.7,58.4,66.8,75.2,0.032586558044806514,0.0,0.06720977596741344,0.0,1.0
base,7,6,460.0,9200.0,14656.7,293134.0,31.862391304347828,29.0,29.0,29.0,29.0,39.5,48.0049999999999,0.8021739130434783,0.0,0.041304347826086954,0.0,1.0
base,7,7,395.0,7900.0,14095.4,281908.0,35.68455696202532,29.0,29.0,29.0,37.4,52.1,62.6,0.6025316455696202,0.0,0.015189873417721518,0.0,1.0
base,7,8,148.0,2960.0,9495.8,189916.0,64.1608108108108,60.5,43.7,52.1,73.1,89.9,103.41000000000001,0.0,0.0,0.006756756756756757,0.0,1.0
base,7,9,166.0,3320.0,17745.800000000003,354916.00000000006,106.90240963855423,106.7,81.5,94.1,119.3,130.5,137.15,0.0,0.0,0.0,0.0,1.0
base,7,10,111.0,2220.0,8320.599999999999,166411.99999999997,74.96036036036034,73.1,54.2,62.6,85.7,100.4,107.4,0.0,0.0,0.0,0.0,1.0
base,7,11,70.0,1400.0,7511.0,150220.0,107.3,106.0,83.39,94.1,114.75,143.38,148.7,0.0,0.0,0.014285714285714285,0.0,1.0
base,7,12,82.0,1640.0,6560.5,131210.0,80.0060975609756,81.5,62.6,71.0,89.9,98.3,105.23,0.012195121951219513,0.0,0.0,0.0,1.0
base,7,13,41.0,820.0,4106.6,82132.0,100.16097560975611,102.5,81.5,89.9,109.5,115.1,117.9,0.0,0.0,0.024390243902439025,0.0,1.0
base,7,14,55.0,1100.0,12732.7,254654.0,231.5036363636364,234.1,214.22,225.7,239.7,244.74,248.51999999999998,0.0,0.0,0.01818181818181818,0.0,1.0
base,7,15,17.0,340.0,3646.5,72930.0,214.5,215.9,203.3,207.5,222.9,224.86,226.82,0.0,0.0,0.0,0.0,1.0
base,7,16,13.0,260.0,3230.8999999999996,64617.99999999999,248.5307692307692,249.5,233.26,236.9,256.5,263.22,266.3,0.0,0.0,0.0,0.0,1.0
base,7,17,26.0,520.0,5015.6,100312.0,192.90769230769232,192.1,170.39999999999998,187.9,194.9,220.8,231.3,0.0,0.0,0.0,0.0,1.0
base,7,18,14.0,280.0,3537.8,70756.0,252.70000000000002,250.2,241.52,244.25,254.75,257.9,272.10999999999996,0.0,0.0,0.0,0.0,1.0
base,7,19,116.0,2320.0,13440.5,268810.0,115.86637931034483,115.1,95.15,103.55000000000001,126.3,138.9,145.9,0.0,0.0,0.0,0.0,1.0
base,7,20,27.0,540.0,4303.3,86066.0,159.3814814814815,158.5,142.54,151.5,166.9,168.86,178.51999999999998,0.0,0.0,0.0,0.0,1.0
base,7,21,64.0,1280.0,9691.800000000001,193836.00000000003,151.43437500000002,152.9,138.9,143.8,159.9,165.5,166.69,0.0,0.0,0.0,0.0,1.0
base,7,22,6.0,120.0,1480.1999999999998,29603.999999999996,246.69999999999996,245.3,242.5,245.3,250.55,252.3,252.3,0.0,0.0,1.0,0.0,1.0
base,7,23,15.0,300.0,3353.3,67066.0,223.55333333333334,222.9,210.86,212.39999999999998,232.0,243.62,253.55999999999997,0.0,0.0,0.0,0.0,1.0
base,7,24,12.0,240.0,3026.2000000000003,60524.00000000001,252.18333333333337,248.8,211.84,214.15,274.7,299.48,316.41999999999996,0.0,0.0,0.0,0.0,1.0
base,7,25,8.0,160.0,1063.6,21272.0,132.95,152.9,69.32000000000001,104.075,167.95,176.56,178.03,0.0,0.0,0.0,0.0,1.0
base,7,26,97.0,1940.0,23082.9,461658.0,237.96804123711343,243.9,197.98000000000005,243.9,249.5,249.5,249.5,0.0,0.0,1.0,0.0,1.0
base,8,-1,1.0,20.0,102.5,2050.0,102.5,102.5,102.5,102.5,102.5,102.5,102.5,0.0,0.0,1.0,0.0,1.0
base,8,1,120.0,2400.0,11816.3,236326.0,98.46916666666667,96.2,81.29,87.8,108.44999999999999,117.9,126.3,0.0,0.0,0.008333333333333333,0.0,1.0
base,8,2,151.0,3020.0,12157.399999999998,243147.99999999994,80.51258278145694,77.3,64.7,68.9,89.9,98.3,103.9,0.0,0.0,0.0,0.0,1.0
base,8,3,152.0,3040.0,17579.9,351598.0,115.65723684210528,116.5,83.6,105.3,129.45,141.56,146.53,0.0,0.0,0.0,0.0,1.0
base,8,4,62.0,1240.0,8140.000000000001,162800.00000000003,131.29032258064518,123.5,108.8,117.9,145.2,159.9,166.76,0.0,0.0,0.0,0.0,1.0
base,8,5,297.0,5940.0,14488.800000000001,289776.0,48.783838383838386,43.7,33.2,39.5,56.3,66.8,83.6,0.04713804713804714,0.0,0.06060606060606061,0.0,1.0
base,8,6,128.0,2560.0,5919.799999999999,118395.99999999999,46.248437499999994,45.8,30.470000000000002,37.4,52.625,58.4,63.96499999999998,0.1015625,0.0,0.0234375,0.0,1.0
base,8,7,205.0,4100.0,12671.3,253426.0,61.811219512195116,60.5,45.8,50.0,68.9,83.6,89.9,0.0,0.0,0.02926829268292683,0.0,1.0
base,8,8,272.0,5440.0,10523.5,210470.0,38.689338235294116,35.3,29.0,29.0,43.7,56.3,62.6,0.3492647058823529,0.0,0.0,0.0,1.0
base,8,9,149.0,2980.0,11947.5,238950.0,80.18456375838926,79.4,50.0,64.7,98.3,109.5,113.13999999999999,0.006711409395973154,0.0,0.006711409395973154,0.0,1.0
base,8,10,109.0,2180.0,6255.000000000001,125100.00000000001,57.38532110091744,56.3,33.2,43.7,66.8,77.3,81.5,0.06422018348623854,0.0,0.0,0.0,1.0
base,8,11,44.0,880.0,6121.4,122428.0,139.12272727272727,130.5,122.1,126.3,140.3,166.62000000000006,194.41000000000003,0.0,0.0,0.0,0.0,1.0
base,8,12,45.0,900.0,5319.500000000001,106390.00000000001,118.21111111111114,119.3,103.06,110.9,126.3,132.74,140.01999999999998,0.0,0.0,0.0,0.0,1.0
base,8,13,30.0,600.0,3955.6,79112.0,131.85333333333332,129.1,122.1,124.9,136.1,145.9,149.75,0.0,0.0,0.0,0.0,1.0
base,8,14,24.0,480.0,6185.4,123708.0,257.72499999999997,256.5,239.98000000000002,247.75,268.05,272.88,278.05999999999995,0.0,0.0,0.041666666666666664,0.0,1.0
base,8,15,9.0,180.0,2220.3,44406.0,246.70000000000002,243.9,238.01999999999998,242.5,246.7,261.53999999999996,268.82,0.0,0.0,0.0,0.0,1.0
base,8,16,7.0,140.0,1911.7,38234.0,273.1,270.5,259.58,262.1,282.4,288.42,291.36,0.0,0.0,0.0,0.0,1.0
base,8,17,35.0,700.0,6528.900000000001,130578.00000000001,186.54000000000002,186.5,170.26,175.3,192.8,202.74,208.76,0.0,0.0,0.02857142857142857,0.0,1.0
base,8,18,13.0,260.0,3281.2999999999997,65626.0,252.4076923076923,249.5,235.78,243.9,262.1,263.5,273.02,0.0,0.0,0.0,0.0,1.0
base,8,19,94.0,1880.0,10586.3,211726.0,112.62021276595743,110.9,96.2,103.9,119.3,130.08,147.79,0.0,0.0,0.0,0.0,1.0
base,8,20,17.0,340.0,2513.9,50278.0,147.8764705882353,150.1,134.42000000000002,143.1,154.3,158.78,162.70000000000002,0.0,0.0,0.0,0.0,1.0
base,8,21,71.0,1420.0,8974.300000000001,179486.00000000003,126.39859154929579,124.9,110.9,120.7,133.3,141.7,145.2,0.0,0.0,0.0,0.0,1.0
base,8,22,5.0,100.0,1379.1000000000001,27582.000000000004,275.82000000000005,270.5,268.26,269.1,280.3,287.02,289.26,0.0,0.0,1.0,0.0,1.0
base,8,23,10.0,200.0,2629.4000000000005,52588.000000000015,262.94000000000005,255.1,240.68,246.70000000000002,284.85,290.09999999999997,296.4,0.0,0.0,0.0,0.0,1.0
base,8,24,7.0,140.0,1736.7,34734.0,248.1,252.3,218.98,238.3,263.5,270.22,271.06,0.0,0.0,0.0,0.0,1.0
base,8,25,7.0,140.0,1124.9,22498.0,160.70000000000002,157.1,137.78,154.3,172.5,183.98000000000002,191.54,0.0,0.0,0.0,0.0,1.0
base,8,26,12.0,240.0,2670.6000000000004,53412.00000000001,222.55000000000004,206.1,196.86,201.9,246.35000000000002,274.28,276.59,0.0,0.0,1.0,0.0,1.0
base,9,-1,2.0,40.0,458.4,9168.0,229.2,229.2,181.6,199.45,258.95,276.8,282.75,0.0,0.0,1.0,0.0,1.0
base,9,1,95.0,1900.0,12306.500000000002,246130.00000000003,129.5421052631579,129.1,119.3,122.1,134.7,143.1,150.51999999999998,0.0,0.0,0.0,0.0,1.0
base,9,2,137.0,2740.0,15297.599999999999,305952.0,111.66131386861314,110.9,100.4,105.3,117.9,122.66000000000001,126.57999999999998,0.0,0.0,0.0,0.0,1.0
base,9,3,219.0,4380.0,23388.999999999996,467779.99999999994,106.79908675799085,106.7,83.6,95.15,116.5,130.5,137.5,0.0,0.0,0.0,0.0,1.0
base,9,4,75.0,1500.0,11636.9,232738.0,155.15866666666668,154.3,138.9,147.3,161.3,172.78000000000003,182.72,0.0,0.0,0.0,0.0,1.0
base,9,5,223.0,4460.0,22056.699999999997,441133.99999999994,98.90896860986545,98.3,79.4,83.6,110.9,117.9,124.9,0.0,0.0,0.026905829596412557,0.0,1.0
base,9,6,105.0,2100.0,9746.1,194922.0,92.82000000000001,92.0,71.0,81.5,105.3,113.7,117.62,0.0,0.0,0.01904761904761905,0.0,1.0
base,9,7,180.0,3600.0,18735.6,374712.0,104.08666666666666,102.5,85.49000000000001,87.8,117.9,131.9,134.9099999999999,0.0,0.0,0.027777777777777776,0.0,1.0
base,9,8,174.0,3480.0,13866.0,277320.0,79.6896551724138,82.55,50.63,64.7,94.1,106.28000000000003,109.99,0.017241379310344827,0.0,0.0,0.0,1.0
base,9,9,464.0,9280.0,20596.0,411920.0,44.38793103448276,41.6,29.0,32.675000000000004,52.1,60.5,73.1,0.2025862068965517,0.0,0.008620689655172414,0.0,1.0
base,9,10,127.0,2540.0,8660.000000000002,173200.00000000003,68.18897637795277,66.8,42.86000000000001,53.150000000000006,83.6,96.2,106.27999999999999,0.007874015748031496,0.0,0.0,0.0,1.0
base,9,11,40.0,800.0,6821.6,136432.0,170.54000000000002,166.9,152.48000000000002,159.9,176.7,188.04000000000002,199.65999999999997,0.0,0.0,0.0,0.0,1.0
base,9,12,34.0,680.0,5048.8,100976.0,148.49411764705883,146.60000000000002,136.94,139.25,155.7,163.26,172.14999999999998,0.0,0.0,0.0,0.0,1.0
base,9,13,14.0,280.0,2266.6,45332.0,161.9,161.3,149.54,153.25,169.0,180.34,184.19,0.0,0.0,0.0,0.0,1.0
base,9,14,18.0,360.0,5199.4,103988.0,288.85555555555555,288.7,279.04,284.5,297.8,302.84,310.53999999999996,0.0,0.0,0.0,0.0,1.0
base,9,15,8.0,160.0,2262.0,45240.0,282.75,282.4,266.71999999999997,272.6,290.45,300.32,305.71,0.0,0.0,0.0,0.0,1.0
base,9,16,6.0,120.0,1862.3999999999999,37248.0,310.4,313.9,292.2,299.2,320.2,325.1,327.2,0.0,0.0,0.0,0.0,1.0
base,9,17,32.0,640.0,6080.0,121600.0,190.0,191.39999999999998,162.98,177.75,203.65,212.82,218.56,0.0,0.0,0.0,0.0,1.0
base,9,18,17.0,340.0,4331.1,86622.0,254.77058823529413,252.3,240.54,248.1,264.9,270.5,274.98,0.0,0.0,0.0,0.0,1.0
base,9,19,94.0,1880.0,11975.799999999997,239515.99999999994,127.40212765957445,126.3,108.1,114.05,137.15,146.46,153.39,0.0,0.0,0.010638297872340425,0.0,1.0
base,9,20,37.0,740.0,5455.699999999999,109113.99999999997,147.45135135135132,145.9,129.38,138.9,158.5,168.3,171.37999999999997,0.0,0.0,0.0,0.0,1.0
base,9,21,159.0,3180.0,12936.1,258722.0,81.35911949685534,79.4,60.5,71.0,92.0,103.9,108.1,0.0,0.0,0.0,0.0,1.0
base,9,22,5.0,100.0,1492.4999999999998,29849.999999999996,298.49999999999994,297.1,289.54,292.9,299.9,309.14,312.22,0.0,0.0,1.0,0.0,1.0
base,9,23,7.0,140.0,1962.1000000000001,39242.0,280.3,277.5,249.5,253.0,300.6,318.66,325.38,0.0,0.0,0.0,0.0,1.0
base,9,24,5.0,100.0,1129.8999999999999,22597.999999999996,225.97999999999996,250.9,174.74,199.1,250.9,262.66,266.58,0.0,0.0,0.0,0.0,1.0
base,9,25,10.0,200.0,1258.8,25176.0,125.88,127.0,64.28,114.05,145.20000000000002,155.41999999999996,185.6599999999999,0.0,0.0,0.0,0.0,1.0
base,9,26,15.0,300.0,4511.1,90222.0,300.74,298.5,286.18,292.9,315.3,321.46,342.17999999999995,0.0,0.0,1.0,0.0,1.0
base,10,-1,1.0,20.0,355.9,7118.0,355.9,355.9,355.9,355.9,355.9,355.9,355.9,0.0,0.0,1.0,0.0,1.0
base,10,1,51.0,1020.0,6222.9,124458.0,122.01764705882353,122.1,112.3,115.1,127.69999999999999,133.3,137.5,0.0,0.0,0.0,0.0,1.0
base,10,2,79.0,1580.0,8845.800000000001,176916.00000000003,111.9721518987342,110.9,102.08,106.7,113.7,119.3,126.71999999999997,0.0,0.0,0.0,0.0,1.0
base,10,3,83.0,1660.0,11034.5,220690.0,132.94578313253012,130.5,109.5,120.7,138.2,158.5,159.9,0.0,0.0,0.0,0.0,1.0
base,10,4,40.0,800.0,6579.4,131588.0,164.48499999999999,155.7,138.76000000000002,143.1,180.2,207.5,211.76999999999998,0.0,0.0,0.0,0.0,1.0
base,10,5,163.0,3260.0,12567.0,251340.0,77.09815950920246,75.2,58.4,68.9,85.7,96.2,100.19000000000001,0.0,0.0,0.03680981595092025,0.0,1.0
base,10,6,60.0,1200.0,3808.4999999999995,76169.99999999999,63.474999999999994,62.6,49.79,56.3,73.1,75.41000000000001,83.6,0.0,0.0,0.016666666666666666,0.0,1.0
base,10,7,132.0,2640.0,9932.0,198640.0,75.24242424242425,73.1,56.3,62.6,81.5,100.19000000000001,108.1,0.0,0.0,0.022727272727272728,0.0,1.0
base,10,8,123.0,2460.0,7169.900000000001,143398.0,58.29186991869919,56.3,31.1,44.75,69.95,79.4,94.9399999999999,0.07317073170731707,0.0,0.0,0.0,1.0
base,10,9,122.0,2440.0,7892.000000000001,157840.00000000003,64.68852459016394,58.4,39.5,47.9,77.3,100.19000000000001,103.9,0.040983606557377046,0.0,0.0,0.0,1.0
base,10,10,149.0,2980.0,5259.0,105180.0,35.29530201342282,29.0,29.0,29.0,35.3,47.9,55.45999999999999,0.5704697986577181,0.0,0.0,0.0,1.0
base,10,11,39.0,780.0,5575.300000000001,111506.00000000003,142.9564102564103,131.9,123.22,127.0,138.2,189.58,194.76000000000002,0.0,0.0,0.0,0.0,1.0
base,10,12,24.0,480.0,2819.1,56382.0,117.46249999999999,115.1,107.12,111.95,121.75,130.78,139.25,0.0,0.0,0.0,0.0,1.0
base,10,13,16.0,320.0,2144.0,42880.0,134.0,133.3,122.8,127.35,140.3,145.2,147.3,0.0,0.0,0.0,0.0,1.0
base,10,14,14.0,280.0,3676.3999999999996,73528.0,262.59999999999997,263.5,249.78,256.5,272.95,280.44,281.7,0.0,0.0,0.07142857142857142,0.0,1.0
base,10,15,10.0,200.0,2483.8,49676.0,248.38000000000002,249.5,238.16000000000003,243.2,255.1,255.23999999999998,255.87,0.0,0.0,0.0,0.0,1.0
base,10,16,4.0,80.0,1142.2,22844.0,285.55,285.9,270.78,279.6,291.85,300.04,302.77,0.0,0.0,0.25,0.0,1.0
base,10,17,34.0,680.0,5750.2,115004.0,169.1235294117647,166.9,161.3,164.45,172.5,181.04,183.28,0.0,0.0,0.0,0.0,1.0
base,10,18,7.0,140.0,1600.9,32018.0,228.70000000000002,221.5,216.18,218.7,225.7,247.54000000000002,261.82,0.0,0.0,0.0,0.0,1.0
base,10,19,92.0,1840.0,8995.3,179906.0,97.77499999999999,98.3,79.4,87.8,105.65,115.1,126.3,0.0,0.0,0.0,0.0,1.0
base,10,20,24.0,480.0,3150.2000000000003,63004.00000000001,131.25833333333335,131.9,119.72,124.9,133.65,144.78,149.67999999999998,0.0,0.0,0.0,0.0,1.0
base,10,21,55.0,1100.0,6793.199999999999,135863.99999999997,123.51272727272725,123.5,105.3,112.3,129.1,131.34,169.7,0.0,0.0,0.0,0.0,1.0
base,10,22,1.0,20.0,283.1,5662.0,283.1,283.1,283.1,283.1,283.1,283.1,283.1,0.0,0.0,1.0,0.0,1.0
base,10,23,8.0,160.0,2276.0,45520.0,284.5,274.70000000000005,249.35999999999999,264.9,323.7,327.48,331.89,0.0,0.0,0.0,0.0,1.0
base,10,24,5.0,100.0,1120.1000000000001,22402.000000000004,224.02000000000004,207.5,179.22,193.5,252.3,279.18,288.14,0.0,0.0,0.0,0.0,1.0
base,10,25,12.0,240.0,1759.2,35184.0,146.6,145.2,110.06,121.4,153.6,198.54000000000002,210.23,0.0,0.0,0.0,0.0,1.0
base,10,26,5.0,100.0,1594.7,31894.0,318.94,318.1,273.58000000000004,280.3,358.7,364.58,366.54,0.0,0.0,1.0,0.0,1.0
base,11,1,57.0,1140.0,8558.5,171170.0,150.14912280701753,145.9,137.5,140.3,151.5,177.26,189.85999999999999,0.0,0.0,0.017543859649122806,0.0,1.0
base,11,2,42.0,840.0,7077.0,141540.0,168.5,163.39999999999998,153.04000000000002,157.45,169.0,194.05999999999997,204.63,0.0,0.0,0.0,0.0,1.0
base,11,3,41.0,820.0,8245.699999999999,164913.99999999997,201.11463414634144,197.7,165.5,178.1,215.9,234.1,245.3,0.0,0.0,0.0,0.0,1.0
base,11,4,20.0,400.0,4042.2,80844.0,202.10999999999999,192.8,178.8,183.7,209.6,246.98,250.41000000000003,0.0,0.0,0.05,0.0,1.0
base,11,5,166.0,3320.0,20677.4,413548.0,124.56265060240965,124.9,110.9,118.25,126.3,131.9,148.7,0.0,0.0,0.10843373493975904,0.0,1.0
base,11,6,34.0,680.0,3975.7000000000003,79514.0,116.93235294117648,109.5,100.4,106.7,117.55000000000001,133.85999999999999,160.45999999999998,0.0,0.0,0.0,0.0,1.0
base,11,7,109.0,2180.0,12042.6,240852.0,110.48256880733945,105.3,87.8,100.4,112.3,143.38,159.9,0.0,0.0,0.045871559633027525,0.0,1.0
base,11,8,35.0,700.0,4841.900000000001,96838.00000000001,138.34,130.5,113.42,121.4,138.9,183.42000000000002,194.2,0.0,0.0,0.0,0.0,1.0
base,11,9,46.0,920.0,8126.799999999999,162536.0,176.6695652173913,173.9,150.1,157.8,182.64999999999998,205.4,234.45,0.0,0.0,0.0,0.0,1.0
base,11,10,33.0,660.0,4881.900000000001,97638.00000000001,147.93636363636367,130.5,122.1,126.3,168.3,180.62,250.62,0.0,0.0,0.0,0.0,1.0
base,11,11,208.0,4160.0,11424.099999999999,228481.99999999997,54.92355769230768,37.4,29.0,29.0,79.4,105.72000000000001,113.20999999999997,0.375,0.0,0.009615384615384616,0.0,1.0
base,11,12,88.0,1760.0,5599.1,111982.0,63.62613636363637,46.849999999999994,32.57000000000001,39.5,79.92500000000001,120.7,126.3,0.06818181818181818,0.0,0.0,0.0,1.0
base,11,13,51.0,1020.0,3267.5000000000005,65350.00000000001,64.0686274509804,60.5,43.7,50.0,72.05,96.2,102.5,0.0392156862745098,0.0,0.0,0.0,1.0
base,11,14,36.0,720.0,6201.599999999999,124031.99999999999,172.26666666666665,177.39999999999998,137.5,160.60000000000002,187.9,194.89999999999998,200.14999999999998,0.0,0.0,0.0,0.0,1.0
base,11,15,28.0,560.0,4731.999999999999,94639.99999999999,168.99999999999997,166.9,159.9,162.7,175.3,179.5,180.41,0.0,0.0,0.0,0.0,1.0
base,11,16,13.0,260.0,2518.3,50366.0,193.71538461538464,190.7,180.9,186.5,200.5,207.5,212.82,0.0,0.0,0.0,0.0,1.0
base,11,17,28.0,560.0,5485.2,109704.0,195.9,189.3,180.9,183.7,193.85,226.12,235.28999999999996,0.0,0.0,0.0,0.0,1.0
base,11,18,15.0,300.0,3592.6999999999994,71853.99999999999,239.5133333333333,241.1,223.46,229.9,243.9,249.78,261.25999999999993,0.0,0.0,0.0,0.0,1.0
base,11,19,84.0,1680.0,10236.8,204736.0,121.86666666666666,111.6,102.5,105.3,131.2,155.84,179.29,0.0,0.0,0.0,0.0,1.0
base,11,20,17.0,340.0,2764.5,55290.0,162.61764705882354,157.1,145.9,151.5,164.1,181.46,203.29999999999998,0.0,0.0,0.0,0.0,1.0
base,11,21,22.0,440.0,4520.2,90404.0,205.46363636363637,205.39999999999998,193.64000000000001,200.85,207.15,212.68,218.42,0.0,0.0,0.0,0.0,1.0
base,11,22,8.0,160.0,1766.4,35328.0,220.8,214.5,197.42000000000002,204.35,219.75,247.26,275.67999999999995,0.0,0.0,1.0,0.0,1.0
base,11,23,18.0,360.0,3117.6,62352.0,173.2,169.7,147.85999999999999,155.0,188.60000000000002,203.72,207.00999999999996,0.0,0.0,0.0,0.0,1.0
base,11,24,17.0,340.0,4360.500000000001,87210.00000000001,256.50000000000006,252.3,217.58,236.9,271.9,313.62,315.86,0.0,0.0,0.0,0.0,1.0
base,11,25,3.0,60.0,574.9,11498.0,191.63333333333333,215.9,81.5,131.9,263.5,292.06,301.58000000000004,0.0,0.0,0.0,0.0,1.0
base,11,26,22.0,440.0,4287.1,85742.0,194.86818181818182,209.60000000000002,118.17999999999999,158.5,210.3,276.52000000000015,304.38,0.0,0.0,1.0,0.0,1.0
base,12,1,37.0,740.0,5025.900000000001,100518.00000000001,135.83513513513515,136.1,125.74,131.9,141.7,145.06,148.98,0.0,0.0,0.0,0.0,1.0
base,12,2,49.0,980.0,7293.299999999999,145866.0,148.84285714285713,150.1,134.7,141.7,155.7,159.9,162.14,0.0,0.0,0.0,0.0,1.0
base,12,3,38.0,760.0,7030.999999999998,140619.99999999997,185.02631578947364,191.39999999999998,147.85999999999999,167.6,199.8,221.5,223.53,0.0,0.0,0.0,0.0,1.0
base,12,4,16.0,320.0,3265.4000000000005,65308.000000000015,204.08750000000003,189.3,176.0,183.35,227.45,248.8,255.8,0.0,0.0,0.0,0.0,1.0
base,12,5,99.0,1980.0,10900.699999999999,218013.99999999997,110.1080808080808,113.7,91.58,103.9,119.3,122.1,124.9,0.0,0.0,0.030303030303030304,0.0,1.0
base,12,6,42.0,840.0,3988.5999999999995,79771.99999999999,94.96666666666665,96.2,79.61,89.9,103.9,106.7,108.02999999999999,0.0,0.0,0.0,0.0,1.0
base,12,7,108.0,2160.0,8660.599999999999,173211.99999999997,80.19074074074072,79.4,60.5,71.0,92.0,98.3,100.4,0.0,0.0,0.027777777777777776,0.0,1.0
base,12,8,38.0,760.0,4529.900000000001,90598.00000000001,119.20789473684212,117.9,106.42,111.25,123.5,138.34,145.13,0.0,0.0,0.02631578947368421,0.0,1.0
base,12,9,31.0,620.0,4821.099999999999,96421.99999999999,155.51935483870966,152.9,138.9,146.6,167.60000000000002,178.1,178.8,0.0,0.0,0.0,0.0,1.0
base,12,10,37.0,740.0,4442.8,88856.0,120.07567567567568,117.9,108.94,112.3,126.3,132.73999999999998,143.37999999999997,0.0,0.0,0.0,0.0,1.0
base,12,11,101.0,2020.0,5673.7,113474.0,56.17524752475247,43.7,29.0,35.3,62.6,117.9,119.3,0.10891089108910891,0.0,0.019801980198019802,0.0,1.0
base,12,12,112.0,2240.0,4446.4,88928.0,39.699999999999996,35.3,29.0,29.0,43.7,52.1,62.1799999999999,0.3125,0.0,0.017857142857142856,0.0,1.0
base,12,13,27.0,540.0,1830.2,36604.0,67.78518518518518,62.6,50.0,55.25,74.15,90.32000000000004,109.71,0.0,0.0,0.0,0.0,1.0
base,12,14,20.0,400.0,3954.0000000000005,79080.00000000001,197.70000000000002,197.0,181.32,193.15,209.25,215.20000000000002,221.78,0.0,0.0,0.05,0.0,1.0
base,12,15,18.0,360.0,3419.9999999999995,68399.99999999999,189.99999999999997,187.2,179.5,179.85,191.4,202.74,209.52999999999994,0.0,0.0,0.05555555555555555,0.0,1.0
base,12,16,11.0,220.0,2362.3,47246.0,214.75454545454548,214.5,200.5,208.9,220.1,229.9,231.3,0.0,0.0,0.09090909090909091,0.0,1.0
base,12,17,18.0,360.0,3509.6,70192.0,194.97777777777776,190.7,182.01999999999998,183.7,201.2,211.28000000000003,231.57999999999998,0.0,0.0,0.0,0.0,1.0
base,12,18,16.0,320.0,3996.2,79924.0,249.7625,251.6,237.6,246.7,257.55,260.7,260.7,0.0,0.0,0.0,0.0,1.0
base,12,19,48.0,960.0,5840.5,116810.0,121.67708333333333,120.0,107.25999999999999,113.35,129.45,139.32000000000002,146.32,0.0,0.0,0.0,0.0,1.0
base,12,20,15.0,300.0,2394.3,47886.0,159.62,159.9,145.9,151.5,166.9,171.1,177.26,0.0,0.0,0.0,0.0,1.0
base,12,21,21.0,420.0,4020.0999999999995,80401.99999999999,191.4333333333333,190.7,176.7,183.7,199.1,203.3,207.5,0.0,0.0,0.0,0.0,1.0
base,12,22,7.0,140.0,1470.7,29414.0,210.1,210.3,203.57999999999998,206.8,213.8,215.62,216.46,0.0,0.0,1.0,0.0,1.0
base,12,23,12.0,240.0,2571.2,51424.0,214.26666666666665,214.5,200.78,204.35,228.5,233.96,235.35999999999999,0.0,0.0,0.0,0.0,1.0
base,12,24,9.0,180.0,2273.5,45470.0,252.61111111111111,250.9,220.38,238.3,285.9,299.62,304.66,0.0,0.0,0.0,0.0,1.0
base,12,25,3.0,60.0,637.9000000000001,12758.000000000002,212.63333333333335,179.5,170.54000000000002,173.9,234.8,267.98,279.04,0.0,0.0,0.0,0.0,1.0
base,12,26,7.0,140.0,1704.5,34090.0,243.5,256.5,165.22,208.2,297.79999999999995,310.26,312.78,0.0,0.0,1.0,0.0,1.0
base,13,-1,1.0,20.0,238.3,4766.0,238.3,238.3,238.3,238.3,238.3,238.3,238.3,0.0,0.0,1.0,0.0,1.0
base,13,1,30.0,600.0,4307.0,86140.0,143.56666666666666,141.0,133.3,136.1,146.95000000000002,159.9,166.82999999999996,0.0,0.0,0.0,0.0,1.0
base,13,2,20.0,400.0,3169.9999999999995,63399.99999999999,158.49999999999997,156.39999999999998,147.3,152.55,162.7,170.12,174.25,0.0,0.0,0.0,0.0,1.0
base,13,3,15.0,300.0,3014.5,60290.0,200.96666666666667,204.7,166.9,187.9,220.1,225.42,227.94,0.0,0.0,0.0,0.0,1.0
base,13,4,12.0,240.0,2470.4,49408.0,205.86666666666667,182.3,162.42000000000002,174.60000000000002,246.35000000000002,273.44000000000005,286.18,0.0,0.0,0.0,0.0,1.0
base,13,5,52.0,1040.0,6182.599999999999,123651.99999999999,118.89615384615384,120.7,108.24,110.9,126.3,127.7,127.7,0.0,0.0,0.0,0.0,1.0
base,13,6,27.0,540.0,2859.9,57198.0,105.92222222222223,105.3,92.0,99.35,112.30000000000001,118.46000000000001,120.28,0.0,0.0,0.037037037037037035,0.0,1.0
base,13,7,55.0,1100.0,5461.799999999999,109235.99999999999,99.30545454545454,102.5,86.54,93.05,106.0,106.7,108.52,0.0,0.0,0.09090909090909091,0.0,1.0
base,13,8,24.0,480.0,3061.3,61226.0,127.55416666666667,125.6,119.3,121.39999999999999,130.85,139.46,145.06,0.0,0.0,0.0,0.0,1.0
base,13,9,18.0,360.0,2928.6,58572.0,162.7,163.39999999999998,147.44,157.45,165.5,182.3,183.14000000000001,0.0,0.0,0.0,0.0,1.0
base,13,10,20.0,400.0,2659.0,53180.0,132.95,130.5,121.96,129.1,138.55,141.98,144.64000000000001,0.0,0.0,0.0,0.0,1.0
base,13,11,54.0,1080.0,3547.7000000000003,70954.0,65.69814814814815,64.7,47.9,52.1,73.1,99.77000000000001,102.5,0.018518518518518517,0.0,0.018518518518518517,0.0,1.0
base,13,12,30.0,600.0,1735.2,34704.0,57.84,56.3,43.49,50.0,68.375,71.63000000000001,77.3,0.0,0.0,0.0,0.0,1.0
base,13,13,34.0,680.0,1172.9,23458.0,34.497058823529414,29.0,29.0,29.0,37.4,43.91,56.3,0.5294117647058824,0.0,0.0,0.0,1.0
base,13,14,18.0,360.0,3239.3999999999996,64787.99999999999,179.96666666666664,182.3,156.26,173.55,191.75,195.32000000000002,198.39999999999998,0.0,0.0,0.0,0.0,1.0
base,13,15,11.0,220.0,1886.3,37726.0,171.48181818181817,172.5,165.5,169.0,174.60000000000002,175.3,175.3,0.0,0.0,0.0,0.0,1.0
base,13,16,8.0,160.0,1597.0,31940.0,199.625,199.1,195.88000000000002,197.35,201.2,204.14000000000001,205.12,0.0,0.0,0.0,0.0,1.0
base,13,17,12.0,240.0,2573.9999999999995,51479.99999999999,214.49999999999997,212.39999999999998,203.44,205.75,222.9,230.46,232.56,0.0,0.0,0.0,0.0,1.0
base,13,18,4.0,80.0,1012.0,20240.0,253.0,255.1,243.48,249.15,258.95,260.84000000000003,261.47,0.0,0.0,0.0,0.0,1.0
base,13,19,20.0,400.0,2720.6,54412.0,136.03,131.2,118.74,121.75,148.70000000000002,164.38,166.97,0.0,0.0,0.0,0.0,1.0
base,13,20,2.0,40.0,332.4,6648.0,166.2,166.2,158.92,161.65,170.75,173.48000000000002,174.39000000000001,0.0,0.0,0.0,0.0,1.0
base,13,21,7.0,140.0,1448.3000000000002,28966.000000000004,206.90000000000003,203.3,198.82,201.2,212.4,218.14000000000001,219.82,0.0,0.0,0.0,0.0,1.0
base,13,22,7.0,140.0,1341.9,26838.0,191.70000000000002,190.7,184.54,186.5,195.6,201.62,202.46,0.0,0.0,1.0,0.0,1.0
base,13,23,5.0,100.0,900.3,18006.0,180.06,183.7,168.29999999999998,176.7,186.5,189.01999999999998,189.85999999999999,0.0,0.0,0.0,0.0,1.0
base,13,24,4.0,80.0,988.2,19764.0,247.05,248.1,216.88,228.85,266.3,276.38,279.74,0.0,0.0,0.0,0.0,1.0
base,13,25,3.0,60.0,664.5,13290.0,221.5,236.9,195.46,211.0,239.7,241.38,241.94,0.0,0.0,0.0,0.0,1.0
base,13,26,4.0,80.0,1034.3999999999999,20687.999999999996,258.59999999999997,255.1,192.52,193.15,320.55,327.48,329.79,0.0,0.0,1.0,0.0,1.0
base,14,1,23.0,460.0,6266.3,125326.0,272.4478260869565,276.1,238.86,260.7,283.8,299.62,309.0,0.0,0.0,0.0,0.0,1.0
base,14,2,7.0,140.0,2044.6999999999998,40894.0,292.09999999999997,290.1,276.94,285.20000000000005,299.20000000000005,308.02000000000004,313.06,0.0,0.0,0.14285714285714285,0.0,1.0
base,14,3,25.0,500.0,8236.7,164734.0,329.468,327.9,289.82,320.9,346.1,356.74,364.02,0.0,0.0,0.0,0.0,1.0
base,14,4,19.0,380.0,6188.099999999999,123761.99999999999,325.6894736842105,325.1,292.62,312.5,337.0,357.86,379.9799999999999,0.0,0.0,0.0,0.0,1.0
base,14,5,73.0,1460.0,18163.1,363262.0,248.80958904109588,249.5,235.5,246.7,256.5,263.5,264.9,0.0,0.0,0.136986301369863,0.0,1.0
base,14,6,11.0,220.0,2541.5000000000005,50830.00000000001,231.0454545454546,231.3,211.7,223.60000000000002,234.8,245.3,256.5,0.0,0.0,0.0,0.0,1.0
base,14,7,63.0,1260.0,14503.3,290066.0,230.2111111111111,227.1,220.38,227.1,237.60000000000002,245.02,247.95999999999998,0.0,0.0,0.07936507936507936,0.0,1.0
base,14,8,22.0,440.0,5696.2,113924.0,258.91818181818184,256.5,246.84,251.25,269.45,276.94,278.83,0.0,0.0,0.0,0.0,1.0
base,14,9,17.0,340.0,4973.7,99474.0,292.5705882352941,291.5,281.98,284.5,298.5,301.58,308.3,0.0,0.0,0.0,0.0,1.0
base,14,10,12.0,240.0,3138.2000000000003,62764.00000000001,261.5166666666667,262.1,252.58,258.25,274.7,275.96000000000004,276.73,0.0,0.0,0.0,0.0,1.0
base,14,11,36.0,720.0,6235.200000000001,124704.00000000001,173.20000000000002,173.2,150.8,169.7,186.5,190.7,194.9,0.0,0.0,0.0,0.0,1.0
base,14,12,27.0,540.0,5169.9,103398.0,191.47777777777776,193.5,179.78,186.5,198.39999999999998,207.22,212.82,0.0,0.0,0.037037037037037035,0.0,1.0
base,14,13,25.0,500.0,4407.7,88154.0,176.308,179.5,155.42000000000002,176.7,185.1,189.58,197.41999999999996,0.0,0.0,0.04,0.0,1.0
base,14,14,469.0,9380.0,20720.300000000003,414406.00000000006,44.17974413646056,38.8,25.5,29.0,50.2,71.47999999999998,92.3,0.24307036247334754,0.0,0.021321961620469083,0.0,1.0
base,14,15,71.0,1420.0,7247.199999999999,144943.99999999997,102.0732394366197,100.7,85.7,92.3,109.1,120.3,124.5,0.0,0.0,0.028169014084507043,0.0,1.0
base,14,16,61.0,1220.0,6135.9,122718.0,100.58852459016393,95.1,89.5,90.9,110.9,121.7,130.1,0.0,0.0,0.01639344262295082,0.0,1.0
base,14,17,18.0,360.0,4947.599999999999,98951.99999999999,274.8666666666666,272.20000000000005,253.01999999999998,257.85,284.8,302.58,316.78000000000003,0.0,0.0,0.0,0.0,1.0
base,14,18,14.0,280.0,2900.2000000000003,58004.00000000001,207.15714285714287,208.5,189.32000000000002,199.75,212.3,230.62000000000003,238.95,0.0,0.0,0.07142857142857142,0.0,1.0
base,14,19,16.0,320.0,3885.0,77700.0,242.8125,246.7,212.0,227.85,252.25,264.5,279.3,0.0,0.0,0.0625,0.0,1.0
base,14,20,8.0,160.0,2306.4,46128.0,288.3,279.9,268.42,270.1,307.55,317.0,319.45,0.0,0.0,0.0,0.0,1.0
base,14,21,7.0,140.0,2247.7,44954.0,321.09999999999997,321.9,310.42,313.5,323.3,331.70000000000005,338.0,0.0,0.0,0.0,0.0,1.0
base,14,22,36.0,720.0,6015.4,120308.0,167.09444444444443,171.1,152.2,160.25,173.9,176.7,177.39999999999998,0.0,0.0,1.0,0.0,1.0
base,14,23,72.0,1440.0,9609.2,192184.0,133.4611111111111,130.1,73.0,89.5,174.55,202.52,215.9,0.013888888888888888,0.0,0.08333333333333333,0.0,1.0
base,14,24,6.0,120.0,1449.8000000000002,28996.000000000004,241.63333333333335,247.0,184.7,196.25,286.2,293.20000000000005,295.65000000000003,0.0,0.0,0.0,0.0,1.0
base,14,25,2.0,40.0,676.0,13520.0,338.0,338.0,336.32,336.95,339.05,339.68,339.89000000000004,0.0,0.0,0.0,0.0,1.0
base,14,26,12.0,240.0,2191.8,43836.0,182.65,178.1,134.84,136.1,191.04999999999998,266.44,290.45,0.0,0.0,1.0,0.0,1.0
base,15,-1,1.0,20.0,192.1,3842.0,192.1,192.1,192.1,192.1,192.1,192.1,192.1,0.0,0.0,1.0,0.0,1.0
base,15,1,9.0,180.0,2308.5,46170.0,256.5,252.3,247.82,250.9,263.5,264.62,266.86,0.0,0.0,0.1111111111111111,0.0,1.0
base,15,2,7.0,140.0,1934.1000000000001,38682.0,276.3,274.7,271.06,273.3,277.5,283.38,286.74,0.0,0.0,0.0,0.0,1.0
base,15,3,12.0,240.0,3670.2,73404.0,305.84999999999997,311.1,270.5,296.75,316.7,327.62,336.71999999999997,0.0,0.0,0.0,0.0,1.0
base,15,4,9.0,180.0,2811.1,56222.0,312.34444444444443,306.9,298.22,305.5,313.9,327.06,342.18,0.0,0.0,0.0,0.0,1.0
base,15,5,61.0,1220.0,14568.500000000002,291370.00000000006,238.82786885245903,239.7,231.3,238.3,241.1,242.5,243.9,0.0,0.0,0.09836065573770492,0.0,1.0
base,15,6,8.0,160.0,1790.1999999999998,35804.0,223.77499999999998,224.3,215.06,218.0,229.55,232.7,232.7,0.0,0.0,0.0,0.0,1.0
base,15,7,24.0,480.0,5167.6,103352.0,215.3166666666667,218.0,201.9,208.55,222.9,224.85999999999999,226.89,0.0,0.0,0.125,0.0,1.0
base,15,8,12.0,240.0,3024.8,60496.0,252.0666666666667,250.2,237.04000000000002,239.35,261.05,267.56,270.84999999999997,0.0,0.0,0.0,0.0,1.0
base,15,9,9.0,180.0,2552.1000000000004,51042.00000000001,283.5666666666667,285.9,264.90000000000003,278.9,290.1,300.46,301.58,0.0,0.0,0.0,0.0,1.0
base,15,10,10.0,200.0,2483.7999999999997,49675.99999999999,248.37999999999997,249.5,240.54,241.8,253.35,255.79999999999998,258.95,0.0,0.0,0.0,0.0,1.0
base,15,11,27.0,540.0,4695.3,93906.0,173.9,168.3,163.54,164.1,177.39999999999998,181.46,185.24,0.0,0.0,0.0,0.0,1.0
base,15,12,15.0,300.0,2814.3,56286.0,187.62,187.9,175.86,180.2,190.0,204.7,206.38,0.0,0.0,0.0,0.0,1.0
base,15,13,7.0,140.0,1187.9,23758.0,169.70000000000002,169.7,166.62,168.3,171.8,173.06,173.48,0.0,0.0,0.0,0.0,1.0
base,15,14,71.0,1420.0,7099.299999999999,141986.0,99.99014084507041,100.4,85.3,93.7,107.2,114.7,116.8,0.0,0.0,0.014084507042253521,0.0,1.0
base,15,15,129.0,2580.0,3578.1,71562.0,27.73720930232558,25.5,25.5,25.5,29.0,33.1,35.0,0.751937984496124,0.0,0.007751937984496124,0.0,1.0
base,15,16,59.0,1180.0,3248.0000000000005,64960.00000000001,55.05084745762713,54.2,40.32,48.3,59.7,71.1,71.66999999999996,0.0,0.0,0.0,0.0,1.0
base,15,17,25.0,500.0,5131.099999999999,102621.99999999999,205.24399999999997,201.5,190.86,195.9,209.9,221.94,239.29999999999995,0.0,0.0,0.0,0.0,1.0
base,15,18,22.0,440.0,3184.6,63692.0,144.75454545454545,144.1,129.12,140.25,153.2,156.56,160.69,0.0,0.0,0.0,0.0,1.0
base,15,19,16.0,320.0,3622.4,72448.0,226.4,219.9,211.3,213.75,228.2,256.8,272.55,0.0,0.0,0.0,0.0,1.0
base,15,20,12.0,240.0,3320.0000000000005,66400.00000000001,276.6666666666667,275.0,271.64,272.9,280.34999999999997,283.86,285.99,0.0,0.0,0.0,0.0,1.0
base,15,21,4.0,80.0,1205.0,24100.0,301.25,303.0,293.20000000000005,296.35,307.9,307.9,307.9,0.0,0.0,0.0,0.0,1.0
base,15,22,10.0,200.0,2461.4,49228.0,246.14000000000001,236.9,229.34,230.95,265.95,269.1,269.1,0.0,0.0,1.0,0.0,1.0
base,15,23,91.0,1820.0,7355.8,147116.0,80.83296703296703,71.1,38.8,48.099999999999994,123.8,136.1,136.1,0.01098901098901099,0.0,0.12087912087912088,0.0,1.0
base,15,24,14.0,280.0,2525.0000000000005,50500.00000000001,180.3571428571429,160.9,120.16,144.45,181.65,255.82000000000002,304.60999999999996,0.0,0.0,0.07142857142857142,0.0,1.0
base,15,25,4.0,80.0,1346.8000000000002,26936.000000000004,336.70000000000005,338.20000000000005,281.56,298.75,376.15000000000003,390.64000000000004,395.47,0.0,0.0,0.0,0.0,1.0
base,15,26,4.0,80.0,916.8,18336.0,229.2,228.5,211.56,219.75,237.95,247.4,250.54999999999998,0.0,0.0,1.0,0.0,1.0
base,16,1,6.0,120.0,1784.0,35680.0,297.3333333333333,285.9,281.7,285.9,312.15,324.4,326.15,0.0,0.0,0.0,0.0,1.0
base,16,2,6.0,120.0,1831.6,36632.0,305.26666666666665,310.4,291.5,296.75,312.5,313.9,314.6,0.0,0.0,0.0,0.0,1.0
base,16,3,9.0,180.0,3121.8999999999996,62437.99999999999,346.87777777777774,346.1,327.62,339.1,364.3,367.09999999999997,369.9,0.0,0.0,0.0,0.0,1.0
base,16,4,9.0,180.0,3004.3,60086.0,333.81111111111113,336.3,319.78,332.1,341.9,343.58,344.14,0.0,0.0,0.0,0.0,1.0
base,16,5,27.0,540.0,7138.3,142766.0,264.3814814814815,266.3,257.9,260.7,267.7,269.1,269.1,0.0,0.0,0.18518518518518517,0.0,1.0
base,16,6,3.0,60.0,734.5,14690.0,244.83333333333334,241.1,239.98,240.39999999999998,247.39999999999998,251.17999999999998,252.44,0.0,0.0,0.0,0.0,1.0
base,16,7,16.0,320.0,3923.4,78468.0,245.2125,245.3,235.5,240.4,252.3,257.9,259.65,0.0,0.0,0.0,0.0,1.0
base,16,8,9.0,180.0,2384.1000000000004,47682.00000000001,264.90000000000003,263.5,249.5,259.3,274.7,277.5,280.3,0.0,0.0,0.0,0.0,1.0
base,16,9,8.0,160.0,2414.6000000000004,48292.00000000001,301.82500000000005,302.0,285.06,292.2,314.25,316.14,317.12,0.0,0.0,0.0,0.0,1.0
base,16,10,3.0,60.0,870.3,17406.0,290.09999999999997,284.5,273.3,277.5,299.9,309.14,312.22,0.0,0.0,0.0,0.0,1.0
base,16,11,17.0,340.0,3250.2999999999997,65005.99999999999,191.19411764705882,189.3,182.29999999999998,186.5,197.7,201.62,204.14000000000001,0.0,0.0,0.0,0.0,1.0
base,16,12,12.0,240.0,2466.2,49324.0,205.51666666666665,205.39999999999998,199.24,200.5,212.04999999999998,213.1,216.25,0.0,0.0,0.0,0.0,1.0
base,16,13,9.0,180.0,1730.3,34606.0,192.25555555555556,192.1,184.82,189.3,196.3,198.54,200.22,0.0,0.0,0.0,0.0,1.0
base,16,14,53.0,1060.0,5375.099999999999,107501.99999999999,101.41698113207546,96.5,85.58,90.9,107.7,128.98000000000002,144.1,0.0,0.0,0.0,0.0,1.0
base,16,15,55.0,1100.0,3037.4,60748.0,55.22545454545455,57.8,42.6,49.25,59.7,64.22,69.22999999999998,0.0,0.0,0.01818181818181818,0.0,1.0
base,16,16,171.0,3420.0,4627.4,92548.0,27.060818713450292,25.5,25.5,25.5,27.4,31.2,35.0,0.7602339181286549,0.0,0.005847953216374269,0.0,1.0
base,16,17,9.0,180.0,2066.9,41338.0,229.65555555555557,229.5,224.18,226.7,232.3,235.38,238.73999999999998,0.0,0.0,0.0,0.0,1.0
base,16,18,13.0,260.0,2199.8999999999996,43997.99999999999,169.2230769230769,169.3,157.54,160.9,176.7,181.34,184.14,0.0,0.0,0.0,0.0,1.0
base,16,19,13.0,260.0,3474.7000000000003,69494.0,267.2846153846154,254.7,241.82,247.7,302.3,308.18,312.1,0.0,0.0,0.0,0.0,1.0
base,16,20,4.0,80.0,1198.4,23968.0,299.6,294.6,293.9,293.9,300.3,309.3,312.3,0.0,0.0,0.0,0.0,1.0
base,16,21,3.0,60.0,976.9,19538.0,325.6333333333333,324.7,322.46,323.29999999999995,327.5,329.18,329.74,0.0,0.0,0.0,0.0,1.0
base,16,22,8.0,160.0,1878.4,37568.0,234.8,235.5,224.57999999999998,229.2,240.75,245.16,246.63,0.0,0.0,1.0,0.0,1.0
base,16,23,51.0,1020.0,5887.1,117742.0,115.43333333333334,144.1,52.1,78.7,145.5,162.7,162.7,0.0196078431372549,0.0,0.0392156862745098,0.0,1.0
base,16,24,9.0,180.0,2383.2999999999997,47665.99999999999,264.8111111111111,211.3,178.82,201.5,330.3,378.18,415.14,0.0,0.0,0.0,0.0,1.0
base,16,25,3.0,60.0,962.9,19258.0,320.96666666666664,331.7,266.74,291.1,356.2,370.9,375.8,0.0,0.0,0.0,0.0,1.0
base,16,26,9.0,180.0,2230.1,44602.0,247.7888888888889,238.3,198.26,211.7,283.1,312.5,318.09999999999997,0.0,0.0,1.0,0.0,1.0
base,17,1,20.0,400.0,4778.6,95572.0,238.93,238.3,215.76000000000002,234.1,242.85,258.03999999999996,259.93,0.0,0.0,0.0,0.0,1.0
base,17,2,18.0,360.0,4078.0,81560.0,226.55555555555554,225.7,216.74,224.3,229.9,239.14000000000001,241.1,0.0,0.0,0.0,0.0,1.0
base,17,3,18.0,360.0,4442.0,88840.0,246.77777777777777,243.2,219.96,238.65,265.6,271.76,275.75,0.0,0.0,0.0,0.0,1.0
base,17,4,8.0,160.0,2099.6000000000004,41992.00000000001,262.45000000000005,267.0,232.14000000000001,235.5,277.85,291.5,301.3,0.0,0.0,0.0,0.0,1.0
base,17,5,20.0,400.0,4211.6,84232.0,210.58,208.9,200.5,206.1,213.1,226.54000000000005,246.76999999999998,0.0,0.0,0.0,0.0,1.0
base,17,6,50.0,1000.0,9609.199999999999,192183.99999999997,192.18399999999997,187.9,182.3,183.7,192.1,224.3,224.3,0.0,0.0,0.02,0.0,1.0
base,17,7,46.0,920.0,8713.399999999998,174267.99999999994,189.42173913043473,187.9,180.9,182.3,192.1,206.1,220.45,0.0,0.0,0.021739130434782608,0.0,1.0
base,17,8,32.0,640.0,5961.0,119220.0,186.28125,185.1,175.3,179.5,191.39999999999998,197.7,203.01999999999998,0.0,0.0,0.0,0.0,1.0
base,17,9,32.0,640.0,5972.2,119444.0,186.63125,185.8,165.5,173.2,201.2,211.14000000000001,214.5,0.0,0.0,0.0,0.0,1.0
base,17,10,37.0,740.0,6283.1,125662.0,169.81351351351353,169.7,161.3,164.1,176.7,181.73999999999998,187.06,0.0,0.0,0.0,0.0,1.0
base,17,11,22.0,440.0,4266.8,85336.0,193.94545454545457,188.60000000000002,176.84,182.65,193.15,224.3,234.94,0.0,0.0,0.0,0.0,1.0
base,17,12,18.0,360.0,3515.2,70304.0,195.2888888888889,194.2,185.1,188.25,198.75,203.16,210.29999999999995,0.0,0.0,0.0,0.0,1.0
base,17,13,11.0,220.0,2325.9,46518.0,211.44545454545457,210.3,197.7,206.8,218.0,222.9,228.5,0.0,0.0,0.0,0.0,1.0
base,17,14,20.0,400.0,5422.399999999999,108447.99999999997,271.11999999999995,271.5,237.62,264.5,279.15,296.98,300.62,0.0,0.0,0.05,0.0,1.0
base,17,15,21.0,420.0,4272.1,85442.0,203.43333333333334,202.9,190.3,198.7,207.1,219.7,222.5,0.0,0.0,0.0,0.0,1.0
base,17,16,11.0,220.0,2613.5,52270.0,237.5909090909091,230.9,229.5,230.2,250.9,253.3,254.0,0.0,0.0,0.0,0.0,1.0
base,17,17,154.0,3080.0,5937.4,118748.0,38.554545454545455,27.4,25.5,25.5,46.4,71.1,82.82999999999998,0.512987012987013,0.0,0.006493506493506494,0.0,1.0
base,17,18,56.0,1120.0,5690.9,113818.0,101.62321428571428,97.9,81.55,85.3,111.9,130.5,137.1,0.0,0.0,0.0,0.0,1.0
base,17,19,66.0,1320.0,7687.599999999999,153752.0,116.47878787878787,117.5,100.0,106.3,127.25,132.9,136.0,0.0,0.0,0.0,0.0,1.0
base,17,20,39.0,780.0,4391.900000000001,87838.00000000001,112.61282051282053,109.1,97.9,102.1,120.3,133.5,137.94,0.0,0.0,0.0,0.0,1.0
base,17,21,18.0,360.0,4007.0,80140.0,222.61111111111111,221.3,188.9,208.5,235.15,256.8,259.65999999999997,0.0,0.0,0.0,0.0,1.0
base,17,22,2.0,40.0,716.0,14320.0,358.0,358.0,345.12,349.95,366.05,370.88,372.49,0.0,0.0,1.0,0.0,1.0
base,17,23,41.0,820.0,7319.499999999999,146389.99999999997,178.52439024390242,166.9,156.7,166.9,173.9,226.7,239.3,0.0,0.0,0.21951219512195122,0.0,1.0
base,17,24,46.0,920.0,5569.900000000001,111398.00000000001,121.08478260869566,121.0,71.1,89.85,151.1,164.6,174.2,0.0,0.0,0.0,0.0,1.0
base,17,25,4.0,80.0,839.0,16780.0,209.75,208.7,199.66,201.1,217.35,220.68,221.79,0.0,0.0,0.0,0.0,1.0
base,17,26,5.0,100.0,1773.9,35478.0,354.78000000000003,347.5,347.5,347.5,347.5,369.34,376.61999999999995,0.0,0.0,1.0,0.0,1.0
base,18,1,7.0,140.0,2107.7,42154.0,301.09999999999997,299.9,290.1,295.0,306.2,310.26,312.78,0.0,0.0,0.0,0.0,1.0
base,18,2,6.0,120.0,1765.8000000000002,35316.0,294.3,291.5,288.0,290.45000000000005,292.54999999999995,303.4,308.65,0.0,0.0,0.0,0.0,1.0
base,18,3,10.0,200.0,3141.7999999999993,62835.999999999985,314.17999999999995,309.0,295.7,298.5,319.5,345.4,348.54999999999995,0.0,0.0,0.0,0.0,1.0
base,18,4,12.0,240.0,3997.7999999999997,79956.0,333.15,333.5,320.2,327.54999999999995,336.65,337.7,352.18999999999994,0.0,0.0,0.0,0.0,1.0
base,18,5,20.0,400.0,5317.6,106352.0,265.88,267.0,255.66,259.3,271.2,277.92,281.84,0.0,0.0,0.05,0.0,1.0
base,18,6,33.0,660.0,8230.699999999999,164613.99999999997,249.41515151515148,248.1,241.1,241.1,255.1,255.1,259.58,0.0,0.0,0.030303030303030304,0.0,1.0
base,18,7,36.0,720.0,8948.4,178968.0,248.56666666666666,246.7,239.7,239.7,255.1,257.9,262.1,0.0,0.0,0.0,0.0,1.0
base,18,8,12.0,240.0,3026.2000000000003,60524.00000000001,252.18333333333337,250.2,231.44,248.45,266.65,267.7,268.33,0.0,0.0,0.0,0.0,1.0
base,18,9,17.0,340.0,4293.299999999999,85865.99999999999,252.54705882352937,248.1,238.01999999999998,243.9,260.7,276.38,280.29999999999995,0.0,0.0,0.0,0.0,1.0
base,18,10,8.0,160.0,1884.0,37680.0,235.5,229.2,217.01999999999998,222.9,241.45,255.51999999999998,270.71,0.0,0.0,0.0,0.0,1.0
base,18,11,21.0,420.0,5040.700000000001,100814.00000000001,240.03333333333336,242.5,224.3,234.1,246.7,252.3,255.1,0.0,0.0,0.0,0.0,1.0
base,18,12,15.0,300.0,3731.3000000000006,74626.00000000001,248.7533333333334,252.3,237.46,241.8,257.2,262.1,263.36,0.0,0.0,0.0,0.0,1.0
base,18,13,4.0,80.0,1003.6000000000001,20072.000000000004,250.90000000000003,251.60000000000002,246.98000000000002,249.5,253.0,254.26,254.68,0.0,0.0,0.0,0.0,1.0
base,18,14,10.0,200.0,2106.0,42120.0,210.6,211.3,191.42,198.0,215.15,246.58,247.84,0.0,0.0,0.0,0.0,1.0
base,18,15,26.0,520.0,3731.6,74632.0,143.52307692307693,142.7,129.4,137.45,150.75,156.0,161.25,0.0,0.0,0.038461538461538464,0.0,1.0
base,18,16,11.0,220.0,1848.3000000000002,36966.0,168.02727272727273,166.5,160.9,161.60000000000002,172.10000000000002,181.9,182.60000000000002,0.0,0.0,0.0,0.0,1.0
base,18,17,59.0,1180.0,6023.9,120478.0,102.1,99.3,80.22,86.0,111.9,134.02,138.5,0.0,0.0,0.0,0.0,1.0
base,18,18,128.0,2560.0,4259.700000000001,85194.00000000001,33.278906250000006,29.3,25.5,25.5,36.9,44.5,55.80499999999995,0.3828125,0.0,0.0,0.0,1.0
base,18,19,22.0,440.0,3907.7999999999997,78156.0,177.62727272727273,182.8,150.95999999999998,166.85,188.55,195.9,201.22,0.0,0.0,0.0,0.0,1.0
base,18,20,10.0,200.0,1720.3999999999999,34408.0,172.04,172.8,163.84,167.9,176.25,183.34,183.52,0.0,0.0,0.0,0.0,1.0
base,18,21,4.0,80.0,1097.6,21952.0,274.4,276.4,264.36,269.84999999999997,280.95,282.84000000000003,283.47,0.0,0.0,0.0,0.0,1.0
base,18,22,1.0,20.0,346.1,6922.0,346.1,346.1,346.1,346.1,346.1,346.1,346.1,0.0,0.0,1.0,0.0,1.0
base,18,23,32.0,640.0,4629.4,92588.0,144.66875,127.30000000000001,102.1,109.9,180.15,204.02,206.95999999999998,0.0,0.0,0.15625,0.0,1.0
base,18,24,32.0,640.0,2611.6,52232.0,81.6125,63.5,26.07,41.65,96.5,155.3,190.08999999999997,0.125,0.0,0.0,0.0,1.0
base,18,25,7.0,140.0,1692.2999999999997,33845.99999999999,241.7571428571428,249.1,210.18,237.9,259.1,270.34,274.41999999999996,0.0,0.0,0.0,0.0,1.0
base,18,26,7.0,140.0,2398.8999999999996,47977.99999999999,342.69999999999993,344.7,283.94,316.7,361.5,398.74,423.5199999999999,0.0,0.0,1.0,0.0,1.0
base,19,-1,2.0,40.0,354.8,7096.0,177.4,177.4,141.0,154.65,200.15,213.8,218.35,0.0,0.0,1.0,0.0,1.0
base,19,1,48.0,960.0,8099.400000000001,161988.0,168.7375,165.5,144.08,152.2,172.85,193.92000000000002,215.40999999999997,0.0,0.0,0.0,0.0,1.0
base,19,2,76.0,1520.0,11631.6,232632.0,153.04736842105262,149.39999999999998,133.3,141.7,156.04999999999998,178.1,182.3,0.0,0.0,0.0,0.0,1.0
base,19,3,83.0,1660.0,14855.099999999999,297102.0,178.9771084337349,173.9,155.7,165.5,193.5,205.82,212.67999999999995,0.0,0.0,0.0,0.0,1.0
base,19,4,29.0,580.0,5915.299999999999,118305.99999999999,203.97586206896548,201.9,174.74,189.3,221.5,244.18,245.3,0.0,0.0,0.0,0.0,1.0
base,19,5,122.0,2440.0,15420.500000000002,308410.00000000006,126.39754098360658,124.9,110.9,115.1,133.3,143.1,155.62999999999997,0.0,0.0,0.02459016393442623,0.0,1.0
base,19,6,102.0,2040.0,11813.0,236260.0,115.81372549019608,113.7,100.61000000000001,105.3,124.55000000000001,133.3,141.62999999999997,0.0,0.0,0.0196078431372549,0.0,1.0
base,19,7,155.0,3100.0,17977.699999999997,359553.99999999994,115.98516129032257,115.1,94.1,107.4,124.9,134.7,142.11999999999998,0.0,0.0,0.03870967741935484,0.0,1.0
base,19,8,93.0,1860.0,10599.3,211986.0,113.97096774193548,110.9,98.3,106.7,120.7,131.9,142.25999999999993,0.0,0.0,0.0,0.0,1.0
base,19,9,95.0,1900.0,12024.4,240488.0,126.57263157894737,122.1,107.26,114.4,137.5,148.7,151.92,0.0,0.0,0.0,0.0,1.0
base,19,10,105.0,2100.0,10223.499999999998,204469.99999999997,97.36666666666665,94.1,77.3,85.7,105.3,121.82000000000004,131.34,0.0,0.0,0.009523809523809525,0.0,1.0
base,19,11,72.0,1440.0,8994.900000000001,179898.00000000003,124.92916666666669,115.8,102.5,107.75,128.4,171.1,179.22000000000003,0.0,0.0,0.0,0.0,1.0
base,19,12,54.0,1080.0,6379.199999999999,127583.99999999997,118.13333333333331,117.2,101.03,109.5,126.3,138.06,143.58999999999997,0.0,0.0,0.018518518518518517,0.0,1.0
base,19,13,26.0,520.0,3586.2,71724.0,137.93076923076922,129.8,120.0,123.5,151.5,170.39999999999998,178.45,0.0,0.0,0.038461538461538464,0.0,1.0
base,19,14,14.0,280.0,3442.4,68848.0,245.8857142857143,248.39999999999998,219.26000000000002,230.15,254.35,264.64,282.75,0.0,0.0,0.0,0.0,1.0
base,19,15,18.0,360.0,4171.4,83428.0,231.7444444444444,224.10000000000002,209.06,213.04999999999998,240.0,273.04,282.05999999999995,0.0,0.0,0.0,0.0,1.0
base,19,16,13.0,260.0,3369.7,67394.0,259.2076923076923,252.3,245.5,247.7,261.7,281.3,290.53999999999996,0.0,0.0,0.0,0.0,1.0
base,19,17,66.0,1320.0,7942.599999999999,158852.0,120.34242424242423,118.9,104.9,109.1,130.1,141.0,145.5,0.0,0.0,0.0,0.0,1.0
base,19,18,22.0,440.0,3897.0,77940.0,177.13636363636363,182.60000000000002,153.9,165.8,190.6,198.96,200.04999999999998,0.0,0.0,0.0,0.0,1.0
base,19,19,387.0,7740.0,19065.0,381300.0,49.263565891472865,42.6,25.5,29.3,61.6,83.06000000000004,92.3,0.21705426356589147,0.0,0.002583979328165375,0.0,1.0
base,19,20,48.0,960.0,4140.799999999999,82815.99999999999,86.26666666666665,84.6,64.83,78.35,93.7,105.44000000000001,109.52,0.0,0.0,0.0,0.0,1.0
base,19,21,68.0,1360.0,10798.999999999998,215979.99999999997,158.80882352941174,153.9,142.28,147.3,166.85,182.60000000000002,192.47,0.0,0.0,0.0,0.0,1.0
base,19,22,4.0,80.0,1132.4,22648.0,283.1,282.4,280.72,281.35,284.15000000000003,286.04,286.67,0.0,0.0,1.0,0.0,1.0
base,19,23,20.0,400.0,4952.400000000001,99048.00000000001,247.62000000000003,250.5,218.02,234.05,254.64999999999998,266.88000000000005,300.96999999999997,0.0,0.0,0.05,0.0,1.0
base,19,24,22.0,440.0,3998.2000000000003,79964.0,181.73636363636365,180.0,137.79999999999998,156.35000000000002,205.0,236.26000000000005,237.9,0.0,0.0,0.0,0.0,1.0
base,19,25,20.0,400.0,2900.5,58010.0,145.025,149.0,83.0,137.8,167.55,180.58000000000004,204.16000000000003,0.0,0.0,0.0,0.0,1.0
base,19,26,7.0,140.0,1935.5,38710.0,276.5,278.9,233.26,275.4,281.0,318.1,345.3999999999999,0.0,0.0,1.0,0.0,1.0
base,20,1,9.0,180.0,1878.7,37574.0,208.74444444444444,213.1,195.18,203.3,214.5,218.98,219.54,0.0,0.0,0.0,0.0,1.0
base,20,2,15.0,300.0,2832.4999999999995,56649.99999999999,188.83333333333331,190.7,181.46,183.7,192.8,194.9,196.57999999999998,0.0,0.0,0.0,0.0,1.0
base,20,3,25.0,500.0,5083.9,101678.0,203.356,201.9,185.1,194.9,211.7,218.14,223.17999999999998,0.0,0.0,0.0,0.0,1.0
base,20,4,9.0,180.0,2284.7000000000003,45694.00000000001,253.85555555555558,266.3,216.73999999999998,242.5,274.7,278.9,281.7,0.0,0.0,0.0,0.0,1.0
base,20,5,35.0,700.0,5637.099999999999,112741.99999999999,161.05999999999997,159.9,144.5,152.9,167.60000000000002,176.14,181.17999999999998,0.0,0.0,0.02857142857142857,0.0,1.0
base,20,6,33.0,660.0,5294.900000000001,105898.00000000001,160.45151515151517,157.1,155.7,157.1,162.7,169.7,169.7,0.0,0.0,0.030303030303030304,0.0,1.0
base,20,7,43.0,860.0,6825.299999999999,136506.0,158.72790697674418,159.9,149.26,155.7,160.60000000000002,168.02,172.22,0.0,0.0,0.09302325581395349,0.0,1.0
base,20,8,17.0,340.0,2600.7,52014.0,152.98235294117646,150.1,143.94,145.9,157.1,171.1,171.94,0.0,0.0,0.0,0.0,1.0
base,20,9,40.0,800.0,5823.400000000001,116468.00000000001,145.585,140.3,131.76000000000002,135.75,154.65,167.04000000000002,171.45,0.0,0.0,0.0,0.0,1.0
base,20,10,22.0,440.0,2833.2,56664.0,128.78181818181818,127.7,119.58,124.9,134.7,136.1,137.43,0.0,0.0,0.0,0.0,1.0
base,20,11,13.0,260.0,2164.1,43282.0,166.46923076923076,161.3,151.5,154.3,166.9,177.82,201.89999999999992,0.0,0.0,0.0,0.0,1.0
base,20,12,13.0,260.0,2200.5,44010.0,169.26923076923077,166.9,158.78,162.7,178.1,185.66,187.06,0.0,0.0,0.0,0.0,1.0
base,20,13,2.0,40.0,364.6,7292.0,182.3,182.3,182.3,182.3,182.3,182.3,182.3,0.0,0.0,0.0,0.0,1.0
base,20,14,6.0,120.0,1756.3999999999999,35128.0,292.7333333333333,277.1,273.6,276.05,312.8,327.5,328.9,0.0,0.0,0.0,0.0,1.0
base,20,15,14.0,280.0,3946.3999999999996,78928.0,281.88571428571424,281.29999999999995,277.1,278.5,285.15,287.86,290.16999999999996,0.0,0.0,0.0,0.0,1.0
base,20,16,2.0,40.0,600.4,12008.0,300.2,300.2,299.64,299.85,300.54999999999995,300.76,300.83,0.0,0.0,0.0,0.0,1.0
base,20,17,42.0,840.0,4836.6,96732.0,115.15714285714287,113.30000000000001,100.84,106.3,120.7,132.88,136.95999999999998,0.0,0.0,0.047619047619047616,0.0,1.0
base,20,18,10.0,200.0,1780.6,35612.0,178.06,174.9,171.82,172.45,180.15,191.26,193.78,0.0,0.0,0.0,0.0,1.0
base,20,19,59.0,1180.0,5196.2,103924.0,88.07118644067796,86.7,69.2,75.85,100.0,107.18,109.63999999999999,0.0,0.0,0.0,0.0,1.0
base,20,20,60.0,1200.0,1947.2,38944.0,32.45333333333333,25.5,25.5,25.5,35.075,48.68,59.794999999999995,0.55,0.0,0.0,0.0,1.0
base,20,21,26.0,520.0,4691.6,93832.0,180.44615384615386,180.5,167.89999999999998,172.45,186.1,197.5,198.75,0.0,0.0,0.0,0.0,1.0
base,20,23,16.0,320.0,4269.0,85380.0,266.8125,255.4,210.8,233.3,304.05,327.0,339.35,0.0,0.0,0.0625,0.0,1.0
base,20,24,13.0,260.0,1867.2,37344.0,143.63076923076923,162.3,48.3,138.5,172.1,202.34000000000003,216.33999999999997,0.0,0.0,0.0,0.0,1.0
base,20,25,7.0,140.0,951.0999999999999,19022.0,135.87142857142857,133.3,109.10000000000001,118.4,154.6,164.98,165.94,0.0,0.0,0.0,0.0,1.0
base,21,-1,1.0,20.0,172.5,3450.0,172.5,172.5,172.5,172.5,172.5,172.5,172.5,0.0,0.0,1.0,0.0,1.0
base,21,1,50.0,1000.0,7995.0,159900.0,159.9,161.3,142.96,151.5,166.9,172.64000000000001,176.7,0.0,0.0,0.0,0.0,1.0
base,21,2,94.0,1880.0,12595.999999999998,251919.99999999997,133.99999999999997,134.7,122.52,129.1,138.9,141.7,147.36999999999998,0.0,0.0,0.0,0.0,1.0
base,21,3,127.0,2540.0,15336.6,306732.0,120.76062992125985,119.3,108.1,112.3,127.7,138.9,143.1,0.0,0.0,0.0,0.0,1.0
base,21,4,52.0,1040.0,9269.6,185392.0,178.26153846153846,178.1,167.04000000000002,172.5,183.7,190.42,197.56,0.0,0.0,0.0,0.0,1.0
base,21,5,99.0,1980.0,13623.699999999997,272473.99999999994,137.61313131313128,137.5,130.5,134.7,140.3,145.9,147.3,0.0,0.0,0.030303030303030304,0.0,1.0
base,21,6,37.0,740.0,5130.900000000001,102618.00000000001,138.67297297297299,138.9,131.34,136.1,143.1,146.46,147.85999999999999,0.0,0.0,0.0,0.0,1.0
base,21,7,57.0,1140.0,8818.9,176378.0,154.7175438596491,151.5,140.3,145.9,164.1,171.1,175.29999999999998,0.0,0.0,0.017543859649122806,0.0,1.0
base,21,8,63.0,1260.0,7879.200000000001,157584.0,125.06666666666668,124.9,113.7,120.7,131.9,134.42,137.35999999999999,0.0,0.0,0.0,0.0,1.0
base,21,9,172.0,3440.0,13817.1,276342.0,80.33197674418605,77.3,60.71,68.9,93.05,103.9,106.7,0.005813953488372093,0.0,0.005813953488372093,0.0,1.0
base,21,10,57.0,1140.0,7138.900000000001,142778.0,125.24385964912281,123.5,113.97999999999999,119.3,127.7,136.66,146.18,0.0,0.0,0.0,0.0,1.0
base,21,11,20.0,400.0,4113.6,82272.0,205.68,206.1,196.16000000000003,201.9,208.55,215.9,215.97,0.0,0.0,0.0,0.0,1.0
base,21,12,16.0,320.0,3007.8,60156.0,187.9875,191.39999999999998,164.1,179.85000000000002,199.8,205.39999999999998,207.15,0.0,0.0,0.0,0.0,1.0
base,21,13,12.0,240.0,2466.2000000000003,49324.00000000001,205.51666666666668,204.0,197.84,201.2,209.95,214.36,217.65,0.0,0.0,0.0,0.0,1.0
base,21,14,9.0,180.0,2902.1,58042.0,322.4555555555555,323.3,312.38,314.9,325.1,336.78000000000003,337.74,0.0,0.0,0.0,0.0,1.0
base,21,15,7.0,140.0,2159.2999999999997,43185.99999999999,308.47142857142853,307.9,298.1,302.3,313.2,318.94,320.62,0.0,0.0,0.0,0.0,1.0
base,21,16,2.0,40.0,670.4000000000001,13408.000000000002,335.20000000000005,335.20000000000005,331.28000000000003,332.75,337.65000000000003,339.12,339.61,0.0,0.0,0.0,0.0,1.0
base,21,17,14.0,280.0,2984.2000000000003,59684.00000000001,213.15714285714287,212.7,189.32000000000002,194.5,218.64999999999998,246.42000000000002,251.48,0.0,0.0,0.0,0.0,1.0
base,21,18,6.0,120.0,1719.8000000000002,34396.0,286.6333333333334,288.5,272.9,277.45,294.3,298.5,299.9,0.0,0.0,0.0,0.0,1.0
base,21,19,66.0,1320.0,10366.2,207324.0,157.06363636363636,153.9,144.1,148.65,165.1,170.89999999999998,182.20000000000002,0.0,0.0,0.0,0.0,1.0
base,21,20,23.0,460.0,4194.5,83890.0,182.3695652173913,181.9,164.54,178.39999999999998,185.6,196.22,203.85999999999999,0.0,0.0,0.0,0.0,1.0
base,21,21,237.0,4740.0,9142.0,182840.0,38.573839662447256,33.1,25.5,27.4,41.6,65.4,80.6,0.3459915611814346,0.0,0.008438818565400843,0.0,1.0
base,21,22,3.0,60.0,1022.9,20458.0,340.96666666666664,337.7,336.58,337.0,343.29999999999995,346.65999999999997,347.78,0.0,0.0,1.0,0.0,1.0
base,21,23,6.0,120.0,1901.0,38020.0,316.8333333333333,313.5,292.5,311.05,332.75,344.5,347.4,0.0,0.0,0.0,0.0,1.0
base,21,24,4.0,80.0,1107.4,22148.0,276.85,278.7,250.92,264.15,291.4,301.29999999999995,304.59999999999997,0.0,0.0,0.0,0.0,1.0
base,21,25,12.0,240.0,1431.3,28626.0,119.27499999999999,104.9,61.56,72.525,172.89999999999998,180.76000000000002,196.46999999999997,0.0,0.0,0.0,0.0,1.0
base,21,26,3.0,60.0,1024.3,20486.0,341.43333333333334,340.5,340.5,340.5,341.9,342.74,343.02,0.0,0.0,1.0,0.0,1.0
base,22,1,14.0,280.0,3921.4,78428.0,280.1,276.8,272.74,275.05,281.35,285.47999999999996,294.22999999999996,0.0,0.0,1.0,0.0,1.0
base,22,2,2.0,40.0,599.8,11996.0,299.9,299.9,296.53999999999996,297.8,302.0,303.26000000000005,303.68,0.0,0.0,1.0,0.0,1.0
base,22,3,9.0,180.0,3173.7000000000003,63474.00000000001,352.6333333333334,360.1,325.38,346.1,362.9,367.94,375.21999999999997,0.0,0.0,1.0,0.0,1.0
base,22,4,9.0,180.0,3105.1,62102.0,345.0111111111111,340.5,315.02,330.7,376.9,376.9,376.9,0.0,0.0,1.0,0.0,1.0
base,22,5,20.0,400.0,5064.2,101284.0,253.20999999999998,254.39999999999998,243.9,248.45,257.9,260.84,262.45000000000005,0.0,0.0,1.0,0.0,1.0
base,22,6,15.0,300.0,3490.500000000001,69810.00000000001,232.70000000000007,231.3,227.1,229.9,233.4,241.94,243.34,0.0,0.0,1.0,0.0,1.0
base,22,7,13.0,260.0,3050.2999999999997,61005.99999999999,234.6384615384615,235.5,231.86,234.1,235.5,236.62,239.14,0.0,0.0,1.0,0.0,1.0
base,22,8,12.0,240.0,3262.7999999999997,65255.99999999999,271.9,273.3,261.4,269.8,274.35,281.28,282.96,0.0,0.0,1.0,0.0,1.0
base,22,9,5.0,100.0,1489.7,29794.0,297.94,295.7,290.38,292.9,305.5,306.34,306.62,0.0,0.0,1.0,0.0,1.0
base,22,10,5.0,100.0,1344.1000000000001,26882.000000000004,268.82000000000005,264.9,259.86,260.7,264.9,282.54,288.42,0.0,0.0,1.0,0.0,1.0
base,22,11,10.0,200.0,2034.3999999999999,40688.0,203.44,206.1,190.56,204.0,208.55,213.23999999999998,213.87,0.0,0.0,1.0,0.0,1.0
base,22,12,8.0,160.0,1710.4,34208.0,213.8,215.2,207.78,210.3,218.0,220.1,220.1,0.0,0.0,1.0,0.0,1.0
base,22,13,7.0,140.0,1334.9,26698.0,190.70000000000002,193.5,180.34,185.1,198.39999999999998,199.1,199.1,0.0,0.0,1.0,0.0,1.0
base,22,14,31.0,620.0,5213.099999999999,104261.99999999999,168.16451612903225,171.1,148.7,157.8,175.3,179.5,185.10000000000002,0.0,0.0,1.0,0.0,1.0
base,22,15,9.0,180.0,2221.7,44434.0,246.85555555555553,253.7,228.22,231.3,262.1,264.34,266.02,0.0,0.0,1.0,0.0,1.0
base,22,16,5.0,100.0,1191.5,23830.0,238.3,239.7,226.54,234.1,241.1,249.5,252.29999999999998,0.0,0.0,1.0,0.0,1.0
base,22,17,2.0,40.0,739.8,14796.0,369.9,369.9,356.46000000000004,361.5,378.3,383.34,385.02,0.0,0.0,1.0,0.0,1.0
base,22,18,2.0,40.0,695.0,13900.0,347.5,347.5,334.06,339.1,355.9,360.94,362.62,0.0,0.0,1.0,0.0,1.0
base,22,19,3.0,60.0,824.1,16482.0,274.7,270.5,261.54,264.9,282.4,289.54,291.92,0.0,0.0,1.0,0.0,1.0
base,22,21,2.0,40.0,699.2,13984.0,349.6,349.6,346.8,347.85,351.35,352.40000000000003,352.75,0.0,0.0,1.0,0.0,1.0
base,22,22,98.0,1960.0,3491.2,69824.0,35.624489795918365,31.1,24.0,26.375,39.425,46.099999999999994,57.87499999999991,0.3979591836734694,0.0,0.3673469387755102,0.0,1.0
base,22,23,11.0,220.0,2653.5,53070.0,241.22727272727272,241.1,220.1,229.9,254.4,260.7,268.4,0.0,0.0,1.0,0.0,1.0
base,22,24,3.0,60.0,1108.3,22166.0,369.43333333333334,354.5,348.9,351.0,380.4,395.94,401.12,0.0,0.0,1.0,0.0,1.0
base,22,26,6.0,120.0,507.20000000000005,10144.0,84.53333333333335,69.94999999999999,48.95,58.925,111.95,134.7,139.6,0.0,0.0,1.0,0.0,1.0
base,23,1,15.0,300.0,4000.0999999999995,80001.99999999999,266.6733333333333,269.1,229.06,240.4,294.29999999999995,300.46,303.12,0.0,0.0,0.0,0.0,1.0
base,23,2,16.0,320.0,4804.0,96080.0,300.25,304.8,246.7,272.59999999999997,332.1,333.5,339.1,0.0,0.0,0.0,0.0,1.0
base,23,3,4.0,80.0,1269.6,25392.0,317.4,327.9,277.92,297.45,347.85,348.47999999999996,348.69,0.0,0.0,0.0,0.0,1.0
base,23,4,13.0,260.0,4503.5,90070.0,346.4230769230769,353.1,307.18,322.3,367.1,378.86,389.78,0.0,0.0,0.0,0.0,1.0
base,23,5,47.0,940.0,12462.9,249258.0,265.168085106383,276.1,216.18,244.6,288.7,295.7,295.7,0.0,0.0,0.0425531914893617,0.0,1.0
base,23,6,15.0,300.0,3811.1,76222.0,254.07333333333332,262.1,224.58,243.89999999999998,270.5,270.5,270.5,0.0,0.0,0.0,0.0,1.0
base,23,7,18.0,360.0,4142.400000000001,82848.00000000001,230.13333333333335,228.5,204.7,213.45,247.75,263.5,273.72,0.0,0.0,0.0,0.0,1.0
base,23,8,15.0,300.0,4175.1,83502.0,278.34000000000003,285.9,243.62,257.9,300.6,302.7,303.53999999999996,0.0,0.0,0.0,0.0,1.0
base,23,9,8.0,160.0,2200.4,44008.0,275.05,282.4,238.01999999999998,253.34999999999997,296.75,304.52000000000004,305.01,0.0,0.0,0.0,0.0,1.0
base,23,10,14.0,280.0,3925.6,78512.0,280.4,281.0,254.26000000000002,265.25,291.5,310.82,315.44,0.0,0.0,0.0,0.0,1.0
base,23,11,14.0,280.0,2493.4,49868.0,178.1,180.9,150.94,160.25,193.5,198.82000000000002,207.85,0.0,0.0,0.0,0.0,1.0
base,23,12,11.0,220.0,2276.9,45538.0,206.9909090909091,207.5,187.9,194.2,217.3,228.5,232.7,0.0,0.0,0.0,0.0,1.0
base,23,13,7.0,140.0,1211.6999999999998,24233.999999999996,173.09999999999997,178.1,152.62,166.89999999999998,183.7,184.82,185.66,0.0,0.0,0.0,0.0,1.0
base,23,14,67.0,1340.0,8272.699999999999,165453.99999999997,123.4731343283582,121.7,70.34,91.6,156.7,173.22,193.6599999999999,0.014925373134328358,0.0,0.029850746268656716,0.0,1.0
base,23,15,70.0,1400.0,4360.599999999999,87211.99999999999,62.29428571428571,56.849999999999994,36.14,46.4,76.4,91.32000000000001,103.91999999999997,0.08571428571428572,0.0,0.0,0.0,1.0
base,23,16,30.0,600.0,2617.2000000000003,52344.00000000001,87.24000000000001,84.6,38.61,55.1,110.80000000000001,152.5,154.04,0.03333333333333333,0.0,0.03333333333333333,0.0,1.0
base,23,17,12.0,240.0,2427.7999999999993,48555.999999999985,202.3166666666666,212.7,152.5,177.7,226.0,236.08,241.54,0.0,0.0,0.0,0.0,1.0
base,23,18,26.0,520.0,3765.2,75304.0,144.8153846153846,143.39999999999998,100.69999999999999,111.2,178.75,191.0,192.75,0.0,0.0,0.0,0.0,1.0
base,23,19,19.0,380.0,4701.5,94030.0,247.44736842105263,243.9,223.06,232.3,255.4,274.58,298.52000000000004,0.0,0.0,0.0,0.0,1.0
base,23,20,10.0,200.0,2720.5999999999995,54411.999999999985,272.05999999999995,281.29999999999995,222.08,239.65,300.55,308.59999999999997,330.6499999999999,0.0,0.0,0.0,0.0,1.0
base,23,21,6.0,120.0,1870.2000000000003,37404.00000000001,311.70000000000005,316.3,286.2,304.04999999999995,323.6,332.6,336.35,0.0,0.0,0.0,0.0,1.0
base,23,22,10.0,200.0,2521.6000000000004,50432.00000000001,252.16000000000003,255.1,222.76000000000002,230.25,275.4,284.64,285.27,0.0,0.0,1.0,0.0,1.0
base,23,23,70.0,1400.0,5686.4,113728.0,81.2342857142857,79.65,29.11,38.8,108.85,134.98,147.57999999999998,0.07142857142857142,0.0,0.014285714285714285,0.0,1.0
base,23,24,4.0,80.0,783.5999999999999,15671.999999999998,195.89999999999998,167.9,107.70000000000002,132.9,230.9,306.5,331.69999999999993,0.0,0.0,0.0,0.0,1.0
base,23,25,1.0,20.0,383.5,7670.0,383.5,383.5,383.5,383.5,383.5,383.5,383.5,0.0,0.0,0.0,0.0,1.0
base,23,26,3.0,60.0,861.9000000000001,17238.0,287.3,267.7,198.26,224.3,340.5,384.18,398.74,0.0,0.0,1.0,0.0,1.0
base,24,1,7.0,140.0,2183.3,43666.0,311.90000000000003,319.5,283.38,316.70000000000005,322.29999999999995,334.34000000000003,342.32,0.0,0.0,0.0,0.0,1.0
base,24,2,5.0,100.0,1519.1,30382.0,303.82,295.7,284.22,290.1,315.3,328.74,333.21999999999997,0.0,0.0,0.0,0.0,1.0
base,24,3,5.0,100.0,1551.3000000000002,31026.000000000004,310.26000000000005,322.3,255.38000000000002,283.1,334.9,358.42,366.26,0.0,0.0,0.0,0.0,1.0
base,24,4,7.0,140.0,2440.9,48818.0,348.7,351.7,311.66,325.8,358.70000000000005,385.86,405.17999999999995,0.0,0.0,0.0,0.0,1.0
base,24,5,28.0,560.0,8352.400000000001,167048.00000000003,298.30000000000007,297.1,273.16,291.5,318.8,323.14000000000004,325.1,0.0,0.0,0.03571428571428571,0.0,1.0
base,24,6,31.0,620.0,8295.9,165918.0,267.60967741935485,276.1,213.1,260.0,287.29999999999995,288.7,304.1,0.0,0.0,0.03225806451612903,0.0,1.0
base,24,7,15.0,300.0,3862.8999999999996,77258.0,257.52666666666664,259.3,210.86,220.8,285.2,305.21999999999997,315.99999999999994,0.0,0.0,0.0,0.0,1.0
base,24,8,14.0,280.0,3425.8,68516.0,244.70000000000002,244.6,208.62,225.7,263.5,282.26000000000005,294.15999999999997,0.0,0.0,0.0,0.0,1.0
base,24,9,10.0,200.0,2468.4,49368.0,246.84,256.5,197.56,209.95,273.3,307.59999999999997,310.74999999999994,0.0,0.0,0.0,0.0,1.0
base,24,10,12.0,240.0,2974.4000000000005,59488.000000000015,247.8666666666667,257.9,206.10000000000002,246.0,264.55,274.0,276.59,0.0,0.0,0.0,0.0,1.0
base,24,11,15.0,300.0,3806.8999999999996,76138.0,253.79333333333332,250.9,209.46,240.39999999999998,267.70000000000005,301.58,325.24,0.0,0.0,0.0,0.0,1.0
base,24,12,9.0,180.0,2368.7,47374.0,263.18888888888887,252.3,232.7,248.1,283.1,306.06,312.78,0.0,0.0,0.0,0.0,1.0
base,24,13,1.0,20.0,281.7,5634.0,281.7,281.7,281.7,281.7,281.7,281.7,281.7,0.0,0.0,0.0,0.0,1.0
base,24,14,11.0,220.0,2646.2999999999997,52925.99999999999,240.57272727272724,228.1,198.7,220.4,254.0,303.7,307.9,0.0,0.0,0.0,0.0,1.0
base,24,15,15.0,300.0,2555.3,51106.0,170.35333333333335,142.7,128.02,139.2,184.0,233.42,287.4599999999999,0.0,0.0,0.0,0.0,1.0
base,24,16,13.0,260.0,3406.7,68134.0,262.05384615384617,204.3,180.5,184.7,334.5,437.5400000000001,463.18,0.0,0.0,0.07692307692307693,0.0,1.0
base,24,17,47.0,940.0,5553.1,111062.0,118.15106382978725,116.1,58.940000000000005,78.69999999999999,144.3,164.82,171.26,0.0,0.0,0.02127659574468085,0.0,1.0
base,24,18,37.0,740.0,2895.3,57906.0,78.25135135135136,57.8,29.18,36.9,92.3,147.73999999999998,194.21999999999994,0.10810810810810811,0.0,0.02702702702702703,0.0,1.0
base,24,19,20.0,400.0,3477.2,69544.0,173.85999999999999,170.0,143.34,156.75,189.95,205.60000000000002,218.40000000000003,0.0,0.0,0.0,0.0,1.0
base,24,20,16.0,320.0,2257.9,45158.0,141.11875,167.2,53.05,73.4,178.05,202.4,214.45,0.0,0.0,0.0,0.0,1.0
base,24,21,4.0,80.0,1037.0,20740.0,259.25,259.6,216.48000000000002,234.75,284.1,301.74,307.62,0.0,0.0,0.0,0.0,1.0
base,24,22,4.0,80.0,1478.1999999999998,29563.999999999996,369.54999999999995,364.3,350.3,356.6,377.25,393.0,398.25,0.0,0.0,1.0,0.0,1.0
base,24,23,5.0,100.0,1044.3,20886.0,208.85999999999999,203.3,129.82,181.9,205.7,297.26,327.78,0.0,0.0,0.0,0.0,1.0
base,24,24,19.0,380.0,2441.9,48838.0,128.52105263157895,100.7,51.72,79.35,142.7,290.53999999999996,295.15999999999997,0.0,0.0,0.0,0.0,1.0
base,24,26,2.0,40.0,716.0,14320.0,358.0,358.0,340.64,347.15,368.85,375.36,377.53,0.0,0.0,1.0,0.0,1.0
base,25,1,5.0,100.0,942.3,18846.0,188.45999999999998,190.7,158.22,168.3,210.3,217.02,219.26,0.0,0.0,0.0,0.0,1.0
base,25,2,5.0,100.0,959.1000000000001,19182.000000000004,191.82000000000002,175.3,135.26,165.5,236.9,254.54000000000002,260.42,0.0,0.0,0.0,0.0,1.0
base,25,3,8.0,160.0,1423.4,28468.0,177.925,185.1,140.02,173.20000000000002,188.6,201.62,209.46,0.0,0.0,0.0,0.0,1.0
base,25,4,2.0,40.0,416.4,8328.0,208.2,208.2,195.32,200.15,216.25,221.08,222.69,0.0,0.0,0.0,0.0,1.0
base,25,5,36.0,720.0,6473.199999999999,129463.99999999997,179.81111111111107,168.3,147.3,150.8,208.9,237.6,256.5,0.0,0.0,0.1111111111111111,0.0,1.0
base,25,6,13.0,260.0,2483.3,49666.0,191.02307692307693,211.7,111.17999999999999,129.1,228.5,243.06,261.25999999999993,0.0,0.0,0.0,0.0,1.0
base,25,7,19.0,380.0,3390.1999999999994,67803.99999999999,178.4315789473684,169.7,138.9,157.1,199.1,236.05999999999995,290.09999999999997,0.0,0.0,0.05263157894736842,0.0,1.0
base,25,8,7.0,140.0,1113.6999999999998,22273.999999999996,159.09999999999997,162.7,130.78,151.5,166.2,183.14000000000001,195.31999999999996,0.0,0.0,0.0,0.0,1.0
base,25,9,12.0,240.0,1419.0,28380.0,118.25,122.80000000000001,71.42,92.525,140.65,153.04000000000002,169.42,0.0,0.0,0.0,0.0,1.0
base,25,10,9.0,180.0,1178.6999999999998,23573.999999999996,130.96666666666664,133.3,95.5,116.5,143.1,182.58,183.14,0.0,0.0,0.0,0.0,1.0
base,25,11,5.0,100.0,1063.4,21268.0,212.68,235.5,116.92,217.3,242.5,287.86,302.98,0.0,0.0,0.0,0.0,1.0
base,25,12,4.0,80.0,897.2,17944.0,224.3,214.5,186.22,202.6,236.2,270.22,281.55999999999995,0.0,0.0,0.0,0.0,1.0
base,25,13,3.0,60.0,636.5,12730.0,212.16666666666666,203.3,186.5,192.8,227.10000000000002,241.38,246.14000000000001,0.0,0.0,0.0,0.0,1.0
base,25,14,4.0,80.0,1367.4,27348.0,341.85,339.4,314.2,329.95,351.3,371.46,378.17999999999995,0.0,0.0,0.0,0.0,1.0
base,25,15,3.0,60.0,1000.7,20014.0,333.56666666666666,337.3,281.3,302.3,366.70000000000005,384.34000000000003,390.22,0.0,0.0,0.0,0.0,1.0
base,25,16,4.0,80.0,1285.1999999999998,25703.999999999996,321.29999999999995,336.79999999999995,274.56,310.65,347.45,355.64,358.37,0.0,0.0,0.0,0.0,1.0
base,25,17,3.0,60.0,603.0999999999999,12061.999999999998,201.0333333333333,198.7,189.74,193.1,207.8,213.26,215.08,0.0,0.0,0.0,0.0,1.0
base,25,18,7.0,140.0,1718.9,34378.0,245.55714285714288,251.9,210.46,244.2,264.7,275.09999999999997,277.5,0.0,0.0,0.0,0.0,1.0
base,25,19,16.0,320.0,2249.0,44980.0,140.5625,149.7,72.85,120.64999999999999,169.70000000000002,194.7,199.75,0.0,0.0,0.0,0.0,1.0
base,25,20,7.0,140.0,892.9000000000001,17858.0,127.55714285714286,130.5,107.97999999999999,111.9,139.9,149.98000000000002,151.24,0.0,0.0,0.0,0.0,1.0
base,25,21,12.0,240.0,1604.1000000000001,32082.000000000004,133.675,119.8,76.4,96.95,159.15,221.52,228.1,0.0,0.0,0.0,0.0,1.0
base,25,25,2.0,40.0,239.60000000000002,4792.0,119.80000000000001,119.80000000000001,110.12,113.75,125.85000000000001,129.48000000000002,130.69,0.0,0.0,0.0,0.0,1.0
base,25,26,1.0,20.0,367.1,7342.0,367.1,367.1,367.1,367.1,367.1,367.1,367.1,0.0,0.0,1.0,0.0,1.0
base,26,-1,49.0,980.0,2038.3999999999999,40768.0,41.599999999999994,41.6,41.6,41.6,41.6,41.6,41.6,0.0,0.0,1.0,0.0,1.0
base,26,1,6.0,120.0,1677.6,33552.0,279.59999999999997,282.4,266.3,278.2,288.70000000000005,290.1,290.1,0.0,0.0,1.0,0.0,1.0
base,26,2,10.0,200.0,3276.2,65524.0,327.62,302.70000000000005,281.84000000000003,294.65,365.0,433.17999999999995,434.44,0.0,0.0,1.0,0.0,1.0
base,26,3,12.0,240.0,4027.2000000000007,80544.00000000001,335.6000000000001,337.0,284.78000000000003,287.3,359.05,371.44,418.05999999999995,0.0,0.0,1.0,0.0,1.0
base,26,4,5.0,100.0,1643.7,32874.0,328.74,325.1,276.38,312.5,337.7,384.74,400.42,0.0,0.0,1.0,0.0,1.0
base,26,5,138.0,2760.0,30061.6,601232.0,217.83768115942027,187.9,148.28,164.1,259.3,269.1,360.73,0.0,0.0,1.0,0.0,1.0
base,26,6,81.0,1620.0,23538.7,470774.0,290.60123456790126,298.5,179.5,241.1,336.3,375.5,375.5,0.0,0.0,1.0,0.0,1.0
base,26,7,31.0,620.0,7695.3,153906.0,248.23548387096776,243.9,141.7,147.3,337.0,344.7,379.7,0.0,0.0,1.0,0.0,1.0
base,26,8,10.0,200.0,2635.0,52700.0,263.5,272.6,175.16,269.45000000000005,273.3,285.2,338.7499999999999,0.0,0.0,1.0,0.0,1.0
base,26,9,13.0,260.0,3825.8999999999996,76518.0,294.29999999999995,305.5,284.5,291.5,309.7,317.54,319.5,0.0,0.0,1.0,0.0,1.0
base,26,10,6.0,120.0,1861.0,37220.0,310.1666666666667,300.6,270.5,276.1,346.1,359.4,361.85,0.0,0.0,1.0,0.0,1.0
base,26,11,24.0,480.0,4103.6,82072.0,170.98333333333335,190.0,102.92,103.9,213.8,233.12,295.20999999999987,0.0,0.0,1.0,0.0,1.0
base,26,12,7.0,140.0,1584.1,31682.0,226.29999999999998,218.7,138.06,179.5,283.1,311.38,314.74,0.0,0.0,1.0,0.0,1.0
base,26,13,4.0,80.0,902.8000000000001,18056.0,225.70000000000002,197.0,192.94,194.2,228.5,281.42,299.05999999999995,0.0,0.0,1.0,0.0,1.0
base,26,14,17.0,340.0,3118.7,62374.0,183.45294117647057,178.1,141.98,151.5,204.7,242.22,250.05999999999997,0.0,0.0,1.0,0.0,1.0
base,26,15,8.0,160.0,1823.8,36476.0,227.975,222.9,207.64000000000001,215.20000000000002,240.75,253.98,255.94,0.0,0.0,1.0,0.0,1.0
base,26,16,9.0,180.0,2234.2999999999997,44685.99999999999,248.25555555555553,220.1,205.82,217.3,276.1,302.98,311.94,0.0,0.0,1.0,0.0,1.0
base,26,17,6.0,120.0,2174.6000000000004,43492.00000000001,362.4333333333334,339.8,304.1,320.9,384.95000000000005,443.4,467.55,0.0,0.0,1.0,0.0,1.0
base,26,18,7.0,140.0,2299.4999999999995,45989.99999999999,328.49999999999994,346.1,255.94,269.8,356.6,400.98,427.43999999999994,0.0,0.0,1.0,0.0,1.0
base,26,19,8.0,160.0,2376.8,47536.0,297.1,283.8,264.9,273.3,291.5,334.34,374.5199999999999,0.0,0.0,1.0,0.0,1.0
base,26,20,2.0,40.0,676.8,13536.0,338.4,338.4,331.12,333.85,342.95,345.68,346.59,0.0,0.0,1.0,0.0,1.0
base,26,21,2.0,40.0,682.4000000000001,13648.000000000002,341.20000000000005,341.20000000000005,339.52000000000004,340.15000000000003,342.25,342.88,343.09000000000003,0.0,0.0,1.0,0.0,1.0
base,26,22,5.0,100.0,438.29999999999995,8766.0,87.66,71.0,46.22,50.0,131.9,137.78,139.73999999999998,0.0,0.0,1.0,0.0,1.0
base,26,23,2.0,40.0,675.4,13508.0,337.7,337.7,278.34,300.6,374.79999999999995,397.06,404.47999999999996,0.0,0.0,1.0,0.0,1.0
base,26,24,3.0,60.0,1092.9,21858.0,364.3,381.1,313.90000000000003,339.1,397.9,407.98,411.34,0.0,0.0,1.0,0.0,1.0
base,26,25,1.0,20.0,367.1,7342.0,367.1,367.1,367.1,367.1,367.1,367.1,367.1,0.0,0.0,1.0,0.0,1.0
base,26,26,11.0,220.0,1411.0,28220.0,128.27272727272728,144.5,29.0,90.95,145.9,203.3,222.9,0.18181818181818182,0.0,1.0,0.0,1.0
high,-1,1,15.0,300.0,4051.9000000000005,81038.00000000001,270.1266666666667,231.3,182.58,214.5,354.5,354.5,354.92,0.0,0.0,1.0,0.0,1.0
high,-1,2,22.0,440.0,6933.799999999999,138676.0,315.17272727272723,376.2,234.1,234.1,379.0,382.5,382.5,0.0,0.0,1.0,0.0,1.0
high,-1,3,22.0,440.0,5487.6,109752.0,249.43636363636367,246.7,140.44,183.35,256.5,376.9,412.80999999999995,0.0,0.0,1.0,0.0,1.0
high,-1,4,13.0,260.0,4906.7,98134.0,377.4384615384615,396.5,384.74,395.1,402.1,406.02,406.86,0.0,0.0,1.0,0.0,1.0
high,-1,5,49.0,980.0,14175.7,283514.0,289.3,333.5,196.3,201.9,337.7,341.9,343.58,0.0,0.0,1.0,0.0,1.0
high,-1,6,20.0,400.0,6229.0,124580.0,311.45,326.5,187.9,315.3,375.5,375.5,375.64,0.0,0.0,1.0,0.0,1.0
high,-1,7,16.0,320.0,4246.1,84922.0,265.38125,322.3,181.60000000000002,182.3,322.3,323.0,326.15,0.0,0.0,1.0,0.0,1.0
high,-1,8,15.0,300.0,4324.9,86498.0,288.32666666666665,340.5,207.5,211.7,352.4,355.34,363.03999999999996,0.0,0.0,1.0,0.0,1.0
high,-1,9,10.0,200.0,3511.3999999999996,70228.0,351.14,374.1,291.92,371.3,380.05,393.7,393.7,0.0,0.0,1.0,0.0,1.0
high,-1,10,4.0,80.0,1395.6,27912.0,348.9,350.3,345.40000000000003,348.55,350.65,351.28,351.49,0.0,0.0,1.0,0.0,1.0
high,-1,11,13.0,260.0,3172.1000000000004,63442.00000000001,244.00769230769234,270.5,147.3,264.9,270.5,281.7,285.62,0.0,0.0,1.0,0.0,1.0
high,-1,12,2.0,40.0,564.8,11296.0,282.4,282.4,281.84,282.05,282.75,282.96000000000004,283.03000000000003,0.0,0.0,1.0,0.0,1.0
high,-1,13,3.0,60.0,790.5000000000001,15810.000000000002,263.50000000000006,273.3,247.54,257.2,274.70000000000005,275.54,275.82,0.0,0.0,1.0,0.0,1.0
high,-1,14,11.0,220.0,1693.0999999999997,33861.99999999999,153.91818181818178,148.7,136.1,143.8,166.89999999999998,176.7,179.5,0.0,0.0,1.0,0.0,1.0
high,-1,15,2.0,40.0,353.4,7068.0,176.7,176.7,149.82,159.9,193.5,203.58,206.94,0.0,0.0,1.0,0.0,1.0
high,-1,16,5.0,100.0,648.3,12966.0,129.66,133.3,122.38000000000001,124.9,134.7,134.7,134.7,0.0,0.0,1.0,0.0,1.0
high,-1,17,1.0,20.0,315.3,6306.0,315.3,315.3,315.3,315.3,315.3,315.3,315.3,0.0,0.0,1.0,0.0,1.0
high,-1,18,5.0,100.0,1320.3,26406.0,264.06,266.3,258.74,262.1,267.7,267.7,267.7,0.0,0.0,1.0,0.0,1.0
high,-1,19,6.0,120.0,1690.2,33804.0,281.7,330.7,181.6,251.95,331.75,332.8,333.15,0.0,0.0,1.0,0.0,1.0
high,-1,20,3.0,60.0,1168.5,23370.0,389.5,390.9,384.18,386.7,393.0,394.26,394.68,0.0,0.0,1.0,0.0,1.0
high,-1,21,2.0,40.0,592.8,11856.0,296.4,296.4,202.88,237.95,354.85,389.92,401.61,0.0,0.0,1.0,0.0,1.0
high,-1,23,2.0,40.0,381.4,7628.0,190.7,190.7,189.58,190.0,191.4,191.82,191.96,0.0,0.0,1.0,0.0,1.0
high,-1,24,2.0,40.0,597.0,11940.0,298.5,298.5,292.9,295.0,302.0,304.1,304.8,0.0,0.0,1.0,0.0,1.0
high,-1,25,1.0,20.0,469.3,9386.0,469.3,469.3,469.3,469.3,469.3,469.3,469.3,0.0,0.0,1.0,0.0,1.0
high,-1,26,7.0,140.0,1838.2,36764.0,262.6,283.1,157.10000000000002,248.1,328.6,349.18,360.93999999999994,0.14285714285714285,0.0,1.0,0.0,1.0
high,1,-1,3.0,60.0,438.4,8768.0,146.13333333333333,164.1,66.1,102.85,198.39999999999998,218.98,225.83999999999997,0.0,0.0,1.0,0.0,1.0
high,1,1,385.0,7700.0,15061.2,301224.0,39.120000000000005,31.1,29.0,29.0,43.7,56.3,70.5799999999999,0.42597402597402595,0.0,0.015584415584415584,0.0,1.0
high,1,2,258.0,5160.0,15581.000000000002,311620.00000000006,60.391472868217065,58.4,29.0,41.6,77.3,92.0,96.2,0.17829457364341086,0.0,0.007751937984496124,0.0,1.0
high,1,3,197.0,3940.0,22557.8,451156.0,114.50659898477157,115.1,81.5,98.3,133.3,145.9,154.3,0.0,0.0,0.0,0.0,1.0
high,1,4,165.0,3300.0,17520.800000000003,350416.00000000006,106.18666666666668,105.3,69.74000000000001,81.5,120.7,150.94,175.85999999999993,0.0,0.0,0.0,0.0,1.0
high,1,5,404.0,8080.0,31631.7,632634.0,78.29628712871288,77.3,69.53000000000002,73.1,79.92500000000001,89.9,92.0,0.0,0.0,0.06435643564356436,0.0,1.0
high,1,6,108.0,2160.0,9522.300000000001,190446.00000000003,88.16944444444445,87.8,75.2,79.4,94.1,98.92999999999999,117.12999999999984,0.0,0.0,0.0,0.0,1.0
high,1,7,188.0,3760.0,18482.5,369650.0,98.31117021276596,96.2,85.7,92.0,103.9,110.34000000000003,117.9,0.0,0.0,0.026595744680851064,0.0,1.0
high,1,8,148.0,2960.0,15107.0,302140.0,102.07432432432432,98.3,83.6,92.0,112.3,122.1,131.34000000000003,0.0,0.0,0.0,0.0,1.0
high,1,9,93.0,1860.0,12465.5,249310.0,134.03763440860214,133.3,119.3,126.3,140.3,148.7,156.81999999999996,0.0,0.0,0.0,0.0,1.0
high,1,10,61.0,1220.0,7504.100000000001,150082.00000000003,123.01803278688527,122.1,106.7,116.5,127.7,137.5,145.9,0.0,0.0,0.0,0.0,1.0
high,1,11,63.0,1260.0,9716.7,194334.0,154.23333333333335,148.7,139.18,143.1,153.60000000000002,185.94,195.6,0.0,0.0,0.0,0.0,1.0
high,1,12,44.0,880.0,6082.200000000001,121644.00000000001,138.2318181818182,136.1,126.72,131.55,144.5,153.46,156.89,0.0,0.0,0.0,0.0,1.0
high,1,13,26.0,520.0,3709.3999999999996,74188.0,142.66923076923075,142.39999999999998,133.3,137.5,148.35,150.8,154.64999999999998,0.0,0.0,0.0,0.0,1.0
high,1,14,31.0,620.0,8445.7,168914.0,272.44193548387096,273.3,253.7,259.3,281.7,302.7,309.0,0.0,0.0,0.03225806451612903,0.0,1.0
high,1,15,9.0,180.0,2346.3,46926.0,260.70000000000005,264.9,249.78,259.3,264.9,265.18,265.74,0.0,0.0,0.0,0.0,1.0
high,1,16,8.0,160.0,2315.2,46304.0,289.4,284.5,281.28,281.7,286.59999999999997,300.46,314.17999999999995,0.0,0.0,0.0,0.0,1.0
high,1,17,16.0,320.0,3833.7999999999997,76676.0,239.61249999999998,242.5,211.7,233.4,244.95,253.7,266.29999999999995,0.0,0.0,0.0,0.0,1.0
high,1,18,3.0,60.0,906.7,18134.0,302.23333333333335,302.7,299.34,300.6,304.1,304.94,305.21999999999997,0.0,0.0,0.0,0.0,1.0
high,1,19,64.0,1280.0,10613.0,212260.0,165.828125,162.7,148.7,153.95000000000002,173.9,186.08,191.46999999999997,0.0,0.0,0.0,0.0,1.0
high,1,20,12.0,240.0,2401.7999999999997,48035.99999999999,200.14999999999998,195.60000000000002,188.46,193.5,211.35000000000002,214.5,220.17,0.0,0.0,0.0,0.0,1.0
high,1,21,63.0,1260.0,10131.099999999999,202621.99999999997,160.81111111111107,159.9,143.38,151.5,169.0,173.9,184.82,0.0,0.0,0.015873015873015872,0.0,1.0
high,1,22,16.0,320.0,4498.8,89976.0,281.175,281.0,272.6,277.15,284.5,285.2,292.2,0.0,0.0,1.0,0.0,1.0
high,1,23,14.0,280.0,3761.7999999999997,75236.0,268.7,272.6,232.14000000000001,239.0,301.65,302.7,304.65999999999997,0.0,0.0,0.0,0.0,1.0
high,1,24,5.0,100.0,1622.7000000000003,32454.000000000007,324.5400000000001,327.9,292.34000000000003,325.1,343.3,350.86,353.38,0.0,0.0,0.0,0.0,1.0
high,1,25,8.0,160.0,1830.8000000000002,36616.0,228.85000000000002,222.2,190.84,206.8,235.5,272.46,295.97999999999996,0.0,0.0,0.0,0.0,1.0
high,1,26,40.0,800.0,11378.6,227572.0,284.46500000000003,290.1,210.3,227.1,290.1,402.66,411.27,0.0,0.0,1.0,0.0,1.0
high,2,-1,1.0,20.0,116.5,2330.0,116.5,116.5,116.5,116.5,116.5,116.5,116.5,0.0,0.0,1.0,0.0,1.0
high,2,1,189.0,3780.0,11930.800000000003,238616.00000000006,63.12592592592594,60.5,41.6,47.9,75.2,89.9,101.65999999999997,0.010582010582010581,0.0,0.005291005291005291,0.0,1.0
high,2,2,375.0,7500.0,12968.0,259360.0,34.58133333333333,29.0,29.0,29.0,35.3,45.8,60.5,0.584,0.0,0.013333333333333334,0.0,1.0
high,2,3,325.0,6500.0,26852.9,537058.0,82.6243076923077,83.6,39.5,60.5,109.5,119.3,124.9,0.03076923076923077,0.0,0.0,0.0,1.0
high,2,4,167.0,3340.0,16672.3,333446.0,99.83413173652694,96.2,73.1,85.7,112.3,129.1,141.27999999999997,0.0,0.0,0.0,0.0,1.0
high,2,5,470.0,9400.0,34028.0,680560.0,72.4,68.9,64.7,64.7,77.3,81.5,89.9,0.0,0.0,0.08936170212765958,0.0,1.0
high,2,6,76.0,1520.0,6585.3,131706.0,86.64868421052631,85.7,75.2,77.3,92.0,98.3,104.25,0.0,0.0,0.0,0.0,1.0
high,2,7,191.0,3820.0,19270.9,385418.0,100.89476439790576,100.4,83.6,92.0,108.1,119.3,125.6,0.0,0.0,0.015706806282722512,0.0,1.0
high,2,8,154.0,3080.0,12711.3,254226.0,82.54090909090908,79.4,65.33,71.525,89.9,103.48000000000003,107.19,0.0,0.0,0.0,0.0,1.0
high,2,9,142.0,2840.0,16324.599999999999,326492.0,114.9619718309859,113.0,103.9,108.1,122.1,126.16000000000001,134.62999999999997,0.0,0.0,0.0,0.0,1.0
high,2,10,76.0,1520.0,8667.8,173356.0,114.05,111.6,103.9,108.1,117.9,128.4,137.5,0.0,0.0,0.0,0.0,1.0
high,2,11,59.0,1180.0,9809.3,196186.0,166.2593220338983,161.3,152.62,155.0,169.0,202.18,211.83999999999997,0.0,0.0,0.01694915254237288,0.0,1.0
high,2,12,44.0,880.0,6407.000000000002,128140.00000000003,145.6136363636364,146.60000000000002,135.11999999999998,141.35,150.1,155.7,158.29,0.0,0.0,0.0,0.0,1.0
high,2,13,26.0,520.0,4080.3999999999996,81608.0,156.93846153846152,154.3,148.7,151.5,159.55,166.2,174.25,0.0,0.0,0.0,0.0,1.0
high,2,14,16.0,320.0,4561.8,91236.0,285.1125,283.8,263.5,277.15,297.8,308.3,310.05,0.0,0.0,0.0,0.0,1.0
high,2,15,11.0,220.0,2968.5,59370.0,269.8636363636364,271.9,256.5,267.70000000000005,274.70000000000005,276.1,280.3,0.0,0.0,0.0,0.0,1.0
high,2,16,9.0,180.0,2657.1,53142.0,295.23333333333335,292.9,287.86,291.5,297.1,301.3,309.7,0.0,0.0,0.0,0.0,1.0
high,2,17,27.0,540.0,6175.1,123502.0,228.70740740740743,227.1,218.98,225.7,233.39999999999998,239.7,244.6,0.0,0.0,0.0,0.0,1.0
high,2,18,7.0,140.0,2061.5,41230.0,294.5,297.1,282.53999999999996,288.0,302.0,306.06,306.47999999999996,0.0,0.0,0.0,0.0,1.0
high,2,19,86.0,1720.0,12956.2,259124.0,150.65348837209302,147.3,131.9,138.9,157.1,178.1,187.9,0.0,0.0,0.011627906976744186,0.0,1.0
high,2,20,28.0,560.0,5406.8,108136.0,193.1,190.7,182.3,186.5,195.95,204.7,215.61999999999998,0.0,0.0,0.0,0.0,1.0
high,2,21,101.0,2020.0,14079.3,281586.0,139.39900990099008,138.9,129.1,133.3,144.5,148.7,151.5,0.0,0.0,0.0,0.0,1.0
high,2,22,2.0,40.0,599.8,11996.0,299.9,299.9,298.78,299.2,300.6,301.02000000000004,301.16,0.0,0.0,1.0,0.0,1.0
high,2,23,10.0,200.0,2789.0,55780.0,278.9,281.70000000000005,250.76000000000002,255.8,288.35,314.17999999999995,315.44,0.0,0.0,0.0,0.0,1.0
high,2,24,5.0,100.0,1542.9,30858.0,308.58000000000004,291.5,272.18,283.1,346.1,352.82,355.06,0.0,0.0,0.0,0.0,1.0
high,2,25,8.0,160.0,1536.8,30736.0,192.1,198.4,168.44,192.8,208.9,214.78,216.73999999999998,0.0,0.0,0.0,0.0,1.0
high,2,26,35.0,700.0,9384.9,187698.0,268.14,291.5,227.1,227.1,291.5,291.5,293.18,0.0,0.0,1.0,0.0,1.0
high,3,-1,6.0,120.0,680.1,13602.0,113.35000000000001,132.6,46.849999999999994,73.975,151.85000000000002,160.60000000000002,163.75,0.0,0.0,1.0,0.0,1.0
high,3,1,213.0,4260.0,24027.0,480540.0,112.80281690140845,115.1,77.72,96.2,130.5,142.82000000000002,147.85999999999996,0.0,0.0,0.0,0.0,1.0
high,3,2,370.0,7400.0,27996.9,559938.0,75.6672972972973,75.2,39.5,43.7,103.9,113.84000000000003,119.3,0.01891891891891892,0.0,0.032432432432432434,0.0,1.0
high,3,3,676.0,13520.0,33963.8,679276.0,50.2423076923077,45.8,29.0,29.0,62.6,85.7,96.2,0.3150887573964497,0.0,0.008875739644970414,0.0,1.0
high,3,4,239.0,4780.0,29899.4,597988.0,125.10209205020921,127.7,98.3,110.2,137.5,156.26000000000005,162.83999999999997,0.0,0.0,0.0,0.0,1.0
high,3,5,319.0,6380.0,33627.8,672556.0,105.41630094043889,103.9,79.4,81.5,122.8,137.5,143.23999999999995,0.0,0.0,0.06896551724137931,0.0,1.0
high,3,6,94.0,1880.0,11800.100000000002,236002.00000000006,125.53297872340428,124.9,101.03,113.7,137.5,151.08,153.88,0.0,0.0,0.0,0.0,1.0
high,3,7,153.0,3060.0,20746.3,414926.0,135.5967320261438,131.9,109.5,115.1,150.1,168.02000000000004,179.22000000000003,0.0,0.0,0.006535947712418301,0.0,1.0
high,3,8,177.0,3540.0,21206.399999999998,424127.99999999994,119.81016949152541,119.3,94.1,108.1,133.3,148.7,153.17999999999998,0.0,0.0,0.0,0.0,1.0
high,3,9,260.0,5200.0,27469.0,549380.0,105.65,106.7,81.5,92.0,116.5,130.5,137.5,0.0,0.0,0.0,0.0,1.0
high,3,10,91.0,1820.0,12194.7,243894.0,134.0076923076923,131.9,119.3,126.3,140.3,152.9,157.1,0.0,0.0,0.0,0.0,1.0
high,3,11,45.0,900.0,9113.499999999998,182269.99999999997,202.52222222222218,200.5,176.7,182.3,213.1,231.58,237.74,0.0,0.0,0.0,0.0,1.0
high,3,12,40.0,800.0,7548.2,150964.0,188.70499999999998,191.39999999999998,170.82,174.95000000000002,198.04999999999998,209.04000000000002,218.90999999999997,0.0,0.0,0.025,0.0,1.0
high,3,13,21.0,420.0,4127.9,82558.0,196.56666666666666,196.3,172.5,178.1,207.5,222.9,224.3,0.0,0.0,0.0,0.0,1.0
high,3,14,21.0,420.0,6988.100000000001,139762.00000000003,332.7666666666667,327.9,312.5,319.5,346.1,361.5,365.7,0.0,0.0,0.047619047619047616,0.0,1.0
high,3,15,17.0,340.0,5211.7,104234.0,306.5705882352941,309.7,286.74,290.1,312.5,323.42,329.02,0.0,0.0,0.0,0.0,1.0
high,3,16,9.0,180.0,3138.7,62774.0,348.7444444444444,347.5,325.66,327.9,368.5,370.74,372.42,0.0,0.0,0.0,0.0,1.0
high,3,17,22.0,440.0,5472.2,109444.0,248.73636363636362,247.39999999999998,234.24,241.1,264.2,267.7,269.03000000000003,0.0,0.0,0.0,0.0,1.0
high,3,18,10.0,200.0,3105.4,62108.0,310.54,304.1,298.36,301.3,316.7,332.8,335.95,0.0,0.0,0.0,0.0,1.0
high,3,19,75.0,1500.0,13092.9,261858.0,174.572,169.7,157.1,162.0,187.9,197.14000000000001,207.92,0.0,0.0,0.0,0.0,1.0
high,3,20,24.0,480.0,4862.400000000001,97248.00000000001,202.60000000000002,199.8,187.9,191.75,210.65,218.28,236.54999999999995,0.0,0.0,0.0,0.0,1.0
high,3,21,133.0,2660.0,16205.699999999999,324114.0,121.84736842105262,119.3,109.5,113.7,129.1,140.3,148.42,0.0,0.0,0.0,0.0,1.0
high,3,22,9.0,180.0,3099.5,61990.0,344.3888888888889,337.7,323.14,333.5,362.9,365.98,366.54,0.0,0.0,1.0,0.0,1.0
high,3,23,4.0,80.0,1226.2,24524.0,306.55,316.7,275.12,294.65,328.59999999999997,329.86,330.28,0.0,0.0,0.0,0.0,1.0
high,3,24,12.0,240.0,3450.4,69008.0,287.53333333333336,277.5,240.68,268.4,310.75,335.32,353.31,0.0,0.0,0.0,0.0,1.0
high,3,25,9.0,180.0,1738.6999999999998,34774.0,193.18888888888887,186.5,158.22,183.7,213.1,217.3,222.9,0.0,0.0,0.0,0.0,1.0
high,3,26,27.0,540.0,8090.3,161806.0,299.64074074074074,291.5,248.1,248.1,337.7,361.78000000000003,397.9,0.0,0.0,1.0,0.0,1.0
high,4,-1,1.0,20.0,94.1,1882.0,94.1,94.1,94.1,94.1,94.1,94.1,94.1,0.0,0.0,1.0,0.0,1.0
high,4,1,167.0,3340.0,17676.800000000003,353536.00000000006,105.8491017964072,105.3,64.7,83.6,118.6,151.22000000000003,174.88,0.0,0.0,0.0,0.0,1.0
high,4,2,199.0,3980.0,19121.399999999998,382427.99999999994,96.08743718592963,92.0,74.78,83.6,106.7,126.3,136.23999999999998,0.0,0.0,0.020100502512562814,0.0,1.0
high,4,3,230.0,4600.0,29315.699999999997,586314.0,127.45956521739129,126.3,96.2,112.3,141.7,159.9,169.06999999999996,0.0,0.0,0.0,0.0,1.0
high,4,4,279.0,5580.0,22436.8,448736.0,80.41863799283153,60.5,31.1,41.6,110.9,144.5,201.9,0.0967741935483871,0.0,0.0,0.0,1.0
high,4,5,194.0,3880.0,23616.0,472320.0,121.73195876288659,119.3,103.9,113.7,123.5,155.7,159.9,0.0,0.0,0.10824742268041238,0.0,1.0
high,4,6,44.0,880.0,5593.6,111872.0,127.12727272727274,126.3,116.5,119.3,132.25,135.68,140.3,0.0,0.0,0.0,0.0,1.0
high,4,7,91.0,1820.0,12994.1,259882.0,142.7923076923077,138.9,123.5,130.5,148.0,169.7,176.7,0.0,0.0,0.03296703296703297,0.0,1.0
high,4,8,68.0,1360.0,8972.0,179440.0,131.94117647058823,127.7,109.08,119.3,144.5,163.12,165.5,0.0,0.0,0.0,0.0,1.0
high,4,9,86.0,1720.0,13211.000000000002,264220.00000000006,153.61627906976747,155.7,137.5,144.85,161.3,166.9,171.8,0.0,0.0,0.011627906976744186,0.0,1.0
high,4,10,43.0,860.0,6973.700000000001,139474.0,162.1790697674419,157.1,137.78,144.5,178.10000000000002,193.78000000000003,204.56,0.0,0.0,0.0,0.0,1.0
high,4,11,24.0,480.0,4782.599999999999,95651.99999999999,199.27499999999998,192.8,166.62,181.95,202.6,245.01999999999998,268.11999999999995,0.0,0.0,0.0,0.0,1.0
high,4,12,26.0,520.0,5007.199999999999,100143.99999999997,192.58461538461535,185.1,161.3,168.65,210.3,245.3,250.9,0.0,0.0,0.0,0.0,1.0
high,4,13,11.0,220.0,2225.1,44502.0,202.28181818181818,183.7,166.9,177.39999999999998,220.10000000000002,269.1,274.70000000000005,0.0,0.0,0.0,0.0,1.0
high,4,14,23.0,460.0,7460.499999999999,149209.99999999997,324.36956521739125,320.9,297.1,312.5,334.2,354.5,373.53999999999996,0.0,0.0,0.0,0.0,1.0
high,4,15,11.0,220.0,3385.7000000000003,67714.0,307.7909090909091,299.9,285.9,290.79999999999995,325.8,343.3,346.1,0.0,0.0,0.0,0.0,1.0
high,4,16,9.0,180.0,2984.7000000000003,59694.00000000001,331.6333333333334,334.9,313.34,330.7,341.9,345.53999999999996,347.21999999999997,0.0,0.0,0.0,0.0,1.0
high,4,17,7.0,140.0,1787.1000000000001,35742.0,255.3,245.3,228.5,236.2,269.8,290.38,300.03999999999996,0.0,0.0,0.0,0.0,1.0
high,4,18,10.0,200.0,3332.2000000000003,66644.0,333.22,328.6,322.02000000000004,325.45000000000005,337.0,343.58,357.44,0.0,0.0,0.0,0.0,1.0
high,4,19,32.0,640.0,6504.2,130084.0,203.25625,192.8,171.24,180.55,225.0,239.42,249.99,0.0,0.0,0.0,0.0,1.0
high,4,20,9.0,180.0,2155.9,43118.0,239.54444444444445,228.5,214.22,220.1,264.9,269.09999999999997,271.9,0.0,0.0,0.0,0.0,1.0
high,4,21,53.0,1060.0,9590.499999999998,191809.99999999997,180.9528301886792,180.9,164.66,173.9,186.5,196.02,202.46,0.0,0.0,0.0,0.0,1.0
high,4,22,10.0,200.0,3399.3999999999996,67988.0,339.93999999999994,333.5,313.2,327.55,358.7,372.97999999999996,374.24,0.0,0.0,1.0,0.0,1.0
high,4,23,7.0,140.0,2225.3,44506.0,317.90000000000003,312.5,294.3,299.20000000000005,323.70000000000005,350.02000000000004,363.46,0.0,0.0,0.0,0.0,1.0
high,4,24,3.0,60.0,1112.5,22250.0,370.8333333333333,355.9,345.82,349.6,384.6,401.82,407.56,0.0,0.0,0.0,0.0,1.0
high,4,25,3.0,60.0,658.9,13178.0,219.63333333333333,222.9,215.06,218.0,222.9,222.9,222.9,0.0,0.0,0.0,0.0,1.0
high,4,26,1.0,20.0,340.5,6810.0,340.5,340.5,340.5,340.5,340.5,340.5,340.5,0.0,0.0,1.0,0.0,1.0
high,5,-1,1.0,20.0,399.3,7986.0,399.3,399.3,399.3,399.3,399.3,399.3,399.3,0.0,0.0,1.0,0.0,1.0
high,5,1,442.0,8840.0,33365.100000000006,667302.0000000001,75.48665158371043,77.3,64.7,66.8,83.6,83.6,85.7,0.0,0.0,0.04072398190045249,0.0,1.0
high,5,2,320.0,6400.0,25228.1,504562.0,78.8378125,77.3,73.1,73.1,81.5,89.9,92.0,0.0,0.0,0.0,0.0,1.0
high,5,3,301.0,6020.0,32333.7,646674.0,107.42093023255815,106.7,81.5,89.9,120.7,137.5,143.1,0.0,0.0,0.0033222591362126247,0.0,1.0
high,5,4,156.0,3120.0,19298.9,385978.0,123.71089743589745,119.3,105.3,110.9,126.3,157.1,166.9,0.0,0.0,0.0,0.0,1.0
high,5,5,2889.0,57780.0,92031.9,1840638.0,31.855970924195223,29.0,29.0,29.0,33.2,41.6,41.6,0.5687088958116996,0.0,0.058151609553478714,0.0,1.0
high,5,6,318.0,6360.0,12615.599999999999,252311.99999999997,39.67169811320754,43.7,29.0,33.2,43.7,45.8,50.314999999999955,0.2389937106918239,0.0,0.04716981132075472,0.0,1.0
high,5,7,369.0,7380.0,19000.2,380004.0,51.49105691056911,52.1,35.3,39.5,60.5,68.9,75.2,0.02981029810298103,0.0,0.04336043360433604,0.0,1.0
high,5,8,273.0,5460.0,13797.0,275940.0,50.53846153846154,45.8,33.620000000000005,41.6,56.3,68.9,83.17999999999991,0.03663003663003663,0.0,0.0,0.0,1.0
high,5,9,205.0,4100.0,20636.6,412732.0,100.66634146341462,100.4,80.24000000000001,85.7,110.9,119.3,124.61999999999998,0.0,0.0,0.0,0.0,1.0
high,5,10,136.0,2720.0,10561.8,211236.0,77.66029411764706,75.2,58.4,66.8,87.8,94.1,98.3,0.0,0.0,0.0,0.0,1.0
high,5,11,137.0,2740.0,16832.699999999997,336653.99999999994,122.86642335766422,117.9,115.1,117.9,124.9,129.1,141.41999999999987,0.0,0.0,0.0,0.0,1.0
high,5,12,99.0,1980.0,11124.699999999999,222493.99999999997,112.37070707070706,115.1,99.98,106.7,119.3,122.1,124.9,0.0,0.0,0.0,0.0,1.0
high,5,13,58.0,1160.0,6940.400000000001,138808.0,119.66206896551725,120.7,111.88,115.44999999999999,123.5,126.72,129.1,0.0,0.0,0.0,0.0,1.0
high,5,14,62.0,1240.0,15312.2,306244.0,246.97096774193548,246.7,236.9,239.7,252.3,257.76,260.56,0.0,0.0,0.0,0.0,1.0
high,5,15,60.0,1200.0,13897.599999999999,277952.0,231.62666666666664,229.9,224.3,229.9,234.45,238.3,239.7,0.0,0.0,0.06666666666666667,0.0,1.0
high,5,16,34.0,680.0,8824.599999999999,176491.99999999997,259.54705882352937,257.9,248.1,255.1,263.5,271.9,272.39,0.0,0.0,0.0,0.0,1.0
high,5,17,67.0,1340.0,13908.099999999999,278162.0,207.5835820895522,201.9,192.94,197.7,210.3,239.7,246.28,0.0,0.0,0.07462686567164178,0.0,1.0
high,5,18,41.0,820.0,10848.299999999997,216965.99999999994,264.5926829268292,262.1,253.7,259.3,271.9,276.1,277.5,0.0,0.0,0.024390243902439025,0.0,1.0
high,5,19,139.0,2780.0,17359.699999999997,347193.99999999994,124.88992805755393,123.5,107.82,116.5,130.5,144.5,151.77999999999997,0.0,0.0,0.0,0.0,1.0
high,5,20,46.0,920.0,7643.799999999998,152875.99999999997,166.16956521739127,166.2,145.9,157.8,173.9,182.3,182.3,0.0,0.0,0.0,0.0,1.0
high,5,21,94.0,1880.0,13223.199999999999,264464.0,140.6723404255319,140.3,130.5,136.1,144.5,152.9,156.67999999999998,0.0,0.0,0.0,0.0,1.0
high,5,22,20.0,400.0,5135.599999999999,102711.99999999999,256.78,257.9,246.56,250.55,262.1,268.12,271.9,0.0,0.0,1.0,0.0,1.0
high,5,23,27.0,540.0,6387.9000000000015,127758.00000000003,236.58888888888893,241.1,205.54,219.39999999999998,250.9,267.7,268.68,0.0,0.0,0.07407407407407407,0.0,1.0
high,5,24,25.0,500.0,7209.1,144182.0,288.36400000000003,284.5,238.3,264.9,316.7,340.5,340.5,0.0,0.0,0.0,0.0,1.0
high,5,25,38.0,760.0,7560.199999999999,151203.99999999997,198.95263157894735,201.9,155.42,160.25,225.7,249.5,251.80999999999997,0.0,0.0,0.0,0.0,1.0
high,5,26,368.0,7360.0,90000.2,1800004.0,244.5657608695652,263.5,161.3,250.9,266.3,266.3,266.3,0.0,0.0,1.0,0.0,1.0
high,6,-1,5.0,100.0,1733.3,34666.0,346.65999999999997,385.3,269.38,385.3,385.3,385.3,385.3,0.0,0.0,1.0,0.0,1.0
high,6,1,114.0,2280.0,9456.9,189138.0,82.95526315789473,79.4,68.9,73.1,87.8,95.57000000000001,123.07999999999998,0.0,0.0,0.0,0.0,1.0
high,6,2,96.0,1920.0,8911.099999999999,178221.99999999997,92.82395833333332,89.9,83.6,87.8,96.2,104.6,110.9,0.0,0.0,0.010416666666666666,0.0,1.0
high,6,3,137.0,2740.0,17001.399999999998,340027.99999999994,124.09781021897808,124.9,92.0,106.7,143.1,151.5,154.3,0.0,0.0,0.0,0.0,1.0
high,6,4,63.0,1260.0,8217.300000000001,164346.00000000003,130.43333333333334,130.5,115.1,120.7,134.7,141.7,154.99999999999997,0.0,0.0,0.0,0.0,1.0
high,6,5,453.0,9060.0,19459.4,389188.0,42.95673289183223,43.7,29.0,39.5,50.0,50.0,50.0,0.11037527593818984,0.0,0.07947019867549669,0.0,1.0
high,6,6,317.0,6340.0,9361.0,187220.0,29.529968454258675,29.0,29.0,29.0,29.0,31.1,31.1,0.8832807570977917,0.0,0.24605678233438485,0.0,1.0
high,6,7,211.0,4220.0,7796.9,155938.0,36.952132701421796,33.2,29.0,29.0,39.5,50.0,60.5,0.2938388625592417,0.0,0.04265402843601896,0.0,1.0
high,6,8,156.0,3120.0,7333.800000000001,146676.00000000003,47.01153846153847,47.9,33.2,41.6,52.625,58.4,62.6,0.03205128205128205,0.0,0.0,0.0,1.0
high,6,9,120.0,2400.0,11644.099999999999,232881.99999999997,97.03416666666665,100.4,71.0,81.5,114.05,123.5,124.97,0.0,0.0,0.0,0.0,1.0
high,6,10,82.0,1640.0,5477.6,109552.0,66.80000000000001,64.7,52.31,58.4,73.1,77.3,83.6,0.0,0.0,0.0,0.0,1.0
high,6,11,73.0,1460.0,8526.2,170524.0,116.79726027397261,112.3,105.3,106.7,117.9,150.94,155.7,0.0,0.0,0.0136986301369863,0.0,1.0
high,6,12,75.0,1500.0,7307.400000000001,146148.0,97.432,98.3,85.7,92.0,103.2,108.1,109.5,0.0,0.0,0.0,0.0,1.0
high,6,13,41.0,820.0,4524.500000000001,90490.00000000001,110.35365853658539,109.5,102.5,105.3,115.1,119.3,123.5,0.0,0.0,0.0,0.0,1.0
high,6,14,19.0,380.0,4487.099999999999,89741.99999999999,236.16315789473683,232.7,224.29999999999998,227.1,246.7,251.46,259.3,0.0,0.0,0.05263157894736842,0.0,1.0
high,6,15,15.0,300.0,3329.5000000000005,66590.00000000001,221.9666666666667,224.3,216.46,217.3,224.3,229.06,231.72,0.0,0.0,0.3333333333333333,0.0,1.0
high,6,16,9.0,180.0,2274.9,45498.0,252.76666666666668,249.5,239.7,242.5,262.1,265.74,270.21999999999997,0.0,0.0,0.0,0.0,1.0
high,6,17,38.0,760.0,7288.6,145772.0,191.80526315789476,189.3,187.48000000000002,188.25,195.95000000000002,198.12,201.34,0.0,0.0,0.05263157894736842,0.0,1.0
high,6,18,37.0,740.0,9472.300000000001,189446.00000000003,256.00810810810816,257.9,245.3,250.9,263.5,264.9,266.58,0.0,0.0,0.0,0.0,1.0
high,6,19,136.0,2720.0,15734.8,314696.0,115.6970588235294,113.7,98.3,106.35,122.1,137.5,149.04999999999998,0.0,0.0,0.007352941176470588,0.0,1.0
high,6,20,37.0,740.0,5784.700000000001,115694.00000000001,156.34324324324325,157.1,147.57999999999998,151.5,161.3,163.82,166.9,0.0,0.0,0.0,0.0,1.0
high,6,21,44.0,880.0,6351.0,127020.0,144.3409090909091,143.8,134.56,140.3,147.3,151.5,155.07,0.0,0.0,0.0,0.0,1.0
high,6,22,22.0,440.0,5375.600000000001,107512.00000000003,244.3454545454546,242.5,236.9,241.1,248.1,248.1,254.75,0.0,0.0,1.0,0.0,1.0
high,6,23,11.0,220.0,2544.2999999999997,50885.99999999999,231.29999999999998,235.5,200.5,220.8,246.0,246.7,257.2,0.0,0.0,0.0,0.0,1.0
high,6,24,16.0,320.0,4105.4,82108.0,256.5875,262.79999999999995,198.39999999999998,229.54999999999998,282.75,308.29999999999995,313.9,0.0,0.0,0.0,0.0,1.0
high,6,25,7.0,140.0,1194.2,23884.0,170.6,162.7,113.42,136.8,202.6,223.74,238.01999999999998,0.0,0.0,0.0,0.0,1.0
high,6,26,125.0,2500.0,34078.49999999999,681569.9999999999,272.62799999999993,249.5,183.7,242.5,344.7,383.62000000000006,385.3,0.0,0.0,1.0,0.0,1.0
high,7,-1,1.0,20.0,100.4,2008.0,100.4,100.4,100.4,100.4,100.4,100.4,100.4,0.0,0.0,1.0,0.0,1.0
high,7,1,144.0,2880.0,14021.5,280430.0,97.37152777777777,96.2,81.5,87.8,103.9,109.5,120.49,0.0,0.0,0.0,0.0,1.0
high,7,2,111.0,2220.0,12301.5,246030.0,110.82432432432432,109.5,98.3,100.4,116.5,126.3,133.3,0.0,0.0,0.0,0.0,1.0
high,7,3,130.0,2600.0,17856.800000000003,357136.00000000006,137.36,135.39999999999998,106.7,122.44999999999999,155.0,165.64000000000001,173.27,0.0,0.0,0.007692307692307693,0.0,1.0
high,7,4,82.0,1640.0,11913.4,238268.0,145.28536585365853,140.3,127.7,134.7,150.1,173.76000000000002,178.1,0.0,0.0,0.0,0.0,1.0
high,7,5,569.0,11380.0,29894.799999999996,597895.9999999999,52.53919156414762,54.2,41.6,43.7,58.4,66.8,75.2,0.0351493848857645,0.0,0.07205623901581722,0.0,1.0
high,7,6,529.0,10580.0,16813.100000000002,336262.00000000006,31.782797731569,29.0,29.0,29.0,29.0,39.5,47.9,0.8071833648393195,0.0,0.04158790170132325,0.0,1.0
high,7,7,428.0,8560.0,15333.8,306676.0,35.82663551401869,29.0,29.0,29.0,37.4,52.1,62.6,0.5981308411214953,0.0,0.014018691588785047,0.0,1.0
high,7,8,164.0,3280.0,10553.4,211068.0,64.35,60.5,43.7,52.1,73.1,89.9,103.69,0.0,0.0,0.006097560975609756,0.0,1.0
high,7,9,179.0,3580.0,19137.100000000002,382742.00000000006,106.91117318435755,108.1,81.08,94.1,119.3,130.5,137.64,0.0,0.0,0.0,0.0,1.0
high,7,10,128.0,2560.0,9654.3,193086.0,75.42421875,73.1,54.2,62.6,85.7,102.5,107.60999999999999,0.0,0.0,0.0,0.0,1.0
high,7,11,74.0,1480.0,7965.1,159302.0,107.63648648648649,105.3,83.6,94.1,114.75,145.06,148.7,0.0,0.0,0.013513513513513514,0.0,1.0
high,7,12,87.0,1740.0,6997.400000000001,139948.0,80.42988505747127,83.6,62.6,71.0,89.9,98.3,104.88000000000001,0.011494252873563218,0.0,0.0,0.0,1.0
high,7,13,46.0,920.0,4610.700000000001,92214.00000000001,100.23260869565219,102.5,82.55,90.95,109.15,115.8,117.55000000000001,0.0,0.0,0.021739130434782608,0.0,1.0
high,7,14,62.0,1240.0,14363.000000000002,287260.00000000006,231.66129032258067,234.1,215.9,227.1,239.7,243.9,248.03,0.0,0.0,0.016129032258064516,0.0,1.0
high,7,15,19.0,380.0,4096.5,81930.0,215.60526315789474,215.9,203.3,208.2,222.9,225.98,227.51999999999998,0.0,0.0,0.0,0.0,1.0
high,7,16,13.0,260.0,3230.8999999999996,64617.99999999999,248.5307692307692,249.5,233.26,236.9,256.5,263.22,266.3,0.0,0.0,0.0,0.0,1.0
high,7,17,31.0,620.0,5925.7,118514.0,191.1516129032258,190.7,165.5,185.1,194.9,218.7,228.5,0.0,0.0,0.0,0.0,1.0
high,7,18,17.0,340.0,4298.9,85978.0,252.87647058823526,250.9,241.94,245.3,256.5,257.9,266.02,0.0,0.0,0.0,0.0,1.0
high,7,19,126.0,2520.0,14459.2,289184.0,114.75555555555556,113.7,94.1,100.4,124.9,138.2,145.55,0.0,0.0,0.0,0.0,1.0
high,7,20,28.0,560.0,4450.6,89012.0,158.95000000000002,158.5,141.7,150.1,166.9,168.72,177.89,0.0,0.0,0.0,0.0,1.0
high,7,21,70.0,1400.0,10604.999999999998,212099.99999999997,151.49999999999997,152.9,138.9,144.5,159.9,165.5,166.27,0.0,0.0,0.0,0.0,1.0
high,7,22,6.0,120.0,1480.1999999999998,29603.999999999996,246.69999999999996,245.3,242.5,245.3,250.55,252.3,252.3,0.0,0.0,1.0,0.0,1.0
high,7,23,18.0,360.0,4045.8,80916.0,224.76666666666668,223.60000000000002,211.28,213.8,234.45,246.14000000000001,250.82999999999998,0.0,0.0,0.0,0.0,1.0
high,7,24,12.0,240.0,3026.2000000000003,60524.00000000001,252.18333333333337,248.8,211.84,214.15,274.7,299.48,316.41999999999996,0.0,0.0,0.0,0.0,1.0
high,7,25,9.0,180.0,1208.1,24162.0,134.23333333333332,144.5,72.68,112.3,165.5,176.14000000000001,177.82,0.0,0.0,0.0,0.0,1.0
high,7,26,110.0,2200.0,26204.600000000002,524092.00000000006,238.2236363636364,243.9,207.22000000000003,243.9,249.5,249.5,249.5,0.0,0.0,1.0,0.0,1.0
high,8,-1,1.0,20.0,102.5,2050.0,102.5,102.5,102.5,102.5,102.5,102.5,102.5,0.0,0.0,1.0,0.0,1.0
high,8,1,132.0,2640.0,13023.900000000001,260478.00000000003,98.6659090909091,97.25,81.5,87.8,108.44999999999999,117.9,125.52999999999999,0.0,0.0,0.007575757575757576,0.0,1.0
high,8,2,168.0,3360.0,13519.8,270396.0,80.475,77.3,64.7,68.9,89.9,98.3,103.9,0.0,0.0,0.0,0.0,1.0
high,8,3,169.0,3380.0,19493.9,389878.0,115.34852071005918,115.1,85.28,103.9,129.1,141.98000000000002,145.9,0.0,0.0,0.0,0.0,1.0
high,8,4,69.0,1380.0,9032.5,180650.0,130.90579710144928,123.5,109.22,117.9,143.1,160.18,165.77999999999997,0.0,0.0,0.0,0.0,1.0
high,8,5,331.0,6620.0,16180.400000000001,323608.0,48.88338368580061,45.8,33.2,39.5,56.3,66.8,83.6,0.054380664652567974,0.0,0.06042296072507553,0.0,1.0
high,8,6,134.0,2680.0,6121.1,122422.0,45.67985074626866,43.7,31.730000000000004,37.4,52.1,58.4,62.6,0.09701492537313433,0.0,0.03731343283582089,0.0,1.0
high,8,7,227.0,4540.0,14025.4,280508.0,61.78590308370044,60.5,45.8,50.0,68.9,83.6,91.36999999999998,0.0,0.0,0.030837004405286344,0.0,1.0
high,8,8,287.0,5740.0,11008.900000000001,220178.00000000003,38.35853658536586,33.2,29.0,29.0,43.7,54.2,62.6,0.3623693379790941,0.0,0.0,0.0,1.0
high,8,9,161.0,3220.0,12790.400000000001,255808.00000000003,79.44347826086957,79.4,50.0,60.5,96.2,109.5,112.3,0.012422360248447204,0.0,0.006211180124223602,0.0,1.0
high,8,10,115.0,2300.0,6510.900000000001,130218.00000000001,56.61652173913044,56.3,33.2,41.6,66.8,77.3,81.5,0.06956521739130435,0.0,0.0,0.0,1.0
high,8,11,50.0,1000.0,6907.2,138144.0,138.144,130.5,121.82,126.3,139.95000000000002,154.86000000000004,190.62999999999997,0.0,0.0,0.0,0.0,1.0
high,8,12,47.0,940.0,5590.300000000001,111806.00000000003,118.94255319148938,120.7,103.34,111.6,127.0,133.3,139.17999999999995,0.0,0.0,0.0,0.0,1.0
high,8,13,31.0,620.0,4081.9,81638.0,131.6741935483871,129.1,122.1,124.9,136.1,145.9,149.4,0.0,0.0,0.0,0.0,1.0
high,8,14,25.0,500.0,6467.099999999999,129341.99999999999,258.68399999999997,256.5,240.54000000000002,248.1,269.1,276.66,281.14,0.0,0.0,0.04,0.0,1.0
high,8,15,10.0,200.0,2464.2000000000003,49284.00000000001,246.42000000000002,243.9,239.56,242.5,246.0,259.71999999999997,267.90999999999997,0.0,0.0,0.0,0.0,1.0
high,8,16,7.0,140.0,1911.7,38234.0,273.1,270.5,259.58,262.1,282.4,288.42,291.36,0.0,0.0,0.0,0.0,1.0
high,8,17,38.0,760.0,7127.6,142552.0,187.56842105263158,187.2,170.68,176.70000000000002,195.60000000000002,204.14000000000001,208.13,0.0,0.0,0.02631578947368421,0.0,1.0
high,8,18,12.0,240.0,3054.2,61084.0,254.51666666666665,250.2,242.64000000000001,246.0,262.45000000000005,263.5,274.21,0.0,0.0,0.0,0.0,1.0
high,8,19,104.0,2080.0,11756.899999999998,235137.99999999994,113.04711538461537,112.3,96.2,103.9,119.65,136.1,146.03999999999996,0.0,0.0,0.0,0.0,1.0
high,8,20,22.0,440.0,3222.3999999999996,64447.99999999999,146.47272727272727,147.3,128.82,141.7,154.3,156.96,161.09,0.0,0.0,0.0,0.0,1.0
high,8,21,75.0,1500.0,9434.0,188680.0,125.78666666666666,124.9,110.9,120.0,132.60000000000002,141.14000000000001,144.92,0.0,0.0,0.0,0.0,1.0
high,8,22,5.0,100.0,1379.1000000000001,27582.000000000004,275.82000000000005,270.5,268.26,269.1,280.3,287.02,289.26,0.0,0.0,1.0,0.0,1.0
high,8,23,11.0,220.0,2891.5000000000005,57830.00000000001,262.86363636363643,255.1,242.5,248.10000000000002,282.4,288.7,295.7,0.0,0.0,0.0,0.0,1.0
high,8,24,9.0,180.0,2263.7,45274.0,251.5222222222222,256.5,222.34,250.9,269.1,270.78,271.34,0.0,0.0,0.0,0.0,1.0
high,8,25,7.0,140.0,1124.9,22498.0,160.70000000000002,157.1,137.78,154.3,172.5,183.98000000000002,191.54,0.0,0.0,0.0,0.0,1.0
high,8,26,13.0,260.0,2872.5,57450.0,220.96153846153845,206.1,197.42000000000002,201.9,238.3,273.86,276.38,0.0,0.0,1.0,0.0,1.0
high,9,-1,2.0,40.0,458.4,9168.0,229.2,229.2,181.6,199.45,258.95,276.8,282.75,0.0,0.0,1.0,0.0,1.0
high,9,1,104.0,2080.0,13527.2,270544.0,130.06923076923078,129.8,119.3,122.1,135.04999999999998,144.5,151.29,0.0,0.0,0.0,0.0,1.0
high,9,2,148.0,2960.0,16593.8,331876.0,112.12027027027027,110.9,100.4,106.35,117.9,123.5,128.61,0.0,0.0,0.0,0.0,1.0
high,9,3,241.0,4820.0,25812.699999999997,516253.99999999994,107.10663900414937,106.7,83.6,96.2,116.5,130.5,137.5,0.0,0.0,0.0,0.0,1.0
high,9,4,79.0,1580.0,12254.099999999997,245081.99999999994,155.11518987341768,154.3,138.9,147.3,161.3,171.66,182.44,0.0,0.0,0.0,0.0,1.0
high,9,5,245.0,4900.0,24358.6,487172.0,99.42285714285714,98.3,80.24000000000001,83.6,112.3,117.9,124.9,0.0,0.0,0.02857142857142857,0.0,1.0
high,9,6,113.0,2260.0,10447.8,208956.0,92.45840707964601,92.0,71.0,81.5,105.3,112.3,116.5,0.0,0.0,0.017699115044247787,0.0,1.0
high,9,7,195.0,3900.0,20273.800000000003,405476.00000000006,103.96820512820514,102.5,85.7,87.8,117.9,131.9,139.32,0.0,0.0,0.02564102564102564,0.0,1.0
high,9,8,186.0,3720.0,14832.8,296656.0,79.74623655913977,82.55,52.1,64.7,94.1,106.0,109.5,0.016129032258064516,0.0,0.0,0.0,1.0
high,9,9,504.0,10080.0,22420.3,448406.0,44.484722222222224,41.6,29.0,32.675000000000004,52.1,61.96999999999998,73.1,0.20238095238095238,0.0,0.00992063492063492,0.0,1.0
high,9,10,134.0,2680.0,9121.3,182426.0,68.06940298507462,66.8,43.7,54.2,83.07499999999999,95.57000000000001,105.78999999999999,0.007462686567164179,0.0,0.0,0.0,1.0
high,9,11,47.0,940.0,7952.1,159042.0,169.1936170212766,165.5,151.22,159.9,176.7,187.9,196.15999999999997,0.0,0.0,0.0,0.0,1.0
high,9,12,37.0,740.0,5507.499999999999,110149.99999999999,148.85135135135133,147.3,137.78,140.3,155.7,163.26,171.09999999999997,0.0,0.0,0.0,0.0,1.0
high,9,13,16.0,320.0,2580.8,51616.0,161.3,161.3,145.89999999999998,151.15,171.45,178.1,184.04999999999998,0.0,0.0,0.0,0.0,1.0
high,9,14,18.0,360.0,5223.2,104464.0,290.17777777777775,290.1,281.28,285.2,298.5,302.84,310.53999999999996,0.0,0.0,0.0,0.0,1.0
high,9,15,10.0,200.0,2867.4,57348.0,286.74,285.9,269.24,274.35,293.95,312.08000000000004,316.49,0.0,0.0,0.0,0.0,1.0
high,9,16,6.0,120.0,1862.3999999999999,37248.0,310.4,313.9,292.2,299.2,320.2,325.1,327.2,0.0,0.0,0.0,0.0,1.0
high,9,17,39.0,780.0,7498.900000000001,149978.0,192.2794871794872,192.1,164.94,178.8,205.39999999999998,217.86,222.34,0.0,0.0,0.0,0.0,1.0
high,9,18,16.0,320.0,4056.3999999999996,81128.0,253.52499999999998,252.3,240.39999999999998,247.4,263.85,266.29999999999995,269.8,0.0,0.0,0.0,0.0,1.0
high,9,19,109.0,2180.0,13802.399999999998,276047.99999999994,126.6275229357798,124.9,108.1,113.7,136.1,144.5,152.34,0.0,0.0,0.009174311926605505,0.0,1.0
high,9,20,43.0,860.0,6307.3,126146.0,146.6813953488372,145.9,129.38,136.1,154.3,168.02,169.56,0.0,0.0,0.0,0.0,1.0
high,9,21,170.0,3400.0,13860.599999999999,277212.0,81.53294117647059,79.4,62.39000000000001,71.0,92.0,102.5,104.66999999999997,0.0,0.0,0.0,0.0,1.0
high,9,22,6.0,120.0,1783.9999999999998,35679.99999999999,297.3333333333333,295.0,289.4,291.85,299.2,307.6,311.45,0.0,0.0,1.0,0.0,1.0
high,9,23,7.0,140.0,1962.1000000000001,39242.0,280.3,277.5,249.5,253.0,300.6,318.66,325.38,0.0,0.0,0.0,0.0,1.0
high,9,24,6.0,120.0,1345.7999999999997,26915.999999999993,224.29999999999995,233.4,178.8,203.3,250.9,260.7,265.6,0.0,0.0,0.0,0.0,1.0
high,9,25,10.0,200.0,1258.8,25176.0,125.88,127.0,64.28,114.05,145.20000000000002,155.41999999999996,185.6599999999999,0.0,0.0,0.0,0.0,1.0
high,9,26,17.0,340.0,5119.3,102386.0,301.13529411764705,298.5,287.02,292.9,315.3,320.34000000000003,336.0199999999999,0.0,0.0,1.0,0.0,1.0
high,10,-1,1.0,20.0,355.9,7118.0,355.9,355.9,355.9,355.9,355.9,355.9,355.9,0.0,0.0,1.0,0.0,1.0
high,10,1,59.0,1180.0,7209.5,144190.0,122.19491525423729,122.1,112.02,115.1,127.0,133.3,139.32,0.0,0.0,0.0,0.0,1.0
high,10,2,83.0,1660.0,9248.1,184962.0,111.42289156626506,110.9,100.4,106.7,113.7,119.02,125.59999999999994,0.0,0.0,0.0,0.0,1.0
high,10,3,91.0,1820.0,12119.099999999999,242381.99999999997,133.17692307692306,130.5,109.5,122.8,138.2,158.5,159.9,0.0,0.0,0.0,0.0,1.0
high,10,4,44.0,880.0,7179.8,143596.0,163.17727272727274,154.3,137.92,142.75,179.5,204.56000000000003,211.07,0.0,0.0,0.0,0.0,1.0
high,10,5,193.0,3860.0,14877.599999999999,297552.0,77.0860103626943,77.3,58.4,68.9,85.7,96.2,99.13999999999996,0.0,0.0,0.03626943005181347,0.0,1.0
high,10,6,64.0,1280.0,4073.6,81472.0,63.65,63.650000000000006,48.53,56.3,73.1,76.67,83.28499999999998,0.0,0.0,0.015625,0.0,1.0
high,10,7,151.0,3020.0,11344.7,226894.0,75.13046357615895,73.1,56.3,62.6,81.5,98.3,108.1,0.0,0.0,0.026490066225165563,0.0,1.0
high,10,8,130.0,2600.0,7517.799999999999,150356.0,57.82923076923076,56.3,31.1,43.7,70.475,79.4,90.52999999999996,0.07692307692307693,0.0,0.0,0.0,1.0
high,10,9,125.0,2500.0,8093.099999999999,161862.0,64.7448,58.4,38.24,45.8,77.3,101.66000000000003,105.02,0.04,0.0,0.0,0.0,1.0
high,10,10,161.0,3220.0,5709.9,114198.0,35.46521739130434,29.0,29.0,29.0,37.4,47.9,54.2,0.546583850931677,0.0,0.0,0.0,1.0
high,10,11,39.0,780.0,5562.700000000001,111254.00000000001,142.63333333333335,131.9,121.53999999999999,126.3,138.2,189.58,194.76000000000002,0.0,0.0,0.0,0.0,1.0
high,10,12,28.0,560.0,3317.2999999999997,66346.0,118.475,115.8,107.67999999999999,112.3,124.9,133.3,137.85,0.0,0.0,0.0,0.0,1.0
high,10,13,16.0,320.0,2144.0,42880.0,134.0,133.3,122.8,127.35,140.3,145.2,147.3,0.0,0.0,0.0,0.0,1.0
high,10,14,14.0,280.0,3676.3999999999996,73528.0,262.59999999999997,263.5,249.78,256.5,272.95,280.44,281.7,0.0,0.0,0.07142857142857142,0.0,1.0
high,10,15,13.0,260.0,3230.9,64618.0,248.53076923076924,249.5,239.14000000000001,243.9,255.1,255.1,255.66,0.0,0.0,0.0,0.0,1.0
high,10,16,4.0,80.0,1142.2,22844.0,285.55,285.9,270.78,279.6,291.85,300.04,302.77,0.0,0.0,0.25,0.0,1.0
high,10,17,36.0,720.0,6079.799999999999,121595.99999999999,168.88333333333333,166.9,161.3,164.1,172.5,180.9,183.0,0.0,0.0,0.0,0.0,1.0
high,10,18,7.0,140.0,1600.9,32018.0,228.70000000000002,221.5,216.18,218.7,225.7,247.54000000000002,261.82,0.0,0.0,0.0,0.0,1.0
high,10,19,96.0,1920.0,9417.9,188358.0,98.10312499999999,98.3,79.4,87.8,107.05,115.8,127.35,0.0,0.0,0.0,0.0,1.0
high,10,20,25.0,500.0,3275.1,65502.0,131.004,131.9,119.86,124.9,133.3,143.94000000000003,149.54,0.0,0.0,0.0,0.0,1.0
high,10,21,58.0,1160.0,7174.2,143484.0,123.69310344827586,123.5,105.3,112.65,129.1,133.16000000000003,169.7,0.0,0.0,0.0,0.0,1.0
high,10,22,1.0,20.0,283.1,5662.0,283.1,283.1,283.1,283.1,283.1,283.1,283.1,0.0,0.0,1.0,0.0,1.0
high,10,23,8.0,160.0,2276.0,45520.0,284.5,274.70000000000005,249.35999999999999,264.9,323.7,327.48,331.89,0.0,0.0,0.0,0.0,1.0
high,10,24,4.0,80.0,950.4000000000001,19008.0,237.60000000000002,229.9,197.7,204.0,263.5,283.66,290.38,0.0,0.0,0.0,0.0,1.0
high,10,25,13.0,260.0,1867.3000000000002,37346.0,143.63846153846154,141.7,108.38,115.1,152.9,193.78000000000003,209.45999999999998,0.0,0.0,0.0,0.0,1.0
high,10,26,5.0,100.0,1594.7,31894.0,318.94,318.1,273.58000000000004,280.3,358.7,364.58,366.54,0.0,0.0,1.0,0.0,1.0
high,11,1,62.0,1240.0,9290.8,185816.0,149.8516129032258,145.9,137.5,140.65,151.5,175.57999999999998,189.23000000000002,0.0,0.0,0.016129032258064516,0.0,1.0
high,11,2,50.0,1000.0,8437.400000000001,168748.00000000003,168.74800000000002,164.1,152.9,157.45,169.7,197.00000000000003,210.85999999999996,0.0,0.0,0.0,0.0,1.0
high,11,3,45.0,900.0,9061.7,181234.0,201.37111111111113,199.1,168.86,183.7,215.9,230.74,243.61999999999998,0.0,0.0,0.0,0.0,1.0
high,11,4,21.0,420.0,4209.1,84182.0,200.43333333333334,193.5,172.5,183.7,201.9,246.7,249.5,0.0,0.0,0.047619047619047616,0.0,1.0
high,11,5,184.0,3680.0,23011.0,460220.0,125.05978260869566,124.9,111.32000000000001,119.3,126.3,131.9,148.7,0.0,0.0,0.10869565217391304,0.0,1.0
high,11,6,40.0,800.0,4627.1,92542.0,115.67750000000001,109.5,100.19000000000001,106.7,116.85,132.18,158.77999999999997,0.0,0.0,0.0,0.0,1.0
high,11,7,123.0,2460.0,13675.7,273514.0,111.18455284552846,105.3,88.22,101.45,113.0,144.22,159.9,0.0,0.0,0.04065040650406504,0.0,1.0
high,11,8,39.0,780.0,5365.299999999998,107305.99999999997,137.57179487179482,130.5,114.53999999999999,121.4,138.9,176.14000000000004,192.8,0.0,0.0,0.0,0.0,1.0
high,11,9,49.0,980.0,8586.9,171738.0,175.24285714285713,173.9,147.85999999999999,155.7,182.3,204.14000000000001,232.97999999999993,0.0,0.0,0.0,0.0,1.0
high,11,10,33.0,660.0,4884.700000000001,97694.00000000001,148.02121212121213,131.9,122.1,126.3,168.3,180.62,250.62,0.0,0.0,0.0,0.0,1.0
high,11,11,222.0,4440.0,11897.3,237946.0,53.59144144144144,37.4,29.0,29.0,75.2,105.3,112.15999999999997,0.38738738738738737,0.0,0.009009009009009009,0.0,1.0
high,11,12,98.0,1960.0,6222.999999999999,124459.99999999999,63.49999999999999,48.95,34.67,40.025,78.35000000000001,118.74,126.3,0.061224489795918366,0.0,0.0,0.0,1.0
high,11,13,61.0,1220.0,3945.9999999999995,78919.99999999999,64.68852459016392,62.6,43.7,50.0,75.2,96.2,102.5,0.03278688524590164,0.0,0.0,0.0,1.0
high,11,14,41.0,820.0,7085.1,141702.0,172.80731707317074,178.1,140.3,169.7,186.5,192.1,197.7,0.0,0.0,0.0,0.0,1.0
high,11,15,31.0,620.0,5243.9,104878.0,169.15806451612903,166.9,159.9,163.39999999999998,175.3,179.5,180.2,0.0,0.0,0.0,0.0,1.0
high,11,16,15.0,300.0,2895.5,57910.0,193.03333333333333,190.7,180.9,185.1,199.1,206.1,211.84,0.0,0.0,0.0,0.0,1.0
high,11,17,34.0,680.0,6633.6,132672.0,195.1058823529412,189.3,180.9,182.65,194.55,226.67999999999998,233.32999999999998,0.0,0.0,0.0,0.0,1.0
high,11,18,17.0,340.0,4067.8999999999996,81358.0,239.2882352941176,239.7,223.74,229.9,243.9,247.82,258.73999999999995,0.0,0.0,0.0,0.0,1.0
high,11,19,91.0,1820.0,11151.699999999999,223033.99999999997,122.54615384615383,112.3,102.5,106.0,131.9,157.1,180.9,0.0,0.0,0.0,0.0,1.0
high,11,20,17.0,340.0,2774.2999999999997,55485.99999999999,163.19411764705882,157.1,149.26,152.9,164.1,181.46,203.29999999999998,0.0,0.0,0.0,0.0,1.0
high,11,21,24.0,480.0,4942.2,98844.0,205.92499999999998,205.39999999999998,193.5,199.8,207.5,217.01999999999998,227.02999999999997,0.0,0.0,0.0,0.0,1.0
high,11,22,10.0,200.0,2182.7999999999997,43655.99999999999,218.27999999999997,210.3,201.34,205.04999999999998,218.7,231.01999999999998,267.55999999999995,0.0,0.0,1.0,0.0,1.0
high,11,23,20.0,400.0,3471.0,69420.0,173.55,171.8,148.42,156.4,187.2,203.44,205.47,0.0,0.0,0.0,0.0,1.0
high,11,24,17.0,340.0,4360.500000000001,87210.00000000001,256.50000000000006,252.3,217.58,236.9,271.9,313.62,315.86,0.0,0.0,0.0,0.0,1.0
high,11,25,3.0,60.0,574.9,11498.0,191.63333333333333,215.9,81.5,131.9,263.5,292.06,301.58000000000004,0.0,0.0,0.0,0.0,1.0
high,11,26,26.0,520.0,4985.5,99710.0,191.75,209.60000000000002,120.0,145.9,210.3,250.20000000000002,299.9,0.0,0.0,1.0,0.0,1.0
high,12,1,40.0,800.0,5470.6,109412.0,136.76500000000001,137.5,124.76,131.55,141.7,148.7,150.51999999999998,0.0,0.0,0.0,0.0,1.0
high,12,2,50.0,1000.0,7451.8,149036.0,149.036,150.1,137.22,143.1,155.7,158.64000000000001,161.44,0.0,0.0,0.0,0.0,1.0
high,12,3,47.0,940.0,8607.300000000001,172146.00000000003,183.1340425531915,189.3,147.57999999999998,163.4,197.0,221.5,225.83999999999997,0.0,0.0,0.0,0.0,1.0
high,12,4,21.0,420.0,4181.1,83622.0,199.10000000000002,189.3,169.7,176.7,227.1,246.7,250.9,0.0,0.0,0.0,0.0,1.0
high,12,5,106.0,2120.0,11714.099999999999,234281.99999999997,110.51037735849056,115.1,92.0,104.25,119.3,123.5,124.9,0.0,0.0,0.02830188679245283,0.0,1.0
high,12,6,44.0,880.0,4223.7,84474.0,95.99318181818181,97.25,82.13,89.9,104.25,106.7,107.89,0.0,0.0,0.0,0.0,1.0
high,12,7,117.0,2340.0,9412.999999999998,188259.99999999997,80.45299145299144,79.4,60.5,71.0,94.1,98.3,100.4,0.0,0.0,0.02564102564102564,0.0,1.0
high,12,8,42.0,840.0,5032.3,100646.0,119.81666666666668,119.3,106.84,112.3,125.6,137.22,144.29,0.0,0.0,0.023809523809523808,0.0,1.0
high,12,9,34.0,680.0,5263.0,105260.0,154.7941176470588,152.9,138.9,144.5,166.55,176.84,178.59,0.0,0.0,0.0,0.0,1.0
high,12,10,42.0,840.0,5047.7,100954.0,120.18333333333332,118.6,108.24,112.3,127.35,135.54,141.41999999999996,0.0,0.0,0.0,0.0,1.0
high,12,11,109.0,2180.0,6126.2,122524.0,56.20366972477064,43.7,30.680000000000003,35.3,62.6,115.66000000000001,119.3,0.10091743119266056,0.0,0.01834862385321101,0.0,1.0
high,12,12,128.0,2560.0,5107.800000000001,102156.00000000003,39.90468750000001,36.349999999999994,29.0,29.0,44.225,52.73,68.16499999999998,0.3125,0.0,0.015625,0.0,1.0
high,12,13,30.0,600.0,2026.4,40528.0,67.54666666666667,62.6,50.0,54.725,75.725,87.17000000000003,107.71499999999996,0.0,0.0,0.0,0.0,1.0
high,12,14,24.0,480.0,4735.0,94700.0,197.29166666666666,195.60000000000002,185.79999999999998,193.15,204.70000000000002,213.24,220.45,0.0,0.0,0.041666666666666664,0.0,1.0
high,12,15,19.0,380.0,3586.9,71738.0,188.7842105263158,186.5,178.94,179.5,190.7,202.46,207.91999999999993,0.0,0.0,0.05263157894736842,0.0,1.0
high,12,16,12.0,240.0,2554.4000000000005,51088.000000000015,212.8666666666667,213.1,199.24,206.8,220.1,228.92000000000002,231.16,0.0,0.0,0.08333333333333333,0.0,1.0
high,12,17,21.0,420.0,4097.099999999999,81941.99999999999,195.09999999999997,190.7,183.7,183.7,201.9,214.5,229.9,0.0,0.0,0.0,0.0,1.0
high,12,18,17.0,340.0,4248.5,84970.0,249.91176470588235,252.3,238.01999999999998,248.1,256.5,260.7,260.7,0.0,0.0,0.0,0.0,1.0
high,12,19,54.0,1080.0,6601.099999999999,132022.0,122.24259259259259,122.8,108.52,113.7,130.15,138.9,145.48,0.0,0.0,0.0,0.0,1.0
high,12,20,17.0,340.0,2736.5,54730.0,160.97058823529412,162.7,145.9,152.9,166.9,175.58,179.5,0.0,0.0,0.0,0.0,1.0
high,12,21,22.0,440.0,4193.999999999999,83879.99999999999,190.6363636363636,190.7,174.18,183.7,199.1,203.16000000000003,207.29,0.0,0.0,0.0,0.0,1.0
high,12,22,7.0,140.0,1470.7,29414.0,210.1,210.3,203.57999999999998,206.8,213.8,215.62,216.46,0.0,0.0,1.0,0.0,1.0
high,12,23,11.0,220.0,2366.5,47330.0,215.13636363636363,215.9,200.5,208.2,229.89999999999998,234.1,235.5,0.0,0.0,0.0,0.0,1.0
high,12,24,12.0,240.0,2907.2000000000003,58144.00000000001,242.26666666666668,243.2,207.64000000000001,215.20000000000002,260.7,295.98,302.77,0.0,0.0,0.0,0.0,1.0
high,12,25,3.0,60.0,637.9000000000001,12758.000000000002,212.63333333333335,179.5,170.54000000000002,173.9,234.8,267.98,279.04,0.0,0.0,0.0,0.0,1.0
high,12,26,7.0,140.0,1704.5,34090.0,243.5,256.5,165.22,208.2,297.79999999999995,310.26,312.78,0.0,0.0,1.0,0.0,1.0
high,13,-1,1.0,20.0,238.3,4766.0,238.3,238.3,238.3,238.3,238.3,238.3,238.3,0.0,0.0,1.0,0.0,1.0
high,13,1,32.0,640.0,4593.200000000001,91864.00000000001,143.53750000000002,141.0,133.3,136.1,146.25,159.48000000000002,165.57,0.0,0.0,0.0,0.0,1.0
high,13,2,24.0,480.0,3822.2,76444.0,159.25833333333333,157.8,148.56,152.9,162.7,172.64,176.27999999999997,0.0,0.0,0.0,0.0,1.0
high,13,3,20.0,400.0,3976.4,79528.0,198.82,201.89999999999998,157.94,180.55,220.1,224.58,227.24,0.0,0.0,0.0,0.0,1.0
high,13,4,11.0,220.0,2247.5,44950.0,204.3181818181818,186.5,161.3,173.9,225.0,276.1,287.3,0.0,0.0,0.0,0.0,1.0
high,13,5,61.0,1220.0,7295.5,145910.0,119.59836065573771,120.7,109.5,113.7,127.7,127.7,129.1,0.0,0.0,0.0,0.0,1.0
high,13,6,33.0,660.0,3547.0,70940.0,107.48484848484848,106.7,92.0,100.4,113.7,120.42,126.01999999999998,0.0,0.0,0.030303030303030304,0.0,1.0
high,13,7,62.0,1240.0,6165.999999999999,123319.99999999999,99.4516129032258,102.5,85.91,92.525,106.7,106.7,109.42999999999999,0.0,0.0,0.08064516129032258,0.0,1.0
high,13,8,25.0,500.0,3200.2,64004.0,128.00799999999998,127.7,119.3,122.1,131.9,139.74,144.78,0.0,0.0,0.0,0.0,1.0
high,13,9,20.0,400.0,3242.7999999999997,64855.99999999999,162.14,163.39999999999998,147.02,155.0,166.55,182.3,182.58,0.0,0.0,0.0,0.0,1.0
high,13,10,22.0,440.0,2917.2000000000003,58344.00000000001,132.60000000000002,130.5,122.52,129.1,137.5,141.7,144.35999999999999,0.0,0.0,0.0,0.0,1.0
high,13,11,67.0,1340.0,4458.099999999999,89161.99999999999,66.53880597014924,64.7,47.9,53.150000000000006,74.15,100.4,102.5,0.014925373134328358,0.0,0.029850746268656716,0.0,1.0
high,13,12,32.0,640.0,1881.4,37628.0,58.79375,58.4,43.910000000000004,50.0,69.42500000000001,73.1,77.3,0.0,0.0,0.0,0.0,1.0
high,13,13,37.0,740.0,1283.0000000000002,25660.000000000004,34.675675675675684,31.1,29.0,29.0,37.4,45.8,56.3,0.4864864864864865,0.0,0.0,0.0,1.0
high,13,14,20.0,400.0,3615.2000000000003,72304.0,180.76000000000002,183.0,156.82,175.64999999999998,191.39999999999998,195.04000000000002,197.00000000000003,0.0,0.0,0.0,0.0,1.0
high,13,15,14.0,280.0,2403.7999999999997,48075.99999999999,171.7,172.5,165.5,170.39999999999998,174.95000000000002,175.3,175.3,0.0,0.0,0.0,0.0,1.0
high,13,16,9.0,180.0,1801.7,36034.0,200.1888888888889,200.5,196.02,197.7,203.3,204.98,205.54,0.0,0.0,0.0,0.0,1.0
high,13,17,18.0,360.0,3754.6,75092.0,208.58888888888887,206.1,188.46,203.65,217.29999999999998,225.42000000000002,231.72,0.0,0.0,0.0,0.0,1.0
high,13,18,4.0,80.0,1012.0,20240.0,253.0,255.1,243.48,249.15,258.95,260.84000000000003,261.47,0.0,0.0,0.0,0.0,1.0
high,13,19,21.0,420.0,2846.9,56938.0,135.56666666666666,129.1,119.3,122.1,147.3,164.1,166.9,0.0,0.0,0.0,0.0,1.0
high,13,20,2.0,40.0,332.4,6648.0,166.2,166.2,158.92,161.65,170.75,173.48000000000002,174.39000000000001,0.0,0.0,0.0,0.0,1.0
high,13,21,7.0,140.0,1448.3000000000002,28966.000000000004,206.90000000000003,203.3,198.82,201.2,212.4,218.14000000000001,219.82,0.0,0.0,0.0,0.0,1.0
high,13,22,7.0,140.0,1341.9,26838.0,191.70000000000002,190.7,184.54,186.5,195.6,201.62,202.46,0.0,0.0,1.0,0.0,1.0
high,13,23,4.0,80.0,723.5999999999999,14471.999999999998,180.89999999999998,185.1,169.0,178.45,187.55,189.44,190.07,0.0,0.0,0.0,0.0,1.0
high,13,24,4.0,80.0,988.2,19764.0,247.05,248.1,216.88,228.85,266.3,276.38,279.74,0.0,0.0,0.0,0.0,1.0
high,13,25,3.0,60.0,664.5,13290.0,221.5,236.9,195.46,211.0,239.7,241.38,241.94,0.0,0.0,0.0,0.0,1.0
high,13,26,4.0,80.0,1034.3999999999999,20687.999999999996,258.59999999999997,255.1,192.52,193.15,320.55,327.48,329.79,0.0,0.0,1.0,0.0,1.0
high,14,1,29.0,580.0,7906.1,158122.0,272.6241379310345,274.7,248.94000000000003,260.7,283.1,304.09999999999997,311.38,0.0,0.0,0.0,0.0,1.0
high,14,2,9.0,180.0,2617.9,52358.0,290.8777777777778,288.7,280.02000000000004,284.5,297.1,304.66,311.38,0.0,0.0,0.1111111111111111,0.0,1.0
high,14,3,27.0,540.0,8910.699999999999,178213.99999999997,330.0259259259259,327.9,291.78,319.5,348.20000000000005,358.42,364.02,0.0,0.0,0.0,0.0,1.0
high,14,4,21.0,420.0,6835.5,136710.0,325.5,325.1,297.1,319.5,336.3,353.1,376.9,0.0,0.0,0.0,0.0,1.0
high,14,5,80.0,1600.0,19905.4,398108.0,248.81750000000002,249.5,235.5,246.35,256.5,263.5,264.9,0.0,0.0,0.125,0.0,1.0
high,14,6,12.0,240.0,2774.2000000000003,55484.00000000001,231.18333333333337,232.0,212.26,226.75,233.75,244.46,255.38,0.0,0.0,0.0,0.0,1.0
high,14,7,72.0,1440.0,16543.0,330860.0,229.76388888888889,227.1,220.24,227.1,235.5,243.9,247.32999999999998,0.0,0.0,0.06944444444444445,0.0,1.0
high,14,8,23.0,460.0,5973.7,119474.0,259.7260869565217,256.5,246.98,251.60000000000002,271.2,277.5,278.76,0.0,0.0,0.0,0.0,1.0
high,14,9,17.0,340.0,4990.5,99810.0,293.55882352941177,291.5,283.1,288.7,298.5,301.58,308.3,0.0,0.0,0.0,0.0,1.0
high,14,10,12.0,240.0,3138.2000000000003,62764.00000000001,261.5166666666667,262.1,252.58,258.25,274.7,275.96000000000004,276.73,0.0,0.0,0.0,0.0,1.0
high,14,11,40.0,800.0,6972.799999999999,139456.0,174.32,173.9,153.60000000000002,169.7,186.5,190.84,195.32,0.0,0.0,0.0,0.0,1.0
high,14,12,31.0,620.0,5959.3,119186.0,192.23548387096776,193.5,183.7,187.9,198.39999999999998,206.1,211.7,0.0,0.0,0.03225806451612903,0.0,1.0
high,14,13,27.0,540.0,4766.7,95334.0,176.54444444444445,179.5,157.38,176.0,184.39999999999998,189.02,196.57999999999998,0.0,0.0,0.037037037037037035,0.0,1.0
high,14,14,536.0,10720.0,23644.199999999997,472883.99999999994,44.11231343283581,38.8,25.5,29.0,50.2,72.05,92.3,0.24440298507462688,0.0,0.018656716417910446,0.0,1.0
high,14,15,75.0,1500.0,7651.4,153028.0,102.01866666666666,100.7,86.10000000000001,92.3,109.1,120.3,123.37999999999998,0.0,0.0,0.02666666666666667,0.0,1.0
high,14,16,69.0,1380.0,6951.299999999999,139026.0,100.74347826086955,95.1,83.9,89.5,111.9,124.5,131.77999999999997,0.0,0.0,0.014492753623188406,0.0,1.0
high,14,17,20.0,400.0,5451.400000000001,109028.00000000001,272.57000000000005,269.4,248.54,257.15,283.4,298.66,316.46000000000004,0.0,0.0,0.0,0.0,1.0
high,14,18,15.0,300.0,3145.1,62902.0,209.67333333333332,208.5,193.66,204.5,212.2,234.82,238.6,0.0,0.0,0.06666666666666667,0.0,1.0
high,14,19,17.0,340.0,4099.1,81982.0,241.12352941176474,245.3,208.5,227.1,251.9,263.66,277.17999999999995,0.0,0.0,0.058823529411764705,0.0,1.0
high,14,20,8.0,160.0,2306.4,46128.0,288.3,279.9,268.42,270.1,307.55,317.0,319.45,0.0,0.0,0.0,0.0,1.0
high,14,21,8.0,160.0,2578.0,51560.0,322.25,322.6,310.84000000000003,314.2,325.05,334.5,339.4,0.0,0.0,0.0,0.0,1.0
high,14,22,37.0,740.0,6164.1,123282.0,166.5972972972973,171.1,150.38,157.1,173.9,176.7,177.26,0.0,0.0,1.0,0.0,1.0
high,14,23,82.0,1640.0,11316.800000000001,226336.00000000003,138.009756097561,132.9,73.0,101.4,186.1,204.16000000000003,215.9,0.012195121951219513,0.0,0.0975609756097561,0.0,1.0
high,14,24,6.0,120.0,1449.8000000000002,28996.000000000004,241.63333333333335,247.0,184.7,196.25,286.2,293.20000000000005,295.65000000000003,0.0,0.0,0.0,0.0,1.0
high,14,25,2.0,40.0,676.0,13520.0,338.0,338.0,336.32,336.95,339.05,339.68,339.89000000000004,0.0,0.0,0.0,0.0,1.0
high,14,26,13.0,260.0,2340.5,46810.0,180.03846153846155,172.5,134.98,136.1,190.7,258.18000000000006,288.69999999999993,0.0,0.0,1.0,0.0,1.0
high,15,-1,1.0,20.0,192.1,3842.0,192.1,192.1,192.1,192.1,192.1,192.1,192.1,0.0,0.0,1.0,0.0,1.0
high,15,1,10.0,200.0,2559.4,51188.0,255.94,252.3,247.96,250.9,263.15,264.06,266.58,0.0,0.0,0.1,0.0,1.0
high,15,2,7.0,140.0,1934.1000000000001,38682.0,276.3,274.7,271.06,273.3,277.5,283.38,286.74,0.0,0.0,0.0,0.0,1.0
high,15,3,15.0,300.0,4544.700000000001,90894.00000000001,302.9800000000001,306.9,270.5,283.79999999999995,313.2,326.78,333.78,0.0,0.0,0.0,0.0,1.0
high,15,4,9.0,180.0,2811.1,56222.0,312.34444444444443,306.9,298.22,305.5,313.9,327.06,342.18,0.0,0.0,0.0,0.0,1.0
high,15,5,71.0,1420.0,16975.300000000003,339506.00000000006,239.08873239436625,239.7,231.3,239.7,241.1,242.5,243.9,0.0,0.0,0.11267605633802817,0.0,1.0
high,15,6,8.0,160.0,1790.1999999999998,35804.0,223.77499999999998,224.3,215.06,218.0,229.55,232.7,232.7,0.0,0.0,0.0,0.0,1.0
high,15,7,27.0,540.0,5840.5,116810.0,216.3148148148148,218.7,201.9,213.10000000000002,222.9,226.26,229.06,0.0,0.0,0.1111111111111111,0.0,1.0
high,15,8,14.0,280.0,3507.0,70140.0,250.5,247.39999999999998,236.9,238.65,258.95,267.28,270.15,0.0,0.0,0.0,0.0,1.0
high,15,9,11.0,220.0,3125.3,62506.0,284.1181818181818,285.9,266.3,280.29999999999995,290.1,299.9,301.29999999999995,0.0,0.0,0.0,0.0,1.0
high,15,10,12.0,240.0,2988.3999999999996,59767.99999999999,249.0333333333333,249.5,241.1,243.2,254.04999999999998,256.36,259.02,0.0,0.0,0.0,0.0,1.0
high,15,11,29.0,580.0,5030.499999999999,100609.99999999999,173.46551724137927,168.3,163.82,164.1,176.7,181.18,184.82,0.0,0.0,0.0,0.0,1.0
high,15,12,16.0,320.0,2986.8,59736.0,186.675,187.2,173.9,178.8,188.95,204.7,206.1,0.0,0.0,0.0,0.0,1.0
high,15,13,11.0,220.0,1873.6999999999998,37474.0,170.33636363636361,169.7,166.9,167.60000000000002,173.2,173.9,176.0,0.0,0.0,0.0,0.0,1.0
high,15,14,77.0,1540.0,7744.099999999999,154882.0,100.57272727272726,100.4,86.14,93.7,107.7,115.5,118.9,0.0,0.0,0.012987012987012988,0.0,1.0
high,15,15,145.0,2900.0,4024.1,80482.0,27.752413793103447,25.5,25.5,25.5,29.0,33.1,35.0,0.7448275862068966,0.0,0.006896551724137931,0.0,1.0
high,15,16,66.0,1320.0,3658.2999999999997,73166.0,55.42878787878787,55.05,40.7,48.775,60.3,71.1,71.1,0.0,0.0,0.0,0.0,1.0
high,15,17,25.0,500.0,5160.5,103210.0,206.42,202.9,193.38,197.3,210.3,221.94,239.29999999999995,0.0,0.0,0.0,0.0,1.0
high,15,18,25.0,500.0,3601.5,72030.0,144.06,142.7,127.86,139.9,151.1,156.14,160.06,0.0,0.0,0.0,0.0,1.0
high,15,19,21.0,420.0,4754.499999999999,95089.99999999999,226.40476190476187,221.1,211.3,214.1,226.7,260.3,270.1,0.0,0.0,0.0,0.0,1.0
high,15,20,11.0,220.0,3044.3000000000006,60886.000000000015,276.7545454545455,274.3,271.5,272.9,280.79999999999995,284.1,286.20000000000005,0.0,0.0,0.0,0.0,1.0
high,15,21,6.0,120.0,1823.6,36472.0,303.93333333333334,307.9,294.6,300.55,307.9,309.29999999999995,310.0,0.0,0.0,0.0,0.0,1.0
high,15,22,11.0,220.0,2731.9,54638.0,248.35454545454547,236.9,229.9,232.0,267.70000000000005,269.1,269.8,0.0,0.0,1.0,0.0,1.0
high,15,23,101.0,2020.0,8129.099999999999,162582.0,80.48613861386139,71.1,38.8,47.9,123.1,136.1,136.1,0.009900990099009901,0.0,0.1188118811881188,0.0,1.0
high,15,24,15.0,300.0,2652.3,53046.0,176.82000000000002,160.9,120.58,135.7,180.0,252.45999999999998,299.07999999999987,0.0,0.0,0.06666666666666667,0.0,1.0
high,15,25,4.0,80.0,1346.8000000000002,26936.000000000004,336.70000000000005,338.20000000000005,281.56,298.75,376.15000000000003,390.64000000000004,395.47,0.0,0.0,0.0,0.0,1.0
high,15,26,4.0,80.0,916.8,18336.0,229.2,228.5,211.56,219.75,237.95,247.4,250.54999999999998,0.0,0.0,1.0,0.0,1.0
high,16,1,6.0,120.0,1784.0,35680.0,297.3333333333333,285.9,281.7,285.9,312.15,324.4,326.15,0.0,0.0,0.0,0.0,1.0
high,16,2,7.0,140.0,2128.7,42574.0,304.09999999999997,308.3,291.78,295.0,312.5,313.62,314.46,0.0,0.0,0.0,0.0,1.0
high,16,3,10.0,200.0,3477.8,69556.0,347.78000000000003,347.5,329.15999999999997,339.1,362.2,366.4,369.54999999999995,0.0,0.0,0.0,0.0,1.0
high,16,4,9.0,180.0,3004.3,60086.0,333.81111111111113,336.3,319.78,332.1,341.9,343.58,344.14,0.0,0.0,0.0,0.0,1.0
high,16,5,33.0,660.0,8734.699999999999,174693.99999999997,264.68787878787873,267.7,257.9,263.5,267.7,269.1,269.1,0.0,0.0,0.18181818181818182,0.0,1.0
high,16,6,4.0,80.0,991.0,19820.0,247.75,247.39999999999998,240.12,240.75,254.39999999999998,255.66,256.08,0.0,0.0,0.0,0.0,1.0
high,16,7,16.0,320.0,3923.4,78468.0,245.2125,245.3,235.5,240.4,252.3,257.9,259.65,0.0,0.0,0.0,0.0,1.0
high,16,8,9.0,180.0,2384.1000000000004,47682.00000000001,264.90000000000003,263.5,249.5,259.3,274.7,277.5,280.3,0.0,0.0,0.0,0.0,1.0
high,16,9,8.0,160.0,2414.6000000000004,48292.00000000001,301.82500000000005,302.0,285.06,292.2,314.25,316.14,317.12,0.0,0.0,0.0,0.0,1.0
high,16,10,4.0,80.0,1128.2,22564.0,282.05,277.5,261.68,267.35,292.2,306.06,310.68,0.0,0.0,0.0,0.0,1.0
high,16,11,18.0,360.0,3433.9999999999995,68679.99999999999,190.77777777777774,189.3,182.01999999999998,185.45,197.0,201.34,203.93,0.0,0.0,0.0,0.0,1.0
high,16,12,13.0,260.0,2656.9,53138.0,204.37692307692308,204.7,192.38,200.5,211.7,213.1,215.89999999999998,0.0,0.0,0.0,0.0,1.0
high,16,13,10.0,200.0,1920.9999999999998,38419.99999999999,192.09999999999997,191.39999999999998,184.96,189.65,195.60000000000002,198.11999999999998,200.01,0.0,0.0,0.0,0.0,1.0
high,16,14,63.0,1260.0,6378.9,127578.0,101.25238095238095,95.1,84.18,90.9,107.9,128.98000000000002,140.74,0.0,0.0,0.0,0.0,1.0
high,16,15,62.0,1240.0,3455.3000000000006,69106.00000000001,55.73064516129033,57.8,42.6,50.2,59.7,65.33,74.61499999999998,0.0,0.0,0.016129032258064516,0.0,1.0
high,16,16,190.0,3800.0,5140.9,102818.0,27.05736842105263,25.5,25.5,25.5,27.4,31.38999999999999,35.0,0.7631578947368421,0.0,0.005263157894736842,0.0,1.0
high,16,17,9.0,180.0,2066.9,41338.0,229.65555555555557,229.5,224.18,226.7,232.3,235.38,238.73999999999998,0.0,0.0,0.0,0.0,1.0
high,16,18,14.0,280.0,2362.2,47244.0,168.72857142857143,168.60000000000002,157.96,161.25,175.54999999999998,181.06,183.86,0.0,0.0,0.0,0.0,1.0
high,16,19,13.0,260.0,3474.7000000000003,69494.0,267.2846153846154,254.7,241.82,247.7,302.3,308.18,312.1,0.0,0.0,0.0,0.0,1.0
high,16,20,4.0,80.0,1198.4,23968.0,299.6,294.6,293.9,293.9,300.3,309.3,312.3,0.0,0.0,0.0,0.0,1.0
high,16,21,3.0,60.0,976.9,19538.0,325.6333333333333,324.7,322.46,323.29999999999995,327.5,329.18,329.74,0.0,0.0,0.0,0.0,1.0
high,16,22,8.0,160.0,1878.4,37568.0,234.8,235.5,224.57999999999998,229.2,240.75,245.16,246.63,0.0,0.0,1.0,0.0,1.0
high,16,23,61.0,1220.0,7103.8,142076.0,116.45573770491804,144.1,52.1,82.5,145.5,162.7,162.7,0.01639344262295082,0.0,0.04918032786885246,0.0,1.0
high,16,24,9.0,180.0,2383.2999999999997,47665.99999999999,264.8111111111111,211.3,178.82,201.5,330.3,378.18,415.14,0.0,0.0,0.0,0.0,1.0
high,16,25,3.0,60.0,962.9,19258.0,320.96666666666664,331.7,266.74,291.1,356.2,370.9,375.8,0.0,0.0,0.0,0.0,1.0
high,16,26,9.0,180.0,2230.1,44602.0,247.7888888888889,238.3,198.26,211.7,283.1,312.5,318.09999999999997,0.0,0.0,1.0,0.0,1.0
high,17,1,23.0,460.0,5489.3,109786.0,238.66521739130437,238.3,218.70000000000002,234.1,242.5,257.06,259.16,0.0,0.0,0.0,0.0,1.0
high,17,2,18.0,360.0,4078.0,81560.0,226.55555555555554,225.7,216.74,224.3,229.9,239.14000000000001,241.1,0.0,0.0,0.0,0.0,1.0
high,17,3,22.0,440.0,5437.200000000001,108744.00000000001,247.14545454545458,244.60000000000002,224.02,238.65,263.5,270.36,274.49,0.0,0.0,0.0,0.0,1.0
high,17,4,8.0,160.0,2099.6000000000004,41992.00000000001,262.45000000000005,267.0,232.14000000000001,235.5,277.85,291.5,301.3,0.0,0.0,0.0,0.0,1.0
high,17,5,23.0,460.0,4863.500000000001,97270.00000000001,211.45652173913047,210.3,202.18,206.1,213.8,229.9,245.15999999999997,0.0,0.0,0.0,0.0,1.0
high,17,6,57.0,1140.0,10920.3,218406.0,191.5842105263158,187.9,182.3,183.7,192.1,215.89999999999998,224.3,0.0,0.0,0.017543859649122806,0.0,1.0
high,17,7,56.0,1120.0,10554.6,211092.0,188.475,187.9,179.5,182.3,192.1,197.7,215.55,0.0,0.0,0.017857142857142856,0.0,1.0
high,17,8,35.0,700.0,6555.5,131110.0,187.3,185.1,175.3,179.5,193.5,200.5,206.94,0.0,0.0,0.0,0.0,1.0
high,17,9,40.0,800.0,7594.4,151888.0,189.85999999999999,187.9,165.5,174.95000000000002,203.65,214.64000000000001,230.45999999999998,0.0,0.0,0.0,0.0,1.0
high,17,10,39.0,780.0,6619.7,132394.0,169.73589743589744,169.7,161.3,164.1,176.7,183.98,186.78,0.0,0.0,0.0,0.0,1.0
high,17,11,29.0,580.0,5674.500000000001,113490.00000000001,195.6724137931035,189.3,175.29999999999998,183.7,210.3,231.02,235.5,0.0,0.0,0.0,0.0,1.0
high,17,12,20.0,400.0,3916.2,78324.0,195.81,194.2,185.1,187.55,199.45,206.94,215.48000000000002,0.0,0.0,0.0,0.0,1.0
high,17,13,17.0,340.0,3512.0999999999995,70241.99999999999,206.5941176470588,207.5,189.3,196.3,213.1,222.06,225.14,0.0,0.0,0.0,0.0,1.0
high,17,14,21.0,420.0,5665.9,113318.0,269.8047619047619,271.5,237.9,264.5,278.9,296.7,299.5,0.0,0.0,0.047619047619047616,0.0,1.0
high,17,15,21.0,420.0,4286.1,85722.0,204.10000000000002,201.5,191.7,198.7,207.1,219.7,222.5,0.0,0.0,0.0,0.0,1.0
high,17,16,13.0,260.0,3070.1000000000004,61402.00000000001,236.1615384615385,230.9,222.78,229.5,249.5,253.10000000000002,253.86,0.0,0.0,0.0,0.0,1.0
high,17,17,176.0,3520.0,6644.699999999999,132893.99999999997,37.75397727272727,25.5,25.5,25.5,44.975,71.1,80.82499999999999,0.5397727272727273,0.0,0.005681818181818182,0.0,1.0
high,17,18,62.0,1240.0,6327.299999999999,126545.99999999999,102.05322580645161,97.9,82.5,87.05,111.9,130.5,137.1,0.0,0.0,0.0,0.0,1.0
high,17,19,72.0,1440.0,8391.6,167832.0,116.55000000000001,116.8,99.44,106.3,126.35000000000001,132.9,136.55,0.0,0.0,0.0,0.0,1.0
high,17,20,44.0,880.0,4923.400000000001,98468.00000000001,111.89545454545456,108.4,97.9,101.75,119.25,132.34,136.68,0.0,0.0,0.0,0.0,1.0
high,17,21,20.0,400.0,4467.4,89348.0,223.36999999999998,221.8,188.9,211.29999999999998,236.1,256.6,258.22,0.0,0.0,0.0,0.0,1.0
high,17,22,2.0,40.0,716.0,14320.0,358.0,358.0,345.12,349.95,366.05,370.88,372.49,0.0,0.0,1.0,0.0,1.0
high,17,23,44.0,880.0,7888.399999999999,157767.99999999997,179.28181818181815,166.9,158.92,166.9,175.2,232.58,238.67000000000002,0.0,0.0,0.22727272727272727,0.0,1.0
high,17,24,48.0,960.0,5824.5,116490.0,121.34375,121.0,71.1,90.55000000000001,151.1,164.24,173.92,0.0,0.0,0.0,0.0,1.0
high,17,25,4.0,80.0,839.0,16780.0,209.75,208.7,199.66,201.1,217.35,220.68,221.79,0.0,0.0,0.0,0.0,1.0
high,17,26,4.0,80.0,1426.4,28528.0,356.6,347.5,347.5,347.5,356.6,372.98,378.43999999999994,0.0,0.0,1.0,0.0,1.0
high,18,1,8.0,160.0,2417.4,48348.0,302.175,302.7,290.1,297.45,307.59999999999997,311.38,313.34,0.0,0.0,0.0,0.0,1.0
high,18,2,6.0,120.0,1765.8000000000002,35316.0,294.3,291.5,288.0,290.45000000000005,292.54999999999995,303.4,308.65,0.0,0.0,0.0,0.0,1.0
high,18,3,10.0,200.0,3141.7999999999993,62835.999999999985,314.17999999999995,309.0,295.7,298.5,319.5,345.4,348.54999999999995,0.0,0.0,0.0,0.0,1.0
high,18,4,12.0,240.0,3997.7999999999997,79956.0,333.15,333.5,320.2,327.54999999999995,336.65,337.7,352.18999999999994,0.0,0.0,0.0,0.0,1.0
high,18,5,21.0,420.0,5583.900000000001,111678.00000000001,265.90000000000003,266.3,256.5,259.3,270.5,277.5,281.7,0.0,0.0,0.047619047619047616,0.0,1.0
high,18,6,38.0,760.0,9462.800000000001,189256.00000000003,249.02105263157898,248.1,241.1,241.1,255.1,255.1,258.53,0.0,0.0,0.05263157894736842,0.0,1.0
high,18,7,44.0,880.0,10950.0,219000.0,248.86363636363637,246.7,239.7,239.7,255.1,259.02,261.89000000000004,0.0,0.0,0.022727272727272728,0.0,1.0
high,18,8,11.0,220.0,2804.7000000000003,56094.00000000001,254.9727272727273,250.9,245.3,249.5,267.0,267.7,268.4,0.0,0.0,0.0,0.0,1.0
high,18,9,16.0,320.0,4018.6,80372.0,251.1625,248.1,237.6,243.9,258.59999999999997,273.29999999999995,280.65,0.0,0.0,0.0,0.0,1.0
high,18,10,8.0,160.0,1884.0,37680.0,235.5,229.2,217.01999999999998,222.9,241.45,255.51999999999998,270.71,0.0,0.0,0.0,0.0,1.0
high,18,11,22.0,440.0,5277.6,105552.0,239.8909090909091,242.5,224.44,234.45,246.0,251.88000000000002,254.95999999999998,0.0,0.0,0.0,0.0,1.0
high,18,12,16.0,320.0,3983.6000000000004,79672.0,248.97500000000002,252.3,237.60000000000002,242.15,256.15,262.1,263.15000000000003,0.0,0.0,0.0,0.0,1.0
high,18,13,4.0,80.0,1003.6000000000001,20072.000000000004,250.90000000000003,251.60000000000002,246.98000000000002,249.5,253.0,254.26,254.68,0.0,0.0,0.0,0.0,1.0
high,18,14,9.0,180.0,1926.9,38538.0,214.10000000000002,212.7,196.18,209.9,215.5,246.86,247.98,0.0,0.0,0.0,0.0,1.0
high,18,15,30.0,600.0,4260.400000000001,85208.00000000001,142.01333333333335,141.3,126.88,137.1,149.7,154.32000000000002,160.41,0.0,0.0,0.03333333333333333,0.0,1.0
high,18,16,13.0,260.0,2182.7,43654.0,167.89999999999998,166.5,160.9,162.3,170.7,180.5,182.46,0.0,0.0,0.0,0.0,1.0
high,18,17,67.0,1340.0,6947.9,138958.0,103.69999999999999,100.7,80.6,87.4,112.3,138.5,139.48,0.0,0.0,0.0,0.0,1.0
high,18,18,140.0,2800.0,4620.799999999999,92415.99999999999,33.005714285714284,29.3,25.5,25.5,36.9,43.78000000000001,52.384999999999906,0.38571428571428573,0.0,0.0,0.0,1.0
high,18,19,25.0,500.0,4463.3,89266.0,178.532,183.7,149.7,166.5,191.7,199.26000000000002,206.29999999999998,0.0,0.0,0.0,0.0,1.0
high,18,20,14.0,280.0,2417.2,48344.0,172.65714285714284,172.8,163.14000000000001,167.55,179.55,183.3,183.44,0.0,0.0,0.0,0.0,1.0
high,18,21,4.0,80.0,1097.6,21952.0,274.4,276.4,264.36,269.84999999999997,280.95,282.84000000000003,283.47,0.0,0.0,0.0,0.0,1.0
high,18,22,2.0,40.0,689.4000000000001,13788.000000000002,344.70000000000005,344.70000000000005,343.58000000000004,344.0,345.40000000000003,345.82000000000005,345.96000000000004,0.0,0.0,1.0,0.0,1.0
high,18,23,34.0,680.0,4955.4000000000015,99108.00000000003,145.74705882352944,141.3,102.1,112.0,178.75,203.46,206.67999999999998,0.0,0.0,0.14705882352941177,0.0,1.0
high,18,24,32.0,640.0,2574.6,51492.0,80.45625,63.5,26.07,41.65,90.9,155.3,190.08999999999997,0.125,0.0,0.0,0.0,1.0
high,18,25,7.0,140.0,1692.2999999999997,33845.99999999999,241.7571428571428,249.1,210.18,237.9,259.1,270.34,274.41999999999996,0.0,0.0,0.0,0.0,1.0
high,18,26,7.0,140.0,2398.8999999999996,47977.99999999999,342.69999999999993,344.7,283.94,316.7,361.5,398.74,423.5199999999999,0.0,0.0,1.0,0.0,1.0
high,19,-1,2.0,40.0,354.8,7096.0,177.4,177.4,141.0,154.65,200.15,213.8,218.35,0.0,0.0,1.0,0.0,1.0
high,19,1,54.0,1080.0,9099.400000000001,181988.00000000003,168.50740740740744,165.5,143.52,152.9,173.55,194.48000000000002,212.04999999999987,0.0,0.0,0.0,0.0,1.0
high,19,2,80.0,1600.0,12187.2,243744.0,152.34,147.3,133.3,141.7,155.7,176.98000000000002,182.3,0.0,0.0,0.0,0.0,1.0
high,19,3,93.0,1860.0,16584.3,331686.0,178.3258064516129,173.9,155.7,165.5,192.1,205.82,211.69999999999993,0.0,0.0,0.0,0.0,1.0
high,19,4,31.0,620.0,6268.7,125374.0,202.21612903225807,197.7,172.5,185.8,220.1,243.9,245.3,0.0,0.0,0.0,0.0,1.0
high,19,5,138.0,2760.0,17345.4,346908.0,125.6913043478261,123.5,110.9,113.7,132.95000000000002,143.51999999999998,155.91,0.0,0.0,0.021739130434782608,0.0,1.0
high,19,6,103.0,2060.0,11960.300000000001,239206.00000000003,116.11941747572817,113.7,100.82000000000001,105.3,124.9,134.42,141.55999999999997,0.0,0.0,0.019417475728155338,0.0,1.0
high,19,7,175.0,3500.0,20187.299999999996,403745.9999999999,115.35599999999998,115.1,94.1,106.7,124.2,133.3,141.7,0.0,0.0,0.04,0.0,1.0
high,19,8,105.0,2100.0,11998.7,239974.0,114.27333333333334,112.3,97.04,106.7,123.5,131.9,140.02,0.0,0.0,0.0,0.0,1.0
high,19,9,111.0,2220.0,14052.9,281058.0,126.6027027027027,122.1,106.7,113.7,136.1,148.7,152.2,0.0,0.0,0.0,0.0,1.0
high,19,10,112.0,2240.0,10928.4,218568.0,97.575,94.1,77.51,85.7,105.3,123.5,130.35999999999996,0.0,0.0,0.008928571428571428,0.0,1.0
high,19,11,77.0,1540.0,9552.2,191044.0,124.05454545454546,115.1,102.5,108.1,127.7,168.58,177.82000000000002,0.0,0.0,0.0,0.0,1.0
high,19,12,58.0,1160.0,6882.999999999999,137659.99999999997,118.67241379310343,117.9,101.87,109.5,126.3,136.94,143.31,0.0,0.0,0.017241379310344827,0.0,1.0
high,19,13,27.0,540.0,3715.2999999999997,74306.0,137.6037037037037,129.1,120.14,123.5,150.10000000000002,170.26,177.96,0.0,0.0,0.037037037037037035,0.0,1.0
high,19,14,15.0,300.0,3652.3,73046.0,243.48666666666668,247.7,213.26000000000002,225.7,254.0,263.62,280.59999999999997,0.0,0.0,0.0,0.0,1.0
high,19,15,23.0,460.0,5295.099999999999,105901.99999999999,230.22173913043477,222.5,207.66,213.39999999999998,236.5,267.94000000000005,278.91999999999996,0.0,0.0,0.0,0.0,1.0
high,19,16,13.0,260.0,3369.7,67394.0,259.2076923076923,252.3,245.5,247.7,261.7,281.3,290.53999999999996,0.0,0.0,0.0,0.0,1.0
high,19,17,73.0,1460.0,8765.5,175310.0,120.07534246575342,117.5,102.66,109.1,130.1,145.01999999999998,152.49999999999994,0.0,0.0,0.0,0.0,1.0
high,19,18,25.0,500.0,4458.1,89162.0,178.324,183.3,147.18,165.1,193.1,200.1,201.22,0.0,0.0,0.0,0.0,1.0
high,19,19,427.0,8540.0,20925.9,418518.0,49.00679156908665,42.6,25.5,29.3,61.6,79.46000000000006,92.21,0.2154566744730679,0.0,0.00234192037470726,0.0,1.0
high,19,20,54.0,1080.0,4599.400000000001,91988.00000000001,85.17407407407408,83.75,64.07000000000001,72.52499999999999,93.35,106.16000000000001,108.67999999999999,0.0,0.0,0.0,0.0,1.0
high,19,21,77.0,1540.0,12208.699999999999,244173.99999999997,158.55454545454543,153.9,142.7,148.3,166.5,177.86000000000004,188.06000000000003,0.0,0.0,0.0,0.0,1.0
high,19,22,5.0,100.0,1409.9,28198.0,281.98,281.7,278.62,280.3,283.1,285.62,286.46000000000004,0.0,0.0,1.0,0.0,1.0
high,19,23,23.0,460.0,5672.1,113442.0,246.6130434782609,250.5,216.06,230.2,255.6,276.54,298.79999999999995,0.0,0.0,0.043478260869565216,0.0,1.0
high,19,24,22.0,440.0,4075.2000000000003,81504.0,185.23636363636365,181.2,145.22,160.9,209.2,236.26000000000005,237.9,0.0,0.0,0.0,0.0,1.0
high,19,25,22.0,440.0,3311.3000000000006,66226.00000000001,150.51363636363638,149.0,87.44000000000001,141.3,169.64999999999998,200.42000000000004,226.83999999999997,0.0,0.0,0.0,0.0,1.0
high,19,26,7.0,140.0,1935.5,38710.0,276.5,278.9,233.26,275.4,281.0,318.1,345.3999999999999,0.0,0.0,1.0,0.0,1.0
high,20,1,10.0,200.0,2110.0,42200.0,211.0,213.1,195.74,204.70000000000002,217.64999999999998,221.22,226.26,0.0,0.0,0.0,0.0,1.0
high,20,2,18.0,360.0,3394.7999999999997,67896.0,188.6,189.3,180.06,182.65,193.15,196.58,200.92,0.0,0.0,0.0,0.0,1.0
high,20,3,26.0,520.0,5277.4,105548.0,202.97692307692307,201.9,185.1,194.9,211.7,218.0,222.9,0.0,0.0,0.0,0.0,1.0
high,20,4,10.0,200.0,2504.8,50096.0,250.48000000000002,254.4,217.72,225.7,273.3,278.2,281.34999999999997,0.0,0.0,0.0,0.0,1.0
high,20,5,37.0,740.0,5934.499999999999,118689.99999999999,160.39189189189187,158.5,144.5,152.9,166.9,175.86,180.61999999999998,0.0,0.0,0.02702702702702703,0.0,1.0
high,20,6,42.0,840.0,6750.8,135016.0,160.73333333333335,159.2,155.7,157.1,166.2,169.7,169.7,0.0,0.0,0.047619047619047616,0.0,1.0
high,20,7,45.0,900.0,7115.699999999999,142313.99999999997,158.12666666666664,159.9,145.9,154.3,159.9,167.74,171.94,0.0,0.0,0.08888888888888889,0.0,1.0
high,20,8,21.0,420.0,3174.5,63490.0,151.16666666666666,150.1,141.7,144.5,155.7,171.1,171.1,0.0,0.0,0.0,0.0,1.0
high,20,9,43.0,860.0,6268.1,125362.0,145.76976744186047,140.3,132.18,135.39999999999998,155.0,166.9,170.82,0.0,0.0,0.0,0.0,1.0
high,20,10,23.0,460.0,2959.5,59190.0,128.67391304347825,127.7,119.86,124.9,134.7,136.1,137.35999999999999,0.0,0.0,0.0,0.0,1.0
high,20,11,14.0,280.0,2332.4,46648.0,166.6,162.0,151.5,155.0,167.95000000000002,176.98000000000002,199.09999999999997,0.0,0.0,0.0,0.0,1.0
high,20,12,15.0,300.0,2551.1000000000004,51022.00000000001,170.07333333333335,168.3,159.06,163.39999999999998,178.1,184.82,186.92,0.0,0.0,0.0,0.0,1.0
high,20,13,3.0,60.0,558.1,11162.0,186.03333333333333,182.3,182.3,182.3,187.9,191.26,192.38,0.0,0.0,0.0,0.0,1.0
high,20,14,6.0,120.0,1756.3999999999999,35128.0,292.7333333333333,277.1,273.6,276.05,312.8,327.5,328.9,0.0,0.0,0.0,0.0,1.0
high,20,15,13.0,260.0,3666.4999999999995,73329.99999999999,282.0384615384615,282.7,277.1,278.5,285.5,288.14,290.38,0.0,0.0,0.0,0.0,1.0
high,20,16,2.0,40.0,600.4,12008.0,300.2,300.2,299.64,299.85,300.54999999999995,300.76,300.83,0.0,0.0,0.0,0.0,1.0
high,20,17,47.0,940.0,5404.500000000001,108090.00000000001,114.98936170212768,111.9,101.53999999999999,106.3,121.9,130.78,136.26,0.0,0.0,0.02127659574468085,0.0,1.0
high,20,18,14.0,280.0,2492.8,49856.0,178.05714285714288,174.9,171.12,172.1,181.9,189.74,192.66,0.0,0.0,0.0,0.0,1.0
high,20,19,65.0,1300.0,5633.599999999999,112671.99999999999,86.67076923076922,83.9,68.06,74.9,99.3,106.54,109.42,0.0,0.0,0.0,0.0,1.0
high,20,20,73.0,1460.0,2423.1,48462.0,33.1931506849315,25.5,25.5,25.5,35.3,53.62,60.45999999999999,0.5068493150684932,0.0,0.0,0.0,1.0
high,20,21,29.0,580.0,5238.7,104774.0,180.6448275862069,181.9,169.57999999999998,173.5,186.1,197.38,198.54,0.0,0.0,0.0,0.0,1.0
high,20,23,15.0,300.0,4018.4999999999995,80369.99999999999,267.9,260.3,206.98,232.5,308.6,328.02,340.8,0.0,0.0,0.06666666666666667,0.0,1.0
high,20,24,13.0,260.0,1867.2,37344.0,143.63076923076923,162.3,48.3,138.5,172.1,202.34000000000003,216.33999999999997,0.0,0.0,0.0,0.0,1.0
high,20,25,8.0,160.0,1076.0,21520.0,134.5,129.10000000000002,109.80000000000001,121.65,150.05,164.66,165.78,0.0,0.0,0.0,0.0,1.0
high,21,-1,1.0,20.0,172.5,3450.0,172.5,172.5,172.5,172.5,172.5,172.5,172.5,0.0,0.0,1.0,0.0,1.0
high,21,1,53.0,1060.0,8495.699999999999,169913.99999999997,160.2962264150943,161.3,144.22,151.5,166.9,173.62,177.82,0.0,0.0,0.0,0.0,1.0
high,21,2,99.0,1980.0,13269.5,265390.0,134.03535353535352,134.7,122.1,129.1,138.9,141.7,146.32,0.0,0.0,0.0,0.0,1.0
high,21,3,141.0,2820.0,16887.100000000002,337742.00000000006,119.76666666666668,117.9,108.1,110.9,126.3,137.5,143.1,0.0,0.0,0.0,0.0,1.0
high,21,4,57.0,1140.0,10144.7,202894.0,177.97719298245616,178.1,164.10000000000002,172.5,183.7,189.86,196.85999999999999,0.0,0.0,0.0,0.0,1.0
high,21,5,111.0,2220.0,15270.899999999998,305417.99999999994,137.57567567567565,137.5,130.5,134.7,140.3,145.9,147.3,0.0,0.0,0.02702702702702703,0.0,1.0
high,21,6,41.0,820.0,5629.1,112582.0,137.29512195121953,138.9,127.7,134.7,141.7,145.9,147.3,0.0,0.0,0.0,0.0,1.0
high,21,7,63.0,1260.0,9761.5,195230.0,154.94444444444446,151.5,140.58,147.3,164.1,171.1,180.2,0.0,0.0,0.015873015873015872,0.0,1.0
high,21,8,66.0,1320.0,8239.9,164798.0,124.8469696969697,124.9,113.0,120.7,131.9,134.0,137.15,0.0,0.0,0.0,0.0,1.0
high,21,9,186.0,3720.0,14930.8,298616.0,80.27311827956989,77.3,62.6,68.9,91.475,103.9,105.3,0.005376344086021506,0.0,0.010752688172043012,0.0,1.0
high,21,10,62.0,1240.0,7768.3,155366.0,125.29516129032258,123.5,112.58,118.25,127.7,137.35999999999999,147.23000000000002,0.0,0.0,0.0,0.0,1.0
high,21,11,22.0,440.0,4538.400000000001,90768.00000000001,206.2909090909091,206.1,196.72,201.9,210.64999999999998,215.9,217.23000000000002,0.0,0.0,0.0,0.0,1.0
high,21,12,17.0,340.0,3206.9,64138.0,188.64117647058825,192.1,164.38,182.3,199.1,205.26,206.94,0.0,0.0,0.0,0.0,1.0
high,21,13,12.0,240.0,2466.2000000000003,49324.00000000001,205.51666666666668,204.0,197.84,201.2,209.95,214.36,217.65,0.0,0.0,0.0,0.0,1.0
high,21,14,10.0,200.0,3229.6000000000004,64592.00000000001,322.96000000000004,324.0,312.94,315.59999999999997,326.9,336.54,337.62,0.0,0.0,0.0,0.0,1.0
high,21,15,10.0,200.0,3086.2,61724.0,308.62,308.79999999999995,298.1,300.20000000000005,315.55,317.26,319.78,0.0,0.0,0.0,0.0,1.0
high,21,16,2.0,40.0,670.4000000000001,13408.000000000002,335.20000000000005,335.20000000000005,331.28000000000003,332.75,337.65000000000003,339.12,339.61,0.0,0.0,0.0,0.0,1.0
high,21,17,16.0,320.0,3436.2,68724.0,214.7625,213.39999999999998,189.60000000000002,194.5,224.0,244.2,251.2,0.0,0.0,0.0,0.0,1.0
high,21,18,6.0,120.0,1719.8000000000002,34396.0,286.6333333333334,288.5,272.9,277.45,294.3,298.5,299.9,0.0,0.0,0.0,0.0,1.0
high,21,19,76.0,1520.0,11971.800000000001,239436.00000000003,157.52368421052634,156.0,144.8,149.7,165.1,171.6,182.0,0.0,0.0,0.0,0.0,1.0
high,21,20,26.0,520.0,4721.000000000001,94420.00000000001,181.57692307692312,181.9,163.0,178.04999999999998,185.85,196.10000000000002,202.6,0.0,0.0,0.0,0.0,1.0
high,21,21,251.0,5020.0,9665.9,193318.0,38.50956175298805,33.1,25.5,27.4,41.6,65.4,78.69999999999999,0.3545816733067729,0.0,0.00398406374501992,0.0,1.0
high,21,22,4.0,80.0,1366.1999999999998,27323.999999999996,341.54999999999995,340.5,336.72,337.35,344.7,347.21999999999997,348.06,0.0,0.0,1.0,0.0,1.0
high,21,23,6.0,120.0,1901.0,38020.0,316.8333333333333,313.5,292.5,311.05,332.75,344.5,347.4,0.0,0.0,0.0,0.0,1.0
high,21,24,4.0,80.0,1107.4,22148.0,276.85,278.7,250.92,264.15,291.4,301.29999999999995,304.59999999999997,0.0,0.0,0.0,0.0,1.0
high,21,25,14.0,280.0,1602.7,32054.0,114.47857142857143,88.65,63.68,75.65,166.14999999999998,180.48000000000002,193.01,0.0,0.0,0.0,0.0,1.0
high,21,26,2.0,40.0,683.8,13676.0,341.9,341.9,340.78,341.2,342.6,343.02000000000004,343.16,0.0,0.0,1.0,0.0,1.0
high,22,1,15.0,300.0,4203.099999999999,84061.99999999999,280.20666666666665,277.5,273.02,275.4,281.0,287.86,295.98,0.0,0.0,1.0,0.0,1.0
high,22,2,3.0,60.0,888.5,17770.0,296.1666666666667,295.7,290.09999999999997,292.2,299.9,302.42,303.26,0.0,0.0,1.0,0.0,1.0
high,22,3,9.0,180.0,3173.7000000000003,63474.00000000001,352.6333333333334,360.1,325.38,346.1,362.9,367.94,375.21999999999997,0.0,0.0,1.0,0.0,1.0
high,22,4,9.0,180.0,3105.1,62102.0,345.0111111111111,340.5,315.02,330.7,376.9,376.9,376.9,0.0,0.0,1.0,0.0,1.0
high,22,5,20.0,400.0,5064.2,101284.0,253.20999999999998,254.39999999999998,243.9,248.45,257.9,260.84,262.45000000000005,0.0,0.0,1.0,0.0,1.0
high,22,6,18.0,360.0,4176.0,83520.0,232.0,230.60000000000002,227.1,227.8,231.3,241.52,242.92,0.0,0.0,1.0,0.0,1.0
high,22,7,14.0,280.0,3285.7999999999997,65716.0,234.7,235.5,232.14000000000001,234.1,235.5,236.48000000000002,238.86,0.0,0.0,1.0,0.0,1.0
high,22,8,13.0,260.0,3536.1,70722.0,272.0076923076923,273.3,262.09999999999997,270.5,273.3,280.86,282.82,0.0,0.0,1.0,0.0,1.0
high,22,9,6.0,120.0,1779.8,35596.0,296.6333333333333,294.29999999999995,289.4,290.8,303.05,306.2,306.54999999999995,0.0,0.0,1.0,0.0,1.0
high,22,10,5.0,100.0,1344.1000000000001,26882.000000000004,268.82000000000005,264.9,259.86,260.7,264.9,282.54,288.42,0.0,0.0,1.0,0.0,1.0
high,22,11,10.0,200.0,2034.3999999999999,40688.0,203.44,206.1,190.56,204.0,208.55,213.23999999999998,213.87,0.0,0.0,1.0,0.0,1.0
high,22,12,8.0,160.0,1710.4,34208.0,213.8,215.2,207.78,210.3,218.0,220.1,220.1,0.0,0.0,1.0,0.0,1.0
high,22,13,8.0,160.0,1543.8000000000002,30876.000000000004,192.97500000000002,195.6,181.18,185.8,199.1,202.04,205.47,0.0,0.0,1.0,0.0,1.0
high,22,14,32.0,640.0,5363.200000000001,107264.00000000001,167.60000000000002,170.39999999999998,148.84,156.4,174.6,179.5,184.82,0.0,0.0,1.0,0.0,1.0
high,22,15,10.0,200.0,2457.2,49144.0,245.71999999999997,244.6,229.06,232.35000000000002,260.70000000000005,263.92,265.81,0.0,0.0,1.0,0.0,1.0
high,22,16,5.0,100.0,1191.5,23830.0,238.3,239.7,226.54,234.1,241.1,249.5,252.29999999999998,0.0,0.0,1.0,0.0,1.0
high,22,17,2.0,40.0,739.8,14796.0,369.9,369.9,356.46000000000004,361.5,378.3,383.34,385.02,0.0,0.0,1.0,0.0,1.0
high,22,18,3.0,60.0,1028.5,20570.0,342.8333333333333,333.5,331.26,332.1,348.9,358.14,361.22,0.0,0.0,1.0,0.0,1.0
high,22,19,4.0,80.0,1097.4,21948.0,274.35,271.9,262.66,267.7,278.55,288.0,291.15,0.0,0.0,1.0,0.0,1.0
high,22,21,2.0,40.0,699.2,13984.0,349.6,349.6,346.8,347.85,351.35,352.40000000000003,352.75,0.0,0.0,1.0,0.0,1.0
high,22,22,108.0,2160.0,3828.8999999999996,76578.0,35.452777777777776,30.4,24.0,24.0,39.5,46.8,56.3,0.4074074074074074,0.0,0.35185185185185186,0.0,1.0
high,22,23,10.0,200.0,2418.0,48360.0,241.8,243.89999999999998,218.28,227.8,256.85,262.24,269.17,0.0,0.0,1.0,0.0,1.0
high,22,24,5.0,100.0,1885.8999999999999,37718.0,377.17999999999995,357.3,350.3,354.5,406.3,414.7,417.5,0.0,0.0,1.0,0.0,1.0
high,22,26,6.0,120.0,507.20000000000005,10144.0,84.53333333333335,69.94999999999999,48.95,58.925,111.95,134.7,139.6,0.0,0.0,1.0,0.0,1.0
high,23,1,36.0,720.0,10488.4,209768.0,291.34444444444443,303.4,240.4,282.4,312.5,313.9,321.59999999999997,0.0,0.0,0.0,0.0,1.0
high,23,2,36.0,720.0,11380.199999999999,227603.99999999997,316.1166666666666,325.1,266.29999999999995,310.75,329.3,333.5,355.9,0.0,0.0,0.0,0.0,1.0
high,23,3,19.0,380.0,6517.099999999999,130341.99999999999,343.0052631578947,347.5,315.02,337.7,352.4,366.26,380.53999999999996,0.0,0.0,0.0,0.0,1.0
high,23,4,19.0,380.0,6596.900000000001,131938.0,347.20526315789476,353.1,316.42,331.4,365.7,376.34,382.2199999999999,0.0,0.0,0.0,0.0,1.0
high,23,5,79.0,1580.0,21561.300000000003,431226.00000000006,272.92784810126585,283.1,227.1,264.9,288.7,294.3,295.7,0.0,0.0,0.02531645569620253,0.0,1.0
high,23,6,26.0,520.0,6810.4,136208.0,261.9384615384615,269.1,236.2,250.9,276.79999999999995,278.9,278.9,0.0,0.0,0.0,0.0,1.0
high,23,7,29.0,580.0,7000.300000000001,140006.00000000003,241.38965517241382,246.7,204.7,217.3,262.1,274.7,275.54,0.0,0.0,0.0,0.0,1.0
high,23,8,29.0,580.0,8386.3,167726.0,289.18275862068964,298.5,250.9,285.9,302.7,305.78,306.9,0.0,0.0,0.0,0.0,1.0
high,23,9,16.0,320.0,4568.799999999999,91375.99999999999,285.54999999999995,291.5,248.79999999999998,276.1,302.0,307.6,312.5,0.0,0.0,0.0,0.0,1.0
high,23,10,19.0,380.0,5362.0999999999985,107241.99999999997,282.21578947368414,281.7,259.86,271.2,291.5,308.02,313.34,0.0,0.0,0.0,0.0,1.0
high,23,11,19.0,380.0,3472.1000000000004,69442.0,182.74210526315792,186.5,148.42,163.39999999999998,197.7,221.5,222.48,0.0,0.0,0.0,0.0,1.0
high,23,12,15.0,300.0,3255.2999999999997,65105.99999999999,217.01999999999998,220.1,190.14000000000001,201.2,234.8,241.1,241.94,0.0,0.0,0.0,0.0,1.0
high,23,13,9.0,180.0,1723.2999999999997,34465.99999999999,191.47777777777776,183.7,154.85999999999999,178.1,225.7,228.78,232.14,0.0,0.0,0.0,0.0,1.0
high,23,14,77.0,1540.0,9982.499999999998,199649.99999999997,129.6428571428571,125.9,72.24,102.1,165.1,183.58,199.82000000000002,0.012987012987012988,0.0,0.025974025974025976,0.0,1.0
high,23,15,84.0,1680.0,5443.699999999999,108873.99999999997,64.80595238095236,60.650000000000006,36.9,46.4,81.07499999999999,98.46000000000001,119.45999999999997,0.07142857142857142,0.0,0.0,0.0,1.0
high,23,16,41.0,820.0,3970.2,79404.0,96.83414634146341,96.5,38.8,59.7,137.1,152.5,153.9,0.024390243902439025,0.0,0.024390243902439025,0.0,1.0
high,23,17,16.0,320.0,3105.0,62100.0,194.0625,199.39999999999998,149.0,155.29999999999998,224.6,234.4,239.3,0.0,0.0,0.0,0.0,1.0
high,23,18,31.0,620.0,4358.299999999999,87165.99999999999,140.59032258064514,137.1,92.3,104.9,177.7,190.3,192.39999999999998,0.0,0.0,0.0,0.0,1.0
high,23,19,28.0,560.0,6837.000000000001,136740.00000000003,244.17857142857147,240.0,223.20000000000002,227.75,254.7,277.52000000000004,300.83,0.0,0.0,0.0,0.0,1.0
high,23,20,9.0,180.0,2471.5,49430.0,274.6111111111111,289.7,218.86,236.5,302.3,313.5,333.09999999999997,0.0,0.0,0.0,0.0,1.0
high,23,21,12.0,240.0,3854.8,77096.0,321.23333333333335,322.1,301.32,311.4,340.45000000000005,342.76,346.68,0.0,0.0,0.0,0.0,1.0
high,23,22,11.0,220.0,2885.9,57718.0,262.3545454545455,263.5,224.3,230.60000000000002,285.2,313.9,316.7,0.0,0.0,1.0,0.0,1.0
high,23,23,78.0,1560.0,6759.299999999999,135186.0,86.6576923076923,84.80000000000001,29.3,38.8,112.6,146.17999999999998,158.2299999999998,0.0641025641025641,0.0,0.01282051282051282,0.0,1.0
high,23,24,4.0,80.0,783.5999999999999,15671.999999999998,195.89999999999998,167.9,107.70000000000002,132.9,230.9,306.5,331.69999999999993,0.0,0.0,0.0,0.0,1.0
high,23,25,3.0,60.0,997.9,19958.0,332.6333333333333,312.1,304.26,307.20000000000005,347.8,369.22,376.36,0.0,0.0,0.0,0.0,1.0
high,23,26,11.0,220.0,3959.7,79194.0,359.97272727272724,383.9,217.3,325.79999999999995,421.0,423.1,443.4,0.0,0.0,1.0,0.0,1.0
high,24,1,22.0,440.0,7051.400000000001,141028.0,320.51818181818186,320.9,318.1,318.1,325.1,340.78000000000003,341.9,0.0,0.0,0.0,0.0,1.0
high,24,2,30.0,600.0,9627.0,192540.0,320.9,315.3,310.82,312.5,336.3,337.84,339.1,0.0,0.0,0.0,0.0,1.0
high,24,3,17.0,340.0,5598.0999999999985,111961.99999999997,329.2999999999999,333.5,303.26,322.3,344.7,359.26,369.62,0.0,0.0,0.0,0.0,1.0
high,24,4,13.0,260.0,4604.3,92086.0,354.1769230769231,354.5,323.7,334.9,360.1,382.5,400.13999999999993,0.0,0.0,0.0,0.0,1.0
high,24,5,59.0,1180.0,17734.7,354694.0,300.58813559322033,298.5,282.26,294.3,318.1,320.9,322.58,0.0,0.0,0.01694915254237288,0.0,1.0
high,24,6,41.0,820.0,11058.3,221166.0,269.71463414634144,278.9,232.7,269.1,283.1,288.7,301.3,0.0,0.0,0.024390243902439025,0.0,1.0
high,24,7,26.0,520.0,6984.0,139680.0,268.61538461538464,280.3,214.5,250.9,287.3,301.3,308.3,0.0,0.0,0.0,0.0,1.0
high,24,8,27.0,540.0,7079.5,141590.0,262.2037037037037,264.9,225.14,244.6,285.20000000000005,301.02000000000004,310.82,0.0,0.0,0.0,0.0,1.0
high,24,9,14.0,280.0,3582.599999999999,71651.99999999999,255.89999999999992,267.0,202.74,215.2,279.95,311.8,326.15,0.0,0.0,0.0,0.0,1.0
high,24,10,16.0,320.0,4119.4,82388.0,257.4625,260.0,241.10000000000002,253.35,264.55,276.79999999999995,280.29999999999995,0.0,0.0,0.0,0.0,1.0
high,24,11,21.0,420.0,5428.5,108570.0,258.5,253.7,218.7,242.5,269.1,319.5,322.3,0.0,0.0,0.0,0.0,1.0
high,24,12,16.0,320.0,4167.0,83340.0,260.4375,260.70000000000005,209.6,233.75,288.0,306.9,313.20000000000005,0.0,0.0,0.0,0.0,1.0
high,24,13,5.0,100.0,1377.7,27554.0,275.54,257.9,255.1,255.1,281.7,309.41999999999996,318.65999999999997,0.0,0.0,0.0,0.0,1.0
high,24,14,15.0,300.0,3593.7,71874.0,239.57999999999998,228.1,202.62,220.4,254.0,294.17999999999995,306.21999999999997,0.0,0.0,0.0,0.0,1.0
high,24,15,16.0,320.0,2688.2,53764.0,168.0125,141.3,127.30000000000001,138.25,183.65,226.0,283.40000000000003,0.0,0.0,0.0,0.0,1.0
high,24,16,14.0,280.0,3585.7999999999997,71716.0,256.12857142857143,196.60000000000002,179.52,181.55,319.1,428.1600000000001,462.32,0.0,0.0,0.07142857142857142,0.0,1.0
high,24,17,52.0,1040.0,6262.400000000001,125248.00000000001,120.43076923076924,119.6,60.27,84.125,147.25,163.27999999999997,170.56,0.0,0.0,0.019230769230769232,0.0,1.0
high,24,18,38.0,760.0,2897.1000000000004,57942.00000000001,76.23947368421054,55.9,29.21,36.9,89.975,146.48000000000005,193.58999999999997,0.10526315789473684,0.0,0.02631578947368421,0.0,1.0
high,24,19,24.0,480.0,4386.8,87736.0,182.78333333333333,179.8,152.48,161.95000000000002,202.2,215.5,232.42999999999995,0.0,0.0,0.0,0.0,1.0
high,24,20,19.0,380.0,2902.9999999999995,58059.99999999999,152.7894736842105,170.7,53.62,107.4,202.4,214.1,220.53999999999996,0.0,0.0,0.0,0.0,1.0
high,24,21,9.0,180.0,2518.1,50362.0,279.7888888888889,300.9,207.98000000000002,244.9,313.5,326.38,329.74,0.0,0.0,0.1111111111111111,0.0,1.0
high,24,22,6.0,120.0,2281.0,45620.0,380.1666666666667,365.0,353.1,360.45000000000005,394.75,422.4,431.85,0.0,0.0,1.0,0.0,1.0
high,24,23,6.0,120.0,1157.6,23152.0,192.9333333333333,192.60000000000002,104.19999999999999,130.45,205.1,282.0,320.15,0.0,0.0,0.0,0.0,1.0
high,24,24,24.0,480.0,2952.4,59048.0,123.01666666666667,100.0,52.730000000000004,92.75,141.65,254.5399999999999,293.27,0.0,0.0,0.0,0.0,1.0
high,24,25,6.0,120.0,1615.3999999999999,32307.999999999996,269.2333333333333,275.0,236.7,261.35,287.6,296.0,299.85,0.0,0.0,0.0,0.0,1.0
high,24,26,13.0,260.0,4968.3,99366.0,382.1769230769231,379.7,266.3,294.3,455.3,496.18,497.3,0.0,0.0,1.0,0.0,1.0
high,25,1,5.0,100.0,942.3,18846.0,188.45999999999998,190.7,158.22,168.3,210.3,217.02,219.26,0.0,0.0,0.0,0.0,1.0
high,25,2,6.0,120.0,1156.8000000000002,23136.000000000004,192.80000000000004,186.5,140.3,167.95,227.1,251.60000000000002,258.95,0.0,0.0,0.0,0.0,1.0
high,25,3,10.0,200.0,1697.0,33940.0,169.7,183.0,130.08,143.8,186.5,197.14,207.21999999999997,0.0,0.0,0.0,0.0,1.0
high,25,4,2.0,40.0,416.4,8328.0,208.2,208.2,195.32,200.15,216.25,221.08,222.69,0.0,0.0,0.0,0.0,1.0
high,25,5,42.0,840.0,7638.4,152768.0,181.86666666666665,168.3,148.7,151.5,208.9,254.53999999999996,256.5,0.0,0.0,0.09523809523809523,0.0,1.0
high,25,6,15.0,300.0,2923.4999999999995,58469.99999999999,194.89999999999998,211.7,114.26,164.1,228.5,239.42,257.61999999999995,0.0,0.0,0.0,0.0,1.0
high,25,7,20.0,400.0,3513.7,70274.0,175.685,168.3,129.1,154.3,198.39999999999998,229.4800000000001,289.4,0.0,0.0,0.1,0.0,1.0
high,25,8,7.0,140.0,1113.6999999999998,22273.999999999996,159.09999999999997,162.7,130.78,151.5,166.2,183.14000000000001,195.31999999999996,0.0,0.0,0.0,0.0,1.0
high,25,9,14.0,280.0,1604.4,32088.0,114.60000000000001,122.80000000000001,63.65,80.975,139.60000000000002,150.52,166.06,0.0,0.0,0.0,0.0,1.0
high,25,10,9.0,180.0,1178.6999999999998,23573.999999999996,130.96666666666664,133.3,95.5,116.5,143.1,182.58,183.14,0.0,0.0,0.0,0.0,1.0
high,25,11,5.0,100.0,1063.4,21268.0,212.68,235.5,116.92,217.3,242.5,287.86,302.98,0.0,0.0,0.0,0.0,1.0
high,25,12,5.0,100.0,1099.1,21982.0,219.82,211.7,185.94,201.9,217.3,262.65999999999997,277.78,0.0,0.0,0.0,0.0,1.0
high,25,13,3.0,60.0,636.5,12730.0,212.16666666666666,203.3,186.5,192.8,227.10000000000002,241.38,246.14000000000001,0.0,0.0,0.0,0.0,1.0
high,25,14,4.0,80.0,1367.4,27348.0,341.85,339.4,314.2,329.95,351.3,371.46,378.17999999999995,0.0,0.0,0.0,0.0,1.0
high,25,15,3.0,60.0,1000.7,20014.0,333.56666666666666,337.3,281.3,302.3,366.70000000000005,384.34000000000003,390.22,0.0,0.0,0.0,0.0,1.0
high,25,16,4.0,80.0,1285.1999999999998,25703.999999999996,321.29999999999995,336.79999999999995,274.56,310.65,347.45,355.64,358.37,0.0,0.0,0.0,0.0,1.0
high,25,17,3.0,60.0,603.0999999999999,12061.999999999998,201.0333333333333,198.7,189.74,193.1,207.8,213.26,215.08,0.0,0.0,0.0,0.0,1.0
high,25,18,7.0,140.0,1718.9,34378.0,245.55714285714288,251.9,210.46,244.2,264.7,275.09999999999997,277.5,0.0,0.0,0.0,0.0,1.0
high,25,19,16.0,320.0,2249.0,44980.0,140.5625,149.7,72.85,120.64999999999999,169.70000000000002,194.7,199.75,0.0,0.0,0.0,0.0,1.0
high,25,20,7.0,140.0,892.9000000000001,17858.0,127.55714285714286,130.5,107.97999999999999,111.9,139.9,149.98000000000002,151.24,0.0,0.0,0.0,0.0,1.0
high,25,21,13.0,260.0,1771.0000000000002,35420.00000000001,136.23076923076925,122.1,77.9,99.3,162.3,215.86000000000004,228.1,0.0,0.0,0.0,0.0,1.0
high,25,25,2.0,40.0,239.60000000000002,4792.0,119.80000000000001,119.80000000000001,110.12,113.75,125.85000000000001,129.48000000000002,130.69,0.0,0.0,0.0,0.0,1.0
high,26,-1,60.0,1200.0,2680.0999999999995,53601.999999999985,44.66833333333332,41.6,41.6,41.6,41.6,41.6,41.6,0.0,0.0,1.0,0.0,1.0
high,26,1,44.0,880.0,12413.0,248260.0,282.1136363636364,279.6,267.7,277.5,283.1,291.08,294.3,0.0,0.0,1.0,0.0,1.0
high,26,2,58.0,1160.0,17584.600000000002,351692.00000000006,303.1827586206897,299.9,289.26000000000005,297.1,299.9,305.5,321.0399999999999,0.0,0.0,1.0,0.0,1.0
high,26,3,31.0,620.0,10093.499999999998,201869.99999999997,325.59677419354836,319.5,287.3,299.9,340.5,360.1,366.4,0.0,0.0,1.0,0.0,1.0
high,26,4,22.0,440.0,7177.4,143548.0,326.24545454545455,321.6,308.58000000000004,319.5,334.2,337.7,378.93,0.0,0.0,1.0,0.0,1.0
high,26,5,224.0,4480.0,51738.4,1034768.0,230.975,255.1,148.7,164.1,264.9,267.28000000000003,355.1299999999998,0.0,0.0,1.0,0.0,1.0
high,26,6,106.0,2120.0,30826.2,616524.0,290.81320754716984,295.7,208.9,245.3,336.3,375.5,375.5,0.0,0.0,1.0,0.0,1.0
high,26,7,74.0,1480.0,17901.6,358032.0,241.9135135135135,243.2,147.3,235.5,246.7,337.84000000000003,344.7,0.0,0.0,1.0,0.0,1.0
high,26,8,40.0,800.0,10752.800000000001,215056.00000000003,268.82000000000005,271.2,261.96000000000004,267.0,273.3,277.5,278.9,0.0,0.0,1.0,0.0,1.0
high,26,9,37.0,740.0,11061.300000000001,221226.00000000003,298.9540540540541,299.9,287.02,292.9,308.3,316.7,319.5,0.0,0.0,1.0,0.0,1.0
high,26,10,19.0,380.0,5448.9,108978.0,286.78421052631575,278.9,270.5,274.0,280.3,327.61999999999995,355.47999999999996,0.0,0.0,1.0,0.0,1.0
high,26,11,42.0,840.0,7733.6,154672.0,184.13333333333335,209.60000000000002,103.9,127.7,212.4,219.95999999999998,236.26999999999995,0.0,0.0,1.0,0.0,1.0
high,26,12,14.0,280.0,3103.8,62076.0,221.70000000000002,217.3,167.18,211.35000000000002,221.5,292.62000000000006,310.82,0.0,0.0,1.0,0.0,1.0
high,26,13,11.0,220.0,2276.9,45538.0,206.9909090909091,196.3,190.7,193.5,199.1,207.5,262.1,0.0,0.0,1.0,0.0,1.0
high,26,14,27.0,540.0,4514.7,90294.0,167.2111111111111,151.5,129.1,142.39999999999998,183.0,229.06000000000003,245.16,0.0,0.0,1.0,0.0,1.0
high,26,15,16.0,320.0,3503.4,70068.0,218.9625,215.9,202.6,208.9,222.2,244.60000000000002,253.7,0.0,0.0,1.0,0.0,1.0
high,26,16,16.0,320.0,3719.0,74380.0,232.4375,215.2,205.39999999999998,211.7,234.1,287.3,304.1,0.0,0.0,1.0,0.0,1.0
high,26,17,12.0,240.0,4286.2,85724.0,357.18333333333334,355.2,320.06,329.3,361.5,391.74,438.56999999999994,0.0,0.0,1.0,0.0,1.0
high,26,18,12.0,240.0,4039.7999999999997,80796.0,336.65,345.4,263.64000000000004,326.85,351.34999999999997,365.0,405.38999999999993,0.0,0.0,1.0,0.0,1.0
high,26,19,32.0,640.0,9182.4,183648.0,286.95,281.0,266.3,274.7,290.8,301.16,307.73999999999995,0.0,0.0,1.0,0.0,1.0
high,26,20,11.0,220.0,3613.9,72278.0,328.53636363636366,323.7,322.3,323.0,332.1,337.7,342.6,0.0,0.0,1.0,0.0,1.0
high,26,21,10.0,200.0,3361.6000000000004,67232.0,336.16,337.0,326.36,336.3,338.75,343.3,343.3,0.0,0.0,1.0,0.0,1.0
high,26,22,11.0,220.0,885.3000000000001,17706.0,80.48181818181818,71.0,50.0,71.0,81.5,131.9,136.8,0.0,0.0,1.0,0.0,1.0
high,26,23,8.0,160.0,2015.6000000000001,40312.0,251.95000000000002,235.5,198.82,218.35,258.25,308.02,359.9599999999999,0.0,0.0,1.0,0.0,1.0
high,26,24,8.0,160.0,2955.0,59100.0,369.375,381.8,294.16,326.5,412.59999999999997,423.52,433.81,0.0,0.0,1.0,0.0,1.0
high,26,25,11.0,220.0,4224.3,84486.0,384.02727272727276,371.3,340.5,358.0,410.5,438.5,447.6,0.0,0.0,1.0,0.0,1.0
high,26,26,40.0,800.0,6317.6,126352.0,157.94,150.1,39.29,144.5,199.1,214.36,244.4599999999999,0.05,0.0,1.0,0.0,1.0
