matsim_line_id,matsim_route_id,official_route_id,matsim_route_suffix,official_json_route_sequence,schedule_stop_count,official_pattern_stop_count,candidate_count,candidate_cardinality,complete_stop_sequence_exact,route_suffix_matches_routeSeq,route_suffix_used_as_evidence,direction_status,prior_direction_status,prior_mapping_status,prior_mapping_quality,current_mapping_status,current_mapping_quality,upgrade_status,matching_method,evidence,unresolved_reason
line_gmb_2000410,gmb_2000410_1,2000410,1,1,43,43,1,one,True,True,False,official_route_sequence_exact_full_pattern,direction_not_encoded,partial,B,exact,A,upgraded_with_official_complete_pattern_evidence,official_json_routeId_routeSeq_stopSeq_complete_sequence,"{""candidate_count"":1,""official_stop_ids"":[""20003337"",""20007719"",""20002491"",""20002492"",""20004115"",""20002493"",""20000369"",""20007449"",""20002494"",""20002391"",""20006936"",""20000239"",""20000240"",""20002495"",""20000378"",""20000211"",""20005085"",""20005086"",""20000215"",""20002787"",""20005087"",""20005088"",""20005089"",""20005090"",""20002501"",""20004116"",""20003457"",""20003075"",""20004583"",""20002502"",""20003110"",""20000267"",""20020920"",""20000057"",""20002735"",""20000361"",""20000169"",""20000328"",""20000329"",""20004117"",""20004118"",""20003338"",""20003337""],""schedule_stop_ids"":[""20003337"",""20007719"",""20002491"",""20002492"",""20004115"",""20002493"",""20000369"",""20007449"",""20002494"",""20002391"",""20006936"",""20000239"",""20000240"",""20002495"",""20000378"",""20000211"",""20005085"",""20005086"",""20000215"",""20002787"",""20005087"",""20005088"",""20005089"",""20005090"",""20002501"",""20004116"",""20003457"",""20003075"",""20004583"",""20002502"",""20003110"",""20000267"",""20020920"",""20000057"",""20002735"",""20000361"",""20000169"",""20000328"",""20000329"",""20004117"",""20004118"",""20003338"",""20003337""]}",
line_gmb_2000511,gmb_2000511_1,2000511,1,1,15,15,1,one,True,True,False,official_route_sequence_exact_full_pattern,direction_not_encoded,partial,B,exact,A,upgraded_with_official_complete_pattern_evidence,official_json_routeId_routeSeq_stopSeq_complete_sequence,"{""candidate_count"":1,""official_stop_ids"":[""20003337"",""20007719"",""20002491"",""20002492"",""20004115"",""20002493"",""20000369"",""20007449"",""20002494"",""20002391"",""20002495"",""20000048"",""20000049"",""20000021"",""20006944""],""schedule_stop_ids"":[""20003337"",""20007719"",""20002491"",""20002492"",""20004115"",""20002493"",""20000369"",""20007449"",""20002494"",""20002391"",""20002495"",""20000048"",""20000049"",""20000021"",""20006944""]}",
line_gmb_2000511,gmb_2000511_2,2000511,2,2,8,8,1,one,True,True,False,official_route_sequence_exact_full_pattern,direction_not_encoded,partial,B,exact,A,upgraded_with_official_complete_pattern_evidence,official_json_routeId_routeSeq_stopSeq_complete_sequence,"{""candidate_count"":1,""official_stop_ids"":[""20006944"",""20000361"",""20000169"",""20000328"",""20000329"",""20004118"",""20003338"",""20003337""],""schedule_stop_ids"":[""20006944"",""20000361"",""20000169"",""20000328"",""20000329"",""20004118"",""20003338"",""20003337""]}",
line_gmb_2000819,gmb_2000819_1,2000819,1,1,10,10,1,one,True,True,False,official_route_sequence_exact_full_pattern,direction_not_encoded,partial,B,exact,A,upgraded_with_official_complete_pattern_evidence,official_json_routeId_routeSeq_stopSeq_complete_sequence,"{""candidate_count"":1,""official_stop_ids"":[""20003337"",""20002491"",""20002492"",""20004115"",""20007448"",""20000369"",""20007449"",""20002494"",""20011613"",""20011235""],""schedule_stop_ids"":[""20003337"",""20002491"",""20002492"",""20004115"",""20007448"",""20000369"",""20007449"",""20002494"",""20011613"",""20011235""]}",
line_gmb_2000819,gmb_2000819_2,2000819,2,2,12,12,1,one,True,True,False,official_route_sequence_exact_full_pattern,direction_not_encoded,partial,B,exact,A,upgraded_with_official_complete_pattern_evidence,official_json_routeId_routeSeq_stopSeq_complete_sequence,"{""candidate_count"":1,""official_stop_ids"":[""20011235"",""20015542"",""20020921"",""20000169"",""20007450"",""20000329"",""20002790"",""20007451"",""20004117"",""20004118"",""20003338"",""20003337""],""schedule_stop_ids"":[""20011235"",""20015542"",""20020921"",""20000169"",""20007450"",""20000329"",""20002790"",""20007451"",""20004117"",""20004118"",""20003338"",""20003337""]}",
line_gmb_2000961,gmb_2000961_1,2000961,1,1,15,15,1,one,True,True,False,official_route_sequence_exact_full_pattern,direction_not_encoded,partial,B,exact,A,upgraded_with_official_complete_pattern_evidence,official_json_routeId_routeSeq_stopSeq_complete_sequence,"{""candidate_count"":1,""official_stop_ids"":[""20003337"",""20007719"",""20002491"",""20002492"",""20004115"",""20000177"",""20000369"",""20007449"",""20002494"",""20002391"",""20002495"",""20000048"",""20000049"",""20000021"",""20006944""],""schedule_stop_ids"":[""20003337"",""20007719"",""20002491"",""20002492"",""20004115"",""20000177"",""20000369"",""20007449"",""20002494"",""20002391"",""20002495"",""20000048"",""20000049"",""20000021"",""20006944""]}",
line_gmb_2000961,gmb_2000961_2,2000961,2,2,10,10,1,one,True,True,False,official_route_sequence_exact_full_pattern,direction_not_encoded,partial,B,exact,A,upgraded_with_official_complete_pattern_evidence,official_json_routeId_routeSeq_stopSeq_complete_sequence,"{""candidate_count"":1,""official_stop_ids"":[""20006944"",""20000057"",""20000361"",""20000169"",""20000328"",""20000329"",""20000363"",""20004118"",""20003338"",""20003337""],""schedule_stop_ids"":[""20006944"",""20000057"",""20000361"",""20000169"",""20000328"",""20000329"",""20000363"",""20004118"",""20003338"",""20003337""]}",
line_gmb_2000964,gmb_2000964_1,2000964,1,1,7,7,1,one,True,True,False,official_route_sequence_exact_full_pattern,direction_not_encoded,partial,B,exact,A,upgraded_with_official_complete_pattern_evidence,official_json_routeId_routeSeq_stopSeq_complete_sequence,"{""candidate_count"":1,""official_stop_ids"":[""20007153"",""20007154"",""20007155"",""20007156"",""20001872"",""20001873"",""20001661""],""schedule_stop_ids"":[""20007153"",""20007154"",""20007155"",""20007156"",""20001872"",""20001873"",""20001661""]}",
line_gmb_2000964,gmb_2000964_2,2000964,2,2,4,4,1,one,True,True,False,official_route_sequence_exact_full_pattern,direction_not_encoded,partial,B,exact,A,upgraded_with_official_complete_pattern_evidence,official_json_routeId_routeSeq_stopSeq_complete_sequence,"{""candidate_count"":1,""official_stop_ids"":[""20001661"",""20001942"",""20007223"",""20007153""],""schedule_stop_ids"":[""20001661"",""20001942"",""20007223"",""20007153""]}",
line_gmb_2000967,gmb_2000967_1,2000967,1,1,7,7,1,one,True,True,False,official_route_sequence_exact_full_pattern,direction_not_encoded,partial,B,exact,A,upgraded_with_official_complete_pattern_evidence,official_json_routeId_routeSeq_stopSeq_complete_sequence,"{""candidate_count"":1,""official_stop_ids"":[""20000093"",""20000311"",""20000121"",""20000124"",""20000123"",""20000122"",""20000093""],""schedule_stop_ids"":[""20000093"",""20000311"",""20000121"",""20000124"",""20000123"",""20000122"",""20000093""]}",
line_gmb_2000968,gmb_2000968_1,2000968,1,1,14,14,1,one,True,True,False,official_route_sequence_exact_full_pattern,direction_not_encoded,partial,B,exact,A,upgraded_with_official_complete_pattern_evidence,official_json_routeId_routeSeq_stopSeq_complete_sequence,"{""candidate_count"":1,""official_stop_ids"":[""20000093"",""20000311"",""20000121"",""20003496"",""20003354"",""20003492"",""20003493"",""20000125"",""20003494"",""20003495"",""20003355"",""20003491"",""20000122"",""20000093""],""schedule_stop_ids"":[""20000093"",""20000311"",""20000121"",""20003496"",""20003354"",""20003492"",""20003493"",""20000125"",""20003494"",""20003495"",""20003355"",""20003491"",""20000122"",""20000093""]}",
line_gmb_2000970,gmb_2000970_1,2000970,1,1,16,16,1,one,True,True,False,official_route_sequence_exact_full_pattern,direction_not_encoded,partial,B,exact,A,upgraded_with_official_complete_pattern_evidence,official_json_routeId_routeSeq_stopSeq_complete_sequence,"{""candidate_count"":1,""official_stop_ids"":[""20000093"",""20004100"",""20004101"",""20004102"",""20004103"",""20003493"",""20000094"",""20000095"",""20000096"",""20000097"",""20003485"",""20000098"",""20003486"",""20003142"",""20003504"",""20000093""],""schedule_stop_ids"":[""20000093"",""20004100"",""20004101"",""20004102"",""20004103"",""20003493"",""20000094"",""20000095"",""20000096"",""20000097"",""20003485"",""20000098"",""20003486"",""20003142"",""20003504"",""20000093""]}",
line_gmb_2000971,gmb_2000971_1,2000971,1,1,13,13,1,one,True,True,False,official_route_sequence_exact_full_pattern,direction_not_encoded,partial,B,exact,A,upgraded_with_official_complete_pattern_evidence,official_json_routeId_routeSeq_stopSeq_complete_sequence,"{""candidate_count"":1,""official_stop_ids"":[""20000093"",""20004100"",""20004101"",""20004102"",""20004103"",""20003494"",""20000094"",""20000095"",""20000096"",""20000097"",""20003142"",""20003504"",""20000093""],""schedule_stop_ids"":[""20000093"",""20004100"",""20004101"",""20004102"",""20004103"",""20003494"",""20000094"",""20000095"",""20000096"",""20000097"",""20003142"",""20003504"",""20000093""]}",
line_gmb_2000972,gmb_2000972_1,2000972,1,1,5,5,1,one,True,True,False,official_route_sequence_exact_full_pattern,direction_not_encoded,partial,B,exact,A,upgraded_with_official_complete_pattern_evidence,official_json_routeId_routeSeq_stopSeq_complete_sequence,"{""candidate_count"":1,""official_stop_ids"":[""20002655"",""20004100"",""20004101"",""20003504"",""20002655""],""schedule_stop_ids"":[""20002655"",""20004100"",""20004101"",""20003504"",""20002655""]}",
line_gmb_2000973,gmb_2000973_1,2000973,1,1,4,4,1,one,True,True,False,official_route_sequence_exact_full_pattern,direction_not_encoded,partial,B,exact,A,upgraded_with_official_complete_pattern_evidence,official_json_routeId_routeSeq_stopSeq_complete_sequence,"{""candidate_count"":1,""official_stop_ids"":[""20002655"",""20004100"",""20003504"",""20002655""],""schedule_stop_ids"":[""20002655"",""20004100"",""20003504"",""20002655""]}",
line_gmb_2000974,gmb_2000974_1,2000974,1,1,18,18,1,one,True,True,False,official_route_sequence_exact_full_pattern,direction_not_encoded,partial,B,exact,A,upgraded_with_official_complete_pattern_evidence,official_json_routeId_routeSeq_stopSeq_complete_sequence,"{""candidate_count"":1,""official_stop_ids"":[""20007864"",""20007399"",""20013719"",""20013429"",""20003282"",""20007481"",""20001154"",""20016234"",""20007435"",""20014147"",""20007401"",""20015122"",""20007402"",""20001020"",""20007203"",""20007204"",""20007437"",""20007019""],""schedule_stop_ids"":[""20007864"",""20007399"",""20013719"",""20013429"",""20003282"",""20007481"",""20001154"",""20016234"",""20007435"",""20014147"",""20007401"",""20015122"",""20007402"",""20001020"",""20007203"",""20007204"",""20007437"",""20007019""]}",
line_gmb_2000974,gmb_2000974_2,2000974,2,2,15,15,1,one,True,True,False,official_route_sequence_exact_full_pattern,direction_not_encoded,partial,B,exact,A,upgraded_with_official_complete_pattern_evidence,official_json_routeId_routeSeq_stopSeq_complete_sequence,"{""candidate_count"":1,""official_stop_ids"":[""20007019"",""20003070"",""20007670"",""20003072"",""20014136"",""20007405"",""20002031"",""20007878"",""20014772"",""20007334"",""20007329"",""20007886"",""20020029"",""20007863"",""20007864""],""schedule_stop_ids"":[""20007019"",""20003070"",""20007670"",""20003072"",""20014136"",""20007405"",""20002031"",""20007878"",""20014772"",""20007334"",""20007329"",""20007886"",""20020029"",""20007863"",""20007864""]}",
line_gmb_2000976,gmb_2000976_1,2000976,1,1,12,12,1,one,True,True,False,official_route_sequence_exact_full_pattern,direction_not_encoded,partial,B,exact,A,upgraded_with_official_complete_pattern_evidence,official_json_routeId_routeSeq_stopSeq_complete_sequence,"{""candidate_count"":1,""official_stop_ids"":[""20000620"",""20000866"",""20000867"",""20006101"",""20000868"",""20008380"",""20000870"",""20019996"",""20007073"",""20000872"",""20006102"",""20000620""],""schedule_stop_ids"":[""20000620"",""20000866"",""20000867"",""20006101"",""20000868"",""20008380"",""20000870"",""20019996"",""20007073"",""20000872"",""20006102"",""20000620""]}",
line_gmb_2000977,gmb_2000977_1,2000977,1,1,9,9,1,one,True,True,False,official_route_sequence_exact_full_pattern,direction_not_encoded,partial,B,exact,A,upgraded_with_official_complete_pattern_evidence,official_json_routeId_routeSeq_stopSeq_complete_sequence,"{""candidate_count"":1,""official_stop_ids"":[""20003373"",""20009140"",""20000868"",""20008380"",""20000870"",""20007073"",""20000872"",""20006102"",""20000620""],""schedule_stop_ids"":[""20003373"",""20009140"",""20000868"",""20008380"",""20000870"",""20007073"",""20000872"",""20006102"",""20000620""]}",
line_gmb_2000978,gmb_2000978_1,2000978,1,1,7,7,1,one,True,True,False,official_route_sequence_exact_full_pattern,direction_not_encoded,partial,B,exact,A,upgraded_with_official_complete_pattern_evidence,official_json_routeId_routeSeq_stopSeq_complete_sequence,"{""candidate_count"":1,""official_stop_ids"":[""20003373"",""20000868"",""20008380"",""20000870"",""20007073"",""20000872"",""20003373""],""schedule_stop_ids"":[""20003373"",""20000868"",""20008380"",""20000870"",""20007073"",""20000872"",""20003373""]}",
line_gmb_2000981,gmb_2000981_1,2000981,1,1,5,5,1,one,True,True,False,official_route_sequence_exact_full_pattern,direction_not_encoded,partial,B,exact,A,upgraded_with_official_complete_pattern_evidence,official_json_routeId_routeSeq_stopSeq_complete_sequence,"{""candidate_count"":1,""official_stop_ids"":[""20009140"",""20000868"",""20008380"",""20000872"",""20003373""],""schedule_stop_ids"":[""20009140"",""20000868"",""20008380"",""20000872"",""20003373""]}",
line_gmb_2000982,gmb_2000982_1,2000982,1,1,9,9,1,one,True,True,False,official_route_sequence_exact_full_pattern,direction_not_encoded,partial,B,exact,A,upgraded_with_official_complete_pattern_evidence,official_json_routeId_routeSeq_stopSeq_complete_sequence,"{""candidate_count"":1,""official_stop_ids"":[""20003373"",""20009140"",""20000868"",""20007072"",""20008380"",""20000870"",""20007073"",""20000872"",""20003373""],""schedule_stop_ids"":[""20003373"",""20009140"",""20000868"",""20007072"",""20008380"",""20000870"",""20007073"",""20000872"",""20003373""]}",
line_gmb_2000983,gmb_2000983_1,2000983,1,1,3,3,1,one,True,True,False,official_route_sequence_exact_full_pattern,direction_not_encoded,partial,B,exact,A,upgraded_with_official_complete_pattern_evidence,official_json_routeId_routeSeq_stopSeq_complete_sequence,"{""candidate_count"":1,""official_stop_ids"":[""20007072"",""20008380"",""20007072""],""schedule_stop_ids"":[""20007072"",""20008380"",""20007072""]}",
line_gmb_2000985,gmb_2000985_1,2000985,1,1,4,4,1,one,True,True,False,official_route_sequence_exact_full_pattern,direction_not_encoded,partial,B,exact,A,upgraded_with_official_complete_pattern_evidence,official_json_routeId_routeSeq_stopSeq_complete_sequence,"{""candidate_count"":1,""official_stop_ids"":[""20009140"",""20000868"",""20008380"",""20013363""],""schedule_stop_ids"":[""20009140"",""20000868"",""20008380"",""20013363""]}",
line_gmb_2000986,gmb_2000986_1,2000986,1,1,3,3,1,one,True,True,False,official_route_sequence_exact_full_pattern,direction_not_encoded,partial,B,exact,A,upgraded_with_official_complete_pattern_evidence,official_json_routeId_routeSeq_stopSeq_complete_sequence,"{""candidate_count"":1,""official_stop_ids"":[""20007724"",""20008380"",""20000872""],""schedule_stop_ids"":[""20007724"",""20008380"",""20000872""]}",
line_gmb_2000987,gmb_2000987_1,2000987,1,1,18,18,1,one,True,True,False,official_route_sequence_exact_full_pattern,direction_not_encoded,partial,B,exact,A,upgraded_with_official_complete_pattern_evidence,official_json_routeId_routeSeq_stopSeq_complete_sequence,"{""candidate_count"":1,""official_stop_ids"":[""20007558"",""20018052"",""20018082"",""20007562"",""20018017"",""20007563"",""20007564"",""20007565"",""20007566"",""20007567"",""20007568"",""20007569"",""20007570"",""20007571"",""20007572"",""20007561"",""20018016"",""20007574""],""schedule_stop_ids"":[""20007558"",""20018052"",""20018082"",""20007562"",""20018017"",""20007563"",""20007564"",""20007565"",""20007566"",""20007567"",""20007568"",""20007569"",""20007570"",""20007571"",""20007572"",""20007561"",""20018016"",""20007574""]}",
line_gmb_2000988,gmb_2000988_1,2000988,1,1,11,11,1,one,True,True,False,official_route_sequence_exact_full_pattern,direction_not_encoded,partial,B,exact,A,upgraded_with_official_complete_pattern_evidence,official_json_routeId_routeSeq_stopSeq_complete_sequence,"{""candidate_count"":1,""official_stop_ids"":[""20000243"",""20000268"",""20003543"",""20003085"",""20000142"",""20000143"",""20000266"",""20003546"",""20003547"",""20000267"",""20000243""],""schedule_stop_ids"":[""20000243"",""20000268"",""20003543"",""20003085"",""20000142"",""20000143"",""20000266"",""20003546"",""20003547"",""20000267"",""20000243""]}",
line_gmb_2000989,gmb_2000989_1,2000989,1,1,12,12,1,one,True,True,False,official_route_sequence_exact_full_pattern,direction_not_encoded,partial,B,exact,A,upgraded_with_official_complete_pattern_evidence,official_json_routeId_routeSeq_stopSeq_complete_sequence,"{""candidate_count"":1,""official_stop_ids"":[""20000243"",""20000268"",""20003543"",""20003085"",""20000142"",""20000143"",""20003545"",""20000266"",""20003546"",""20003547"",""20000267"",""20000243""],""schedule_stop_ids"":[""20000243"",""20000268"",""20003543"",""20003085"",""20000142"",""20000143"",""20003545"",""20000266"",""20003546"",""20003547"",""20000267"",""20000243""]}",
line_gmb_2000990,gmb_2000990_1,2000990,1,1,10,10,1,one,True,True,False,official_route_sequence_exact_full_pattern,direction_not_encoded,partial,B,exact,A,upgraded_with_official_complete_pattern_evidence,official_json_routeId_routeSeq_stopSeq_complete_sequence,"{""candidate_count"":1,""official_stop_ids"":[""20007726"",""20003550"",""20003551"",""20003552"",""20016060"",""20003553"",""20000380"",""20000271"",""20000383"",""20007726""],""schedule_stop_ids"":[""20007726"",""20003550"",""20003551"",""20003552"",""20016060"",""20003553"",""20000380"",""20000271"",""20000383"",""20007726""]}",
line_gmb_2000992,gmb_2000992_1,2000992,1,1,7,7,1,one,True,True,False,official_route_sequence_exact_full_pattern,direction_not_encoded,partial,B,exact,A,upgraded_with_official_complete_pattern_evidence,official_json_routeId_routeSeq_stopSeq_complete_sequence,"{""candidate_count"":1,""official_stop_ids"":[""20000758"",""20004009"",""20006915"",""20000519"",""20000752"",""20004016"",""20000758""],""schedule_stop_ids"":[""20000758"",""20004009"",""20006915"",""20000519"",""20000752"",""20004016"",""20000758""]}",
line_gmb_2000993,gmb_2000993_1,2000993,1,1,20,20,1,one,True,True,False,official_route_sequence_exact_full_pattern,direction_not_encoded,partial,B,exact,A,upgraded_with_official_complete_pattern_evidence,official_json_routeId_routeSeq_stopSeq_complete_sequence,"{""candidate_count"":1,""official_stop_ids"":[""20006977"",""20003049"",""20003050"",""20007075"",""20003051"",""20003052"",""20004514"",""20003176"",""20002602"",""20006978"",""20003174"",""20005021"",""20005022"",""20005023"",""20001973"",""20001171"",""20001162"",""20001163"",""20003054"",""20001161""],""schedule_stop_ids"":[""20006977"",""20003049"",""20003050"",""20007075"",""20003051"",""20003052"",""20004514"",""20003176"",""20002602"",""20006978"",""20003174"",""20005021"",""20005022"",""20005023"",""20001973"",""20001171"",""20001162"",""20001163"",""20003054"",""20001161""]}",
line_gmb_2000993,gmb_2000993_2,2000993,2,2,17,17,1,one,True,True,False,official_route_sequence_exact_full_pattern,direction_not_encoded,partial,B,exact,A,upgraded_with_official_complete_pattern_evidence,official_json_routeId_routeSeq_stopSeq_complete_sequence,"{""candidate_count"":1,""official_stop_ids"":[""20001161"",""20001172"",""20001162"",""20001163"",""20001164"",""20016201"",""20004514"",""20003045"",""20002603"",""20003225"",""20008083"",""20003049"",""20003175"",""20003055"",""20007074"",""20003056"",""20006977""],""schedule_stop_ids"":[""20001161"",""20001172"",""20001162"",""20001163"",""20001164"",""20016201"",""20004514"",""20003045"",""20002603"",""20003225"",""20008083"",""20003049"",""20003175"",""20003055"",""20007074"",""20003056"",""20006977""]}",
line_gmb_2000995,gmb_2000995_1,2000995,1,1,6,6,1,one,True,True,False,official_route_sequence_exact_full_pattern,direction_not_encoded,partial,B,exact,A,upgraded_with_official_complete_pattern_evidence,official_json_routeId_routeSeq_stopSeq_complete_sequence,"{""candidate_count"":1,""official_stop_ids"":[""20000753"",""20004009"",""20006915"",""20000519"",""20000752"",""20000753""],""schedule_stop_ids"":[""20000753"",""20004009"",""20006915"",""20000519"",""20000752"",""20000753""]}",
line_gmb_2000996,gmb_2000996_1,2000996,1,1,7,7,1,one,True,True,False,official_route_sequence_exact_full_pattern,direction_not_encoded,partial,B,exact,A,upgraded_with_official_complete_pattern_evidence,official_json_routeId_routeSeq_stopSeq_complete_sequence,"{""candidate_count"":1,""official_stop_ids"":[""20000745"",""20004009"",""20003357"",""20000746"",""20000747"",""20000748"",""20000409""],""schedule_stop_ids"":[""20000745"",""20004009"",""20003357"",""20000746"",""20000747"",""20000748"",""20000409""]}",
line_gmb_2000996,gmb_2000996_2,2000996,2,2,8,8,1,one,True,True,False,official_route_sequence_exact_full_pattern,direction_not_encoded,partial,B,exact,A,upgraded_with_official_complete_pattern_evidence,official_json_routeId_routeSeq_stopSeq_complete_sequence,"{""candidate_count"":1,""official_stop_ids"":[""20000409"",""20003094"",""20006961"",""20020030"",""20000749"",""20006915"",""20000752"",""20000745""],""schedule_stop_ids"":[""20000409"",""20003094"",""20006961"",""20020030"",""20000749"",""20006915"",""20000752"",""20000745""]}",
line_gmb_2000997,gmb_2000997_1,2000997,1,1,28,28,1,one,True,True,False,official_route_sequence_exact_full_pattern,direction_not_encoded,partial,B,exact,A,upgraded_with_official_complete_pattern_evidence,official_json_routeId_routeSeq_stopSeq_complete_sequence,"{""candidate_count"":1,""official_stop_ids"":[""20000126"",""20004559"",""20004560"",""20004561"",""20004114"",""20007066"",""20000174"",""20000013"",""20000012"",""20000015"",""20000303"",""20000016"",""20007067"",""20007068"",""20004105"",""20000173"",""20000017"",""20000018"",""20000019"",""20007069"",""20007409"",""20007070"",""20004552"",""20004553"",""20004571"",""20000296"",""20000295"",""20006979""],""schedule_stop_ids"":[""20000126"",""20004559"",""20004560"",""20004561"",""20004114"",""20007066"",""20000174"",""20000013"",""20000012"",""20000015"",""20000303"",""20000016"",""20007067"",""20007068"",""20004105"",""20000173"",""20000017"",""20000018"",""20000019"",""20007069"",""20007409"",""20007070"",""20004552"",""20004553"",""20004571"",""20000296"",""20000295"",""20006979""]}",
line_gmb_2000997,gmb_2000997_2,2000997,2,2,19,19,1,one,True,True,False,official_route_sequence_exact_full_pattern,direction_not_encoded,partial,B,exact,A,upgraded_with_official_complete_pattern_evidence,official_json_routeId_routeSeq_stopSeq_complete_sequence,"{""candidate_count"":1,""official_stop_ids"":[""20006979"",""20000026"",""20004563"",""20004545"",""20004544"",""20004106"",""20004542"",""20004541"",""20002406"",""20002407"",""20000008"",""20000009"",""20000010"",""20004546"",""20004547"",""20004564"",""20004565"",""20000367"",""20000126""],""schedule_stop_ids"":[""20006979"",""20000026"",""20004563"",""20004545"",""20004544"",""20004106"",""20004542"",""20004541"",""20002406"",""20002407"",""20000008"",""20000009"",""20000010"",""20004546"",""20004547"",""20004564"",""20004565"",""20000367"",""20000126""]}",
line_gmb_2000998,gmb_2000998_1,2000998,1,1,16,16,1,one,True,True,False,official_route_sequence_exact_full_pattern,direction_not_encoded,partial,B,exact,A,upgraded_with_official_complete_pattern_evidence,official_json_routeId_routeSeq_stopSeq_complete_sequence,"{""candidate_count"":1,""official_stop_ids"":[""20000704"",""20007535"",""20000706"",""20000707"",""20000709"",""20000710"",""20007352"",""20000714"",""20000467"",""20000468"",""20000716"",""20000717"",""20000718"",""20000719"",""20000628"",""20000720""],""schedule_stop_ids"":[""20000704"",""20007535"",""20000706"",""20000707"",""20000709"",""20000710"",""20007352"",""20000714"",""20000467"",""20000468"",""20000716"",""20000717"",""20000718"",""20000719"",""20000628"",""20000720""]}",
line_gmb_2000998,gmb_2000998_2,2000998,2,2,11,11,1,one,True,True,False,official_route_sequence_exact_full_pattern,direction_not_encoded,partial,B,exact,A,upgraded_with_official_complete_pattern_evidence,official_json_routeId_routeSeq_stopSeq_complete_sequence,"{""candidate_count"":1,""official_stop_ids"":[""20000720"",""20000912"",""20000721"",""20000472"",""20000723"",""20000724"",""20007740"",""20000726"",""20000727"",""20000731"",""20000704""],""schedule_stop_ids"":[""20000720"",""20000912"",""20000721"",""20000472"",""20000723"",""20000724"",""20007740"",""20000726"",""20000727"",""20000731"",""20000704""]}",
line_gmb_2000999,gmb_2000999_1,2000999,1,1,28,28,1,one,True,True,False,official_route_sequence_exact_full_pattern,direction_not_encoded,partial,B,exact,A,upgraded_with_official_complete_pattern_evidence,official_json_routeId_routeSeq_stopSeq_complete_sequence,"{""candidate_count"":1,""official_stop_ids"":[""20000126"",""20004559"",""20004560"",""20004561"",""20004114"",""20007066"",""20000174"",""20000013"",""20000012"",""20000015"",""20000303"",""20000016"",""20007067"",""20007068"",""20004105"",""20000173"",""20000017"",""20000018"",""20000019"",""20007069"",""20007409"",""20007070"",""20004552"",""20004553"",""20004571"",""20000296"",""20000295"",""20000284""],""schedule_stop_ids"":[""20000126"",""20004559"",""20004560"",""20004561"",""20004114"",""20007066"",""20000174"",""20000013"",""20000012"",""20000015"",""20000303"",""20000016"",""20007067"",""20007068"",""20004105"",""20000173"",""20000017"",""20000018"",""20000019"",""20007069"",""20007409"",""20007070"",""20004552"",""20004553"",""20004571"",""20000296"",""20000295"",""20000284""]}",
line_gmb_2000999,gmb_2000999_2,2000999,2,2,18,18,1,one,True,True,False,official_route_sequence_exact_full_pattern,direction_not_encoded,partial,B,exact,A,upgraded_with_official_complete_pattern_evidence,official_json_routeId_routeSeq_stopSeq_complete_sequence,"{""candidate_count"":1,""official_stop_ids"":[""20000284"",""20000026"",""20004545"",""20004544"",""20004106"",""20004542"",""20004541"",""20002406"",""20002407"",""20000008"",""20000009"",""20000010"",""20004546"",""20004547"",""20004564"",""20004565"",""20000367"",""20000126""],""schedule_stop_ids"":[""20000284"",""20000026"",""20004545"",""20004544"",""20004106"",""20004542"",""20004541"",""20002406"",""20002407"",""20000008"",""20000009"",""20000010"",""20004546"",""20004547"",""20004564"",""20004565"",""20000367"",""20000126""]}",
line_gmb_2001000,gmb_2001000_1,2001000,1,1,16,16,1,one,True,True,False,official_route_sequence_exact_full_pattern,direction_not_encoded,partial,B,exact,A,upgraded_with_official_complete_pattern_evidence,official_json_routeId_routeSeq_stopSeq_complete_sequence,"{""candidate_count"":1,""official_stop_ids"":[""20000704"",""20007535"",""20000706"",""20000707"",""20000709"",""20000710"",""20007352"",""20000714"",""20000467"",""20000468"",""20000627"",""20007744"",""20000718"",""20000719"",""20000628"",""20000720""],""schedule_stop_ids"":[""20000704"",""20007535"",""20000706"",""20000707"",""20000709"",""20000710"",""20007352"",""20000714"",""20000467"",""20000468"",""20000627"",""20007744"",""20000718"",""20000719"",""20000628"",""20000720""]}",
line_gmb_2001001,gmb_2001001_1,2001001,1,1,21,21,1,one,True,True,False,official_route_sequence_exact_full_pattern,direction_not_encoded,partial,B,exact,A,upgraded_with_official_complete_pattern_evidence,official_json_routeId_routeSeq_stopSeq_complete_sequence,"{""candidate_count"":1,""official_stop_ids"":[""20000720"",""20000912"",""20000721"",""20000472"",""20000723"",""20007008"",""20006077"",""20000724"",""20007740"",""20004184"",""20008381"",""20007352"",""20000714"",""20000467"",""20000468"",""20000716"",""20000717"",""20000718"",""20000719"",""20000628"",""20000720""],""schedule_stop_ids"":[""20000720"",""20000912"",""20000721"",""20000472"",""20000723"",""20007008"",""20006077"",""20000724"",""20007740"",""20004184"",""20008381"",""20007352"",""20000714"",""20000467"",""20000468"",""20000716"",""20000717"",""20000718"",""20000719"",""20000628"",""20000720""]}",
line_gmb_2001002,gmb_2001002_1,2001002,1,1,21,21,1,one,True,True,False,official_route_sequence_exact_full_pattern,direction_not_encoded,partial,B,exact,A,upgraded_with_official_complete_pattern_evidence,official_json_routeId_routeSeq_stopSeq_complete_sequence,"{""candidate_count"":1,""official_stop_ids"":[""20000720"",""20000912"",""20000721"",""20000472"",""20000723"",""20007008"",""20006077"",""20000724"",""20007740"",""20004184"",""20008381"",""20007352"",""20000714"",""20000467"",""20000468"",""20000627"",""20007744"",""20000718"",""20000719"",""20000628"",""20000720""],""schedule_stop_ids"":[""20000720"",""20000912"",""20000721"",""20000472"",""20000723"",""20007008"",""20006077"",""20000724"",""20007740"",""20004184"",""20008381"",""20007352"",""20000714"",""20000467"",""20000468"",""20000627"",""20007744"",""20000718"",""20000719"",""20000628"",""20000720""]}",
line_gmb_2001003,gmb_2001003_1,2001003,1,1,15,15,1,one,True,True,False,official_route_sequence_exact_full_pattern,direction_not_encoded,partial,B,exact,A,upgraded_with_official_complete_pattern_evidence,official_json_routeId_routeSeq_stopSeq_complete_sequence,"{""candidate_count"":1,""official_stop_ids"":[""20000489"",""20008188"",""20008189"",""20000772"",""20006061"",""20006062"",""20008382"",""20006078"",""20007348"",""20000467"",""20000468"",""20000469"",""20000470"",""20003132"",""20000409""],""schedule_stop_ids"":[""20000489"",""20008188"",""20008189"",""20000772"",""20006061"",""20006062"",""20008382"",""20006078"",""20007348"",""20000467"",""20000468"",""20000469"",""20000470"",""20003132"",""20000409""]}",
line_gmb_2001003,gmb_2001003_2,2001003,2,2,14,14,1,one,True,True,False,official_route_sequence_exact_full_pattern,direction_not_encoded,partial,B,exact,A,upgraded_with_official_complete_pattern_evidence,official_json_routeId_routeSeq_stopSeq_complete_sequence,"{""candidate_count"":1,""official_stop_ids"":[""20000409"",""20000912"",""20000721"",""20000472"",""20007353"",""20007536"",""20008388"",""20006054"",""20000440"",""20006055"",""20002012"",""20000733"",""20000508"",""20000489""],""schedule_stop_ids"":[""20000409"",""20000912"",""20000721"",""20000472"",""20007353"",""20007536"",""20008388"",""20006054"",""20000440"",""20006055"",""20002012"",""20000733"",""20000508"",""20000489""]}",
line_gmb_2001004,gmb_2001004_1,2001004,1,1,21,21,1,one,True,True,False,official_route_sequence_exact_full_pattern,direction_not_encoded,partial,B,exact,A,upgraded_with_official_complete_pattern_evidence,official_json_routeId_routeSeq_stopSeq_complete_sequence,"{""candidate_count"":1,""official_stop_ids"":[""20000284"",""20000026"",""20004545"",""20004544"",""20004106"",""20004542"",""20004541"",""20002406"",""20002407"",""20000008"",""20000009"",""20000010"",""20004546"",""20004547"",""20004564"",""20004565"",""20000367"",""20004566"",""20000130"",""20010034"",""20000126""],""schedule_stop_ids"":[""20000284"",""20000026"",""20004545"",""20004544"",""20004106"",""20004542"",""20004541"",""20002406"",""20002407"",""20000008"",""20000009"",""20000010"",""20004546"",""20004547"",""20004564"",""20004565"",""20000367"",""20004566"",""20000130"",""20010034"",""20000126""]}",
line_gmb_2001005,gmb_2001005_1,2001005,1,1,28,28,1,one,True,True,False,official_route_sequence_exact_full_pattern,direction_not_encoded,partial,B,exact,A,upgraded_with_official_complete_pattern_evidence,official_json_routeId_routeSeq_stopSeq_complete_sequence,"{""candidate_count"":1,""official_stop_ids"":[""20000489"",""20000733"",""20008189"",""20000772"",""20006061"",""20006062"",""20000704"",""20007535"",""20000706"",""20000707"",""20000709"",""20000710"",""20014327"",""20007352"",""20006076"",""20007008"",""20006077"",""20000714"",""20007353"",""20007536"",""20008388"",""20006054"",""20000704"",""20000440"",""20006055"",""20002012"",""20000508"",""20000489""],""schedule_stop_ids"":[""20000489"",""20000733"",""20008189"",""20000772"",""20006061"",""20006062"",""20000704"",""20007535"",""20000706"",""20000707"",""20000709"",""20000710"",""20014327"",""20007352"",""20006076"",""20007008"",""20006077"",""20000714"",""20007353"",""20007536"",""20008388"",""20006054"",""20000704"",""20000440"",""20006055"",""20002012"",""20000508"",""20000489""]}",
line_gmb_2001006,gmb_2001006_1,2001006,1,1,10,10,1,one,True,True,False,official_route_sequence_exact_full_pattern,direction_not_encoded,partial,B,exact,A,upgraded_with_official_complete_pattern_evidence,official_json_routeId_routeSeq_stopSeq_complete_sequence,"{""candidate_count"":1,""official_stop_ids"":[""20003363"",""20008192"",""20000735"",""20000736"",""20000737"",""20000739"",""20000740"",""20000742"",""20000673"",""20003363""],""schedule_stop_ids"":[""20003363"",""20008192"",""20000735"",""20000736"",""20000737"",""20000739"",""20000740"",""20000742"",""20000673"",""20003363""]}",
line_gmb_2001007,gmb_2001007_1,2001007,1,1,7,7,1,one,True,True,False,official_route_sequence_exact_full_pattern,direction_not_encoded,partial,B,exact,A,upgraded_with_official_complete_pattern_evidence,official_json_routeId_routeSeq_stopSeq_complete_sequence,"{""candidate_count"":1,""official_stop_ids"":[""20003363"",""20008192"",""20003149"",""20000744"",""20003150"",""20000673"",""20003363""],""schedule_stop_ids"":[""20003363"",""20008192"",""20003149"",""20000744"",""20003150"",""20000673"",""20003363""]}",
line_gmb_2001008,gmb_2001008_1,2001008,1,1,7,7,1,one,True,True,False,official_route_sequence_exact_full_pattern,direction_not_encoded,partial,B,exact,A,upgraded_with_official_complete_pattern_evidence,official_json_routeId_routeSeq_stopSeq_complete_sequence,"{""candidate_count"":1,""official_stop_ids"":[""20000797"",""20000798"",""20000799"",""20007753"",""20000763"",""20007219"",""20000588""],""schedule_stop_ids"":[""20000797"",""20000798"",""20000799"",""20007753"",""20000763"",""20007219"",""20000588""]}",
line_gmb_2001008,gmb_2001008_2,2001008,2,2,7,7,1,one,True,True,False,official_route_sequence_exact_full_pattern,direction_not_encoded,partial,B,exact,A,upgraded_with_official_complete_pattern_evidence,official_json_routeId_routeSeq_stopSeq_complete_sequence,"{""candidate_count"":1,""official_stop_ids"":[""20000588"",""20000600"",""20000786"",""20000788"",""20000790"",""20000794"",""20000797""],""schedule_stop_ids"":[""20000588"",""20000600"",""20000786"",""20000788"",""20000790"",""20000794"",""20000797""]}",
line_gmb_2001010,gmb_2001010_1,2001010,1,1,13,13,1,one,True,True,False,official_route_sequence_exact_full_pattern,direction_not_encoded,partial,B,exact,A,upgraded_with_official_complete_pattern_evidence,official_json_routeId_routeSeq_stopSeq_complete_sequence,"{""candidate_count"":1,""official_stop_ids"":[""20000797"",""20007817"",""20000798"",""20007819"",""20007823"",""20000799"",""20007753"",""20007835"",""20000761"",""20007851"",""20000762"",""20000763"",""20000800""],""schedule_stop_ids"":[""20000797"",""20007817"",""20000798"",""20007819"",""20007823"",""20000799"",""20007753"",""20007835"",""20000761"",""20007851"",""20000762"",""20000763"",""20000800""]}",
line_gmb_2001010,gmb_2001010_2,2001010,2,2,12,12,1,one,True,True,False,official_route_sequence_exact_full_pattern,direction_not_encoded,partial,B,exact,A,upgraded_with_official_complete_pattern_evidence,official_json_routeId_routeSeq_stopSeq_complete_sequence,"{""candidate_count"":1,""official_stop_ids"":[""20000800"",""20000801"",""20000802"",""20000786"",""20000787"",""20000788"",""20000789"",""20000790"",""20000791"",""20000794"",""20007758"",""20000796""],""schedule_stop_ids"":[""20000800"",""20000801"",""20000802"",""20000786"",""20000787"",""20000788"",""20000789"",""20000790"",""20000791"",""20000794"",""20007758"",""20000796""]}",
line_gmb_2001012,gmb_2001012_1,2001012,1,1,17,17,1,one,True,True,False,official_route_sequence_exact_full_pattern,direction_not_encoded,partial,B,exact,A,upgraded_with_official_complete_pattern_evidence,official_json_routeId_routeSeq_stopSeq_complete_sequence,"{""candidate_count"":1,""official_stop_ids"":[""20001327"",""20005037"",""20001333"",""20001336"",""20001337"",""20001306"",""20007984"",""20007761"",""20001311"",""20001338"",""20001322"",""20001324"",""20001339"",""20001341"",""20001333"",""20007762"",""20001327""],""schedule_stop_ids"":[""20001327"",""20005037"",""20001333"",""20001336"",""20001337"",""20001306"",""20007984"",""20007761"",""20001311"",""20001338"",""20001322"",""20001324"",""20001339"",""20001341"",""20001333"",""20007762"",""20001327""]}",
line_gmb_2001013,gmb_2001013_1,2001013,1,1,17,17,1,one,True,True,False,official_route_sequence_exact_full_pattern,direction_not_encoded,partial,B,exact,A,upgraded_with_official_complete_pattern_evidence,official_json_routeId_routeSeq_stopSeq_complete_sequence,"{""candidate_count"":1,""official_stop_ids"":[""20001384"",""20001473"",""20001474"",""20001475"",""20001476"",""20020069"",""20007289"",""20001466"",""20007780"",""20001455"",""20003201"",""20003200"",""20007788"",""20003198"",""20003197"",""20003196"",""20001477""],""schedule_stop_ids"":[""20001384"",""20001473"",""20001474"",""20001475"",""20001476"",""20020069"",""20007289"",""20001466"",""20007780"",""20001455"",""20003201"",""20003200"",""20007788"",""20003198"",""20003197"",""20003196"",""20001477""]}",
line_gmb_2001013,gmb_2001013_2,2001013,2,2,16,16,1,one,True,True,False,official_route_sequence_exact_full_pattern,direction_not_encoded,partial,B,exact,A,upgraded_with_official_complete_pattern_evidence,official_json_routeId_routeSeq_stopSeq_complete_sequence,"{""candidate_count"":1,""official_stop_ids"":[""20001477"",""20004539"",""20003242"",""20003243"",""20003244"",""20003245"",""20003246"",""20001455"",""20001471"",""20001478"",""20007291"",""20001479"",""20001480"",""20007292"",""20007293"",""20001384""],""schedule_stop_ids"":[""20001477"",""20004539"",""20003242"",""20003243"",""20003244"",""20003245"",""20003246"",""20001455"",""20001471"",""20001478"",""20007291"",""20001479"",""20001480"",""20007292"",""20007293"",""20001384""]}",
line_gmb_2001015,gmb_2001015_1,2001015,1,1,9,9,1,one,True,True,False,official_route_sequence_exact_full_pattern,direction_not_encoded,partial,B,exact,A,upgraded_with_official_complete_pattern_evidence,official_json_routeId_routeSeq_stopSeq_complete_sequence,"{""candidate_count"":1,""official_stop_ids"":[""20001384"",""20001473"",""20001474"",""20001475"",""20001476"",""20007289"",""20001466"",""20007780"",""20001455""],""schedule_stop_ids"":[""20001384"",""20001473"",""20001474"",""20001475"",""20001476"",""20007289"",""20001466"",""20007780"",""20001455""]}",
line_gmb_2001015,gmb_2001015_2,2001015,2,2,9,9,1,one,True,True,False,official_route_sequence_exact_full_pattern,direction_not_encoded,partial,B,exact,A,upgraded_with_official_complete_pattern_evidence,official_json_routeId_routeSeq_stopSeq_complete_sequence,"{""candidate_count"":1,""official_stop_ids"":[""20001455"",""20001471"",""20001478"",""20007291"",""20001479"",""20001480"",""20007292"",""20007293"",""20001384""],""schedule_stop_ids"":[""20001455"",""20001471"",""20001478"",""20007291"",""20001479"",""20001480"",""20007292"",""20007293"",""20001384""]}",
line_gmb_2001019,gmb_2001019_1,2001019,1,1,9,9,1,one,True,True,False,official_route_sequence_exact_full_pattern,direction_not_encoded,partial,B,exact,A,upgraded_with_official_complete_pattern_evidence,official_json_routeId_routeSeq_stopSeq_complete_sequence,"{""candidate_count"":1,""official_stop_ids"":[""20001477"",""20004539"",""20003242"",""20003243"",""20003244"",""20001480"",""20007292"",""20007293"",""20001384""],""schedule_stop_ids"":[""20001477"",""20004539"",""20003242"",""20003243"",""20003244"",""20001480"",""20007292"",""20007293"",""20001384""]}",
line_gmb_2001020,gmb_2001020_1,2001020,1,1,4,4,1,one,True,True,False,official_route_sequence_exact_full_pattern,direction_not_encoded,partial,B,exact,A,upgraded_with_official_complete_pattern_evidence,official_json_routeId_routeSeq_stopSeq_complete_sequence,"{""candidate_count"":1,""official_stop_ids"":[""20001453"",""20001466"",""20001469"",""20001455""],""schedule_stop_ids"":[""20001453"",""20001466"",""20001469"",""20001455""]}",
line_gmb_2001020,gmb_2001020_2,2001020,2,2,4,4,1,one,True,True,False,official_route_sequence_exact_full_pattern,direction_not_encoded,partial,B,exact,A,upgraded_with_official_complete_pattern_evidence,official_json_routeId_routeSeq_stopSeq_complete_sequence,"{""candidate_count"":1,""official_stop_ids"":[""20001455"",""20001470"",""20001456"",""20001453""],""schedule_stop_ids"":[""20001455"",""20001470"",""20001456"",""20001453""]}",
line_gmb_2001023,gmb_2001023_1,2001023,1,1,6,6,1,one,True,True,False,official_route_sequence_exact_full_pattern,direction_not_encoded,partial,B,exact,A,upgraded_with_official_complete_pattern_evidence,official_json_routeId_routeSeq_stopSeq_complete_sequence,"{""candidate_count"":1,""official_stop_ids"":[""20001457"",""20007627"",""20003249"",""20003201"",""20003325"",""20003326""],""schedule_stop_ids"":[""20001457"",""20007627"",""20003249"",""20003201"",""20003325"",""20003326""]}",
line_gmb_2001023,gmb_2001023_2,2001023,2,2,7,7,1,one,True,True,False,official_route_sequence_exact_full_pattern,direction_not_encoded,partial,B,exact,A,upgraded_with_official_complete_pattern_evidence,official_json_routeId_routeSeq_stopSeq_complete_sequence,"{""candidate_count"":1,""official_stop_ids"":[""20003326"",""20003325"",""20003246"",""20003250"",""20007809"",""20001471"",""20001457""],""schedule_stop_ids"":[""20003326"",""20003325"",""20003246"",""20003250"",""20007809"",""20001471"",""20001457""]}",
line_gmb_2001025,gmb_2001025_1,2001025,1,1,5,5,1,one,True,True,False,official_route_sequence_exact_full_pattern,direction_not_encoded,partial,B,exact,A,upgraded_with_official_complete_pattern_evidence,official_json_routeId_routeSeq_stopSeq_complete_sequence,"{""candidate_count"":1,""official_stop_ids"":[""20007810"",""20007627"",""20007259"",""20003341"",""20007260""],""schedule_stop_ids"":[""20007810"",""20007627"",""20007259"",""20003341"",""20007260""]}",
line_gmb_2001025,gmb_2001025_2,2001025,2,2,6,6,1,one,True,True,False,official_route_sequence_exact_full_pattern,direction_not_encoded,partial,B,exact,A,upgraded_with_official_complete_pattern_evidence,official_json_routeId_routeSeq_stopSeq_complete_sequence,"{""candidate_count"":1,""official_stop_ids"":[""20007260"",""20003341"",""20007261"",""20004529"",""20001456"",""20007810""],""schedule_stop_ids"":[""20007260"",""20003341"",""20007261"",""20004529"",""20001456"",""20007810""]}",
line_gmb_2001027,gmb_2001027_1,2001027,1,1,9,9,1,one,True,True,False,official_route_sequence_exact_full_pattern,direction_not_encoded,partial,B,exact,A,upgraded_with_official_complete_pattern_evidence,official_json_routeId_routeSeq_stopSeq_complete_sequence,"{""candidate_count"":1,""official_stop_ids"":[""20007811"",""20007627"",""20003201"",""20003200"",""20007788"",""20003198"",""20003197"",""20003196"",""20001483""],""schedule_stop_ids"":[""20007811"",""20007627"",""20003201"",""20003200"",""20007788"",""20003198"",""20003197"",""20003196"",""20001483""]}",
line_gmb_2001027,gmb_2001027_2,2001027,2,2,11,11,1,one,True,True,False,official_route_sequence_exact_full_pattern,direction_not_encoded,partial,B,exact,A,upgraded_with_official_complete_pattern_evidence,official_json_routeId_routeSeq_stopSeq_complete_sequence,"{""candidate_count"":1,""official_stop_ids"":[""20020070"",""20001483"",""20004539"",""20003242"",""20003243"",""20003244"",""20003245"",""20003246"",""20007809"",""20001456"",""20007810""],""schedule_stop_ids"":[""20020070"",""20001483"",""20004539"",""20003242"",""20003243"",""20003244"",""20003245"",""20003246"",""20007809"",""20001456"",""20007810""]}",
line_gmb_2001029,gmb_2001029_1,2001029,1,1,7,7,1,one,True,True,False,official_route_sequence_exact_full_pattern,direction_not_encoded,partial,B,exact,A,upgraded_with_official_complete_pattern_evidence,official_json_routeId_routeSeq_stopSeq_complete_sequence,"{""candidate_count"":1,""official_stop_ids"":[""20003243"",""20003244"",""20003245"",""20003246"",""20007809"",""20001456"",""20007811""],""schedule_stop_ids"":[""20003243"",""20003244"",""20003245"",""20003246"",""20007809"",""20001456"",""20007811""]}",
line_gmb_2001031,gmb_2001031_1,2001031,1,1,14,14,1,one,True,True,False,official_route_sequence_exact_full_pattern,direction_not_encoded,partial,B,exact,A,upgraded_with_official_complete_pattern_evidence,official_json_routeId_routeSeq_stopSeq_complete_sequence,"{""candidate_count"":1,""official_stop_ids"":[""20007864"",""20007399"",""20013719"",""20013429"",""20003282"",""20007481"",""20017257"",""20001154"",""20002022"",""20007872"",""20007331"",""20000935"",""20000936"",""20007395""],""schedule_stop_ids"":[""20007864"",""20007399"",""20013719"",""20013429"",""20003282"",""20007481"",""20017257"",""20001154"",""20002022"",""20007872"",""20007331"",""20000935"",""20000936"",""20007395""]}",
line_gmb_2001031,gmb_2001031_2,2001031,2,2,15,15,1,one,True,True,False,official_route_sequence_exact_full_pattern,direction_not_encoded,partial,B,exact,A,upgraded_with_official_complete_pattern_evidence,official_json_routeId_routeSeq_stopSeq_complete_sequence,"{""candidate_count"":1,""official_stop_ids"":[""20007395"",""20007874"",""20007875"",""20007876"",""20000946"",""20002030"",""20007877"",""20007878"",""20014772"",""20007334"",""20007329"",""20007886"",""20020029"",""20007863"",""20007864""],""schedule_stop_ids"":[""20007395"",""20007874"",""20007875"",""20007876"",""20000946"",""20002030"",""20007877"",""20007878"",""20014772"",""20007334"",""20007329"",""20007886"",""20020029"",""20007863"",""20007864""]}",
line_gmb_2001033,gmb_2001033_1,2001033,1,1,13,13,1,one,True,True,False,official_route_sequence_exact_full_pattern,direction_not_encoded,partial,B,exact,A,upgraded_with_official_complete_pattern_evidence,official_json_routeId_routeSeq_stopSeq_complete_sequence,"{""candidate_count"":1,""official_stop_ids"":[""20007879"",""20003282"",""20003070"",""20007670"",""20003072"",""20014136"",""20007405"",""20002022"",""20007872"",""20007331"",""20000935"",""20000936"",""20007395""],""schedule_stop_ids"":[""20007879"",""20003282"",""20003070"",""20007670"",""20003072"",""20014136"",""20007405"",""20002022"",""20007872"",""20007331"",""20000935"",""20000936"",""20007395""]}",
line_gmb_2001033,gmb_2001033_2,2001033,2,2,17,17,1,one,True,True,False,official_route_sequence_exact_full_pattern,direction_not_encoded,partial,B,exact,A,upgraded_with_official_complete_pattern_evidence,official_json_routeId_routeSeq_stopSeq_complete_sequence,"{""candidate_count"":1,""official_stop_ids"":[""20007395"",""20007874"",""20007875"",""20007876"",""20000946"",""20002030"",""20016234"",""20007435"",""20014147"",""20007401"",""20015121"",""20007402"",""20001020"",""20002551"",""20014772"",""20007334"",""20007879""],""schedule_stop_ids"":[""20007395"",""20007874"",""20007875"",""20007876"",""20000946"",""20002030"",""20016234"",""20007435"",""20014147"",""20007401"",""20015121"",""20007402"",""20001020"",""20002551"",""20014772"",""20007334"",""20007879""]}",
line_gmb_2001035,gmb_2001035_1,2001035,1,1,11,11,1,one,True,True,False,official_route_sequence_exact_full_pattern,direction_not_encoded,partial,B,exact,A,upgraded_with_official_complete_pattern_evidence,official_json_routeId_routeSeq_stopSeq_complete_sequence,"{""candidate_count"":1,""official_stop_ids"":[""20007879"",""20003282"",""20007481"",""20017257"",""20001154"",""20002022"",""20007872"",""20007331"",""20000935"",""20000936"",""20007395""],""schedule_stop_ids"":[""20007879"",""20003282"",""20007481"",""20017257"",""20001154"",""20002022"",""20007872"",""20007331"",""20000935"",""20000936"",""20007395""]}",
line_gmb_2001035,gmb_2001035_2,2001035,2,2,11,11,1,one,True,True,False,official_route_sequence_exact_full_pattern,direction_not_encoded,partial,B,exact,A,upgraded_with_official_complete_pattern_evidence,official_json_routeId_routeSeq_stopSeq_complete_sequence,"{""candidate_count"":1,""official_stop_ids"":[""20007395"",""20007874"",""20007875"",""20007876"",""20000946"",""20002030"",""20007877"",""20007878"",""20014772"",""20007334"",""20007879""],""schedule_stop_ids"":[""20007395"",""20007874"",""20007875"",""20007876"",""20000946"",""20002030"",""20007877"",""20007878"",""20014772"",""20007334"",""20007879""]}",
line_gmb_2001038,gmb_2001038_1,2001038,1,1,11,11,1,one,True,True,False,official_route_sequence_exact_full_pattern,direction_not_encoded,partial,B,exact,A,upgraded_with_official_complete_pattern_evidence,official_json_routeId_routeSeq_stopSeq_complete_sequence,"{""candidate_count"":1,""official_stop_ids"":[""20007949"",""20004528"",""20004530"",""20001457"",""20001460"",""20004529"",""20001455"",""20003322"",""20007218"",""20004157"",""20007949""],""schedule_stop_ids"":[""20007949"",""20004528"",""20004530"",""20001457"",""20001460"",""20004529"",""20001455"",""20003322"",""20007218"",""20004157"",""20007949""]}",
line_gmb_2001095,gmb_2001095_1,2001095,1,1,17,17,1,one,True,True,False,official_route_sequence_exact_full_pattern,direction_not_encoded,partial,B,exact,A,upgraded_with_official_complete_pattern_evidence,official_json_routeId_routeSeq_stopSeq_complete_sequence,"{""candidate_count"":1,""official_stop_ids"":[""20007949"",""20002183"",""20002184"",""20002185"",""20020068"",""20002187"",""20004532"",""20004530"",""20001457"",""20001460"",""20004529"",""20001455"",""20003322"",""20007955"",""20002181"",""20002182"",""20007949""],""schedule_stop_ids"":[""20007949"",""20002183"",""20002184"",""20002185"",""20020068"",""20002187"",""20004532"",""20004530"",""20001457"",""20001460"",""20004529"",""20001455"",""20003322"",""20007955"",""20002181"",""20002182"",""20007949""]}",
line_gmb_2001128,gmb_2001128_1,2001128,1,1,14,14,1,one,True,True,False,official_route_sequence_exact_full_pattern,direction_not_encoded,partial,B,exact,A,upgraded_with_official_complete_pattern_evidence,official_json_routeId_routeSeq_stopSeq_complete_sequence,"{""candidate_count"":1,""official_stop_ids"":[""20003205"",""20007809"",""20004533"",""20002183"",""20002187"",""20001203"",""20001513"",""20003318"",""20000785"",""20002188"",""20002189"",""20002190"",""20000809"",""20022999""],""schedule_stop_ids"":[""20003205"",""20007809"",""20004533"",""20002183"",""20002187"",""20001203"",""20001513"",""20003318"",""20000785"",""20002188"",""20002189"",""20002190"",""20000809"",""20022999""]}",
line_gmb_2001128,gmb_2001128_2,2001128,2,2,17,17,1,one,True,True,False,official_route_sequence_exact_full_pattern,direction_not_encoded,partial,B,exact,A,upgraded_with_official_complete_pattern_evidence,official_json_routeId_routeSeq_stopSeq_complete_sequence,"{""candidate_count"":1,""official_stop_ids"":[""20022999"",""20002192"",""20002193"",""20002194"",""20002195"",""20002196"",""20002197"",""20002198"",""20002245"",""20002312"",""20001239"",""20002199"",""20004533"",""20002183"",""20002187"",""20007809"",""20007525""],""schedule_stop_ids"":[""20022999"",""20002192"",""20002193"",""20002194"",""20002195"",""20002196"",""20002197"",""20002198"",""20002245"",""20002312"",""20001239"",""20002199"",""20004533"",""20002183"",""20002187"",""20007809"",""20007525""]}",
line_gmb_2001129,gmb_2001129_1,2001129,1,1,31,31,1,one,True,True,False,official_route_sequence_exact_full_pattern,direction_not_encoded,partial,B,exact,A,upgraded_with_official_complete_pattern_evidence,official_json_routeId_routeSeq_stopSeq_complete_sequence,"{""candidate_count"":1,""official_stop_ids"":[""20000302"",""20003559"",""20003278"",""20020098"",""20000303"",""20000016"",""20021184"",""20000173"",""20000017"",""20000018"",""20000304"",""20020099"",""20000305"",""20000020"",""20000307"",""20020100"",""20000308"",""20000309"",""20000310"",""20000152"",""20002497"",""20020101"",""20000311"",""20000242"",""20000268"",""20003562"",""20000312"",""20000313"",""20020102"",""20000314"",""20000210""],""schedule_stop_ids"":[""20000302"",""20003559"",""20003278"",""20020098"",""20000303"",""20000016"",""20021184"",""20000173"",""20000017"",""20000018"",""20000304"",""20020099"",""20000305"",""20000020"",""20000307"",""20020100"",""20000308"",""20000309"",""20000310"",""20000152"",""20002497"",""20020101"",""20000311"",""20000242"",""20000268"",""20003562"",""20000312"",""20000313"",""20020102"",""20000314"",""20000210""]}",
line_gmb_2001129,gmb_2001129_2,2001129,2,2,25,25,1,one,True,True,False,official_route_sequence_exact_full_pattern,direction_not_encoded,partial,B,exact,A,upgraded_with_official_complete_pattern_evidence,official_json_routeId_routeSeq_stopSeq_complete_sequence,"{""candidate_count"":1,""official_stop_ids"":[""20000210"",""20000315"",""20021289"",""20002502"",""20000318"",""20000267"",""20003563"",""20008182"",""20020095"",""20007313"",""20006937"",""20000136"",""20000138"",""20000007"",""20000324"",""20000026"",""20002713"",""20020096"",""20000325"",""20021290"",""20003565"",""20003566"",""20006946"",""20003567"",""20000302""],""schedule_stop_ids"":[""20000210"",""20000315"",""20021289"",""20002502"",""20000318"",""20000267"",""20003563"",""20008182"",""20020095"",""20007313"",""20006937"",""20000136"",""20000138"",""20000007"",""20000324"",""20000026"",""20002713"",""20020096"",""20000325"",""20021290"",""20003565"",""20003566"",""20006946"",""20003567"",""20000302""]}",
line_gmb_2001130,gmb_2001130_1,2001130,1,1,20,20,1,one,True,True,False,official_route_sequence_exact_full_pattern,direction_not_encoded,partial,B,exact,A,upgraded_with_official_complete_pattern_evidence,official_json_routeId_routeSeq_stopSeq_complete_sequence,"{""candidate_count"":1,""official_stop_ids"":[""20000302"",""20003559"",""20003278"",""20003568"",""20017752"",""20003569"",""20003570"",""20003571"",""20000020"",""20000307"",""20020100"",""20000308"",""20000309"",""20000310"",""20000152"",""20002497"",""20000025"",""20000311"",""20000242"",""20000243""],""schedule_stop_ids"":[""20000302"",""20003559"",""20003278"",""20003568"",""20017752"",""20003569"",""20003570"",""20003571"",""20000020"",""20000307"",""20020100"",""20000308"",""20000309"",""20000310"",""20000152"",""20002497"",""20000025"",""20000311"",""20000242"",""20000243""]}",
line_gmb_2001130,gmb_2001130_2,2001130,2,2,19,19,1,one,True,True,False,official_route_sequence_exact_full_pattern,direction_not_encoded,partial,B,exact,A,upgraded_with_official_complete_pattern_evidence,official_json_routeId_routeSeq_stopSeq_complete_sequence,"{""candidate_count"":1,""official_stop_ids"":[""20000243"",""20008182"",""20020095"",""20007313"",""20006937"",""20000136"",""20000138"",""20000007"",""20000324"",""20000026"",""20002713"",""20020096"",""20000325"",""20020097"",""20003565"",""20003566"",""20006946"",""20003567"",""20000302""],""schedule_stop_ids"":[""20000243"",""20008182"",""20020095"",""20007313"",""20006937"",""20000136"",""20000138"",""20000007"",""20000324"",""20000026"",""20002713"",""20020096"",""20000325"",""20020097"",""20003565"",""20003566"",""20006946"",""20003567"",""20000302""]}",
line_gmb_2001131,gmb_2001131_1,2001131,1,1,15,15,1,one,True,True,False,official_route_sequence_exact_full_pattern,direction_not_encoded,partial,B,exact,A,upgraded_with_official_complete_pattern_evidence,official_json_routeId_routeSeq_stopSeq_complete_sequence,"{""candidate_count"":1,""official_stop_ids"":[""20000302"",""20003559"",""20003278"",""20003568"",""20003569"",""20003571"",""20000020"",""20000307"",""20000308"",""20000309"",""20000310"",""20000152"",""20002497"",""20000025"",""20000311""],""schedule_stop_ids"":[""20000302"",""20003559"",""20003278"",""20003568"",""20003569"",""20003571"",""20000020"",""20000307"",""20000308"",""20000309"",""20000310"",""20000152"",""20002497"",""20000025"",""20000311""]}",
line_gmb_2001133,gmb_2001133_1,2001133,1,1,23,23,1,one,True,True,False,official_route_sequence_exact_full_pattern,direction_not_encoded,partial,B,exact,A,upgraded_with_official_complete_pattern_evidence,official_json_routeId_routeSeq_stopSeq_complete_sequence,"{""candidate_count"":1,""official_stop_ids"":[""20000302"",""20003559"",""20003278"",""20003568"",""20017752"",""20003569"",""20003570"",""20003571"",""20000020"",""20000307"",""20000308"",""20000138"",""20000007"",""20000324"",""20000026"",""20002713"",""20000325"",""20020097"",""20003565"",""20003566"",""20006946"",""20003567"",""20000302""],""schedule_stop_ids"":[""20000302"",""20003559"",""20003278"",""20003568"",""20017752"",""20003569"",""20003570"",""20003571"",""20000020"",""20000307"",""20000308"",""20000138"",""20000007"",""20000324"",""20000026"",""20002713"",""20000325"",""20020097"",""20003565"",""20003566"",""20006946"",""20003567"",""20000302""]}",
line_gmb_2001161,gmb_2001161_1,2001161,1,1,5,5,1,one,True,True,False,official_route_sequence_exact_full_pattern,direction_not_encoded,partial,B,exact,A,upgraded_with_official_complete_pattern_evidence,official_json_routeId_routeSeq_stopSeq_complete_sequence,"{""candidate_count"":1,""official_stop_ids"":[""20002221"",""20001603"",""20001308"",""20001311"",""20002222""],""schedule_stop_ids"":[""20002221"",""20001603"",""20001308"",""20001311"",""20002222""]}",
line_gmb_2001161,gmb_2001161_2,2001161,2,2,5,5,1,one,True,True,False,official_route_sequence_exact_full_pattern,direction_not_encoded,partial,B,exact,A,upgraded_with_official_complete_pattern_evidence,official_json_routeId_routeSeq_stopSeq_complete_sequence,"{""candidate_count"":1,""official_stop_ids"":[""20002222"",""20007274"",""20007275"",""20002223"",""20002221""],""schedule_stop_ids"":[""20002222"",""20007274"",""20007275"",""20002223"",""20002221""]}",
line_gmb_2001194,gmb_2001194_1,2001194,1,1,26,26,1,one,True,True,False,official_route_sequence_exact_full_pattern,direction_not_encoded,partial,B,exact,A,upgraded_with_official_complete_pattern_evidence,official_json_routeId_routeSeq_stopSeq_complete_sequence,"{""candidate_count"":1,""official_stop_ids"":[""20002474"",""20007541"",""20007542"",""20023032"",""20022867"",""20003183"",""20002465"",""20007107"",""20008020"",""20019402"",""20001280"",""20001286"",""20001287"",""20001288"",""20002203"",""20001296"",""20002436"",""20001283"",""20007464"",""20007102"",""20003184"",""20023032"",""20022867"",""20007543"",""20003179"",""20002474""],""schedule_stop_ids"":[""20002474"",""20007541"",""20007542"",""20023032"",""20022867"",""20003183"",""20002465"",""20007107"",""20008020"",""20019402"",""20001280"",""20001286"",""20001287"",""20001288"",""20002203"",""20001296"",""20002436"",""20001283"",""20007464"",""20007102"",""20003184"",""20023032"",""20022867"",""20007543"",""20003179"",""20002474""]}",
line_gmb_2001195,gmb_2001195_1,2001195,1,1,7,7,1,one,True,True,False,official_route_sequence_exact_full_pattern,direction_not_encoded,partial,B,exact,A,upgraded_with_official_complete_pattern_evidence,official_json_routeId_routeSeq_stopSeq_complete_sequence,"{""candidate_count"":1,""official_stop_ids"":[""20002474"",""20007541"",""20007542"",""20023032"",""20007543"",""20003179"",""20002474""],""schedule_stop_ids"":[""20002474"",""20007541"",""20007542"",""20023032"",""20007543"",""20003179"",""20002474""]}",
line_gmb_2001196,gmb_2001196_1,2001196,1,1,15,15,1,one,True,True,False,official_route_sequence_exact_full_pattern,direction_not_encoded,partial,B,exact,A,upgraded_with_official_complete_pattern_evidence,official_json_routeId_routeSeq_stopSeq_complete_sequence,"{""candidate_count"":1,""official_stop_ids"":[""20011845"",""20018494"",""20001263"",""20001606"",""20001281"",""20001282"",""20002216"",""20001280"",""20002217"",""20001286"",""20004199"",""20001289"",""20002218"",""20001248"",""20011845""],""schedule_stop_ids"":[""20011845"",""20018494"",""20001263"",""20001606"",""20001281"",""20001282"",""20002216"",""20001280"",""20002217"",""20001286"",""20004199"",""20001289"",""20002218"",""20001248"",""20011845""]}",
line_gmb_2001197,gmb_2001197_1,2001197,1,1,6,6,1,one,True,True,False,official_route_sequence_exact_full_pattern,direction_not_encoded,partial,B,exact,A,upgraded_with_official_complete_pattern_evidence,official_json_routeId_routeSeq_stopSeq_complete_sequence,"{""candidate_count"":1,""official_stop_ids"":[""20002217"",""20001286"",""20007415"",""20002216"",""20001280"",""20002217""],""schedule_stop_ids"":[""20002217"",""20001286"",""20007415"",""20002216"",""20001280"",""20002217""]}",
line_gmb_2001200,gmb_2001200_1,2001200,1,1,7,7,1,one,True,True,False,official_route_sequence_exact_full_pattern,direction_not_encoded,partial,B,exact,A,upgraded_with_official_complete_pattern_evidence,official_json_routeId_routeSeq_stopSeq_complete_sequence,"{""candidate_count"":1,""official_stop_ids"":[""20002217"",""20001286"",""20001282"",""20007415"",""20002216"",""20001280"",""20002217""],""schedule_stop_ids"":[""20002217"",""20001286"",""20001282"",""20007415"",""20002216"",""20001280"",""20002217""]}",
line_gmb_2001201,gmb_2001201_1,2001201,1,1,10,10,1,one,True,True,False,official_route_sequence_exact_full_pattern,direction_not_encoded,partial,B,exact,A,upgraded_with_official_complete_pattern_evidence,official_json_routeId_routeSeq_stopSeq_complete_sequence,"{""candidate_count"":1,""official_stop_ids"":[""20008023"",""20002048"",""20001888"",""20001889"",""20002087"",""20002073"",""20001893"",""20001894"",""20008024"",""20008023""],""schedule_stop_ids"":[""20008023"",""20002048"",""20001888"",""20001889"",""20002087"",""20002073"",""20001893"",""20001894"",""20008024"",""20008023""]}",
line_gmb_2001204,gmb_2001204_1,2001204,1,1,10,10,1,one,True,True,False,official_route_sequence_exact_full_pattern,direction_not_encoded,partial,B,exact,A,upgraded_with_official_complete_pattern_evidence,official_json_routeId_routeSeq_stopSeq_complete_sequence,"{""candidate_count"":1,""official_stop_ids"":[""20008023"",""20002048"",""20001888"",""20001889"",""20002087"",""20002073"",""20001893"",""20001894"",""20008024"",""20008023""],""schedule_stop_ids"":[""20008023"",""20002048"",""20001888"",""20001889"",""20002087"",""20002073"",""20001893"",""20001894"",""20008024"",""20008023""]}",
line_gmb_2001206,gmb_2001206_1,2001206,1,1,3,3,1,one,True,True,False,official_route_sequence_exact_full_pattern,direction_not_encoded,partial,B,exact,A,upgraded_with_official_complete_pattern_evidence,official_json_routeId_routeSeq_stopSeq_complete_sequence,"{""candidate_count"":1,""official_stop_ids"":[""20002606"",""20008024"",""20008023""],""schedule_stop_ids"":[""20002606"",""20008024"",""20008023""]}",
line_gmb_2001206,gmb_2001206_2,2001206,2,2,3,3,1,one,True,True,False,official_route_sequence_exact_full_pattern,direction_not_encoded,partial,B,exact,A,upgraded_with_official_complete_pattern_evidence,official_json_routeId_routeSeq_stopSeq_complete_sequence,"{""candidate_count"":1,""official_stop_ids"":[""20008023"",""20002048"",""20002606""],""schedule_stop_ids"":[""20008023"",""20002048"",""20002606""]}",
line_gmb_2001208,gmb_2001208_1,2001208,1,1,6,6,1,one,True,True,False,official_route_sequence_exact_full_pattern,direction_not_encoded,partial,B,exact,A,upgraded_with_official_complete_pattern_evidence,official_json_routeId_routeSeq_stopSeq_complete_sequence,"{""candidate_count"":1,""official_stop_ids"":[""20002217"",""20001286"",""20004199"",""20001282"",""20001280"",""20002217""],""schedule_stop_ids"":[""20002217"",""20001286"",""20004199"",""20001282"",""20001280"",""20002217""]}",
line_gmb_2001209,gmb_2001209_1,2001209,1,1,6,6,1,one,True,True,False,official_route_sequence_exact_full_pattern,direction_not_encoded,partial,B,exact,A,upgraded_with_official_complete_pattern_evidence,official_json_routeId_routeSeq_stopSeq_complete_sequence,"{""candidate_count"":1,""official_stop_ids"":[""20002217"",""20001286"",""20001288"",""20001282"",""20002216"",""20001288""],""schedule_stop_ids"":[""20002217"",""20001286"",""20001288"",""20001282"",""20002216"",""20001288""]}",
line_gmb_2001227,gmb_2001227_1,2001227,1,1,12,12,1,one,True,True,False,official_route_sequence_exact_full_pattern,direction_not_encoded,partial,B,exact,A,upgraded_with_official_complete_pattern_evidence,official_json_routeId_routeSeq_stopSeq_complete_sequence,"{""candidate_count"":1,""official_stop_ids"":[""20002275"",""20019633"",""20002276"",""20002277"",""20001230"",""20002281"",""20002282"",""20008085"",""20002283"",""20007062"",""20005001"",""20002284""],""schedule_stop_ids"":[""20002275"",""20019633"",""20002276"",""20002277"",""20001230"",""20002281"",""20002282"",""20008085"",""20002283"",""20007062"",""20005001"",""20002284""]}",
line_gmb_2001227,gmb_2001227_2,2001227,2,2,10,10,1,one,True,True,False,official_route_sequence_exact_full_pattern,direction_not_encoded,partial,B,exact,A,upgraded_with_official_complete_pattern_evidence,official_json_routeId_routeSeq_stopSeq_complete_sequence,"{""candidate_count"":1,""official_stop_ids"":[""20002284"",""20005002"",""20007471"",""20008085"",""20002250"",""20001231"",""20002247"",""20002286"",""20019666"",""20002275""],""schedule_stop_ids"":[""20002284"",""20005002"",""20007471"",""20008085"",""20002250"",""20001231"",""20002247"",""20002286"",""20019666"",""20002275""]}",
line_gmb_2001228,gmb_2001228_1,2001228,1,1,4,4,1,one,True,True,False,official_route_sequence_exact_full_pattern,direction_not_encoded,partial,B,exact,A,upgraded_with_official_complete_pattern_evidence,official_json_routeId_routeSeq_stopSeq_complete_sequence,"{""candidate_count"":1,""official_stop_ids"":[""20002284"",""20005002"",""20007471"",""20008085""],""schedule_stop_ids"":[""20002284"",""20005002"",""20007471"",""20008085""]}",
line_gmb_2001229,gmb_2001229_1,2001229,1,1,8,8,1,one,True,True,False,official_route_sequence_exact_full_pattern,direction_not_encoded,partial,B,exact,A,upgraded_with_official_complete_pattern_evidence,official_json_routeId_routeSeq_stopSeq_complete_sequence,"{""candidate_count"":1,""official_stop_ids"":[""20001230"",""20002281"",""20002282"",""20008085"",""20002283"",""20007062"",""20005001"",""20002284""],""schedule_stop_ids"":[""20001230"",""20002281"",""20002282"",""20008085"",""20002283"",""20007062"",""20005001"",""20002284""]}",
line_gmb_2001229,gmb_2001229_2,2001229,2,2,6,6,1,one,True,True,False,official_route_sequence_exact_full_pattern,direction_not_encoded,partial,B,exact,A,upgraded_with_official_complete_pattern_evidence,official_json_routeId_routeSeq_stopSeq_complete_sequence,"{""candidate_count"":1,""official_stop_ids"":[""20002284"",""20005002"",""20007471"",""20008085"",""20002250"",""20001231""],""schedule_stop_ids"":[""20002284"",""20005002"",""20007471"",""20008085"",""20002250"",""20001231""]}",
line_gmb_2001230,gmb_2001230_1,2001230,1,1,6,6,1,one,True,True,False,official_route_sequence_exact_full_pattern,direction_not_encoded,partial,B,exact,A,upgraded_with_official_complete_pattern_evidence,official_json_routeId_routeSeq_stopSeq_complete_sequence,"{""candidate_count"":1,""official_stop_ids"":[""20002275"",""20007089"",""20007537"",""20002317"",""20002297"",""20001230""],""schedule_stop_ids"":[""20002275"",""20007089"",""20007537"",""20002317"",""20002297"",""20001230""]}",
line_gmb_2001230,gmb_2001230_2,2001230,2,2,4,4,1,one,True,True,False,official_route_sequence_exact_full_pattern,direction_not_encoded,partial,B,exact,A,upgraded_with_official_complete_pattern_evidence,official_json_routeId_routeSeq_stopSeq_complete_sequence,"{""candidate_count"":1,""official_stop_ids"":[""20001230"",""20002247"",""20002286"",""20002275""],""schedule_stop_ids"":[""20001230"",""20002247"",""20002286"",""20002275""]}",
line_gmb_2001231,gmb_2001231_1,2001231,1,1,25,25,1,one,True,True,False,official_route_sequence_exact_full_pattern,direction_not_encoded,partial,B,exact,A,upgraded_with_official_complete_pattern_evidence,official_json_routeId_routeSeq_stopSeq_complete_sequence,"{""candidate_count"":1,""official_stop_ids"":[""20001231"",""20002281"",""20002282"",""20008085"",""20002283"",""20021943"",""20005001"",""20003420"",""20005008"",""20005010"",""20005012"",""20005015"",""20003261"",""20003164"",""20005016"",""20007472"",""20005013"",""20005011"",""20005009"",""20005003"",""20005002"",""20002285"",""20008085"",""20002250"",""20001231""],""schedule_stop_ids"":[""20001231"",""20002281"",""20002282"",""20008085"",""20002283"",""20021943"",""20005001"",""20003420"",""20005008"",""20005010"",""20005012"",""20005015"",""20003261"",""20003164"",""20005016"",""20007472"",""20005013"",""20005011"",""20005009"",""20005003"",""20005002"",""20002285"",""20008085"",""20002250"",""20001231""]}",
line_gmb_2001232,gmb_2001232_1,2001232,1,1,6,6,1,one,True,True,False,official_route_sequence_exact_full_pattern,direction_not_encoded,partial,B,exact,A,upgraded_with_official_complete_pattern_evidence,official_json_routeId_routeSeq_stopSeq_complete_sequence,"{""candidate_count"":1,""official_stop_ids"":[""20001231"",""20001235"",""20002225"",""20002320"",""20007088"",""20002275""],""schedule_stop_ids"":[""20001231"",""20001235"",""20002225"",""20002320"",""20007088"",""20002275""]}",
line_gmb_2001232,gmb_2001232_2,2001232,2,2,4,4,1,one,True,True,False,official_route_sequence_exact_full_pattern,direction_not_encoded,partial,B,exact,A,upgraded_with_official_complete_pattern_evidence,official_json_routeId_routeSeq_stopSeq_complete_sequence,"{""candidate_count"":1,""official_stop_ids"":[""20002275"",""20002276"",""20002277"",""20001231""],""schedule_stop_ids"":[""20002275"",""20002276"",""20002277"",""20001231""]}",
line_gmb_2001233,gmb_2001233_1,2001233,1,1,7,7,1,one,True,True,False,official_route_sequence_exact_full_pattern,direction_not_encoded,partial,B,exact,A,upgraded_with_official_complete_pattern_evidence,official_json_routeId_routeSeq_stopSeq_complete_sequence,"{""candidate_count"":1,""official_stop_ids"":[""20002275"",""20007617"",""20007618"",""20007619"",""20007620"",""20008085"",""20002275""],""schedule_stop_ids"":[""20002275"",""20007617"",""20007618"",""20007619"",""20007620"",""20008085"",""20002275""]}",
line_gmb_2001234,gmb_2001234_1,2001234,1,1,5,5,1,one,True,True,False,official_route_sequence_exact_full_pattern,direction_not_encoded,partial,B,exact,A,upgraded_with_official_complete_pattern_evidence,official_json_routeId_routeSeq_stopSeq_complete_sequence,"{""candidate_count"":1,""official_stop_ids"":[""20002275"",""20002283"",""20007062"",""20003420"",""20002284""],""schedule_stop_ids"":[""20002275"",""20002283"",""20007062"",""20003420"",""20002284""]}",
line_gmb_2001234,gmb_2001234_2,2001234,2,2,5,5,1,one,True,True,False,official_route_sequence_exact_full_pattern,direction_not_encoded,partial,B,exact,A,upgraded_with_official_complete_pattern_evidence,official_json_routeId_routeSeq_stopSeq_complete_sequence,"{""candidate_count"":1,""official_stop_ids"":[""20002284"",""20005003"",""20005002"",""20007470"",""20002275""],""schedule_stop_ids"":[""20002284"",""20005003"",""20005002"",""20007470"",""20002275""]}",
line_gmb_2001260,gmb_2001260_1,2001260,1,1,9,9,1,one,True,True,False,official_route_sequence_exact_full_pattern,direction_not_encoded,partial,B,exact,A,upgraded_with_official_complete_pattern_evidence,official_json_routeId_routeSeq_stopSeq_complete_sequence,"{""candidate_count"":1,""official_stop_ids"":[""20000238"",""20004568"",""20000361"",""20000169"",""20000218"",""20004573"",""20000234"",""20004567"",""20000238""],""schedule_stop_ids"":[""20000238"",""20004568"",""20000361"",""20000169"",""20000218"",""20004573"",""20000234"",""20004567"",""20000238""]}",
line_gmb_2001261,gmb_2001261_1,2001261,1,1,10,10,1,one,True,True,False,official_route_sequence_exact_full_pattern,direction_not_encoded,partial,B,exact,A,upgraded_with_official_complete_pattern_evidence,official_json_routeId_routeSeq_stopSeq_complete_sequence,"{""candidate_count"":1,""official_stop_ids"":[""20000238"",""20004568"",""20000239"",""20000240"",""20002495"",""20002496"",""20002497"",""20000311"",""20000242"",""20000243""],""schedule_stop_ids"":[""20000238"",""20004568"",""20000239"",""20000240"",""20002495"",""20002496"",""20002497"",""20000311"",""20000242"",""20000243""]}",
line_gmb_2001261,gmb_2001261_2,2001261,2,2,9,9,1,one,True,True,False,official_route_sequence_exact_full_pattern,direction_not_encoded,partial,B,exact,A,upgraded_with_official_complete_pattern_evidence,official_json_routeId_routeSeq_stopSeq_complete_sequence,"{""candidate_count"":1,""official_stop_ids"":[""20000243"",""20008100"",""20004572"",""20006906"",""20000057"",""20002735"",""20000058"",""20004573"",""20000238""],""schedule_stop_ids"":[""20000243"",""20008100"",""20004572"",""20006906"",""20000057"",""20002735"",""20000058"",""20004573"",""20000238""]}",
line_gmb_2001262,gmb_2001262_1,2001262,1,1,20,20,1,one,True,True,False,official_route_sequence_exact_full_pattern,direction_not_encoded,partial,B,exact,A,upgraded_with_official_complete_pattern_evidence,official_json_routeId_routeSeq_stopSeq_complete_sequence,"{""candidate_count"":1,""official_stop_ids"":[""20000099"",""20000246"",""20000247"",""20000248"",""20000249"",""20008124"",""20006938"",""20008125"",""20008126"",""20008127"",""20008128"",""20008129"",""20008117"",""20004603"",""20000251"",""20004604"",""20002496"",""20002497"",""20000311"",""20007313""],""schedule_stop_ids"":[""20000099"",""20000246"",""20000247"",""20000248"",""20000249"",""20008124"",""20006938"",""20008125"",""20008126"",""20008127"",""20008128"",""20008129"",""20008117"",""20004603"",""20000251"",""20004604"",""20002496"",""20002497"",""20000311"",""20007313""]}",
line_gmb_2001262,gmb_2001262_2,2001262,2,2,22,22,1,one,True,True,False,official_route_sequence_exact_full_pattern,direction_not_encoded,partial,B,exact,A,upgraded_with_official_complete_pattern_evidence,official_json_routeId_routeSeq_stopSeq_complete_sequence,"{""candidate_count"":1,""official_stop_ids"":[""20007313"",""20008116"",""20006937"",""20007038"",""20004605"",""20003145"",""20008117"",""20008149"",""20004576"",""20008118"",""20003314"",""20004578"",""20000281"",""20008119"",""20000283"",""20000246"",""20007314"",""20004609"",""20000253"",""20004600"",""20003087"",""20000099""],""schedule_stop_ids"":[""20007313"",""20008116"",""20006937"",""20007038"",""20004605"",""20003145"",""20008117"",""20008149"",""20004576"",""20008118"",""20003314"",""20004578"",""20000281"",""20008119"",""20000283"",""20000246"",""20007314"",""20004609"",""20000253"",""20004600"",""20003087"",""20000099""]}",
line_gmb_2001263,gmb_2001263_1,2001263,1,1,20,20,1,one,True,True,False,official_route_sequence_exact_full_pattern,direction_not_encoded,partial,B,exact,A,upgraded_with_official_complete_pattern_evidence,official_json_routeId_routeSeq_stopSeq_complete_sequence,"{""candidate_count"":1,""official_stop_ids"":[""20000246"",""20000247"",""20000248"",""20000249"",""20008124"",""20006938"",""20008125"",""20008126"",""20008127"",""20008128"",""20008129"",""20008117"",""20004603"",""20000251"",""20004604"",""20000219"",""20002496"",""20002497"",""20000311"",""20007313""],""schedule_stop_ids"":[""20000246"",""20000247"",""20000248"",""20000249"",""20008124"",""20006938"",""20008125"",""20008126"",""20008127"",""20008128"",""20008129"",""20008117"",""20004603"",""20000251"",""20004604"",""20000219"",""20002496"",""20002497"",""20000311"",""20007313""]}",
line_gmb_2001264,gmb_2001264_1,2001264,1,1,19,19,1,one,True,True,False,official_route_sequence_exact_full_pattern,direction_not_encoded,partial,B,exact,A,upgraded_with_official_complete_pattern_evidence,official_json_routeId_routeSeq_stopSeq_complete_sequence,"{""candidate_count"":1,""official_stop_ids"":[""20000099"",""20000246"",""20000247"",""20000248"",""20000249"",""20003129"",""20008125"",""20008126"",""20008127"",""20008128"",""20008129"",""20008117"",""20004603"",""20000251"",""20004604"",""20002496"",""20002497"",""20000311"",""20007313""],""schedule_stop_ids"":[""20000099"",""20000246"",""20000247"",""20000248"",""20000249"",""20003129"",""20008125"",""20008126"",""20008127"",""20008128"",""20008129"",""20008117"",""20004603"",""20000251"",""20004604"",""20002496"",""20002497"",""20000311"",""20007313""]}",
line_gmb_2001264,gmb_2001264_2,2001264,2,2,20,20,1,one,True,True,False,official_route_sequence_exact_full_pattern,direction_not_encoded,partial,B,exact,A,upgraded_with_official_complete_pattern_evidence,official_json_routeId_routeSeq_stopSeq_complete_sequence,"{""candidate_count"":1,""official_stop_ids"":[""20007313"",""20008116"",""20006937"",""20007038"",""20004605"",""20003145"",""20008144"",""20008149"",""20004576"",""20008118"",""20003087"",""20000246"",""20000281"",""20000282"",""20000283"",""20007314"",""20004609"",""20000253"",""20004600"",""20000099""],""schedule_stop_ids"":[""20007313"",""20008116"",""20006937"",""20007038"",""20004605"",""20003145"",""20008144"",""20008149"",""20004576"",""20008118"",""20003087"",""20000246"",""20000281"",""20000282"",""20000283"",""20007314"",""20004609"",""20000253"",""20004600"",""20000099""]}",
line_gmb_2001265,gmb_2001265_1,2001265,1,1,21,21,1,one,True,True,False,official_route_sequence_exact_full_pattern,direction_not_encoded,partial,B,exact,A,upgraded_with_official_complete_pattern_evidence,official_json_routeId_routeSeq_stopSeq_complete_sequence,"{""candidate_count"":1,""official_stop_ids"":[""20000253"",""20004600"",""20000246"",""20000247"",""20000248"",""20000249"",""20008124"",""20006938"",""20008125"",""20008126"",""20008127"",""20008128"",""20008129"",""20008117"",""20004603"",""20000251"",""20004604"",""20002496"",""20002497"",""20000311"",""20007313""],""schedule_stop_ids"":[""20000253"",""20004600"",""20000246"",""20000247"",""20000248"",""20000249"",""20008124"",""20006938"",""20008125"",""20008126"",""20008127"",""20008128"",""20008129"",""20008117"",""20004603"",""20000251"",""20004604"",""20002496"",""20002497"",""20000311"",""20007313""]}",
line_gmb_2001265,gmb_2001265_2,2001265,2,2,19,19,1,one,True,True,False,official_route_sequence_exact_full_pattern,direction_not_encoded,partial,B,exact,A,upgraded_with_official_complete_pattern_evidence,official_json_routeId_routeSeq_stopSeq_complete_sequence,"{""candidate_count"":1,""official_stop_ids"":[""20007313"",""20008116"",""20006937"",""20007038"",""20004605"",""20003145"",""20008144"",""20008149"",""20004576"",""20008118"",""20003314"",""20004578"",""20000281"",""20000282"",""20000283"",""20000246"",""20007314"",""20004609"",""20000253""],""schedule_stop_ids"":[""20007313"",""20008116"",""20006937"",""20007038"",""20004605"",""20003145"",""20008144"",""20008149"",""20004576"",""20008118"",""20003314"",""20004578"",""20000281"",""20000282"",""20000283"",""20000246"",""20007314"",""20004609"",""20000253""]}",
line_gmb_2001266,gmb_2001266_1,2001266,1,1,22,22,1,one,True,True,False,official_route_sequence_exact_full_pattern,direction_not_encoded,partial,B,exact,A,upgraded_with_official_complete_pattern_evidence,official_json_routeId_routeSeq_stopSeq_complete_sequence,"{""candidate_count"":1,""official_stop_ids"":[""20001675"",""20002116"",""20001655"",""20008050"",""20001679"",""20001680"",""20001861"",""20001862"",""20001864"",""20001569"",""20008091"",""20002120"",""20002121"",""20001569"",""20001848"",""20008089"",""20001851"",""20003233"",""20008051"",""20002123"",""20002124"",""20001675""],""schedule_stop_ids"":[""20001675"",""20002116"",""20001655"",""20008050"",""20001679"",""20001680"",""20001861"",""20001862"",""20001864"",""20001569"",""20008091"",""20002120"",""20002121"",""20001569"",""20001848"",""20008089"",""20001851"",""20003233"",""20008051"",""20002123"",""20002124"",""20001675""]}",
line_gmb_2001267,gmb_2001267_1,2001267,1,1,20,20,1,one,True,True,False,official_route_sequence_exact_full_pattern,direction_not_encoded,partial,B,exact,A,upgraded_with_official_complete_pattern_evidence,official_json_routeId_routeSeq_stopSeq_complete_sequence,"{""candidate_count"":1,""official_stop_ids"":[""20001675"",""20001676"",""20001677"",""20002116"",""20001655"",""20008050"",""20001679"",""20001680"",""20001861"",""20001862"",""20001864"",""20001569"",""20001848"",""20008089"",""20001851"",""20003233"",""20008051"",""20002123"",""20002124"",""20001675""],""schedule_stop_ids"":[""20001675"",""20001676"",""20001677"",""20002116"",""20001655"",""20008050"",""20001679"",""20001680"",""20001861"",""20001862"",""20001864"",""20001569"",""20001848"",""20008089"",""20001851"",""20003233"",""20008051"",""20002123"",""20002124"",""20001675""]}",
line_gmb_2001268,gmb_2001268_1,2001268,1,1,18,18,1,one,True,True,False,official_route_sequence_exact_full_pattern,direction_not_encoded,partial,B,exact,A,upgraded_with_official_complete_pattern_evidence,official_json_routeId_routeSeq_stopSeq_complete_sequence,"{""candidate_count"":1,""official_stop_ids"":[""20001677"",""20002116"",""20001655"",""20001860"",""20008050"",""20001679"",""20001680"",""20001861"",""20001862"",""20001864"",""20001569"",""20001848"",""20008089"",""20001851"",""20008051"",""20002123"",""20002124"",""20001675""],""schedule_stop_ids"":[""20001677"",""20002116"",""20001655"",""20001860"",""20008050"",""20001679"",""20001680"",""20001861"",""20001862"",""20001864"",""20001569"",""20001848"",""20008089"",""20001851"",""20008051"",""20002123"",""20002124"",""20001675""]}",
line_gmb_2001269,gmb_2001269_1,2001269,1,1,16,16,1,one,True,True,False,official_route_sequence_exact_full_pattern,direction_not_encoded,partial,B,exact,A,upgraded_with_official_complete_pattern_evidence,official_json_routeId_routeSeq_stopSeq_complete_sequence,"{""candidate_count"":1,""official_stop_ids"":[""20001655"",""20001860"",""20008050"",""20001679"",""20001680"",""20001861"",""20001862"",""20001864"",""20001569"",""20001848"",""20008089"",""20001851"",""20008051"",""20002123"",""20002124"",""20001675""],""schedule_stop_ids"":[""20001655"",""20001860"",""20008050"",""20001679"",""20001680"",""20001861"",""20001862"",""20001864"",""20001569"",""20001848"",""20008089"",""20001851"",""20008051"",""20002123"",""20002124"",""20001675""]}",
line_gmb_2001270,gmb_2001270_1,2001270,1,1,20,20,1,one,True,True,False,official_route_sequence_exact_full_pattern,direction_not_encoded,partial,B,exact,A,upgraded_with_official_complete_pattern_evidence,official_json_routeId_routeSeq_stopSeq_complete_sequence,"{""candidate_count"":1,""official_stop_ids"":[""20002125"",""20002126"",""20008096"",""20002141"",""20001658"",""20001680"",""20001861"",""20001862"",""20001864"",""20001569"",""20001848"",""20008089"",""20001851"",""20002122"",""20001670"",""20002663"",""20001671"",""20008097"",""20001672"",""20002125""],""schedule_stop_ids"":[""20002125"",""20002126"",""20008096"",""20002141"",""20001658"",""20001680"",""20001861"",""20001862"",""20001864"",""20001569"",""20001848"",""20008089"",""20001851"",""20002122"",""20001670"",""20002663"",""20001671"",""20008097"",""20001672"",""20002125""]}",
line_gmb_2001271,gmb_2001271_1,2001271,1,1,16,16,1,one,True,True,False,official_route_sequence_exact_full_pattern,direction_not_encoded,partial,B,exact,A,upgraded_with_official_complete_pattern_evidence,official_json_routeId_routeSeq_stopSeq_complete_sequence,"{""candidate_count"":1,""official_stop_ids"":[""20001658"",""20001680"",""20001861"",""20001862"",""20001864"",""20001569"",""20001848"",""20008089"",""20001851"",""20002122"",""20001670"",""20002663"",""20001671"",""20008097"",""20002126"",""20002125""],""schedule_stop_ids"":[""20001658"",""20001680"",""20001861"",""20001862"",""20001864"",""20001569"",""20001848"",""20008089"",""20001851"",""20002122"",""20001670"",""20002663"",""20001671"",""20008097"",""20002126"",""20002125""]}",
line_gmb_2001272,gmb_2001272_1,2001272,1,1,23,23,1,one,True,True,False,official_route_sequence_exact_full_pattern,direction_not_encoded,partial,B,exact,A,upgraded_with_official_complete_pattern_evidence,official_json_routeId_routeSeq_stopSeq_complete_sequence,"{""candidate_count"":1,""official_stop_ids"":[""20001573"",""20003166"",""20007375"",""20001848"",""20008089"",""20001851"",""20002122"",""20001670"",""20002663"",""20001671"",""20002125"",""20020268"",""20001675"",""20001655"",""20008050"",""20001679"",""20001680"",""20001861"",""20001862"",""20001864"",""20002180"",""20003167"",""20001573""],""schedule_stop_ids"":[""20001573"",""20003166"",""20007375"",""20001848"",""20008089"",""20001851"",""20002122"",""20001670"",""20002663"",""20001671"",""20002125"",""20020268"",""20001675"",""20001655"",""20008050"",""20001679"",""20001680"",""20001861"",""20001862"",""20001864"",""20002180"",""20003167"",""20001573""]}",
line_gmb_2001273,gmb_2001273_1,2001273,1,1,12,12,1,one,True,True,False,official_route_sequence_exact_full_pattern,direction_not_encoded,partial,B,exact,A,upgraded_with_official_complete_pattern_evidence,official_json_routeId_routeSeq_stopSeq_complete_sequence,"{""candidate_count"":1,""official_stop_ids"":[""20001573"",""20003166"",""20007375"",""20001848"",""20001851"",""20003233"",""20002663"",""20002125"",""20001675"",""20001676"",""20002116"",""20001655""],""schedule_stop_ids"":[""20001573"",""20003166"",""20007375"",""20001848"",""20001851"",""20003233"",""20002663"",""20002125"",""20001675"",""20001676"",""20002116"",""20001655""]}",
line_gmb_2001274,gmb_2001274_1,2001274,1,1,17,17,1,one,True,True,False,official_route_sequence_exact_full_pattern,direction_not_encoded,partial,B,exact,A,upgraded_with_official_complete_pattern_evidence,official_json_routeId_routeSeq_stopSeq_complete_sequence,"{""candidate_count"":1,""official_stop_ids"":[""20002663"",""20001671"",""20002125"",""20008090"",""20001675"",""20001676"",""20002116"",""20001655"",""20008050"",""20001679"",""20001680"",""20001861"",""20001862"",""20001864"",""20002180"",""20003167"",""20001573""],""schedule_stop_ids"":[""20002663"",""20001671"",""20002125"",""20008090"",""20001675"",""20001676"",""20002116"",""20001655"",""20008050"",""20001679"",""20001680"",""20001861"",""20001862"",""20001864"",""20002180"",""20003167"",""20001573""]}",
line_gmb_2001275,gmb_2001275_1,2001275,1,1,2,2,1,one,True,True,False,official_route_sequence_exact_full_pattern,direction_not_encoded,partial,B,exact,A,upgraded_with_official_complete_pattern_evidence,official_json_routeId_routeSeq_stopSeq_complete_sequence,"{""candidate_count"":1,""official_stop_ids"":[""20001194"",""20001210""],""schedule_stop_ids"":[""20001194"",""20001210""]}",
line_gmb_2001275,gmb_2001275_2,2001275,2,2,2,2,1,one,True,True,False,official_route_sequence_exact_full_pattern,direction_not_encoded,partial,B,exact,A,upgraded_with_official_complete_pattern_evidence,official_json_routeId_routeSeq_stopSeq_complete_sequence,"{""candidate_count"":1,""official_stop_ids"":[""20001210"",""20001194""],""schedule_stop_ids"":[""20001210"",""20001194""]}",
line_gmb_2001276,gmb_2001276_1,2001276,1,1,17,17,1,one,True,True,False,official_route_sequence_exact_full_pattern,direction_not_encoded,partial,B,exact,A,upgraded_with_official_complete_pattern_evidence,official_json_routeId_routeSeq_stopSeq_complete_sequence,"{""candidate_count"":1,""official_stop_ids"":[""20001207"",""20007138"",""20008413"",""20007139"",""20007140"",""20001214"",""20001208"",""20003424"",""20002571"",""20001200"",""20002199"",""20008423"",""20007117"",""20007118"",""20008413"",""20007138"",""20001207""],""schedule_stop_ids"":[""20001207"",""20007138"",""20008413"",""20007139"",""20007140"",""20001214"",""20001208"",""20003424"",""20002571"",""20001200"",""20002199"",""20008423"",""20007117"",""20007118"",""20008413"",""20007138"",""20001207""]}",
line_gmb_2001277,gmb_2001277_1,2001277,1,1,10,10,1,one,True,True,False,official_route_sequence_exact_full_pattern,direction_not_encoded,partial,B,exact,A,upgraded_with_official_complete_pattern_evidence,official_json_routeId_routeSeq_stopSeq_complete_sequence,"{""candidate_count"":1,""official_stop_ids"":[""20001207"",""20007138"",""20008413"",""20007139"",""20007140"",""20001214"",""20001208"",""20003424"",""20001209"",""20001200""],""schedule_stop_ids"":[""20001207"",""20007138"",""20008413"",""20007139"",""20007140"",""20001214"",""20001208"",""20003424"",""20001209"",""20001200""]}",
line_gmb_2001278,gmb_2001278_1,2001278,1,1,5,5,1,one,True,True,False,official_route_sequence_exact_full_pattern,direction_not_encoded,partial,B,exact,A,upgraded_with_official_complete_pattern_evidence,official_json_routeId_routeSeq_stopSeq_complete_sequence,"{""candidate_count"":1,""official_stop_ids"":[""20002568"",""20008446"",""20002570"",""20002571"",""20001200""],""schedule_stop_ids"":[""20002568"",""20008446"",""20002570"",""20002571"",""20001200""]}",
line_gmb_2001278,gmb_2001278_2,2001278,2,2,5,5,1,one,True,True,False,official_route_sequence_exact_full_pattern,direction_not_encoded,partial,B,exact,A,upgraded_with_official_complete_pattern_evidence,official_json_routeId_routeSeq_stopSeq_complete_sequence,"{""candidate_count"":1,""official_stop_ids"":[""20001200"",""20001196"",""20002524"",""20008430"",""20002568""],""schedule_stop_ids"":[""20001200"",""20001196"",""20002524"",""20008430"",""20002568""]}",
line_gmb_2001326,gmb_2001326_1,2001326,1,1,10,10,1,one,True,True,False,official_route_sequence_exact_full_pattern,direction_not_encoded,partial,B,exact,A,upgraded_with_official_complete_pattern_evidence,official_json_routeId_routeSeq_stopSeq_complete_sequence,"{""candidate_count"":1,""official_stop_ids"":[""20001212"",""20008227"",""20008221"",""20008222"",""20001193"",""20006559"",""20008217"",""20008216"",""20008226"",""20001212""],""schedule_stop_ids"":[""20001212"",""20008227"",""20008221"",""20008222"",""20001193"",""20006559"",""20008217"",""20008216"",""20008226"",""20001212""]}",
line_gmb_2001327,gmb_2001327_1,2001327,1,1,4,4,1,one,True,True,False,official_route_sequence_exact_full_pattern,direction_not_encoded,partial,B,exact,A,upgraded_with_official_complete_pattern_evidence,official_json_routeId_routeSeq_stopSeq_complete_sequence,"{""candidate_count"":1,""official_stop_ids"":[""20008222"",""20001193"",""20006559"",""20008215""],""schedule_stop_ids"":[""20008222"",""20001193"",""20006559"",""20008215""]}",
line_gmb_2001359,gmb_2001359_1,2001359,1,1,10,10,1,one,True,True,False,official_route_sequence_exact_full_pattern,direction_not_encoded,partial,B,exact,A,upgraded_with_official_complete_pattern_evidence,official_json_routeId_routeSeq_stopSeq_complete_sequence,"{""candidate_count"":1,""official_stop_ids"":[""20001212"",""20008225"",""20008221"",""20008222"",""20001193"",""20006554"",""20008217"",""20008216"",""20008226"",""20001212""],""schedule_stop_ids"":[""20001212"",""20008225"",""20008221"",""20008222"",""20001193"",""20006554"",""20008217"",""20008216"",""20008226"",""20001212""]}",
line_gmb_2001360,gmb_2001360_1,2001360,1,1,7,7,1,one,True,True,False,official_route_sequence_exact_full_pattern,direction_not_encoded,partial,B,exact,A,upgraded_with_official_complete_pattern_evidence,official_json_routeId_routeSeq_stopSeq_complete_sequence,"{""candidate_count"":1,""official_stop_ids"":[""20001193"",""20006554"",""20008215"",""20008220"",""20003329"",""20001212"",""20003330""],""schedule_stop_ids"":[""20001193"",""20006554"",""20008215"",""20008220"",""20003329"",""20001212"",""20003330""]}",
line_gmb_2001360,gmb_2001360_2,2001360,2,2,8,8,1,one,True,True,False,official_route_sequence_exact_full_pattern,direction_not_encoded,partial,B,exact,A,upgraded_with_official_complete_pattern_evidence,official_json_routeId_routeSeq_stopSeq_complete_sequence,"{""candidate_count"":1,""official_stop_ids"":[""20003330"",""20001212"",""20003329"",""20008223"",""20008222"",""20001193"",""20001240"",""20006554""],""schedule_stop_ids"":[""20003330"",""20001212"",""20003329"",""20008223"",""20008222"",""20001193"",""20001240"",""20006554""]}",
line_gmb_2001361,gmb_2001361_1,2001361,1,1,20,20,1,one,True,True,False,official_route_sequence_exact_full_pattern,direction_not_encoded,partial,B,exact,A,upgraded_with_official_complete_pattern_evidence,official_json_routeId_routeSeq_stopSeq_complete_sequence,"{""candidate_count"":1,""official_stop_ids"":[""20001193"",""20007678"",""20003029"",""20003346"",""20001242"",""20001196"",""20003423"",""20001197"",""20008229"",""20008230"",""20008231"",""20001198"",""20001199"",""20008232"",""20008233"",""20002570"",""20001209"",""20006553"",""20006554"",""20001193""],""schedule_stop_ids"":[""20001193"",""20007678"",""20003029"",""20003346"",""20001242"",""20001196"",""20003423"",""20001197"",""20008229"",""20008230"",""20008231"",""20001198"",""20001199"",""20008232"",""20008233"",""20002570"",""20001209"",""20006553"",""20006554"",""20001193""]}",
line_gmb_2001392,gmb_2001392_1,2001392,1,1,4,4,1,one,True,True,False,official_route_sequence_exact_full_pattern,direction_not_encoded,partial,B,exact,A,upgraded_with_official_complete_pattern_evidence,official_json_routeId_routeSeq_stopSeq_complete_sequence,"{""candidate_count"":1,""official_stop_ids"":[""20001193"",""20001244"",""20008249"",""20001198""],""schedule_stop_ids"":[""20001193"",""20001244"",""20008249"",""20001198""]}",
line_gmb_2001392,gmb_2001392_2,2001392,2,2,4,4,1,one,True,True,False,official_route_sequence_exact_full_pattern,direction_not_encoded,partial,B,exact,A,upgraded_with_official_complete_pattern_evidence,official_json_routeId_routeSeq_stopSeq_complete_sequence,"{""candidate_count"":1,""official_stop_ids"":[""20001198"",""20001199"",""20001220"",""20001193""],""schedule_stop_ids"":[""20001198"",""20001199"",""20001220"",""20001193""]}",
line_gmb_2001458,gmb_2001458_1,2001458,1,1,3,3,1,one,True,True,False,official_route_sequence_exact_full_pattern,direction_not_encoded,partial,B,exact,A,upgraded_with_official_complete_pattern_evidence,official_json_routeId_routeSeq_stopSeq_complete_sequence,"{""candidate_count"":1,""official_stop_ids"":[""20001455"",""20001456"",""20001453""],""schedule_stop_ids"":[""20001455"",""20001456"",""20001453""]}",
line_gmb_2001459,gmb_2001459_1,2001459,1,1,3,3,1,one,True,True,False,official_route_sequence_exact_full_pattern,direction_not_encoded,partial,B,exact,A,upgraded_with_official_complete_pattern_evidence,official_json_routeId_routeSeq_stopSeq_complete_sequence,"{""candidate_count"":1,""official_stop_ids"":[""20001470"",""20001456"",""20001453""],""schedule_stop_ids"":[""20001470"",""20001456"",""20001453""]}",
line_gmb_2001460,gmb_2001460_1,2001460,1,1,7,7,1,one,True,True,False,official_route_sequence_exact_full_pattern,direction_not_encoded,partial,B,exact,A,upgraded_with_official_complete_pattern_evidence,official_json_routeId_routeSeq_stopSeq_complete_sequence,"{""candidate_count"":1,""official_stop_ids"":[""20002565"",""20017950"",""20017951"",""20001193"",""20013330"",""20017952"",""20002565""],""schedule_stop_ids"":[""20002565"",""20017950"",""20017951"",""20001193"",""20013330"",""20017952"",""20002565""]}",
line_gmb_2001461,gmb_2001461_1,2001461,1,1,8,8,1,one,True,True,False,official_route_sequence_exact_full_pattern,direction_not_encoded,partial,B,exact,A,upgraded_with_official_complete_pattern_evidence,official_json_routeId_routeSeq_stopSeq_complete_sequence,"{""candidate_count"":1,""official_stop_ids"":[""20006957"",""20001217"",""20001218"",""20001220"",""20001193"",""20001244"",""20006552"",""20006957""],""schedule_stop_ids"":[""20006957"",""20001217"",""20001218"",""20001220"",""20001193"",""20001244"",""20006552"",""20006957""]}",
line_gmb_2001462,gmb_2001462_1,2001462,1,1,17,17,1,one,True,True,False,official_route_sequence_exact_full_pattern,direction_not_encoded,partial,B,exact,A,upgraded_with_official_complete_pattern_evidence,official_json_routeId_routeSeq_stopSeq_complete_sequence,"{""candidate_count"":1,""official_stop_ids"":[""20006957"",""20008251"",""20008252"",""20008253"",""20001217"",""20001218"",""20001220"",""20007677"",""20007228"",""20001193"",""20001244"",""20001245"",""20006552"",""20008254"",""20008255"",""20008256"",""20006957""],""schedule_stop_ids"":[""20006957"",""20008251"",""20008252"",""20008253"",""20001217"",""20001218"",""20001220"",""20007677"",""20007228"",""20001193"",""20001244"",""20001245"",""20006552"",""20008254"",""20008255"",""20008256"",""20006957""]}",
line_gmb_2001463,gmb_2001463_1,2001463,1,1,6,6,1,one,True,True,False,official_route_sequence_exact_full_pattern,direction_not_encoded,partial,B,exact,A,upgraded_with_official_complete_pattern_evidence,official_json_routeId_routeSeq_stopSeq_complete_sequence,"{""candidate_count"":1,""official_stop_ids"":[""20006957"",""20001217"",""20001218"",""20007328"",""20006552"",""20006957""],""schedule_stop_ids"":[""20006957"",""20001217"",""20001218"",""20007328"",""20006552"",""20006957""]}",
line_gmb_2001464,gmb_2001464_1,2001464,1,1,18,18,1,one,True,True,False,official_route_sequence_exact_full_pattern,direction_not_encoded,partial,B,exact,A,upgraded_with_official_complete_pattern_evidence,official_json_routeId_routeSeq_stopSeq_complete_sequence,"{""candidate_count"":1,""official_stop_ids"":[""20001193"",""20007678"",""20007228"",""20001242"",""20001196"",""20003423"",""20001197"",""20008264"",""20008258"",""20006552"",""20008259"",""20008260"",""20001467"",""20007652"",""20008261"",""20008262"",""20008263"",""20001202""],""schedule_stop_ids"":[""20001193"",""20007678"",""20007228"",""20001242"",""20001196"",""20003423"",""20001197"",""20008264"",""20008258"",""20006552"",""20008259"",""20008260"",""20001467"",""20007652"",""20008261"",""20008262"",""20008263"",""20001202""]}",
line_gmb_2001464,gmb_2001464_2,2001464,2,2,18,18,1,one,True,True,False,official_route_sequence_exact_full_pattern,direction_not_encoded,partial,B,exact,A,upgraded_with_official_complete_pattern_evidence,official_json_routeId_routeSeq_stopSeq_complete_sequence,"{""candidate_count"":1,""official_stop_ids"":[""20001202"",""20008263"",""20008262"",""20008271"",""20001468"",""20006555"",""20008272"",""20008273"",""20001217"",""20001218"",""20001219"",""20008232"",""20008233"",""20001203"",""20002571"",""20006553"",""20006554"",""20001193""],""schedule_stop_ids"":[""20001202"",""20008263"",""20008262"",""20008271"",""20001468"",""20006555"",""20008272"",""20008273"",""20001217"",""20001218"",""20001219"",""20008232"",""20008233"",""20001203"",""20002571"",""20006553"",""20006554"",""20001193""]}",
line_gmb_2001465,gmb_2001465_1,2001465,1,1,10,10,1,one,True,True,False,official_route_sequence_exact_full_pattern,direction_not_encoded,partial,B,exact,A,upgraded_with_official_complete_pattern_evidence,official_json_routeId_routeSeq_stopSeq_complete_sequence,"{""candidate_count"":1,""official_stop_ids"":[""20001193"",""20006552"",""20008259"",""20008260"",""20001467"",""20007652"",""20008261"",""20008262"",""20008263"",""20001202""],""schedule_stop_ids"":[""20001193"",""20006552"",""20008259"",""20008260"",""20001467"",""20007652"",""20008261"",""20008262"",""20008263"",""20001202""]}",
line_gmb_2001465,gmb_2001465_2,2001465,2,2,10,10,1,one,True,True,False,official_route_sequence_exact_full_pattern,direction_not_encoded,partial,B,exact,A,upgraded_with_official_complete_pattern_evidence,official_json_routeId_routeSeq_stopSeq_complete_sequence,"{""candidate_count"":1,""official_stop_ids"":[""20001202"",""20008263"",""20008262"",""20008271"",""20001468"",""20006555"",""20008272"",""20008273"",""20001217"",""20001193""],""schedule_stop_ids"":[""20001202"",""20008263"",""20008262"",""20008271"",""20001468"",""20006555"",""20008272"",""20008273"",""20001217"",""20001193""]}",
line_gmb_2001467,gmb_2001467_1,2001467,1,1,10,10,1,one,True,True,False,official_route_sequence_exact_full_pattern,direction_not_encoded,partial,B,exact,A,upgraded_with_official_complete_pattern_evidence,official_json_routeId_routeSeq_stopSeq_complete_sequence,"{""candidate_count"":1,""official_stop_ids"":[""20001193"",""20003029"",""20003346"",""20001242"",""20001196"",""20001197"",""20006552"",""20001467"",""20001202"",""20007482""],""schedule_stop_ids"":[""20001193"",""20003029"",""20003346"",""20001242"",""20001196"",""20001197"",""20006552"",""20001467"",""20001202"",""20007482""]}",
line_gmb_2001467,gmb_2001467_2,2001467,2,2,19,19,1,one,True,True,False,official_route_sequence_exact_full_pattern,direction_not_encoded,partial,B,exact,A,upgraded_with_official_complete_pattern_evidence,official_json_routeId_routeSeq_stopSeq_complete_sequence,"{""candidate_count"":1,""official_stop_ids"":[""20007482"",""20001202"",""20010098"",""20010099"",""20008271"",""20001468"",""20006555"",""20008272"",""20008273"",""20001217"",""20001218"",""20001219"",""20008232"",""20008233"",""20001203"",""20002571"",""20006553"",""20006554"",""20001193""],""schedule_stop_ids"":[""20007482"",""20001202"",""20010098"",""20010099"",""20008271"",""20001468"",""20006555"",""20008272"",""20008273"",""20001217"",""20001218"",""20001219"",""20008232"",""20008233"",""20001203"",""20002571"",""20006553"",""20006554"",""20001193""]}",
line_gmb_2001468,gmb_2001468_1,2001468,1,1,20,20,1,one,True,True,False,official_route_sequence_exact_full_pattern,direction_not_encoded,partial,B,exact,A,upgraded_with_official_complete_pattern_evidence,official_json_routeId_routeSeq_stopSeq_complete_sequence,"{""candidate_count"":1,""official_stop_ids"":[""20002566"",""20008279"",""20008278"",""20008284"",""20003421"",""20008271"",""20001468"",""20006555"",""20008272"",""20008273"",""20001217"",""20001218"",""20001219"",""20008232"",""20008233"",""20001203"",""20002571"",""20006553"",""20006554"",""20001193""],""schedule_stop_ids"":[""20002566"",""20008279"",""20008278"",""20008284"",""20003421"",""20008271"",""20001468"",""20006555"",""20008272"",""20008273"",""20001217"",""20001218"",""20001219"",""20008232"",""20008233"",""20001203"",""20002571"",""20006553"",""20006554"",""20001193""]}",
line_gmb_2001469,gmb_2001469_1,2001469,1,1,21,21,1,one,True,True,False,official_route_sequence_exact_full_pattern,direction_not_encoded,partial,B,exact,A,upgraded_with_official_complete_pattern_evidence,official_json_routeId_routeSeq_stopSeq_complete_sequence,"{""candidate_count"":1,""official_stop_ids"":[""20002566"",""20008428"",""20008279"",""20008278"",""20008284"",""20003421"",""20008271"",""20001468"",""20006555"",""20008272"",""20008273"",""20001217"",""20001218"",""20001219"",""20008232"",""20008233"",""20001203"",""20002571"",""20006553"",""20006554"",""20001193""],""schedule_stop_ids"":[""20002566"",""20008428"",""20008279"",""20008278"",""20008284"",""20003421"",""20008271"",""20001468"",""20006555"",""20008272"",""20008273"",""20001217"",""20001218"",""20001219"",""20008232"",""20008233"",""20001203"",""20002571"",""20006553"",""20006554"",""20001193""]}",
line_gmb_2001470,gmb_2001470_1,2001470,1,1,29,29,1,one,True,True,False,official_route_sequence_exact_full_pattern,direction_not_encoded,partial,B,exact,A,upgraded_with_official_complete_pattern_evidence,official_json_routeId_routeSeq_stopSeq_complete_sequence,"{""candidate_count"":1,""official_stop_ids"":[""20001193"",""20007678"",""20003029"",""20003346"",""20001242"",""20001196"",""20003423"",""20001197"",""20008264"",""20001245"",""20006552"",""20008259"",""20008260"",""20001467"",""20007652"",""20008261"",""20007653"",""20008277"",""20007654"",""20008287"",""20008288"",""20008289"",""20008290"",""20008291"",""20008292"",""20008293"",""20008294"",""20008295"",""20002567""],""schedule_stop_ids"":[""20001193"",""20007678"",""20003029"",""20003346"",""20001242"",""20001196"",""20003423"",""20001197"",""20008264"",""20001245"",""20006552"",""20008259"",""20008260"",""20001467"",""20007652"",""20008261"",""20007653"",""20008277"",""20007654"",""20008287"",""20008288"",""20008289"",""20008290"",""20008291"",""20008292"",""20008293"",""20008294"",""20008295"",""20002567""]}",
line_gmb_2001470,gmb_2001470_2,2001470,2,2,27,27,1,one,True,True,False,official_route_sequence_exact_full_pattern,direction_not_encoded,partial,B,exact,A,upgraded_with_official_complete_pattern_evidence,official_json_routeId_routeSeq_stopSeq_complete_sequence,"{""candidate_count"":1,""official_stop_ids"":[""20002567"",""20008314"",""20008315"",""20008316"",""20008317"",""20008318"",""20008319"",""20008320"",""20008321"",""20006556"",""20008284"",""20003421"",""20008271"",""20001468"",""20006555"",""20008272"",""20008273"",""20001217"",""20001218"",""20001219"",""20008232"",""20008233"",""20001203"",""20002571"",""20006553"",""20006554"",""20001193""],""schedule_stop_ids"":[""20002567"",""20008314"",""20008315"",""20008316"",""20008317"",""20008318"",""20008319"",""20008320"",""20008321"",""20006556"",""20008284"",""20003421"",""20008271"",""20001468"",""20006555"",""20008272"",""20008273"",""20001217"",""20001218"",""20001219"",""20008232"",""20008233"",""20001203"",""20002571"",""20006553"",""20006554"",""20001193""]}",
line_gmb_2001471,gmb_2001471_1,2001471,1,1,20,20,1,one,True,True,False,official_route_sequence_exact_full_pattern,direction_not_encoded,partial,B,exact,A,upgraded_with_official_complete_pattern_evidence,official_json_routeId_routeSeq_stopSeq_complete_sequence,"{""candidate_count"":1,""official_stop_ids"":[""20001193"",""20006552"",""20008259"",""20008260"",""20001467"",""20007652"",""20008261"",""20007653"",""20008277"",""20007654"",""20008287"",""20008288"",""20008289"",""20008290"",""20008291"",""20008292"",""20008293"",""20008294"",""20008295"",""20002567""],""schedule_stop_ids"":[""20001193"",""20006552"",""20008259"",""20008260"",""20001467"",""20007652"",""20008261"",""20007653"",""20008277"",""20007654"",""20008287"",""20008288"",""20008289"",""20008290"",""20008291"",""20008292"",""20008293"",""20008294"",""20008295"",""20002567""]}",
line_gmb_2001471,gmb_2001471_2,2001471,2,2,19,19,1,one,True,True,False,official_route_sequence_exact_full_pattern,direction_not_encoded,partial,B,exact,A,upgraded_with_official_complete_pattern_evidence,official_json_routeId_routeSeq_stopSeq_complete_sequence,"{""candidate_count"":1,""official_stop_ids"":[""20002567"",""20008314"",""20008315"",""20008316"",""20008317"",""20008318"",""20008319"",""20008320"",""20008321"",""20006556"",""20008284"",""20003421"",""20008271"",""20001468"",""20006555"",""20008272"",""20008273"",""20001217"",""20001193""],""schedule_stop_ids"":[""20002567"",""20008314"",""20008315"",""20008316"",""20008317"",""20008318"",""20008319"",""20008320"",""20008321"",""20006556"",""20008284"",""20003421"",""20008271"",""20001468"",""20006555"",""20008272"",""20008273"",""20001217"",""20001193""]}",
line_gmb_2001472,gmb_2001472_1,2001472,1,1,30,30,1,one,True,True,False,official_route_sequence_exact_full_pattern,direction_not_encoded,partial,B,exact,A,upgraded_with_official_complete_pattern_evidence,official_json_routeId_routeSeq_stopSeq_complete_sequence,"{""candidate_count"":1,""official_stop_ids"":[""20001193"",""20007678"",""20003029"",""20003346"",""20001242"",""20001196"",""20003423"",""20001197"",""20008264"",""20001245"",""20006552"",""20008259"",""20008260"",""20001467"",""20007652"",""20008261"",""20007653"",""20008277"",""20007654"",""20008287"",""20008288"",""20008289"",""20008290"",""20008291"",""20007285"",""20008292"",""20008293"",""20008294"",""20008295"",""20002567""],""schedule_stop_ids"":[""20001193"",""20007678"",""20003029"",""20003346"",""20001242"",""20001196"",""20003423"",""20001197"",""20008264"",""20001245"",""20006552"",""20008259"",""20008260"",""20001467"",""20007652"",""20008261"",""20007653"",""20008277"",""20007654"",""20008287"",""20008288"",""20008289"",""20008290"",""20008291"",""20007285"",""20008292"",""20008293"",""20008294"",""20008295"",""20002567""]}",
line_gmb_2001472,gmb_2001472_2,2001472,2,2,11,11,1,one,True,True,False,official_route_sequence_exact_full_pattern,direction_not_encoded,partial,B,exact,A,upgraded_with_official_complete_pattern_evidence,official_json_routeId_routeSeq_stopSeq_complete_sequence,"{""candidate_count"":1,""official_stop_ids"":[""20002567"",""20008317"",""20007654"",""20003421"",""20001468"",""20006555"",""20001203"",""20001209"",""20006553"",""20006554"",""20001193""],""schedule_stop_ids"":[""20002567"",""20008317"",""20007654"",""20003421"",""20001468"",""20006555"",""20001203"",""20001209"",""20006553"",""20006554"",""20001193""]}",
line_gmb_2001473,gmb_2001473_1,2001473,1,1,47,47,1,one,True,True,False,official_route_sequence_exact_full_pattern,direction_not_encoded,partial,B,exact,A,upgraded_with_official_complete_pattern_evidence,official_json_routeId_routeSeq_stopSeq_complete_sequence,"{""candidate_count"":1,""official_stop_ids"":[""20001193"",""20007678"",""20007228"",""20001242"",""20001196"",""20003423"",""20001197"",""20008264"",""20001245"",""20006552"",""20008259"",""20008260"",""20001467"",""20007652"",""20008261"",""20007653"",""20008277"",""20007654"",""20008287"",""20008288"",""20008289"",""20008290"",""20008291"",""20007285"",""20008318"",""20008319"",""20008320"",""20008321"",""20006556"",""20007654"",""20008284"",""20003421"",""20008271"",""20001468"",""20006555"",""20008272"",""20008273"",""20001217"",""20001218"",""20001219"",""20008232"",""20008233"",""20001203"",""20002571"",""20006553"",""20006554"",""20001193""],""schedule_stop_ids"":[""20001193"",""20007678"",""20007228"",""20001242"",""20001196"",""20003423"",""20001197"",""20008264"",""20001245"",""20006552"",""20008259"",""20008260"",""20001467"",""20007652"",""20008261"",""20007653"",""20008277"",""20007654"",""20008287"",""20008288"",""20008289"",""20008290"",""20008291"",""20007285"",""20008318"",""20008319"",""20008320"",""20008321"",""20006556"",""20007654"",""20008284"",""20003421"",""20008271"",""20001468"",""20006555"",""20008272"",""20008273"",""20001217"",""20001218"",""20001219"",""20008232"",""20008233"",""20001203"",""20002571"",""20006553"",""20006554"",""20001193""]}",
line_gmb_2001474,gmb_2001474_1,2001474,1,1,47,47,1,one,True,True,False,official_route_sequence_exact_full_pattern,direction_not_encoded,partial,B,exact,A,upgraded_with_official_complete_pattern_evidence,official_json_routeId_routeSeq_stopSeq_complete_sequence,"{""candidate_count"":1,""official_stop_ids"":[""20001193"",""20007678"",""20007228"",""20001242"",""20001196"",""20003423"",""20001197"",""20008257"",""20001245"",""20006552"",""20008259"",""20008260"",""20001467"",""20007652"",""20008261"",""20007653"",""20008277"",""20007654"",""20008287"",""20008288"",""20008289"",""20008290"",""20008291"",""20007285"",""20008318"",""20008319"",""20008320"",""20008321"",""20006556"",""20007654"",""20008284"",""20003421"",""20008271"",""20001468"",""20006555"",""20008272"",""20008273"",""20001217"",""20001218"",""20001219"",""20008232"",""20008233"",""20001203"",""20002571"",""20006553"",""20006554"",""20001193""],""schedule_stop_ids"":[""20001193"",""20007678"",""20007228"",""20001242"",""20001196"",""20003423"",""20001197"",""20008257"",""20001245"",""20006552"",""20008259"",""20008260"",""20001467"",""20007652"",""20008261"",""20007653"",""20008277"",""20007654"",""20008287"",""20008288"",""20008289"",""20008290"",""20008291"",""20007285"",""20008318"",""20008319"",""20008320"",""20008321"",""20006556"",""20007654"",""20008284"",""20003421"",""20008271"",""20001468"",""20006555"",""20008272"",""20008273"",""20001217"",""20001218"",""20001219"",""20008232"",""20008233"",""20001203"",""20002571"",""20006553"",""20006554"",""20001193""]}",
line_gmb_2001475,gmb_2001475_1,2001475,1,1,32,32,1,one,True,True,False,official_route_sequence_exact_full_pattern,direction_not_encoded,partial,B,exact,A,upgraded_with_official_complete_pattern_evidence,official_json_routeId_routeSeq_stopSeq_complete_sequence,"{""candidate_count"":1,""official_stop_ids"":[""20001193"",""20007678"",""20003029"",""20003346"",""20001196"",""20003423"",""20001197"",""20008264"",""20001245"",""20006552"",""20008259"",""20008260"",""20001467"",""20007652"",""20008261"",""20007653"",""20008277"",""20007654"",""20008287"",""20008288"",""20008289"",""20008290"",""20008291"",""20008292"",""20008293"",""20008294"",""20008295"",""20008330"",""20008331"",""20008332"",""20008333"",""20007080""],""schedule_stop_ids"":[""20001193"",""20007678"",""20003029"",""20003346"",""20001196"",""20003423"",""20001197"",""20008264"",""20001245"",""20006552"",""20008259"",""20008260"",""20001467"",""20007652"",""20008261"",""20007653"",""20008277"",""20007654"",""20008287"",""20008288"",""20008289"",""20008290"",""20008291"",""20008292"",""20008293"",""20008294"",""20008295"",""20008330"",""20008331"",""20008332"",""20008333"",""20007080""]}",
line_gmb_2001475,gmb_2001475_2,2001475,2,2,31,31,1,one,True,True,False,official_route_sequence_exact_full_pattern,direction_not_encoded,partial,B,exact,A,upgraded_with_official_complete_pattern_evidence,official_json_routeId_routeSeq_stopSeq_complete_sequence,"{""candidate_count"":1,""official_stop_ids"":[""20007080"",""20008338"",""20008339"",""20008340"",""20008341"",""20008314"",""20008315"",""20008316"",""20008317"",""20008318"",""20008319"",""20008320"",""20008321"",""20006556"",""20008284"",""20003421"",""20008271"",""20001468"",""20006555"",""20008272"",""20008273"",""20001217"",""20001218"",""20001219"",""20008232"",""20008233"",""20001203"",""20002571"",""20006553"",""20006554"",""20001193""],""schedule_stop_ids"":[""20007080"",""20008338"",""20008339"",""20008340"",""20008341"",""20008314"",""20008315"",""20008316"",""20008317"",""20008318"",""20008319"",""20008320"",""20008321"",""20006556"",""20008284"",""20003421"",""20008271"",""20001468"",""20006555"",""20008272"",""20008273"",""20001217"",""20001218"",""20001219"",""20008232"",""20008233"",""20001203"",""20002571"",""20006553"",""20006554"",""20001193""]}",
line_gmb_2001476,gmb_2001476_1,2001476,1,1,12,12,1,one,True,True,False,official_route_sequence_exact_full_pattern,direction_not_encoded,partial,B,exact,A,upgraded_with_official_complete_pattern_evidence,official_json_routeId_routeSeq_stopSeq_complete_sequence,"{""candidate_count"":1,""official_stop_ids"":[""20001193"",""20006552"",""20008259"",""20008260"",""20001467"",""20007652"",""20008261"",""20007653"",""20008277"",""20007654"",""20008278"",""20007295""],""schedule_stop_ids"":[""20001193"",""20006552"",""20008259"",""20008260"",""20001467"",""20007652"",""20008261"",""20007653"",""20008277"",""20007654"",""20008278"",""20007295""]}",
line_gmb_2001476,gmb_2001476_2,2001476,2,2,12,12,1,one,True,True,False,official_route_sequence_exact_full_pattern,direction_not_encoded,partial,B,exact,A,upgraded_with_official_complete_pattern_evidence,official_json_routeId_routeSeq_stopSeq_complete_sequence,"{""candidate_count"":1,""official_stop_ids"":[""20007295"",""20008278"",""20007654"",""20008284"",""20003421"",""20008271"",""20001468"",""20006555"",""20008272"",""20008273"",""20001217"",""20001193""],""schedule_stop_ids"":[""20007295"",""20008278"",""20007654"",""20008284"",""20003421"",""20008271"",""20001468"",""20006555"",""20008272"",""20008273"",""20001217"",""20001193""]}",
line_gmb_2001478,gmb_2001478_1,2001478,1,1,9,9,1,one,True,True,False,official_route_sequence_exact_full_pattern,direction_not_encoded,partial,B,exact,A,upgraded_with_official_complete_pattern_evidence,official_json_routeId_routeSeq_stopSeq_complete_sequence,"{""candidate_count"":1,""official_stop_ids"":[""20008263"",""20001202"",""20001468"",""20006555"",""20001203"",""20001209"",""20006553"",""20006554"",""20001193""],""schedule_stop_ids"":[""20008263"",""20001202"",""20001468"",""20006555"",""20001203"",""20001209"",""20006553"",""20006554"",""20001193""]}",
line_gmb_2001524,gmb_2001524_1,2001524,1,1,9,9,1,one,True,True,False,official_route_sequence_exact_full_pattern,direction_not_encoded,partial,B,exact,A,upgraded_with_official_complete_pattern_evidence,official_json_routeId_routeSeq_stopSeq_complete_sequence,"{""candidate_count"":1,""official_stop_ids"":[""20000960"",""20000986"",""20000894"",""20000895"",""20000808"",""20000987"",""20000988"",""20000809"",""20000989""],""schedule_stop_ids"":[""20000960"",""20000986"",""20000894"",""20000895"",""20000808"",""20000987"",""20000988"",""20000809"",""20000989""]}",
line_gmb_2001524,gmb_2001524_2,2001524,2,2,9,9,1,one,True,True,False,official_route_sequence_exact_full_pattern,direction_not_encoded,partial,B,exact,A,upgraded_with_official_complete_pattern_evidence,official_json_routeId_routeSeq_stopSeq_complete_sequence,"{""candidate_count"":1,""official_stop_ids"":[""20000989"",""20000990"",""20000815"",""20000991"",""20000992"",""20000993"",""20008479"",""20000994"",""20000960""],""schedule_stop_ids"":[""20000989"",""20000990"",""20000815"",""20000991"",""20000992"",""20000993"",""20008479"",""20000994"",""20000960""]}",
line_gmb_2001557,gmb_2001557_1,2001557,1,1,7,7,1,one,True,True,False,official_route_sequence_exact_full_pattern,direction_not_encoded,partial,B,exact,A,upgraded_with_official_complete_pattern_evidence,official_json_routeId_routeSeq_stopSeq_complete_sequence,"{""candidate_count"":1,""official_stop_ids"":[""20003010"",""20002671"",""20003011"",""20000995"",""20003076"",""20002670"",""20003010""],""schedule_stop_ids"":[""20003010"",""20002671"",""20003011"",""20000995"",""20003076"",""20002670"",""20003010""]}",
line_gmb_2001558,gmb_2001558_1,2001558,1,1,8,8,1,one,True,True,False,official_route_sequence_exact_full_pattern,direction_not_encoded,partial,B,exact,A,upgraded_with_official_complete_pattern_evidence,official_json_routeId_routeSeq_stopSeq_complete_sequence,"{""candidate_count"":1,""official_stop_ids"":[""20019765"",""20008525"",""20008526"",""20008527"",""20020360"",""20002010"",""20008521"",""20019303""],""schedule_stop_ids"":[""20019765"",""20008525"",""20008526"",""20008527"",""20020360"",""20002010"",""20008521"",""20019303""]}",
line_gmb_2001558,gmb_2001558_2,2001558,2,2,8,8,1,one,True,True,False,official_route_sequence_exact_full_pattern,direction_not_encoded,partial,B,exact,A,upgraded_with_official_complete_pattern_evidence,official_json_routeId_routeSeq_stopSeq_complete_sequence,"{""candidate_count"":1,""official_stop_ids"":[""20019303"",""20008513"",""20008514"",""20000923"",""20001058"",""20008515"",""20008529"",""20019765""],""schedule_stop_ids"":[""20019303"",""20008513"",""20008514"",""20000923"",""20001058"",""20008515"",""20008529"",""20019765""]}",
line_gmb_2001591,gmb_2001591_1,2001591,1,1,3,3,1,one,True,True,False,official_route_sequence_exact_full_pattern,direction_not_encoded,partial,B,exact,A,upgraded_with_official_complete_pattern_evidence,official_json_routeId_routeSeq_stopSeq_complete_sequence,"{""candidate_count"":1,""official_stop_ids"":[""20001296"",""20007709"",""20007708""],""schedule_stop_ids"":[""20001296"",""20007709"",""20007708""]}",
line_gmb_2001591,gmb_2001591_2,2001591,2,2,4,4,1,one,True,True,False,official_route_sequence_exact_full_pattern,direction_not_encoded,partial,B,exact,A,upgraded_with_official_complete_pattern_evidence,official_json_routeId_routeSeq_stopSeq_complete_sequence,"{""candidate_count"":1,""official_stop_ids"":[""20007708"",""20007709"",""20008596"",""20001296""],""schedule_stop_ids"":[""20007708"",""20007709"",""20008596"",""20001296""]}",
line_gmb_2001635,gmb_2001635_1,2001635,1,1,10,10,1,one,True,True,False,official_route_sequence_exact_full_pattern,direction_not_encoded,partial,B,exact,A,upgraded_with_official_complete_pattern_evidence,official_json_routeId_routeSeq_stopSeq_complete_sequence,"{""candidate_count"":1,""official_stop_ids"":[""20002113"",""20001754"",""20001737"",""20001428"",""20001429"",""20001430"",""20001418"",""20002133"",""20001746"",""20002113""],""schedule_stop_ids"":[""20002113"",""20001754"",""20001737"",""20001428"",""20001429"",""20001430"",""20001418"",""20002133"",""20001746"",""20002113""]}",
line_gmb_2001636,gmb_2001636_1,2001636,1,1,9,9,1,one,True,True,False,official_route_sequence_exact_full_pattern,direction_not_encoded,partial,B,exact,A,upgraded_with_official_complete_pattern_evidence,official_json_routeId_routeSeq_stopSeq_complete_sequence,"{""candidate_count"":1,""official_stop_ids"":[""20001344"",""20001312"",""20001313"",""20001314"",""20001346"",""20001347"",""20002430"",""20001372"",""20001373""],""schedule_stop_ids"":[""20001344"",""20001312"",""20001313"",""20001314"",""20001346"",""20001347"",""20002430"",""20001372"",""20001373""]}",
line_gmb_2001636,gmb_2001636_2,2001636,2,2,9,9,1,one,True,True,False,official_route_sequence_exact_full_pattern,direction_not_encoded,partial,B,exact,A,upgraded_with_official_complete_pattern_evidence,official_json_routeId_routeSeq_stopSeq_complete_sequence,"{""candidate_count"":1,""official_stop_ids"":[""20001373"",""20001355"",""20001356"",""20001357"",""20001358"",""20001359"",""20001319"",""20011812"",""20001344""],""schedule_stop_ids"":[""20001373"",""20001355"",""20001356"",""20001357"",""20001358"",""20001359"",""20001319"",""20011812"",""20001344""]}",
line_gmb_2001656,gmb_2001656_1,2001656,1,1,28,28,1,one,True,True,False,official_route_sequence_exact_full_pattern,direction_not_encoded,partial,B,exact,A,upgraded_with_official_complete_pattern_evidence,official_json_routeId_routeSeq_stopSeq_complete_sequence,"{""candidate_count"":1,""official_stop_ids"":[""20001344"",""20001312"",""20001313"",""20001314"",""20001346"",""20001347"",""20002430"",""20001349"",""20002034"",""20008711"",""20002036"",""20002037"",""20009273"",""20004504"",""20001352"",""20002053"",""20001353"",""20002054"",""20001354"",""20004505"",""20001355"",""20001356"",""20001357"",""20001358"",""20001359"",""20001319"",""20001311"",""20001344""],""schedule_stop_ids"":[""20001344"",""20001312"",""20001313"",""20001314"",""20001346"",""20001347"",""20002430"",""20001349"",""20002034"",""20008711"",""20002036"",""20002037"",""20009273"",""20004504"",""20001352"",""20002053"",""20001353"",""20002054"",""20001354"",""20004505"",""20001355"",""20001356"",""20001357"",""20001358"",""20001359"",""20001319"",""20001311"",""20001344""]}",
line_gmb_2001689,gmb_2001689_1,2001689,1,1,6,6,1,one,True,True,False,official_route_sequence_exact_full_pattern,direction_not_encoded,partial,B,exact,A,upgraded_with_official_complete_pattern_evidence,official_json_routeId_routeSeq_stopSeq_complete_sequence,"{""candidate_count"":1,""official_stop_ids"":[""20002066"",""20001876"",""20001877"",""20001873"",""20002062"",""20002066""],""schedule_stop_ids"":[""20002066"",""20001876"",""20001877"",""20001873"",""20002062"",""20002066""]}",
line_gmb_2001690,gmb_2001690_1,2001690,1,1,27,27,1,one,True,True,False,official_route_sequence_exact_full_pattern,direction_not_encoded,partial,B,exact,A,upgraded_with_official_complete_pattern_evidence,official_json_routeId_routeSeq_stopSeq_complete_sequence,"{""candidate_count"":1,""official_stop_ids"":[""20001344"",""20001312"",""20001313"",""20001314"",""20001346"",""20008644"",""20002430"",""20001349"",""20002034"",""20002035"",""20002036"",""20002037"",""20009273"",""20001351"",""20001352"",""20002053"",""20001353"",""20002054"",""20001354"",""20004505"",""20001355"",""20001356"",""20001357"",""20001359"",""20001319"",""20011812"",""20001344""],""schedule_stop_ids"":[""20001344"",""20001312"",""20001313"",""20001314"",""20001346"",""20008644"",""20002430"",""20001349"",""20002034"",""20002035"",""20002036"",""20002037"",""20009273"",""20001351"",""20001352"",""20002053"",""20001353"",""20002054"",""20001354"",""20004505"",""20001355"",""20001356"",""20001357"",""20001359"",""20001319"",""20011812"",""20001344""]}",
line_gmb_2001723,gmb_2001723_1,2001723,1,1,11,11,1,one,True,True,False,official_route_sequence_exact_full_pattern,direction_not_encoded,partial,B,exact,A,upgraded_with_official_complete_pattern_evidence,official_json_routeId_routeSeq_stopSeq_complete_sequence,"{""candidate_count"":1,""official_stop_ids"":[""20001344"",""20001312"",""20001313"",""20001314"",""20001346"",""20001347"",""20002430"",""20001349"",""20002034"",""20002035"",""20001360""],""schedule_stop_ids"":[""20001344"",""20001312"",""20001313"",""20001314"",""20001346"",""20001347"",""20002430"",""20001349"",""20002034"",""20002035"",""20001360""]}",
line_gmb_2001723,gmb_2001723_2,2001723,2,2,12,12,1,one,True,True,False,official_route_sequence_exact_full_pattern,direction_not_encoded,partial,B,exact,A,upgraded_with_official_complete_pattern_evidence,official_json_routeId_routeSeq_stopSeq_complete_sequence,"{""candidate_count"":1,""official_stop_ids"":[""20001360"",""20002035"",""20001354"",""20004505"",""20001355"",""20001356"",""20001357"",""20001358"",""20001359"",""20001319"",""20011812"",""20001344""],""schedule_stop_ids"":[""20001360"",""20002035"",""20001354"",""20004505"",""20001355"",""20001356"",""20001357"",""20001358"",""20001359"",""20001319"",""20011812"",""20001344""]}",
line_gmb_2001740,gmb_2001740_1,2001740,1,1,42,42,1,one,True,True,False,official_route_sequence_exact_full_pattern,direction_not_encoded,partial,B,exact,A,upgraded_with_official_complete_pattern_evidence,official_json_routeId_routeSeq_stopSeq_complete_sequence,"{""candidate_count"":1,""official_stop_ids"":[""20001344"",""20001312"",""20001313"",""20001314"",""20001346"",""20001347"",""20002430"",""20001349"",""20002034"",""20008711"",""20002036"",""20002037"",""20006914"",""20002057"",""20002040"",""20002058"",""20002043"",""20005041"",""20001363"",""20001365"",""20020887"",""20007079"",""20005041"",""20001363"",""20001368"",""20001369"",""20001370"",""20020888"",""20001352"",""20002053"",""20001353"",""20002054"",""20001354"",""20004505"",""20001355"",""20001356"",""20001357"",""20001358"",""20001359"",""20001319"",""20011812"",""20001344""],""schedule_stop_ids"":[""20001344"",""20001312"",""20001313"",""20001314"",""20001346"",""20001347"",""20002430"",""20001349"",""20002034"",""20008711"",""20002036"",""20002037"",""20006914"",""20002057"",""20002040"",""20002058"",""20002043"",""20005041"",""20001363"",""20001365"",""20020887"",""20007079"",""20005041"",""20001363"",""20001368"",""20001369"",""20001370"",""20020888"",""20001352"",""20002053"",""20001353"",""20002054"",""20001354"",""20004505"",""20001355"",""20001356"",""20001357"",""20001358"",""20001359"",""20001319"",""20011812"",""20001344""]}",
line_gmb_2001741,gmb_2001741_1,2001741,1,1,31,31,1,one,True,True,False,official_route_sequence_exact_full_pattern,direction_not_encoded,partial,B,exact,A,upgraded_with_official_complete_pattern_evidence,official_json_routeId_routeSeq_stopSeq_complete_sequence,"{""candidate_count"":1,""official_stop_ids"":[""20001344"",""20001312"",""20001313"",""20001314"",""20001346"",""20008644"",""20002430"",""20001349"",""20002034"",""20009503"",""20002036"",""20002037"",""20009273"",""20009312"",""20001351"",""20009314"",""20009315"",""20004504"",""20001352"",""20002053"",""20001353"",""20002054"",""20001354"",""20004505"",""20001355"",""20001356"",""20001357"",""20001359"",""20001319"",""20011812"",""20001344""],""schedule_stop_ids"":[""20001344"",""20001312"",""20001313"",""20001314"",""20001346"",""20008644"",""20002430"",""20001349"",""20002034"",""20009503"",""20002036"",""20002037"",""20009273"",""20009312"",""20001351"",""20009314"",""20009315"",""20004504"",""20001352"",""20002053"",""20001353"",""20002054"",""20001354"",""20004505"",""20001355"",""20001356"",""20001357"",""20001359"",""20001319"",""20011812"",""20001344""]}",
line_gmb_2001755,gmb_2001755_1,2001755,1,1,10,10,1,one,True,True,False,official_route_sequence_exact_full_pattern,direction_not_encoded,partial,B,exact,A,upgraded_with_official_complete_pattern_evidence,official_json_routeId_routeSeq_stopSeq_complete_sequence,"{""candidate_count"":1,""official_stop_ids"":[""20002614"",""20003048"",""20008743"",""20002211"",""20003105"",""20004145"",""20001792"",""20003028"",""20003024"",""20002614""],""schedule_stop_ids"":[""20002614"",""20003048"",""20008743"",""20002211"",""20003105"",""20004145"",""20001792"",""20003028"",""20003024"",""20002614""]}",
line_gmb_2001788,gmb_2001788_1,2001788,1,1,16,16,1,one,True,True,False,official_route_sequence_exact_full_pattern,direction_not_encoded,partial,B,exact,A,upgraded_with_official_complete_pattern_evidence,official_json_routeId_routeSeq_stopSeq_complete_sequence,"{""candidate_count"":1,""official_stop_ids"":[""20009418"",""20001759"",""20001760"",""20001726"",""20001731"",""20001732"",""20007671"",""20002170"",""20002048"",""20001819"",""20001427"",""20001428"",""20009420"",""20001837"",""20022834"",""20002102""],""schedule_stop_ids"":[""20009418"",""20001759"",""20001760"",""20001726"",""20001731"",""20001732"",""20007671"",""20002170"",""20002048"",""20001819"",""20001427"",""20001428"",""20009420"",""20001837"",""20022834"",""20002102""]}",
line_gmb_2001788,gmb_2001788_2,2001788,2,2,15,15,1,one,True,True,False,official_route_sequence_exact_full_pattern,direction_not_encoded,partial,B,exact,A,upgraded_with_official_complete_pattern_evidence,official_json_routeId_routeSeq_stopSeq_complete_sequence,"{""candidate_count"":1,""official_stop_ids"":[""20002102"",""20022834"",""20001801"",""20009602"",""20001418"",""20001803"",""20001804"",""20009413"",""20007672"",""20002046"",""20009416"",""20001742"",""20001756"",""20001757"",""20009418""],""schedule_stop_ids"":[""20002102"",""20022834"",""20001801"",""20009602"",""20001418"",""20001803"",""20001804"",""20009413"",""20007672"",""20002046"",""20009416"",""20001742"",""20001756"",""20001757"",""20009418""]}",
line_gmb_2001821,gmb_2001821_1,2001821,1,1,29,29,1,one,True,True,False,official_route_sequence_exact_full_pattern,direction_not_encoded,partial,B,exact,A,upgraded_with_official_complete_pattern_evidence,official_json_routeId_routeSeq_stopSeq_complete_sequence,"{""candidate_count"":1,""official_stop_ids"":[""20001544"",""20001545"",""20007673"",""20002289"",""20002290"",""20007674"",""20001547"",""20002293"",""20007675"",""20002327"",""20002235"",""20001567"",""20003336"",""20002981"",""20007046"",""20007048"",""20007095"",""20008776"",""20007097"",""20007676"",""20008783"",""20008787"",""20003030"",""20001241"",""20002523"",""20008814"",""20008822"",""20008832"",""20007679""],""schedule_stop_ids"":[""20001544"",""20001545"",""20007673"",""20002289"",""20002290"",""20007674"",""20001547"",""20002293"",""20007675"",""20002327"",""20002235"",""20001567"",""20003336"",""20002981"",""20007046"",""20007048"",""20007095"",""20008776"",""20007097"",""20007676"",""20008783"",""20008787"",""20003030"",""20001241"",""20002523"",""20008814"",""20008822"",""20008832"",""20007679""]}",
line_gmb_2001821,gmb_2001821_2,2001821,2,2,30,30,1,one,True,True,False,official_route_sequence_exact_full_pattern,direction_not_encoded,partial,B,exact,A,upgraded_with_official_complete_pattern_evidence,official_json_routeId_routeSeq_stopSeq_complete_sequence,"{""candidate_count"":1,""official_stop_ids"":[""20007679"",""20007680"",""20007681"",""20007682"",""20001221"",""20002571"",""20006553"",""20001222"",""20001224"",""20001225"",""20007683"",""20008866"",""20008776"",""20007094"",""20007049"",""20007047"",""20002414"",""20002415"",""20002416"",""20001563"",""20006610"",""20002261"",""20002273"",""20002274"",""20001550"",""20002294"",""20002295"",""20007685"",""20001551"",""20001544""],""schedule_stop_ids"":[""20007679"",""20007680"",""20007681"",""20007682"",""20001221"",""20002571"",""20006553"",""20001222"",""20001224"",""20001225"",""20007683"",""20008866"",""20008776"",""20007094"",""20007049"",""20007047"",""20002414"",""20002415"",""20002416"",""20001563"",""20006610"",""20002261"",""20002273"",""20002274"",""20001550"",""20002294"",""20002295"",""20007685"",""20001551"",""20001544""]}",
line_gmb_2001823,gmb_2001823_1,2001823,1,1,29,29,1,one,True,True,False,official_route_sequence_exact_full_pattern,direction_not_encoded,partial,B,exact,A,upgraded_with_official_complete_pattern_evidence,official_json_routeId_routeSeq_stopSeq_complete_sequence,"{""candidate_count"":1,""official_stop_ids"":[""20005007"",""20007686"",""20002235"",""20001567"",""20007687"",""20002237"",""20002238"",""20002313"",""20002314"",""20002315"",""20007688"",""20008983"",""20003336"",""20002981"",""20007046"",""20007048"",""20007095"",""20008776"",""20007097"",""20007676"",""20001239"",""20008787"",""20003030"",""20001241"",""20002523"",""20001243"",""20008822"",""20008832"",""20007679""],""schedule_stop_ids"":[""20005007"",""20007686"",""20002235"",""20001567"",""20007687"",""20002237"",""20002238"",""20002313"",""20002314"",""20002315"",""20007688"",""20008983"",""20003336"",""20002981"",""20007046"",""20007048"",""20007095"",""20008776"",""20007097"",""20007676"",""20001239"",""20008787"",""20003030"",""20001241"",""20002523"",""20001243"",""20008822"",""20008832"",""20007679""]}",
line_gmb_2001823,gmb_2001823_2,2001823,2,2,32,32,1,one,True,True,False,official_route_sequence_exact_full_pattern,direction_not_encoded,partial,B,exact,A,upgraded_with_official_complete_pattern_evidence,official_json_routeId_routeSeq_stopSeq_complete_sequence,"{""candidate_count"":1,""official_stop_ids"":[""20007679"",""20007680"",""20007681"",""20007682"",""20001221"",""20002571"",""20008856"",""20001222"",""20001224"",""20001225"",""20007683"",""20009019"",""20008776"",""20007094"",""20007049"",""20007047"",""20002414"",""20002415"",""20002416"",""20007628"",""20008983"",""20007688"",""20002321"",""20002322"",""20007689"",""20002288"",""20002228"",""20001563"",""20006610"",""20007690"",""20007465"",""20005007""],""schedule_stop_ids"":[""20007679"",""20007680"",""20007681"",""20007682"",""20001221"",""20002571"",""20008856"",""20001222"",""20001224"",""20001225"",""20007683"",""20009019"",""20008776"",""20007094"",""20007049"",""20007047"",""20002414"",""20002415"",""20002416"",""20007628"",""20008983"",""20007688"",""20002321"",""20002322"",""20007689"",""20002288"",""20002228"",""20001563"",""20006610"",""20007690"",""20007465"",""20005007""]}",
line_gmb_2001825,gmb_2001825_1,2001825,1,1,15,15,1,one,True,True,False,official_route_sequence_exact_full_pattern,direction_not_encoded,partial,B,exact,A,upgraded_with_official_complete_pattern_evidence,official_json_routeId_routeSeq_stopSeq_complete_sequence,"{""candidate_count"":1,""official_stop_ids"":[""20009073"",""20009074"",""20007095"",""20008776"",""20007097"",""20007676"",""20008783"",""20008787"",""20003030"",""20001241"",""20001242"",""20008814"",""20008822"",""20008832"",""20007679""],""schedule_stop_ids"":[""20009073"",""20009074"",""20007095"",""20008776"",""20007097"",""20007676"",""20008783"",""20008787"",""20003030"",""20001241"",""20001242"",""20008814"",""20008822"",""20008832"",""20007679""]}",
line_gmb_2001825,gmb_2001825_2,2001825,2,2,16,16,1,one,True,True,False,official_route_sequence_exact_full_pattern,direction_not_encoded,partial,B,exact,A,upgraded_with_official_complete_pattern_evidence,official_json_routeId_routeSeq_stopSeq_complete_sequence,"{""candidate_count"":1,""official_stop_ids"":[""20007679"",""20007680"",""20007681"",""20007682"",""20001221"",""20002571"",""20008856"",""20001222"",""20001224"",""20001225"",""20007683"",""20008866"",""20008776"",""20007094"",""20007050"",""20009073""],""schedule_stop_ids"":[""20007679"",""20007680"",""20007681"",""20007682"",""20001221"",""20002571"",""20008856"",""20001222"",""20001224"",""20001225"",""20007683"",""20008866"",""20008776"",""20007094"",""20007050"",""20009073""]}",
line_gmb_2001855,gmb_2001855_1,2001855,1,1,11,11,1,one,True,True,False,official_route_sequence_exact_full_pattern,direction_not_encoded,partial,B,exact,A,upgraded_with_official_complete_pattern_evidence,official_json_routeId_routeSeq_stopSeq_complete_sequence,"{""candidate_count"":1,""official_stop_ids"":[""20002416"",""20003336"",""20002981"",""20007046"",""20007048"",""20007095"",""20009112"",""20007676"",""20008783"",""20008832"",""20007679""],""schedule_stop_ids"":[""20002416"",""20003336"",""20002981"",""20007046"",""20007048"",""20007095"",""20009112"",""20007676"",""20008783"",""20008832"",""20007679""]}",
line_gmb_2001855,gmb_2001855_2,2001855,2,2,11,11,1,one,True,True,False,official_route_sequence_exact_full_pattern,direction_not_encoded,partial,B,exact,A,upgraded_with_official_complete_pattern_evidence,official_json_routeId_routeSeq_stopSeq_complete_sequence,"{""candidate_count"":1,""official_stop_ids"":[""20007679"",""20007680"",""20001225"",""20007683"",""20009019"",""20007094"",""20007049"",""20007047"",""20002414"",""20002415"",""20002416""],""schedule_stop_ids"":[""20007679"",""20007680"",""20001225"",""20007683"",""20009019"",""20007094"",""20007049"",""20007047"",""20002414"",""20002415"",""20002416""]}",
line_gmb_2001887,gmb_2001887_1,2001887,1,1,21,21,1,one,True,True,False,official_route_sequence_exact_full_pattern,direction_not_encoded,partial,B,exact,A,upgraded_with_official_complete_pattern_evidence,official_json_routeId_routeSeq_stopSeq_complete_sequence,"{""candidate_count"":1,""official_stop_ids"":[""20002127"",""20001816"",""20001696"",""20022240"",""20004208"",""20020755"",""20004210"",""20020756"",""20004211"",""20002131"",""20004212"",""20020757"",""20004213"",""20010327"",""20009114"",""20020758"",""20009119"",""20001690"",""20001817"",""20001819"",""20002127""],""schedule_stop_ids"":[""20002127"",""20001816"",""20001696"",""20022240"",""20004208"",""20020755"",""20004210"",""20020756"",""20004211"",""20002131"",""20004212"",""20020757"",""20004213"",""20010327"",""20009114"",""20020758"",""20009119"",""20001690"",""20001817"",""20001819"",""20002127""]}",
line_gmb_2001888,gmb_2001888_1,2001888,1,1,16,16,1,one,True,True,False,official_route_sequence_exact_full_pattern,direction_not_encoded,partial,B,exact,A,upgraded_with_official_complete_pattern_evidence,official_json_routeId_routeSeq_stopSeq_complete_sequence,"{""candidate_count"":1,""official_stop_ids"":[""20002127"",""20001816"",""20001696"",""20022240"",""20004208"",""20020755"",""20004210"",""20013628"",""20010327"",""20009114"",""20020758"",""20009119"",""20001690"",""20001817"",""20009128"",""20002127""],""schedule_stop_ids"":[""20002127"",""20001816"",""20001696"",""20022240"",""20004208"",""20020755"",""20004210"",""20013628"",""20010327"",""20009114"",""20020758"",""20009119"",""20001690"",""20001817"",""20009128"",""20002127""]}",
line_gmb_2001889,gmb_2001889_1,2001889,1,1,9,9,1,one,True,True,False,official_route_sequence_exact_full_pattern,direction_not_encoded,partial,B,exact,A,upgraded_with_official_complete_pattern_evidence,official_json_routeId_routeSeq_stopSeq_complete_sequence,"{""candidate_count"":1,""official_stop_ids"":[""20002381"",""20020496"",""20002069"",""20002070"",""20001876"",""20001877"",""20001873"",""20002062"",""20002381""],""schedule_stop_ids"":[""20002381"",""20020496"",""20002069"",""20002070"",""20001876"",""20001877"",""20001873"",""20002062"",""20002381""]}",
line_gmb_2001890,gmb_2001890_1,2001890,1,1,28,28,1,one,True,True,False,official_route_sequence_exact_full_pattern,direction_not_encoded,partial,B,exact,A,upgraded_with_official_complete_pattern_evidence,official_json_routeId_routeSeq_stopSeq_complete_sequence,"{""candidate_count"":1,""official_stop_ids"":[""20002071"",""20002073"",""20001893"",""20002059"",""20001646"",""20002077"",""20009132"",""20001629"",""20001445"",""20002079"",""20002080"",""20001854"",""20002081"",""20020497"",""20002082"",""20001716"",""20002145"",""20002083"",""20001687"",""20020498"",""20001643"",""20002084"",""20002085"",""20009134"",""20001887"",""20020499"",""20001889"",""20002071""],""schedule_stop_ids"":[""20002071"",""20002073"",""20001893"",""20002059"",""20001646"",""20002077"",""20009132"",""20001629"",""20001445"",""20002079"",""20002080"",""20001854"",""20002081"",""20020497"",""20002082"",""20001716"",""20002145"",""20002083"",""20001687"",""20020498"",""20001643"",""20002084"",""20002085"",""20009134"",""20001887"",""20020499"",""20001889"",""20002071""]}",
line_gmb_2001891,gmb_2001891_1,2001891,1,1,22,22,1,one,True,True,False,official_route_sequence_exact_full_pattern,direction_not_encoded,partial,B,exact,A,upgraded_with_official_complete_pattern_evidence,official_json_routeId_routeSeq_stopSeq_complete_sequence,"{""candidate_count"":1,""official_stop_ids"":[""20001894"",""20002059"",""20001646"",""20002077"",""20009132"",""20001629"",""20001445"",""20002079"",""20002080"",""20001854"",""20002081"",""20002082"",""20001716"",""20002145"",""20002083"",""20001687"",""20001643"",""20002084"",""20002085"",""20009134"",""20001887"",""20001888""],""schedule_stop_ids"":[""20001894"",""20002059"",""20001646"",""20002077"",""20009132"",""20001629"",""20001445"",""20002079"",""20002080"",""20001854"",""20002081"",""20002082"",""20001716"",""20002145"",""20002083"",""20001687"",""20001643"",""20002084"",""20002085"",""20009134"",""20001887"",""20001888""]}",
line_gmb_2001920,gmb_2001920_1,2001920,1,1,28,28,1,one,True,True,False,official_route_sequence_exact_full_pattern,direction_not_encoded,partial,B,exact,A,upgraded_with_official_complete_pattern_evidence,official_json_routeId_routeSeq_stopSeq_complete_sequence,"{""candidate_count"":1,""official_stop_ids"":[""20001198"",""20004151"",""20001199"",""20001220"",""20001221"",""20001205"",""20002524"",""20006557"",""20004152"",""20001207"",""20004153"",""20003202"",""20004154"",""20003203"",""20004155"",""20004156"",""20007955"",""20004157"",""20004158"",""20004159"",""20004160"",""20004161"",""20004162"",""20004163"",""20004164"",""20004165"",""20007288"",""20004166""],""schedule_stop_ids"":[""20001198"",""20004151"",""20001199"",""20001220"",""20001221"",""20001205"",""20002524"",""20006557"",""20004152"",""20001207"",""20004153"",""20003202"",""20004154"",""20003203"",""20004155"",""20004156"",""20007955"",""20004157"",""20004158"",""20004159"",""20004160"",""20004161"",""20004162"",""20004163"",""20004164"",""20004165"",""20007288"",""20004166""]}",
line_gmb_2001920,gmb_2001920_2,2001920,2,2,24,24,1,one,True,True,False,official_route_sequence_exact_full_pattern,direction_not_encoded,partial,B,exact,A,upgraded_with_official_complete_pattern_evidence,official_json_routeId_routeSeq_stopSeq_complete_sequence,"{""candidate_count"":1,""official_stop_ids"":[""20004166"",""20004167"",""20004165"",""20004168"",""20004169"",""20004170"",""20004171"",""20004172"",""20004159"",""20003259"",""20004528"",""20004532"",""20004156"",""20004174"",""20003203"",""20004176"",""20004177"",""20004153"",""20004179"",""20003424"",""20001243"",""20001244"",""20004180"",""20001198""],""schedule_stop_ids"":[""20004166"",""20004167"",""20004165"",""20004168"",""20004169"",""20004170"",""20004171"",""20004172"",""20004159"",""20003259"",""20004528"",""20004532"",""20004156"",""20004174"",""20003203"",""20004176"",""20004177"",""20004153"",""20004179"",""20003424"",""20001243"",""20001244"",""20004180"",""20001198""]}",
line_gmb_2001955,gmb_2001955_1,2001955,1,1,16,16,1,one,True,True,False,official_route_sequence_exact_full_pattern,direction_not_encoded,partial,B,exact,A,upgraded_with_official_complete_pattern_evidence,official_json_routeId_routeSeq_stopSeq_complete_sequence,"{""candidate_count"":1,""official_stop_ids"":[""20002182"",""20003259"",""20004528"",""20004532"",""20004156"",""20004155"",""20003203"",""20004154"",""20004177"",""20004178"",""20001207"",""20003424"",""20001243"",""20001244"",""20004180"",""20001198""],""schedule_stop_ids"":[""20002182"",""20003259"",""20004528"",""20004532"",""20004156"",""20004155"",""20003203"",""20004154"",""20004177"",""20004178"",""20001207"",""20003424"",""20001243"",""20001244"",""20004180"",""20001198""]}",
line_gmb_2001986,gmb_2001986_1,2001986,1,1,21,21,1,one,True,True,False,official_route_sequence_exact_full_pattern,direction_not_encoded,partial,B,exact,A,upgraded_with_official_complete_pattern_evidence,official_json_routeId_routeSeq_stopSeq_complete_sequence,"{""candidate_count"":1,""official_stop_ids"":[""20004166"",""20004169"",""20004170"",""20004171"",""20004172"",""20002182"",""20003259"",""20004528"",""20004532"",""20004173"",""20004174"",""20003203"",""20004176"",""20004177"",""20004178"",""20004179"",""20003424"",""20001243"",""20001244"",""20004180"",""20001198""],""schedule_stop_ids"":[""20004166"",""20004169"",""20004170"",""20004171"",""20004172"",""20002182"",""20003259"",""20004528"",""20004532"",""20004173"",""20004174"",""20003203"",""20004176"",""20004177"",""20004178"",""20004179"",""20003424"",""20001243"",""20001244"",""20004180"",""20001198""]}",
line_gmb_2001987,gmb_2001987_1,2001987,1,1,19,19,1,one,True,True,False,official_route_sequence_exact_full_pattern,direction_not_encoded,partial,B,exact,A,upgraded_with_official_complete_pattern_evidence,official_json_routeId_routeSeq_stopSeq_complete_sequence,"{""candidate_count"":1,""official_stop_ids"":[""20001198"",""20004151"",""20001199"",""20001220"",""20001221"",""20001205"",""20002524"",""20006557"",""20004152"",""20001207"",""20004153"",""20003202"",""20004176"",""20003203"",""20004174"",""20009176"",""20007955"",""20004157"",""20004158""],""schedule_stop_ids"":[""20001198"",""20004151"",""20001199"",""20001220"",""20001221"",""20001205"",""20002524"",""20006557"",""20004152"",""20001207"",""20004153"",""20003202"",""20004176"",""20003203"",""20004174"",""20009176"",""20007955"",""20004157"",""20004158""]}",
line_gmb_2002019,gmb_2002019_1,2002019,1,1,24,24,1,one,True,True,False,official_route_sequence_exact_full_pattern,direction_not_encoded,partial,B,exact,A,upgraded_with_official_complete_pattern_evidence,official_json_routeId_routeSeq_stopSeq_complete_sequence,"{""candidate_count"":1,""official_stop_ids"":[""20001221"",""20001205"",""20009187"",""20006557"",""20004152"",""20001207"",""20004153"",""20004177"",""20004154"",""20003203"",""20004155"",""20004156"",""20003204"",""20004157"",""20004158"",""20004159"",""20004160"",""20004161"",""20004162"",""20004163"",""20004164"",""20004165"",""20007288"",""20004166""],""schedule_stop_ids"":[""20001221"",""20001205"",""20009187"",""20006557"",""20004152"",""20001207"",""20004153"",""20004177"",""20004154"",""20003203"",""20004155"",""20004156"",""20003204"",""20004157"",""20004158"",""20004159"",""20004160"",""20004161"",""20004162"",""20004163"",""20004164"",""20004165"",""20007288"",""20004166""]}",
line_gmb_2002020,gmb_2002020_1,2002020,1,1,14,14,1,one,True,True,False,official_route_sequence_exact_full_pattern,direction_not_encoded,partial,B,exact,A,upgraded_with_official_complete_pattern_evidence,official_json_routeId_routeSeq_stopSeq_complete_sequence,"{""candidate_count"":1,""official_stop_ids"":[""20000142"",""20000143"",""20009182"",""20009183"",""20009184"",""20000123"",""20000146"",""20000147"",""20000121"",""20000123"",""20003108"",""20009185"",""20003085"",""20000142""],""schedule_stop_ids"":[""20000142"",""20000143"",""20009182"",""20009183"",""20009184"",""20000123"",""20000146"",""20000147"",""20000121"",""20000123"",""20003108"",""20009185"",""20003085"",""20000142""]}",
line_gmb_2002021,gmb_2002021_1,2002021,1,1,10,10,1,one,True,True,False,official_route_sequence_exact_full_pattern,direction_not_encoded,partial,B,exact,A,upgraded_with_official_complete_pattern_evidence,official_json_routeId_routeSeq_stopSeq_complete_sequence,"{""candidate_count"":1,""official_stop_ids"":[""20000066"",""20000307"",""20000308"",""20000309"",""20000134"",""20000135"",""20000136"",""20000137"",""20000139"",""20000066""],""schedule_stop_ids"":[""20000066"",""20000307"",""20000308"",""20000309"",""20000134"",""20000135"",""20000136"",""20000137"",""20000139"",""20000066""]}",
line_gmb_2002052,gmb_2002052_1,2002052,1,1,10,10,1,one,True,True,False,official_route_sequence_exact_full_pattern,direction_not_encoded,partial,B,exact,A,upgraded_with_official_complete_pattern_evidence,official_json_routeId_routeSeq_stopSeq_complete_sequence,"{""candidate_count"":1,""official_stop_ids"":[""20000140"",""20003522"",""20003523"",""20003524"",""20003525"",""20000135"",""20000136"",""20000137"",""20000139"",""20000066""],""schedule_stop_ids"":[""20000140"",""20003522"",""20003523"",""20003524"",""20003525"",""20000135"",""20000136"",""20000137"",""20000139"",""20000066""]}",
line_gmb_2002052,gmb_2002052_2,2002052,2,2,11,11,1,one,True,True,False,official_route_sequence_exact_full_pattern,direction_not_encoded,partial,B,exact,A,upgraded_with_official_complete_pattern_evidence,official_json_routeId_routeSeq_stopSeq_complete_sequence,"{""candidate_count"":1,""official_stop_ids"":[""20000066"",""20000307"",""20000308"",""20000309"",""20000134"",""20000135"",""20003526"",""20003527"",""20003528"",""20003529"",""20000140""],""schedule_stop_ids"":[""20000066"",""20000307"",""20000308"",""20000309"",""20000134"",""20000135"",""20003526"",""20003527"",""20003528"",""20003529"",""20000140""]}",
line_gmb_2002053,gmb_2002053_1,2002053,1,1,9,9,1,one,True,True,False,official_route_sequence_exact_full_pattern,direction_not_encoded,partial,B,exact,A,upgraded_with_official_complete_pattern_evidence,official_json_routeId_routeSeq_stopSeq_complete_sequence,"{""candidate_count"":1,""official_stop_ids"":[""20000140"",""20003522"",""20003523"",""20003524"",""20003525"",""20000136"",""20000137"",""20000139"",""20000066""],""schedule_stop_ids"":[""20000140"",""20003522"",""20003523"",""20003524"",""20003525"",""20000136"",""20000137"",""20000139"",""20000066""]}",
line_gmb_2002053,gmb_2002053_2,2002053,2,2,10,10,1,one,True,True,False,official_route_sequence_exact_full_pattern,direction_not_encoded,partial,B,exact,A,upgraded_with_official_complete_pattern_evidence,official_json_routeId_routeSeq_stopSeq_complete_sequence,"{""candidate_count"":1,""official_stop_ids"":[""20000066"",""20000307"",""20000308"",""20000309"",""20000134"",""20003526"",""20003527"",""20003528"",""20003529"",""20000140""],""schedule_stop_ids"":[""20000066"",""20000307"",""20000308"",""20000309"",""20000134"",""20003526"",""20003527"",""20003528"",""20003529"",""20000140""]}",
line_gmb_2002085,gmb_2002085_1,2002085,1,1,4,4,1,one,True,True,False,official_route_sequence_exact_full_pattern,direction_not_encoded,partial,B,exact,A,upgraded_with_official_complete_pattern_evidence,official_json_routeId_routeSeq_stopSeq_complete_sequence,"{""candidate_count"":1,""official_stop_ids"":[""20022571"",""20000580"",""20000581"",""20000582""],""schedule_stop_ids"":[""20022571"",""20000580"",""20000581"",""20000582""]}",
line_gmb_2002085,gmb_2002085_2,2002085,2,2,5,5,1,one,True,True,False,official_route_sequence_exact_full_pattern,direction_not_encoded,partial,B,exact,A,upgraded_with_official_complete_pattern_evidence,official_json_routeId_routeSeq_stopSeq_complete_sequence,"{""candidate_count"":1,""official_stop_ids"":[""20000582"",""20000583"",""20000584"",""20000585"",""20022571""],""schedule_stop_ids"":[""20000582"",""20000583"",""20000584"",""20000585"",""20022571""]}",
line_gmb_2002087,gmb_2002087_1,2002087,1,1,10,10,1,one,True,True,False,official_route_sequence_exact_full_pattern,direction_not_encoded,partial,B,exact,A,upgraded_with_official_complete_pattern_evidence,official_json_routeId_routeSeq_stopSeq_complete_sequence,"{""candidate_count"":1,""official_stop_ids"":[""20000586"",""20006005"",""20000588"",""20006035"",""20002675"",""20000590"",""20000591"",""20000592"",""20001039"",""20000582""],""schedule_stop_ids"":[""20000586"",""20006005"",""20000588"",""20006035"",""20002675"",""20000590"",""20000591"",""20000592"",""20001039"",""20000582""]}",
line_gmb_2002087,gmb_2002087_2,2002087,2,2,14,14,1,one,True,True,False,official_route_sequence_exact_full_pattern,direction_not_encoded,partial,B,exact,A,upgraded_with_official_complete_pattern_evidence,official_json_routeId_routeSeq_stopSeq_complete_sequence,"{""candidate_count"":1,""official_stop_ids"":[""20000582"",""20006003"",""20007059"",""20000594"",""20000595"",""20000596"",""20000597"",""20002676"",""20002677"",""20000588"",""20000600"",""20000968"",""20000969"",""20000586""],""schedule_stop_ids"":[""20000582"",""20006003"",""20007059"",""20000594"",""20000595"",""20000596"",""20000597"",""20002676"",""20002677"",""20000588"",""20000600"",""20000968"",""20000969"",""20000586""]}",
line_gmb_2002091,gmb_2002091_1,2002091,1,1,8,8,1,one,True,True,False,official_route_sequence_exact_full_pattern,direction_not_encoded,partial,B,exact,A,upgraded_with_official_complete_pattern_evidence,official_json_routeId_routeSeq_stopSeq_complete_sequence,"{""candidate_count"":1,""official_stop_ids"":[""20001099"",""20000599"",""20002677"",""20020182"",""20000588"",""20006035"",""20002675"",""20001099""],""schedule_stop_ids"":[""20001099"",""20000599"",""20002677"",""20020182"",""20000588"",""20006035"",""20002675"",""20001099""]}",
line_gmb_2002092,gmb_2002092_1,2002092,1,1,7,7,1,one,True,True,False,official_route_sequence_exact_full_pattern,direction_not_encoded,partial,B,exact,A,upgraded_with_official_complete_pattern_evidence,official_json_routeId_routeSeq_stopSeq_complete_sequence,"{""candidate_count"":1,""official_stop_ids"":[""20000588"",""20000589"",""20000590"",""20000591"",""20000592"",""20001039"",""20000582""],""schedule_stop_ids"":[""20000588"",""20000589"",""20000590"",""20000591"",""20000592"",""20001039"",""20000582""]}",
line_gmb_2002092,gmb_2002092_2,2002092,2,2,9,9,1,one,True,True,False,official_route_sequence_exact_full_pattern,direction_not_encoded,partial,B,exact,A,upgraded_with_official_complete_pattern_evidence,official_json_routeId_routeSeq_stopSeq_complete_sequence,"{""candidate_count"":1,""official_stop_ids"":[""20000582"",""20006003"",""20007059"",""20000594"",""20000595"",""20000596"",""20000598"",""20000599"",""20000588""],""schedule_stop_ids"":[""20000582"",""20006003"",""20007059"",""20000594"",""20000595"",""20000596"",""20000598"",""20000599"",""20000588""]}",
line_gmb_2002118,gmb_2002118_1,2002118,1,1,5,5,1,one,True,True,False,official_route_sequence_exact_full_pattern,direction_not_encoded,partial,B,exact,A,upgraded_with_official_complete_pattern_evidence,official_json_routeId_routeSeq_stopSeq_complete_sequence,"{""candidate_count"":1,""official_stop_ids"":[""20000588"",""20000589"",""20000590"",""20000591"",""20000592""],""schedule_stop_ids"":[""20000588"",""20000589"",""20000590"",""20000591"",""20000592""]}",
line_gmb_2002118,gmb_2002118_2,2002118,2,2,6,6,1,one,True,True,False,official_route_sequence_exact_full_pattern,direction_not_encoded,partial,B,exact,A,upgraded_with_official_complete_pattern_evidence,official_json_routeId_routeSeq_stopSeq_complete_sequence,"{""candidate_count"":1,""official_stop_ids"":[""20000592"",""20000595"",""20000596"",""20000598"",""20000599"",""20000588""],""schedule_stop_ids"":[""20000592"",""20000595"",""20000596"",""20000598"",""20000599"",""20000588""]}",
line_gmb_2002151,gmb_2002151_1,2002151,1,1,4,4,1,one,True,True,False,official_route_sequence_exact_full_pattern,direction_not_encoded,partial,B,exact,A,upgraded_with_official_complete_pattern_evidence,official_json_routeId_routeSeq_stopSeq_complete_sequence,"{""candidate_count"":1,""official_stop_ids"":[""20009205"",""20000598"",""20000599"",""20000588""],""schedule_stop_ids"":[""20009205"",""20000598"",""20000599"",""20000588""]}",
line_gmb_2002217,gmb_2002217_1,2002217,1,1,12,12,1,one,True,True,False,official_route_sequence_exact_full_pattern,direction_not_encoded,partial,B,exact,A,upgraded_with_official_complete_pattern_evidence,official_json_routeId_routeSeq_stopSeq_complete_sequence,"{""candidate_count"":1,""official_stop_ids"":[""20000255"",""20000256"",""20003426"",""20003427"",""20003428"",""20003429"",""20000257"",""20009568"",""20003454"",""20003430"",""20000258"",""20000255""],""schedule_stop_ids"":[""20000255"",""20000256"",""20003426"",""20003427"",""20003428"",""20003429"",""20000257"",""20009568"",""20003454"",""20003430"",""20000258"",""20000255""]}",
line_gmb_2002250,gmb_2002250_1,2002250,1,1,8,8,1,one,True,True,False,official_route_sequence_exact_full_pattern,direction_not_encoded,partial,B,exact,A,upgraded_with_official_complete_pattern_evidence,official_json_routeId_routeSeq_stopSeq_complete_sequence,"{""candidate_count"":1,""official_stop_ids"":[""20000254"",""20003425"",""20009338"",""20003436"",""20000103"",""20003431"",""20003425"",""20000254""],""schedule_stop_ids"":[""20000254"",""20003425"",""20009338"",""20003436"",""20000103"",""20003431"",""20003425"",""20000254""]}",
line_gmb_2002283,gmb_2002283_1,2002283,1,1,12,12,1,one,True,True,False,official_route_sequence_exact_full_pattern,direction_not_encoded,partial,B,exact,A,upgraded_with_official_complete_pattern_evidence,official_json_routeId_routeSeq_stopSeq_complete_sequence,"{""candidate_count"":1,""official_stop_ids"":[""20006979"",""20006958"",""20000026"",""20009370"",""20000075"",""20003497"",""20009376"",""20003499"",""20003404"",""20003498"",""20000024"",""20006979""],""schedule_stop_ids"":[""20006979"",""20006958"",""20000026"",""20009370"",""20000075"",""20003497"",""20009376"",""20003499"",""20003404"",""20003498"",""20000024"",""20006979""]}",
line_gmb_2002285,gmb_2002285_1,2002285,1,1,21,21,1,one,True,True,False,official_route_sequence_exact_full_pattern,direction_not_encoded,partial,B,exact,A,upgraded_with_official_complete_pattern_evidence,official_json_routeId_routeSeq_stopSeq_complete_sequence,"{""candidate_count"":1,""official_stop_ids"":[""20000080"",""20013165"",""20003468"",""20006948"",""20000082"",""20013166"",""20003470"",""20003471"",""20003472"",""20013167"",""20013192"",""20003474"",""20013193"",""20000085"",""20013194"",""20013195"",""20000289"",""20021451"",""20000088"",""20011779"",""20000080""],""schedule_stop_ids"":[""20000080"",""20013165"",""20003468"",""20006948"",""20000082"",""20013166"",""20003470"",""20003471"",""20003472"",""20013167"",""20013192"",""20003474"",""20013193"",""20000085"",""20013194"",""20013195"",""20000289"",""20021451"",""20000088"",""20011779"",""20000080""]}",
line_gmb_2002286,gmb_2002286_1,2002286,1,1,20,20,1,one,True,True,False,official_route_sequence_exact_full_pattern,direction_not_encoded,partial,B,exact,A,upgraded_with_official_complete_pattern_evidence,official_json_routeId_routeSeq_stopSeq_complete_sequence,"{""candidate_count"":1,""official_stop_ids"":[""20000090"",""20000091"",""20000081"",""20000088"",""20011779"",""20003476"",""20000174"",""20000012"",""20000072"",""20000092"",""20007656"",""20003474"",""20003475"",""20006949"",""20000085"",""20021452"",""20013195"",""20000289"",""20021451"",""20000090""],""schedule_stop_ids"":[""20000090"",""20000091"",""20000081"",""20000088"",""20011779"",""20003476"",""20000174"",""20000012"",""20000072"",""20000092"",""20007656"",""20003474"",""20003475"",""20006949"",""20000085"",""20021452"",""20013195"",""20000289"",""20021451"",""20000090""]}",
line_gmb_2002287,gmb_2002287_1,2002287,1,1,15,15,1,one,True,True,False,official_route_sequence_exact_full_pattern,direction_not_encoded,partial,B,exact,A,upgraded_with_official_complete_pattern_evidence,official_json_routeId_routeSeq_stopSeq_complete_sequence,"{""candidate_count"":1,""official_stop_ids"":[""20000102"",""20000394"",""20002622"",""20002623"",""20003089"",""20003439"",""20003438"",""20003437"",""20002413"",""20000099"",""20000246"",""20000247"",""20009504"",""20000101"",""20003397""],""schedule_stop_ids"":[""20000102"",""20000394"",""20002622"",""20002623"",""20003089"",""20003439"",""20003438"",""20003437"",""20002413"",""20000099"",""20000246"",""20000247"",""20009504"",""20000101"",""20003397""]}",
line_gmb_2002287,gmb_2002287_2,2002287,2,2,15,15,1,one,True,True,False,official_route_sequence_exact_full_pattern,direction_not_encoded,partial,B,exact,A,upgraded_with_official_complete_pattern_evidence,official_json_routeId_routeSeq_stopSeq_complete_sequence,"{""candidate_count"":1,""official_stop_ids"":[""20003397"",""20003465"",""20009505"",""20009506"",""20000246"",""20000099"",""20003129"",""20003065"",""20003441"",""20003442"",""20004002"",""20003351"",""20003467"",""20003464"",""20000102""],""schedule_stop_ids"":[""20003397"",""20003465"",""20009505"",""20009506"",""20000246"",""20000099"",""20003129"",""20003065"",""20003441"",""20003442"",""20004002"",""20003351"",""20003467"",""20003464"",""20000102""]}",
line_gmb_2002289,gmb_2002289_1,2002289,1,1,14,14,1,one,True,True,False,official_route_sequence_exact_full_pattern,direction_not_encoded,partial,B,exact,A,upgraded_with_official_complete_pattern_evidence,official_json_routeId_routeSeq_stopSeq_complete_sequence,"{""candidate_count"":1,""official_stop_ids"":[""20000102"",""20000394"",""20002622"",""20002623"",""20003089"",""20003439"",""20003438"",""20003437"",""20002413"",""20000099"",""20000246"",""20000247"",""20009504"",""20000101""],""schedule_stop_ids"":[""20000102"",""20000394"",""20002622"",""20002623"",""20003089"",""20003439"",""20003438"",""20003437"",""20002413"",""20000099"",""20000246"",""20000247"",""20009504"",""20000101""]}",
line_gmb_2002289,gmb_2002289_2,2002289,2,2,14,14,1,one,True,True,False,official_route_sequence_exact_full_pattern,direction_not_encoded,partial,B,exact,A,upgraded_with_official_complete_pattern_evidence,official_json_routeId_routeSeq_stopSeq_complete_sequence,"{""candidate_count"":1,""official_stop_ids"":[""20000101"",""20009505"",""20009506"",""20000246"",""20000099"",""20003129"",""20003065"",""20003441"",""20003442"",""20004002"",""20003351"",""20003467"",""20003464"",""20000102""],""schedule_stop_ids"":[""20000101"",""20009505"",""20009506"",""20000246"",""20000099"",""20003129"",""20003065"",""20003441"",""20003442"",""20004002"",""20003351"",""20003467"",""20003464"",""20000102""]}",
line_gmb_2002291,gmb_2002291_1,2002291,1,1,10,10,1,one,True,True,False,official_route_sequence_exact_full_pattern,direction_not_encoded,partial,B,exact,A,upgraded_with_official_complete_pattern_evidence,official_json_routeId_routeSeq_stopSeq_complete_sequence,"{""candidate_count"":1,""official_stop_ids"":[""20000102"",""20000394"",""20002622"",""20002623"",""20003089"",""20003439"",""20003438"",""20003437"",""20002413"",""20000099""],""schedule_stop_ids"":[""20000102"",""20000394"",""20002622"",""20002623"",""20003089"",""20003439"",""20003438"",""20003437"",""20002413"",""20000099""]}",
line_gmb_2002291,gmb_2002291_2,2002291,2,2,10,10,1,one,True,True,False,official_route_sequence_exact_full_pattern,direction_not_encoded,partial,B,exact,A,upgraded_with_official_complete_pattern_evidence,official_json_routeId_routeSeq_stopSeq_complete_sequence,"{""candidate_count"":1,""official_stop_ids"":[""20000099"",""20003129"",""20003065"",""20003441"",""20003442"",""20004002"",""20003351"",""20003467"",""20003464"",""20000102""],""schedule_stop_ids"":[""20000099"",""20003129"",""20003065"",""20003441"",""20003442"",""20004002"",""20003351"",""20003467"",""20003464"",""20000102""]}",
line_gmb_2002317,gmb_2002317_1,2002317,1,1,6,6,1,one,True,True,False,official_route_sequence_exact_full_pattern,direction_not_encoded,partial,B,exact,A,upgraded_with_official_complete_pattern_evidence,official_json_routeId_routeSeq_stopSeq_complete_sequence,"{""candidate_count"":1,""official_stop_ids"":[""20000103"",""20003431"",""20009700"",""20003432"",""20003433"",""20000104""],""schedule_stop_ids"":[""20000103"",""20003431"",""20009700"",""20003432"",""20003433"",""20000104""]}",
line_gmb_2002317,gmb_2002317_2,2002317,2,2,5,5,1,one,True,True,False,official_route_sequence_exact_full_pattern,direction_not_encoded,partial,B,exact,A,upgraded_with_official_complete_pattern_evidence,official_json_routeId_routeSeq_stopSeq_complete_sequence,"{""candidate_count"":1,""official_stop_ids"":[""20000104"",""20003434"",""20003435"",""20003436"",""20000103""],""schedule_stop_ids"":[""20000104"",""20003434"",""20003435"",""20003436"",""20000103""]}",
line_gmb_2002319,gmb_2002319_1,2002319,1,1,24,24,1,one,True,True,False,official_route_sequence_exact_full_pattern,direction_not_encoded,partial,B,exact,A,upgraded_with_official_complete_pattern_evidence,official_json_routeId_routeSeq_stopSeq_complete_sequence,"{""candidate_count"":1,""official_stop_ids"":[""20003353"",""20009406"",""20000118"",""20000119"",""20003464"",""20003447"",""20000256"",""20009407"",""20003452"",""20000105"",""20000352"",""20003449"",""20003445"",""20003430"",""20000396"",""20003450"",""20000398"",""20000106"",""20000107"",""20000108"",""20000109"",""20000110"",""20000111"",""20003353""],""schedule_stop_ids"":[""20003353"",""20009406"",""20000118"",""20000119"",""20003464"",""20003447"",""20000256"",""20009407"",""20003452"",""20000105"",""20000352"",""20003449"",""20003445"",""20003430"",""20000396"",""20003450"",""20000398"",""20000106"",""20000107"",""20000108"",""20000109"",""20000110"",""20000111"",""20003353""]}",
line_gmb_2002320,gmb_2002320_1,2002320,1,1,22,22,1,one,True,True,False,official_route_sequence_exact_full_pattern,direction_not_encoded,partial,B,exact,A,upgraded_with_official_complete_pattern_evidence,official_json_routeId_routeSeq_stopSeq_complete_sequence,"{""candidate_count"":1,""official_stop_ids"":[""20003353"",""20000270"",""20000118"",""20000119"",""20003464"",""20003447"",""20000256"",""20003426"",""20003452"",""20000260"",""20003445"",""20003430"",""20000396"",""20003450"",""20000398"",""20000106"",""20000107"",""20000108"",""20000109"",""20000110"",""20000111"",""20003353""],""schedule_stop_ids"":[""20003353"",""20000270"",""20000118"",""20000119"",""20003464"",""20003447"",""20000256"",""20003426"",""20003452"",""20000260"",""20003445"",""20003430"",""20000396"",""20003450"",""20000398"",""20000106"",""20000107"",""20000108"",""20000109"",""20000110"",""20000111"",""20003353""]}",
line_gmb_2002321,gmb_2002321_1,2002321,1,1,8,8,1,one,True,True,False,official_route_sequence_exact_full_pattern,direction_not_encoded,partial,B,exact,A,upgraded_with_official_complete_pattern_evidence,official_json_routeId_routeSeq_stopSeq_complete_sequence,"{""candidate_count"":1,""official_stop_ids"":[""20001264"",""20001266"",""20001268"",""20020329"",""20001276"",""20003238"",""20003237"",""20001269""],""schedule_stop_ids"":[""20001264"",""20001266"",""20001268"",""20020329"",""20001276"",""20003238"",""20003237"",""20001269""]}",
line_gmb_2002321,gmb_2002321_2,2002321,2,2,13,13,1,one,True,True,False,official_route_sequence_exact_full_pattern,direction_not_encoded,partial,B,exact,A,upgraded_with_official_complete_pattern_evidence,official_json_routeId_routeSeq_stopSeq_complete_sequence,"{""candidate_count"":1,""official_stop_ids"":[""20001269"",""20003237"",""20003238"",""20001276"",""20009436"",""20020330"",""20001272"",""20001274"",""20020331"",""20004135"",""20001263"",""20001253"",""20001264""],""schedule_stop_ids"":[""20001269"",""20003237"",""20003238"",""20001276"",""20009436"",""20020330"",""20001272"",""20001274"",""20020331"",""20004135"",""20001263"",""20001253"",""20001264""]}",
line_gmb_2002325,gmb_2002325_1,2002325,1,1,8,8,1,one,True,True,False,official_route_sequence_exact_full_pattern,direction_not_encoded,partial,B,exact,A,upgraded_with_official_complete_pattern_evidence,official_json_routeId_routeSeq_stopSeq_complete_sequence,"{""candidate_count"":1,""official_stop_ids"":[""20009903"",""20001266"",""20001268"",""20020329"",""20001276"",""20007251"",""20001278"",""20018610""],""schedule_stop_ids"":[""20009903"",""20001266"",""20001268"",""20020329"",""20001276"",""20007251"",""20001278"",""20018610""]}",
line_gmb_2002325,gmb_2002325_2,2002325,2,2,12,12,1,one,True,True,False,official_route_sequence_exact_full_pattern,direction_not_encoded,partial,B,exact,A,upgraded_with_official_complete_pattern_evidence,official_json_routeId_routeSeq_stopSeq_complete_sequence,"{""candidate_count"":1,""official_stop_ids"":[""20018610"",""20001278"",""20007251"",""20001276"",""20009436"",""20020330"",""20001274"",""20020331"",""20004135"",""20001263"",""20001253"",""20001264""],""schedule_stop_ids"":[""20018610"",""20001278"",""20007251"",""20001276"",""20009436"",""20020330"",""20001274"",""20020331"",""20004135"",""20001263"",""20001253"",""20001264""]}",
line_gmb_2002327,gmb_2002327_1,2002327,1,1,5,5,1,one,True,True,False,official_route_sequence_exact_full_pattern,direction_not_encoded,partial,B,exact,A,upgraded_with_official_complete_pattern_evidence,official_json_routeId_routeSeq_stopSeq_complete_sequence,"{""candidate_count"":1,""official_stop_ids"":[""20009903"",""20001266"",""20001268"",""20001276"",""20007251""],""schedule_stop_ids"":[""20009903"",""20001266"",""20001268"",""20001276"",""20007251""]}",
line_gmb_2002327,gmb_2002327_2,2002327,2,2,9,9,1,one,True,True,False,official_route_sequence_exact_full_pattern,direction_not_encoded,partial,B,exact,A,upgraded_with_official_complete_pattern_evidence,official_json_routeId_routeSeq_stopSeq_complete_sequence,"{""candidate_count"":1,""official_stop_ids"":[""20007251"",""20001276"",""20009436"",""20001272"",""20001274"",""20004135"",""20001263"",""20001253"",""20009903""],""schedule_stop_ids"":[""20007251"",""20001276"",""20009436"",""20001272"",""20001274"",""20004135"",""20001263"",""20001253"",""20009903""]}",
line_gmb_2002329,gmb_2002329_1,2002329,1,1,10,10,1,one,True,True,False,official_route_sequence_exact_full_pattern,direction_not_encoded,partial,B,exact,A,upgraded_with_official_complete_pattern_evidence,official_json_routeId_routeSeq_stopSeq_complete_sequence,"{""candidate_count"":1,""official_stop_ids"":[""20021844"",""20000859"",""20009670"",""20009674"",""20000541"",""20000433"",""20009675"",""20004126"",""20009676"",""20000547""],""schedule_stop_ids"":[""20021844"",""20000859"",""20009670"",""20009674"",""20000541"",""20000433"",""20009675"",""20004126"",""20009676"",""20000547""]}",
line_gmb_2002329,gmb_2002329_2,2002329,2,2,7,7,1,one,True,True,False,official_route_sequence_exact_full_pattern,direction_not_encoded,partial,B,exact,A,upgraded_with_official_complete_pattern_evidence,official_json_routeId_routeSeq_stopSeq_complete_sequence,"{""candidate_count"":1,""official_stop_ids"":[""20000547"",""20006961"",""20000546"",""20009667"",""20009668"",""20009669"",""20000540""],""schedule_stop_ids"":[""20000547"",""20006961"",""20000546"",""20009667"",""20009668"",""20009669"",""20000540""]}",
line_gmb_2002331,gmb_2002331_1,2002331,1,1,8,8,1,one,True,True,False,official_route_sequence_exact_full_pattern,direction_not_encoded,partial,B,exact,A,upgraded_with_official_complete_pattern_evidence,official_json_routeId_routeSeq_stopSeq_complete_sequence,"{""candidate_count"":1,""official_stop_ids"":[""20000547"",""20000470"",""20007224"",""20000453"",""20006090"",""20006092"",""20001082"",""20000454""],""schedule_stop_ids"":[""20000547"",""20000470"",""20007224"",""20000453"",""20006090"",""20006092"",""20001082"",""20000454""]}",
line_gmb_2002331,gmb_2002331_2,2002331,2,2,4,4,1,one,True,True,False,official_route_sequence_exact_full_pattern,direction_not_encoded,partial,B,exact,A,upgraded_with_official_complete_pattern_evidence,official_json_routeId_routeSeq_stopSeq_complete_sequence,"{""candidate_count"":1,""official_stop_ids"":[""20000454"",""20006602"",""20000544"",""20000547""],""schedule_stop_ids"":[""20000454"",""20006602"",""20000544"",""20000547""]}",
line_gmb_2002333,gmb_2002333_1,2002333,1,1,9,9,1,one,True,True,False,official_route_sequence_exact_full_pattern,direction_not_encoded,partial,B,exact,A,upgraded_with_official_complete_pattern_evidence,official_json_routeId_routeSeq_stopSeq_complete_sequence,"{""candidate_count"":1,""official_stop_ids"":[""20000547"",""20000470"",""20007224"",""20000453"",""20006090"",""20006092"",""20001082"",""20003532"",""20002608""],""schedule_stop_ids"":[""20000547"",""20000470"",""20007224"",""20000453"",""20006090"",""20006092"",""20001082"",""20003532"",""20002608""]}",
line_gmb_2002333,gmb_2002333_2,2002333,2,2,4,4,1,one,True,True,False,official_route_sequence_exact_full_pattern,direction_not_encoded,partial,B,exact,A,upgraded_with_official_complete_pattern_evidence,official_json_routeId_routeSeq_stopSeq_complete_sequence,"{""candidate_count"":1,""official_stop_ids"":[""20002608"",""20006602"",""20000544"",""20009412""],""schedule_stop_ids"":[""20002608"",""20006602"",""20000544"",""20009412""]}",
line_gmb_2002335,gmb_2002335_1,2002335,1,1,2,2,1,one,True,True,False,official_route_sequence_exact_full_pattern,direction_not_encoded,partial,B,exact,A,upgraded_with_official_complete_pattern_evidence,official_json_routeId_routeSeq_stopSeq_complete_sequence,"{""candidate_count"":1,""official_stop_ids"":[""20002608"",""20007225""],""schedule_stop_ids"":[""20002608"",""20007225""]}",
line_gmb_2002336,gmb_2002336_1,2002336,1,1,18,18,1,one,True,True,False,official_route_sequence_exact_full_pattern,direction_not_encoded,partial,B,exact,A,upgraded_with_official_complete_pattern_evidence,official_json_routeId_routeSeq_stopSeq_complete_sequence,"{""candidate_count"":1,""official_stop_ids"":[""20000620"",""20006029"",""20000622"",""20000909"",""20021026"",""20000458"",""20000625"",""20006085"",""20000626"",""20006093"",""20000627"",""20000547"",""20000628"",""20000629"",""20006094"",""20000630"",""20000631"",""20000620""],""schedule_stop_ids"":[""20000620"",""20006029"",""20000622"",""20000909"",""20021026"",""20000458"",""20000625"",""20006085"",""20000626"",""20006093"",""20000627"",""20000547"",""20000628"",""20000629"",""20006094"",""20000630"",""20000631"",""20000620""]}",
line_gmb_2002337,gmb_2002337_1,2002337,1,1,8,8,1,one,True,True,False,official_route_sequence_exact_full_pattern,direction_not_encoded,partial,B,exact,A,upgraded_with_official_complete_pattern_evidence,official_json_routeId_routeSeq_stopSeq_complete_sequence,"{""candidate_count"":1,""official_stop_ids"":[""20001112"",""20001113"",""20001114"",""20001993"",""20001996"",""20000566"",""20001117"",""20001115""],""schedule_stop_ids"":[""20001112"",""20001113"",""20001114"",""20001993"",""20001996"",""20000566"",""20001117"",""20001115""]}",
line_gmb_2002337,gmb_2002337_2,2002337,2,2,4,4,1,one,True,True,False,official_route_sequence_exact_full_pattern,direction_not_encoded,partial,B,exact,A,upgraded_with_official_complete_pattern_evidence,official_json_routeId_routeSeq_stopSeq_complete_sequence,"{""candidate_count"":1,""official_stop_ids"":[""20001115"",""20001116"",""20001999"",""20001112""],""schedule_stop_ids"":[""20001115"",""20001116"",""20001999"",""20001112""]}",
line_gmb_2002339,gmb_2002339_1,2002339,1,1,4,4,1,one,True,True,False,official_route_sequence_exact_full_pattern,direction_not_encoded,partial,B,exact,A,upgraded_with_official_complete_pattern_evidence,official_json_routeId_routeSeq_stopSeq_complete_sequence,"{""candidate_count"":1,""official_stop_ids"":[""20001112"",""20003160"",""20001128"",""20001129""],""schedule_stop_ids"":[""20001112"",""20003160"",""20001128"",""20001129""]}",
line_gmb_2002339,gmb_2002339_2,2002339,2,2,4,4,1,one,True,True,False,official_route_sequence_exact_full_pattern,direction_not_encoded,partial,B,exact,A,upgraded_with_official_complete_pattern_evidence,official_json_routeId_routeSeq_stopSeq_complete_sequence,"{""candidate_count"":1,""official_stop_ids"":[""20001129"",""20001128"",""20003161"",""20001112""],""schedule_stop_ids"":[""20001129"",""20001128"",""20003161"",""20001112""]}",
line_gmb_2002342,gmb_2002342_1,2002342,1,1,4,4,1,one,True,True,False,official_route_sequence_exact_full_pattern,direction_not_encoded,partial,B,exact,A,upgraded_with_official_complete_pattern_evidence,official_json_routeId_routeSeq_stopSeq_complete_sequence,"{""candidate_count"":1,""official_stop_ids"":[""20001120"",""20001113"",""20009421"",""20001121""],""schedule_stop_ids"":[""20001120"",""20001113"",""20009421"",""20001121""]}",
line_gmb_2002342,gmb_2002342_2,2002342,2,2,4,4,1,one,True,True,False,official_route_sequence_exact_full_pattern,direction_not_encoded,partial,B,exact,A,upgraded_with_official_complete_pattern_evidence,official_json_routeId_routeSeq_stopSeq_complete_sequence,"{""candidate_count"":1,""official_stop_ids"":[""20001121"",""20005017"",""20002600"",""20001120""],""schedule_stop_ids"":[""20001121"",""20005017"",""20002600"",""20001120""]}",
line_gmb_2002344,gmb_2002344_1,2002344,1,1,2,2,1,one,True,True,False,official_route_sequence_exact_full_pattern,direction_not_encoded,partial,B,exact,A,upgraded_with_official_complete_pattern_evidence,official_json_routeId_routeSeq_stopSeq_complete_sequence,"{""candidate_count"":1,""official_stop_ids"":[""20007363"",""20001112""],""schedule_stop_ids"":[""20007363"",""20001112""]}",
line_gmb_2002349,gmb_2002349_1,2002349,1,1,6,6,1,one,True,True,False,official_route_sequence_exact_full_pattern,direction_not_encoded,partial,B,exact,A,upgraded_with_official_complete_pattern_evidence,official_json_routeId_routeSeq_stopSeq_complete_sequence,"{""candidate_count"":1,""official_stop_ids"":[""20001120"",""20001114"",""20002437"",""20007364"",""20005017"",""20001120""],""schedule_stop_ids"":[""20001120"",""20001114"",""20002437"",""20007364"",""20005017"",""20001120""]}",
line_gmb_2002350,gmb_2002350_1,2002350,1,1,5,5,1,one,True,True,False,official_route_sequence_exact_full_pattern,direction_not_encoded,partial,B,exact,A,upgraded_with_official_complete_pattern_evidence,official_json_routeId_routeSeq_stopSeq_complete_sequence,"{""candidate_count"":1,""official_stop_ids"":[""20003178"",""20002605"",""20001172"",""20001162"",""20003387""],""schedule_stop_ids"":[""20003178"",""20002605"",""20001172"",""20001162"",""20003387""]}",
line_gmb_2002350,gmb_2002350_2,2002350,2,2,3,3,1,one,True,True,False,official_route_sequence_exact_full_pattern,direction_not_encoded,partial,B,exact,A,upgraded_with_official_complete_pattern_evidence,official_json_routeId_routeSeq_stopSeq_complete_sequence,"{""candidate_count"":1,""official_stop_ids"":[""20003387"",""20001140"",""20003178""],""schedule_stop_ids"":[""20003387"",""20001140"",""20003178""]}",
line_gmb_2002352,gmb_2002352_1,2002352,1,1,13,13,1,one,True,True,False,official_route_sequence_exact_full_pattern,direction_not_encoded,partial,B,exact,A,upgraded_with_official_complete_pattern_evidence,official_json_routeId_routeSeq_stopSeq_complete_sequence,"{""candidate_count"":1,""official_stop_ids"":[""20001112"",""20001113"",""20009421"",""20004217"",""20001993"",""20001145"",""20001994"",""20001996"",""20004215"",""20000566"",""20001117"",""20001119"",""20019105""],""schedule_stop_ids"":[""20001112"",""20001113"",""20009421"",""20004217"",""20001993"",""20001145"",""20001994"",""20001996"",""20004215"",""20000566"",""20001117"",""20001119"",""20019105""]}",
line_gmb_2002352,gmb_2002352_2,2002352,2,2,12,12,1,one,True,True,False,official_route_sequence_exact_full_pattern,direction_not_encoded,partial,B,exact,A,upgraded_with_official_complete_pattern_evidence,official_json_routeId_routeSeq_stopSeq_complete_sequence,"{""candidate_count"":1,""official_stop_ids"":[""20019105"",""20001116"",""20000568"",""20004214"",""20001999"",""20002000"",""20002001"",""20002002"",""20004216"",""20005017"",""20002600"",""20001112""],""schedule_stop_ids"":[""20019105"",""20001116"",""20000568"",""20004214"",""20001999"",""20002000"",""20002001"",""20002002"",""20004216"",""20005017"",""20002600"",""20001112""]}",
line_gmb_2002355,gmb_2002355_1,2002355,1,1,13,13,1,one,True,True,False,official_route_sequence_exact_full_pattern,direction_not_encoded,partial,B,exact,A,upgraded_with_official_complete_pattern_evidence,official_json_routeId_routeSeq_stopSeq_complete_sequence,"{""candidate_count"":1,""official_stop_ids"":[""20001112"",""20001113"",""20009421"",""20004217"",""20001993"",""20001145"",""20001994"",""20001146"",""20004215"",""20000566"",""20001117"",""20001119"",""20019105""],""schedule_stop_ids"":[""20001112"",""20001113"",""20009421"",""20004217"",""20001993"",""20001145"",""20001994"",""20001146"",""20004215"",""20000566"",""20001117"",""20001119"",""20019105""]}",
line_gmb_2002355,gmb_2002355_2,2002355,2,2,12,12,1,one,True,True,False,official_route_sequence_exact_full_pattern,direction_not_encoded,partial,B,exact,A,upgraded_with_official_complete_pattern_evidence,official_json_routeId_routeSeq_stopSeq_complete_sequence,"{""candidate_count"":1,""official_stop_ids"":[""20019105"",""20001116"",""20000568"",""20004214"",""20001999"",""20002000"",""20002001"",""20002002"",""20004216"",""20005017"",""20002600"",""20001112""],""schedule_stop_ids"":[""20019105"",""20001116"",""20000568"",""20004214"",""20001999"",""20002000"",""20002001"",""20002002"",""20004216"",""20005017"",""20002600"",""20001112""]}",
line_gmb_2002357,gmb_2002357_1,2002357,1,1,12,12,1,one,True,True,False,official_route_sequence_exact_full_pattern,direction_not_encoded,partial,B,exact,A,upgraded_with_official_complete_pattern_evidence,official_json_routeId_routeSeq_stopSeq_complete_sequence,"{""candidate_count"":1,""official_stop_ids"":[""20001113"",""20009421"",""20004217"",""20001993"",""20001145"",""20001994"",""20001996"",""20004215"",""20000566"",""20001117"",""20001119"",""20019105""],""schedule_stop_ids"":[""20001113"",""20009421"",""20004217"",""20001993"",""20001145"",""20001994"",""20001996"",""20004215"",""20000566"",""20001117"",""20001119"",""20019105""]}",
line_gmb_2002358,gmb_2002358_1,2002358,1,1,13,13,1,one,True,True,False,official_route_sequence_exact_full_pattern,direction_not_encoded,partial,B,exact,A,upgraded_with_official_complete_pattern_evidence,official_json_routeId_routeSeq_stopSeq_complete_sequence,"{""candidate_count"":1,""official_stop_ids"":[""20007622"",""20001113"",""20001114"",""20004217"",""20001993"",""20001145"",""20001994"",""20001996"",""20004215"",""20000566"",""20001117"",""20001119"",""20019105""],""schedule_stop_ids"":[""20007622"",""20001113"",""20001114"",""20004217"",""20001993"",""20001145"",""20001994"",""20001996"",""20004215"",""20000566"",""20001117"",""20001119"",""20019105""]}",
line_gmb_2002359,gmb_2002359_1,2002359,1,1,13,13,1,one,True,True,False,official_route_sequence_exact_full_pattern,direction_not_encoded,partial,B,exact,A,upgraded_with_official_complete_pattern_evidence,official_json_routeId_routeSeq_stopSeq_complete_sequence,"{""candidate_count"":1,""official_stop_ids"":[""20007623"",""20001113"",""20001114"",""20004217"",""20001993"",""20001145"",""20001994"",""20001996"",""20004215"",""20000566"",""20001117"",""20001119"",""20019105""],""schedule_stop_ids"":[""20007623"",""20001113"",""20001114"",""20004217"",""20001993"",""20001145"",""20001994"",""20001996"",""20004215"",""20000566"",""20001117"",""20001119"",""20019105""]}",
line_gmb_2002382,gmb_2002382_1,2002382,1,1,9,9,1,one,True,True,False,official_route_sequence_exact_full_pattern,direction_not_encoded,partial,B,exact,A,upgraded_with_official_complete_pattern_evidence,official_json_routeId_routeSeq_stopSeq_complete_sequence,"{""candidate_count"":1,""official_stop_ids"":[""20003393"",""20009436"",""20020330"",""20001615"",""20001616"",""20001618"",""20007262"",""20002871"",""20001276""],""schedule_stop_ids"":[""20003393"",""20009436"",""20020330"",""20001615"",""20001616"",""20001618"",""20007262"",""20002871"",""20001276""]}",
line_gmb_2002382,gmb_2002382_2,2002382,2,2,9,9,1,one,True,True,False,official_route_sequence_exact_full_pattern,direction_not_encoded,partial,B,exact,A,upgraded_with_official_complete_pattern_evidence,official_json_routeId_routeSeq_stopSeq_complete_sequence,"{""candidate_count"":1,""official_stop_ids"":[""20001276"",""20002870"",""20007262"",""20001599"",""20001601"",""20002749"",""20003394"",""20009470"",""20003393""],""schedule_stop_ids"":[""20001276"",""20002870"",""20007262"",""20001599"",""20001601"",""20002749"",""20003394"",""20009470"",""20003393""]}",
line_gmb_2002415,gmb_2002415_1,2002415,1,1,16,16,1,one,True,True,False,official_route_sequence_exact_full_pattern,direction_not_encoded,partial,B,exact,A,upgraded_with_official_complete_pattern_evidence,official_json_routeId_routeSeq_stopSeq_complete_sequence,"{""candidate_count"":1,""official_stop_ids"":[""20000120"",""20003447"",""20000103"",""20000256"",""20003426"",""20003452"",""20007658"",""20000105"",""20000352"",""20003449"",""20003445"",""20003430"",""20000103"",""20000396"",""20003450"",""20000120""],""schedule_stop_ids"":[""20000120"",""20003447"",""20000103"",""20000256"",""20003426"",""20003452"",""20007658"",""20000105"",""20000352"",""20003449"",""20003445"",""20003430"",""20000103"",""20000396"",""20003450"",""20000120""]}",
line_gmb_2002448,gmb_2002448_1,2002448,1,1,13,13,1,one,True,True,False,official_route_sequence_exact_full_pattern,direction_not_encoded,partial,B,exact,A,upgraded_with_official_complete_pattern_evidence,official_json_routeId_routeSeq_stopSeq_complete_sequence,"{""candidate_count"":1,""official_stop_ids"":[""20000120"",""20003447"",""20000103"",""20000256"",""20003426"",""20003452"",""20000260"",""20003445"",""20003430"",""20000103"",""20000396"",""20003450"",""20000120""],""schedule_stop_ids"":[""20000120"",""20003447"",""20000103"",""20000256"",""20003426"",""20003452"",""20000260"",""20003445"",""20003430"",""20000103"",""20000396"",""20003450"",""20000120""]}",
line_gmb_2002547,gmb_2002547_1,2002547,1,1,3,3,1,one,True,True,False,official_route_sequence_exact_full_pattern,direction_not_encoded,partial,B,exact,A,upgraded_with_official_complete_pattern_evidence,official_json_routeId_routeSeq_stopSeq_complete_sequence,"{""candidate_count"":1,""official_stop_ids"":[""20001130"",""20003162"",""20001112""],""schedule_stop_ids"":[""20001130"",""20003162"",""20001112""]}",
line_gmb_2002547,gmb_2002547_2,2002547,2,2,3,3,1,one,True,True,False,official_route_sequence_exact_full_pattern,direction_not_encoded,partial,B,exact,A,upgraded_with_official_complete_pattern_evidence,official_json_routeId_routeSeq_stopSeq_complete_sequence,"{""candidate_count"":1,""official_stop_ids"":[""20001112"",""20003163"",""20001130""],""schedule_stop_ids"":[""20001112"",""20003163"",""20001130""]}",
line_gmb_2002548,gmb_2002548_1,2002548,1,1,2,2,1,one,True,True,False,official_route_sequence_exact_full_pattern,direction_not_encoded,partial,B,exact,A,upgraded_with_official_complete_pattern_evidence,official_json_routeId_routeSeq_stopSeq_complete_sequence,"{""candidate_count"":1,""official_stop_ids"":[""20003162"",""20001112""],""schedule_stop_ids"":[""20003162"",""20001112""]}",
line_gmb_2002549,gmb_2002549_1,2002549,1,1,4,4,1,one,True,True,False,official_route_sequence_exact_full_pattern,direction_not_encoded,partial,B,exact,A,upgraded_with_official_complete_pattern_evidence,official_json_routeId_routeSeq_stopSeq_complete_sequence,"{""candidate_count"":1,""official_stop_ids"":[""20001128"",""20007590"",""20007591"",""20007589""],""schedule_stop_ids"":[""20001128"",""20007590"",""20007591"",""20007589""]}",
line_gmb_2002549,gmb_2002549_2,2002549,2,2,4,4,1,one,True,True,False,official_route_sequence_exact_full_pattern,direction_not_encoded,partial,B,exact,A,upgraded_with_official_complete_pattern_evidence,official_json_routeId_routeSeq_stopSeq_complete_sequence,"{""candidate_count"":1,""official_stop_ids"":[""20007589"",""20007592"",""20007593"",""20001128""],""schedule_stop_ids"":[""20007589"",""20007592"",""20007593"",""20001128""]}",
line_gmb_2002580,gmb_2002580_1,2002580,1,1,14,14,1,one,True,True,False,official_route_sequence_exact_full_pattern,direction_not_encoded,partial,B,exact,A,upgraded_with_official_complete_pattern_evidence,official_json_routeId_routeSeq_stopSeq_complete_sequence,"{""candidate_count"":1,""official_stop_ids"":[""20000326"",""20000328"",""20000329"",""20004118"",""20009799"",""20003338"",""20004557"",""20000331"",""20000349"",""20009766"",""20000332"",""20006905"",""20007022"",""20009733""],""schedule_stop_ids"":[""20000326"",""20000328"",""20000329"",""20004118"",""20009799"",""20003338"",""20004557"",""20000331"",""20000349"",""20009766"",""20000332"",""20006905"",""20007022"",""20009733""]}",
line_gmb_2002580,gmb_2002580_2,2002580,2,2,11,11,1,one,True,True,False,official_route_sequence_exact_full_pattern,direction_not_encoded,partial,B,exact,A,upgraded_with_official_complete_pattern_evidence,official_json_routeId_routeSeq_stopSeq_complete_sequence,"{""candidate_count"":1,""official_stop_ids"":[""20009733"",""20000334"",""20009766"",""20004594"",""20009736"",""20007719"",""20002491"",""20002492"",""20004115"",""20000370"",""20000326""],""schedule_stop_ids"":[""20009733"",""20000334"",""20009766"",""20004594"",""20009736"",""20007719"",""20002491"",""20002492"",""20004115"",""20000370"",""20000326""]}",
line_gmb_2002582,gmb_2002582_1,2002582,1,1,12,12,1,one,True,True,False,official_route_sequence_exact_full_pattern,direction_not_encoded,partial,B,exact,A,upgraded_with_official_complete_pattern_evidence,official_json_routeId_routeSeq_stopSeq_complete_sequence,"{""candidate_count"":1,""official_stop_ids"":[""20000326"",""20000328"",""20000329"",""20000330"",""20006900"",""20000331"",""20000349"",""20000011"",""20000332"",""20006905"",""20007022"",""20009733""],""schedule_stop_ids"":[""20000326"",""20000328"",""20000329"",""20000330"",""20006900"",""20000331"",""20000349"",""20000011"",""20000332"",""20006905"",""20007022"",""20009733""]}",
line_gmb_2002582,gmb_2002582_2,2002582,2,2,8,8,1,one,True,True,False,official_route_sequence_exact_full_pattern,direction_not_encoded,partial,B,exact,A,upgraded_with_official_complete_pattern_evidence,official_json_routeId_routeSeq_stopSeq_complete_sequence,"{""candidate_count"":1,""official_stop_ids"":[""20009733"",""20000334"",""20000348"",""20004594"",""20000335"",""20000336"",""20000370"",""20000326""],""schedule_stop_ids"":[""20009733"",""20000334"",""20000348"",""20004594"",""20000335"",""20000336"",""20000370"",""20000326""]}",
line_gmb_2002614,gmb_2002614_1,2002614,1,1,10,10,1,one,True,True,False,official_route_sequence_exact_full_pattern,direction_not_encoded,partial,B,exact,A,upgraded_with_official_complete_pattern_evidence,official_json_routeId_routeSeq_stopSeq_complete_sequence,"{""candidate_count"":1,""official_stop_ids"":[""20004118"",""20009799"",""20003338"",""20004557"",""20000331"",""20000349"",""20009766"",""20000332"",""20007022"",""20009733""],""schedule_stop_ids"":[""20004118"",""20009799"",""20003338"",""20004557"",""20000331"",""20000349"",""20009766"",""20000332"",""20007022"",""20009733""]}",
line_gmb_2002614,gmb_2002614_2,2002614,2,2,9,9,1,one,True,True,False,official_route_sequence_exact_full_pattern,direction_not_encoded,partial,B,exact,A,upgraded_with_official_complete_pattern_evidence,official_json_routeId_routeSeq_stopSeq_complete_sequence,"{""candidate_count"":1,""official_stop_ids"":[""20009733"",""20000334"",""20009766"",""20004594"",""20004186"",""20007719"",""20002491"",""20002492"",""20004115""],""schedule_stop_ids"":[""20009733"",""20000334"",""20009766"",""20004594"",""20004186"",""20007719"",""20002491"",""20002492"",""20004115""]}",
line_gmb_2002646,gmb_2002646_1,2002646,1,1,7,7,1,one,True,True,False,official_route_sequence_exact_full_pattern,direction_not_encoded,partial,B,exact,A,upgraded_with_official_complete_pattern_evidence,official_json_routeId_routeSeq_stopSeq_complete_sequence,"{""candidate_count"":1,""official_stop_ids"":[""20000331"",""20000349"",""20009766"",""20000332"",""20006905"",""20007022"",""20009733""],""schedule_stop_ids"":[""20000331"",""20000349"",""20009766"",""20000332"",""20006905"",""20007022"",""20009733""]}",
line_gmb_2002679,gmb_2002679_1,2002679,1,1,10,10,1,one,True,True,False,official_route_sequence_exact_full_pattern,direction_not_encoded,partial,B,exact,A,upgraded_with_official_complete_pattern_evidence,official_json_routeId_routeSeq_stopSeq_complete_sequence,"{""candidate_count"":1,""official_stop_ids"":[""20000348"",""20000331"",""20004557"",""20007719"",""20003338"",""20004118"",""20002493"",""20020656"",""20000370"",""20000326""],""schedule_stop_ids"":[""20000348"",""20000331"",""20004557"",""20007719"",""20003338"",""20004118"",""20002493"",""20020656"",""20000370"",""20000326""]}",
line_gmb_2002712,gmb_2002712_1,2002712,1,1,15,15,1,one,True,True,False,official_route_sequence_exact_full_pattern,direction_not_encoded,partial,B,exact,A,upgraded_with_official_complete_pattern_evidence,official_json_routeId_routeSeq_stopSeq_complete_sequence,"{""candidate_count"":1,""official_stop_ids"":[""20009733"",""20000334"",""20009766"",""20004596"",""20000335"",""20000338"",""20009805"",""20020953"",""20000370"",""20002494"",""20000239"",""20009804"",""20000342"",""20000343"",""20000160""],""schedule_stop_ids"":[""20009733"",""20000334"",""20009766"",""20004596"",""20000335"",""20000338"",""20009805"",""20020953"",""20000370"",""20002494"",""20000239"",""20009804"",""20000342"",""20000343"",""20000160""]}",
line_gmb_2002712,gmb_2002712_2,2002712,2,2,18,18,1,one,True,True,False,official_route_sequence_exact_full_pattern,direction_not_encoded,partial,B,exact,A,upgraded_with_official_complete_pattern_evidence,official_json_routeId_routeSeq_stopSeq_complete_sequence,"{""candidate_count"":1,""official_stop_ids"":[""20000160"",""20002734"",""20000161"",""20015542"",""20000361"",""20000169"",""20000328"",""20000329"",""20020954"",""20009810"",""20006900"",""20004549"",""20000349"",""20009766"",""20000347"",""20006905"",""20007022"",""20009733""],""schedule_stop_ids"":[""20000160"",""20002734"",""20000161"",""20015542"",""20000361"",""20000169"",""20000328"",""20000329"",""20020954"",""20009810"",""20006900"",""20004549"",""20000349"",""20009766"",""20000347"",""20006905"",""20007022"",""20009733""]}",
line_gmb_2002714,gmb_2002714_1,2002714,1,1,12,12,1,one,True,True,False,official_route_sequence_exact_full_pattern,direction_not_encoded,partial,B,exact,A,upgraded_with_official_complete_pattern_evidence,official_json_routeId_routeSeq_stopSeq_complete_sequence,"{""candidate_count"":1,""official_stop_ids"":[""20000341"",""20000240"",""20007311"",""20000159"",""20000343"",""20000160"",""20002734"",""20000161"",""20002735"",""20000361"",""20000169"",""20000341""],""schedule_stop_ids"":[""20000341"",""20000240"",""20007311"",""20000159"",""20000343"",""20000160"",""20002734"",""20000161"",""20002735"",""20000361"",""20000169"",""20000341""]}",
line_gmb_2002745,gmb_2002745_1,2002745,1,1,3,3,1,one,True,True,False,official_route_sequence_exact_full_pattern,direction_not_encoded,partial,B,exact,A,upgraded_with_official_complete_pattern_evidence,official_json_routeId_routeSeq_stopSeq_complete_sequence,"{""candidate_count"":1,""official_stop_ids"":[""20009733"",""20002494"",""20007311""],""schedule_stop_ids"":[""20009733"",""20002494"",""20007311""]}",
line_gmb_2002746,gmb_2002746_1,2002746,1,1,6,6,1,one,True,True,False,official_route_sequence_exact_full_pattern,direction_not_encoded,partial,B,exact,A,upgraded_with_official_complete_pattern_evidence,official_json_routeId_routeSeq_stopSeq_complete_sequence,"{""candidate_count"":1,""official_stop_ids"":[""20000341"",""20000239"",""20009804"",""20000342"",""20000343"",""20000160""],""schedule_stop_ids"":[""20000341"",""20000239"",""20009804"",""20000342"",""20000343"",""20000160""]}",
line_gmb_2002746,gmb_2002746_2,2002746,2,2,8,8,1,one,True,True,False,official_route_sequence_exact_full_pattern,direction_not_encoded,partial,B,exact,A,upgraded_with_official_complete_pattern_evidence,official_json_routeId_routeSeq_stopSeq_complete_sequence,"{""candidate_count"":1,""official_stop_ids"":[""20000160"",""20002734"",""20000161"",""20002735"",""20000361"",""20000169"",""20011599"",""20000341""],""schedule_stop_ids"":[""20000160"",""20002734"",""20000161"",""20002735"",""20000361"",""20000169"",""20011599"",""20000341""]}",
line_gmb_2002748,gmb_2002748_1,2002748,1,1,5,5,1,one,True,True,False,official_route_sequence_exact_full_pattern,direction_not_encoded,partial,B,exact,A,upgraded_with_official_complete_pattern_evidence,official_json_routeId_routeSeq_stopSeq_complete_sequence,"{""candidate_count"":1,""official_stop_ids"":[""20000341"",""20000239"",""20009804"",""20000342"",""20000343""],""schedule_stop_ids"":[""20000341"",""20000239"",""20009804"",""20000342"",""20000343""]}",
line_gmb_2002748,gmb_2002748_2,2002748,2,2,8,8,1,one,True,True,False,official_route_sequence_exact_full_pattern,direction_not_encoded,partial,B,exact,A,upgraded_with_official_complete_pattern_evidence,official_json_routeId_routeSeq_stopSeq_complete_sequence,"{""candidate_count"":1,""official_stop_ids"":[""20000343"",""20002734"",""20000161"",""20002735"",""20000361"",""20000169"",""20011599"",""20000341""],""schedule_stop_ids"":[""20000343"",""20002734"",""20000161"",""20002735"",""20000361"",""20000169"",""20011599"",""20000341""]}",
line_gmb_2002811,gmb_2002811_1,2002811,1,1,5,5,1,one,True,True,False,official_route_sequence_exact_full_pattern,direction_not_encoded,partial,B,exact,A,upgraded_with_official_complete_pattern_evidence,official_json_routeId_routeSeq_stopSeq_complete_sequence,"{""candidate_count"":1,""official_stop_ids"":[""20000272"",""20000273"",""20000277"",""20006901"",""20000272""],""schedule_stop_ids"":[""20000272"",""20000273"",""20000277"",""20006901"",""20000272""]}",
line_gmb_2002812,gmb_2002812_1,2002812,1,1,10,10,1,one,True,True,False,official_route_sequence_exact_full_pattern,direction_not_encoded,partial,B,exact,A,upgraded_with_official_complete_pattern_evidence,official_json_routeId_routeSeq_stopSeq_complete_sequence,"{""candidate_count"":1,""official_stop_ids"":[""20000272"",""20000273"",""20003273"",""20009931"",""20000275"",""20000274"",""20000276"",""20009865"",""20006901"",""20000272""],""schedule_stop_ids"":[""20000272"",""20000273"",""20003273"",""20009931"",""20000275"",""20000274"",""20000276"",""20009865"",""20006901"",""20000272""]}",
line_gmb_2002813,gmb_2002813_1,2002813,1,1,9,9,1,one,True,True,False,official_route_sequence_exact_full_pattern,direction_not_encoded,partial,B,exact,A,upgraded_with_official_complete_pattern_evidence,official_json_routeId_routeSeq_stopSeq_complete_sequence,"{""candidate_count"":1,""official_stop_ids"":[""20000275"",""20000276"",""20009865"",""20009868"",""20000277"",""20000273"",""20003273"",""20000274"",""20000275""],""schedule_stop_ids"":[""20000275"",""20000276"",""20009865"",""20009868"",""20000277"",""20000273"",""20003273"",""20000274"",""20000275""]}",
line_gmb_2002814,gmb_2002814_1,2002814,1,1,8,8,1,one,True,True,False,official_route_sequence_exact_full_pattern,direction_not_encoded,partial,B,exact,A,upgraded_with_official_complete_pattern_evidence,official_json_routeId_routeSeq_stopSeq_complete_sequence,"{""candidate_count"":1,""official_stop_ids"":[""20000272"",""20000273"",""20009870"",""20000273"",""20003273"",""20009865"",""20006901"",""20000272""],""schedule_stop_ids"":[""20000272"",""20000273"",""20009870"",""20000273"",""20003273"",""20009865"",""20006901"",""20000272""]}",
line_gmb_2002815,gmb_2002815_1,2002815,1,1,19,19,1,one,True,True,False,official_route_sequence_exact_full_pattern,direction_not_encoded,partial,B,exact,A,upgraded_with_official_complete_pattern_evidence,official_json_routeId_routeSeq_stopSeq_complete_sequence,"{""candidate_count"":1,""official_stop_ids"":[""20000678"",""20009898"",""20000680"",""20000681"",""20000682"",""20000683"",""20010063"",""20006058"",""20006074"",""20000475"",""20009901"",""20000685"",""20000686"",""20000687"",""20000688"",""20000462"",""20010064"",""20000690"",""20000691""],""schedule_stop_ids"":[""20000678"",""20009898"",""20000680"",""20000681"",""20000682"",""20000683"",""20010063"",""20006058"",""20006074"",""20000475"",""20009901"",""20000685"",""20000686"",""20000687"",""20000688"",""20000462"",""20010064"",""20000690"",""20000691""]}",
line_gmb_2002815,gmb_2002815_2,2002815,2,2,17,17,1,one,True,True,False,official_route_sequence_exact_full_pattern,direction_not_encoded,partial,B,exact,A,upgraded_with_official_complete_pattern_evidence,official_json_routeId_routeSeq_stopSeq_complete_sequence,"{""candidate_count"":1,""official_stop_ids"":[""20000691"",""20016267"",""20000693"",""20000696"",""20000697"",""20000698"",""20011781"",""20000700"",""20010463"",""20000701"",""20000702"",""20000703"",""20000681"",""20002654"",""20010065"",""20006060"",""20000678""],""schedule_stop_ids"":[""20000691"",""20016267"",""20000693"",""20000696"",""20000697"",""20000698"",""20011781"",""20000700"",""20010463"",""20000701"",""20000702"",""20000703"",""20000681"",""20002654"",""20010065"",""20006060"",""20000678""]}",
line_gmb_2002844,gmb_2002844_1,2002844,1,1,12,12,1,one,True,True,False,official_route_sequence_exact_full_pattern,direction_not_encoded,partial,B,exact,A,upgraded_with_official_complete_pattern_evidence,official_json_routeId_routeSeq_stopSeq_complete_sequence,"{""candidate_count"":1,""official_stop_ids"":[""20000681"",""20000682"",""20006074"",""20000475"",""20010463"",""20000701"",""20000702"",""20004183"",""20009898"",""20000680"",""20000703"",""20000681""],""schedule_stop_ids"":[""20000681"",""20000682"",""20006074"",""20000475"",""20010463"",""20000701"",""20000702"",""20004183"",""20009898"",""20000680"",""20000703"",""20000681""]}",
line_gmb_2002845,gmb_2002845_1,2002845,1,1,11,11,1,one,True,True,False,official_route_sequence_exact_full_pattern,direction_not_encoded,partial,B,exact,A,upgraded_with_official_complete_pattern_evidence,official_json_routeId_routeSeq_stopSeq_complete_sequence,"{""candidate_count"":1,""official_stop_ids"":[""20000681"",""20000682"",""20004183"",""20000680"",""20006074"",""20000475"",""20010463"",""20000701"",""20000702"",""20000703"",""20000681""],""schedule_stop_ids"":[""20000681"",""20000682"",""20004183"",""20000680"",""20006074"",""20000475"",""20010463"",""20000701"",""20000702"",""20000703"",""20000681""]}",
line_gmb_2002846,gmb_2002846_1,2002846,1,1,20,20,1,one,True,True,False,official_route_sequence_exact_full_pattern,direction_not_encoded,partial,B,exact,A,upgraded_with_official_complete_pattern_evidence,official_json_routeId_routeSeq_stopSeq_complete_sequence,"{""candidate_count"":1,""official_stop_ids"":[""20000418"",""20010063"",""20006058"",""20006074"",""20000475"",""20000685"",""20000478"",""20000479"",""20010066"",""20000446"",""20010067"",""20009904"",""20000482"",""20000483"",""20000484"",""20010463"",""20000701"",""20018247"",""20000681"",""20000418""],""schedule_stop_ids"":[""20000418"",""20010063"",""20006058"",""20006074"",""20000475"",""20000685"",""20000478"",""20000479"",""20010066"",""20000446"",""20010067"",""20009904"",""20000482"",""20000483"",""20000484"",""20010463"",""20000701"",""20018247"",""20000681"",""20000418""]}",
line_gmb_2002849,gmb_2002849_1,2002849,1,1,7,7,1,one,True,True,False,official_route_sequence_exact_full_pattern,direction_not_encoded,partial,B,exact,A,upgraded_with_official_complete_pattern_evidence,official_json_routeId_routeSeq_stopSeq_complete_sequence,"{""candidate_count"":1,""official_stop_ids"":[""20007612"",""20010466"",""20000700"",""20010463"",""20000475"",""20000476"",""20007612""],""schedule_stop_ids"":[""20007612"",""20010466"",""20000700"",""20010463"",""20000475"",""20000476"",""20007612""]}",
line_gmb_2002850,gmb_2002850_1,2002850,1,1,17,17,1,one,True,True,False,official_route_sequence_exact_full_pattern,direction_not_encoded,partial,B,exact,A,upgraded_with_official_complete_pattern_evidence,official_json_routeId_routeSeq_stopSeq_complete_sequence,"{""candidate_count"":1,""official_stop_ids"":[""20000681"",""20000682"",""20000683"",""20000687"",""20000688"",""20000462"",""20000694"",""20000696"",""20000697"",""20000698"",""20010467"",""20000700"",""20010463"",""20000701"",""20000702"",""20000703"",""20000681""],""schedule_stop_ids"":[""20000681"",""20000682"",""20000683"",""20000687"",""20000688"",""20000462"",""20000694"",""20000696"",""20000697"",""20000698"",""20010467"",""20000700"",""20010463"",""20000701"",""20000702"",""20000703"",""20000681""]}",
line_gmb_2002910,gmb_2002910_1,2002910,1,1,10,10,1,one,True,True,False,official_route_sequence_exact_full_pattern,direction_not_encoded,partial,B,exact,A,upgraded_with_official_complete_pattern_evidence,official_json_routeId_routeSeq_stopSeq_complete_sequence,"{""candidate_count"":1,""official_stop_ids"":[""20001159"",""20001137"",""20001175"",""20001170"",""20001149"",""20005032"",""20001174"",""20007712"",""20003224"",""20001159""],""schedule_stop_ids"":[""20001159"",""20001137"",""20001175"",""20001170"",""20001149"",""20005032"",""20001174"",""20007712"",""20003224"",""20001159""]}",
line_gmb_2002943,gmb_2002943_1,2002943,1,1,12,12,1,one,True,True,False,official_route_sequence_exact_full_pattern,direction_not_encoded,partial,B,exact,A,upgraded_with_official_complete_pattern_evidence,official_json_routeId_routeSeq_stopSeq_complete_sequence,"{""candidate_count"":1,""official_stop_ids"":[""20001149"",""20005032"",""20001174"",""20001133"",""20007712"",""20007713"",""20002648"",""20002649"",""20002633"",""20002634"",""20007714"",""20007715""],""schedule_stop_ids"":[""20001149"",""20005032"",""20001174"",""20001133"",""20007712"",""20007713"",""20002648"",""20002649"",""20002633"",""20002634"",""20007714"",""20007715""]}",
line_gmb_2002943,gmb_2002943_2,2002943,2,2,12,12,1,one,True,True,False,official_route_sequence_exact_full_pattern,direction_not_encoded,partial,B,exact,A,upgraded_with_official_complete_pattern_evidence,official_json_routeId_routeSeq_stopSeq_complete_sequence,"{""candidate_count"":1,""official_stop_ids"":[""20007715"",""20002646"",""20002647"",""20002650"",""20002652"",""20005021"",""20005022"",""20007716"",""20001137"",""20001175"",""20001170"",""20001149""],""schedule_stop_ids"":[""20007715"",""20002646"",""20002647"",""20002650"",""20002652"",""20005021"",""20005022"",""20007716"",""20001137"",""20001175"",""20001170"",""20001149""]}",
line_gmb_2002945,gmb_2002945_1,2002945,1,1,22,22,1,one,True,True,False,official_route_sequence_exact_full_pattern,direction_not_encoded,partial,B,exact,A,upgraded_with_official_complete_pattern_evidence,official_json_routeId_routeSeq_stopSeq_complete_sequence,"{""candidate_count"":1,""official_stop_ids"":[""20001149"",""20001150"",""20001151"",""20002020"",""20002021"",""20003377"",""20009972"",""20003282"",""20007481"",""20017257"",""20001154"",""20009974"",""20002553"",""20009975"",""20009976"",""20009977"",""20009978"",""20000814"",""20009979"",""20000991"",""20007017"",""20002027""],""schedule_stop_ids"":[""20001149"",""20001150"",""20001151"",""20002020"",""20002021"",""20003377"",""20009972"",""20003282"",""20007481"",""20017257"",""20001154"",""20009974"",""20002553"",""20009975"",""20009976"",""20009977"",""20009978"",""20000814"",""20009979"",""20000991"",""20007017"",""20002027""]}",
line_gmb_2002945,gmb_2002945_2,2002945,2,2,22,22,1,one,True,True,False,official_route_sequence_exact_full_pattern,direction_not_encoded,partial,B,exact,A,upgraded_with_official_complete_pattern_evidence,official_json_routeId_routeSeq_stopSeq_complete_sequence,"{""candidate_count"":1,""official_stop_ids"":[""20002027"",""20010003"",""20000988"",""20000809"",""20000810"",""20000633"",""20015229"",""20009967"",""20010007"",""20000983"",""20009966"",""20007877"",""20007878"",""20014772"",""20005094"",""20002032"",""20002033"",""20002003"",""20002020"",""20001169"",""20002005"",""20001149""],""schedule_stop_ids"":[""20002027"",""20010003"",""20000988"",""20000809"",""20000810"",""20000633"",""20015229"",""20009967"",""20010007"",""20000983"",""20009966"",""20007877"",""20007878"",""20014772"",""20005094"",""20002032"",""20002033"",""20002003"",""20002020"",""20001169"",""20002005"",""20001149""]}",
line_gmb_2003010,gmb_2003010_1,2003010,1,1,11,11,1,one,True,True,False,official_route_sequence_exact_full_pattern,direction_not_encoded,partial,B,exact,A,upgraded_with_official_complete_pattern_evidence,official_json_routeId_routeSeq_stopSeq_complete_sequence,"{""candidate_count"":1,""official_stop_ids"":[""20002027"",""20010003"",""20014772"",""20005094"",""20002032"",""20002033"",""20002003"",""20002020"",""20001169"",""20002005"",""20001149""],""schedule_stop_ids"":[""20002027"",""20010003"",""20014772"",""20005094"",""20002032"",""20002033"",""20002003"",""20002020"",""20001169"",""20002005"",""20001149""]}",
line_gmb_2003042,gmb_2003042_1,2003042,1,1,27,27,1,one,True,True,False,official_route_sequence_exact_full_pattern,direction_not_encoded,partial,B,exact,A,upgraded_with_official_complete_pattern_evidence,official_json_routeId_routeSeq_stopSeq_complete_sequence,"{""candidate_count"":1,""official_stop_ids"":[""20009733"",""20000089"",""20003476"",""20004546"",""20004547"",""20004564"",""20004565"",""20000367"",""20000127"",""20004558"",""20004588"",""20004589"",""20000175"",""20000177"",""20004566"",""20000130"",""20004559"",""20004560"",""20004561"",""20004114"",""20007066"",""20002403"",""20004590"",""20003279"",""20004591"",""20016927"",""20009733""],""schedule_stop_ids"":[""20009733"",""20000089"",""20003476"",""20004546"",""20004547"",""20004564"",""20004565"",""20000367"",""20000127"",""20004558"",""20004588"",""20004589"",""20000175"",""20000177"",""20004566"",""20000130"",""20004559"",""20004560"",""20004561"",""20004114"",""20007066"",""20002403"",""20004590"",""20003279"",""20004591"",""20016927"",""20009733""]}",
line_gmb_2003043,gmb_2003043_1,2003043,1,1,9,9,1,one,True,True,False,official_route_sequence_exact_full_pattern,direction_not_encoded,partial,B,exact,A,upgraded_with_official_complete_pattern_evidence,official_json_routeId_routeSeq_stopSeq_complete_sequence,"{""candidate_count"":1,""official_stop_ids"":[""20009733"",""20000089"",""20004547"",""20004564"",""20004565"",""20000367"",""20000127"",""20004558"",""20007152""],""schedule_stop_ids"":[""20009733"",""20000089"",""20004547"",""20004564"",""20004565"",""20000367"",""20000127"",""20004558"",""20007152""]}",
line_gmb_2003043,gmb_2003043_2,2003043,2,2,12,12,1,one,True,True,False,official_route_sequence_exact_full_pattern,direction_not_encoded,partial,B,exact,A,upgraded_with_official_complete_pattern_evidence,official_json_routeId_routeSeq_stopSeq_complete_sequence,"{""candidate_count"":1,""official_stop_ids"":[""20007152"",""20004566"",""20000130"",""20004559"",""20004560"",""20004561"",""20004114"",""20007066"",""20003279"",""20004591"",""20016927"",""20009733""],""schedule_stop_ids"":[""20007152"",""20004566"",""20000130"",""20004559"",""20004560"",""20004561"",""20004114"",""20007066"",""20003279"",""20004591"",""20016927"",""20009733""]}",
line_gmb_2003045,gmb_2003045_1,2003045,1,1,31,31,1,one,True,True,False,official_route_sequence_exact_full_pattern,direction_not_encoded,partial,B,exact,A,upgraded_with_official_complete_pattern_evidence,official_json_routeId_routeSeq_stopSeq_complete_sequence,"{""candidate_count"":1,""official_stop_ids"":[""20000126"",""20010030"",""20000127"",""20004558"",""20004559"",""20004560"",""20004561"",""20004114"",""20007066"",""20000174"",""20000013"",""20000012"",""20000015"",""20000303"",""20000016"",""20007067"",""20007068"",""20004105"",""20000173"",""20000017"",""20000018"",""20000019"",""20007069"",""20007409"",""20007070"",""20004552"",""20004553"",""20004571"",""20000296"",""20000295"",""20006979""],""schedule_stop_ids"":[""20000126"",""20010030"",""20000127"",""20004558"",""20004559"",""20004560"",""20004561"",""20004114"",""20007066"",""20000174"",""20000013"",""20000012"",""20000015"",""20000303"",""20000016"",""20007067"",""20007068"",""20004105"",""20000173"",""20000017"",""20000018"",""20000019"",""20007069"",""20007409"",""20007070"",""20004552"",""20004553"",""20004571"",""20000296"",""20000295"",""20006979""]}",
line_gmb_2003045,gmb_2003045_2,2003045,2,2,21,21,1,one,True,True,False,official_route_sequence_exact_full_pattern,direction_not_encoded,partial,B,exact,A,upgraded_with_official_complete_pattern_evidence,official_json_routeId_routeSeq_stopSeq_complete_sequence,"{""candidate_count"":1,""official_stop_ids"":[""20006979"",""20000026"",""20004545"",""20004544"",""20004106"",""20004542"",""20004541"",""20002406"",""20002407"",""20000008"",""20000009"",""20000010"",""20004546"",""20004547"",""20004564"",""20004565"",""20000367"",""20004566"",""20000130"",""20010034"",""20000126""],""schedule_stop_ids"":[""20006979"",""20000026"",""20004545"",""20004544"",""20004106"",""20004542"",""20004541"",""20002406"",""20002407"",""20000008"",""20000009"",""20000010"",""20004546"",""20004547"",""20004564"",""20004565"",""20000367"",""20004566"",""20000130"",""20010034"",""20000126""]}",
line_gmb_2003048,gmb_2003048_1,2003048,1,1,10,10,1,one,True,True,False,official_route_sequence_exact_full_pattern,direction_not_encoded,partial,B,exact,A,upgraded_with_official_complete_pattern_evidence,official_json_routeId_routeSeq_stopSeq_complete_sequence,"{""candidate_count"":1,""official_stop_ids"":[""20000126"",""20004559"",""20004560"",""20004561"",""20004114"",""20007066"",""20000174"",""20000012"",""20004107"",""20000284""],""schedule_stop_ids"":[""20000126"",""20004559"",""20004560"",""20004561"",""20004114"",""20007066"",""20000174"",""20000012"",""20004107"",""20000284""]}",
line_gmb_2003048,gmb_2003048_2,2003048,2,2,14,14,1,one,True,True,False,official_route_sequence_exact_full_pattern,direction_not_encoded,partial,B,exact,A,upgraded_with_official_complete_pattern_evidence,official_json_routeId_routeSeq_stopSeq_complete_sequence,"{""candidate_count"":1,""official_stop_ids"":[""20000284"",""20006979"",""20002407"",""20000008"",""20000009"",""20000010"",""20004546"",""20004547"",""20004564"",""20004565"",""20000367"",""20004566"",""20000130"",""20000126""],""schedule_stop_ids"":[""20000284"",""20006979"",""20002407"",""20000008"",""20000009"",""20000010"",""20004546"",""20004547"",""20004564"",""20004565"",""20000367"",""20004566"",""20000130"",""20000126""]}",
line_gmb_2003050,gmb_2003050_1,2003050,1,1,31,31,1,one,True,True,False,official_route_sequence_exact_full_pattern,direction_not_encoded,partial,B,exact,A,upgraded_with_official_complete_pattern_evidence,official_json_routeId_routeSeq_stopSeq_complete_sequence,"{""candidate_count"":1,""official_stop_ids"":[""20000126"",""20010030"",""20000130"",""20004558"",""20004559"",""20004560"",""20004561"",""20004114"",""20007066"",""20000174"",""20000013"",""20000012"",""20000015"",""20000303"",""20000016"",""20007067"",""20007068"",""20004105"",""20000173"",""20000017"",""20000018"",""20000019"",""20007069"",""20007409"",""20007070"",""20004552"",""20004553"",""20004571"",""20000296"",""20000295"",""20000284""],""schedule_stop_ids"":[""20000126"",""20010030"",""20000130"",""20004558"",""20004559"",""20004560"",""20004561"",""20004114"",""20007066"",""20000174"",""20000013"",""20000012"",""20000015"",""20000303"",""20000016"",""20007067"",""20007068"",""20004105"",""20000173"",""20000017"",""20000018"",""20000019"",""20007069"",""20007409"",""20007070"",""20004552"",""20004553"",""20004571"",""20000296"",""20000295"",""20000284""]}",
line_gmb_2003051,gmb_2003051_1,2003051,1,1,21,21,1,one,True,True,False,official_route_sequence_exact_full_pattern,direction_not_encoded,partial,B,exact,A,upgraded_with_official_complete_pattern_evidence,official_json_routeId_routeSeq_stopSeq_complete_sequence,"{""candidate_count"":1,""official_stop_ids"":[""20000284"",""20000026"",""20004545"",""20004544"",""20004106"",""20004542"",""20004541"",""20002406"",""20002407"",""20000008"",""20000009"",""20000010"",""20004546"",""20004547"",""20004564"",""20004565"",""20000367"",""20004566"",""20000130"",""20010030"",""20000126""],""schedule_stop_ids"":[""20000284"",""20000026"",""20004545"",""20004544"",""20004106"",""20004542"",""20004541"",""20002406"",""20002407"",""20000008"",""20000009"",""20000010"",""20004546"",""20004547"",""20004564"",""20004565"",""20000367"",""20004566"",""20000130"",""20010030"",""20000126""]}",
line_gmb_2003075,gmb_2003075_1,2003075,1,1,10,10,1,one,True,True,False,official_route_sequence_exact_full_pattern,direction_not_encoded,partial,B,exact,A,upgraded_with_official_complete_pattern_evidence,official_json_routeId_routeSeq_stopSeq_complete_sequence,"{""candidate_count"":1,""official_stop_ids"":[""20000126"",""20004559"",""20004560"",""20004561"",""20004114"",""20007066"",""20000174"",""20000012"",""20004107"",""20000284""],""schedule_stop_ids"":[""20000126"",""20004559"",""20004560"",""20004561"",""20004114"",""20007066"",""20000174"",""20000012"",""20004107"",""20000284""]}",
line_gmb_2003108,gmb_2003108_1,2003108,1,1,7,7,1,one,True,True,False,official_route_sequence_exact_full_pattern,direction_not_encoded,partial,B,exact,A,upgraded_with_official_complete_pattern_evidence,official_json_routeId_routeSeq_stopSeq_complete_sequence,"{""candidate_count"":1,""official_stop_ids"":[""20000704"",""20000716"",""20000717"",""20000718"",""20000719"",""20000628"",""20000720""],""schedule_stop_ids"":[""20000704"",""20000716"",""20000717"",""20000718"",""20000719"",""20000628"",""20000720""]}",
line_gmb_2003174,gmb_2003174_1,2003174,1,1,11,11,1,one,True,True,False,official_route_sequence_exact_full_pattern,direction_not_encoded,partial,B,exact,A,upgraded_with_official_complete_pattern_evidence,official_json_routeId_routeSeq_stopSeq_complete_sequence,"{""candidate_count"":1,""official_stop_ids"":[""20010130"",""20020161"",""20000952"",""20001117"",""20000975"",""20000976"",""20004134"",""20021547"",""20021548"",""20021549"",""20000973""],""schedule_stop_ids"":[""20010130"",""20020161"",""20000952"",""20001117"",""20000975"",""20000976"",""20004134"",""20021547"",""20021548"",""20021549"",""20000973""]}",
line_gmb_2003174,gmb_2003174_2,2003174,2,2,12,12,1,one,True,True,False,official_route_sequence_exact_full_pattern,direction_not_encoded,partial,B,exact,A,upgraded_with_official_complete_pattern_evidence,official_json_routeId_routeSeq_stopSeq_complete_sequence,"{""candidate_count"":1,""official_stop_ids"":[""20000973"",""20021550"",""20021551"",""20000978"",""20000802"",""20002395"",""20000980"",""20013561"",""20010132"",""20020162"",""20000983"",""20000953""],""schedule_stop_ids"":[""20000973"",""20021550"",""20021551"",""20000978"",""20000802"",""20002395"",""20000980"",""20013561"",""20010132"",""20020162"",""20000983"",""20000953""]}",
line_gmb_2003177,gmb_2003177_1,2003177,1,1,16,16,1,one,True,True,False,official_route_sequence_exact_full_pattern,direction_not_encoded,partial,B,exact,A,upgraded_with_official_complete_pattern_evidence,official_json_routeId_routeSeq_stopSeq_complete_sequence,"{""candidate_count"":1,""official_stop_ids"":[""20000953"",""20021514"",""20020161"",""20000952"",""20021515"",""20021516"",""20006002"",""20021517"",""20021518"",""20021519"",""20021520"",""20021521"",""20021522"",""20000983"",""20020164"",""20000953""],""schedule_stop_ids"":[""20000953"",""20021514"",""20020161"",""20000952"",""20021515"",""20021516"",""20006002"",""20021517"",""20021518"",""20021519"",""20021520"",""20021521"",""20021522"",""20000983"",""20020164"",""20000953""]}",
line_gmb_2003179,gmb_2003179_1,2003179,1,1,15,15,1,one,True,True,False,official_route_sequence_exact_full_pattern,direction_not_encoded,partial,B,exact,A,upgraded_with_official_complete_pattern_evidence,official_json_routeId_routeSeq_stopSeq_complete_sequence,"{""candidate_count"":1,""official_stop_ids"":[""20010135"",""20000954"",""20001117"",""20000985"",""20002193"",""20002740"",""20000615"",""20004131"",""20007025"",""20013561"",""20013562"",""20020162"",""20000955"",""20000952"",""20010135""],""schedule_stop_ids"":[""20010135"",""20000954"",""20001117"",""20000985"",""20002193"",""20002740"",""20000615"",""20004131"",""20007025"",""20013561"",""20013562"",""20020162"",""20000955"",""20000952"",""20010135""]}",
line_gmb_2003207,gmb_2003207_1,2003207,1,1,3,3,1,one,True,True,False,official_route_sequence_exact_full_pattern,direction_not_encoded,partial,B,exact,A,upgraded_with_official_complete_pattern_evidence,official_json_routeId_routeSeq_stopSeq_complete_sequence,"{""candidate_count"":1,""official_stop_ids"":[""20001569"",""20002180"",""20002178""],""schedule_stop_ids"":[""20001569"",""20002180"",""20002178""]}",
line_gmb_2003207,gmb_2003207_2,2003207,2,2,3,3,1,one,True,True,False,official_route_sequence_exact_full_pattern,direction_not_encoded,partial,B,exact,A,upgraded_with_official_complete_pattern_evidence,official_json_routeId_routeSeq_stopSeq_complete_sequence,"{""candidate_count"":1,""official_stop_ids"":[""20002178"",""20010163"",""20001569""],""schedule_stop_ids"":[""20002178"",""20010163"",""20001569""]}",
line_gmb_2003209,gmb_2003209_1,2003209,1,1,3,3,1,one,True,True,False,official_route_sequence_exact_full_pattern,direction_not_encoded,partial,B,exact,A,upgraded_with_official_complete_pattern_evidence,official_json_routeId_routeSeq_stopSeq_complete_sequence,"{""candidate_count"":1,""official_stop_ids"":[""20002176"",""20002177"",""20002178""],""schedule_stop_ids"":[""20002176"",""20002177"",""20002178""]}",
line_gmb_2003209,gmb_2003209_2,2003209,2,2,3,3,1,one,True,True,False,official_route_sequence_exact_full_pattern,direction_not_encoded,partial,B,exact,A,upgraded_with_official_complete_pattern_evidence,official_json_routeId_routeSeq_stopSeq_complete_sequence,"{""candidate_count"":1,""official_stop_ids"":[""20002178"",""20002179"",""20002176""],""schedule_stop_ids"":[""20002178"",""20002179"",""20002176""]}",
line_gmb_2003211,gmb_2003211_1,2003211,1,1,2,2,1,one,True,True,False,official_route_sequence_exact_full_pattern,direction_not_encoded,partial,B,exact,A,upgraded_with_official_complete_pattern_evidence,official_json_routeId_routeSeq_stopSeq_complete_sequence,"{""candidate_count"":1,""official_stop_ids"":[""20002178"",""20001569""],""schedule_stop_ids"":[""20002178"",""20001569""]}",
line_gmb_2003211,gmb_2003211_2,2003211,2,2,2,2,1,one,True,True,False,official_route_sequence_exact_full_pattern,direction_not_encoded,partial,B,exact,A,upgraded_with_official_complete_pattern_evidence,official_json_routeId_routeSeq_stopSeq_complete_sequence,"{""candidate_count"":1,""official_stop_ids"":[""20001569"",""20002178""],""schedule_stop_ids"":[""20001569"",""20002178""]}",
line_gmb_2003212,gmb_2003212_1,2003212,1,1,4,4,1,one,True,True,False,official_route_sequence_exact_full_pattern,direction_not_encoded,partial,B,exact,A,upgraded_with_official_complete_pattern_evidence,official_json_routeId_routeSeq_stopSeq_complete_sequence,"{""candidate_count"":1,""official_stop_ids"":[""20010164"",""20002176"",""20002177"",""20002178""],""schedule_stop_ids"":[""20010164"",""20002176"",""20002177"",""20002178""]}",
line_gmb_2003212,gmb_2003212_2,2003212,2,2,3,3,1,one,True,True,False,official_route_sequence_exact_full_pattern,direction_not_encoded,partial,B,exact,A,upgraded_with_official_complete_pattern_evidence,official_json_routeId_routeSeq_stopSeq_complete_sequence,"{""candidate_count"":1,""official_stop_ids"":[""20002178"",""20002179"",""20010164""],""schedule_stop_ids"":[""20002178"",""20002179"",""20010164""]}",
line_gmb_2003214,gmb_2003214_1,2003214,1,1,8,8,1,one,True,True,False,official_route_sequence_exact_full_pattern,direction_not_encoded,partial,B,exact,A,upgraded_with_official_complete_pattern_evidence,official_json_routeId_routeSeq_stopSeq_complete_sequence,"{""candidate_count"":1,""official_stop_ids"":[""20002178"",""20002180"",""20003167"",""20001573"",""20003166"",""20007375"",""20022603"",""20003328""],""schedule_stop_ids"":[""20002178"",""20002180"",""20003167"",""20001573"",""20003166"",""20007375"",""20022603"",""20003328""]}",
line_gmb_2003214,gmb_2003214_2,2003214,2,2,7,7,1,one,True,True,False,official_route_sequence_exact_full_pattern,direction_not_encoded,partial,B,exact,A,upgraded_with_official_complete_pattern_evidence,official_json_routeId_routeSeq_stopSeq_complete_sequence,"{""candidate_count"":1,""official_stop_ids"":[""20007253"",""20003165"",""20003167"",""20001573"",""20003166"",""20007375"",""20002178""],""schedule_stop_ids"":[""20007253"",""20003165"",""20003167"",""20001573"",""20003166"",""20007375"",""20002178""]}",
line_gmb_2003240,gmb_2003240_1,2003240,1,1,8,8,1,one,True,True,False,official_route_sequence_exact_full_pattern,direction_not_encoded,partial,B,exact,A,upgraded_with_official_complete_pattern_evidence,official_json_routeId_routeSeq_stopSeq_complete_sequence,"{""candidate_count"":1,""official_stop_ids"":[""20002597"",""20001140"",""20001944"",""20001142"",""20005018"",""20001114"",""20002600"",""20002599""],""schedule_stop_ids"":[""20002597"",""20001140"",""20001944"",""20001142"",""20005018"",""20001114"",""20002600"",""20002599""]}",
line_gmb_2003240,gmb_2003240_2,2003240,2,2,9,9,1,one,True,True,False,official_route_sequence_exact_full_pattern,direction_not_encoded,partial,B,exact,A,upgraded_with_official_complete_pattern_evidence,official_json_routeId_routeSeq_stopSeq_complete_sequence,"{""candidate_count"":1,""official_stop_ids"":[""20002599"",""20001144"",""20001113"",""20009421"",""20002437"",""20002601"",""20001172"",""20001162"",""20002597""],""schedule_stop_ids"":[""20002599"",""20001144"",""20001113"",""20009421"",""20002437"",""20002601"",""20001172"",""20001162"",""20002597""]}",
line_gmb_2003242,gmb_2003242_1,2003242,1,1,10,10,1,one,True,True,False,official_route_sequence_exact_full_pattern,direction_not_encoded,partial,B,exact,A,upgraded_with_official_complete_pattern_evidence,official_json_routeId_routeSeq_stopSeq_complete_sequence,"{""candidate_count"":1,""official_stop_ids"":[""20002599"",""20007623"",""20001144"",""20001113"",""20009421"",""20002437"",""20002601"",""20007736"",""20001162"",""20002597""],""schedule_stop_ids"":[""20002599"",""20007623"",""20001144"",""20001113"",""20009421"",""20002437"",""20002601"",""20007736"",""20001162"",""20002597""]}",
line_gmb_2003243,gmb_2003243_1,2003243,1,1,7,7,1,one,True,True,False,official_route_sequence_exact_full_pattern,direction_not_encoded,partial,B,exact,A,upgraded_with_official_complete_pattern_evidence,official_json_routeId_routeSeq_stopSeq_complete_sequence,"{""candidate_count"":1,""official_stop_ids"":[""20001113"",""20009421"",""20002437"",""20002601"",""20001172"",""20001162"",""20002597""],""schedule_stop_ids"":[""20001113"",""20009421"",""20002437"",""20002601"",""20001172"",""20001162"",""20002597""]}",
line_gmb_2003273,gmb_2003273_1,2003273,1,1,15,15,1,one,True,True,False,official_route_sequence_exact_full_pattern,direction_not_encoded,partial,B,exact,A,upgraded_with_official_complete_pattern_evidence,official_json_routeId_routeSeq_stopSeq_complete_sequence,"{""candidate_count"":1,""official_stop_ids"":[""20002103"",""20001759"",""20001760"",""20002104"",""20002105"",""20002106"",""20001698"",""20002101"",""20001445"",""20002080"",""20001654"",""20001655"",""20002107"",""20001656"",""20010195""],""schedule_stop_ids"":[""20002103"",""20001759"",""20001760"",""20002104"",""20002105"",""20002106"",""20001698"",""20002101"",""20001445"",""20002080"",""20001654"",""20001655"",""20002107"",""20001656"",""20010195""]}",
line_gmb_2003273,gmb_2003273_2,2003273,2,2,16,16,1,one,True,True,False,official_route_sequence_exact_full_pattern,direction_not_encoded,partial,B,exact,A,upgraded_with_official_complete_pattern_evidence,official_json_routeId_routeSeq_stopSeq_complete_sequence,"{""candidate_count"":1,""official_stop_ids"":[""20010195"",""20001679"",""20001680"",""20001660"",""20002110"",""20002083"",""20001687"",""20001909"",""20002111"",""20002112"",""20002096"",""20002105"",""20001755"",""20001756"",""20001757"",""20002103""],""schedule_stop_ids"":[""20010195"",""20001679"",""20001680"",""20001660"",""20002110"",""20002083"",""20001687"",""20001909"",""20002111"",""20002112"",""20002096"",""20002105"",""20001755"",""20001756"",""20001757"",""20002103""]}",
line_gmb_2003306,gmb_2003306_1,2003306,1,1,7,7,1,one,True,True,False,official_route_sequence_exact_full_pattern,direction_not_encoded,partial,B,exact,A,upgraded_with_official_complete_pattern_evidence,official_json_routeId_routeSeq_stopSeq_complete_sequence,"{""candidate_count"":1,""official_stop_ids"":[""20002113"",""20002148"",""20001740"",""20001734"",""20001730"",""20002090"",""20002115""],""schedule_stop_ids"":[""20002113"",""20002148"",""20001740"",""20001734"",""20001730"",""20002090"",""20002115""]}",
line_gmb_2003306,gmb_2003306_2,2003306,2,2,7,7,1,one,True,True,False,official_route_sequence_exact_full_pattern,direction_not_encoded,partial,B,exact,A,upgraded_with_official_complete_pattern_evidence,official_json_routeId_routeSeq_stopSeq_complete_sequence,"{""candidate_count"":1,""official_stop_ids"":[""20002115"",""20002096"",""20001730"",""20001734"",""20004520"",""20002159"",""20002113""],""schedule_stop_ids"":[""20002115"",""20002096"",""20001730"",""20001734"",""20004520"",""20002159"",""20002113""]}",
line_gmb_2003307,gmb_2003307_1,2003307,1,1,11,11,1,one,True,True,False,official_route_sequence_exact_full_pattern,direction_not_encoded,partial,B,exact,A,upgraded_with_official_complete_pattern_evidence,official_json_routeId_routeSeq_stopSeq_complete_sequence,"{""candidate_count"":1,""official_stop_ids"":[""20002105"",""20002106"",""20001698"",""20002101"",""20001445"",""20002080"",""20001654"",""20001655"",""20002107"",""20001656"",""20010195""],""schedule_stop_ids"":[""20002105"",""20002106"",""20001698"",""20002101"",""20001445"",""20002080"",""20001654"",""20001655"",""20002107"",""20001656"",""20010195""]}",
line_gmb_2003339,gmb_2003339_1,2003339,1,1,10,10,1,one,True,True,False,official_route_sequence_exact_full_pattern,direction_not_encoded,partial,B,exact,A,upgraded_with_official_complete_pattern_evidence,official_json_routeId_routeSeq_stopSeq_complete_sequence,"{""candidate_count"":1,""official_stop_ids"":[""20000691"",""20016267"",""20002816"",""20006919"",""20006100"",""20000411"",""20012540"",""20006918"",""20000446"",""20000691""],""schedule_stop_ids"":[""20000691"",""20016267"",""20002816"",""20006919"",""20006100"",""20000411"",""20012540"",""20006918"",""20000446"",""20000691""]}",
line_gmb_2003372,gmb_2003372_1,2003372,1,1,23,23,1,one,True,True,False,official_route_sequence_exact_full_pattern,direction_not_encoded,partial,B,exact,A,upgraded_with_official_complete_pattern_evidence,official_json_routeId_routeSeq_stopSeq_complete_sequence,"{""candidate_count"":1,""official_stop_ids"":[""20003008"",""20022713"",""20020064"",""20004127"",""20004140"",""20010231"",""20003082"",""20004141"",""20003117"",""20004142"",""20001926"",""20002163"",""20022710"",""20002164"",""20003138"",""20022711"",""20003101"",""20004013"",""20004143"",""20003154"",""20020065"",""20022712"",""20003008""],""schedule_stop_ids"":[""20003008"",""20022713"",""20020064"",""20004127"",""20004140"",""20010231"",""20003082"",""20004141"",""20003117"",""20004142"",""20001926"",""20002163"",""20022710"",""20002164"",""20003138"",""20022711"",""20003101"",""20004013"",""20004143"",""20003154"",""20020065"",""20022712"",""20003008""]}",
line_gmb_2003373,gmb_2003373_1,2003373,1,1,6,6,1,one,True,True,False,official_route_sequence_exact_full_pattern,direction_not_encoded,partial,B,exact,A,upgraded_with_official_complete_pattern_evidence,official_json_routeId_routeSeq_stopSeq_complete_sequence,"{""candidate_count"":1,""official_stop_ids"":[""20003008"",""20020064"",""20004127"",""20003154"",""20003080"",""20003008""],""schedule_stop_ids"":[""20003008"",""20020064"",""20004127"",""20003154"",""20003080"",""20003008""]}",
line_gmb_2003405,gmb_2003405_1,2003405,1,1,13,13,1,one,True,True,False,official_route_sequence_exact_full_pattern,direction_not_encoded,partial,B,exact,A,upgraded_with_official_complete_pattern_evidence,official_json_routeId_routeSeq_stopSeq_complete_sequence,"{""candidate_count"":1,""official_stop_ids"":[""20000356"",""20000358"",""20000359"",""20000360"",""20000157"",""20000361"",""20000169"",""20000328"",""20000329"",""20000362"",""20010261"",""20010264"",""20019072""],""schedule_stop_ids"":[""20000356"",""20000358"",""20000359"",""20000360"",""20000157"",""20000361"",""20000169"",""20000328"",""20000329"",""20000362"",""20010261"",""20010264"",""20019072""]}",
line_gmb_2003405,gmb_2003405_2,2003405,2,2,12,12,1,one,True,True,False,official_route_sequence_exact_full_pattern,direction_not_encoded,partial,B,exact,A,upgraded_with_official_complete_pattern_evidence,official_json_routeId_routeSeq_stopSeq_complete_sequence,"{""candidate_count"":1,""official_stop_ids"":[""20019072"",""20000367"",""20000368"",""20000362"",""20010261"",""20000369"",""20000370"",""20000340"",""20000327"",""20010271"",""20010272"",""20000356""],""schedule_stop_ids"":[""20019072"",""20000367"",""20000368"",""20000362"",""20010261"",""20000369"",""20000370"",""20000340"",""20000327"",""20010271"",""20010272"",""20000356""]}",
line_gmb_2003408,gmb_2003408_1,2003408,1,1,11,11,1,one,True,True,False,official_route_sequence_exact_full_pattern,direction_not_encoded,partial,B,exact,A,upgraded_with_official_complete_pattern_evidence,official_json_routeId_routeSeq_stopSeq_complete_sequence,"{""candidate_count"":1,""official_stop_ids"":[""20000218"",""20000362"",""20000363"",""20010276"",""20004593"",""20010277"",""20010278"",""20000369"",""20000370"",""20000340"",""20000218""],""schedule_stop_ids"":[""20000218"",""20000362"",""20000363"",""20010276"",""20004593"",""20010277"",""20010278"",""20000369"",""20000370"",""20000340"",""20000218""]}",
line_gmb_2003438,gmb_2003438_1,2003438,1,1,18,18,1,one,True,True,False,official_route_sequence_exact_full_pattern,direction_not_encoded,partial,B,exact,A,upgraded_with_official_complete_pattern_evidence,official_json_routeId_routeSeq_stopSeq_complete_sequence,"{""candidate_count"":1,""official_stop_ids"":[""20004190"",""20000905"",""20015253"",""20000907"",""20006101"",""20004189"",""20006099"",""20002816"",""20006919"",""20006105"",""20000446"",""20006095"",""20000694"",""20007073"",""20000872"",""20019964"",""20019965"",""20004190""],""schedule_stop_ids"":[""20004190"",""20000905"",""20015253"",""20000907"",""20006101"",""20004189"",""20006099"",""20002816"",""20006919"",""20006105"",""20000446"",""20006095"",""20000694"",""20007073"",""20000872"",""20019964"",""20019965"",""20004190""]}",
line_gmb_2003471,gmb_2003471_1,2003471,1,1,8,8,1,one,True,True,False,official_route_sequence_exact_full_pattern,direction_not_encoded,partial,B,exact,A,upgraded_with_official_complete_pattern_evidence,official_json_routeId_routeSeq_stopSeq_complete_sequence,"{""candidate_count"":1,""official_stop_ids"":[""20004190"",""20000905"",""20006101"",""20004189"",""20006099"",""20002816"",""20006919"",""20006105""],""schedule_stop_ids"":[""20004190"",""20000905"",""20006101"",""20004189"",""20006099"",""20002816"",""20006919"",""20006105""]}",
line_gmb_2003472,gmb_2003472_1,2003472,1,1,6,6,1,one,True,True,False,official_route_sequence_exact_full_pattern,direction_not_encoded,partial,B,exact,A,upgraded_with_official_complete_pattern_evidence,official_json_routeId_routeSeq_stopSeq_complete_sequence,"{""candidate_count"":1,""official_stop_ids"":[""20002655"",""20010300"",""20006911"",""20010301"",""20010302"",""20000165""],""schedule_stop_ids"":[""20002655"",""20010300"",""20006911"",""20010301"",""20010302"",""20000165""]}",
line_gmb_2003472,gmb_2003472_2,2003472,2,2,8,8,1,one,True,True,False,official_route_sequence_exact_full_pattern,direction_not_encoded,partial,B,exact,A,upgraded_with_official_complete_pattern_evidence,official_json_routeId_routeSeq_stopSeq_complete_sequence,"{""candidate_count"":1,""official_stop_ids"":[""20000165"",""20000166"",""20010308"",""20010309"",""20010310"",""20011878"",""20010312"",""20002655""],""schedule_stop_ids"":[""20000165"",""20000166"",""20010308"",""20010309"",""20010310"",""20011878"",""20010312"",""20002655""]}",
line_gmb_2003504,gmb_2003504_1,2003504,1,1,7,7,1,one,True,True,False,official_route_sequence_exact_full_pattern,direction_not_encoded,partial,B,exact,A,upgraded_with_official_complete_pattern_evidence,official_json_routeId_routeSeq_stopSeq_complete_sequence,"{""candidate_count"":1,""official_stop_ids"":[""20022571"",""20000819"",""20000603"",""20000820"",""20000821"",""20000604"",""20003365""],""schedule_stop_ids"":[""20022571"",""20000819"",""20000603"",""20000820"",""20000821"",""20000604"",""20003365""]}",
line_gmb_2003504,gmb_2003504_2,2003504,2,2,7,7,1,one,True,True,False,official_route_sequence_exact_full_pattern,direction_not_encoded,partial,B,exact,A,upgraded_with_official_complete_pattern_evidence,official_json_routeId_routeSeq_stopSeq_complete_sequence,"{""candidate_count"":1,""official_stop_ids"":[""20003365"",""20000594"",""20000592"",""20000823"",""20000824"",""20006016"",""20022571""],""schedule_stop_ids"":[""20003365"",""20000594"",""20000592"",""20000823"",""20000824"",""20006016"",""20022571""]}",
line_gmb_2003505,gmb_2003505_1,2003505,1,1,13,13,1,one,True,True,False,official_route_sequence_exact_full_pattern,direction_not_encoded,partial,B,exact,A,upgraded_with_official_complete_pattern_evidence,official_json_routeId_routeSeq_stopSeq_complete_sequence,"{""candidate_count"":1,""official_stop_ids"":[""20022571"",""20000819"",""20000603"",""20000820"",""20000821"",""20000604"",""20001045"",""20000607"",""20020183"",""20000823"",""20000824"",""20006016"",""20022571""],""schedule_stop_ids"":[""20022571"",""20000819"",""20000603"",""20000820"",""20000821"",""20000604"",""20001045"",""20000607"",""20020183"",""20000823"",""20000824"",""20006016"",""20022571""]}",
line_gmb_2003537,gmb_2003537_1,2003537,1,1,12,12,1,one,True,True,False,official_route_sequence_exact_full_pattern,direction_not_encoded,partial,B,exact,A,upgraded_with_official_complete_pattern_evidence,official_json_routeId_routeSeq_stopSeq_complete_sequence,"{""candidate_count"":1,""official_stop_ids"":[""20000465"",""20000466"",""20000467"",""20000468"",""20000469"",""20010360"",""20020067"",""20010361"",""20010362"",""20000472"",""20000473"",""20000465""],""schedule_stop_ids"":[""20000465"",""20000466"",""20000467"",""20000468"",""20000469"",""20010360"",""20020067"",""20010361"",""20010362"",""20000472"",""20000473"",""20000465""]}",
line_gmb_2003538,gmb_2003538_1,2003538,1,1,10,10,1,one,True,True,False,official_route_sequence_exact_full_pattern,direction_not_encoded,partial,B,exact,A,upgraded_with_official_complete_pattern_evidence,official_json_routeId_routeSeq_stopSeq_complete_sequence,"{""candidate_count"":1,""official_stop_ids"":[""20000465"",""20000466"",""20000467"",""20000468"",""20000469"",""20000470"",""20010362"",""20000472"",""20000473"",""20000465""],""schedule_stop_ids"":[""20000465"",""20000466"",""20000467"",""20000468"",""20000469"",""20000470"",""20010362"",""20000472"",""20000473"",""20000465""]}",
line_gmb_2003570,gmb_2003570_1,2003570,1,1,11,11,1,one,True,True,False,official_route_sequence_exact_full_pattern,direction_not_encoded,partial,B,exact,A,upgraded_with_official_complete_pattern_evidence,official_json_routeId_routeSeq_stopSeq_complete_sequence,"{""candidate_count"":1,""official_stop_ids"":[""20000465"",""20000466"",""20000467"",""20000468"",""20000469"",""20010360"",""20010361"",""20000912"",""20000472"",""20000473"",""20000465""],""schedule_stop_ids"":[""20000465"",""20000466"",""20000467"",""20000468"",""20000469"",""20010360"",""20010361"",""20000912"",""20000472"",""20000473"",""20000465""]}",
line_gmb_2003571,gmb_2003571_1,2003571,1,1,24,24,1,one,True,True,False,official_route_sequence_exact_full_pattern,direction_not_encoded,partial,B,exact,A,upgraded_with_official_complete_pattern_evidence,official_json_routeId_routeSeq_stopSeq_complete_sequence,"{""candidate_count"":1,""official_stop_ids"":[""20010393"",""20010394"",""20010395"",""20006049"",""20010403"",""20006050"",""20001049"",""20006990"",""20010412"",""20001050"",""20000550"",""20006052"",""20010413"",""20000440"",""20006055"",""20000490"",""20000551"",""20002013"",""20006070"",""20000553"",""20000443"",""20000554"",""20010400"",""20010401""],""schedule_stop_ids"":[""20010393"",""20010394"",""20010395"",""20006049"",""20010403"",""20006050"",""20001049"",""20006990"",""20010412"",""20001050"",""20000550"",""20006052"",""20010413"",""20000440"",""20006055"",""20000490"",""20000551"",""20002013"",""20006070"",""20000553"",""20000443"",""20000554"",""20010400"",""20010401""]}",
line_gmb_2003571,gmb_2003571_2,2003571,2,2,31,31,1,one,True,True,False,official_route_sequence_exact_full_pattern,direction_not_encoded,partial,B,exact,A,upgraded_with_official_complete_pattern_evidence,official_json_routeId_routeSeq_stopSeq_complete_sequence,"{""candidate_count"":1,""official_stop_ids"":[""20010401"",""20004207"",""20010447"",""20006057"",""20000684"",""20010789"",""20010421"",""20000420"",""20000556"",""20000557"",""20000558"",""20010449"",""20000506"",""20006060"",""20006061"",""20006062"",""20010450"",""20000916"",""20004512"",""20001053"",""20000563"",""20010432"",""20010425"",""20010426"",""20006066"",""20000561"",""20010431"",""20000737"",""20010446"",""20000739"",""20010393""],""schedule_stop_ids"":[""20010401"",""20004207"",""20010447"",""20006057"",""20000684"",""20010789"",""20010421"",""20000420"",""20000556"",""20000557"",""20000558"",""20010449"",""20000506"",""20006060"",""20006061"",""20006062"",""20010450"",""20000916"",""20004512"",""20001053"",""20000563"",""20010432"",""20010425"",""20010426"",""20006066"",""20000561"",""20010431"",""20000737"",""20010446"",""20000739"",""20010393""]}",
line_gmb_2003603,gmb_2003603_1,2003603,1,1,8,8,1,one,True,True,False,official_route_sequence_exact_full_pattern,direction_not_encoded,partial,B,exact,A,upgraded_with_official_complete_pattern_evidence,official_json_routeId_routeSeq_stopSeq_complete_sequence,"{""candidate_count"":1,""official_stop_ids"":[""20010401"",""20010789"",""20010421"",""20007412"",""20000475"",""20000684"",""20010400"",""20010401""],""schedule_stop_ids"":[""20010401"",""20010789"",""20010421"",""20007412"",""20000475"",""20000684"",""20010400"",""20010401""]}",
line_gmb_2003604,gmb_2003604_1,2003604,1,1,8,8,1,one,True,True,False,official_route_sequence_exact_full_pattern,direction_not_encoded,partial,B,exact,A,upgraded_with_official_complete_pattern_evidence,official_json_routeId_routeSeq_stopSeq_complete_sequence,"{""candidate_count"":1,""official_stop_ids"":[""20010393"",""20010394"",""20010395"",""20006049"",""20010403"",""20006050"",""20000973"",""20000561""],""schedule_stop_ids"":[""20010393"",""20010394"",""20010395"",""20006049"",""20010403"",""20006050"",""20000973"",""20000561""]}",
line_gmb_2003604,gmb_2003604_2,2003604,2,2,6,6,1,one,True,True,False,official_route_sequence_exact_full_pattern,direction_not_encoded,partial,B,exact,A,upgraded_with_official_complete_pattern_evidence,official_json_routeId_routeSeq_stopSeq_complete_sequence,"{""candidate_count"":1,""official_stop_ids"":[""20000561"",""20010431"",""20000737"",""20010446"",""20000739"",""20010393""],""schedule_stop_ids"":[""20000561"",""20010431"",""20000737"",""20010446"",""20000739"",""20010393""]}",
line_gmb_2003606,gmb_2003606_1,2003606,1,1,6,6,1,one,True,True,False,official_route_sequence_exact_full_pattern,direction_not_encoded,partial,B,exact,A,upgraded_with_official_complete_pattern_evidence,official_json_routeId_routeSeq_stopSeq_complete_sequence,"{""candidate_count"":1,""official_stop_ids"":[""20000831"",""20010431"",""20000737"",""20010446"",""20000739"",""20010393""],""schedule_stop_ids"":[""20000831"",""20010431"",""20000737"",""20010446"",""20000739"",""20010393""]}",
line_gmb_2003606,gmb_2003606_2,2003606,2,2,6,6,1,one,True,True,False,official_route_sequence_exact_full_pattern,direction_not_encoded,partial,B,exact,A,upgraded_with_official_complete_pattern_evidence,official_json_routeId_routeSeq_stopSeq_complete_sequence,"{""candidate_count"":1,""official_stop_ids"":[""20010393"",""20010394"",""20010395"",""20006049"",""20006066"",""20000831""],""schedule_stop_ids"":[""20010393"",""20010394"",""20010395"",""20006049"",""20006066"",""20000831""]}",
line_gmb_2003636,gmb_2003636_1,2003636,1,1,24,24,1,one,True,True,False,official_route_sequence_exact_full_pattern,direction_not_encoded,partial,B,exact,A,upgraded_with_official_complete_pattern_evidence,official_json_routeId_routeSeq_stopSeq_complete_sequence,"{""candidate_count"":1,""official_stop_ids"":[""20000284"",""20003083"",""20003475"",""20013195"",""20000289"",""20021451"",""20003508"",""20002799"",""20003509"",""20003510"",""20019072"",""20021756"",""20002719"",""20003511"",""20003513"",""20006972"",""20007022"",""20002839"",""20003469"",""20007057"",""20000294"",""20003514"",""20003515"",""20000284""],""schedule_stop_ids"":[""20000284"",""20003083"",""20003475"",""20013195"",""20000289"",""20021451"",""20003508"",""20002799"",""20003509"",""20003510"",""20019072"",""20021756"",""20002719"",""20003511"",""20003513"",""20006972"",""20007022"",""20002839"",""20003469"",""20007057"",""20000294"",""20003514"",""20003515"",""20000284""]}",
line_gmb_2003637,gmb_2003637_1,2003637,1,1,25,25,1,one,True,True,False,official_route_sequence_exact_full_pattern,direction_not_encoded,partial,B,exact,A,upgraded_with_official_complete_pattern_evidence,official_json_routeId_routeSeq_stopSeq_complete_sequence,"{""candidate_count"":1,""official_stop_ids"":[""20000284"",""20003083"",""20003475"",""20013195"",""20000289"",""20021451"",""20003508"",""20002799"",""20003509"",""20003510"",""20019072"",""20021756"",""20002719"",""20003511"",""20003513"",""20006972"",""20007022"",""20002839"",""20003469"",""20007057"",""20000294"",""20003514"",""20000295"",""20003515"",""20000284""],""schedule_stop_ids"":[""20000284"",""20003083"",""20003475"",""20013195"",""20000289"",""20021451"",""20003508"",""20002799"",""20003509"",""20003510"",""20019072"",""20021756"",""20002719"",""20003511"",""20003513"",""20006972"",""20007022"",""20002839"",""20003469"",""20007057"",""20000294"",""20003514"",""20000295"",""20003515"",""20000284""]}",
line_gmb_2003669,gmb_2003669_1,2003669,1,1,13,13,1,one,True,True,False,official_route_sequence_exact_full_pattern,direction_not_encoded,partial,B,exact,A,upgraded_with_official_complete_pattern_evidence,official_json_routeId_routeSeq_stopSeq_complete_sequence,"{""candidate_count"":1,""official_stop_ids"":[""20010695"",""20001518"",""20001493"",""20001494"",""20001495"",""20002312"",""20001496"",""20001497"",""20001510"",""20010720"",""20001499"",""20001501"",""20001502""],""schedule_stop_ids"":[""20010695"",""20001518"",""20001493"",""20001494"",""20001495"",""20002312"",""20001496"",""20001497"",""20001510"",""20010720"",""20001499"",""20001501"",""20001502""]}",
line_gmb_2003669,gmb_2003669_2,2003669,2,2,9,9,1,one,True,True,False,official_route_sequence_exact_full_pattern,direction_not_encoded,partial,B,exact,A,upgraded_with_official_complete_pattern_evidence,official_json_routeId_routeSeq_stopSeq_complete_sequence,"{""candidate_count"":1,""official_stop_ids"":[""20010662"",""20010824"",""20010825"",""20010762"",""20010663"",""20001505"",""20001513"",""20001507"",""20001492""],""schedule_stop_ids"":[""20010662"",""20010824"",""20010825"",""20010762"",""20010663"",""20001505"",""20001513"",""20001507"",""20001492""]}",
line_gmb_2003671,gmb_2003671_1,2003671,1,1,4,4,1,one,True,True,False,official_route_sequence_exact_full_pattern,direction_not_encoded,partial,B,exact,A,upgraded_with_official_complete_pattern_evidence,official_json_routeId_routeSeq_stopSeq_complete_sequence,"{""candidate_count"":1,""official_stop_ids"":[""20001492"",""20001496"",""20001510"",""20010663""],""schedule_stop_ids"":[""20001492"",""20001496"",""20001510"",""20010663""]}",
line_gmb_2003671,gmb_2003671_2,2003671,2,2,3,3,1,one,True,True,False,official_route_sequence_exact_full_pattern,direction_not_encoded,partial,B,exact,A,upgraded_with_official_complete_pattern_evidence,official_json_routeId_routeSeq_stopSeq_complete_sequence,"{""candidate_count"":1,""official_stop_ids"":[""20010663"",""20001505"",""20001492""],""schedule_stop_ids"":[""20010663"",""20001505"",""20001492""]}",
line_gmb_2003673,gmb_2003673_1,2003673,1,1,2,2,1,one,True,True,False,official_route_sequence_exact_full_pattern,direction_not_encoded,partial,B,exact,A,upgraded_with_official_complete_pattern_evidence,official_json_routeId_routeSeq_stopSeq_complete_sequence,"{""candidate_count"":1,""official_stop_ids"":[""20001492"",""20010665""],""schedule_stop_ids"":[""20001492"",""20010665""]}",
line_gmb_2003673,gmb_2003673_2,2003673,2,2,2,2,1,one,True,True,False,official_route_sequence_exact_full_pattern,direction_not_encoded,partial,B,exact,A,upgraded_with_official_complete_pattern_evidence,official_json_routeId_routeSeq_stopSeq_complete_sequence,"{""candidate_count"":1,""official_stop_ids"":[""20010665"",""20001492""],""schedule_stop_ids"":[""20010665"",""20001492""]}",
line_gmb_2003675,gmb_2003675_1,2003675,1,1,2,2,1,one,True,True,False,official_route_sequence_exact_full_pattern,direction_not_encoded,partial,B,exact,A,upgraded_with_official_complete_pattern_evidence,official_json_routeId_routeSeq_stopSeq_complete_sequence,"{""candidate_count"":1,""official_stop_ids"":[""20001514"",""20003363""],""schedule_stop_ids"":[""20001514"",""20003363""]}",
line_gmb_2003675,gmb_2003675_2,2003675,2,2,2,2,1,one,True,True,False,official_route_sequence_exact_full_pattern,direction_not_encoded,partial,B,exact,A,upgraded_with_official_complete_pattern_evidence,official_json_routeId_routeSeq_stopSeq_complete_sequence,"{""candidate_count"":1,""official_stop_ids"":[""20003363"",""20001514""],""schedule_stop_ids"":[""20003363"",""20001514""]}",
line_gmb_2003677,gmb_2003677_1,2003677,1,1,2,2,1,one,True,True,False,official_route_sequence_exact_full_pattern,direction_not_encoded,partial,B,exact,A,upgraded_with_official_complete_pattern_evidence,official_json_routeId_routeSeq_stopSeq_complete_sequence,"{""candidate_count"":1,""official_stop_ids"":[""20001514"",""20001573""],""schedule_stop_ids"":[""20001514"",""20001573""]}",
line_gmb_2003677,gmb_2003677_2,2003677,2,2,2,2,1,one,True,True,False,official_route_sequence_exact_full_pattern,direction_not_encoded,partial,B,exact,A,upgraded_with_official_complete_pattern_evidence,official_json_routeId_routeSeq_stopSeq_complete_sequence,"{""candidate_count"":1,""official_stop_ids"":[""20001573"",""20001514""],""schedule_stop_ids"":[""20001573"",""20001514""]}",
line_gmb_2003679,gmb_2003679_1,2003679,1,1,9,9,1,one,True,True,False,official_route_sequence_exact_full_pattern,direction_not_encoded,partial,B,exact,A,upgraded_with_official_complete_pattern_evidence,official_json_routeId_routeSeq_stopSeq_complete_sequence,"{""candidate_count"":1,""official_stop_ids"":[""20001492"",""20001518"",""20001494"",""20001495"",""20006601"",""20010671"",""20001520"",""20001521"",""20001522""],""schedule_stop_ids"":[""20001492"",""20001518"",""20001494"",""20001495"",""20006601"",""20010671"",""20001520"",""20001521"",""20001522""]}",
line_gmb_2003679,gmb_2003679_2,2003679,2,2,8,8,1,one,True,True,False,official_route_sequence_exact_full_pattern,direction_not_encoded,partial,B,exact,A,upgraded_with_official_complete_pattern_evidence,official_json_routeId_routeSeq_stopSeq_complete_sequence,"{""candidate_count"":1,""official_stop_ids"":[""20001522"",""20001523"",""20001524"",""20001525"",""20001505"",""20001513"",""20001507"",""20001492""],""schedule_stop_ids"":[""20001522"",""20001523"",""20001524"",""20001525"",""20001505"",""20001513"",""20001507"",""20001492""]}",
line_gmb_2003681,gmb_2003681_1,2003681,1,1,4,4,1,one,True,True,False,official_route_sequence_exact_full_pattern,direction_not_encoded,partial,B,exact,A,upgraded_with_official_complete_pattern_evidence,official_json_routeId_routeSeq_stopSeq_complete_sequence,"{""candidate_count"":1,""official_stop_ids"":[""20006627"",""20006624"",""20001516"",""20006602""],""schedule_stop_ids"":[""20006627"",""20006624"",""20001516"",""20006602""]}",
line_gmb_2003681,gmb_2003681_2,2003681,2,2,9,9,1,one,True,True,False,official_route_sequence_exact_full_pattern,direction_not_encoded,partial,B,exact,A,upgraded_with_official_complete_pattern_evidence,official_json_routeId_routeSeq_stopSeq_complete_sequence,"{""candidate_count"":1,""official_stop_ids"":[""20006602"",""20002198"",""20002120"",""20002307"",""20001549"",""20001515"",""20002229"",""20002230"",""20010669""],""schedule_stop_ids"":[""20006602"",""20002198"",""20002120"",""20002307"",""20001549"",""20001515"",""20002229"",""20002230"",""20010669""]}",
line_gmb_2003683,gmb_2003683_1,2003683,1,1,3,3,1,one,True,True,False,official_route_sequence_exact_full_pattern,direction_not_encoded,partial,B,exact,A,upgraded_with_official_complete_pattern_evidence,official_json_routeId_routeSeq_stopSeq_complete_sequence,"{""candidate_count"":1,""official_stop_ids"":[""20001515"",""20001516"",""20006602""],""schedule_stop_ids"":[""20001515"",""20001516"",""20006602""]}",
line_gmb_2003683,gmb_2003683_2,2003683,2,2,6,6,1,one,True,True,False,official_route_sequence_exact_full_pattern,direction_not_encoded,partial,B,exact,A,upgraded_with_official_complete_pattern_evidence,official_json_routeId_routeSeq_stopSeq_complete_sequence,"{""candidate_count"":1,""official_stop_ids"":[""20006602"",""20002198"",""20002120"",""20002307"",""20001549"",""20001515""],""schedule_stop_ids"":[""20006602"",""20002198"",""20002120"",""20002307"",""20001549"",""20001515""]}",
line_gmb_2003685,gmb_2003685_1,2003685,1,1,2,2,1,one,True,True,False,official_route_sequence_exact_full_pattern,direction_not_encoded,partial,B,exact,A,upgraded_with_official_complete_pattern_evidence,official_json_routeId_routeSeq_stopSeq_complete_sequence,"{""candidate_count"":1,""official_stop_ids"":[""20009733"",""20019072""],""schedule_stop_ids"":[""20009733"",""20019072""]}",
line_gmb_2003685,gmb_2003685_2,2003685,2,2,4,4,1,one,True,True,False,official_route_sequence_exact_full_pattern,direction_not_encoded,partial,B,exact,A,upgraded_with_official_complete_pattern_evidence,official_json_routeId_routeSeq_stopSeq_complete_sequence,"{""candidate_count"":1,""official_stop_ids"":[""20019072"",""20021756"",""20007022"",""20009733""],""schedule_stop_ids"":[""20019072"",""20021756"",""20007022"",""20009733""]}",
line_gmb_2003702,gmb_2003702_1,2003702,1,1,6,6,1,one,True,True,False,official_route_sequence_exact_full_pattern,direction_not_encoded,partial,B,exact,A,upgraded_with_official_complete_pattern_evidence,official_json_routeId_routeSeq_stopSeq_complete_sequence,"{""candidate_count"":1,""official_stop_ids"":[""20017719"",""20002578"",""20020527"",""20023032"",""20016482"",""20017720""],""schedule_stop_ids"":[""20017719"",""20002578"",""20020527"",""20023032"",""20016482"",""20017720""]}",
line_gmb_2003702,gmb_2003702_2,2003702,2,2,8,8,1,one,True,True,False,official_route_sequence_exact_full_pattern,direction_not_encoded,partial,B,exact,A,upgraded_with_official_complete_pattern_evidence,official_json_routeId_routeSeq_stopSeq_complete_sequence,"{""candidate_count"":1,""official_stop_ids"":[""20017720"",""20016477"",""20023032"",""20020528"",""20017488"",""20007107"",""20017489"",""20017719""],""schedule_stop_ids"":[""20017720"",""20016477"",""20023032"",""20020528"",""20017488"",""20007107"",""20017489"",""20017719""]}",
line_gmb_2003704,gmb_2003704_1,2003704,1,1,2,2,1,one,True,True,False,official_route_sequence_exact_full_pattern,direction_not_encoded,partial,B,exact,A,upgraded_with_official_complete_pattern_evidence,official_json_routeId_routeSeq_stopSeq_complete_sequence,"{""candidate_count"":1,""official_stop_ids"":[""20016894"",""20017720""],""schedule_stop_ids"":[""20016894"",""20017720""]}",
line_gmb_2003704,gmb_2003704_2,2003704,2,2,2,2,1,one,True,True,False,official_route_sequence_exact_full_pattern,direction_not_encoded,partial,B,exact,A,upgraded_with_official_complete_pattern_evidence,official_json_routeId_routeSeq_stopSeq_complete_sequence,"{""candidate_count"":1,""official_stop_ids"":[""20017720"",""20016894""],""schedule_stop_ids"":[""20017720"",""20016894""]}",
line_gmb_2003735,gmb_2003735_1,2003735,1,1,3,3,1,one,True,True,False,official_route_sequence_exact_full_pattern,direction_not_encoded,partial,B,exact,A,upgraded_with_official_complete_pattern_evidence,official_json_routeId_routeSeq_stopSeq_complete_sequence,"{""candidate_count"":1,""official_stop_ids"":[""20002719"",""20007022"",""20009733""],""schedule_stop_ids"":[""20002719"",""20007022"",""20009733""]}",
line_gmb_2003768,gmb_2003768_1,2003768,1,1,4,4,1,one,True,True,False,official_route_sequence_exact_full_pattern,direction_not_encoded,partial,B,exact,A,upgraded_with_official_complete_pattern_evidence,official_json_routeId_routeSeq_stopSeq_complete_sequence,"{""candidate_count"":1,""official_stop_ids"":[""20009733"",""20003509"",""20003510"",""20015805""],""schedule_stop_ids"":[""20009733"",""20003509"",""20003510"",""20015805""]}",
line_gmb_2003771,gmb_2003771_1,2003771,1,1,22,22,1,one,True,True,False,official_route_sequence_exact_full_pattern,direction_not_encoded,partial,B,exact,A,upgraded_with_official_complete_pattern_evidence,official_json_routeId_routeSeq_stopSeq_complete_sequence,"{""candidate_count"":1,""official_stop_ids"":[""20019072"",""20021756"",""20022306"",""20012373"",""20003517"",""20003518"",""20003090"",""20000294"",""20003514"",""20003083"",""20021761"",""20003519"",""20021762"",""20000297"",""20000298"",""20000299"",""20000300"",""20000008"",""20000009"",""20000010"",""20004546"",""20019072""],""schedule_stop_ids"":[""20019072"",""20021756"",""20022306"",""20012373"",""20003517"",""20003518"",""20003090"",""20000294"",""20003514"",""20003083"",""20021761"",""20003519"",""20021762"",""20000297"",""20000298"",""20000299"",""20000300"",""20000008"",""20000009"",""20000010"",""20004546"",""20019072""]}",
line_gmb_2003801,gmb_2003801_1,2003801,1,1,13,13,1,one,True,True,False,official_route_sequence_exact_full_pattern,direction_not_encoded,partial,B,exact,A,upgraded_with_official_complete_pattern_evidence,official_json_routeId_routeSeq_stopSeq_complete_sequence,"{""candidate_count"":1,""official_stop_ids"":[""20002597"",""20001164"",""20001951"",""20007034"",""20010526"",""20001955"",""20014914"",""20001957"",""20010530"",""20000985"",""20001961"",""20000969"",""20001963""],""schedule_stop_ids"":[""20002597"",""20001164"",""20001951"",""20007034"",""20010526"",""20001955"",""20014914"",""20001957"",""20010530"",""20000985"",""20001961"",""20000969"",""20001963""]}",
line_gmb_2003801,gmb_2003801_2,2003801,2,2,16,16,1,one,True,True,False,official_route_sequence_exact_full_pattern,direction_not_encoded,partial,B,exact,A,upgraded_with_official_complete_pattern_evidence,official_json_routeId_routeSeq_stopSeq_complete_sequence,"{""candidate_count"":1,""official_stop_ids"":[""20001963"",""20001964"",""20010579"",""20000923"",""20001058"",""20001966"",""20001060"",""20001968"",""20001969"",""20014915"",""20001970"",""20001972"",""20010574"",""20001973"",""20002563"",""20002597""],""schedule_stop_ids"":[""20001963"",""20001964"",""20010579"",""20000923"",""20001058"",""20001966"",""20001060"",""20001968"",""20001969"",""20014915"",""20001970"",""20001972"",""20010574"",""20001973"",""20002563"",""20002597""]}",
line_gmb_2003834,gmb_2003834_1,2003834,1,1,6,6,1,one,True,True,False,official_route_sequence_exact_full_pattern,direction_not_encoded,partial,B,exact,A,upgraded_with_official_complete_pattern_evidence,official_json_routeId_routeSeq_stopSeq_complete_sequence,"{""candidate_count"":1,""official_stop_ids"":[""20001963"",""20001964"",""20010587"",""20001973"",""20002563"",""20002597""],""schedule_stop_ids"":[""20001963"",""20001964"",""20010587"",""20001973"",""20002563"",""20002597""]}",
line_gmb_2003835,gmb_2003835_1,2003835,1,1,24,24,1,one,True,True,False,official_route_sequence_exact_full_pattern,direction_not_encoded,partial,B,exact,A,upgraded_with_official_complete_pattern_evidence,official_json_routeId_routeSeq_stopSeq_complete_sequence,"{""candidate_count"":1,""official_stop_ids"":[""20001974"",""20007736"",""20001164"",""20001951"",""20007034"",""20010526"",""20001955"",""20014914"",""20001957"",""20010530"",""20000985"",""20000923"",""20001058"",""20001966"",""20001060"",""20001968"",""20001969"",""20014915"",""20001970"",""20001972"",""20010574"",""20001973"",""20002563"",""20001974""],""schedule_stop_ids"":[""20001974"",""20007736"",""20001164"",""20001951"",""20007034"",""20010526"",""20001955"",""20014914"",""20001957"",""20010530"",""20000985"",""20000923"",""20001058"",""20001966"",""20001060"",""20001968"",""20001969"",""20014915"",""20001970"",""20001972"",""20010574"",""20001973"",""20002563"",""20001974""]}",
line_gmb_2003867,gmb_2003867_1,2003867,1,1,15,15,1,one,True,True,False,official_route_sequence_exact_full_pattern,direction_not_encoded,partial,B,exact,A,upgraded_with_official_complete_pattern_evidence,official_json_routeId_routeSeq_stopSeq_complete_sequence,"{""candidate_count"":1,""official_stop_ids"":[""20001149"",""20001166"",""20001150"",""20001151"",""20010616"",""20002021"",""20001152"",""20003282"",""20007017"",""20003264"",""20000985"",""20000975"",""20003281"",""20000969"",""20001963""],""schedule_stop_ids"":[""20001149"",""20001166"",""20001150"",""20001151"",""20010616"",""20002021"",""20001152"",""20003282"",""20007017"",""20003264"",""20000985"",""20000975"",""20003281"",""20000969"",""20001963""]}",
line_gmb_2003867,gmb_2003867_2,2003867,2,2,19,19,1,one,True,True,False,official_route_sequence_exact_full_pattern,direction_not_encoded,partial,B,exact,A,upgraded_with_official_complete_pattern_evidence,official_json_routeId_routeSeq_stopSeq_complete_sequence,"{""candidate_count"":1,""official_stop_ids"":[""20001963"",""20000613"",""20001093"",""20002394"",""20002395"",""20007250"",""20000923"",""20003263"",""20003151"",""20007019"",""20002551"",""20014772"",""20002032"",""20002033"",""20002003"",""20002020"",""20001169"",""20002005"",""20001149""],""schedule_stop_ids"":[""20001963"",""20000613"",""20001093"",""20002394"",""20002395"",""20007250"",""20000923"",""20003263"",""20003151"",""20007019"",""20002551"",""20014772"",""20002032"",""20002033"",""20002003"",""20002020"",""20001169"",""20002005"",""20001149""]}",
line_gmb_2003900,gmb_2003900_1,2003900,1,1,13,13,1,one,True,True,False,official_route_sequence_exact_full_pattern,direction_not_encoded,partial,B,exact,A,upgraded_with_official_complete_pattern_evidence,official_json_routeId_routeSeq_stopSeq_complete_sequence,"{""candidate_count"":1,""official_stop_ids"":[""20002597"",""20001164"",""20001951"",""20007034"",""20010526"",""20001955"",""20014914"",""20001957"",""20010530"",""20000985"",""20001961"",""20000969"",""20001963""],""schedule_stop_ids"":[""20002597"",""20001164"",""20001951"",""20007034"",""20010526"",""20001955"",""20014914"",""20001957"",""20010530"",""20000985"",""20001961"",""20000969"",""20001963""]}",
line_gmb_2003900,gmb_2003900_2,2003900,2,2,14,14,1,one,True,True,False,official_route_sequence_exact_full_pattern,direction_not_encoded,partial,B,exact,A,upgraded_with_official_complete_pattern_evidence,official_json_routeId_routeSeq_stopSeq_complete_sequence,"{""candidate_count"":1,""official_stop_ids"":[""20001963"",""20000923"",""20001058"",""20001966"",""20001060"",""20001968"",""20001969"",""20014915"",""20001970"",""20001972"",""20010574"",""20001973"",""20002563"",""20002597""],""schedule_stop_ids"":[""20001963"",""20000923"",""20001058"",""20001966"",""20001060"",""20001968"",""20001969"",""20014915"",""20001970"",""20001972"",""20010574"",""20001973"",""20002563"",""20002597""]}",
line_gmb_2003902,gmb_2003902_1,2003902,1,1,4,4,1,one,True,True,False,official_route_sequence_exact_full_pattern,direction_not_encoded,partial,B,exact,A,upgraded_with_official_complete_pattern_evidence,official_json_routeId_routeSeq_stopSeq_complete_sequence,"{""candidate_count"":1,""official_stop_ids"":[""20000264"",""20010625"",""20003443"",""20000263""],""schedule_stop_ids"":[""20000264"",""20010625"",""20003443"",""20000263""]}",
line_gmb_2003902,gmb_2003902_2,2003902,2,2,4,4,1,one,True,True,False,official_route_sequence_exact_full_pattern,direction_not_encoded,partial,B,exact,A,upgraded_with_official_complete_pattern_evidence,official_json_routeId_routeSeq_stopSeq_complete_sequence,"{""candidate_count"":1,""official_stop_ids"":[""20000263"",""20003443"",""20007583"",""20000264""],""schedule_stop_ids"":[""20000263"",""20003443"",""20007583"",""20000264""]}",
line_gmb_2003903,gmb_2003903_1,2003903,1,1,11,11,1,one,True,True,False,official_route_sequence_exact_full_pattern,direction_not_encoded,partial,B,exact,A,upgraded_with_official_complete_pattern_evidence,official_json_routeId_routeSeq_stopSeq_complete_sequence,"{""candidate_count"":1,""official_stop_ids"":[""20001492"",""20001518"",""20001493"",""20001494"",""20001495"",""20002312"",""20001496"",""20001497"",""20001510"",""20001499"",""20011685""],""schedule_stop_ids"":[""20001492"",""20001518"",""20001493"",""20001494"",""20001495"",""20002312"",""20001496"",""20001497"",""20001510"",""20001499"",""20011685""]}",
line_gmb_2003903,gmb_2003903_2,2003903,2,2,6,6,1,one,True,True,False,official_route_sequence_exact_full_pattern,direction_not_encoded,partial,B,exact,A,upgraded_with_official_complete_pattern_evidence,official_json_routeId_routeSeq_stopSeq_complete_sequence,"{""candidate_count"":1,""official_stop_ids"":[""20011685"",""20010825"",""20001505"",""20001506"",""20001507"",""20001492""],""schedule_stop_ids"":[""20011685"",""20010825"",""20001505"",""20001506"",""20001507"",""20001492""]}",
line_gmb_2003966,gmb_2003966_1,2003966,1,1,13,13,1,one,True,True,False,official_route_sequence_exact_full_pattern,direction_not_encoded,partial,B,exact,A,upgraded_with_official_complete_pattern_evidence,official_json_routeId_routeSeq_stopSeq_complete_sequence,"{""candidate_count"":1,""official_stop_ids"":[""20007287"",""20001376"",""20001377"",""20001378"",""20004519"",""20001379"",""20001380"",""20001381"",""20001382"",""20001318"",""20001319"",""20010676"",""20001384""],""schedule_stop_ids"":[""20007287"",""20001376"",""20001377"",""20001378"",""20004519"",""20001379"",""20001380"",""20001381"",""20001382"",""20001318"",""20001319"",""20010676"",""20001384""]}",
line_gmb_2003966,gmb_2003966_2,2003966,2,2,16,16,1,one,True,True,False,official_route_sequence_exact_full_pattern,direction_not_encoded,partial,B,exact,A,upgraded_with_official_complete_pattern_evidence,official_json_routeId_routeSeq_stopSeq_complete_sequence,"{""candidate_count"":1,""official_stop_ids"":[""20001384"",""20010674"",""20001314"",""20001385"",""20001386"",""20001387"",""20016168"",""20002419"",""20001389"",""20001390"",""20001391"",""20001392"",""20001393"",""20001394"",""20001374"",""20007287""],""schedule_stop_ids"":[""20001384"",""20010674"",""20001314"",""20001385"",""20001386"",""20001387"",""20016168"",""20002419"",""20001389"",""20001390"",""20001391"",""20001392"",""20001393"",""20001394"",""20001374"",""20007287""]}",
line_gmb_2003999,gmb_2003999_1,2003999,1,1,14,14,1,one,True,True,False,official_route_sequence_exact_full_pattern,direction_not_encoded,partial,B,exact,A,upgraded_with_official_complete_pattern_evidence,official_json_routeId_routeSeq_stopSeq_complete_sequence,"{""candidate_count"":1,""official_stop_ids"":[""20001311"",""20002846"",""20001396"",""20001397"",""20001398"",""20001399"",""20005044"",""20005045"",""20001400"",""20005046"",""20010690"",""20001342"",""20007762"",""20001384""],""schedule_stop_ids"":[""20001311"",""20002846"",""20001396"",""20001397"",""20001398"",""20001399"",""20005044"",""20005045"",""20001400"",""20005046"",""20010690"",""20001342"",""20007762"",""20001384""]}",
line_gmb_2003999,gmb_2003999_2,2003999,2,2,14,14,1,one,True,True,False,official_route_sequence_exact_full_pattern,direction_not_encoded,partial,B,exact,A,upgraded_with_official_complete_pattern_evidence,official_json_routeId_routeSeq_stopSeq_complete_sequence,"{""candidate_count"":1,""official_stop_ids"":[""20001384"",""20005036"",""20001332"",""20001326"",""20005039"",""20001401"",""20001402"",""20001403"",""20001404"",""20001405"",""20001308"",""20001309"",""20001310"",""20001311""],""schedule_stop_ids"":[""20001384"",""20005036"",""20001332"",""20001326"",""20005039"",""20001401"",""20001402"",""20001403"",""20001404"",""20001405"",""20001308"",""20001309"",""20001310"",""20001311""]}",
line_gmb_2004001,gmb_2004001_1,2004001,1,1,9,9,1,one,True,True,False,official_route_sequence_exact_full_pattern,direction_not_encoded,partial,B,exact,A,upgraded_with_official_complete_pattern_evidence,official_json_routeId_routeSeq_stopSeq_complete_sequence,"{""candidate_count"":1,""official_stop_ids"":[""20010694"",""20005044"",""20005045"",""20001400"",""20005046"",""20010690"",""20001342"",""20007762"",""20001384""],""schedule_stop_ids"":[""20010694"",""20005044"",""20005045"",""20001400"",""20005046"",""20010690"",""20001342"",""20007762"",""20001384""]}",
line_gmb_2004032,gmb_2004032_1,2004032,1,1,8,8,1,one,True,True,False,official_route_sequence_exact_full_pattern,direction_not_encoded,partial,B,exact,A,upgraded_with_official_complete_pattern_evidence,official_json_routeId_routeSeq_stopSeq_complete_sequence,"{""candidate_count"":1,""official_stop_ids"":[""20010771"",""20001309"",""20001311"",""20001338"",""20001322"",""20001323"",""20001397"",""20010771""],""schedule_stop_ids"":[""20010771"",""20001309"",""20001311"",""20001338"",""20001322"",""20001323"",""20001397"",""20010771""]}",
line_gmb_2004033,gmb_2004033_1,2004033,1,1,15,15,1,one,True,True,False,official_route_sequence_exact_full_pattern,direction_not_encoded,partial,B,exact,A,upgraded_with_official_complete_pattern_evidence,official_json_routeId_routeSeq_stopSeq_complete_sequence,"{""candidate_count"":1,""official_stop_ids"":[""20010773"",""20001305"",""20001308"",""20001310"",""20001311"",""20001314"",""20001385"",""20001387"",""20007539"",""20002210"",""20007263"",""20004572"",""20000003"",""20000004"",""20005056""],""schedule_stop_ids"":[""20010773"",""20001305"",""20001308"",""20001310"",""20001311"",""20001314"",""20001385"",""20001387"",""20007539"",""20002210"",""20007263"",""20004572"",""20000003"",""20000004"",""20005056""]}",
line_gmb_2004033,gmb_2004033_2,2004033,2,2,14,14,1,one,True,True,False,official_route_sequence_exact_full_pattern,direction_not_encoded,partial,B,exact,A,upgraded_with_official_complete_pattern_evidence,official_json_routeId_routeSeq_stopSeq_complete_sequence,"{""candidate_count"":1,""official_stop_ids"":[""20005056"",""20000052"",""20000053"",""20002953"",""20004572"",""20007275"",""20002211"",""20010781"",""20001381"",""20001318"",""20001319"",""20001324"",""20001325"",""20018083""],""schedule_stop_ids"":[""20005056"",""20000052"",""20000053"",""20002953"",""20004572"",""20007275"",""20002211"",""20010781"",""20001381"",""20001318"",""20001319"",""20001324"",""20001325"",""20018083""]}",
line_gmb_2004036,gmb_2004036_1,2004036,1,1,5,5,1,one,True,True,False,official_route_sequence_exact_full_pattern,direction_not_encoded,partial,B,exact,A,upgraded_with_official_complete_pattern_evidence,official_json_routeId_routeSeq_stopSeq_complete_sequence,"{""candidate_count"":1,""official_stop_ids"":[""20007473"",""20010690"",""20001342"",""20010773"",""20001384""],""schedule_stop_ids"":[""20007473"",""20010690"",""20001342"",""20010773"",""20001384""]}",
line_gmb_2004067,gmb_2004067_1,2004067,1,1,15,15,1,one,True,True,False,official_route_sequence_exact_full_pattern,direction_not_encoded,partial,B,exact,A,upgraded_with_official_complete_pattern_evidence,official_json_routeId_routeSeq_stopSeq_complete_sequence,"{""candidate_count"":1,""official_stop_ids"":[""20011684"",""20002523"",""20001205"",""20011680"",""20011614"",""20011615"",""20011616"",""20011617"",""20011618"",""20010903"",""20010917"",""20011619"",""20011620"",""20011621"",""20010993""],""schedule_stop_ids"":[""20011684"",""20002523"",""20001205"",""20011680"",""20011614"",""20011615"",""20011616"",""20011617"",""20011618"",""20010903"",""20010917"",""20011619"",""20011620"",""20011621"",""20010993""]}",
line_gmb_2004067,gmb_2004067_2,2004067,2,2,16,16,1,one,True,True,False,official_route_sequence_exact_full_pattern,direction_not_encoded,partial,B,exact,A,upgraded_with_official_complete_pattern_evidence,official_json_routeId_routeSeq_stopSeq_complete_sequence,"{""candidate_count"":1,""official_stop_ids"":[""20010993"",""20011017"",""20011020"",""20011333"",""20011622"",""20011623"",""20011048"",""20011068"",""20011082"",""20011097"",""20001214"",""20001208"",""20003424"",""20002571"",""20001200"",""20011684""],""schedule_stop_ids"":[""20010993"",""20011017"",""20011020"",""20011333"",""20011622"",""20011623"",""20011048"",""20011068"",""20011082"",""20011097"",""20001214"",""20001208"",""20003424"",""20002571"",""20001200"",""20011684""]}",
line_gmb_2004068,gmb_2004068_1,2004068,1,1,18,18,1,one,True,True,False,official_route_sequence_exact_full_pattern,direction_not_encoded,partial,B,exact,A,upgraded_with_official_complete_pattern_evidence,official_json_routeId_routeSeq_stopSeq_complete_sequence,"{""candidate_count"":1,""official_stop_ids"":[""20000255"",""20000256"",""20003426"",""20000260"",""20003445"",""20003427"",""20011059"",""20011060"",""20011061"",""20000257"",""20009568"",""20003454"",""20011062"",""20011063"",""20011064"",""20011065"",""20011066"",""20000255""],""schedule_stop_ids"":[""20000255"",""20000256"",""20003426"",""20000260"",""20003445"",""20003427"",""20011059"",""20011060"",""20011061"",""20000257"",""20009568"",""20003454"",""20011062"",""20011063"",""20011064"",""20011065"",""20011066"",""20000255""]}",
line_gmb_2004070,gmb_2004070_1,2004070,1,1,15,15,1,one,True,True,False,official_route_sequence_exact_full_pattern,direction_not_encoded,partial,B,exact,A,upgraded_with_official_complete_pattern_evidence,official_json_routeId_routeSeq_stopSeq_complete_sequence,"{""candidate_count"":1,""official_stop_ids"":[""20011123"",""20011124"",""20002523"",""20001205"",""20011680"",""20011133"",""20011139"",""20011681"",""20004179"",""20001214"",""20001208"",""20003424"",""20001209"",""20001200"",""20011123""],""schedule_stop_ids"":[""20011123"",""20011124"",""20002523"",""20001205"",""20011680"",""20011133"",""20011139"",""20011681"",""20004179"",""20001214"",""20001208"",""20003424"",""20001209"",""20001200"",""20011123""]}",
line_gmb_2004071,gmb_2004071_1,2004071,1,1,11,11,1,one,True,True,False,official_route_sequence_exact_full_pattern,direction_not_encoded,partial,B,exact,A,upgraded_with_official_complete_pattern_evidence,official_json_routeId_routeSeq_stopSeq_complete_sequence,"{""candidate_count"":1,""official_stop_ids"":[""20000255"",""20000256"",""20003426"",""20003452"",""20000260"",""20003445"",""20011137"",""20011063"",""20011065"",""20000258"",""20000255""],""schedule_stop_ids"":[""20000255"",""20000256"",""20003426"",""20003452"",""20000260"",""20003445"",""20011137"",""20011063"",""20011065"",""20000258"",""20000255""]}",
line_gmb_2004072,gmb_2004072_1,2004072,1,1,7,7,1,one,True,True,False,official_route_sequence_exact_full_pattern,direction_not_encoded,partial,B,exact,A,upgraded_with_official_complete_pattern_evidence,official_json_routeId_routeSeq_stopSeq_complete_sequence,"{""candidate_count"":1,""official_stop_ids"":[""20000255"",""20000256"",""20011688"",""20011064"",""20011065"",""20011066"",""20000255""],""schedule_stop_ids"":[""20000255"",""20000256"",""20011688"",""20011064"",""20011065"",""20011066"",""20000255""]}",
line_gmb_2004074,gmb_2004074_1,2004074,1,1,13,13,1,one,True,True,False,official_route_sequence_exact_full_pattern,direction_not_encoded,partial,B,exact,A,upgraded_with_official_complete_pattern_evidence,official_json_routeId_routeSeq_stopSeq_complete_sequence,"{""candidate_count"":1,""official_stop_ids"":[""20000255"",""20000256"",""20003426"",""20000260"",""20003449"",""20003445"",""20003454"",""20011062"",""20011163"",""20011064"",""20011065"",""20011066"",""20000255""],""schedule_stop_ids"":[""20000255"",""20000256"",""20003426"",""20000260"",""20003449"",""20003445"",""20003454"",""20011062"",""20011163"",""20011064"",""20011065"",""20011066"",""20000255""]}",
line_gmb_2004075,gmb_2004075_1,2004075,1,1,8,8,1,one,True,True,False,official_route_sequence_exact_full_pattern,direction_not_encoded,partial,B,exact,A,upgraded_with_official_complete_pattern_evidence,official_json_routeId_routeSeq_stopSeq_complete_sequence,"{""candidate_count"":1,""official_stop_ids"":[""20011139"",""20004179"",""20001214"",""20001208"",""20003424"",""20001209"",""20001200"",""20011123""],""schedule_stop_ids"":[""20011139"",""20004179"",""20001214"",""20001208"",""20003424"",""20001209"",""20001200"",""20011123""]}",
line_gmb_2004076,gmb_2004076_1,2004076,1,1,11,11,1,one,True,True,False,official_route_sequence_exact_full_pattern,direction_not_encoded,partial,B,exact,A,upgraded_with_official_complete_pattern_evidence,official_json_routeId_routeSeq_stopSeq_complete_sequence,"{""candidate_count"":1,""official_stop_ids"":[""20000263"",""20003443"",""20000256"",""20003426"",""20003452"",""20000260"",""20003427"",""20011195"",""20003428"",""20003429"",""20000257""],""schedule_stop_ids"":[""20000263"",""20003443"",""20000256"",""20003426"",""20003452"",""20000260"",""20003427"",""20011195"",""20003428"",""20003429"",""20000257""]}",
line_gmb_2004077,gmb_2004077_1,2004077,1,1,2,2,1,one,True,True,False,official_route_sequence_exact_full_pattern,direction_not_encoded,partial,B,exact,A,upgraded_with_official_complete_pattern_evidence,official_json_routeId_routeSeq_stopSeq_complete_sequence,"{""candidate_count"":1,""official_stop_ids"":[""20011235"",""20007311""],""schedule_stop_ids"":[""20011235"",""20007311""]}",
line_gmb_2004077,gmb_2004077_2,2004077,2,2,2,2,1,one,True,True,False,official_route_sequence_exact_full_pattern,direction_not_encoded,partial,B,exact,A,upgraded_with_official_complete_pattern_evidence,official_json_routeId_routeSeq_stopSeq_complete_sequence,"{""candidate_count"":1,""official_stop_ids"":[""20007311"",""20011235""],""schedule_stop_ids"":[""20007311"",""20011235""]}",
line_gmb_2004078,gmb_2004078_1,2004078,1,1,13,13,1,one,True,True,False,official_route_sequence_exact_full_pattern,direction_not_encoded,partial,B,exact,A,upgraded_with_official_complete_pattern_evidence,official_json_routeId_routeSeq_stopSeq_complete_sequence,"{""candidate_count"":1,""official_stop_ids"":[""20011683"",""20002523"",""20001205"",""20011680"",""20001207"",""20003202"",""20011612"",""20011210"",""20011204"",""20001214"",""20003424"",""20002571"",""20011197""],""schedule_stop_ids"":[""20011683"",""20002523"",""20001205"",""20011680"",""20001207"",""20003202"",""20011612"",""20011210"",""20011204"",""20001214"",""20003424"",""20002571"",""20011197""]}",
line_gmb_2004080,gmb_2004080_1,2004080,1,1,12,12,1,one,True,True,False,official_route_sequence_exact_full_pattern,direction_not_encoded,partial,B,exact,A,upgraded_with_official_complete_pattern_evidence,official_json_routeId_routeSeq_stopSeq_complete_sequence,"{""candidate_count"":1,""official_stop_ids"":[""20011683"",""20002523"",""20001205"",""20011680"",""20001207"",""20011200"",""20011686"",""20011204"",""20001214"",""20003424"",""20002571"",""20011197""],""schedule_stop_ids"":[""20011683"",""20002523"",""20001205"",""20011680"",""20001207"",""20011200"",""20011686"",""20011204"",""20001214"",""20003424"",""20002571"",""20011197""]}",
line_gmb_2004081,gmb_2004081_1,2004081,1,1,15,15,1,one,True,True,False,official_route_sequence_exact_full_pattern,direction_not_encoded,partial,B,exact,A,upgraded_with_official_complete_pattern_evidence,official_json_routeId_routeSeq_stopSeq_complete_sequence,"{""candidate_count"":1,""official_stop_ids"":[""20011237"",""20009832"",""20011613"",""20000240"",""20007038"",""20011238"",""20011239"",""20011240"",""20011241"",""20011242"",""20011243"",""20011244"",""20021646"",""20011246"",""20011247""],""schedule_stop_ids"":[""20011237"",""20009832"",""20011613"",""20000240"",""20007038"",""20011238"",""20011239"",""20011240"",""20011241"",""20011242"",""20011243"",""20011244"",""20021646"",""20011246"",""20011247""]}",
line_gmb_2004081,gmb_2004081_2,2004081,2,2,15,15,1,one,True,True,False,official_route_sequence_exact_full_pattern,direction_not_encoded,partial,B,exact,A,upgraded_with_official_complete_pattern_evidence,official_json_routeId_routeSeq_stopSeq_complete_sequence,"{""candidate_count"":1,""official_stop_ids"":[""20011247"",""20006911"",""20011259"",""20011260"",""20011261"",""20011262"",""20011263"",""20011264"",""20011265"",""20011266"",""20011267"",""20002735"",""20000361"",""20000169"",""20011237""],""schedule_stop_ids"":[""20011247"",""20006911"",""20011259"",""20011260"",""20011261"",""20011262"",""20011263"",""20011264"",""20011265"",""20011266"",""20011267"",""20002735"",""20000361"",""20000169"",""20011237""]}",
line_gmb_2004082,gmb_2004082_1,2004082,1,1,11,11,1,one,True,True,False,official_route_sequence_exact_full_pattern,direction_not_encoded,partial,B,exact,A,upgraded_with_official_complete_pattern_evidence,official_json_routeId_routeSeq_stopSeq_complete_sequence,"{""candidate_count"":1,""official_stop_ids"":[""20011683"",""20002523"",""20001205"",""20011680"",""20011133"",""20011200"",""20011204"",""20001214"",""20003424"",""20002571"",""20011197""],""schedule_stop_ids"":[""20011683"",""20002523"",""20001205"",""20011680"",""20011133"",""20011200"",""20011204"",""20001214"",""20003424"",""20002571"",""20011197""]}",
line_gmb_2004083,gmb_2004083_1,2004083,1,1,11,11,1,one,True,True,False,official_route_sequence_exact_full_pattern,direction_not_encoded,partial,B,exact,A,upgraded_with_official_complete_pattern_evidence,official_json_routeId_routeSeq_stopSeq_complete_sequence,"{""candidate_count"":1,""official_stop_ids"":[""20011683"",""20002523"",""20001205"",""20011680"",""20001207"",""20011200"",""20011210"",""20001214"",""20003424"",""20002571"",""20011197""],""schedule_stop_ids"":[""20011683"",""20002523"",""20001205"",""20011680"",""20001207"",""20011200"",""20011210"",""20001214"",""20003424"",""20002571"",""20011197""]}",
line_gmb_2004084,gmb_2004084_1,2004084,1,1,17,17,1,one,True,True,False,official_route_sequence_exact_full_pattern,direction_not_encoded,partial,B,exact,A,upgraded_with_official_complete_pattern_evidence,official_json_routeId_routeSeq_stopSeq_complete_sequence,"{""candidate_count"":1,""official_stop_ids"":[""20011536"",""20011278"",""20003454"",""20003430"",""20000396"",""20003450"",""20000106"",""20000108"",""20000111"",""20011279"",""20011624"",""20011289"",""20003457"",""20000662"",""20011305"",""20011308"",""20000720""],""schedule_stop_ids"":[""20011536"",""20011278"",""20003454"",""20003430"",""20000396"",""20003450"",""20000106"",""20000108"",""20000111"",""20011279"",""20011624"",""20011289"",""20003457"",""20000662"",""20011305"",""20011308"",""20000720""]}",
line_gmb_2004084,gmb_2004084_2,2004084,2,2,15,15,1,one,True,True,False,official_route_sequence_exact_full_pattern,direction_not_encoded,partial,B,exact,A,upgraded_with_official_complete_pattern_evidence,official_json_routeId_routeSeq_stopSeq_complete_sequence,"{""candidate_count"":1,""official_stop_ids"":[""20000720"",""20011368"",""20011369"",""20011371"",""20011376"",""20000215"",""20011384"",""20011395"",""20000118"",""20011419"",""20009407"",""20003452"",""20003427"",""20003428"",""20011536""],""schedule_stop_ids"":[""20000720"",""20011368"",""20011369"",""20011371"",""20011376"",""20000215"",""20011384"",""20011395"",""20000118"",""20011419"",""20009407"",""20003452"",""20003427"",""20003428"",""20011536""]}",
line_gmb_2004085,gmb_2004085_1,2004085,1,1,12,12,1,one,True,True,False,official_route_sequence_exact_full_pattern,direction_not_encoded,partial,B,exact,A,upgraded_with_official_complete_pattern_evidence,official_json_routeId_routeSeq_stopSeq_complete_sequence,"{""candidate_count"":1,""official_stop_ids"":[""20011281"",""20011282"",""20000072"",""20000015"",""20000016"",""20020957"",""20000173"",""20020958"",""20020959"",""20000019"",""20000024"",""20006979""],""schedule_stop_ids"":[""20011281"",""20011282"",""20000072"",""20000015"",""20000016"",""20020957"",""20000173"",""20020958"",""20020959"",""20000019"",""20000024"",""20006979""]}",
line_gmb_2004086,gmb_2004086_1,2004086,1,1,14,14,1,one,True,True,False,official_route_sequence_exact_full_pattern,direction_not_encoded,partial,B,exact,A,upgraded_with_official_complete_pattern_evidence,official_json_routeId_routeSeq_stopSeq_complete_sequence,"{""candidate_count"":1,""official_stop_ids"":[""20011318"",""20011237"",""20009832"",""20011613"",""20000240"",""20011344"",""20011343"",""20011347"",""20011348"",""20011349"",""20018148"",""20020657"",""20011246"",""20011350""],""schedule_stop_ids"":[""20011318"",""20011237"",""20009832"",""20011613"",""20000240"",""20011344"",""20011343"",""20011347"",""20011348"",""20011349"",""20018148"",""20020657"",""20011246"",""20011350""]}",
line_gmb_2004087,gmb_2004087_1,2004087,1,1,3,3,1,one,True,True,False,official_route_sequence_exact_full_pattern,direction_not_encoded,partial,B,exact,A,upgraded_with_official_complete_pattern_evidence,official_json_routeId_routeSeq_stopSeq_complete_sequence,"{""candidate_count"":1,""official_stop_ids"":[""20011281"",""20011282"",""20006979""],""schedule_stop_ids"":[""20011281"",""20011282"",""20006979""]}",
line_gmb_2004087,gmb_2004087_2,2004087,2,2,6,6,1,one,True,True,False,official_route_sequence_exact_full_pattern,direction_not_encoded,partial,B,exact,A,upgraded_with_official_complete_pattern_evidence,official_json_routeId_routeSeq_stopSeq_complete_sequence,"{""candidate_count"":1,""official_stop_ids"":[""20006979"",""20000008"",""20000009"",""20011351"",""20011352"",""20011281""],""schedule_stop_ids"":[""20006979"",""20000008"",""20000009"",""20011351"",""20011352"",""20011281""]}",
line_gmb_2004088,gmb_2004088_1,2004088,1,1,20,20,1,one,True,True,False,official_route_sequence_exact_full_pattern,direction_not_encoded,partial,B,exact,A,upgraded_with_official_complete_pattern_evidence,official_json_routeId_routeSeq_stopSeq_complete_sequence,"{""candidate_count"":1,""official_stop_ids"":[""20000257"",""20009568"",""20003454"",""20011474"",""20011163"",""20011064"",""20011065"",""20010625"",""20011626"",""20000263"",""20003443"",""20000256"",""20009407"",""20003452"",""20000260"",""20003427"",""20011195"",""20003428"",""20003429"",""20000257""],""schedule_stop_ids"":[""20000257"",""20009568"",""20003454"",""20011474"",""20011163"",""20011064"",""20011065"",""20010625"",""20011626"",""20000263"",""20003443"",""20000256"",""20009407"",""20003452"",""20000260"",""20003427"",""20011195"",""20003428"",""20003429"",""20000257""]}",
line_gmb_2004089,gmb_2004089_1,2004089,1,1,8,8,1,one,True,True,False,official_route_sequence_exact_full_pattern,direction_not_encoded,partial,B,exact,A,upgraded_with_official_complete_pattern_evidence,official_json_routeId_routeSeq_stopSeq_complete_sequence,"{""candidate_count"":1,""official_stop_ids"":[""20011318"",""20011237"",""20009832"",""20011613"",""20000240"",""20011476"",""20011246"",""20011350""],""schedule_stop_ids"":[""20011318"",""20011237"",""20009832"",""20011613"",""20000240"",""20011476"",""20011246"",""20011350""]}",
line_gmb_2004089,gmb_2004089_2,2004089,2,2,6,6,1,one,True,True,False,official_route_sequence_exact_full_pattern,direction_not_encoded,partial,B,exact,A,upgraded_with_official_complete_pattern_evidence,official_json_routeId_routeSeq_stopSeq_complete_sequence,"{""candidate_count"":1,""official_stop_ids"":[""20011350"",""20011479"",""20000361"",""20000169"",""20011481"",""20011318""],""schedule_stop_ids"":[""20011350"",""20011479"",""20000361"",""20000169"",""20011481"",""20011318""]}",
line_gmb_2004090,gmb_2004090_1,2004090,1,1,12,12,1,one,True,True,False,official_route_sequence_exact_full_pattern,direction_not_encoded,partial,B,exact,A,upgraded_with_official_complete_pattern_evidence,official_json_routeId_routeSeq_stopSeq_complete_sequence,"{""candidate_count"":1,""official_stop_ids"":[""20011485"",""20011486"",""20011487"",""20003445"",""20003427"",""20011498"",""20011491"",""20011499"",""20011505"",""20000352"",""20011521"",""20011485""],""schedule_stop_ids"":[""20011485"",""20011486"",""20011487"",""20003445"",""20003427"",""20011498"",""20011491"",""20011499"",""20011505"",""20000352"",""20011521"",""20011485""]}",
line_gmb_2004091,gmb_2004091_1,2004091,1,1,6,6,1,one,True,True,False,official_route_sequence_exact_full_pattern,direction_not_encoded,partial,B,exact,A,upgraded_with_official_complete_pattern_evidence,official_json_routeId_routeSeq_stopSeq_complete_sequence,"{""candidate_count"":1,""official_stop_ids"":[""20011536"",""20011499"",""20011505"",""20000352"",""20011521"",""20011485""],""schedule_stop_ids"":[""20011536"",""20011499"",""20011505"",""20000352"",""20011521"",""20011485""]}",
line_gmb_2004091,gmb_2004091_2,2004091,2,2,7,7,1,one,True,True,False,official_route_sequence_exact_full_pattern,direction_not_encoded,partial,B,exact,A,upgraded_with_official_complete_pattern_evidence,official_json_routeId_routeSeq_stopSeq_complete_sequence,"{""candidate_count"":1,""official_stop_ids"":[""20011485"",""20011544"",""20011486"",""20011547"",""20011487"",""20003445"",""20011536""],""schedule_stop_ids"":[""20011485"",""20011544"",""20011486"",""20011547"",""20011487"",""20003445"",""20011536""]}",
line_gmb_2004092,gmb_2004092_1,2004092,1,1,14,14,1,one,True,True,False,official_route_sequence_exact_full_pattern,direction_not_encoded,partial,B,exact,A,upgraded_with_official_complete_pattern_evidence,official_json_routeId_routeSeq_stopSeq_complete_sequence,"{""candidate_count"":1,""official_stop_ids"":[""20011318"",""20011567"",""20009832"",""20011613"",""20000240"",""20011476"",""20000219"",""20011569"",""20000136"",""20020359"",""20011571"",""20011572"",""20011573"",""20011574""],""schedule_stop_ids"":[""20011318"",""20011567"",""20009832"",""20011613"",""20000240"",""20011476"",""20000219"",""20011569"",""20000136"",""20020359"",""20011571"",""20011572"",""20011573"",""20011574""]}",
line_gmb_2004092,gmb_2004092_2,2004092,2,2,12,12,1,one,True,True,False,official_route_sequence_exact_full_pattern,direction_not_encoded,partial,B,exact,A,upgraded_with_official_complete_pattern_evidence,official_json_routeId_routeSeq_stopSeq_complete_sequence,"{""candidate_count"":1,""official_stop_ids"":[""20011574"",""20011625"",""20011589"",""20011588"",""20011591"",""20011592"",""20000057"",""20011479"",""20000361"",""20000169"",""20011599"",""20011318""],""schedule_stop_ids"":[""20011574"",""20011625"",""20011589"",""20011588"",""20011591"",""20011592"",""20000057"",""20011479"",""20000361"",""20000169"",""20011599"",""20011318""]}",
line_gmb_2004093,gmb_2004093_1,2004093,1,1,8,8,1,one,True,True,False,official_route_sequence_exact_full_pattern,direction_not_encoded,partial,B,exact,A,upgraded_with_official_complete_pattern_evidence,official_json_routeId_routeSeq_stopSeq_complete_sequence,"{""candidate_count"":1,""official_stop_ids"":[""20011350"",""20000057"",""20000343"",""20000160"",""20000240"",""20011476"",""20011246"",""20011350""],""schedule_stop_ids"":[""20011350"",""20000057"",""20000343"",""20000160"",""20000240"",""20011476"",""20011246"",""20011350""]}",
line_gmb_2004095,gmb_2004095_1,2004095,1,1,14,14,1,one,True,True,False,official_route_sequence_exact_full_pattern,direction_not_encoded,partial,B,exact,A,upgraded_with_official_complete_pattern_evidence,official_json_routeId_routeSeq_stopSeq_complete_sequence,"{""candidate_count"":1,""official_stop_ids"":[""20011318"",""20011237"",""20009832"",""20011613"",""20000240"",""20011344"",""20011343"",""20011347"",""20011348"",""20011349"",""20018148"",""20020657"",""20011246"",""20011350""],""schedule_stop_ids"":[""20011318"",""20011237"",""20009832"",""20011613"",""20000240"",""20011344"",""20011343"",""20011347"",""20011348"",""20011349"",""20018148"",""20020657"",""20011246"",""20011350""]}",
line_gmb_2004095,gmb_2004095_2,2004095,2,2,10,10,1,one,True,True,False,official_route_sequence_exact_full_pattern,direction_not_encoded,partial,B,exact,A,upgraded_with_official_complete_pattern_evidence,official_json_routeId_routeSeq_stopSeq_complete_sequence,"{""candidate_count"":1,""official_stop_ids"":[""20011350"",""20011588"",""20011591"",""20011592"",""20000057"",""20002735"",""20000361"",""20000169"",""20011481"",""20011318""],""schedule_stop_ids"":[""20011350"",""20011588"",""20011591"",""20011592"",""20000057"",""20002735"",""20000361"",""20000169"",""20011481"",""20011318""]}",
line_gmb_2004096,gmb_2004096_1,2004096,1,1,25,25,1,one,True,True,False,official_route_sequence_exact_full_pattern,direction_not_encoded,partial,B,exact,A,upgraded_with_official_complete_pattern_evidence,official_json_routeId_routeSeq_stopSeq_complete_sequence,"{""candidate_count"":1,""official_stop_ids"":[""20011318"",""20011237"",""20009832"",""20011613"",""20000240"",""20011344"",""20011343"",""20011347"",""20011348"",""20011628"",""20020689"",""20011573"",""20020690"",""20011631"",""20020956"",""20011625"",""20011588"",""20011591"",""20011592"",""20000057"",""20011479"",""20000361"",""20000169"",""20011481"",""20011318""],""schedule_stop_ids"":[""20011318"",""20011237"",""20009832"",""20011613"",""20000240"",""20011344"",""20011343"",""20011347"",""20011348"",""20011628"",""20020689"",""20011573"",""20020690"",""20011631"",""20020956"",""20011625"",""20011588"",""20011591"",""20011592"",""20000057"",""20011479"",""20000361"",""20000169"",""20011481"",""20011318""]}",
line_gmb_2004097,gmb_2004097_1,2004097,1,1,8,8,1,one,True,True,False,official_route_sequence_exact_full_pattern,direction_not_encoded,partial,B,exact,A,upgraded_with_official_complete_pattern_evidence,official_json_routeId_routeSeq_stopSeq_complete_sequence,"{""candidate_count"":1,""official_stop_ids"":[""20011318"",""20011237"",""20009832"",""20011613"",""20000240"",""20011476"",""20011246"",""20011350""],""schedule_stop_ids"":[""20011318"",""20011237"",""20009832"",""20011613"",""20000240"",""20011476"",""20011246"",""20011350""]}",
line_gmb_2004097,gmb_2004097_2,2004097,2,2,7,7,1,one,True,True,False,official_route_sequence_exact_full_pattern,direction_not_encoded,partial,B,exact,A,upgraded_with_official_complete_pattern_evidence,official_json_routeId_routeSeq_stopSeq_complete_sequence,"{""candidate_count"":1,""official_stop_ids"":[""20011350"",""20000057"",""20011479"",""20000361"",""20000169"",""20011481"",""20011318""],""schedule_stop_ids"":[""20011350"",""20000057"",""20011479"",""20000361"",""20000169"",""20011481"",""20011318""]}",
line_gmb_2004098,gmb_2004098_1,2004098,1,1,4,4,1,one,True,True,False,official_route_sequence_exact_full_pattern,direction_not_encoded,partial,B,exact,A,upgraded_with_official_complete_pattern_evidence,official_json_routeId_routeSeq_stopSeq_complete_sequence,"{""candidate_count"":1,""official_stop_ids"":[""20011318"",""20021679"",""20011613"",""20011235""],""schedule_stop_ids"":[""20011318"",""20021679"",""20011613"",""20011235""]}",
line_gmb_2004098,gmb_2004098_2,2004098,2,2,6,6,1,one,True,True,False,official_route_sequence_exact_full_pattern,direction_not_encoded,partial,B,exact,A,upgraded_with_official_complete_pattern_evidence,official_json_routeId_routeSeq_stopSeq_complete_sequence,"{""candidate_count"":1,""official_stop_ids"":[""20011235"",""20000057"",""20000361"",""20000169"",""20011599"",""20011318""],""schedule_stop_ids"":[""20011235"",""20000057"",""20000361"",""20000169"",""20011599"",""20011318""]}",
line_gmb_2004099,gmb_2004099_1,2004099,1,1,5,5,1,one,True,True,False,official_route_sequence_exact_full_pattern,direction_not_encoded,partial,B,exact,A,upgraded_with_official_complete_pattern_evidence,official_json_routeId_routeSeq_stopSeq_complete_sequence,"{""candidate_count"":1,""official_stop_ids"":[""20012937"",""20011642"",""20011646"",""20020658"",""20012937""],""schedule_stop_ids"":[""20012937"",""20011642"",""20011646"",""20020658"",""20012937""]}",
line_gmb_2004100,gmb_2004100_1,2004100,1,1,3,3,1,one,True,True,False,official_route_sequence_exact_full_pattern,direction_not_encoded,partial,B,exact,A,upgraded_with_official_complete_pattern_evidence,official_json_routeId_routeSeq_stopSeq_complete_sequence,"{""candidate_count"":1,""official_stop_ids"":[""20021679"",""20011613"",""20011235""],""schedule_stop_ids"":[""20021679"",""20011613"",""20011235""]}",
line_gmb_2004100,gmb_2004100_2,2004100,2,2,5,5,1,one,True,True,False,official_route_sequence_exact_full_pattern,direction_not_encoded,partial,B,exact,A,upgraded_with_official_complete_pattern_evidence,official_json_routeId_routeSeq_stopSeq_complete_sequence,"{""candidate_count"":1,""official_stop_ids"":[""20011235"",""20000057"",""20000361"",""20000169"",""20000218""],""schedule_stop_ids"":[""20011235"",""20000057"",""20000361"",""20000169"",""20000218""]}",
line_gmb_2004131,gmb_2004131_1,2004131,1,1,3,3,1,one,True,True,False,official_route_sequence_exact_full_pattern,direction_not_encoded,partial,B,exact,A,upgraded_with_official_complete_pattern_evidence,official_json_routeId_routeSeq_stopSeq_complete_sequence,"{""candidate_count"":1,""official_stop_ids"":[""20011318"",""20011613"",""20011235""],""schedule_stop_ids"":[""20011318"",""20011613"",""20011235""]}",
line_gmb_2004164,gmb_2004164_1,2004164,1,1,15,15,1,one,True,True,False,official_route_sequence_exact_full_pattern,direction_not_encoded,partial,B,exact,A,upgraded_with_official_complete_pattern_evidence,official_json_routeId_routeSeq_stopSeq_complete_sequence,"{""candidate_count"":1,""official_stop_ids"":[""20001406"",""20005036"",""20001332"",""20001326"",""20005039"",""20011691"",""20011693"",""20001402"",""20001403"",""20001404"",""20001405"",""20001308"",""20001309"",""20007761"",""20001311""],""schedule_stop_ids"":[""20001406"",""20005036"",""20001332"",""20001326"",""20005039"",""20011691"",""20011693"",""20001402"",""20001403"",""20001404"",""20001405"",""20001308"",""20001309"",""20007761"",""20001311""]}",
line_gmb_2004164,gmb_2004164_2,2004164,2,2,14,14,1,one,True,True,False,official_route_sequence_exact_full_pattern,direction_not_encoded,partial,B,exact,A,upgraded_with_official_complete_pattern_evidence,official_json_routeId_routeSeq_stopSeq_complete_sequence,"{""candidate_count"":1,""official_stop_ids"":[""20001311"",""20002846"",""20001396"",""20001397"",""20001398"",""20001399"",""20005044"",""20005045"",""20001400"",""20005046"",""20010690"",""20001342"",""20010773"",""20001406""],""schedule_stop_ids"":[""20001311"",""20002846"",""20001396"",""20001397"",""20001398"",""20001399"",""20005044"",""20005045"",""20001400"",""20005046"",""20010690"",""20001342"",""20010773"",""20001406""]}",
line_gmb_2004165,gmb_2004165_1,2004165,1,1,28,28,1,one,True,True,False,official_route_sequence_exact_full_pattern,direction_not_encoded,partial,B,exact,A,upgraded_with_official_complete_pattern_evidence,official_json_routeId_routeSeq_stopSeq_complete_sequence,"{""candidate_count"":1,""official_stop_ids"":[""20011698"",""20001406"",""20005036"",""20001332"",""20001326"",""20005039"",""20011691"",""20001401"",""20001402"",""20001403"",""20001404"",""20001405"",""20001308"",""20001309"",""20001310"",""20001311"",""20001385"",""20001386"",""20001387"",""20002419"",""20001389"",""20001390"",""20001391"",""20011704"",""20011705"",""20001394"",""20001374"",""20007287""],""schedule_stop_ids"":[""20011698"",""20001406"",""20005036"",""20001332"",""20001326"",""20005039"",""20011691"",""20001401"",""20001402"",""20001403"",""20001404"",""20001405"",""20001308"",""20001309"",""20001310"",""20001311"",""20001385"",""20001386"",""20001387"",""20002419"",""20001389"",""20001390"",""20001391"",""20011704"",""20011705"",""20001394"",""20001374"",""20007287""]}",
line_gmb_2004165,gmb_2004165_2,2004165,2,2,26,26,1,one,True,True,False,official_route_sequence_exact_full_pattern,direction_not_encoded,partial,B,exact,A,upgraded_with_official_complete_pattern_evidence,official_json_routeId_routeSeq_stopSeq_complete_sequence,"{""candidate_count"":1,""official_stop_ids"":[""20007287"",""20001376"",""20001377"",""20001378"",""20004519"",""20001379"",""20001380"",""20001381"",""20001382"",""20001318"",""20001319"",""20001311"",""20002846"",""20001396"",""20001397"",""20001398"",""20001399"",""20005044"",""20005045"",""20001400"",""20005046"",""20010690"",""20001342"",""20007762"",""20001406"",""20011698""],""schedule_stop_ids"":[""20007287"",""20001376"",""20001377"",""20001378"",""20004519"",""20001379"",""20001380"",""20001381"",""20001382"",""20001318"",""20001319"",""20001311"",""20002846"",""20001396"",""20001397"",""20001398"",""20001399"",""20005044"",""20005045"",""20001400"",""20005046"",""20010690"",""20001342"",""20007762"",""20001406"",""20011698""]}",
line_gmb_2004197,gmb_2004197_1,2004197,1,1,14,14,1,one,True,True,False,official_route_sequence_exact_full_pattern,direction_not_encoded,partial,B,exact,A,upgraded_with_official_complete_pattern_evidence,official_json_routeId_routeSeq_stopSeq_complete_sequence,"{""candidate_count"":1,""official_stop_ids"":[""20001406"",""20001314"",""20001385"",""20001386"",""20001387"",""20002419"",""20001389"",""20001390"",""20001391"",""20001392"",""20001393"",""20001394"",""20001374"",""20007287""],""schedule_stop_ids"":[""20001406"",""20001314"",""20001385"",""20001386"",""20001387"",""20002419"",""20001389"",""20001390"",""20001391"",""20001392"",""20001393"",""20001394"",""20001374"",""20007287""]}",
line_gmb_2004197,gmb_2004197_2,2004197,2,2,12,12,1,one,True,True,False,official_route_sequence_exact_full_pattern,direction_not_encoded,partial,B,exact,A,upgraded_with_official_complete_pattern_evidence,official_json_routeId_routeSeq_stopSeq_complete_sequence,"{""candidate_count"":1,""official_stop_ids"":[""20007287"",""20001376"",""20001377"",""20001378"",""20004519"",""20001379"",""20001380"",""20001381"",""20001382"",""20001318"",""20001319"",""20001406""],""schedule_stop_ids"":[""20007287"",""20001376"",""20001377"",""20001378"",""20004519"",""20001379"",""20001380"",""20001381"",""20001382"",""20001318"",""20001319"",""20001406""]}",
line_gmb_2004263,gmb_2004263_1,2004263,1,1,4,4,1,one,True,True,False,official_route_sequence_exact_full_pattern,direction_not_encoded,partial,B,exact,A,upgraded_with_official_complete_pattern_evidence,official_json_routeId_routeSeq_stopSeq_complete_sequence,"{""candidate_count"":1,""official_stop_ids"":[""20011951"",""20001445"",""20011947"",""20008023""],""schedule_stop_ids"":[""20011951"",""20001445"",""20011947"",""20008023""]}",
line_gmb_2004263,gmb_2004263_2,2004263,2,2,5,5,1,one,True,True,False,official_route_sequence_exact_full_pattern,direction_not_encoded,partial,B,exact,A,upgraded_with_official_complete_pattern_evidence,official_json_routeId_routeSeq_stopSeq_complete_sequence,"{""candidate_count"":1,""official_stop_ids"":[""20008023"",""20011948"",""20011949"",""20011950"",""20011951""],""schedule_stop_ids"":[""20008023"",""20011948"",""20011949"",""20011950"",""20011951""]}",
line_gmb_2004296,gmb_2004296_1,2004296,1,1,14,14,1,one,True,True,False,official_route_sequence_exact_full_pattern,direction_not_encoded,partial,B,exact,A,upgraded_with_official_complete_pattern_evidence,official_json_routeId_routeSeq_stopSeq_complete_sequence,"{""candidate_count"":1,""official_stop_ids"":[""20011952"",""20012209"",""20018676"",""20018709"",""20011954"",""20011955"",""20011956"",""20011957"",""20011958"",""20001854"",""20011959"",""20002081"",""20001427"",""20018643""],""schedule_stop_ids"":[""20011952"",""20012209"",""20018676"",""20018709"",""20011954"",""20011955"",""20011956"",""20011957"",""20011958"",""20001854"",""20011959"",""20002081"",""20001427"",""20018643""]}",
line_gmb_2004296,gmb_2004296_2,2004296,2,2,11,11,1,one,True,True,False,official_route_sequence_exact_full_pattern,direction_not_encoded,partial,B,exact,A,upgraded_with_official_complete_pattern_evidence,official_json_routeId_routeSeq_stopSeq_complete_sequence,"{""candidate_count"":1,""official_stop_ids"":[""20018643"",""20001803"",""20012210"",""20013528"",""20021877"",""20011960"",""20015888"",""20011947"",""20001643"",""20011961"",""20011952""],""schedule_stop_ids"":[""20018643"",""20001803"",""20012210"",""20013528"",""20021877"",""20011960"",""20015888"",""20011947"",""20001643"",""20011961"",""20011952""]}",
line_gmb_2004329,gmb_2004329_1,2004329,1,1,14,14,1,one,True,True,False,official_route_sequence_exact_full_pattern,direction_not_encoded,partial,B,exact,A,upgraded_with_official_complete_pattern_evidence,official_json_routeId_routeSeq_stopSeq_complete_sequence,"{""candidate_count"":1,""official_stop_ids"":[""20011977"",""20011950"",""20011978"",""20011979"",""20001851"",""20011980"",""20011981"",""20001854"",""20011959"",""20011982"",""20011983"",""20001815"",""20011984"",""20011985""],""schedule_stop_ids"":[""20011977"",""20011950"",""20011978"",""20011979"",""20001851"",""20011980"",""20011981"",""20001854"",""20011959"",""20011982"",""20011983"",""20001815"",""20011984"",""20011985""]}",
line_gmb_2004329,gmb_2004329_2,2004329,2,2,20,20,1,one,True,True,False,official_route_sequence_exact_full_pattern,direction_not_encoded,partial,B,exact,A,upgraded_with_official_complete_pattern_evidence,official_json_routeId_routeSeq_stopSeq_complete_sequence,"{""candidate_count"":1,""official_stop_ids"":[""20011985"",""20011986"",""20001817"",""20001818"",""20011987"",""20001716"",""20011960"",""20011988"",""20011958"",""20001654"",""20001655"",""20001860"",""20011989"",""20001679"",""20001680"",""20001861"",""20001862"",""20012391"",""20011946"",""20011977""],""schedule_stop_ids"":[""20011985"",""20011986"",""20001817"",""20001818"",""20011987"",""20001716"",""20011960"",""20011988"",""20011958"",""20001654"",""20001655"",""20001860"",""20011989"",""20001679"",""20001680"",""20001861"",""20001862"",""20012391"",""20011946"",""20011977""]}",
line_gmb_2004330,gmb_2004330_1,2004330,1,1,2,2,1,one,True,True,False,official_route_sequence_exact_full_pattern,direction_not_encoded,partial,B,exact,A,upgraded_with_official_complete_pattern_evidence,official_json_routeId_routeSeq_stopSeq_complete_sequence,"{""candidate_count"":1,""official_stop_ids"":[""20012208"",""20011991""],""schedule_stop_ids"":[""20012208"",""20011991""]}",
line_gmb_2004330,gmb_2004330_2,2004330,2,2,2,2,1,one,True,True,False,official_route_sequence_exact_full_pattern,direction_not_encoded,partial,B,exact,A,upgraded_with_official_complete_pattern_evidence,official_json_routeId_routeSeq_stopSeq_complete_sequence,"{""candidate_count"":1,""official_stop_ids"":[""20011991"",""20012208""],""schedule_stop_ids"":[""20011991"",""20012208""]}",
line_gmb_2004331,gmb_2004331_1,2004331,1,1,12,12,1,one,True,True,False,official_route_sequence_exact_full_pattern,direction_not_encoded,partial,B,exact,A,upgraded_with_official_complete_pattern_evidence,official_json_routeId_routeSeq_stopSeq_complete_sequence,"{""candidate_count"":1,""official_stop_ids"":[""20011978"",""20011979"",""20001851"",""20011980"",""20011981"",""20001854"",""20011959"",""20011982"",""20011983"",""20001815"",""20011984"",""20011985""],""schedule_stop_ids"":[""20011978"",""20011979"",""20001851"",""20011980"",""20011981"",""20001854"",""20011959"",""20011982"",""20011983"",""20001815"",""20011984"",""20011985""]}",
line_gmb_2004331,gmb_2004331_2,2004331,2,2,18,18,1,one,True,True,False,official_route_sequence_exact_full_pattern,direction_not_encoded,partial,B,exact,A,upgraded_with_official_complete_pattern_evidence,official_json_routeId_routeSeq_stopSeq_complete_sequence,"{""candidate_count"":1,""official_stop_ids"":[""20011985"",""20011986"",""20001817"",""20001818"",""20011992"",""20001716"",""20011960"",""20011988"",""20011958"",""20001654"",""20001655"",""20001860"",""20011989"",""20001679"",""20001680"",""20001861"",""20001862"",""20011951""],""schedule_stop_ids"":[""20011985"",""20011986"",""20001817"",""20001818"",""20011992"",""20001716"",""20011960"",""20011988"",""20011958"",""20001654"",""20001655"",""20001860"",""20011989"",""20001679"",""20001680"",""20001861"",""20001862"",""20011951""]}",
line_gmb_2004362,gmb_2004362_1,2004362,1,1,9,9,1,one,True,True,False,official_route_sequence_exact_full_pattern,direction_not_encoded,partial,B,exact,A,upgraded_with_official_complete_pattern_evidence,official_json_routeId_routeSeq_stopSeq_complete_sequence,"{""candidate_count"":1,""official_stop_ids"":[""20012176"",""20012010"",""20012011"",""20012012"",""20006915"",""20000519"",""20012013"",""20012014"",""20012015""],""schedule_stop_ids"":[""20012176"",""20012010"",""20012011"",""20012012"",""20006915"",""20000519"",""20012013"",""20012014"",""20012015""]}",
line_gmb_2004395,gmb_2004395_1,2004395,1,1,12,12,1,one,True,True,False,official_route_sequence_exact_full_pattern,direction_not_encoded,partial,B,exact,A,upgraded_with_official_complete_pattern_evidence,official_json_routeId_routeSeq_stopSeq_complete_sequence,"{""candidate_count"":1,""official_stop_ids"":[""20013061"",""20012044"",""20012045"",""20012046"",""20012047"",""20022999"",""20012049"",""20000815"",""20012050"",""20000994"",""20012051"",""20012052""],""schedule_stop_ids"":[""20013061"",""20012044"",""20012045"",""20012046"",""20012047"",""20022999"",""20012049"",""20000815"",""20012050"",""20000994"",""20012051"",""20012052""]}",
line_gmb_2004395,gmb_2004395_2,2004395,2,2,12,12,1,one,True,True,False,official_route_sequence_exact_full_pattern,direction_not_encoded,partial,B,exact,A,upgraded_with_official_complete_pattern_evidence,official_json_routeId_routeSeq_stopSeq_complete_sequence,"{""candidate_count"":1,""official_stop_ids"":[""20012052"",""20012053"",""20012054"",""20012055"",""20012056"",""20012057"",""20000808"",""20012058"",""20012059"",""20015557"",""20012061"",""20013061""],""schedule_stop_ids"":[""20012052"",""20012053"",""20012054"",""20012055"",""20012056"",""20012057"",""20000808"",""20012058"",""20012059"",""20015557"",""20012061"",""20013061""]}",
line_gmb_2004396,gmb_2004396_1,2004396,1,1,17,17,1,one,True,True,False,official_route_sequence_exact_full_pattern,direction_not_encoded,partial,B,exact,A,upgraded_with_official_complete_pattern_evidence,official_json_routeId_routeSeq_stopSeq_complete_sequence,"{""candidate_count"":1,""official_stop_ids"":[""20012043"",""20012044"",""20012045"",""20012062"",""20012063"",""20012064"",""20012065"",""20012066"",""20015557"",""20012068"",""20012069"",""20012070"",""20012073"",""20012071"",""20012074"",""20012072"",""20012043""],""schedule_stop_ids"":[""20012043"",""20012044"",""20012045"",""20012062"",""20012063"",""20012064"",""20012065"",""20012066"",""20015557"",""20012068"",""20012069"",""20012070"",""20012073"",""20012071"",""20012074"",""20012072"",""20012043""]}",
line_gmb_2004397,gmb_2004397_1,2004397,1,1,23,23,1,one,True,True,False,official_route_sequence_exact_full_pattern,direction_not_encoded,partial,B,exact,A,upgraded_with_official_complete_pattern_evidence,official_json_routeId_routeSeq_stopSeq_complete_sequence,"{""candidate_count"":1,""official_stop_ids"":[""20012075"",""20012076"",""20012077"",""20012078"",""20012079"",""20012080"",""20012081"",""20012082"",""20012083"",""20012084"",""20012085"",""20012086"",""20012087"",""20012571"",""20012089"",""20012090"",""20012091"",""20012092"",""20012093"",""20012094"",""20012095"",""20012096"",""20012075""],""schedule_stop_ids"":[""20012075"",""20012076"",""20012077"",""20012078"",""20012079"",""20012080"",""20012081"",""20012082"",""20012083"",""20012084"",""20012085"",""20012086"",""20012087"",""20012571"",""20012089"",""20012090"",""20012091"",""20012092"",""20012093"",""20012094"",""20012095"",""20012096"",""20012075""]}",
line_gmb_2004398,gmb_2004398_1,2004398,1,1,11,11,1,one,True,True,False,official_route_sequence_exact_full_pattern,direction_not_encoded,partial,B,exact,A,upgraded_with_official_complete_pattern_evidence,official_json_routeId_routeSeq_stopSeq_complete_sequence,"{""candidate_count"":1,""official_stop_ids"":[""20012539"",""20012076"",""20012077"",""20012089"",""20012090"",""20012091"",""20012098"",""20012094"",""20012095"",""20012096"",""20012075""],""schedule_stop_ids"":[""20012539"",""20012076"",""20012077"",""20012089"",""20012090"",""20012091"",""20012098"",""20012094"",""20012095"",""20012096"",""20012075""]}",
line_gmb_2004428,gmb_2004428_1,2004428,1,1,18,18,1,one,True,True,False,official_route_sequence_exact_full_pattern,direction_not_encoded,partial,B,exact,A,upgraded_with_official_complete_pattern_evidence,official_json_routeId_routeSeq_stopSeq_complete_sequence,"{""candidate_count"":1,""official_stop_ids"":[""20012109"",""20021400"",""20022739"",""20022740"",""20022771"",""20012112"",""20012113"",""20012384"",""20012115"",""20022772"",""20000802"",""20021384"",""20012117"",""20021400"",""20022741"",""20022742"",""20022773"",""20012119""],""schedule_stop_ids"":[""20012109"",""20021400"",""20022739"",""20022740"",""20022771"",""20012112"",""20012113"",""20012384"",""20012115"",""20022772"",""20000802"",""20021384"",""20012117"",""20021400"",""20022741"",""20022742"",""20022773"",""20012119""]}",
line_gmb_2004461,gmb_2004461_1,2004461,1,1,11,11,1,one,True,True,False,official_route_sequence_exact_full_pattern,direction_not_encoded,partial,B,exact,A,upgraded_with_official_complete_pattern_evidence,official_json_routeId_routeSeq_stopSeq_complete_sequence,"{""candidate_count"":1,""official_stop_ids"":[""20012604"",""20019732"",""20012131"",""20003250"",""20012122"",""20012123"",""20012124"",""20007293"",""20012125"",""20003205"",""20004165""],""schedule_stop_ids"":[""20012604"",""20019732"",""20012131"",""20003250"",""20012122"",""20012123"",""20012124"",""20007293"",""20012125"",""20003205"",""20004165""]}",
line_gmb_2004461,gmb_2004461_2,2004461,2,2,9,9,1,one,True,True,False,official_route_sequence_exact_full_pattern,direction_not_encoded,partial,B,exact,A,upgraded_with_official_complete_pattern_evidence,official_json_routeId_routeSeq_stopSeq_complete_sequence,"{""candidate_count"":1,""official_stop_ids"":[""20004165"",""20012126"",""20001473"",""20012127"",""20012128"",""20003249"",""20012129"",""20019733"",""20012604""],""schedule_stop_ids"":[""20004165"",""20012126"",""20001473"",""20012127"",""20012128"",""20003249"",""20012129"",""20019733"",""20012604""]}",
line_gmb_2004462,gmb_2004462_1,2004462,1,1,5,5,1,one,True,True,False,official_route_sequence_exact_full_pattern,direction_not_encoded,partial,B,exact,A,upgraded_with_official_complete_pattern_evidence,official_json_routeId_routeSeq_stopSeq_complete_sequence,"{""candidate_count"":1,""official_stop_ids"":[""20012140"",""20012141"",""20012124"",""20007293"",""20012134""],""schedule_stop_ids"":[""20012140"",""20012141"",""20012124"",""20007293"",""20012134""]}",
line_gmb_2004462,gmb_2004462_2,2004462,2,2,5,5,1,one,True,True,False,official_route_sequence_exact_full_pattern,direction_not_encoded,partial,B,exact,A,upgraded_with_official_complete_pattern_evidence,official_json_routeId_routeSeq_stopSeq_complete_sequence,"{""candidate_count"":1,""official_stop_ids"":[""20012134"",""20012142"",""20012127"",""20012141"",""20012140""],""schedule_stop_ids"":[""20012134"",""20012142"",""20012127"",""20012141"",""20012140""]}",
line_gmb_2004463,gmb_2004463_1,2004463,1,1,3,3,1,one,True,True,False,official_route_sequence_exact_full_pattern,direction_not_encoded,partial,B,exact,A,upgraded_with_official_complete_pattern_evidence,official_json_routeId_routeSeq_stopSeq_complete_sequence,"{""candidate_count"":1,""official_stop_ids"":[""20000995"",""20012135"",""20012136""],""schedule_stop_ids"":[""20000995"",""20012135"",""20012136""]}",
line_gmb_2004463,gmb_2004463_2,2004463,2,2,2,2,1,one,True,True,False,official_route_sequence_exact_full_pattern,direction_not_encoded,partial,B,exact,A,upgraded_with_official_complete_pattern_evidence,official_json_routeId_routeSeq_stopSeq_complete_sequence,"{""candidate_count"":1,""official_stop_ids"":[""20012136"",""20000995""],""schedule_stop_ids"":[""20012136"",""20000995""]}",
line_gmb_2004527,gmb_2004527_1,2004527,1,1,20,20,1,one,True,True,False,official_route_sequence_exact_full_pattern,direction_not_encoded,partial,B,exact,A,upgraded_with_official_complete_pattern_evidence,official_json_routeId_routeSeq_stopSeq_complete_sequence,"{""candidate_count"":1,""official_stop_ids"":[""20012241"",""20012242"",""20000322"",""20012606"",""20012259"",""20012244"",""20012245"",""20012246"",""20012247"",""20012248"",""20012249"",""20012250"",""20012251"",""20012252"",""20012253"",""20012257"",""20000135"",""20012255"",""20012258"",""20012241""],""schedule_stop_ids"":[""20012241"",""20012242"",""20000322"",""20012606"",""20012259"",""20012244"",""20012245"",""20012246"",""20012247"",""20012248"",""20012249"",""20012250"",""20012251"",""20012252"",""20012253"",""20012257"",""20000135"",""20012255"",""20012258"",""20012241""]}",
line_gmb_2004593,gmb_2004593_1,2004593,1,1,7,7,1,one,True,True,False,official_route_sequence_exact_full_pattern,direction_not_encoded,partial,B,exact,A,upgraded_with_official_complete_pattern_evidence,official_json_routeId_routeSeq_stopSeq_complete_sequence,"{""candidate_count"":1,""official_stop_ids"":[""20012307"",""20020228"",""20012308"",""20012309"",""20012310"",""20012311"",""20012312""],""schedule_stop_ids"":[""20012307"",""20020228"",""20012308"",""20012309"",""20012310"",""20012311"",""20012312""]}",
line_gmb_2004593,gmb_2004593_2,2004593,2,2,6,6,1,one,True,True,False,official_route_sequence_exact_full_pattern,direction_not_encoded,partial,B,exact,A,upgraded_with_official_complete_pattern_evidence,official_json_routeId_routeSeq_stopSeq_complete_sequence,"{""candidate_count"":1,""official_stop_ids"":[""20012312"",""20012318"",""20012316"",""20012317"",""20020227"",""20012307""],""schedule_stop_ids"":[""20012312"",""20012318"",""20012316"",""20012317"",""20020227"",""20012307""]}",
line_gmb_2004594,gmb_2004594_1,2004594,1,1,8,8,1,one,True,True,False,official_route_sequence_exact_full_pattern,direction_not_encoded,partial,B,exact,A,upgraded_with_official_complete_pattern_evidence,official_json_routeId_routeSeq_stopSeq_complete_sequence,"{""candidate_count"":1,""official_stop_ids"":[""20008023"",""20002090"",""20012736"",""20012315"",""20021349"",""20013529"",""20002096"",""20008023""],""schedule_stop_ids"":[""20008023"",""20002090"",""20012736"",""20012315"",""20021349"",""20013529"",""20002096"",""20008023""]}",
line_gmb_2004595,gmb_2004595_1,2004595,1,1,6,6,1,one,True,True,False,official_route_sequence_exact_full_pattern,direction_not_encoded,partial,B,exact,A,upgraded_with_official_complete_pattern_evidence,official_json_routeId_routeSeq_stopSeq_complete_sequence,"{""candidate_count"":1,""official_stop_ids"":[""20012307"",""20012308"",""20012309"",""20012310"",""20012311"",""20012318""],""schedule_stop_ids"":[""20012307"",""20012308"",""20012309"",""20012310"",""20012311"",""20012318""]}",
line_gmb_2004598,gmb_2004598_1,2004598,1,1,15,15,1,one,True,True,False,official_route_sequence_exact_full_pattern,direction_not_encoded,partial,B,exact,A,upgraded_with_official_complete_pattern_evidence,official_json_routeId_routeSeq_stopSeq_complete_sequence,"{""candidate_count"":1,""official_stop_ids"":[""20001372"",""20001349"",""20002034"",""20008711"",""20002036"",""20002037"",""20006914"",""20002057"",""20002040"",""20002058"",""20002043"",""20002044"",""20012319"",""20008024"",""20008023""],""schedule_stop_ids"":[""20001372"",""20001349"",""20002034"",""20008711"",""20002036"",""20002037"",""20006914"",""20002057"",""20002040"",""20002058"",""20002043"",""20002044"",""20012319"",""20008024"",""20008023""]}",
line_gmb_2004598,gmb_2004598_2,2004598,2,2,15,15,1,one,True,True,False,official_route_sequence_exact_full_pattern,direction_not_encoded,partial,B,exact,A,upgraded_with_official_complete_pattern_evidence,official_json_routeId_routeSeq_stopSeq_complete_sequence,"{""candidate_count"":1,""official_stop_ids"":[""20008023"",""20002048"",""20012320"",""20002050"",""20001368"",""20012321"",""20001369"",""20001370"",""20020888"",""20001352"",""20002053"",""20001353"",""20002054"",""20001354"",""20001372""],""schedule_stop_ids"":[""20008023"",""20002048"",""20012320"",""20002050"",""20001368"",""20012321"",""20001369"",""20001370"",""20020888"",""20001352"",""20002053"",""20001353"",""20002054"",""20001354"",""20001372""]}",
line_gmb_2004599,gmb_2004599_1,2004599,1,1,4,4,1,one,True,True,False,official_route_sequence_exact_full_pattern,direction_not_encoded,partial,B,exact,A,upgraded_with_official_complete_pattern_evidence,official_json_routeId_routeSeq_stopSeq_complete_sequence,"{""candidate_count"":1,""official_stop_ids"":[""20012340"",""20012318"",""20012316"",""20002614""],""schedule_stop_ids"":[""20012340"",""20012318"",""20012316"",""20002614""]}",
line_gmb_2004599,gmb_2004599_2,2004599,2,2,6,6,1,one,True,True,False,official_route_sequence_exact_full_pattern,direction_not_encoded,partial,B,exact,A,upgraded_with_official_complete_pattern_evidence,official_json_routeId_routeSeq_stopSeq_complete_sequence,"{""candidate_count"":1,""official_stop_ids"":[""20002614"",""20003048"",""20012341"",""20012310"",""20012311"",""20012340""],""schedule_stop_ids"":[""20002614"",""20003048"",""20012341"",""20012310"",""20012311"",""20012340""]}",
line_gmb_2004626,gmb_2004626_1,2004626,1,1,9,9,1,one,True,True,False,official_route_sequence_exact_full_pattern,direction_not_encoded,partial,B,exact,A,upgraded_with_official_complete_pattern_evidence,official_json_routeId_routeSeq_stopSeq_complete_sequence,"{""candidate_count"":1,""official_stop_ids"":[""20012340"",""20012318"",""20012316"",""20002614"",""20012342"",""20019868"",""20019869"",""20012311"",""20012343""],""schedule_stop_ids"":[""20012340"",""20012318"",""20012316"",""20002614"",""20012342"",""20019868"",""20019869"",""20012311"",""20012343""]}",
line_gmb_2004627,gmb_2004627_1,2004627,1,1,13,13,1,one,True,True,False,official_route_sequence_exact_full_pattern,direction_not_encoded,partial,B,exact,A,upgraded_with_official_complete_pattern_evidence,official_json_routeId_routeSeq_stopSeq_complete_sequence,"{""candidate_count"":1,""official_stop_ids"":[""20002614"",""20012341"",""20003024"",""20012310"",""20012344"",""20012345"",""20020229"",""20012346"",""20012347"",""20012348"",""20021647"",""20020230"",""20002614""],""schedule_stop_ids"":[""20002614"",""20012341"",""20003024"",""20012310"",""20012344"",""20012345"",""20020229"",""20012346"",""20012347"",""20012348"",""20021647"",""20020230"",""20002614""]}",
line_gmb_2004629,gmb_2004629_1,2004629,1,1,7,7,1,one,True,True,False,official_route_sequence_exact_full_pattern,direction_not_encoded,partial,B,exact,A,upgraded_with_official_complete_pattern_evidence,official_json_routeId_routeSeq_stopSeq_complete_sequence,"{""candidate_count"":1,""official_stop_ids"":[""20012350"",""20000566"",""20012351"",""20000568"",""20012352"",""20020196"",""20012353""],""schedule_stop_ids"":[""20012350"",""20000566"",""20012351"",""20000568"",""20012352"",""20020196"",""20012353""]}",
line_gmb_2004630,gmb_2004630_1,2004630,1,1,8,8,1,one,True,True,False,official_route_sequence_exact_full_pattern,direction_not_encoded,partial,B,exact,A,upgraded_with_official_complete_pattern_evidence,official_json_routeId_routeSeq_stopSeq_complete_sequence,"{""candidate_count"":1,""official_stop_ids"":[""20012354"",""20012355"",""20012352"",""20020196"",""20000566"",""20012351"",""20000568"",""20012356""],""schedule_stop_ids"":[""20012354"",""20012355"",""20012352"",""20020196"",""20000566"",""20012351"",""20000568"",""20012356""]}",
line_gmb_2004631,gmb_2004631_1,2004631,1,1,8,8,1,one,True,True,False,official_route_sequence_exact_full_pattern,direction_not_encoded,partial,B,exact,A,upgraded_with_official_complete_pattern_evidence,official_json_routeId_routeSeq_stopSeq_complete_sequence,"{""candidate_count"":1,""official_stop_ids"":[""20012357"",""20012354"",""20012355"",""20000566"",""20012351"",""20000568"",""20012358"",""20012359""],""schedule_stop_ids"":[""20012357"",""20012354"",""20012355"",""20000566"",""20012351"",""20000568"",""20012358"",""20012359""]}",
line_gmb_2004632,gmb_2004632_1,2004632,1,1,3,3,1,one,True,True,False,official_route_sequence_exact_full_pattern,direction_not_encoded,partial,B,exact,A,upgraded_with_official_complete_pattern_evidence,official_json_routeId_routeSeq_stopSeq_complete_sequence,"{""candidate_count"":1,""official_stop_ids"":[""20012355"",""20000566"",""20012360""],""schedule_stop_ids"":[""20012355"",""20000566"",""20012360""]}",
line_gmb_2004632,gmb_2004632_2,2004632,2,2,3,3,1,one,True,True,False,official_route_sequence_exact_full_pattern,direction_not_encoded,partial,B,exact,A,upgraded_with_official_complete_pattern_evidence,official_json_routeId_routeSeq_stopSeq_complete_sequence,"{""candidate_count"":1,""official_stop_ids"":[""20012360"",""20012361"",""20012355""],""schedule_stop_ids"":[""20012360"",""20012361"",""20012355""]}",
line_gmb_2004659,gmb_2004659_1,2004659,1,1,5,5,1,one,True,True,False,official_route_sequence_exact_full_pattern,direction_not_encoded,partial,B,exact,A,upgraded_with_official_complete_pattern_evidence,official_json_routeId_routeSeq_stopSeq_complete_sequence,"{""candidate_count"":1,""official_stop_ids"":[""20012374"",""20012375"",""20012376"",""20006016"",""20022571""],""schedule_stop_ids"":[""20012374"",""20012375"",""20012376"",""20006016"",""20022571""]}",
line_gmb_2004659,gmb_2004659_2,2004659,2,2,4,4,1,one,True,True,False,official_route_sequence_exact_full_pattern,direction_not_encoded,partial,B,exact,A,upgraded_with_official_complete_pattern_evidence,official_json_routeId_routeSeq_stopSeq_complete_sequence,"{""candidate_count"":1,""official_stop_ids"":[""20022571"",""20012378"",""20012379"",""20012380""],""schedule_stop_ids"":[""20022571"",""20012378"",""20012379"",""20012380""]}",
line_gmb_2004660,gmb_2004660_1,2004660,1,1,10,10,1,one,True,True,False,official_route_sequence_exact_full_pattern,direction_not_encoded,partial,B,exact,A,upgraded_with_official_complete_pattern_evidence,official_json_routeId_routeSeq_stopSeq_complete_sequence,"{""candidate_count"":1,""official_stop_ids"":[""20000831"",""20012381"",""20012382"",""20012383"",""20012384"",""20012385"",""20012386"",""20012387"",""20012388"",""20000831""],""schedule_stop_ids"":[""20000831"",""20012381"",""20012382"",""20012383"",""20012384"",""20012385"",""20012386"",""20012387"",""20012388"",""20000831""]}",
line_gmb_2004661,gmb_2004661_1,2004661,1,1,11,11,1,one,True,True,False,official_route_sequence_exact_full_pattern,direction_not_encoded,partial,B,exact,A,upgraded_with_official_complete_pattern_evidence,official_json_routeId_routeSeq_stopSeq_complete_sequence,"{""candidate_count"":1,""official_stop_ids"":[""20000831"",""20012381"",""20012382"",""20012390"",""20012383"",""20012384"",""20012385"",""20012386"",""20012387"",""20012388"",""20000831""],""schedule_stop_ids"":[""20000831"",""20012381"",""20012382"",""20012390"",""20012383"",""20012384"",""20012385"",""20012386"",""20012387"",""20012388"",""20000831""]}",
line_gmb_2004692,gmb_2004692_1,2004692,1,1,15,15,1,one,True,True,False,official_route_sequence_exact_full_pattern,direction_not_encoded,partial,B,exact,A,upgraded_with_official_complete_pattern_evidence,official_json_routeId_routeSeq_stopSeq_complete_sequence,"{""candidate_count"":1,""official_stop_ids"":[""20012392"",""20001556"",""20012393"",""20012394"",""20012395"",""20012396"",""20012397"",""20012398"",""20012399"",""20012400"",""20002307"",""20012401"",""20012402"",""20001554"",""20012392""],""schedule_stop_ids"":[""20012392"",""20001556"",""20012393"",""20012394"",""20012395"",""20012396"",""20012397"",""20012398"",""20012399"",""20012400"",""20002307"",""20012401"",""20012402"",""20001554"",""20012392""]}",
line_gmb_2004725,gmb_2004725_1,2004725,1,1,12,12,1,one,True,True,False,official_route_sequence_exact_full_pattern,direction_not_encoded,partial,B,exact,A,upgraded_with_official_complete_pattern_evidence,official_json_routeId_routeSeq_stopSeq_complete_sequence,"{""candidate_count"":1,""official_stop_ids"":[""20003373"",""20012406"",""20003132"",""20000911"",""20013238"",""20012407"",""20012408"",""20012409"",""20012410"",""20019963"",""20000868"",""20012411""],""schedule_stop_ids"":[""20003373"",""20012406"",""20003132"",""20000911"",""20013238"",""20012407"",""20012408"",""20012409"",""20012410"",""20019963"",""20000868"",""20012411""]}",
line_gmb_2004758,gmb_2004758_1,2004758,1,1,19,19,1,one,True,True,False,official_route_sequence_exact_full_pattern,direction_not_encoded,partial,B,exact,A,upgraded_with_official_complete_pattern_evidence,official_json_routeId_routeSeq_stopSeq_complete_sequence,"{""candidate_count"":1,""official_stop_ids"":[""20002263"",""20002287"",""20002249"",""20002250"",""20001234"",""20001235"",""20001236"",""20001238"",""20019666"",""20002226"",""20002288"",""20002228"",""20012418"",""20002289"",""20002290"",""20012419"",""20012420"",""20002293"",""20002257""],""schedule_stop_ids"":[""20002263"",""20002287"",""20002249"",""20002250"",""20001234"",""20001235"",""20001236"",""20001238"",""20019666"",""20002226"",""20002288"",""20002228"",""20012418"",""20002289"",""20002290"",""20012419"",""20012420"",""20002293"",""20002257""]}",
line_gmb_2004758,gmb_2004758_2,2004758,2,2,20,20,1,one,True,True,False,official_route_sequence_exact_full_pattern,direction_not_encoded,partial,B,exact,A,upgraded_with_official_complete_pattern_evidence,official_json_routeId_routeSeq_stopSeq_complete_sequence,"{""candidate_count"":1,""official_stop_ids"":[""20002257"",""20002274"",""20001550"",""20002294"",""20002295"",""20012424"",""20002256"",""20002236"",""20012425"",""20012426"",""20019633"",""20001226"",""20001227"",""20001228"",""20002297"",""20001230"",""20002281"",""20002298"",""20002299"",""20002263""],""schedule_stop_ids"":[""20002257"",""20002274"",""20001550"",""20002294"",""20002295"",""20012424"",""20002256"",""20002236"",""20012425"",""20012426"",""20019633"",""20001226"",""20001227"",""20001228"",""20002297"",""20001230"",""20002281"",""20002298"",""20002299"",""20002263""]}",
line_gmb_2004759,gmb_2004759_1,2004759,1,1,7,7,1,one,True,True,False,official_route_sequence_exact_full_pattern,direction_not_encoded,partial,B,exact,A,upgraded_with_official_complete_pattern_evidence,official_json_routeId_routeSeq_stopSeq_complete_sequence,"{""candidate_count"":1,""official_stop_ids"":[""20012412"",""20012413"",""20000599"",""20012737"",""20012415"",""20012416"",""20012417""],""schedule_stop_ids"":[""20012412"",""20012413"",""20000599"",""20012737"",""20012415"",""20012416"",""20012417""]}",
line_gmb_2004759,gmb_2004759_2,2004759,2,2,9,9,1,one,True,True,False,official_route_sequence_exact_full_pattern,direction_not_encoded,partial,B,exact,A,upgraded_with_official_complete_pattern_evidence,official_json_routeId_routeSeq_stopSeq_complete_sequence,"{""candidate_count"":1,""official_stop_ids"":[""20012417"",""20000802"",""20001093"",""20002394"",""20002395"",""20012421"",""20000589"",""20012422"",""20012412""],""schedule_stop_ids"":[""20012417"",""20000802"",""20001093"",""20002394"",""20002395"",""20012421"",""20000589"",""20012422"",""20012412""]}",
line_gmb_2004760,gmb_2004760_1,2004760,1,1,3,3,1,one,True,True,False,official_route_sequence_exact_full_pattern,direction_not_encoded,partial,B,exact,A,upgraded_with_official_complete_pattern_evidence,official_json_routeId_routeSeq_stopSeq_complete_sequence,"{""candidate_count"":1,""official_stop_ids"":[""20012412"",""20002193"",""20012423""],""schedule_stop_ids"":[""20012412"",""20002193"",""20012423""]}",
line_gmb_2004761,gmb_2004761_1,2004761,1,1,13,13,1,one,True,True,False,official_route_sequence_exact_full_pattern,direction_not_encoded,partial,B,exact,A,upgraded_with_official_complete_pattern_evidence,official_json_routeId_routeSeq_stopSeq_complete_sequence,"{""candidate_count"":1,""official_stop_ids"":[""20012432"",""20001238"",""20019666"",""20002226"",""20002288"",""20002228"",""20012418"",""20002289"",""20002290"",""20012419"",""20012420"",""20002293"",""20002257""],""schedule_stop_ids"":[""20012432"",""20001238"",""20019666"",""20002226"",""20002288"",""20002228"",""20012418"",""20002289"",""20002290"",""20012419"",""20012420"",""20002293"",""20002257""]}",
line_gmb_2004761,gmb_2004761_2,2004761,2,2,13,13,1,one,True,True,False,official_route_sequence_exact_full_pattern,direction_not_encoded,partial,B,exact,A,upgraded_with_official_complete_pattern_evidence,official_json_routeId_routeSeq_stopSeq_complete_sequence,"{""candidate_count"":1,""official_stop_ids"":[""20002257"",""20002274"",""20001550"",""20002294"",""20002290"",""20012424"",""20002256"",""20002236"",""20012425"",""20012426"",""20019633"",""20001226"",""20012432""],""schedule_stop_ids"":[""20002257"",""20002274"",""20001550"",""20002294"",""20002290"",""20012424"",""20002256"",""20002236"",""20012425"",""20012426"",""20019633"",""20001226"",""20012432""]}",
line_gmb_2004762,gmb_2004762_1,2004762,1,1,7,7,1,one,True,True,False,official_route_sequence_exact_full_pattern,direction_not_encoded,partial,B,exact,A,upgraded_with_official_complete_pattern_evidence,official_json_routeId_routeSeq_stopSeq_complete_sequence,"{""candidate_count"":1,""official_stop_ids"":[""20012427"",""20012428"",""20012429"",""20000912"",""20012430"",""20012431"",""20011698""],""schedule_stop_ids"":[""20012427"",""20012428"",""20012429"",""20000912"",""20012430"",""20012431"",""20011698""]}",
line_gmb_2004762,gmb_2004762_2,2004762,2,2,6,6,1,one,True,True,False,official_route_sequence_exact_full_pattern,direction_not_encoded,partial,B,exact,A,upgraded_with_official_complete_pattern_evidence,official_json_routeId_routeSeq_stopSeq_complete_sequence,"{""candidate_count"":1,""official_stop_ids"":[""20011698"",""20012434"",""20000469"",""20000715"",""20000717"",""20012427""],""schedule_stop_ids"":[""20011698"",""20012434"",""20000469"",""20000715"",""20000717"",""20012427""]}",
line_gmb_2004763,gmb_2004763_1,2004763,1,1,26,26,1,one,True,True,False,official_route_sequence_exact_full_pattern,direction_not_encoded,partial,B,exact,A,upgraded_with_official_complete_pattern_evidence,official_json_routeId_routeSeq_stopSeq_complete_sequence,"{""candidate_count"":1,""official_stop_ids"":[""20001149"",""20001150"",""20001151"",""20010616"",""20002021"",""20001152"",""20003282"",""20017257"",""20001154"",""20012436"",""20000953"",""20012437"",""20012438"",""20012439"",""20012440"",""20012441"",""20000983"",""20002030"",""20007878"",""20014772"",""20002032"",""20002033"",""20002020"",""20001169"",""20002005"",""20001149""],""schedule_stop_ids"":[""20001149"",""20001150"",""20001151"",""20010616"",""20002021"",""20001152"",""20003282"",""20017257"",""20001154"",""20012436"",""20000953"",""20012437"",""20012438"",""20012439"",""20012440"",""20012441"",""20000983"",""20002030"",""20007878"",""20014772"",""20002032"",""20002033"",""20002020"",""20001169"",""20002005"",""20001149""]}",
line_gmb_2004764,gmb_2004764_1,2004764,1,1,25,25,1,one,True,True,False,official_route_sequence_exact_full_pattern,direction_not_encoded,partial,B,exact,A,upgraded_with_official_complete_pattern_evidence,official_json_routeId_routeSeq_stopSeq_complete_sequence,"{""candidate_count"":1,""official_stop_ids"":[""20001112"",""20001144"",""20012443"",""20012444"",""20012445"",""20001113"",""20009421"",""20012474"",""20001145"",""20001996"",""20012473"",""20012475"",""20012439"",""20012440"",""20012441"",""20000983"",""20002030"",""20007878"",""20014772"",""20002032"",""20002003"",""20002020"",""20001169"",""20002005"",""20001149""],""schedule_stop_ids"":[""20001112"",""20001144"",""20012443"",""20012444"",""20012445"",""20001113"",""20009421"",""20012474"",""20001145"",""20001996"",""20012473"",""20012475"",""20012439"",""20012440"",""20012441"",""20000983"",""20002030"",""20007878"",""20014772"",""20002032"",""20002003"",""20002020"",""20001169"",""20002005"",""20001149""]}",
line_gmb_2004764,gmb_2004764_2,2004764,2,2,23,23,1,one,True,True,False,official_route_sequence_exact_full_pattern,direction_not_encoded,partial,B,exact,A,upgraded_with_official_complete_pattern_evidence,official_json_routeId_routeSeq_stopSeq_complete_sequence,"{""candidate_count"":1,""official_stop_ids"":[""20001149"",""20001150"",""20001151"",""20010616"",""20002021"",""20001152"",""20003282"",""20017257"",""20001154"",""20012476"",""20012477"",""20012478"",""20001999"",""20002001"",""20002002"",""20012479"",""20012474"",""20012480"",""20002600"",""20012481"",""20012482"",""20012483"",""20001112""],""schedule_stop_ids"":[""20001149"",""20001150"",""20001151"",""20010616"",""20002021"",""20001152"",""20003282"",""20017257"",""20001154"",""20012476"",""20012477"",""20012478"",""20001999"",""20002001"",""20002002"",""20012479"",""20012474"",""20012480"",""20002600"",""20012481"",""20012482"",""20012483"",""20001112""]}",
line_gmb_2004791,gmb_2004791_1,2004791,1,1,18,18,1,one,True,True,False,official_route_sequence_exact_full_pattern,direction_not_encoded,partial,B,exact,A,upgraded_with_official_complete_pattern_evidence,official_json_routeId_routeSeq_stopSeq_complete_sequence,"{""candidate_count"":1,""official_stop_ids"":[""20012484"",""20002563"",""20002597"",""20003054"",""20001140"",""20012485"",""20013010"",""20001142"",""20012487"",""20012488"",""20001145"",""20012489"",""20001146"",""20012490"",""20012491"",""20000566"",""20001117"",""20012492""],""schedule_stop_ids"":[""20012484"",""20002563"",""20002597"",""20003054"",""20001140"",""20012485"",""20013010"",""20001142"",""20012487"",""20012488"",""20001145"",""20012489"",""20001146"",""20012490"",""20012491"",""20000566"",""20001117"",""20012492""]}",
line_gmb_2004791,gmb_2004791_2,2004791,2,2,17,17,1,one,True,True,False,official_route_sequence_exact_full_pattern,direction_not_encoded,partial,B,exact,A,upgraded_with_official_complete_pattern_evidence,official_json_routeId_routeSeq_stopSeq_complete_sequence,"{""candidate_count"":1,""official_stop_ids"":[""20001116"",""20000568"",""20012493"",""20012494"",""20001999"",""20002000"",""20002001"",""20012495"",""20012479"",""20012472"",""20012496"",""20012497"",""20012498"",""20001172"",""20001162"",""20002597"",""20012484""],""schedule_stop_ids"":[""20001116"",""20000568"",""20012493"",""20012494"",""20001999"",""20002000"",""20002001"",""20012495"",""20012479"",""20012472"",""20012496"",""20012497"",""20012498"",""20001172"",""20001162"",""20002597"",""20012484""]}",
line_gmb_2004824,gmb_2004824_1,2004824,1,1,3,3,1,one,True,True,False,official_route_sequence_exact_full_pattern,direction_not_encoded,partial,B,exact,A,upgraded_with_official_complete_pattern_evidence,official_json_routeId_routeSeq_stopSeq_complete_sequence,"{""candidate_count"":1,""official_stop_ids"":[""20012484"",""20001162"",""20002597""],""schedule_stop_ids"":[""20012484"",""20001162"",""20002597""]}",
line_gmb_2004824,gmb_2004824_2,2004824,2,2,2,2,1,one,True,True,False,official_route_sequence_exact_full_pattern,direction_not_encoded,partial,B,exact,A,upgraded_with_official_complete_pattern_evidence,official_json_routeId_routeSeq_stopSeq_complete_sequence,"{""candidate_count"":1,""official_stop_ids"":[""20002597"",""20012484""],""schedule_stop_ids"":[""20002597"",""20012484""]}",
line_gmb_2004825,gmb_2004825_1,2004825,1,1,3,3,1,one,True,True,False,official_route_sequence_exact_full_pattern,direction_not_encoded,partial,B,exact,A,upgraded_with_official_complete_pattern_evidence,official_json_routeId_routeSeq_stopSeq_complete_sequence,"{""candidate_count"":1,""official_stop_ids"":[""20002597"",""20001142"",""20012474""],""schedule_stop_ids"":[""20002597"",""20001142"",""20012474""]}",
line_gmb_2004825,gmb_2004825_2,2004825,2,2,7,7,1,one,True,True,False,official_route_sequence_exact_full_pattern,direction_not_encoded,partial,B,exact,A,upgraded_with_official_complete_pattern_evidence,official_json_routeId_routeSeq_stopSeq_complete_sequence,"{""candidate_count"":1,""official_stop_ids"":[""20012474"",""20012496"",""20012497"",""20012498"",""20001172"",""20002563"",""20002597""],""schedule_stop_ids"":[""20012474"",""20012496"",""20012497"",""20012498"",""20001172"",""20002563"",""20002597""]}",
line_gmb_2004826,gmb_2004826_1,2004826,1,1,19,19,1,one,True,True,False,official_route_sequence_exact_full_pattern,direction_not_encoded,partial,B,exact,A,upgraded_with_official_complete_pattern_evidence,official_json_routeId_routeSeq_stopSeq_complete_sequence,"{""candidate_count"":1,""official_stop_ids"":[""20001149"",""20012484"",""20001162"",""20002597"",""20003054"",""20001140"",""20012485"",""20013011"",""20001142"",""20012487"",""20012506"",""20001145"",""20012489"",""20001146"",""20012507"",""20004215"",""20000566"",""20001117"",""20012492""],""schedule_stop_ids"":[""20001149"",""20012484"",""20001162"",""20002597"",""20003054"",""20001140"",""20012485"",""20013011"",""20001142"",""20012487"",""20012506"",""20001145"",""20012489"",""20001146"",""20012507"",""20004215"",""20000566"",""20001117"",""20012492""]}",
line_gmb_2004826,gmb_2004826_2,2004826,2,2,18,18,1,one,True,True,False,official_route_sequence_exact_full_pattern,direction_not_encoded,partial,B,exact,A,upgraded_with_official_complete_pattern_evidence,official_json_routeId_routeSeq_stopSeq_complete_sequence,"{""candidate_count"":1,""official_stop_ids"":[""20001116"",""20000568"",""20012493"",""20012494"",""20001999"",""20002000"",""20002001"",""20002002"",""20012479"",""20012474"",""20012496"",""20012497"",""20012498"",""20001172"",""20001162"",""20002597"",""20012484"",""20001149""],""schedule_stop_ids"":[""20001116"",""20000568"",""20012493"",""20012494"",""20001999"",""20002000"",""20002001"",""20002002"",""20012479"",""20012474"",""20012496"",""20012497"",""20012498"",""20001172"",""20001162"",""20002597"",""20012484"",""20001149""]}",
line_gmb_2004827,gmb_2004827_1,2004827,1,1,8,8,1,one,True,True,False,official_route_sequence_exact_full_pattern,direction_not_encoded,partial,B,exact,A,upgraded_with_official_complete_pattern_evidence,official_json_routeId_routeSeq_stopSeq_complete_sequence,"{""candidate_count"":1,""official_stop_ids"":[""20012474"",""20001145"",""20012489"",""20001146"",""20012507"",""20004215"",""20001117"",""20012492""],""schedule_stop_ids"":[""20012474"",""20001145"",""20012489"",""20001146"",""20012507"",""20004215"",""20001117"",""20012492""]}",
line_gmb_2004827,gmb_2004827_2,2004827,2,2,10,10,1,one,True,True,False,official_route_sequence_exact_full_pattern,direction_not_encoded,partial,B,exact,A,upgraded_with_official_complete_pattern_evidence,official_json_routeId_routeSeq_stopSeq_complete_sequence,"{""candidate_count"":1,""official_stop_ids"":[""20001116"",""20000568"",""20012493"",""20012494"",""20001999"",""20002000"",""20002001"",""20002002"",""20012479"",""20012474""],""schedule_stop_ids"":[""20001116"",""20000568"",""20012493"",""20012494"",""20001999"",""20002000"",""20002001"",""20002002"",""20012479"",""20012474""]}",
line_gmb_2004828,gmb_2004828_1,2004828,1,1,11,11,1,one,True,True,False,official_route_sequence_exact_full_pattern,direction_not_encoded,partial,B,exact,A,upgraded_with_official_complete_pattern_evidence,official_json_routeId_routeSeq_stopSeq_complete_sequence,"{""candidate_count"":1,""official_stop_ids"":[""20013011"",""20001142"",""20012487"",""20012506"",""20001145"",""20012489"",""20001146"",""20012507"",""20004215"",""20001117"",""20012492""],""schedule_stop_ids"":[""20013011"",""20001142"",""20012487"",""20012506"",""20001145"",""20012489"",""20001146"",""20012507"",""20004215"",""20001117"",""20012492""]}",
line_gmb_2004857,gmb_2004857_1,2004857,1,1,21,21,1,one,True,True,False,official_route_sequence_exact_full_pattern,direction_not_encoded,partial,B,exact,A,upgraded_with_official_complete_pattern_evidence,official_json_routeId_routeSeq_stopSeq_complete_sequence,"{""candidate_count"":1,""official_stop_ids"":[""20012075"",""20012076"",""20012077"",""20012078"",""20012079"",""20012080"",""20012083"",""20012084"",""20012085"",""20012086"",""20012087"",""20012571"",""20012089"",""20012090"",""20012091"",""20012538"",""20012093"",""20012094"",""20012095"",""20012096"",""20012539""],""schedule_stop_ids"":[""20012075"",""20012076"",""20012077"",""20012078"",""20012079"",""20012080"",""20012083"",""20012084"",""20012085"",""20012086"",""20012087"",""20012571"",""20012089"",""20012090"",""20012091"",""20012538"",""20012093"",""20012094"",""20012095"",""20012096"",""20012539""]}",
line_gmb_2004891,gmb_2004891_1,2004891,1,1,2,2,1,one,True,True,False,official_route_sequence_exact_full_pattern,direction_not_encoded,partial,B,exact,A,upgraded_with_official_complete_pattern_evidence,official_json_routeId_routeSeq_stopSeq_complete_sequence,"{""candidate_count"":1,""official_stop_ids"":[""20002263"",""20012572""],""schedule_stop_ids"":[""20002263"",""20012572""]}",
line_gmb_2004891,gmb_2004891_2,2004891,2,2,4,4,1,one,True,True,False,official_route_sequence_exact_full_pattern,direction_not_encoded,partial,B,exact,A,upgraded_with_official_complete_pattern_evidence,official_json_routeId_routeSeq_stopSeq_complete_sequence,"{""candidate_count"":1,""official_stop_ids"":[""20012574"",""20002281"",""20002298"",""20002263""],""schedule_stop_ids"":[""20012574"",""20002281"",""20002298"",""20002263""]}",
line_gmb_2004892,gmb_2004892_1,2004892,1,1,15,15,1,one,True,True,False,official_route_sequence_exact_full_pattern,direction_not_encoded,partial,B,exact,A,upgraded_with_official_complete_pattern_evidence,official_json_routeId_routeSeq_stopSeq_complete_sequence,"{""candidate_count"":1,""official_stop_ids"":[""20001234"",""20001235"",""20012575"",""20012576"",""20019666"",""20002226"",""20002288"",""20002228"",""20012418"",""20002289"",""20002290"",""20012419"",""20012420"",""20002293"",""20002257""],""schedule_stop_ids"":[""20001234"",""20001235"",""20012575"",""20012576"",""20019666"",""20002226"",""20002288"",""20002228"",""20012418"",""20002289"",""20002290"",""20012419"",""20012420"",""20002293"",""20002257""]}",
line_gmb_2004893,gmb_2004893_1,2004893,1,1,13,13,1,one,True,True,False,official_route_sequence_exact_full_pattern,direction_not_encoded,partial,B,exact,A,upgraded_with_official_complete_pattern_evidence,official_json_routeId_routeSeq_stopSeq_complete_sequence,"{""candidate_count"":1,""official_stop_ids"":[""20012575"",""20012576"",""20019666"",""20002226"",""20002288"",""20002228"",""20012418"",""20002289"",""20002290"",""20012419"",""20012420"",""20002293"",""20002257""],""schedule_stop_ids"":[""20012575"",""20012576"",""20019666"",""20002226"",""20002288"",""20002228"",""20012418"",""20002289"",""20002290"",""20012419"",""20012420"",""20002293"",""20002257""]}",
line_gmb_2004923,gmb_2004923_1,2004923,1,1,12,12,1,one,True,True,False,official_route_sequence_exact_full_pattern,direction_not_encoded,partial,B,exact,A,upgraded_with_official_complete_pattern_evidence,official_json_routeId_routeSeq_stopSeq_complete_sequence,"{""candidate_count"":1,""official_stop_ids"":[""20012637"",""20002419"",""20001389"",""20012638"",""20012639"",""20012640"",""20012641"",""20012642"",""20001355"",""20001356"",""20001357"",""20012938""],""schedule_stop_ids"":[""20012637"",""20002419"",""20001389"",""20012638"",""20012639"",""20012640"",""20012641"",""20012642"",""20001355"",""20001356"",""20001357"",""20012938""]}",
line_gmb_2004923,gmb_2004923_2,2004923,2,2,9,9,1,one,True,True,False,official_route_sequence_exact_full_pattern,direction_not_encoded,partial,B,exact,A,upgraded_with_official_complete_pattern_evidence,official_json_routeId_routeSeq_stopSeq_complete_sequence,"{""candidate_count"":1,""official_stop_ids"":[""20012938"",""20012643"",""20012644"",""20002430"",""20012645"",""20012646"",""20012647"",""20001379"",""20012637""],""schedule_stop_ids"":[""20012938"",""20012643"",""20012644"",""20002430"",""20012645"",""20012646"",""20012647"",""20001379"",""20012637""]}",
line_gmb_2004956,gmb_2004956_1,2004956,1,1,17,17,1,one,True,True,False,official_route_sequence_exact_full_pattern,direction_not_encoded,partial,B,exact,A,upgraded_with_official_complete_pattern_evidence,official_json_routeId_routeSeq_stopSeq_complete_sequence,"{""candidate_count"":1,""official_stop_ids"":[""20012670"",""20022900"",""20012671"",""20010690"",""20001305"",""20001306"",""20001308"",""20001310"",""20001311"",""20001312"",""20001338"",""20001322"",""20001323"",""20001324"",""20001325"",""20001326"",""20012672""],""schedule_stop_ids"":[""20012670"",""20022900"",""20012671"",""20010690"",""20001305"",""20001306"",""20001308"",""20001310"",""20001311"",""20001312"",""20001338"",""20001322"",""20001323"",""20001324"",""20001325"",""20001326"",""20012672""]}",
line_gmb_2004989,gmb_2004989_1,2004989,1,1,25,25,1,one,True,True,False,official_route_sequence_exact_full_pattern,direction_not_encoded,partial,B,exact,A,upgraded_with_official_complete_pattern_evidence,official_json_routeId_routeSeq_stopSeq_complete_sequence,"{""candidate_count"":1,""official_stop_ids"":[""20012703"",""20012704"",""20006005"",""20001093"",""20012705"",""20000603"",""20012706"",""20012707"",""20000821"",""20000604"",""20012708"",""20000594"",""20012709"",""20000596"",""20012710"",""20000607"",""20020183"",""20012711"",""20012712"",""20000824"",""20012713"",""20000968"",""20020184"",""20000969"",""20012714""],""schedule_stop_ids"":[""20012703"",""20012704"",""20006005"",""20001093"",""20012705"",""20000603"",""20012706"",""20012707"",""20000821"",""20000604"",""20012708"",""20000594"",""20012709"",""20000596"",""20012710"",""20000607"",""20020183"",""20012711"",""20012712"",""20000824"",""20012713"",""20000968"",""20020184"",""20000969"",""20012714""]}",
line_gmb_2004990,gmb_2004990_1,2004990,1,1,7,7,1,one,True,True,False,official_route_sequence_exact_full_pattern,direction_not_encoded,partial,B,exact,A,upgraded_with_official_complete_pattern_evidence,official_json_routeId_routeSeq_stopSeq_complete_sequence,"{""candidate_count"":1,""official_stop_ids"":[""20012703"",""20012704"",""20006005"",""20012715"",""20012716"",""20002740"",""20000615""],""schedule_stop_ids"":[""20012703"",""20012704"",""20006005"",""20012715"",""20012716"",""20002740"",""20000615""]}",
line_gmb_2004990,gmb_2004990_2,2004990,2,2,6,6,1,one,True,True,False,official_route_sequence_exact_full_pattern,direction_not_encoded,partial,B,exact,A,upgraded_with_official_complete_pattern_evidence,official_json_routeId_routeSeq_stopSeq_complete_sequence,"{""candidate_count"":1,""official_stop_ids"":[""20000615"",""20012717"",""20012718"",""20012719"",""20012720"",""20012714""],""schedule_stop_ids"":[""20000615"",""20012717"",""20012718"",""20012719"",""20012720"",""20012714""]}",
line_gmb_2005022,gmb_2005022_1,2005022,1,1,4,4,1,one,True,True,False,official_route_sequence_exact_full_pattern,direction_not_encoded,partial,B,exact,A,upgraded_with_official_complete_pattern_evidence,official_json_routeId_routeSeq_stopSeq_complete_sequence,"{""candidate_count"":1,""official_stop_ids"":[""20012318"",""20012316"",""20012317"",""20012307""],""schedule_stop_ids"":[""20012318"",""20012316"",""20012317"",""20012307""]}",
line_gmb_2005055,gmb_2005055_1,2005055,1,1,6,6,1,one,True,True,False,official_route_sequence_exact_full_pattern,direction_not_encoded,partial,B,exact,A,upgraded_with_official_complete_pattern_evidence,official_json_routeId_routeSeq_stopSeq_complete_sequence,"{""candidate_count"":1,""official_stop_ids"":[""20012769"",""20012770"",""20012771"",""20012772"",""20012773"",""20012774""],""schedule_stop_ids"":[""20012769"",""20012770"",""20012771"",""20012772"",""20012773"",""20012774""]}",
line_gmb_2005055,gmb_2005055_2,2005055,2,2,4,4,1,one,True,True,False,official_route_sequence_exact_full_pattern,direction_not_encoded,partial,B,exact,A,upgraded_with_official_complete_pattern_evidence,official_json_routeId_routeSeq_stopSeq_complete_sequence,"{""candidate_count"":1,""official_stop_ids"":[""20012774"",""20012775"",""20012776"",""20012769""],""schedule_stop_ids"":[""20012774"",""20012775"",""20012776"",""20012769""]}",
line_gmb_2005056,gmb_2005056_1,2005056,1,1,10,10,1,one,True,True,False,official_route_sequence_exact_full_pattern,direction_not_encoded,partial,B,exact,A,upgraded_with_official_complete_pattern_evidence,official_json_routeId_routeSeq_stopSeq_complete_sequence,"{""candidate_count"":1,""official_stop_ids"":[""20012777"",""20022834"",""20012778"",""20012779"",""20019171"",""20019336"",""20012780"",""20019138"",""20019139"",""20001658""],""schedule_stop_ids"":[""20012777"",""20022834"",""20012778"",""20012779"",""20019171"",""20019336"",""20012780"",""20019138"",""20019139"",""20001658""]}",
line_gmb_2005056,gmb_2005056_2,2005056,2,2,7,7,1,one,True,True,False,official_route_sequence_exact_full_pattern,direction_not_encoded,partial,B,exact,A,upgraded_with_official_complete_pattern_evidence,official_json_routeId_routeSeq_stopSeq_complete_sequence,"{""candidate_count"":1,""official_stop_ids"":[""20001658"",""20001672"",""20019336"",""20012781"",""20012782"",""20022834"",""20012777""],""schedule_stop_ids"":[""20001658"",""20001672"",""20019336"",""20012781"",""20012782"",""20022834"",""20012777""]}",
line_gmb_2005088,gmb_2005088_1,2005088,1,1,6,6,1,one,True,True,False,official_route_sequence_exact_full_pattern,direction_not_encoded,partial,B,exact,A,upgraded_with_official_complete_pattern_evidence,official_json_routeId_routeSeq_stopSeq_complete_sequence,"{""candidate_count"":1,""official_stop_ids"":[""20012802"",""20001757"",""20012803"",""20012804"",""20011992"",""20012805""],""schedule_stop_ids"":[""20012802"",""20001757"",""20012803"",""20012804"",""20011992"",""20012805""]}",
line_gmb_2005088,gmb_2005088_2,2005088,2,2,7,7,1,one,True,True,False,official_route_sequence_exact_full_pattern,direction_not_encoded,partial,B,exact,A,upgraded_with_official_complete_pattern_evidence,official_json_routeId_routeSeq_stopSeq_complete_sequence,"{""candidate_count"":1,""official_stop_ids"":[""20012805"",""20012806"",""20012807"",""20012808"",""20001759"",""20001726"",""20012802""],""schedule_stop_ids"":[""20012805"",""20012806"",""20012807"",""20012808"",""20001759"",""20001726"",""20012802""]}",
line_gmb_2005121,gmb_2005121_1,2005121,1,1,5,5,1,one,True,True,False,official_route_sequence_exact_full_pattern,direction_not_encoded,partial,B,exact,A,upgraded_with_official_complete_pattern_evidence,official_json_routeId_routeSeq_stopSeq_complete_sequence,"{""candidate_count"":1,""official_stop_ids"":[""20012809"",""20012810"",""20012804"",""20011987"",""20012805""],""schedule_stop_ids"":[""20012809"",""20012810"",""20012804"",""20011987"",""20012805""]}",
line_gmb_2005121,gmb_2005121_2,2005121,2,2,7,7,1,one,True,True,False,official_route_sequence_exact_full_pattern,direction_not_encoded,partial,B,exact,A,upgraded_with_official_complete_pattern_evidence,official_json_routeId_routeSeq_stopSeq_complete_sequence,"{""candidate_count"":1,""official_stop_ids"":[""20012805"",""20012806"",""20012807"",""20020273"",""20012808"",""20012811"",""20012809""],""schedule_stop_ids"":[""20012805"",""20012806"",""20012807"",""20020273"",""20012808"",""20012811"",""20012809""]}",
line_gmb_2005122,gmb_2005122_1,2005122,1,1,9,9,1,one,True,True,False,official_route_sequence_exact_full_pattern,direction_not_encoded,partial,B,exact,A,upgraded_with_official_complete_pattern_evidence,official_json_routeId_routeSeq_stopSeq_complete_sequence,"{""candidate_count"":1,""official_stop_ids"":[""20012812"",""20003174"",""20012813"",""20012814"",""20012815"",""20012816"",""20012817"",""20012818"",""20012819""],""schedule_stop_ids"":[""20012812"",""20003174"",""20012813"",""20012814"",""20012815"",""20012816"",""20012817"",""20012818"",""20012819""]}",
line_gmb_2005155,gmb_2005155_1,2005155,1,1,12,12,1,one,True,True,False,official_route_sequence_exact_full_pattern,direction_not_encoded,partial,B,exact,A,upgraded_with_official_complete_pattern_evidence,official_json_routeId_routeSeq_stopSeq_complete_sequence,"{""candidate_count"":1,""official_stop_ids"":[""20012812"",""20003225"",""20012820"",""20003176"",""20003174"",""20012813"",""20012814"",""20012815"",""20012816"",""20012817"",""20012818"",""20012819""],""schedule_stop_ids"":[""20012812"",""20003225"",""20012820"",""20003176"",""20003174"",""20012813"",""20012814"",""20012815"",""20012816"",""20012817"",""20012818"",""20012819""]}",
line_gmb_2005187,gmb_2005187_1,2005187,1,1,9,9,1,one,True,True,False,official_route_sequence_exact_full_pattern,direction_not_encoded,partial,B,exact,A,upgraded_with_official_complete_pattern_evidence,official_json_routeId_routeSeq_stopSeq_complete_sequence,"{""candidate_count"":1,""official_stop_ids"":[""20012835"",""20003049"",""20012836"",""20012837"",""20012838"",""20012839"",""20012840"",""20012841"",""20012842""],""schedule_stop_ids"":[""20012835"",""20003049"",""20012836"",""20012837"",""20012838"",""20012839"",""20012840"",""20012841"",""20012842""]}",
line_gmb_2005220,gmb_2005220_1,2005220,1,1,20,20,1,one,True,True,False,official_route_sequence_exact_full_pattern,direction_not_encoded,partial,B,exact,A,upgraded_with_official_complete_pattern_evidence,official_json_routeId_routeSeq_stopSeq_complete_sequence,"{""candidate_count"":1,""official_stop_ids"":[""20012868"",""20002391"",""20012869"",""20000240"",""20007038"",""20004605"",""20003145"",""20008144"",""20012871"",""20004576"",""20008118"",""20003314"",""20004578"",""20000281"",""20000282"",""20000283"",""20012872"",""20012873"",""20012874"",""20000253""],""schedule_stop_ids"":[""20012868"",""20002391"",""20012869"",""20000240"",""20007038"",""20004605"",""20003145"",""20008144"",""20012871"",""20004576"",""20008118"",""20003314"",""20004578"",""20000281"",""20000282"",""20000283"",""20012872"",""20012873"",""20012874"",""20000253""]}",
line_gmb_2005220,gmb_2005220_2,2005220,2,2,25,25,1,one,True,True,False,official_route_sequence_exact_full_pattern,direction_not_encoded,partial,B,exact,A,upgraded_with_official_complete_pattern_evidence,official_json_routeId_routeSeq_stopSeq_complete_sequence,"{""candidate_count"":1,""official_stop_ids"":[""20000253"",""20004600"",""20012876"",""20000247"",""20000248"",""20000249"",""20008124"",""20006938"",""20008125"",""20008126"",""20012877"",""20008128"",""20012878"",""20008117"",""20004603"",""20000251"",""20004604"",""20012879"",""20012880"",""20011729"",""20012881"",""20000169"",""20011599"",""20012882"",""20012868""],""schedule_stop_ids"":[""20000253"",""20004600"",""20012876"",""20000247"",""20000248"",""20000249"",""20008124"",""20006938"",""20008125"",""20008126"",""20012877"",""20008128"",""20012878"",""20008117"",""20004603"",""20000251"",""20004604"",""20012879"",""20012880"",""20011729"",""20012881"",""20000169"",""20011599"",""20012882"",""20012868""]}",
line_gmb_2005221,gmb_2005221_1,2005221,1,1,4,4,1,one,True,True,False,official_route_sequence_exact_full_pattern,direction_not_encoded,partial,B,exact,A,upgraded_with_official_complete_pattern_evidence,official_json_routeId_routeSeq_stopSeq_complete_sequence,"{""candidate_count"":1,""official_stop_ids"":[""20012875"",""20001199"",""20001220"",""20001193""],""schedule_stop_ids"":[""20012875"",""20001199"",""20001220"",""20001193""]}",
line_gmb_2005222,gmb_2005222_1,2005222,1,1,19,19,1,one,True,True,False,official_route_sequence_exact_full_pattern,direction_not_encoded,partial,B,exact,A,upgraded_with_official_complete_pattern_evidence,official_json_routeId_routeSeq_stopSeq_complete_sequence,"{""candidate_count"":1,""official_stop_ids"":[""20012883"",""20012884"",""20001217"",""20012940"",""20001219"",""20001220"",""20012941"",""20002571"",""20006553"",""20001222"",""20001224"",""20012890"",""20008787"",""20012887"",""20002523"",""20001243"",""20012892"",""20012943"",""20012939""],""schedule_stop_ids"":[""20012883"",""20012884"",""20001217"",""20012940"",""20001219"",""20001220"",""20012941"",""20002571"",""20006553"",""20001222"",""20001224"",""20012890"",""20008787"",""20012887"",""20002523"",""20001243"",""20012892"",""20012943"",""20012939""]}",
line_gmb_2005253,gmb_2005253_1,2005253,1,1,17,17,1,one,True,True,False,official_route_sequence_exact_full_pattern,direction_not_encoded,partial,B,exact,A,upgraded_with_official_complete_pattern_evidence,official_json_routeId_routeSeq_stopSeq_complete_sequence,"{""candidate_count"":1,""official_stop_ids"":[""20012901"",""20012902"",""20001217"",""20001218"",""20001219"",""20001220"",""20001221"",""20001209"",""20006553"",""20001222"",""20001224"",""20001225"",""20001226"",""20001227"",""20001228"",""20001229"",""20012903""],""schedule_stop_ids"":[""20012901"",""20012902"",""20001217"",""20001218"",""20001219"",""20001220"",""20001221"",""20001209"",""20006553"",""20001222"",""20001224"",""20001225"",""20001226"",""20001227"",""20001228"",""20001229"",""20012903""]}",
line_gmb_2005253,gmb_2005253_2,2005253,2,2,14,14,1,one,True,True,False,official_route_sequence_exact_full_pattern,direction_not_encoded,partial,B,exact,A,upgraded_with_official_complete_pattern_evidence,official_json_routeId_routeSeq_stopSeq_complete_sequence,"{""candidate_count"":1,""official_stop_ids"":[""20012903"",""20012904"",""20012905"",""20001235"",""20012906"",""20012907"",""20012908"",""20008783"",""20012887"",""20012910"",""20001243"",""20001244"",""20001245"",""20012901""],""schedule_stop_ids"":[""20012903"",""20012904"",""20012905"",""20001235"",""20012906"",""20012907"",""20012908"",""20008783"",""20012887"",""20012910"",""20001243"",""20001244"",""20001245"",""20012901""]}",
line_gmb_2005254,gmb_2005254_1,2005254,1,1,12,12,1,one,True,True,False,official_route_sequence_exact_full_pattern,direction_not_encoded,partial,B,exact,A,upgraded_with_official_complete_pattern_evidence,official_json_routeId_routeSeq_stopSeq_complete_sequence,"{""candidate_count"":1,""official_stop_ids"":[""20012905"",""20001235"",""20012906"",""20012907"",""20001238"",""20001239"",""20012887"",""20012910"",""20012911"",""20001244"",""20001245"",""20012901""],""schedule_stop_ids"":[""20012905"",""20001235"",""20012906"",""20012907"",""20001238"",""20001239"",""20012887"",""20012910"",""20012911"",""20001244"",""20001245"",""20012901""]}",
line_gmb_2005286,gmb_2005286_1,2005286,1,1,29,29,1,one,True,True,False,official_route_sequence_exact_full_pattern,direction_not_encoded,partial,B,exact,A,upgraded_with_official_complete_pattern_evidence,official_json_routeId_routeSeq_stopSeq_complete_sequence,"{""candidate_count"":1,""official_stop_ids"":[""20000253"",""20004600"",""20012876"",""20000247"",""20000248"",""20000249"",""20008124"",""20006938"",""20008125"",""20008126"",""20012877"",""20008128"",""20012871"",""20008117"",""20004603"",""20000251"",""20004604"",""20012879"",""20012880"",""20002735"",""20012881"",""20000169"",""20011599"",""20011646"",""20012934"",""20012935"",""20012936"",""20012937"",""20012868""],""schedule_stop_ids"":[""20000253"",""20004600"",""20012876"",""20000247"",""20000248"",""20000249"",""20008124"",""20006938"",""20008125"",""20008126"",""20012877"",""20008128"",""20012871"",""20008117"",""20004603"",""20000251"",""20004604"",""20012879"",""20012880"",""20002735"",""20012881"",""20000169"",""20011599"",""20011646"",""20012934"",""20012935"",""20012936"",""20012937"",""20012868""]}",
line_gmb_2005287,gmb_2005287_1,2005287,1,1,22,22,1,one,True,True,False,official_route_sequence_exact_full_pattern,direction_not_encoded,partial,B,exact,A,upgraded_with_official_complete_pattern_evidence,official_json_routeId_routeSeq_stopSeq_complete_sequence,"{""candidate_count"":1,""official_stop_ids"":[""20000247"",""20000248"",""20000249"",""20008124"",""20006938"",""20008125"",""20008126"",""20012877"",""20008128"",""20012878"",""20008117"",""20004603"",""20000251"",""20004604"",""20012879"",""20012880"",""20011729"",""20012881"",""20000169"",""20011599"",""20012882"",""20012868""],""schedule_stop_ids"":[""20000247"",""20000248"",""20000249"",""20008124"",""20006938"",""20008125"",""20008126"",""20012877"",""20008128"",""20012878"",""20008117"",""20004603"",""20000251"",""20004604"",""20012879"",""20012880"",""20011729"",""20012881"",""20000169"",""20011599"",""20012882"",""20012868""]}",
line_gmb_2005288,gmb_2005288_1,2005288,1,1,23,23,1,one,True,True,False,official_route_sequence_exact_full_pattern,direction_not_encoded,partial,B,exact,A,upgraded_with_official_complete_pattern_evidence,official_json_routeId_routeSeq_stopSeq_complete_sequence,"{""candidate_count"":1,""official_stop_ids"":[""20012876"",""20000247"",""20000248"",""20000249"",""20008124"",""20006938"",""20008125"",""20008126"",""20012877"",""20008128"",""20012878"",""20008117"",""20004603"",""20000251"",""20004604"",""20012879"",""20012880"",""20011729"",""20012881"",""20000169"",""20011599"",""20012882"",""20012868""],""schedule_stop_ids"":[""20012876"",""20000247"",""20000248"",""20000249"",""20008124"",""20006938"",""20008125"",""20008126"",""20012877"",""20008128"",""20012878"",""20008117"",""20004603"",""20000251"",""20004604"",""20012879"",""20012880"",""20011729"",""20012881"",""20000169"",""20011599"",""20012882"",""20012868""]}",
line_gmb_2005289,gmb_2005289_1,2005289,1,1,11,11,1,one,True,True,False,official_route_sequence_exact_full_pattern,direction_not_encoded,partial,B,exact,A,upgraded_with_official_complete_pattern_evidence,official_json_routeId_routeSeq_stopSeq_complete_sequence,"{""candidate_count"":1,""official_stop_ids"":[""20012944"",""20012945"",""20020557"",""20012946"",""20000234"",""20004567"",""20004568"",""20012947"",""20012948"",""20012949"",""20012950""],""schedule_stop_ids"":[""20012944"",""20012945"",""20020557"",""20012946"",""20000234"",""20004567"",""20004568"",""20012947"",""20012948"",""20012949"",""20012950""]}",
line_gmb_2005290,gmb_2005290_1,2005290,1,1,15,15,1,one,True,True,False,official_route_sequence_exact_full_pattern,direction_not_encoded,partial,B,exact,A,upgraded_with_official_complete_pattern_evidence,official_json_routeId_routeSeq_stopSeq_complete_sequence,"{""candidate_count"":1,""official_stop_ids"":[""20012944"",""20012945"",""20020557"",""20012946"",""20000157"",""20012951"",""20012952"",""20012953"",""20011613"",""20012954"",""20002495"",""20012255"",""20012258"",""20003084"",""20012956""],""schedule_stop_ids"":[""20012944"",""20012945"",""20020557"",""20012946"",""20000157"",""20012951"",""20012952"",""20012953"",""20011613"",""20012954"",""20002495"",""20012255"",""20012258"",""20003084"",""20012956""]}",
line_gmb_2005290,gmb_2005290_2,2005290,2,2,10,10,1,one,True,True,False,official_route_sequence_exact_full_pattern,direction_not_encoded,partial,B,exact,A,upgraded_with_official_complete_pattern_evidence,official_json_routeId_routeSeq_stopSeq_complete_sequence,"{""candidate_count"":1,""official_stop_ids"":[""20012956"",""20011592"",""20006906"",""20012957"",""20012958"",""20012951"",""20012952"",""20012953"",""20012949"",""20012944""],""schedule_stop_ids"":[""20012956"",""20011592"",""20006906"",""20012957"",""20012958"",""20012951"",""20012952"",""20012953"",""20012949"",""20012944""]}",
line_gmb_2005291,gmb_2005291_1,2005291,1,1,16,16,1,one,True,True,False,official_route_sequence_exact_full_pattern,direction_not_encoded,partial,B,exact,A,upgraded_with_official_complete_pattern_evidence,official_json_routeId_routeSeq_stopSeq_complete_sequence,"{""candidate_count"":1,""official_stop_ids"":[""20012959"",""20003567"",""20000302"",""20012960"",""20012961"",""20012962"",""20012963"",""20012964"",""20012965"",""20012966"",""20000325"",""20012967"",""20006946"",""20012968"",""20012970"",""20012969""],""schedule_stop_ids"":[""20012959"",""20003567"",""20000302"",""20012960"",""20012961"",""20012962"",""20012963"",""20012964"",""20012965"",""20012966"",""20000325"",""20012967"",""20006946"",""20012968"",""20012970"",""20012969""]}",
line_gmb_2005292,gmb_2005292_1,2005292,1,1,14,14,1,one,True,True,False,official_route_sequence_exact_full_pattern,direction_not_encoded,partial,B,exact,A,upgraded_with_official_complete_pattern_evidence,official_json_routeId_routeSeq_stopSeq_complete_sequence,"{""candidate_count"":1,""official_stop_ids"":[""20012959"",""20003567"",""20000302"",""20012960"",""20012961"",""20012962"",""20012963"",""20012964"",""20012965"",""20012966"",""20000325"",""20012967"",""20012970"",""20012969""],""schedule_stop_ids"":[""20012959"",""20003567"",""20000302"",""20012960"",""20012961"",""20012962"",""20012963"",""20012964"",""20012965"",""20012966"",""20000325"",""20012967"",""20012970"",""20012969""]}",
line_gmb_2005293,gmb_2005293_1,2005293,1,1,18,18,1,one,True,True,False,official_route_sequence_exact_full_pattern,direction_not_encoded,partial,B,exact,A,upgraded_with_official_complete_pattern_evidence,official_json_routeId_routeSeq_stopSeq_complete_sequence,"{""candidate_count"":1,""official_stop_ids"":[""20012971"",""20012972"",""20012973"",""20012974"",""20012975"",""20012976"",""20012977"",""20012978"",""20020425"",""20003431"",""20012980"",""20012981"",""20012982"",""20012983"",""20000398"",""20012984"",""20012985"",""20012971""],""schedule_stop_ids"":[""20012971"",""20012972"",""20012973"",""20012974"",""20012975"",""20012976"",""20012977"",""20012978"",""20020425"",""20003431"",""20012980"",""20012981"",""20012982"",""20012983"",""20000398"",""20012984"",""20012985"",""20012971""]}",
line_gmb_2005294,gmb_2005294_1,2005294,1,1,13,13,1,one,True,True,False,official_route_sequence_exact_full_pattern,direction_not_encoded,partial,B,exact,A,upgraded_with_official_complete_pattern_evidence,official_json_routeId_routeSeq_stopSeq_complete_sequence,"{""candidate_count"":1,""official_stop_ids"":[""20012971"",""20012972"",""20012973"",""20012974"",""20012975"",""20012976"",""20012977"",""20012978"",""20012983"",""20000398"",""20012984"",""20012985"",""20012971""],""schedule_stop_ids"":[""20012971"",""20012972"",""20012973"",""20012974"",""20012975"",""20012976"",""20012977"",""20012978"",""20012983"",""20000398"",""20012984"",""20012985"",""20012971""]}",
line_gmb_2005295,gmb_2005295_1,2005295,1,1,11,11,1,one,True,True,False,official_route_sequence_exact_full_pattern,direction_not_encoded,partial,B,exact,A,upgraded_with_official_complete_pattern_evidence,official_json_routeId_routeSeq_stopSeq_complete_sequence,"{""candidate_count"":1,""official_stop_ids"":[""20012985"",""20012986"",""20012987"",""20012988"",""20012989"",""20012990"",""20000215"",""20002787"",""20012991"",""20012992"",""20012985""],""schedule_stop_ids"":[""20012985"",""20012986"",""20012987"",""20012988"",""20012989"",""20012990"",""20000215"",""20002787"",""20012991"",""20012992"",""20012985""]}",
line_gmb_2005319,gmb_2005319_1,2005319,1,1,14,14,1,one,True,True,False,official_route_sequence_exact_full_pattern,direction_not_encoded,partial,B,exact,A,upgraded_with_official_complete_pattern_evidence,official_json_routeId_routeSeq_stopSeq_complete_sequence,"{""candidate_count"":1,""official_stop_ids"":[""20013000"",""20017521"",""20017522"",""20017523"",""20021712"",""20012995"",""20012996"",""20001115"",""20012997"",""20020031"",""20012998"",""20012999"",""20021713"",""20013000""],""schedule_stop_ids"":[""20013000"",""20017521"",""20017522"",""20017523"",""20021712"",""20012995"",""20012996"",""20001115"",""20012997"",""20020031"",""20012998"",""20012999"",""20021713"",""20013000""]}",
line_gmb_2005322,gmb_2005322_1,2005322,1,1,8,8,1,one,True,True,False,official_route_sequence_exact_full_pattern,direction_not_encoded,partial,B,exact,A,upgraded_with_official_complete_pattern_evidence,official_json_routeId_routeSeq_stopSeq_complete_sequence,"{""candidate_count"":1,""official_stop_ids"":[""20001384"",""20003205"",""20012274"",""20013004"",""20013005"",""20013006"",""20013007"",""20013008""],""schedule_stop_ids"":[""20001384"",""20003205"",""20012274"",""20013004"",""20013005"",""20013006"",""20013007"",""20013008""]}",
line_gmb_2005322,gmb_2005322_2,2005322,2,2,8,8,1,one,True,True,False,official_route_sequence_exact_full_pattern,direction_not_encoded,partial,B,exact,A,upgraded_with_official_complete_pattern_evidence,official_json_routeId_routeSeq_stopSeq_complete_sequence,"{""candidate_count"":1,""official_stop_ids"":[""20013008"",""20013007"",""20013005"",""20013009"",""20012281"",""20020722"",""20007525"",""20001384""],""schedule_stop_ids"":[""20013008"",""20013007"",""20013005"",""20013009"",""20012281"",""20020722"",""20007525"",""20001384""]}",
line_gmb_2005323,gmb_2005323_1,2005323,1,1,8,8,1,one,True,True,False,official_route_sequence_exact_full_pattern,direction_not_encoded,partial,B,exact,A,upgraded_with_official_complete_pattern_evidence,official_json_routeId_routeSeq_stopSeq_complete_sequence,"{""candidate_count"":1,""official_stop_ids"":[""20001384"",""20003205"",""20012274"",""20013004"",""20013005"",""20013006"",""20013014"",""20013015""],""schedule_stop_ids"":[""20001384"",""20003205"",""20012274"",""20013004"",""20013005"",""20013006"",""20013014"",""20013015""]}",
line_gmb_2005323,gmb_2005323_2,2005323,2,2,8,8,1,one,True,True,False,official_route_sequence_exact_full_pattern,direction_not_encoded,partial,B,exact,A,upgraded_with_official_complete_pattern_evidence,official_json_routeId_routeSeq_stopSeq_complete_sequence,"{""candidate_count"":1,""official_stop_ids"":[""20013015"",""20013032"",""20013005"",""20013009"",""20012281"",""20020722"",""20007525"",""20001384""],""schedule_stop_ids"":[""20013015"",""20013032"",""20013005"",""20013009"",""20012281"",""20020722"",""20007525"",""20001384""]}",
line_gmb_2005325,gmb_2005325_1,2005325,1,1,4,4,1,one,True,True,False,official_route_sequence_exact_full_pattern,direction_not_encoded,partial,B,exact,A,upgraded_with_official_complete_pattern_evidence,official_json_routeId_routeSeq_stopSeq_complete_sequence,"{""candidate_count"":1,""official_stop_ids"":[""20001384"",""20012274"",""20013048"",""20013034""],""schedule_stop_ids"":[""20001384"",""20012274"",""20013048"",""20013034""]}",
line_gmb_2005325,gmb_2005325_2,2005325,2,2,5,5,1,one,True,True,False,official_route_sequence_exact_full_pattern,direction_not_encoded,partial,B,exact,A,upgraded_with_official_complete_pattern_evidence,official_json_routeId_routeSeq_stopSeq_complete_sequence,"{""candidate_count"":1,""official_stop_ids"":[""20013034"",""20013033"",""20012281"",""20007525"",""20001384""],""schedule_stop_ids"":[""20013034"",""20013033"",""20012281"",""20007525"",""20001384""]}",
line_gmb_2005326,gmb_2005326_1,2005326,1,1,9,9,1,one,True,True,False,official_route_sequence_exact_full_pattern,direction_not_encoded,partial,B,exact,A,upgraded_with_official_complete_pattern_evidence,official_json_routeId_routeSeq_stopSeq_complete_sequence,"{""candidate_count"":1,""official_stop_ids"":[""20013035"",""20013036"",""20013037"",""20006624"",""20001571"",""20002253"",""20001572"",""20013038"",""20013039""],""schedule_stop_ids"":[""20013035"",""20013036"",""20013037"",""20006624"",""20001571"",""20002253"",""20001572"",""20013038"",""20013039""]}",
line_gmb_2005326,gmb_2005326_2,2005326,2,2,9,9,1,one,True,True,False,official_route_sequence_exact_full_pattern,direction_not_encoded,partial,B,exact,A,upgraded_with_official_complete_pattern_evidence,official_json_routeId_routeSeq_stopSeq_complete_sequence,"{""candidate_count"":1,""official_stop_ids"":[""20013039"",""20013040"",""20013041"",""20002260"",""20001582"",""20001581"",""20013042"",""20013043"",""20013035""],""schedule_stop_ids"":[""20013039"",""20013040"",""20013041"",""20002260"",""20001582"",""20001581"",""20013042"",""20013043"",""20013035""]}",
line_gmb_2005327,gmb_2005327_1,2005327,1,1,14,14,1,one,True,True,False,official_route_sequence_exact_full_pattern,direction_not_encoded,partial,B,exact,A,upgraded_with_official_complete_pattern_evidence,official_json_routeId_routeSeq_stopSeq_complete_sequence,"{""candidate_count"":1,""official_stop_ids"":[""20001384"",""20003205"",""20012274"",""20013004"",""20013005"",""20013048"",""20013045"",""20013034"",""20013033"",""20013005"",""20013009"",""20012281"",""20007525"",""20001384""],""schedule_stop_ids"":[""20001384"",""20003205"",""20012274"",""20013004"",""20013005"",""20013048"",""20013045"",""20013034"",""20013033"",""20013005"",""20013009"",""20012281"",""20007525"",""20001384""]}",
line_gmb_2005328,gmb_2005328_1,2005328,1,1,9,9,1,one,True,True,False,official_route_sequence_exact_full_pattern,direction_not_encoded,partial,B,exact,A,upgraded_with_official_complete_pattern_evidence,official_json_routeId_routeSeq_stopSeq_complete_sequence,"{""candidate_count"":1,""official_stop_ids"":[""20013044"",""20013037"",""20012399"",""20006624"",""20001571"",""20002253"",""20001572"",""20013038"",""20013039""],""schedule_stop_ids"":[""20013044"",""20013037"",""20012399"",""20006624"",""20001571"",""20002253"",""20001572"",""20013038"",""20013039""]}",
line_gmb_2005329,gmb_2005329_1,2005329,1,1,6,6,1,one,True,True,False,official_route_sequence_exact_full_pattern,direction_not_encoded,partial,B,exact,A,upgraded_with_official_complete_pattern_evidence,official_json_routeId_routeSeq_stopSeq_complete_sequence,"{""candidate_count"":1,""official_stop_ids"":[""20013035"",""20013036"",""20013037"",""20006624"",""20013042"",""20013046""],""schedule_stop_ids"":[""20013035"",""20013036"",""20013037"",""20006624"",""20013042"",""20013046""]}",
line_gmb_2005330,gmb_2005330_1,2005330,1,1,5,5,1,one,True,True,False,official_route_sequence_exact_full_pattern,direction_not_encoded,partial,B,exact,A,upgraded_with_official_complete_pattern_evidence,official_json_routeId_routeSeq_stopSeq_complete_sequence,"{""candidate_count"":1,""official_stop_ids"":[""20013047"",""20013036"",""20013037"",""20006624"",""20013042""],""schedule_stop_ids"":[""20013047"",""20013036"",""20013037"",""20006624"",""20013042""]}",
line_gmb_2005331,gmb_2005331_1,2005331,1,1,8,8,1,one,True,True,False,official_route_sequence_exact_full_pattern,direction_not_encoded,partial,B,exact,A,upgraded_with_official_complete_pattern_evidence,official_json_routeId_routeSeq_stopSeq_complete_sequence,"{""candidate_count"":1,""official_stop_ids"":[""20001384"",""20003205"",""20012274"",""20013004"",""20014650"",""20013048"",""20013049"",""20013050""],""schedule_stop_ids"":[""20001384"",""20003205"",""20012274"",""20013004"",""20014650"",""20013048"",""20013049"",""20013050""]}",
line_gmb_2005331,gmb_2005331_2,2005331,2,2,9,9,1,one,True,True,False,official_route_sequence_exact_full_pattern,direction_not_encoded,partial,B,exact,A,upgraded_with_official_complete_pattern_evidence,official_json_routeId_routeSeq_stopSeq_complete_sequence,"{""candidate_count"":1,""official_stop_ids"":[""20013050"",""20013054"",""20013055"",""20013033"",""20013005"",""20013009"",""20012281"",""20007525"",""20001384""],""schedule_stop_ids"":[""20013050"",""20013054"",""20013055"",""20013033"",""20013005"",""20013009"",""20012281"",""20007525"",""20001384""]}",
line_gmb_2005332,gmb_2005332_1,2005332,1,1,8,8,1,one,True,True,False,official_route_sequence_exact_full_pattern,direction_not_encoded,partial,B,exact,A,upgraded_with_official_complete_pattern_evidence,official_json_routeId_routeSeq_stopSeq_complete_sequence,"{""candidate_count"":1,""official_stop_ids"":[""20013035"",""20013036"",""20013044"",""20013051"",""20013052"",""20002258"",""20002327"",""20013053""],""schedule_stop_ids"":[""20013035"",""20013036"",""20013044"",""20013051"",""20013052"",""20002258"",""20002327"",""20013053""]}",
line_gmb_2005332,gmb_2005332_2,2005332,2,2,7,7,1,one,True,True,False,official_route_sequence_exact_full_pattern,direction_not_encoded,partial,B,exact,A,upgraded_with_official_complete_pattern_evidence,official_json_routeId_routeSeq_stopSeq_complete_sequence,"{""candidate_count"":1,""official_stop_ids"":[""20005007"",""20002261"",""20002273"",""20013056"",""20013044"",""20013057"",""20013058""],""schedule_stop_ids"":[""20005007"",""20002261"",""20002273"",""20013056"",""20013044"",""20013057"",""20013058""]}",
line_gmb_2005333,gmb_2005333_1,2005333,1,1,9,9,1,one,True,True,False,official_route_sequence_exact_full_pattern,direction_not_encoded,partial,B,exact,A,upgraded_with_official_complete_pattern_evidence,official_json_routeId_routeSeq_stopSeq_complete_sequence,"{""candidate_count"":1,""official_stop_ids"":[""20013054"",""20013050"",""20013055"",""20013033"",""20013005"",""20013009"",""20012281"",""20013059"",""20001384""],""schedule_stop_ids"":[""20013054"",""20013050"",""20013055"",""20013033"",""20013005"",""20013009"",""20012281"",""20013059"",""20001384""]}",
line_gmb_2005334,gmb_2005334_1,2005334,1,1,14,14,1,one,True,True,False,official_route_sequence_exact_full_pattern,direction_not_encoded,partial,B,exact,A,upgraded_with_official_complete_pattern_evidence,official_json_routeId_routeSeq_stopSeq_complete_sequence,"{""candidate_count"":1,""official_stop_ids"":[""20013035"",""20013036"",""20013051"",""20013052"",""20002258"",""20002327"",""20013060"",""20002261"",""20002273"",""20002257"",""20013056"",""20013044"",""20013057"",""20013046""],""schedule_stop_ids"":[""20013035"",""20013036"",""20013051"",""20013052"",""20002258"",""20002327"",""20013060"",""20002261"",""20002273"",""20002257"",""20013056"",""20013044"",""20013057"",""20013046""]}",
line_gmb_2005451,gmb_2005451_1,2005451,1,1,8,8,1,one,True,True,False,official_route_sequence_exact_full_pattern,direction_not_encoded,partial,B,exact,A,upgraded_with_official_complete_pattern_evidence,official_json_routeId_routeSeq_stopSeq_complete_sequence,"{""candidate_count"":1,""official_stop_ids"":[""20013297"",""20001113"",""20009421"",""20013298"",""20002601"",""20001172"",""20001162"",""20002597""],""schedule_stop_ids"":[""20013297"",""20001113"",""20009421"",""20013298"",""20002601"",""20001172"",""20001162"",""20002597""]}",
line_gmb_2005452,gmb_2005452_1,2005452,1,1,8,8,1,one,True,True,False,official_route_sequence_exact_full_pattern,direction_not_encoded,partial,B,exact,A,upgraded_with_official_complete_pattern_evidence,official_json_routeId_routeSeq_stopSeq_complete_sequence,"{""candidate_count"":1,""official_stop_ids"":[""20012444"",""20001113"",""20009421"",""20013298"",""20002601"",""20001172"",""20001162"",""20002597""],""schedule_stop_ids"":[""20012444"",""20001113"",""20009421"",""20013298"",""20002601"",""20001172"",""20001162"",""20002597""]}",
line_gmb_2005453,gmb_2005453_1,2005453,1,1,6,6,1,one,True,True,False,official_route_sequence_exact_full_pattern,direction_not_encoded,partial,B,exact,A,upgraded_with_official_complete_pattern_evidence,official_json_routeId_routeSeq_stopSeq_complete_sequence,"{""candidate_count"":1,""official_stop_ids"":[""20009421"",""20013298"",""20002601"",""20001172"",""20001162"",""20002597""],""schedule_stop_ids"":[""20009421"",""20013298"",""20002601"",""20001172"",""20001162"",""20002597""]}",
line_gmb_2005484,gmb_2005484_1,2005484,1,1,22,22,1,one,True,True,False,official_route_sequence_exact_full_pattern,direction_not_encoded,partial,B,exact,A,upgraded_with_official_complete_pattern_evidence,official_json_routeId_routeSeq_stopSeq_complete_sequence,"{""candidate_count"":1,""official_stop_ids"":[""20001193"",""20007678"",""20003029"",""20003346"",""20001242"",""20001196"",""20003423"",""20001197"",""20008257"",""20001245"",""20006552"",""20008259"",""20008260"",""20001467"",""20007652"",""20013396"",""20003421"",""20008277"",""20007654"",""20008278"",""20008279"",""20002566""],""schedule_stop_ids"":[""20001193"",""20007678"",""20003029"",""20003346"",""20001242"",""20001196"",""20003423"",""20001197"",""20008257"",""20001245"",""20006552"",""20008259"",""20008260"",""20001467"",""20007652"",""20013396"",""20003421"",""20008277"",""20007654"",""20008278"",""20008279"",""20002566""]}",
line_gmb_2005517,gmb_2005517_1,2005517,1,1,4,4,1,one,True,True,False,official_route_sequence_exact_full_pattern,direction_not_encoded,partial,B,exact,A,upgraded_with_official_complete_pattern_evidence,official_json_routeId_routeSeq_stopSeq_complete_sequence,"{""candidate_count"":1,""official_stop_ids"":[""20013462"",""20013870"",""20013463"",""20013464""],""schedule_stop_ids"":[""20013462"",""20013870"",""20013463"",""20013464""]}",
line_gmb_2005517,gmb_2005517_2,2005517,2,2,6,6,1,one,True,True,False,official_route_sequence_exact_full_pattern,direction_not_encoded,partial,B,exact,A,upgraded_with_official_complete_pattern_evidence,official_json_routeId_routeSeq_stopSeq_complete_sequence,"{""candidate_count"":1,""official_stop_ids"":[""20013464"",""20013465"",""20011946"",""20013466"",""20013467"",""20013462""],""schedule_stop_ids"":[""20013464"",""20013465"",""20011946"",""20013466"",""20013467"",""20013462""]}",
line_gmb_2005550,gmb_2005550_1,2005550,1,1,5,5,1,one,True,True,False,official_route_sequence_exact_full_pattern,direction_not_encoded,partial,B,exact,A,upgraded_with_official_complete_pattern_evidence,official_json_routeId_routeSeq_stopSeq_complete_sequence,"{""candidate_count"":1,""official_stop_ids"":[""20013462"",""20013870"",""20013463"",""20013464"",""20011991""],""schedule_stop_ids"":[""20013462"",""20013870"",""20013463"",""20013464"",""20011991""]}",
line_gmb_2005550,gmb_2005550_2,2005550,2,2,6,6,1,one,True,True,False,official_route_sequence_exact_full_pattern,direction_not_encoded,partial,B,exact,A,upgraded_with_official_complete_pattern_evidence,official_json_routeId_routeSeq_stopSeq_complete_sequence,"{""candidate_count"":1,""official_stop_ids"":[""20011991"",""20013465"",""20011946"",""20013466"",""20013467"",""20013462""],""schedule_stop_ids"":[""20011991"",""20013465"",""20011946"",""20013466"",""20013467"",""20013462""]}",
line_gmb_2005551,gmb_2005551_1,2005551,1,1,3,3,1,one,True,True,False,official_route_sequence_exact_full_pattern,direction_not_encoded,partial,B,exact,A,upgraded_with_official_complete_pattern_evidence,official_json_routeId_routeSeq_stopSeq_complete_sequence,"{""candidate_count"":1,""official_stop_ids"":[""20013891"",""20013870"",""20013495""],""schedule_stop_ids"":[""20013891"",""20013870"",""20013495""]}",
line_gmb_2005551,gmb_2005551_2,2005551,2,2,5,5,1,one,True,True,False,official_route_sequence_exact_full_pattern,direction_not_encoded,partial,B,exact,A,upgraded_with_official_complete_pattern_evidence,official_json_routeId_routeSeq_stopSeq_complete_sequence,"{""candidate_count"":1,""official_stop_ids"":[""20013495"",""20011946"",""20013466"",""20013467"",""20013891""],""schedule_stop_ids"":[""20013495"",""20011946"",""20013466"",""20013467"",""20013891""]}",
line_gmb_2005583,gmb_2005583_1,2005583,1,1,4,4,1,one,True,True,False,official_route_sequence_exact_full_pattern,direction_not_encoded,partial,B,exact,A,upgraded_with_official_complete_pattern_evidence,official_json_routeId_routeSeq_stopSeq_complete_sequence,"{""candidate_count"":1,""official_stop_ids"":[""20013462"",""20013870"",""20013463"",""20011991""],""schedule_stop_ids"":[""20013462"",""20013870"",""20013463"",""20011991""]}",
line_gmb_2005583,gmb_2005583_2,2005583,2,2,5,5,1,one,True,True,False,official_route_sequence_exact_full_pattern,direction_not_encoded,partial,B,exact,A,upgraded_with_official_complete_pattern_evidence,official_json_routeId_routeSeq_stopSeq_complete_sequence,"{""candidate_count"":1,""official_stop_ids"":[""20011991"",""20013465"",""20011946"",""20013563"",""20013462""],""schedule_stop_ids"":[""20011991"",""20013465"",""20011946"",""20013563"",""20013462""]}",
line_gmb_2005616,gmb_2005616_1,2005616,1,1,5,5,1,one,True,True,False,official_route_sequence_exact_full_pattern,direction_not_encoded,partial,B,exact,A,upgraded_with_official_complete_pattern_evidence,official_json_routeId_routeSeq_stopSeq_complete_sequence,"{""candidate_count"":1,""official_stop_ids"":[""20013891"",""20020501"",""20013870"",""20013463"",""20013594""],""schedule_stop_ids"":[""20013891"",""20020501"",""20013870"",""20013463"",""20013594""]}",
line_gmb_2005616,gmb_2005616_2,2005616,2,2,6,6,1,one,True,True,False,official_route_sequence_exact_full_pattern,direction_not_encoded,partial,B,exact,A,upgraded_with_official_complete_pattern_evidence,official_json_routeId_routeSeq_stopSeq_complete_sequence,"{""candidate_count"":1,""official_stop_ids"":[""20013594"",""20013465"",""20011946"",""20013466"",""20013467"",""20013891""],""schedule_stop_ids"":[""20013594"",""20013465"",""20011946"",""20013466"",""20013467"",""20013891""]}",
line_gmb_2005649,gmb_2005649_1,2005649,1,1,4,4,1,one,True,True,False,official_route_sequence_exact_full_pattern,direction_not_encoded,partial,B,exact,A,upgraded_with_official_complete_pattern_evidence,official_json_routeId_routeSeq_stopSeq_complete_sequence,"{""candidate_count"":1,""official_stop_ids"":[""20013693"",""20020131"",""20013694"",""20013695""],""schedule_stop_ids"":[""20013693"",""20020131"",""20013694"",""20013695""]}",
line_gmb_2005649,gmb_2005649_2,2005649,2,2,4,4,1,one,True,True,False,official_route_sequence_exact_full_pattern,direction_not_encoded,partial,B,exact,A,upgraded_with_official_complete_pattern_evidence,official_json_routeId_routeSeq_stopSeq_complete_sequence,"{""candidate_count"":1,""official_stop_ids"":[""20013695"",""20020129"",""20020130"",""20014386""],""schedule_stop_ids"":[""20013695"",""20020129"",""20020130"",""20014386""]}",
line_gmb_2005650,gmb_2005650_1,2005650,1,1,3,3,1,one,True,True,False,official_route_sequence_exact_full_pattern,direction_not_encoded,partial,B,exact,A,upgraded_with_official_complete_pattern_evidence,official_json_routeId_routeSeq_stopSeq_complete_sequence,"{""candidate_count"":1,""official_stop_ids"":[""20013693"",""20003105"",""20022834""],""schedule_stop_ids"":[""20013693"",""20003105"",""20022834""]}",
line_gmb_2005650,gmb_2005650_2,2005650,2,2,2,2,1,one,True,True,False,official_route_sequence_exact_full_pattern,direction_not_encoded,partial,B,exact,A,upgraded_with_official_complete_pattern_evidence,official_json_routeId_routeSeq_stopSeq_complete_sequence,"{""candidate_count"":1,""official_stop_ids"":[""20022834"",""20014386""],""schedule_stop_ids"":[""20022834"",""20014386""]}",
line_gmb_2005651,gmb_2005651_1,2005651,1,1,6,6,1,one,True,True,False,official_route_sequence_exact_full_pattern,direction_not_encoded,partial,B,exact,A,upgraded_with_official_complete_pattern_evidence,official_json_routeId_routeSeq_stopSeq_complete_sequence,"{""candidate_count"":1,""official_stop_ids"":[""20013664"",""20001418"",""20001803"",""20001804"",""20001814"",""20013696""],""schedule_stop_ids"":[""20013664"",""20001418"",""20001803"",""20001804"",""20001814"",""20013696""]}",
line_gmb_2005651,gmb_2005651_2,2005651,2,2,4,4,1,one,True,True,False,official_route_sequence_exact_full_pattern,direction_not_encoded,partial,B,exact,A,upgraded_with_official_complete_pattern_evidence,official_json_routeId_routeSeq_stopSeq_complete_sequence,"{""candidate_count"":1,""official_stop_ids"":[""20013696"",""20001427"",""20013697"",""20013664""],""schedule_stop_ids"":[""20013696"",""20001427"",""20013697"",""20013664""]}",
line_gmb_2005682,gmb_2005682_1,2005682,1,1,7,7,1,one,True,True,False,official_route_sequence_exact_full_pattern,direction_not_encoded,partial,B,exact,A,upgraded_with_official_complete_pattern_evidence,official_json_routeId_routeSeq_stopSeq_complete_sequence,"{""candidate_count"":1,""official_stop_ids"":[""20013664"",""20001418"",""20001803"",""20001804"",""20001814"",""20011986"",""20011985""],""schedule_stop_ids"":[""20013664"",""20001418"",""20001803"",""20001804"",""20001814"",""20011986"",""20011985""]}",
line_gmb_2005682,gmb_2005682_2,2005682,2,2,4,4,1,one,True,True,False,official_route_sequence_exact_full_pattern,direction_not_encoded,partial,B,exact,A,upgraded_with_official_complete_pattern_evidence,official_json_routeId_routeSeq_stopSeq_complete_sequence,"{""candidate_count"":1,""official_stop_ids"":[""20011985"",""20001427"",""20013697"",""20013664""],""schedule_stop_ids"":[""20011985"",""20001427"",""20013697"",""20013664""]}",
line_gmb_2005683,gmb_2005683_1,2005683,1,1,8,8,1,one,True,True,False,official_route_sequence_exact_full_pattern,direction_not_encoded,partial,B,exact,A,upgraded_with_official_complete_pattern_evidence,official_json_routeId_routeSeq_stopSeq_complete_sequence,"{""candidate_count"":1,""official_stop_ids"":[""20013664"",""20001814"",""20001815"",""20001816"",""20001696"",""20014791"",""20020132"",""20013698""],""schedule_stop_ids"":[""20013664"",""20001814"",""20001815"",""20001816"",""20001696"",""20014791"",""20020132"",""20013698""]}",
line_gmb_2005683,gmb_2005683_2,2005683,2,2,7,7,1,one,True,True,False,official_route_sequence_exact_full_pattern,direction_not_encoded,partial,B,exact,A,upgraded_with_official_complete_pattern_evidence,official_json_routeId_routeSeq_stopSeq_complete_sequence,"{""candidate_count"":1,""official_stop_ids"":[""20013698"",""20020133"",""20001690"",""20001817"",""20001818"",""20001819"",""20013664""],""schedule_stop_ids"":[""20013698"",""20020133"",""20001690"",""20001817"",""20001818"",""20001819"",""20013664""]}",
line_gmb_2005684,gmb_2005684_1,2005684,1,1,4,4,1,one,True,True,False,official_route_sequence_exact_full_pattern,direction_not_encoded,partial,B,exact,A,upgraded_with_official_complete_pattern_evidence,official_json_routeId_routeSeq_stopSeq_complete_sequence,"{""candidate_count"":1,""official_stop_ids"":[""20013699"",""20014419"",""20021613"",""20013699""],""schedule_stop_ids"":[""20013699"",""20014419"",""20021613"",""20013699""]}",
line_gmb_2005685,gmb_2005685_1,2005685,1,1,10,10,1,one,True,True,False,official_route_sequence_exact_full_pattern,direction_not_encoded,partial,B,exact,A,upgraded_with_official_complete_pattern_evidence,official_json_routeId_routeSeq_stopSeq_complete_sequence,"{""candidate_count"":1,""official_stop_ids"":[""20013702"",""20013703"",""20013704"",""20018746"",""20018747"",""20002501"",""20013705"",""20013706"",""20013707"",""20000210""],""schedule_stop_ids"":[""20013702"",""20013703"",""20013704"",""20018746"",""20018747"",""20002501"",""20013705"",""20013706"",""20013707"",""20000210""]}",
line_gmb_2005685,gmb_2005685_2,2005685,2,2,14,14,1,one,True,True,False,official_route_sequence_exact_full_pattern,direction_not_encoded,partial,B,exact,A,upgraded_with_official_complete_pattern_evidence,official_json_routeId_routeSeq_stopSeq_complete_sequence,"{""candidate_count"":1,""official_stop_ids"":[""20000210"",""20013708"",""20013709"",""20013710"",""20013711"",""20013712"",""20005086"",""20013713"",""20013714"",""20013715"",""20013716"",""20013717"",""20013718"",""20013702""],""schedule_stop_ids"":[""20000210"",""20013708"",""20013709"",""20013710"",""20013711"",""20013712"",""20005086"",""20013713"",""20013714"",""20013715"",""20013716"",""20013717"",""20013718"",""20013702""]}",
line_gmb_2005686,gmb_2005686_1,2005686,1,1,18,18,1,one,True,True,False,official_route_sequence_exact_full_pattern,direction_not_encoded,partial,B,exact,A,upgraded_with_official_complete_pattern_evidence,official_json_routeId_routeSeq_stopSeq_complete_sequence,"{""candidate_count"":1,""official_stop_ids"":[""20013722"",""20013721"",""20013723"",""20013724"",""20013725"",""20013726"",""20013727"",""20013728"",""20006915"",""20000519"",""20013729"",""20000433"",""20013730"",""20013731"",""20013732"",""20013733"",""20013734"",""20013735""],""schedule_stop_ids"":[""20013722"",""20013721"",""20013723"",""20013724"",""20013725"",""20013726"",""20013727"",""20013728"",""20006915"",""20000519"",""20013729"",""20000433"",""20013730"",""20013731"",""20013732"",""20013733"",""20013734"",""20013735""]}",
line_gmb_2005687,gmb_2005687_1,2005687,1,1,14,14,1,one,True,True,False,official_route_sequence_exact_full_pattern,direction_not_encoded,partial,B,exact,A,upgraded_with_official_complete_pattern_evidence,official_json_routeId_routeSeq_stopSeq_complete_sequence,"{""candidate_count"":1,""official_stop_ids"":[""20013722"",""20013721"",""20013723"",""20013739"",""20013740"",""20013741"",""20013727"",""20013728"",""20006915"",""20000519"",""20013742"",""20013743"",""20013734"",""20013735""],""schedule_stop_ids"":[""20013722"",""20013721"",""20013723"",""20013739"",""20013740"",""20013741"",""20013727"",""20013728"",""20006915"",""20000519"",""20013742"",""20013743"",""20013734"",""20013735""]}",
line_gmb_2005688,gmb_2005688_1,2005688,1,1,12,12,1,one,True,True,False,official_route_sequence_exact_full_pattern,direction_not_encoded,partial,B,exact,A,upgraded_with_official_complete_pattern_evidence,official_json_routeId_routeSeq_stopSeq_complete_sequence,"{""candidate_count"":1,""official_stop_ids"":[""20013736"",""20013703"",""20018742"",""20016089"",""20018743"",""20014356"",""20018745"",""20012989"",""20013714"",""20013715"",""20013716"",""20013736""],""schedule_stop_ids"":[""20013736"",""20013703"",""20018742"",""20016089"",""20018743"",""20014356"",""20018745"",""20012989"",""20013714"",""20013715"",""20013716"",""20013736""]}",
line_gmb_2005689,gmb_2005689_1,2005689,1,1,14,14,1,one,True,True,False,official_route_sequence_exact_full_pattern,direction_not_encoded,partial,B,exact,A,upgraded_with_official_complete_pattern_evidence,official_json_routeId_routeSeq_stopSeq_complete_sequence,"{""candidate_count"":1,""official_stop_ids"":[""20013702"",""20013703"",""20018742"",""20016089"",""20018743"",""20013737"",""20013744"",""20011395"",""20013745"",""20013746"",""20013747"",""20013748"",""20013749"",""20013750""],""schedule_stop_ids"":[""20013702"",""20013703"",""20018742"",""20016089"",""20018743"",""20013737"",""20013744"",""20011395"",""20013745"",""20013746"",""20013747"",""20013748"",""20013749"",""20013750""]}",
line_gmb_2005689,gmb_2005689_2,2005689,2,2,18,18,1,one,True,True,False,official_route_sequence_exact_full_pattern,direction_not_encoded,partial,B,exact,A,upgraded_with_official_complete_pattern_evidence,official_json_routeId_routeSeq_stopSeq_complete_sequence,"{""candidate_count"":1,""official_stop_ids"":[""20013750"",""20013765"",""20013766"",""20013767"",""20013768"",""20013769"",""20013770"",""20011279"",""20013771"",""20011624"",""20018744"",""20013772"",""20013714"",""20013773"",""20013774"",""20013717"",""20013718"",""20013702""],""schedule_stop_ids"":[""20013750"",""20013765"",""20013766"",""20013767"",""20013768"",""20013769"",""20013770"",""20011279"",""20013771"",""20011624"",""20018744"",""20013772"",""20013714"",""20013773"",""20013774"",""20013717"",""20013718"",""20013702""]}",
line_gmb_2005690,gmb_2005690_1,2005690,1,1,18,18,1,one,True,True,False,official_route_sequence_exact_full_pattern,direction_not_encoded,partial,B,exact,A,upgraded_with_official_complete_pattern_evidence,official_json_routeId_routeSeq_stopSeq_complete_sequence,"{""candidate_count"":1,""official_stop_ids"":[""20013751"",""20013752"",""20020062"",""20013753"",""20013754"",""20013755"",""20013756"",""20013757"",""20013758"",""20013759"",""20013760"",""20013761"",""20000859"",""20013762"",""20000540"",""20013763"",""20020063"",""20000753""],""schedule_stop_ids"":[""20013751"",""20013752"",""20020062"",""20013753"",""20013754"",""20013755"",""20013756"",""20013757"",""20013758"",""20013759"",""20013760"",""20013761"",""20000859"",""20013762"",""20000540"",""20013763"",""20020063"",""20000753""]}",
line_gmb_2005690,gmb_2005690_2,2005690,2,2,7,7,1,one,True,True,False,official_route_sequence_exact_full_pattern,direction_not_encoded,partial,B,exact,A,upgraded_with_official_complete_pattern_evidence,official_json_routeId_routeSeq_stopSeq_complete_sequence,"{""candidate_count"":1,""official_stop_ids"":[""20000753"",""20013792"",""20013793"",""20013794"",""20013795"",""20013796"",""20013751""],""schedule_stop_ids"":[""20000753"",""20013792"",""20013793"",""20013794"",""20013795"",""20013796"",""20013751""]}",
line_gmb_2005715,gmb_2005715_1,2005715,1,1,14,14,1,one,True,True,False,official_route_sequence_exact_full_pattern,direction_not_encoded,partial,B,exact,A,upgraded_with_official_complete_pattern_evidence,official_json_routeId_routeSeq_stopSeq_complete_sequence,"{""candidate_count"":1,""official_stop_ids"":[""20013797"",""20013798"",""20013799"",""20013800"",""20013801"",""20013802"",""20001312"",""20001338"",""20001322"",""20013803"",""20013811"",""20013805"",""20013806"",""20013807""],""schedule_stop_ids"":[""20013797"",""20013798"",""20013799"",""20013800"",""20013801"",""20013802"",""20001312"",""20001338"",""20001322"",""20013803"",""20013811"",""20013805"",""20013806"",""20013807""]}",
line_gmb_2005748,gmb_2005748_1,2005748,1,1,13,13,1,one,True,True,False,official_route_sequence_exact_full_pattern,direction_not_encoded,partial,B,exact,A,upgraded_with_official_complete_pattern_evidence,official_json_routeId_routeSeq_stopSeq_complete_sequence,"{""candidate_count"":1,""official_stop_ids"":[""20013797"",""20013798"",""20013799"",""20013800"",""20013801"",""20013802"",""20001312"",""20001338"",""20013803"",""20013810"",""20013805"",""20013806"",""20013807""],""schedule_stop_ids"":[""20013797"",""20013798"",""20013799"",""20013800"",""20013801"",""20013802"",""20001312"",""20001338"",""20013803"",""20013810"",""20013805"",""20013806"",""20013807""]}",
line_gmb_2005749,gmb_2005749_1,2005749,1,1,10,10,1,one,True,True,False,official_route_sequence_exact_full_pattern,direction_not_encoded,partial,B,exact,A,upgraded_with_official_complete_pattern_evidence,official_json_routeId_routeSeq_stopSeq_complete_sequence,"{""candidate_count"":1,""official_stop_ids"":[""20013812"",""20013813"",""20013814"",""20013802"",""20001312"",""20020491"",""20001321"",""20013816"",""20013817"",""20013818""],""schedule_stop_ids"":[""20013812"",""20013813"",""20013814"",""20013802"",""20001312"",""20020491"",""20001321"",""20013816"",""20013817"",""20013818""]}",
line_gmb_2005782,gmb_2005782_1,2005782,1,1,15,15,1,one,True,True,False,official_route_sequence_exact_full_pattern,direction_not_encoded,partial,B,exact,A,upgraded_with_official_complete_pattern_evidence,official_json_routeId_routeSeq_stopSeq_complete_sequence,"{""candidate_count"":1,""official_stop_ids"":[""20014353"",""20021325"",""20013827"",""20013828"",""20013830"",""20013831"",""20013832"",""20020170"",""20013833"",""20013834"",""20013835"",""20013836"",""20012060"",""20000935"",""20014354""],""schedule_stop_ids"":[""20014353"",""20021325"",""20013827"",""20013828"",""20013830"",""20013831"",""20013832"",""20020170"",""20013833"",""20013834"",""20013835"",""20013836"",""20012060"",""20000935"",""20014354""]}",
line_gmb_2005783,gmb_2005783_1,2005783,1,1,21,21,1,one,True,True,False,official_route_sequence_exact_full_pattern,direction_not_encoded,partial,B,exact,A,upgraded_with_official_complete_pattern_evidence,official_json_routeId_routeSeq_stopSeq_complete_sequence,"{""candidate_count"":1,""official_stop_ids"":[""20014353"",""20021325"",""20013827"",""20013828"",""20013830"",""20013831"",""20013837"",""20020170"",""20013833"",""20013834"",""20013835"",""20013838"",""20013839"",""20016903"",""20012996"",""20013842"",""20013843"",""20013836"",""20012060"",""20000935"",""20014354""],""schedule_stop_ids"":[""20014353"",""20021325"",""20013827"",""20013828"",""20013830"",""20013831"",""20013837"",""20020170"",""20013833"",""20013834"",""20013835"",""20013838"",""20013839"",""20016903"",""20012996"",""20013842"",""20013843"",""20013836"",""20012060"",""20000935"",""20014354""]}",
line_gmb_2005814,gmb_2005814_1,2005814,1,1,16,16,1,one,True,True,False,official_route_sequence_exact_full_pattern,direction_not_encoded,partial,B,exact,A,upgraded_with_official_complete_pattern_evidence,official_json_routeId_routeSeq_stopSeq_complete_sequence,"{""candidate_count"":1,""official_stop_ids"":[""20013858"",""20013859"",""20013860"",""20000808"",""20013861"",""20013862"",""20013863"",""20013864"",""20013836"",""20000810"",""20000633"",""20013865"",""20013866"",""20013867"",""20013868"",""20013869""],""schedule_stop_ids"":[""20013858"",""20013859"",""20013860"",""20000808"",""20013861"",""20013862"",""20013863"",""20013864"",""20013836"",""20000810"",""20000633"",""20013865"",""20013866"",""20013867"",""20013868"",""20013869""]}",
line_gmb_2005814,gmb_2005814_2,2005814,2,2,18,18,1,one,True,True,False,official_route_sequence_exact_full_pattern,direction_not_encoded,partial,B,exact,A,upgraded_with_official_complete_pattern_evidence,official_json_routeId_routeSeq_stopSeq_complete_sequence,"{""candidate_count"":1,""official_stop_ids"":[""20013869"",""20014056"",""20014057"",""20014058"",""20014059"",""20014060"",""20014061"",""20000814"",""20009979"",""20000991"",""20014062"",""20014063"",""20014064"",""20014065"",""20014066"",""20014067"",""20014068"",""20013858""],""schedule_stop_ids"":[""20013869"",""20014056"",""20014057"",""20014058"",""20014059"",""20014060"",""20014061"",""20000814"",""20009979"",""20000991"",""20014062"",""20014063"",""20014064"",""20014065"",""20014066"",""20014067"",""20014068"",""20013858""]}",
line_gmb_2005847,gmb_2005847_1,2005847,1,1,8,8,1,one,True,True,False,official_route_sequence_exact_full_pattern,direction_not_encoded,partial,B,exact,A,upgraded_with_official_complete_pattern_evidence,official_json_routeId_routeSeq_stopSeq_complete_sequence,"{""candidate_count"":1,""official_stop_ids"":[""20013924"",""20019831"",""20020269"",""20020270"",""20019798"",""20013925"",""20013926"",""20013927""],""schedule_stop_ids"":[""20013924"",""20019831"",""20020269"",""20020270"",""20019798"",""20013925"",""20013926"",""20013927""]}",
line_gmb_2005880,gmb_2005880_1,2005880,1,1,16,16,1,one,True,True,False,official_route_sequence_exact_full_pattern,direction_not_encoded,partial,B,exact,A,upgraded_with_official_complete_pattern_evidence,official_json_routeId_routeSeq_stopSeq_complete_sequence,"{""candidate_count"":1,""official_stop_ids"":[""20001099"",""20000599"",""20013957"",""20000600"",""20013958"",""20013959"",""20000580"",""20012378"",""20013960"",""20013961"",""20013962"",""20013963"",""20000742"",""20013964"",""20013965"",""20013966""],""schedule_stop_ids"":[""20001099"",""20000599"",""20013957"",""20000600"",""20013958"",""20013959"",""20000580"",""20012378"",""20013960"",""20013961"",""20013962"",""20013963"",""20000742"",""20013964"",""20013965"",""20013966""]}",
line_gmb_2005880,gmb_2005880_2,2005880,2,2,17,17,1,one,True,True,False,official_route_sequence_exact_full_pattern,direction_not_encoded,partial,B,exact,A,upgraded_with_official_complete_pattern_evidence,official_json_routeId_routeSeq_stopSeq_complete_sequence,"{""candidate_count"":1,""official_stop_ids"":[""20013966"",""20013967"",""20013968"",""20013969"",""20013970"",""20013971"",""20013972"",""20012376"",""20000585"",""20013973"",""20013974"",""20012713"",""20013975"",""20013976"",""20013977"",""20012421"",""20001099""],""schedule_stop_ids"":[""20013966"",""20013967"",""20013968"",""20013969"",""20013970"",""20013971"",""20013972"",""20012376"",""20000585"",""20013973"",""20013974"",""20012713"",""20013975"",""20013976"",""20013977"",""20012421"",""20001099""]}",
line_gmb_2005913,gmb_2005913_1,2005913,1,1,6,6,1,one,True,True,False,official_route_sequence_exact_full_pattern,direction_not_encoded,partial,B,exact,A,upgraded_with_official_complete_pattern_evidence,official_json_routeId_routeSeq_stopSeq_complete_sequence,"{""candidate_count"":1,""official_stop_ids"":[""20013869"",""20014069"",""20014056"",""20014072"",""20000633"",""20013869""],""schedule_stop_ids"":[""20013869"",""20014069"",""20014056"",""20014072"",""20000633"",""20013869""]}",
line_gmb_2005914,gmb_2005914_1,2005914,1,1,10,10,1,one,True,True,False,official_route_sequence_exact_full_pattern,direction_not_encoded,partial,B,exact,A,upgraded_with_official_complete_pattern_evidence,official_json_routeId_routeSeq_stopSeq_complete_sequence,"{""candidate_count"":1,""official_stop_ids"":[""20013869"",""20014069"",""20014056"",""20014070"",""20014058"",""20014059"",""20014071"",""20014072"",""20000633"",""20013869""],""schedule_stop_ids"":[""20013869"",""20014069"",""20014056"",""20014070"",""20014058"",""20014059"",""20014071"",""20014072"",""20000633"",""20013869""]}",
line_gmb_2005946,gmb_2005946_1,2005946,1,1,8,8,1,one,True,True,False,official_route_sequence_exact_full_pattern,direction_not_encoded,partial,B,exact,A,upgraded_with_official_complete_pattern_evidence,official_json_routeId_routeSeq_stopSeq_complete_sequence,"{""candidate_count"":1,""official_stop_ids"":[""20014089"",""20014090"",""20014091"",""20012087"",""20014072"",""20014092"",""20014093"",""20014094""],""schedule_stop_ids"":[""20014089"",""20014090"",""20014091"",""20012087"",""20014072"",""20014092"",""20014093"",""20014094""]}",
line_gmb_2005947,gmb_2005947_1,2005947,1,1,9,9,1,one,True,True,False,official_route_sequence_exact_full_pattern,direction_not_encoded,partial,B,exact,A,upgraded_with_official_complete_pattern_evidence,official_json_routeId_routeSeq_stopSeq_complete_sequence,"{""candidate_count"":1,""official_stop_ids"":[""20014095"",""20014096"",""20014090"",""20014091"",""20012087"",""20014072"",""20014092"",""20014093"",""20014097""],""schedule_stop_ids"":[""20014095"",""20014096"",""20014090"",""20014091"",""20012087"",""20014072"",""20014092"",""20014093"",""20014097""]}",
line_gmb_2005949,gmb_2005949_1,2005949,1,1,7,7,1,one,True,True,False,official_route_sequence_exact_full_pattern,direction_not_encoded,partial,B,exact,A,upgraded_with_official_complete_pattern_evidence,official_json_routeId_routeSeq_stopSeq_complete_sequence,"{""candidate_count"":1,""official_stop_ids"":[""20014096"",""20014090"",""20014091"",""20012087"",""20014072"",""20014092"",""20014093""],""schedule_stop_ids"":[""20014096"",""20014090"",""20014091"",""20012087"",""20014072"",""20014092"",""20014093""]}",
line_gmb_2005979,gmb_2005979_1,2005979,1,1,10,10,1,one,True,True,False,official_route_sequence_exact_full_pattern,direction_not_encoded,partial,B,exact,A,upgraded_with_official_complete_pattern_evidence,official_json_routeId_routeSeq_stopSeq_complete_sequence,"{""candidate_count"":1,""official_stop_ids"":[""20014122"",""20012810"",""20014123"",""20014124"",""20014125"",""20014126"",""20001737"",""20012804"",""20011992"",""20013696""],""schedule_stop_ids"":[""20014122"",""20012810"",""20014123"",""20014124"",""20014125"",""20014126"",""20001737"",""20012804"",""20011992"",""20013696""]}",
line_gmb_2005979,gmb_2005979_2,2005979,2,2,7,7,1,one,True,True,False,official_route_sequence_exact_full_pattern,direction_not_encoded,partial,B,exact,A,upgraded_with_official_complete_pattern_evidence,official_json_routeId_routeSeq_stopSeq_complete_sequence,"{""candidate_count"":1,""official_stop_ids"":[""20013696"",""20012806"",""20012807"",""20014127"",""20001740"",""20012808"",""20014122""],""schedule_stop_ids"":[""20013696"",""20012806"",""20012807"",""20014127"",""20001740"",""20012808"",""20014122""]}",
line_gmb_2006012,gmb_2006012_1,2006012,1,1,32,32,1,one,True,True,False,official_route_sequence_exact_full_pattern,direction_not_encoded,partial,B,exact,A,upgraded_with_official_complete_pattern_evidence,official_json_routeId_routeSeq_stopSeq_complete_sequence,"{""candidate_count"":1,""official_stop_ids"":[""20014154"",""20014129"",""20014130"",""20014131"",""20014132"",""20014133"",""20014134"",""20003072"",""20014135"",""20014136"",""20014137"",""20014138"",""20014139"",""20014140"",""20014141"",""20012437"",""20014142"",""20014143"",""20014144"",""20014145"",""20016234"",""20007435"",""20014147"",""20014148"",""20014149"",""20014150"",""20014151"",""20001020"",""20014152"",""20012069"",""20021811"",""20014128""],""schedule_stop_ids"":[""20014154"",""20014129"",""20014130"",""20014131"",""20014132"",""20014133"",""20014134"",""20003072"",""20014135"",""20014136"",""20014137"",""20014138"",""20014139"",""20014140"",""20014141"",""20012437"",""20014142"",""20014143"",""20014144"",""20014145"",""20016234"",""20007435"",""20014147"",""20014148"",""20014149"",""20014150"",""20014151"",""20001020"",""20014152"",""20012069"",""20021811"",""20014128""]}",
line_gmb_2006045,gmb_2006045_1,2006045,1,1,16,16,1,one,True,True,False,official_route_sequence_exact_full_pattern,direction_not_encoded,partial,B,exact,A,upgraded_with_official_complete_pattern_evidence,official_json_routeId_routeSeq_stopSeq_complete_sequence,"{""candidate_count"":1,""official_stop_ids"":[""20003363"",""20014155"",""20014156"",""20014157"",""20014158"",""20014159"",""20014160"",""20014161"",""20014162"",""20014163"",""20014164"",""20014165"",""20014166"",""20014167"",""20012112"",""20014168""],""schedule_stop_ids"":[""20003363"",""20014155"",""20014156"",""20014157"",""20014158"",""20014159"",""20014160"",""20014161"",""20014162"",""20014163"",""20014164"",""20014165"",""20014166"",""20014167"",""20012112"",""20014168""]}",
line_gmb_2006045,gmb_2006045_2,2006045,2,2,8,8,1,one,True,True,False,official_route_sequence_exact_full_pattern,direction_not_encoded,partial,B,exact,A,upgraded_with_official_complete_pattern_evidence,official_json_routeId_routeSeq_stopSeq_complete_sequence,"{""candidate_count"":1,""official_stop_ids"":[""20014168"",""20014188"",""20014189"",""20014190"",""20014191"",""20014192"",""20014193"",""20003363""],""schedule_stop_ids"":[""20014168"",""20014188"",""20014189"",""20014190"",""20014191"",""20014192"",""20014193"",""20003363""]}",
line_gmb_2006078,gmb_2006078_1,2006078,1,1,11,11,1,one,True,True,False,official_route_sequence_exact_full_pattern,direction_not_encoded,partial,B,exact,A,upgraded_with_official_complete_pattern_evidence,official_json_routeId_routeSeq_stopSeq_complete_sequence,"{""candidate_count"":1,""official_stop_ids"":[""20014194"",""20014195"",""20014196"",""20014651"",""20014197"",""20014198"",""20014199"",""20014200"",""20014201"",""20012430"",""20003363""],""schedule_stop_ids"":[""20014194"",""20014195"",""20014196"",""20014651"",""20014197"",""20014198"",""20014199"",""20014200"",""20014201"",""20012430"",""20003363""]}",
line_gmb_2006078,gmb_2006078_2,2006078,2,2,13,13,1,one,True,True,False,official_route_sequence_exact_full_pattern,direction_not_encoded,partial,B,exact,A,upgraded_with_official_complete_pattern_evidence,official_json_routeId_routeSeq_stopSeq_complete_sequence,"{""candidate_count"":1,""official_stop_ids"":[""20003363"",""20014155"",""20014202"",""20014157"",""20014158"",""20014159"",""20014160"",""20014161"",""20014203"",""20014166"",""20014204"",""20014205"",""20014194""],""schedule_stop_ids"":[""20003363"",""20014155"",""20014202"",""20014157"",""20014158"",""20014159"",""20014160"",""20014161"",""20014203"",""20014166"",""20014204"",""20014205"",""20014194""]}",
line_gmb_2006079,gmb_2006079_1,2006079,1,1,17,17,1,one,True,True,False,official_route_sequence_exact_full_pattern,direction_not_encoded,partial,B,exact,A,upgraded_with_official_complete_pattern_evidence,official_json_routeId_routeSeq_stopSeq_complete_sequence,"{""candidate_count"":1,""official_stop_ids"":[""20003363"",""20014155"",""20014156"",""20014157"",""20014158"",""20014159"",""20014160"",""20014161"",""20014162"",""20014163"",""20014164"",""20014210"",""20014211"",""20014165"",""20012111"",""20014167"",""20014168""],""schedule_stop_ids"":[""20003363"",""20014155"",""20014156"",""20014157"",""20014158"",""20014159"",""20014160"",""20014161"",""20014162"",""20014163"",""20014164"",""20014210"",""20014211"",""20014165"",""20012111"",""20014167"",""20014168""]}",
line_gmb_2006079,gmb_2006079_2,2006079,2,2,16,16,1,one,True,True,False,official_route_sequence_exact_full_pattern,direction_not_encoded,partial,B,exact,A,upgraded_with_official_complete_pattern_evidence,official_json_routeId_routeSeq_stopSeq_complete_sequence,"{""candidate_count"":1,""official_stop_ids"":[""20014168"",""20014188"",""20014189"",""20014190"",""20014167"",""20014212"",""20014485"",""20014213"",""20014198"",""20014199"",""20014200"",""20014486"",""20014487"",""20014214"",""20014488"",""20003363""],""schedule_stop_ids"":[""20014168"",""20014188"",""20014189"",""20014190"",""20014167"",""20014212"",""20014485"",""20014213"",""20014198"",""20014199"",""20014200"",""20014486"",""20014487"",""20014214"",""20014488"",""20003363""]}",
line_gmb_2006111,gmb_2006111_1,2006111,1,1,3,3,1,one,True,True,False,official_route_sequence_exact_full_pattern,direction_not_encoded,partial,B,exact,A,upgraded_with_official_complete_pattern_evidence,official_json_routeId_routeSeq_stopSeq_complete_sequence,"{""candidate_count"":1,""official_stop_ids"":[""20003363"",""20014162"",""20014164""],""schedule_stop_ids"":[""20003363"",""20014162"",""20014164""]}",
line_gmb_2006112,gmb_2006112_1,2006112,1,1,5,5,1,one,True,True,False,official_route_sequence_exact_full_pattern,direction_not_encoded,partial,B,exact,A,upgraded_with_official_complete_pattern_evidence,official_json_routeId_routeSeq_stopSeq_complete_sequence,"{""candidate_count"":1,""official_stop_ids"":[""20003363"",""20014157"",""20014158"",""20014160"",""20014215""],""schedule_stop_ids"":[""20003363"",""20014157"",""20014158"",""20014160"",""20014215""]}",
line_gmb_2006244,gmb_2006244_1,2006244,1,1,3,3,1,one,True,True,False,official_route_sequence_exact_full_pattern,direction_not_encoded,partial,B,exact,A,upgraded_with_official_complete_pattern_evidence,official_json_routeId_routeSeq_stopSeq_complete_sequence,"{""candidate_count"":1,""official_stop_ids"":[""20014256"",""20016565"",""20014224""],""schedule_stop_ids"":[""20014256"",""20016565"",""20014224""]}",
line_gmb_2006276,gmb_2006276_1,2006276,1,1,14,14,1,one,True,True,False,official_route_sequence_exact_full_pattern,direction_not_encoded,partial,B,exact,A,upgraded_with_official_complete_pattern_evidence,official_json_routeId_routeSeq_stopSeq_complete_sequence,"{""candidate_count"":1,""official_stop_ids"":[""20014287"",""20000446"",""20019966"",""20014289"",""20014290"",""20014291"",""20019967"",""20019968"",""20014292"",""20000453"",""20006090"",""20006092"",""20001082"",""20000454""],""schedule_stop_ids"":[""20014287"",""20000446"",""20019966"",""20014289"",""20014290"",""20014291"",""20019967"",""20019968"",""20014292"",""20000453"",""20006090"",""20006092"",""20001082"",""20000454""]}",
line_gmb_2006276,gmb_2006276_2,2006276,2,2,15,15,1,one,True,True,False,official_route_sequence_exact_full_pattern,direction_not_encoded,partial,B,exact,A,upgraded_with_official_complete_pattern_evidence,official_json_routeId_routeSeq_stopSeq_complete_sequence,"{""candidate_count"":1,""official_stop_ids"":[""20000454"",""20021026"",""20014305"",""20000458"",""20014306"",""20014307"",""20014308"",""20014309"",""20019970"",""20019966"",""20006099"",""20014310"",""20006100"",""20014311"",""20014287""],""schedule_stop_ids"":[""20000454"",""20021026"",""20014305"",""20000458"",""20014306"",""20014307"",""20014308"",""20014309"",""20019970"",""20019966"",""20006099"",""20014310"",""20006100"",""20014311"",""20014287""]}",
line_gmb_2006277,gmb_2006277_1,2006277,1,1,9,9,1,one,True,True,False,official_route_sequence_exact_full_pattern,direction_not_encoded,partial,B,exact,A,upgraded_with_official_complete_pattern_evidence,official_json_routeId_routeSeq_stopSeq_complete_sequence,"{""candidate_count"":1,""official_stop_ids"":[""20014293"",""20014294"",""20014295"",""20014296"",""20014297"",""20020723"",""20020724"",""20014298"",""20014299""],""schedule_stop_ids"":[""20014293"",""20014294"",""20014295"",""20014296"",""20014297"",""20020723"",""20020724"",""20014298"",""20014299""]}",
line_gmb_2006277,gmb_2006277_2,2006277,2,2,8,8,1,one,True,True,False,official_route_sequence_exact_full_pattern,direction_not_encoded,partial,B,exact,A,upgraded_with_official_complete_pattern_evidence,official_json_routeId_routeSeq_stopSeq_complete_sequence,"{""candidate_count"":1,""official_stop_ids"":[""20014299"",""20014298"",""20014297"",""20014300"",""20014295"",""20014301"",""20013059"",""20014293""],""schedule_stop_ids"":[""20014299"",""20014298"",""20014297"",""20014300"",""20014295"",""20014301"",""20013059"",""20014293""]}",
line_gmb_2006279,gmb_2006279_1,2006279,1,1,7,7,1,one,True,True,False,official_route_sequence_exact_full_pattern,direction_not_encoded,partial,B,exact,A,upgraded_with_official_complete_pattern_evidence,official_json_routeId_routeSeq_stopSeq_complete_sequence,"{""candidate_count"":1,""official_stop_ids"":[""20014293"",""20014294"",""20014295"",""20014296"",""20014297"",""20014864"",""20014863""],""schedule_stop_ids"":[""20014293"",""20014294"",""20014295"",""20014296"",""20014297"",""20014864"",""20014863""]}",
line_gmb_2006279,gmb_2006279_2,2006279,2,2,8,8,1,one,True,True,False,official_route_sequence_exact_full_pattern,direction_not_encoded,partial,B,exact,A,upgraded_with_official_complete_pattern_evidence,official_json_routeId_routeSeq_stopSeq_complete_sequence,"{""candidate_count"":1,""official_stop_ids"":[""20014863"",""20014864"",""20014297"",""20014300"",""20014295"",""20014301"",""20013059"",""20014293""],""schedule_stop_ids"":[""20014863"",""20014864"",""20014297"",""20014300"",""20014295"",""20014301"",""20013059"",""20014293""]}",
line_gmb_2006281,gmb_2006281_1,2006281,1,1,6,6,1,one,True,True,False,official_route_sequence_exact_full_pattern,direction_not_encoded,partial,B,exact,A,upgraded_with_official_complete_pattern_evidence,official_json_routeId_routeSeq_stopSeq_complete_sequence,"{""candidate_count"":1,""official_stop_ids"":[""20014293"",""20014294"",""20014295"",""20014296"",""20014297"",""20014862""],""schedule_stop_ids"":[""20014293"",""20014294"",""20014295"",""20014296"",""20014297"",""20014862""]}",
line_gmb_2006281,gmb_2006281_2,2006281,2,2,7,7,1,one,True,True,False,official_route_sequence_exact_full_pattern,direction_not_encoded,partial,B,exact,A,upgraded_with_official_complete_pattern_evidence,official_json_routeId_routeSeq_stopSeq_complete_sequence,"{""candidate_count"":1,""official_stop_ids"":[""20014862"",""20014297"",""20014300"",""20014295"",""20014301"",""20013059"",""20014293""],""schedule_stop_ids"":[""20014862"",""20014297"",""20014300"",""20014295"",""20014301"",""20013059"",""20014293""]}",
line_gmb_2006283,gmb_2006283_1,2006283,1,1,5,5,1,one,True,True,False,official_route_sequence_exact_full_pattern,direction_not_encoded,partial,B,exact,A,upgraded_with_official_complete_pattern_evidence,official_json_routeId_routeSeq_stopSeq_complete_sequence,"{""candidate_count"":1,""official_stop_ids"":[""20014287"",""20000446"",""20014289"",""20001082"",""20000454""],""schedule_stop_ids"":[""20014287"",""20000446"",""20014289"",""20001082"",""20000454""]}",
line_gmb_2006309,gmb_2006309_1,2006309,1,1,16,16,1,one,True,True,False,official_route_sequence_exact_full_pattern,direction_not_encoded,partial,B,exact,A,upgraded_with_official_complete_pattern_evidence,official_json_routeId_routeSeq_stopSeq_complete_sequence,"{""candidate_count"":1,""official_stop_ids"":[""20014320"",""20000411"",""20014321"",""20014322"",""20014323"",""20010463"",""20014324"",""20014326"",""20014327"",""20014328"",""20014329"",""20014330"",""20014331"",""20014332"",""20007352"",""20014333""],""schedule_stop_ids"":[""20014320"",""20000411"",""20014321"",""20014322"",""20014323"",""20010463"",""20014324"",""20014326"",""20014327"",""20014328"",""20014329"",""20014330"",""20014331"",""20014332"",""20007352"",""20014333""]}",
line_gmb_2006309,gmb_2006309_2,2006309,2,2,18,18,1,one,True,True,False,official_route_sequence_exact_full_pattern,direction_not_encoded,partial,B,exact,A,upgraded_with_official_complete_pattern_evidence,official_json_routeId_routeSeq_stopSeq_complete_sequence,"{""candidate_count"":1,""official_stop_ids"":[""20014333"",""20014348"",""20007348"",""20000724"",""20014335"",""20014336"",""20014337"",""20014338"",""20016300"",""20014339"",""20014340"",""20007412"",""20000475"",""20014341"",""20014342"",""20014343"",""20014344"",""20014320""],""schedule_stop_ids"":[""20014333"",""20014348"",""20007348"",""20000724"",""20014335"",""20014336"",""20014337"",""20014338"",""20016300"",""20014339"",""20014340"",""20007412"",""20000475"",""20014341"",""20014342"",""20014343"",""20014344"",""20014320""]}",
line_gmb_2006312,gmb_2006312_1,2006312,1,1,14,14,1,one,True,True,False,official_route_sequence_exact_full_pattern,direction_not_encoded,partial,B,exact,A,upgraded_with_official_complete_pattern_evidence,official_json_routeId_routeSeq_stopSeq_complete_sequence,"{""candidate_count"":1,""official_stop_ids"":[""20014320"",""20000411"",""20014321"",""20014322"",""20014323"",""20010463"",""20014324"",""20014326"",""20014327"",""20014328"",""20014329"",""20014330"",""20014331"",""20014332""],""schedule_stop_ids"":[""20014320"",""20000411"",""20014321"",""20014322"",""20014323"",""20010463"",""20014324"",""20014326"",""20014327"",""20014328"",""20014329"",""20014330"",""20014331"",""20014332""]}",
line_gmb_2006312,gmb_2006312_2,2006312,2,2,14,14,1,one,True,True,False,official_route_sequence_exact_full_pattern,direction_not_encoded,partial,B,exact,A,upgraded_with_official_complete_pattern_evidence,official_json_routeId_routeSeq_stopSeq_complete_sequence,"{""candidate_count"":1,""official_stop_ids"":[""20014335"",""20014336"",""20014337"",""20014338"",""20016300"",""20014339"",""20014340"",""20007412"",""20000475"",""20014341"",""20014342"",""20014343"",""20014344"",""20014320""],""schedule_stop_ids"":[""20014335"",""20014336"",""20014337"",""20014338"",""20016300"",""20014339"",""20014340"",""20007412"",""20000475"",""20014341"",""20014342"",""20014343"",""20014344"",""20014320""]}",
line_gmb_2006314,gmb_2006314_1,2006314,1,1,13,13,1,one,True,True,False,official_route_sequence_exact_full_pattern,direction_not_encoded,partial,B,exact,A,upgraded_with_official_complete_pattern_evidence,official_json_routeId_routeSeq_stopSeq_complete_sequence,"{""candidate_count"":1,""official_stop_ids"":[""20014320"",""20000411"",""20010463"",""20014324"",""20014326"",""20014327"",""20014328"",""20014329"",""20014330"",""20014331"",""20014332"",""20007352"",""20014333""],""schedule_stop_ids"":[""20014320"",""20000411"",""20010463"",""20014324"",""20014326"",""20014327"",""20014328"",""20014329"",""20014330"",""20014331"",""20014332"",""20007352"",""20014333""]}",
line_gmb_2006315,gmb_2006315_1,2006315,1,1,16,16,1,one,True,True,False,official_route_sequence_exact_full_pattern,direction_not_encoded,partial,B,exact,A,upgraded_with_official_complete_pattern_evidence,official_json_routeId_routeSeq_stopSeq_complete_sequence,"{""candidate_count"":1,""official_stop_ids"":[""20014320"",""20000411"",""20014321"",""20014322"",""20014323"",""20010463"",""20014324"",""20014326"",""20014327"",""20014328"",""20014329"",""20014330"",""20014331"",""20014332"",""20006076"",""20007008""],""schedule_stop_ids"":[""20014320"",""20000411"",""20014321"",""20014322"",""20014323"",""20010463"",""20014324"",""20014326"",""20014327"",""20014328"",""20014329"",""20014330"",""20014331"",""20014332"",""20006076"",""20007008""]}",
line_gmb_2006315,gmb_2006315_2,2006315,2,2,17,17,1,one,True,True,False,official_route_sequence_exact_full_pattern,direction_not_encoded,partial,B,exact,A,upgraded_with_official_complete_pattern_evidence,official_json_routeId_routeSeq_stopSeq_complete_sequence,"{""candidate_count"":1,""official_stop_ids"":[""20007008"",""20006077"",""20000724"",""20014335"",""20014336"",""20014337"",""20014338"",""20016300"",""20014339"",""20014340"",""20007412"",""20000475"",""20014341"",""20014342"",""20014343"",""20014344"",""20014320""],""schedule_stop_ids"":[""20007008"",""20006077"",""20000724"",""20014335"",""20014336"",""20014337"",""20014338"",""20016300"",""20014339"",""20014340"",""20007412"",""20000475"",""20014341"",""20014342"",""20014343"",""20014344"",""20014320""]}",
line_gmb_2006317,gmb_2006317_1,2006317,1,1,13,13,1,one,True,True,False,official_route_sequence_exact_full_pattern,direction_not_encoded,partial,B,exact,A,upgraded_with_official_complete_pattern_evidence,official_json_routeId_routeSeq_stopSeq_complete_sequence,"{""candidate_count"":1,""official_stop_ids"":[""20014320"",""20000411"",""20010463"",""20014324"",""20014326"",""20014327"",""20014328"",""20014329"",""20014330"",""20014331"",""20014332"",""20006076"",""20007008""],""schedule_stop_ids"":[""20014320"",""20000411"",""20010463"",""20014324"",""20014326"",""20014327"",""20014328"",""20014329"",""20014330"",""20014331"",""20014332"",""20006076"",""20007008""]}",
line_gmb_2006318,gmb_2006318_1,2006318,1,1,10,10,1,one,True,True,False,official_route_sequence_exact_full_pattern,direction_not_encoded,partial,B,exact,A,upgraded_with_official_complete_pattern_evidence,official_json_routeId_routeSeq_stopSeq_complete_sequence,"{""candidate_count"":1,""official_stop_ids"":[""20014333"",""20014348"",""20007348"",""20000724"",""20014335"",""20014336"",""20014337"",""20014349"",""20014338"",""20014327""],""schedule_stop_ids"":[""20014333"",""20014348"",""20007348"",""20000724"",""20014335"",""20014336"",""20014337"",""20014349"",""20014338"",""20014327""]}",
line_gmb_2006318,gmb_2006318_2,2006318,2,2,10,10,1,one,True,True,False,official_route_sequence_exact_full_pattern,direction_not_encoded,partial,B,exact,A,upgraded_with_official_complete_pattern_evidence,official_json_routeId_routeSeq_stopSeq_complete_sequence,"{""candidate_count"":1,""official_stop_ids"":[""20014327"",""20014328"",""20014329"",""20014330"",""20014331"",""20014350"",""20014332"",""20007352"",""20007353"",""20014333""],""schedule_stop_ids"":[""20014327"",""20014328"",""20014329"",""20014330"",""20014331"",""20014350"",""20014332"",""20007352"",""20007353"",""20014333""]}",
line_gmb_2006342,gmb_2006342_1,2006342,1,1,6,6,1,one,True,True,False,official_route_sequence_exact_full_pattern,direction_not_encoded,partial,B,exact,A,upgraded_with_official_complete_pattern_evidence,official_json_routeId_routeSeq_stopSeq_complete_sequence,"{""candidate_count"":1,""official_stop_ids"":[""20001453"",""20014452"",""20001466"",""20014453"",""20014454"",""20001455""],""schedule_stop_ids"":[""20001453"",""20014452"",""20001466"",""20014453"",""20014454"",""20001455""]}",
line_gmb_2006342,gmb_2006342_2,2006342,2,2,4,4,1,one,True,True,False,official_route_sequence_exact_full_pattern,direction_not_encoded,partial,B,exact,A,upgraded_with_official_complete_pattern_evidence,official_json_routeId_routeSeq_stopSeq_complete_sequence,"{""candidate_count"":1,""official_stop_ids"":[""20001455"",""20014455"",""20014456"",""20001453""],""schedule_stop_ids"":[""20001455"",""20014455"",""20014456"",""20001453""]}",
line_gmb_2006343,gmb_2006343_1,2006343,1,1,3,3,1,one,True,True,False,official_route_sequence_exact_full_pattern,direction_not_encoded,partial,B,exact,A,upgraded_with_official_complete_pattern_evidence,official_json_routeId_routeSeq_stopSeq_complete_sequence,"{""candidate_count"":1,""official_stop_ids"":[""20001455"",""20014456"",""20001453""],""schedule_stop_ids"":[""20001455"",""20014456"",""20001453""]}",
line_gmb_2006375,gmb_2006375_1,2006375,1,1,8,8,1,one,True,True,False,official_route_sequence_exact_full_pattern,direction_not_encoded,partial,B,exact,A,upgraded_with_official_complete_pattern_evidence,official_json_routeId_routeSeq_stopSeq_complete_sequence,"{""candidate_count"":1,""official_stop_ids"":[""20014457"",""20014452"",""20001466"",""20018445"",""20001455"",""20014460"",""20014461"",""20014794""],""schedule_stop_ids"":[""20014457"",""20014452"",""20001466"",""20018445"",""20001455"",""20014460"",""20014461"",""20014794""]}",
line_gmb_2006375,gmb_2006375_2,2006375,2,2,6,6,1,one,True,True,False,official_route_sequence_exact_full_pattern,direction_not_encoded,partial,B,exact,A,upgraded_with_official_complete_pattern_evidence,official_json_routeId_routeSeq_stopSeq_complete_sequence,"{""candidate_count"":1,""official_stop_ids"":[""20014794"",""20014463"",""20014464"",""20014465"",""20014456"",""20014457""],""schedule_stop_ids"":[""20014794"",""20014463"",""20014464"",""20014465"",""20014456"",""20014457""]}",
line_gmb_2006408,gmb_2006408_1,2006408,1,1,6,6,1,one,True,True,False,official_route_sequence_exact_full_pattern,direction_not_encoded,partial,B,exact,A,upgraded_with_official_complete_pattern_evidence,official_json_routeId_routeSeq_stopSeq_complete_sequence,"{""candidate_count"":1,""official_stop_ids"":[""20014489"",""20014490"",""20014491"",""20000024"",""20000295"",""20014492""],""schedule_stop_ids"":[""20014489"",""20014490"",""20014491"",""20000024"",""20000295"",""20014492""]}",
line_gmb_2006408,gmb_2006408_2,2006408,2,2,7,7,1,one,True,True,False,official_route_sequence_exact_full_pattern,direction_not_encoded,partial,B,exact,A,upgraded_with_official_complete_pattern_evidence,official_json_routeId_routeSeq_stopSeq_complete_sequence,"{""candidate_count"":1,""official_stop_ids"":[""20014492"",""20004107"",""20006958"",""20000026"",""20014493"",""20014494"",""20014489""],""schedule_stop_ids"":[""20014492"",""20004107"",""20006958"",""20000026"",""20014493"",""20014494"",""20014489""]}",
line_gmb_2006441,gmb_2006441_1,2006441,1,1,10,10,1,one,True,True,False,official_route_sequence_exact_full_pattern,direction_not_encoded,partial,B,exact,A,upgraded_with_official_complete_pattern_evidence,official_json_routeId_routeSeq_stopSeq_complete_sequence,"{""candidate_count"":1,""official_stop_ids"":[""20014492"",""20006958"",""20000026"",""20014495"",""20014496"",""20014497"",""20014498"",""20014491"",""20000024"",""20014492""],""schedule_stop_ids"":[""20014492"",""20006958"",""20000026"",""20014495"",""20014496"",""20014497"",""20014498"",""20014491"",""20000024"",""20014492""]}",
line_gmb_2006474,gmb_2006474_1,2006474,1,1,11,11,1,one,True,True,False,official_route_sequence_exact_full_pattern,direction_not_encoded,partial,B,exact,A,upgraded_with_official_complete_pattern_evidence,official_json_routeId_routeSeq_stopSeq_complete_sequence,"{""candidate_count"":1,""official_stop_ids"":[""20014492"",""20004107"",""20006958"",""20000026"",""20014518"",""20014522"",""20014520"",""20014491"",""20000024"",""20000295"",""20014492""],""schedule_stop_ids"":[""20014492"",""20004107"",""20006958"",""20000026"",""20014518"",""20014522"",""20014520"",""20014491"",""20000024"",""20000295"",""20014492""]}",
line_gmb_2006475,gmb_2006475_1,2006475,1,1,9,9,1,one,True,True,False,official_route_sequence_exact_full_pattern,direction_not_encoded,partial,B,exact,A,upgraded_with_official_complete_pattern_evidence,official_json_routeId_routeSeq_stopSeq_complete_sequence,"{""candidate_count"":1,""official_stop_ids"":[""20014492"",""20004107"",""20006958"",""20000026"",""20014518"",""20014522"",""20014491"",""20000024"",""20014492""],""schedule_stop_ids"":[""20014492"",""20004107"",""20006958"",""20000026"",""20014518"",""20014522"",""20014491"",""20000024"",""20014492""]}",
line_gmb_2006476,gmb_2006476_1,2006476,1,1,27,27,1,one,True,True,False,official_route_sequence_exact_full_pattern,direction_not_encoded,partial,B,exact,A,upgraded_with_official_complete_pattern_evidence,official_json_routeId_routeSeq_stopSeq_complete_sequence,"{""candidate_count"":1,""official_stop_ids"":[""20014524"",""20014525"",""20014526"",""20000174"",""20000012"",""20014527"",""20020293"",""20014537"",""20000017"",""20000018"",""20000019"",""20014528"",""20014529"",""20007408"",""20000026"",""20014530"",""20014531"",""20014532"",""20020297"",""20014533"",""20014534"",""20014535"",""20020294"",""20020295"",""20000310"",""20020296"",""20014536""],""schedule_stop_ids"":[""20014524"",""20014525"",""20014526"",""20000174"",""20000012"",""20014527"",""20020293"",""20014537"",""20000017"",""20000018"",""20000019"",""20014528"",""20014529"",""20007408"",""20000026"",""20014530"",""20014531"",""20014532"",""20020297"",""20014533"",""20014534"",""20014535"",""20020294"",""20020295"",""20000310"",""20020296"",""20014536""]}",
line_gmb_2006476,gmb_2006476_2,2006476,2,2,17,17,1,one,True,True,False,official_route_sequence_exact_full_pattern,direction_not_encoded,partial,B,exact,A,upgraded_with_official_complete_pattern_evidence,official_json_routeId_routeSeq_stopSeq_complete_sequence,"{""candidate_count"":1,""official_stop_ids"":[""20014536"",""20011569"",""20000136"",""20020392"",""20020393"",""20014538"",""20014539"",""20014540"",""20003404"",""20014541"",""20004544"",""20002407"",""20000008"",""20000009"",""20014542"",""20011281"",""20014524""],""schedule_stop_ids"":[""20014536"",""20011569"",""20000136"",""20020392"",""20020393"",""20014538"",""20014539"",""20014540"",""20003404"",""20014541"",""20004544"",""20002407"",""20000008"",""20000009"",""20014542"",""20011281"",""20014524""]}",
line_gmb_2006507,gmb_2006507_1,2006507,1,1,18,18,1,one,True,True,False,official_route_sequence_exact_full_pattern,direction_not_encoded,partial,B,exact,A,upgraded_with_official_complete_pattern_evidence,official_json_routeId_routeSeq_stopSeq_complete_sequence,"{""candidate_count"":1,""official_stop_ids"":[""20014524"",""20011282"",""20014526"",""20000174"",""20000012"",""20007408"",""20000026"",""20014530"",""20014531"",""20014532"",""20014533"",""20014534"",""20014535"",""20020294"",""20020295"",""20000310"",""20020296"",""20014536""],""schedule_stop_ids"":[""20014524"",""20011282"",""20014526"",""20000174"",""20000012"",""20007408"",""20000026"",""20014530"",""20014531"",""20014532"",""20014533"",""20014534"",""20014535"",""20020294"",""20020295"",""20000310"",""20020296"",""20014536""]}",
line_gmb_2006508,gmb_2006508_1,2006508,1,1,23,23,1,one,True,True,False,official_route_sequence_exact_full_pattern,direction_not_encoded,partial,B,exact,A,upgraded_with_official_complete_pattern_evidence,official_json_routeId_routeSeq_stopSeq_complete_sequence,"{""candidate_count"":1,""official_stop_ids"":[""20014524"",""20014525"",""20014526"",""20000174"",""20000012"",""20014527"",""20020293"",""20014537"",""20000017"",""20000018"",""20000019"",""20014530"",""20014531"",""20014532"",""20020297"",""20014533"",""20014534"",""20014535"",""20020294"",""20020295"",""20000310"",""20020296"",""20014536""],""schedule_stop_ids"":[""20014524"",""20014525"",""20014526"",""20000174"",""20000012"",""20014527"",""20020293"",""20014537"",""20000017"",""20000018"",""20000019"",""20014530"",""20014531"",""20014532"",""20020297"",""20014533"",""20014534"",""20014535"",""20020294"",""20020295"",""20000310"",""20020296"",""20014536""]}",
line_gmb_2006509,gmb_2006509_1,2006509,1,1,10,10,1,one,True,True,False,official_route_sequence_exact_full_pattern,direction_not_encoded,partial,B,exact,A,upgraded_with_official_complete_pattern_evidence,official_json_routeId_routeSeq_stopSeq_complete_sequence,"{""candidate_count"":1,""official_stop_ids"":[""20014524"",""20014525"",""20014526"",""20000174"",""20000012"",""20000008"",""20000009"",""20014542"",""20011281"",""20014524""],""schedule_stop_ids"":[""20014524"",""20014525"",""20014526"",""20000174"",""20000012"",""20000008"",""20000009"",""20014542"",""20011281"",""20014524""]}",
line_gmb_2006510,gmb_2006510_1,2006510,1,1,12,12,1,one,True,True,False,official_route_sequence_exact_full_pattern,direction_not_encoded,partial,B,exact,A,upgraded_with_official_complete_pattern_evidence,official_json_routeId_routeSeq_stopSeq_complete_sequence,"{""candidate_count"":1,""official_stop_ids"":[""20014492"",""20004107"",""20006958"",""20000026"",""20002713"",""20014543"",""20014544"",""20014545"",""20014546"",""20014548"",""20014549"",""20014550""],""schedule_stop_ids"":[""20014492"",""20004107"",""20006958"",""20000026"",""20002713"",""20014543"",""20014544"",""20014545"",""20014546"",""20014548"",""20014549"",""20014550""]}",
line_gmb_2006510,gmb_2006510_2,2006510,2,2,11,11,1,one,True,True,False,official_route_sequence_exact_full_pattern,direction_not_encoded,partial,B,exact,A,upgraded_with_official_complete_pattern_evidence,official_json_routeId_routeSeq_stopSeq_complete_sequence,"{""candidate_count"":1,""official_stop_ids"":[""20014550"",""20014551"",""20014552"",""20014553"",""20012963"",""20012964"",""20012965"",""20014491"",""20000024"",""20000295"",""20014492""],""schedule_stop_ids"":[""20014550"",""20014551"",""20014552"",""20014553"",""20012963"",""20012964"",""20012965"",""20014491"",""20000024"",""20000295"",""20014492""]}",
line_gmb_2006511,gmb_2006511_1,2006511,1,1,11,11,1,one,True,True,False,official_route_sequence_exact_full_pattern,direction_not_encoded,partial,B,exact,A,upgraded_with_official_complete_pattern_evidence,official_json_routeId_routeSeq_stopSeq_complete_sequence,"{""candidate_count"":1,""official_stop_ids"":[""20014492"",""20004107"",""20000026"",""20002713"",""20014543"",""20014544"",""20014545"",""20014546"",""20014548"",""20014549"",""20014550""],""schedule_stop_ids"":[""20014492"",""20004107"",""20000026"",""20002713"",""20014543"",""20014544"",""20014545"",""20014546"",""20014548"",""20014549"",""20014550""]}",
line_gmb_2006540,gmb_2006540_1,2006540,1,1,11,11,1,one,True,True,False,official_route_sequence_exact_full_pattern,direction_not_encoded,partial,B,exact,A,upgraded_with_official_complete_pattern_evidence,official_json_routeId_routeSeq_stopSeq_complete_sequence,"{""candidate_count"":1,""official_stop_ids"":[""20014492"",""20004107"",""20006958"",""20000026"",""20014584"",""20014543"",""20014544"",""20014545"",""20014546"",""20014548"",""20014549""],""schedule_stop_ids"":[""20014492"",""20004107"",""20006958"",""20000026"",""20014584"",""20014543"",""20014544"",""20014545"",""20014546"",""20014548"",""20014549""]}",
line_gmb_2006540,gmb_2006540_2,2006540,2,2,10,10,1,one,True,True,False,official_route_sequence_exact_full_pattern,direction_not_encoded,partial,B,exact,A,upgraded_with_official_complete_pattern_evidence,official_json_routeId_routeSeq_stopSeq_complete_sequence,"{""candidate_count"":1,""official_stop_ids"":[""20014551"",""20014552"",""20014553"",""20012963"",""20012964"",""20012965"",""20014491"",""20000024"",""20000295"",""20014492""],""schedule_stop_ids"":[""20014551"",""20014552"",""20014553"",""20012963"",""20012964"",""20012965"",""20014491"",""20000024"",""20000295"",""20014492""]}",
line_gmb_2006541,gmb_2006541_1,2006541,1,1,9,9,1,one,True,True,False,official_route_sequence_exact_full_pattern,direction_not_encoded,partial,B,exact,A,upgraded_with_official_complete_pattern_evidence,official_json_routeId_routeSeq_stopSeq_complete_sequence,"{""candidate_count"":1,""official_stop_ids"":[""20014492"",""20000026"",""20014584"",""20014543"",""20014544"",""20014545"",""20014546"",""20014548"",""20014549""],""schedule_stop_ids"":[""20014492"",""20000026"",""20014584"",""20014543"",""20014544"",""20014545"",""20014546"",""20014548"",""20014549""]}",
line_gmb_2006542,gmb_2006542_1,2006542,1,1,6,6,1,one,True,True,False,official_route_sequence_exact_full_pattern,direction_not_encoded,partial,B,exact,A,upgraded_with_official_complete_pattern_evidence,official_json_routeId_routeSeq_stopSeq_complete_sequence,"{""candidate_count"":1,""official_stop_ids"":[""20014457"",""20001466"",""20014459"",""20001455"",""20014460"",""20014585""],""schedule_stop_ids"":[""20014457"",""20001466"",""20014459"",""20001455"",""20014460"",""20014585""]}",
line_gmb_2006542,gmb_2006542_2,2006542,2,2,5,5,1,one,True,True,False,official_route_sequence_exact_full_pattern,direction_not_encoded,partial,B,exact,A,upgraded_with_official_complete_pattern_evidence,official_json_routeId_routeSeq_stopSeq_complete_sequence,"{""candidate_count"":1,""official_stop_ids"":[""20014585"",""20014464"",""20014465"",""20014456"",""20014457""],""schedule_stop_ids"":[""20014585"",""20014464"",""20014465"",""20014456"",""20014457""]}",
line_gmb_2006543,gmb_2006543_1,2006543,1,1,6,6,1,one,True,True,False,official_route_sequence_exact_full_pattern,direction_not_encoded,partial,B,exact,A,upgraded_with_official_complete_pattern_evidence,official_json_routeId_routeSeq_stopSeq_complete_sequence,"{""candidate_count"":1,""official_stop_ids"":[""20014457"",""20001466"",""20014459"",""20001455"",""20014460"",""20014617""],""schedule_stop_ids"":[""20014457"",""20001466"",""20014459"",""20001455"",""20014460"",""20014617""]}",
line_gmb_2006543,gmb_2006543_2,2006543,2,2,5,5,1,one,True,True,False,official_route_sequence_exact_full_pattern,direction_not_encoded,partial,B,exact,A,upgraded_with_official_complete_pattern_evidence,official_json_routeId_routeSeq_stopSeq_complete_sequence,"{""candidate_count"":1,""official_stop_ids"":[""20014617"",""20014464"",""20014465"",""20014456"",""20014457""],""schedule_stop_ids"":[""20014617"",""20014464"",""20014465"",""20014456"",""20014457""]}",
line_gmb_2006573,gmb_2006573_1,2006573,1,1,5,5,1,one,True,True,False,official_route_sequence_exact_full_pattern,direction_not_encoded,partial,B,exact,A,upgraded_with_official_complete_pattern_evidence,official_json_routeId_routeSeq_stopSeq_complete_sequence,"{""candidate_count"":1,""official_stop_ids"":[""20014457"",""20014618"",""20003249"",""20014619"",""20014620""],""schedule_stop_ids"":[""20014457"",""20014618"",""20003249"",""20014619"",""20014620""]}",
line_gmb_2006573,gmb_2006573_2,2006573,2,2,7,7,1,one,True,True,False,official_route_sequence_exact_full_pattern,direction_not_encoded,partial,B,exact,A,upgraded_with_official_complete_pattern_evidence,official_json_routeId_routeSeq_stopSeq_complete_sequence,"{""candidate_count"":1,""official_stop_ids"":[""20014620"",""20014621"",""20003250"",""20022108"",""20014465"",""20014456"",""20014457""],""schedule_stop_ids"":[""20014620"",""20014621"",""20003250"",""20022108"",""20014465"",""20014456"",""20014457""]}",
line_gmb_2006574,gmb_2006574_1,2006574,1,1,31,31,1,one,True,True,False,official_route_sequence_exact_full_pattern,direction_not_encoded,partial,B,exact,A,upgraded_with_official_complete_pattern_evidence,official_json_routeId_routeSeq_stopSeq_complete_sequence,"{""candidate_count"":1,""official_stop_ids"":[""20014622"",""20001249"",""20014623"",""20018478"",""20014624"",""20018479"",""20018480"",""20018481"",""20018482"",""20014626"",""20018483"",""20018484"",""20018485"",""20018486"",""20014628"",""20018487"",""20018488"",""20014629"",""20018489"",""20018490"",""20018491"",""20018492"",""20014631"",""20018493"",""20018494"",""20018495"",""20018496"",""20018497"",""20007415"",""20014632"",""20014622""],""schedule_stop_ids"":[""20014622"",""20001249"",""20014623"",""20018478"",""20014624"",""20018479"",""20018480"",""20018481"",""20018482"",""20014626"",""20018483"",""20018484"",""20018485"",""20018486"",""20014628"",""20018487"",""20018488"",""20014629"",""20018489"",""20018490"",""20018491"",""20018492"",""20014631"",""20018493"",""20018494"",""20018495"",""20018496"",""20018497"",""20007415"",""20014632"",""20014622""]}",
line_gmb_2006575,gmb_2006575_1,2006575,1,1,28,28,1,one,True,True,False,official_route_sequence_exact_full_pattern,direction_not_encoded,partial,B,exact,A,upgraded_with_official_complete_pattern_evidence,official_json_routeId_routeSeq_stopSeq_complete_sequence,"{""candidate_count"":1,""official_stop_ids"":[""20014622"",""20001249"",""20014623"",""20018478"",""20014624"",""20018479"",""20018511"",""20018512"",""20018513"",""20018514"",""20018515"",""20018516"",""20018517"",""20018518"",""20014629"",""20018489"",""20018490"",""20018491"",""20018492"",""20014631"",""20018493"",""20018494"",""20018495"",""20018496"",""20018497"",""20007415"",""20014632"",""20014633""],""schedule_stop_ids"":[""20014622"",""20001249"",""20014623"",""20018478"",""20014624"",""20018479"",""20018511"",""20018512"",""20018513"",""20018514"",""20018515"",""20018516"",""20018517"",""20018518"",""20014629"",""20018489"",""20018490"",""20018491"",""20018492"",""20014631"",""20018493"",""20018494"",""20018495"",""20018496"",""20018497"",""20007415"",""20014632"",""20014633""]}",
line_gmb_2006576,gmb_2006576_1,2006576,1,1,22,22,1,one,True,True,False,official_route_sequence_exact_full_pattern,direction_not_encoded,partial,B,exact,A,upgraded_with_official_complete_pattern_evidence,official_json_routeId_routeSeq_stopSeq_complete_sequence,"{""candidate_count"":1,""official_stop_ids"":[""20018562"",""20014624"",""20018479"",""20018511"",""20018512"",""20018513"",""20018514"",""20018515"",""20018516"",""20018517"",""20018518"",""20014629"",""20018489"",""20018490"",""20018491"",""20018492"",""20018561"",""20018493"",""20018494"",""20018577"",""20018578"",""20018562""],""schedule_stop_ids"":[""20018562"",""20014624"",""20018479"",""20018511"",""20018512"",""20018513"",""20018514"",""20018515"",""20018516"",""20018517"",""20018518"",""20014629"",""20018489"",""20018490"",""20018491"",""20018492"",""20018561"",""20018493"",""20018494"",""20018577"",""20018578"",""20018562""]}",
line_gmb_2006577,gmb_2006577_1,2006577,1,1,16,16,1,one,True,True,False,official_route_sequence_exact_full_pattern,direction_not_encoded,partial,B,exact,A,upgraded_with_official_complete_pattern_evidence,official_json_routeId_routeSeq_stopSeq_complete_sequence,"{""candidate_count"":1,""official_stop_ids"":[""20007415"",""20014632"",""20017136"",""20020524"",""20001249"",""20018544"",""20018545"",""20018546"",""20018547"",""20018548"",""20018549"",""20018550"",""20018551"",""20018552"",""20018553"",""20014636""],""schedule_stop_ids"":[""20007415"",""20014632"",""20017136"",""20020524"",""20001249"",""20018544"",""20018545"",""20018546"",""20018547"",""20018548"",""20018549"",""20018550"",""20018551"",""20018552"",""20018553"",""20014636""]}",
line_gmb_2006577,gmb_2006577_2,2006577,2,2,19,19,1,one,True,True,False,official_route_sequence_exact_full_pattern,direction_not_encoded,partial,B,exact,A,upgraded_with_official_complete_pattern_evidence,official_json_routeId_routeSeq_stopSeq_complete_sequence,"{""candidate_count"":1,""official_stop_ids"":[""20014636"",""20018554"",""20018555"",""20018556"",""20018557"",""20014637"",""20018558"",""20018559"",""20007336"",""20018560"",""20014638"",""20018492"",""20018561"",""20018493"",""20018494"",""20018495"",""20018496"",""20018497"",""20007415""],""schedule_stop_ids"":[""20014636"",""20018554"",""20018555"",""20018556"",""20018557"",""20014637"",""20018558"",""20018559"",""20007336"",""20018560"",""20014638"",""20018492"",""20018561"",""20018493"",""20018494"",""20018495"",""20018496"",""20018497"",""20007415""]}",
line_gmb_2006606,gmb_2006606_1,2006606,1,1,14,14,1,one,True,True,False,official_route_sequence_exact_full_pattern,direction_not_encoded,partial,B,exact,A,upgraded_with_official_complete_pattern_evidence,official_json_routeId_routeSeq_stopSeq_complete_sequence,"{""candidate_count"":1,""official_stop_ids"":[""20014652"",""20014653"",""20014654"",""20014655"",""20014656"",""20014657"",""20014204"",""20014205"",""20014658"",""20001175"",""20001150"",""20001151"",""20010616"",""20014659""],""schedule_stop_ids"":[""20014652"",""20014653"",""20014654"",""20014655"",""20014656"",""20014657"",""20014204"",""20014205"",""20014658"",""20001175"",""20001150"",""20001151"",""20010616"",""20014659""]}",
line_gmb_2006606,gmb_2006606_2,2006606,2,2,20,20,1,one,True,True,False,official_route_sequence_exact_full_pattern,direction_not_encoded,partial,B,exact,A,upgraded_with_official_complete_pattern_evidence,official_json_routeId_routeSeq_stopSeq_complete_sequence,"{""candidate_count"":1,""official_stop_ids"":[""20014659"",""20002003"",""20002020"",""20001169"",""20002005"",""20014861"",""20014660"",""20014661"",""20014663"",""20002010"",""20014664"",""20012110"",""20014665"",""20014666"",""20014667"",""20000440"",""20002012"",""20000490"",""20002013"",""20014652""],""schedule_stop_ids"":[""20014659"",""20002003"",""20002020"",""20001169"",""20002005"",""20014861"",""20014660"",""20014661"",""20014663"",""20002010"",""20014664"",""20012110"",""20014665"",""20014666"",""20014667"",""20000440"",""20002012"",""20000490"",""20002013"",""20014652""]}",
line_gmb_2006609,gmb_2006609_1,2006609,1,1,12,12,1,one,True,True,False,official_route_sequence_exact_full_pattern,direction_not_encoded,partial,B,exact,A,upgraded_with_official_complete_pattern_evidence,official_json_routeId_routeSeq_stopSeq_complete_sequence,"{""candidate_count"":1,""official_stop_ids"":[""20001161"",""20001172"",""20001162"",""20001163"",""20001164"",""20014673"",""20018181"",""20001150"",""20001151"",""20014675"",""20014676"",""20014659""],""schedule_stop_ids"":[""20001161"",""20001172"",""20001162"",""20001163"",""20001164"",""20014673"",""20018181"",""20001150"",""20001151"",""20014675"",""20014676"",""20014659""]}",
line_gmb_2006609,gmb_2006609_2,2006609,2,2,9,9,1,one,True,True,False,official_route_sequence_exact_full_pattern,direction_not_encoded,partial,B,exact,A,upgraded_with_official_complete_pattern_evidence,official_json_routeId_routeSeq_stopSeq_complete_sequence,"{""candidate_count"":1,""official_stop_ids"":[""20014659"",""20014675"",""20001169"",""20001170"",""20001171"",""20001162"",""20001163"",""20003054"",""20001161""],""schedule_stop_ids"":[""20014659"",""20014675"",""20001169"",""20001170"",""20001171"",""20001162"",""20001163"",""20003054"",""20001161""]}",
line_gmb_2006610,gmb_2006610_1,2006610,1,1,12,12,1,one,True,True,False,official_route_sequence_exact_full_pattern,direction_not_encoded,partial,B,exact,A,upgraded_with_official_complete_pattern_evidence,official_json_routeId_routeSeq_stopSeq_complete_sequence,"{""candidate_count"":1,""official_stop_ids"":[""20014675"",""20001169"",""20001170"",""20001171"",""20001162"",""20001163"",""20001164"",""20014673"",""20014674"",""20001150"",""20001151"",""20014675""],""schedule_stop_ids"":[""20014675"",""20001169"",""20001170"",""20001171"",""20001162"",""20001163"",""20001164"",""20014673"",""20014674"",""20001150"",""20001151"",""20014675""]}",
line_gmb_2006611,gmb_2006611_1,2006611,1,1,7,7,1,one,True,True,False,official_route_sequence_exact_full_pattern,direction_not_encoded,partial,B,exact,A,upgraded_with_official_complete_pattern_evidence,official_json_routeId_routeSeq_stopSeq_complete_sequence,"{""candidate_count"":1,""official_stop_ids"":[""20001161"",""20001172"",""20001162"",""20001163"",""20018181"",""20001137"",""20014677""],""schedule_stop_ids"":[""20001161"",""20001172"",""20001162"",""20001163"",""20018181"",""20001137"",""20014677""]}",
line_gmb_2006611,gmb_2006611_2,2006611,2,2,5,5,1,one,True,True,False,official_route_sequence_exact_full_pattern,direction_not_encoded,partial,B,exact,A,upgraded_with_official_complete_pattern_evidence,official_json_routeId_routeSeq_stopSeq_complete_sequence,"{""candidate_count"":1,""official_stop_ids"":[""20014677"",""20001175"",""20001162"",""20001163"",""20001161""],""schedule_stop_ids"":[""20014677"",""20001175"",""20001162"",""20001163"",""20001161""]}",
line_gmb_2006612,gmb_2006612_1,2006612,1,1,5,5,1,one,True,True,False,official_route_sequence_exact_full_pattern,direction_not_encoded,partial,B,exact,A,upgraded_with_official_complete_pattern_evidence,official_json_routeId_routeSeq_stopSeq_complete_sequence,"{""candidate_count"":1,""official_stop_ids"":[""20014679"",""20007736"",""20001164"",""20014673"",""20001149""],""schedule_stop_ids"":[""20014679"",""20007736"",""20001164"",""20014673"",""20001149""]}",
line_gmb_2006612,gmb_2006612_2,2006612,2,2,4,4,1,one,True,True,False,official_route_sequence_exact_full_pattern,direction_not_encoded,partial,B,exact,A,upgraded_with_official_complete_pattern_evidence,official_json_routeId_routeSeq_stopSeq_complete_sequence,"{""candidate_count"":1,""official_stop_ids"":[""20001149"",""20014683"",""20001171"",""20014679""],""schedule_stop_ids"":[""20001149"",""20014683"",""20001171"",""20014679""]}",
line_gmb_2006639,gmb_2006639_1,2006639,1,1,6,6,1,one,True,True,False,official_route_sequence_exact_full_pattern,direction_not_encoded,partial,B,exact,A,upgraded_with_official_complete_pattern_evidence,official_json_routeId_routeSeq_stopSeq_complete_sequence,"{""candidate_count"":1,""official_stop_ids"":[""20001174"",""20001175"",""20001150"",""20001151"",""20010616"",""20014659""],""schedule_stop_ids"":[""20001174"",""20001175"",""20001150"",""20001151"",""20010616"",""20014659""]}",
line_gmb_2006639,gmb_2006639_2,2006639,2,2,6,6,1,one,True,True,False,official_route_sequence_exact_full_pattern,direction_not_encoded,partial,B,exact,A,upgraded_with_official_complete_pattern_evidence,official_json_routeId_routeSeq_stopSeq_complete_sequence,"{""candidate_count"":1,""official_stop_ids"":[""20014659"",""20014675"",""20001169"",""20002005"",""20014685"",""20001174""],""schedule_stop_ids"":[""20014659"",""20014675"",""20001169"",""20002005"",""20014685"",""20001174""]}",
line_gmb_2006640,gmb_2006640_1,2006640,1,1,6,6,1,one,True,True,False,official_route_sequence_exact_full_pattern,direction_not_encoded,partial,B,exact,A,upgraded_with_official_complete_pattern_evidence,official_json_routeId_routeSeq_stopSeq_complete_sequence,"{""candidate_count"":1,""official_stop_ids"":[""20014659"",""20002020"",""20001169"",""20002005"",""20014685"",""20001174""],""schedule_stop_ids"":[""20014659"",""20002020"",""20001169"",""20002005"",""20014685"",""20001174""]}",
line_gmb_2006641,gmb_2006641_1,2006641,1,1,25,25,1,one,True,True,False,official_route_sequence_exact_full_pattern,direction_not_encoded,partial,B,exact,A,upgraded_with_official_complete_pattern_evidence,official_json_routeId_routeSeq_stopSeq_complete_sequence,"{""candidate_count"":1,""official_stop_ids"":[""20001149"",""20014683"",""20001162"",""20001163"",""20001140"",""20012485"",""20014716"",""20014717"",""20014718"",""20014719"",""20014720"",""20014721"",""20014722"",""20014723"",""20014724"",""20014725"",""20014726"",""20014727"",""20014728"",""20014729"",""20014730"",""20014731"",""20014732"",""20014733"",""20014734""],""schedule_stop_ids"":[""20001149"",""20014683"",""20001162"",""20001163"",""20001140"",""20012485"",""20014716"",""20014717"",""20014718"",""20014719"",""20014720"",""20014721"",""20014722"",""20014723"",""20014724"",""20014725"",""20014726"",""20014727"",""20014728"",""20014729"",""20014730"",""20014731"",""20014732"",""20014733"",""20014734""]}",
line_gmb_2006641,gmb_2006641_2,2006641,2,2,24,24,1,one,True,True,False,official_route_sequence_exact_full_pattern,direction_not_encoded,partial,B,exact,A,upgraded_with_official_complete_pattern_evidence,official_json_routeId_routeSeq_stopSeq_complete_sequence,"{""candidate_count"":1,""official_stop_ids"":[""20014734"",""20014749"",""20014750"",""20014751"",""20014752"",""20014753"",""20014754"",""20014755"",""20014756"",""20014757"",""20014758"",""20014759"",""20014760"",""20014761"",""20014762"",""20014763"",""20014764"",""20014765"",""20001172"",""20001162"",""20001163"",""20001164"",""20014673"",""20001149""],""schedule_stop_ids"":[""20014734"",""20014749"",""20014750"",""20014751"",""20014752"",""20014753"",""20014754"",""20014755"",""20014756"",""20014757"",""20014758"",""20014759"",""20014760"",""20014761"",""20014762"",""20014763"",""20014764"",""20014765"",""20001172"",""20001162"",""20001163"",""20001164"",""20014673"",""20001149""]}",
line_gmb_2006672,gmb_2006672_1,2006672,1,1,17,17,1,one,True,True,False,official_route_sequence_exact_full_pattern,direction_not_encoded,partial,B,exact,A,upgraded_with_official_complete_pattern_evidence,official_json_routeId_routeSeq_stopSeq_complete_sequence,"{""candidate_count"":1,""official_stop_ids"":[""20001162"",""20001163"",""20001140"",""20012485"",""20014716"",""20014717"",""20014718"",""20014719"",""20014720"",""20014721"",""20014722"",""20014723"",""20014724"",""20014725"",""20014726"",""20014727"",""20014728""],""schedule_stop_ids"":[""20001162"",""20001163"",""20001140"",""20012485"",""20014716"",""20014717"",""20014718"",""20014719"",""20014720"",""20014721"",""20014722"",""20014723"",""20014724"",""20014725"",""20014726"",""20014727"",""20014728""]}",
line_gmb_2006672,gmb_2006672_2,2006672,2,2,14,14,1,one,True,True,False,official_route_sequence_exact_full_pattern,direction_not_encoded,partial,B,exact,A,upgraded_with_official_complete_pattern_evidence,official_json_routeId_routeSeq_stopSeq_complete_sequence,"{""candidate_count"":1,""official_stop_ids"":[""20014728"",""20014755"",""20014756"",""20014757"",""20014758"",""20014759"",""20014760"",""20014761"",""20014762"",""20014763"",""20014764"",""20014765"",""20001172"",""20001162""],""schedule_stop_ids"":[""20014728"",""20014755"",""20014756"",""20014757"",""20014758"",""20014759"",""20014760"",""20014761"",""20014762"",""20014763"",""20014764"",""20014765"",""20001172"",""20001162""]}",
line_gmb_2006673,gmb_2006673_1,2006673,1,1,6,6,1,one,True,True,False,official_route_sequence_exact_full_pattern,direction_not_encoded,partial,B,exact,A,upgraded_with_official_complete_pattern_evidence,official_json_routeId_routeSeq_stopSeq_complete_sequence,"{""candidate_count"":1,""official_stop_ids"":[""20014766"",""20014767"",""20001152"",""20003282"",""20014768"",""20014769""],""schedule_stop_ids"":[""20014766"",""20014767"",""20001152"",""20003282"",""20014768"",""20014769""]}",
line_gmb_2006673,gmb_2006673_2,2006673,2,2,10,10,1,one,True,True,False,official_route_sequence_exact_full_pattern,direction_not_encoded,partial,B,exact,A,upgraded_with_official_complete_pattern_evidence,official_json_routeId_routeSeq_stopSeq_complete_sequence,"{""candidate_count"":1,""official_stop_ids"":[""20014769"",""20014770"",""20014130"",""20012066"",""20014771"",""20002551"",""20014772"",""20002032"",""20002003"",""20014766""],""schedule_stop_ids"":[""20014769"",""20014770"",""20014130"",""20012066"",""20014771"",""20002551"",""20014772"",""20002032"",""20002003"",""20014766""]}",
line_gmb_2006674,gmb_2006674_1,2006674,1,1,5,5,1,one,True,True,False,official_route_sequence_exact_full_pattern,direction_not_encoded,partial,B,exact,A,upgraded_with_official_complete_pattern_evidence,official_json_routeId_routeSeq_stopSeq_complete_sequence,"{""candidate_count"":1,""official_stop_ids"":[""20001174"",""20001175"",""20014671"",""20001151"",""20014773""],""schedule_stop_ids"":[""20001174"",""20001175"",""20014671"",""20001151"",""20014773""]}",
line_gmb_2006674,gmb_2006674_2,2006674,2,2,3,3,1,one,True,True,False,official_route_sequence_exact_full_pattern,direction_not_encoded,partial,B,exact,A,upgraded_with_official_complete_pattern_evidence,official_json_routeId_routeSeq_stopSeq_complete_sequence,"{""candidate_count"":1,""official_stop_ids"":[""20014773"",""20001169"",""20001174""],""schedule_stop_ids"":[""20014773"",""20001169"",""20001174""]}",
line_gmb_2006675,gmb_2006675_1,2006675,1,1,4,4,1,one,True,True,False,official_route_sequence_exact_full_pattern,direction_not_encoded,partial,B,exact,A,upgraded_with_official_complete_pattern_evidence,official_json_routeId_routeSeq_stopSeq_complete_sequence,"{""candidate_count"":1,""official_stop_ids"":[""20001174"",""20001175"",""20001150"",""20014766""],""schedule_stop_ids"":[""20001174"",""20001175"",""20001150"",""20014766""]}",
line_gmb_2006675,gmb_2006675_2,2006675,2,2,4,4,1,one,True,True,False,official_route_sequence_exact_full_pattern,direction_not_encoded,partial,B,exact,A,upgraded_with_official_complete_pattern_evidence,official_json_routeId_routeSeq_stopSeq_complete_sequence,"{""candidate_count"":1,""official_stop_ids"":[""20014766"",""20001169"",""20005032"",""20001174""],""schedule_stop_ids"":[""20014766"",""20001169"",""20005032"",""20001174""]}",
line_gmb_2006676,gmb_2006676_1,2006676,1,1,3,3,1,one,True,True,False,official_route_sequence_exact_full_pattern,direction_not_encoded,partial,B,exact,A,upgraded_with_official_complete_pattern_evidence,official_json_routeId_routeSeq_stopSeq_complete_sequence,"{""candidate_count"":1,""official_stop_ids"":[""20014766"",""20014774"",""20001174""],""schedule_stop_ids"":[""20014766"",""20014774"",""20001174""]}",
line_gmb_2006677,gmb_2006677_1,2006677,1,1,12,12,1,one,True,True,False,official_route_sequence_exact_full_pattern,direction_not_encoded,partial,B,exact,A,upgraded_with_official_complete_pattern_evidence,official_json_routeId_routeSeq_stopSeq_complete_sequence,"{""candidate_count"":1,""official_stop_ids"":[""20014246"",""20014780"",""20014781"",""20014782"",""20014783"",""20014784"",""20014198"",""20014785"",""20014786"",""20014787"",""20014788"",""20014246""],""schedule_stop_ids"":[""20014246"",""20014780"",""20014781"",""20014782"",""20014783"",""20014784"",""20014198"",""20014785"",""20014786"",""20014787"",""20014788"",""20014246""]}",
line_gmb_2006678,gmb_2006678_1,2006678,1,1,7,7,1,one,True,True,False,official_route_sequence_exact_full_pattern,direction_not_encoded,partial,B,exact,A,upgraded_with_official_complete_pattern_evidence,official_json_routeId_routeSeq_stopSeq_complete_sequence,"{""candidate_count"":1,""official_stop_ids"":[""20014775"",""20001690"",""20019601"",""20014776"",""20014777"",""20014778"",""20014779""],""schedule_stop_ids"":[""20014775"",""20001690"",""20019601"",""20014776"",""20014777"",""20014778"",""20014779""]}",
line_gmb_2006678,gmb_2006678_2,2006678,2,2,8,8,1,one,True,True,False,official_route_sequence_exact_full_pattern,direction_not_encoded,partial,B,exact,A,upgraded_with_official_complete_pattern_evidence,official_json_routeId_routeSeq_stopSeq_complete_sequence,"{""candidate_count"":1,""official_stop_ids"":[""20014779"",""20014789"",""20011986"",""20014790"",""20001696"",""20014791"",""20014792"",""20014793""],""schedule_stop_ids"":[""20014779"",""20014789"",""20011986"",""20014790"",""20001696"",""20014791"",""20014792"",""20014793""]}",
line_gmb_2006679,gmb_2006679_1,2006679,1,1,9,9,1,one,True,True,False,official_route_sequence_exact_full_pattern,direction_not_encoded,partial,B,exact,A,upgraded_with_official_complete_pattern_evidence,official_json_routeId_routeSeq_stopSeq_complete_sequence,"{""candidate_count"":1,""official_stop_ids"":[""20014782"",""20014783"",""20014784"",""20014198"",""20014785"",""20014786"",""20014787"",""20014788"",""20000546""],""schedule_stop_ids"":[""20014782"",""20014783"",""20014784"",""20014198"",""20014785"",""20014786"",""20014787"",""20014788"",""20000546""]}",
line_gmb_2006680,gmb_2006680_1,2006680,1,1,11,11,1,one,True,True,False,official_route_sequence_exact_full_pattern,direction_not_encoded,partial,B,exact,A,upgraded_with_official_complete_pattern_evidence,official_json_routeId_routeSeq_stopSeq_complete_sequence,"{""candidate_count"":1,""official_stop_ids"":[""20014795"",""20014796"",""20014797"",""20014798"",""20014799"",""20014800"",""20014801"",""20014802"",""20014803"",""20021052"",""20014804""],""schedule_stop_ids"":[""20014795"",""20014796"",""20014797"",""20014798"",""20014799"",""20014800"",""20014801"",""20014802"",""20014803"",""20021052"",""20014804""]}",
line_gmb_2006680,gmb_2006680_2,2006680,2,2,12,12,1,one,True,True,False,official_route_sequence_exact_full_pattern,direction_not_encoded,partial,B,exact,A,upgraded_with_official_complete_pattern_evidence,official_json_routeId_routeSeq_stopSeq_complete_sequence,"{""candidate_count"":1,""official_stop_ids"":[""20014804"",""20014806"",""20021052"",""20014807"",""20014808"",""20014809"",""20014810"",""20014798"",""20014811"",""20014812"",""20014813"",""20014795""],""schedule_stop_ids"":[""20014804"",""20014806"",""20021052"",""20014807"",""20014808"",""20014809"",""20014810"",""20014798"",""20014811"",""20014812"",""20014813"",""20014795""]}",
line_gmb_2006681,gmb_2006681_1,2006681,1,1,6,6,1,one,True,True,False,official_route_sequence_exact_full_pattern,direction_not_encoded,partial,B,exact,A,upgraded_with_official_complete_pattern_evidence,official_json_routeId_routeSeq_stopSeq_complete_sequence,"{""candidate_count"":1,""official_stop_ids"":[""20014816"",""20014817"",""20014797"",""20014818"",""20014798"",""20014819""],""schedule_stop_ids"":[""20014816"",""20014817"",""20014797"",""20014818"",""20014798"",""20014819""]}",
line_gmb_2006681,gmb_2006681_2,2006681,2,2,7,7,1,one,True,True,False,official_route_sequence_exact_full_pattern,direction_not_encoded,partial,B,exact,A,upgraded_with_official_complete_pattern_evidence,official_json_routeId_routeSeq_stopSeq_complete_sequence,"{""candidate_count"":1,""official_stop_ids"":[""20014819"",""20014798"",""20014820"",""20014812"",""20014813"",""20014849"",""20014816""],""schedule_stop_ids"":[""20014819"",""20014798"",""20014820"",""20014812"",""20014813"",""20014849"",""20014816""]}",
line_gmb_2006705,gmb_2006705_1,2006705,1,1,12,12,1,one,True,True,False,official_route_sequence_exact_full_pattern,direction_not_encoded,partial,B,exact,A,upgraded_with_official_complete_pattern_evidence,official_json_routeId_routeSeq_stopSeq_complete_sequence,"{""candidate_count"":1,""official_stop_ids"":[""20014848"",""20014849"",""20001716"",""20021877"",""20016551"",""20011986"",""20019600"",""20001696"",""20014791"",""20014851"",""20014852"",""20012208""],""schedule_stop_ids"":[""20014848"",""20014849"",""20001716"",""20021877"",""20016551"",""20011986"",""20019600"",""20001696"",""20014791"",""20014851"",""20014852"",""20012208""]}",
line_gmb_2006705,gmb_2006705_2,2006705,2,2,9,9,1,one,True,True,False,official_route_sequence_exact_full_pattern,direction_not_encoded,partial,B,exact,A,upgraded_with_official_complete_pattern_evidence,official_json_routeId_routeSeq_stopSeq_complete_sequence,"{""candidate_count"":1,""official_stop_ids"":[""20012208"",""20014853"",""20014854"",""20001690"",""20019601"",""20014983"",""20014856"",""20014857"",""20014858""],""schedule_stop_ids"":[""20012208"",""20014853"",""20014854"",""20001690"",""20019601"",""20014983"",""20014856"",""20014857"",""20014858""]}",
line_gmb_2006706,gmb_2006706_1,2006706,1,1,23,23,1,one,True,True,False,official_route_sequence_exact_full_pattern,direction_not_encoded,partial,B,exact,A,upgraded_with_official_complete_pattern_evidence,official_json_routeId_routeSeq_stopSeq_complete_sequence,"{""candidate_count"":1,""official_stop_ids"":[""20014859"",""20014860"",""20014865"",""20014866"",""20014867"",""20000324"",""20004545"",""20004544"",""20004106"",""20004542"",""20004541"",""20014868"",""20014869"",""20000008"",""20000009"",""20014870"",""20014871"",""20004547"",""20014872"",""20000348"",""20004594"",""20014873"",""20014874""],""schedule_stop_ids"":[""20014859"",""20014860"",""20014865"",""20014866"",""20014867"",""20000324"",""20004545"",""20004544"",""20004106"",""20004542"",""20004541"",""20014868"",""20014869"",""20000008"",""20000009"",""20014870"",""20014871"",""20004547"",""20014872"",""20000348"",""20004594"",""20014873"",""20014874""]}",
line_gmb_2006706,gmb_2006706_2,2006706,2,2,23,23,1,one,True,True,False,official_route_sequence_exact_full_pattern,direction_not_encoded,partial,B,exact,A,upgraded_with_official_complete_pattern_evidence,official_json_routeId_routeSeq_stopSeq_complete_sequence,"{""candidate_count"":1,""official_stop_ids"":[""20014874"",""20014875"",""20000331"",""20000011"",""20014876"",""20002403"",""20000174"",""20014877"",""20014878"",""20014879"",""20014880"",""20000015"",""20014527"",""20014881"",""20014537"",""20000017"",""20000018"",""20000019"",""20000020"",""20014882"",""20014883"",""20014884"",""20014859""],""schedule_stop_ids"":[""20014874"",""20014875"",""20000331"",""20000011"",""20014876"",""20002403"",""20000174"",""20014877"",""20014878"",""20014879"",""20014880"",""20000015"",""20014527"",""20014881"",""20014537"",""20000017"",""20000018"",""20000019"",""20000020"",""20014882"",""20014883"",""20014884"",""20014859""]}",
line_gmb_2006738,gmb_2006738_1,2006738,1,1,27,27,1,one,True,True,False,official_route_sequence_exact_full_pattern,direction_not_encoded,partial,B,exact,A,upgraded_with_official_complete_pattern_evidence,official_json_routeId_routeSeq_stopSeq_complete_sequence,"{""candidate_count"":1,""official_stop_ids"":[""20014885"",""20014887"",""20014886"",""20004593"",""20010278"",""20004559"",""20004560"",""20004561"",""20004114"",""20002403"",""20000174"",""20014877"",""20014878"",""20014879"",""20014888"",""20000015"",""20014527"",""20004105"",""20000173"",""20000017"",""20000018"",""20000019"",""20000305"",""20000020"",""20014889"",""20014884"",""20014859""],""schedule_stop_ids"":[""20014885"",""20014887"",""20014886"",""20004593"",""20010278"",""20004559"",""20004560"",""20004561"",""20004114"",""20002403"",""20000174"",""20014877"",""20014878"",""20014879"",""20014888"",""20000015"",""20014527"",""20004105"",""20000173"",""20000017"",""20000018"",""20000019"",""20000305"",""20000020"",""20014889"",""20014884"",""20014859""]}",
line_gmb_2006738,gmb_2006738_2,2006738,2,2,29,29,1,one,True,True,False,official_route_sequence_exact_full_pattern,direction_not_encoded,partial,B,exact,A,upgraded_with_official_complete_pattern_evidence,official_json_routeId_routeSeq_stopSeq_complete_sequence,"{""candidate_count"":1,""official_stop_ids"":[""20014859"",""20014860"",""20014890"",""20014866"",""20014867"",""20000324"",""20004545"",""20004544"",""20004106"",""20004542"",""20004541"",""20014868"",""20014869"",""20000008"",""20000009"",""20014870"",""20004546"",""20014891"",""20004564"",""20004565"",""20000367"",""20014892"",""20014893"",""20004588"",""20004589"",""20000175"",""20000177"",""20014894"",""20014885""],""schedule_stop_ids"":[""20014859"",""20014860"",""20014890"",""20014866"",""20014867"",""20000324"",""20004545"",""20004544"",""20004106"",""20004542"",""20004541"",""20014868"",""20014869"",""20000008"",""20000009"",""20014870"",""20004546"",""20014891"",""20004564"",""20004565"",""20000367"",""20014892"",""20014893"",""20004588"",""20004589"",""20000175"",""20000177"",""20014894"",""20014885""]}",
line_gmb_2006739,gmb_2006739_1,2006739,1,1,13,13,1,one,True,True,False,official_route_sequence_exact_full_pattern,direction_not_encoded,partial,B,exact,A,upgraded_with_official_complete_pattern_evidence,official_json_routeId_routeSeq_stopSeq_complete_sequence,"{""candidate_count"":1,""official_stop_ids"":[""20014859"",""20014860"",""20014890"",""20000008"",""20000009"",""20014870"",""20014871"",""20004547"",""20014872"",""20000348"",""20004594"",""20014873"",""20014874""],""schedule_stop_ids"":[""20014859"",""20014860"",""20014890"",""20000008"",""20000009"",""20014870"",""20014871"",""20004547"",""20014872"",""20000348"",""20004594"",""20014873"",""20014874""]}",
line_gmb_2006739,gmb_2006739_2,2006739,2,2,13,13,1,one,True,True,False,official_route_sequence_exact_full_pattern,direction_not_encoded,partial,B,exact,A,upgraded_with_official_complete_pattern_evidence,official_json_routeId_routeSeq_stopSeq_complete_sequence,"{""candidate_count"":1,""official_stop_ids"":[""20014874"",""20014875"",""20000331"",""20000011"",""20014876"",""20002403"",""20000174"",""20014877"",""20014878"",""20000020"",""20014889"",""20014884"",""20014859""],""schedule_stop_ids"":[""20014874"",""20014875"",""20000331"",""20000011"",""20014876"",""20002403"",""20000174"",""20014877"",""20014878"",""20000020"",""20014889"",""20014884"",""20014859""]}",
line_gmb_2006772,gmb_2006772_1,2006772,1,1,27,27,1,one,True,True,False,official_route_sequence_exact_full_pattern,direction_not_encoded,partial,B,exact,A,upgraded_with_official_complete_pattern_evidence,official_json_routeId_routeSeq_stopSeq_complete_sequence,"{""candidate_count"":1,""official_stop_ids"":[""20014885"",""20014887"",""20014886"",""20004593"",""20010278"",""20004559"",""20004560"",""20004561"",""20004114"",""20002403"",""20000174"",""20014877"",""20014878"",""20014879"",""20014888"",""20000015"",""20014527"",""20004105"",""20000173"",""20000017"",""20000018"",""20000019"",""20000305"",""20000020"",""20014889"",""20014884"",""20014859""],""schedule_stop_ids"":[""20014885"",""20014887"",""20014886"",""20004593"",""20010278"",""20004559"",""20004560"",""20004561"",""20004114"",""20002403"",""20000174"",""20014877"",""20014878"",""20014879"",""20014888"",""20000015"",""20014527"",""20004105"",""20000173"",""20000017"",""20000018"",""20000019"",""20000305"",""20000020"",""20014889"",""20014884"",""20014859""]}",
line_gmb_2006772,gmb_2006772_2,2006772,2,2,29,29,1,one,True,True,False,official_route_sequence_exact_full_pattern,direction_not_encoded,partial,B,exact,A,upgraded_with_official_complete_pattern_evidence,official_json_routeId_routeSeq_stopSeq_complete_sequence,"{""candidate_count"":1,""official_stop_ids"":[""20014859"",""20014860"",""20014890"",""20014866"",""20014867"",""20000324"",""20004545"",""20004544"",""20004106"",""20004542"",""20004541"",""20014868"",""20014869"",""20000008"",""20000009"",""20014870"",""20014871"",""20014891"",""20004564"",""20004565"",""20000367"",""20014892"",""20014893"",""20004588"",""20004589"",""20000175"",""20000177"",""20014894"",""20014885""],""schedule_stop_ids"":[""20014859"",""20014860"",""20014890"",""20014866"",""20014867"",""20000324"",""20004545"",""20004544"",""20004106"",""20004542"",""20004541"",""20014868"",""20014869"",""20000008"",""20000009"",""20014870"",""20014871"",""20014891"",""20004564"",""20004565"",""20000367"",""20014892"",""20014893"",""20004588"",""20004589"",""20000175"",""20000177"",""20014894"",""20014885""]}",
line_gmb_2006837,gmb_2006837_1,2006837,1,1,15,15,1,one,True,True,False,official_route_sequence_exact_full_pattern,direction_not_encoded,partial,B,exact,A,upgraded_with_official_complete_pattern_evidence,official_json_routeId_routeSeq_stopSeq_complete_sequence,"{""candidate_count"":1,""official_stop_ids"":[""20014947"",""20012780"",""20002125"",""20001656"",""20002141"",""20001658"",""20001680"",""20001861"",""20001864"",""20001690"",""20014948"",""20001670"",""20001671"",""20012781"",""20014947""],""schedule_stop_ids"":[""20014947"",""20012780"",""20002125"",""20001656"",""20002141"",""20001658"",""20001680"",""20001861"",""20001864"",""20001690"",""20014948"",""20001670"",""20001671"",""20012781"",""20014947""]}",
line_gmb_2006870,gmb_2006870_1,2006870,1,1,11,11,1,one,True,True,False,official_route_sequence_exact_full_pattern,direction_not_encoded,partial,B,exact,A,upgraded_with_official_complete_pattern_evidence,official_json_routeId_routeSeq_stopSeq_complete_sequence,"{""candidate_count"":1,""official_stop_ids"":[""20014980"",""20014981"",""20014982"",""20001690"",""20014776"",""20014983"",""20014856"",""20014857"",""20015178"",""20001428"",""20019039""],""schedule_stop_ids"":[""20014980"",""20014981"",""20014982"",""20001690"",""20014776"",""20014983"",""20014856"",""20014857"",""20015178"",""20001428"",""20019039""]}",
line_gmb_2006870,gmb_2006870_2,2006870,2,2,7,7,1,one,True,True,False,official_route_sequence_exact_full_pattern,direction_not_encoded,partial,B,exact,A,upgraded_with_official_complete_pattern_evidence,official_json_routeId_routeSeq_stopSeq_complete_sequence,"{""candidate_count"":1,""official_stop_ids"":[""20019039"",""20001418"",""20013528"",""20021877"",""20014985"",""20001696"",""20014980""],""schedule_stop_ids"":[""20019039"",""20001418"",""20013528"",""20021877"",""20014985"",""20001696"",""20014980""]}",
line_gmb_2006903,gmb_2006903_1,2006903,1,1,9,9,1,one,True,True,False,official_route_sequence_exact_full_pattern,direction_not_encoded,partial,B,exact,A,upgraded_with_official_complete_pattern_evidence,official_json_routeId_routeSeq_stopSeq_complete_sequence,"{""candidate_count"":1,""official_stop_ids"":[""20014982"",""20001690"",""20014776"",""20014983"",""20014856"",""20014857"",""20015178"",""20001428"",""20019039""],""schedule_stop_ids"":[""20014982"",""20001690"",""20014776"",""20014983"",""20014856"",""20014857"",""20015178"",""20001428"",""20019039""]}",
line_gmb_2006904,gmb_2006904_1,2006904,1,1,3,3,1,one,True,True,False,official_route_sequence_exact_full_pattern,direction_not_encoded,partial,B,exact,A,upgraded_with_official_complete_pattern_evidence,official_json_routeId_routeSeq_stopSeq_complete_sequence,"{""candidate_count"":1,""official_stop_ids"":[""20014858"",""20001428"",""20019039""],""schedule_stop_ids"":[""20014858"",""20001428"",""20019039""]}",
line_gmb_2006904,gmb_2006904_2,2006904,2,2,3,3,1,one,True,True,False,official_route_sequence_exact_full_pattern,direction_not_encoded,partial,B,exact,A,upgraded_with_official_complete_pattern_evidence,official_json_routeId_routeSeq_stopSeq_complete_sequence,"{""candidate_count"":1,""official_stop_ids"":[""20019039"",""20001418"",""20014858""],""schedule_stop_ids"":[""20019039"",""20001418"",""20014858""]}",
line_gmb_2006906,gmb_2006906_1,2006906,1,1,3,3,1,one,True,True,False,official_route_sequence_exact_full_pattern,direction_not_encoded,partial,B,exact,A,upgraded_with_official_complete_pattern_evidence,official_json_routeId_routeSeq_stopSeq_complete_sequence,"{""candidate_count"":1,""official_stop_ids"":[""20014980"",""20014981"",""20014986""],""schedule_stop_ids"":[""20014980"",""20014981"",""20014986""]}",
line_gmb_2006907,gmb_2006907_1,2006907,1,1,2,2,1,one,True,True,False,official_route_sequence_exact_full_pattern,direction_not_encoded,partial,B,exact,A,upgraded_with_official_complete_pattern_evidence,official_json_routeId_routeSeq_stopSeq_complete_sequence,"{""candidate_count"":1,""official_stop_ids"":[""20014982"",""20014986""],""schedule_stop_ids"":[""20014982"",""20014986""]}",
line_gmb_2006936,gmb_2006936_1,2006936,1,1,11,11,1,one,True,True,False,official_route_sequence_exact_full_pattern,direction_not_encoded,partial,B,exact,A,upgraded_with_official_complete_pattern_evidence,official_json_routeId_routeSeq_stopSeq_complete_sequence,"{""candidate_count"":1,""official_stop_ids"":[""20015013"",""20015014"",""20015015"",""20015016"",""20015302"",""20015018"",""20015019"",""20015020"",""20014651"",""20015021"",""20015022""],""schedule_stop_ids"":[""20015013"",""20015014"",""20015015"",""20015016"",""20015302"",""20015018"",""20015019"",""20015020"",""20014651"",""20015021"",""20015022""]}",
line_gmb_2006936,gmb_2006936_2,2006936,2,2,8,8,1,one,True,True,False,official_route_sequence_exact_full_pattern,direction_not_encoded,partial,B,exact,A,upgraded_with_official_complete_pattern_evidence,official_json_routeId_routeSeq_stopSeq_complete_sequence,"{""candidate_count"":1,""official_stop_ids"":[""20015022"",""20015112"",""20015113"",""20015114"",""20015115"",""20015116"",""20015117"",""20015118""],""schedule_stop_ids"":[""20015022"",""20015112"",""20015113"",""20015114"",""20015115"",""20015116"",""20015117"",""20015118""]}",
line_gmb_2006969,gmb_2006969_1,2006969,1,1,38,38,1,one,True,True,False,official_route_sequence_exact_full_pattern,direction_not_encoded,partial,B,exact,A,upgraded_with_official_complete_pattern_evidence,official_json_routeId_routeSeq_stopSeq_complete_sequence,"{""candidate_count"":1,""official_stop_ids"":[""20015046"",""20015047"",""20015048"",""20015049"",""20015050"",""20015051"",""20020171"",""20015052"",""20015053"",""20014133"",""20014134"",""20003072"",""20014135"",""20014136"",""20014137"",""20020172"",""20020173"",""20019204"",""20020174"",""20015058"",""20015059"",""20015060"",""20016234"",""20017818"",""20014147"",""20017819"",""20014149"",""20014150"",""20017820"",""20001020"",""20020175"",""20015065"",""20020176"",""20015066"",""20015067"",""20020177"",""20015068"",""20015046""],""schedule_stop_ids"":[""20015046"",""20015047"",""20015048"",""20015049"",""20015050"",""20015051"",""20020171"",""20015052"",""20015053"",""20014133"",""20014134"",""20003072"",""20014135"",""20014136"",""20014137"",""20020172"",""20020173"",""20019204"",""20020174"",""20015058"",""20015059"",""20015060"",""20016234"",""20017818"",""20014147"",""20017819"",""20014149"",""20014150"",""20017820"",""20001020"",""20020175"",""20015065"",""20020176"",""20015066"",""20015067"",""20020177"",""20015068"",""20015046""]}",
line_gmb_2007002,gmb_2007002_1,2007002,1,1,14,14,1,one,True,True,False,official_route_sequence_exact_full_pattern,direction_not_encoded,partial,B,exact,A,upgraded_with_official_complete_pattern_evidence,official_json_routeId_routeSeq_stopSeq_complete_sequence,"{""candidate_count"":1,""official_stop_ids"":[""20019204"",""20015069"",""20015070"",""20015071"",""20015072"",""20015073"",""20001020"",""20020178"",""20015074"",""20015075"",""20015076"",""20015077"",""20015078"",""20015079""],""schedule_stop_ids"":[""20019204"",""20015069"",""20015070"",""20015071"",""20015072"",""20015073"",""20001020"",""20020178"",""20015074"",""20015075"",""20015076"",""20015077"",""20015078"",""20015079""]}",
line_gmb_2007002,gmb_2007002_2,2007002,2,2,16,16,1,one,True,True,False,official_route_sequence_exact_full_pattern,direction_not_encoded,partial,B,exact,A,upgraded_with_official_complete_pattern_evidence,official_json_routeId_routeSeq_stopSeq_complete_sequence,"{""candidate_count"":1,""official_stop_ids"":[""20015079"",""20015080"",""20015081"",""20016333"",""20020179"",""20015082"",""20015083"",""20015052"",""20014133"",""20020181"",""20020180"",""20015085"",""20015086"",""20015087"",""20015088"",""20019204""],""schedule_stop_ids"":[""20015079"",""20015080"",""20015081"",""20016333"",""20020179"",""20015082"",""20015083"",""20015052"",""20014133"",""20020181"",""20020180"",""20015085"",""20015086"",""20015087"",""20015088"",""20019204""]}",
line_gmb_2007035,gmb_2007035_1,2007035,1,1,11,11,1,one,True,True,False,official_route_sequence_exact_full_pattern,direction_not_encoded,partial,B,exact,A,upgraded_with_official_complete_pattern_evidence,official_json_routeId_routeSeq_stopSeq_complete_sequence,"{""candidate_count"":1,""official_stop_ids"":[""20015118"",""20015014"",""20015015"",""20015016"",""20015017"",""20015018"",""20015019"",""20015310"",""20015311"",""20015021"",""20015022""],""schedule_stop_ids"":[""20015118"",""20015014"",""20015015"",""20015016"",""20015017"",""20015018"",""20015019"",""20015310"",""20015311"",""20015021"",""20015022""]}",
line_gmb_2007068,gmb_2007068_1,2007068,1,1,15,15,1,one,True,True,False,official_route_sequence_exact_full_pattern,direction_not_encoded,partial,B,exact,A,upgraded_with_official_complete_pattern_evidence,official_json_routeId_routeSeq_stopSeq_complete_sequence,"{""candidate_count"":1,""official_stop_ids"":[""20015118"",""20015014"",""20015015"",""20015016"",""20014664"",""20015018"",""20015019"",""20015119"",""20015120"",""20015157"",""20014785"",""20015158"",""20014245"",""20004126"",""20000546""],""schedule_stop_ids"":[""20015118"",""20015014"",""20015015"",""20015016"",""20014664"",""20015018"",""20015019"",""20015119"",""20015120"",""20015157"",""20014785"",""20015158"",""20014245"",""20004126"",""20000546""]}",
line_gmb_2007068,gmb_2007068_2,2007068,2,2,15,15,1,one,True,True,False,official_route_sequence_exact_full_pattern,direction_not_encoded,partial,B,exact,A,upgraded_with_official_complete_pattern_evidence,official_json_routeId_routeSeq_stopSeq_complete_sequence,"{""candidate_count"":1,""official_stop_ids"":[""20000546"",""20015159"",""20015160"",""20015161"",""20015162"",""20014203"",""20014210"",""20015163"",""20015164"",""20015114"",""20001964"",""20015115"",""20015116"",""20015117"",""20015118""],""schedule_stop_ids"":[""20000546"",""20015159"",""20015160"",""20015161"",""20015162"",""20014203"",""20014210"",""20015163"",""20015164"",""20015114"",""20001964"",""20015115"",""20015116"",""20015117"",""20015118""]}",
line_gmb_2007134,gmb_2007134_1,2007134,1,1,18,18,1,one,True,True,False,official_route_sequence_exact_full_pattern,direction_not_encoded,partial,B,exact,A,upgraded_with_official_complete_pattern_evidence,official_json_routeId_routeSeq_stopSeq_complete_sequence,"{""candidate_count"":1,""official_stop_ids"":[""20014731"",""20014753"",""20014754"",""20014755"",""20014757"",""20014758"",""20014760"",""20015211"",""20014763"",""20014764"",""20015212"",""20007736"",""20015213"",""20015214"",""20015215"",""20015216"",""20015217"",""20015218""],""schedule_stop_ids"":[""20014731"",""20014753"",""20014754"",""20014755"",""20014757"",""20014758"",""20014760"",""20015211"",""20014763"",""20014764"",""20015212"",""20007736"",""20015213"",""20015214"",""20015215"",""20015216"",""20015217"",""20015218""]}",
line_gmb_2007134,gmb_2007134_2,2007134,2,2,12,12,1,one,True,True,False,official_route_sequence_exact_full_pattern,direction_not_encoded,partial,B,exact,A,upgraded_with_official_complete_pattern_evidence,official_json_routeId_routeSeq_stopSeq_complete_sequence,"{""candidate_count"":1,""official_stop_ids"":[""20015218"",""20015219"",""20015215"",""20015224"",""20001973"",""20001171"",""20001140"",""20015222"",""20015223"",""20014717"",""20014718"",""20014731""],""schedule_stop_ids"":[""20015218"",""20015219"",""20015215"",""20015224"",""20001973"",""20001171"",""20001140"",""20015222"",""20015223"",""20014717"",""20014718"",""20014731""]}",
line_gmb_2007168,gmb_2007168_1,2007168,1,1,14,14,1,one,True,True,False,official_route_sequence_exact_full_pattern,direction_not_encoded,partial,B,exact,A,upgraded_with_official_complete_pattern_evidence,official_json_routeId_routeSeq_stopSeq_complete_sequence,"{""candidate_count"":1,""official_stop_ids"":[""20015118"",""20015014"",""20015015"",""20015016"",""20015017"",""20015018"",""20015019"",""20015310"",""20015311"",""20014198"",""20015158"",""20014245"",""20004126"",""20000546""],""schedule_stop_ids"":[""20015118"",""20015014"",""20015015"",""20015016"",""20015017"",""20015018"",""20015019"",""20015310"",""20015311"",""20014198"",""20015158"",""20014245"",""20004126"",""20000546""]}",
line_gmb_2007169,gmb_2007169_1,2007169,1,1,5,5,1,one,True,True,False,official_route_sequence_exact_full_pattern,direction_not_encoded,partial,B,exact,A,upgraded_with_official_complete_pattern_evidence,official_json_routeId_routeSeq_stopSeq_complete_sequence,"{""candidate_count"":1,""official_stop_ids"":[""20015118"",""20015014"",""20015015"",""20007017"",""20015225""],""schedule_stop_ids"":[""20015118"",""20015014"",""20015015"",""20007017"",""20015225""]}",
line_gmb_2007169,gmb_2007169_2,2007169,2,2,5,5,1,one,True,True,False,official_route_sequence_exact_full_pattern,direction_not_encoded,partial,B,exact,A,upgraded_with_official_complete_pattern_evidence,official_json_routeId_routeSeq_stopSeq_complete_sequence,"{""candidate_count"":1,""official_stop_ids"":[""20015225"",""20015115"",""20015116"",""20015117"",""20015118""],""schedule_stop_ids"":[""20015225"",""20015115"",""20015116"",""20015117"",""20015118""]}",
line_gmb_2007200,gmb_2007200_1,2007200,1,1,24,24,1,one,True,True,False,official_route_sequence_exact_full_pattern,direction_not_encoded,partial,B,exact,A,upgraded_with_official_complete_pattern_evidence,official_json_routeId_routeSeq_stopSeq_complete_sequence,"{""candidate_count"":1,""official_stop_ids"":[""20015226"",""20015227"",""20001142"",""20001993"",""20001145"",""20001994"",""20015228"",""20001996"",""20012507"",""20012439"",""20012440"",""20000814"",""20016736"",""20000633"",""20015229"",""20000946"",""20012476"",""20012477"",""20015230"",""20015231"",""20002001"",""20015232"",""20012496"",""20015226""],""schedule_stop_ids"":[""20015226"",""20015227"",""20001142"",""20001993"",""20001145"",""20001994"",""20015228"",""20001996"",""20012507"",""20012439"",""20012440"",""20000814"",""20016736"",""20000633"",""20015229"",""20000946"",""20012476"",""20012477"",""20015230"",""20015231"",""20002001"",""20015232"",""20012496"",""20015226""]}",
line_gmb_2007201,gmb_2007201_1,2007201,1,1,7,7,1,one,True,True,False,official_route_sequence_exact_full_pattern,direction_not_encoded,partial,B,exact,A,upgraded_with_official_complete_pattern_evidence,official_json_routeId_routeSeq_stopSeq_complete_sequence,"{""candidate_count"":1,""official_stop_ids"":[""20015234"",""20015235"",""20015236"",""20002605"",""20015222"",""20015223"",""20014731""],""schedule_stop_ids"":[""20015234"",""20015235"",""20015236"",""20002605"",""20015222"",""20015223"",""20014731""]}",
line_gmb_2007201,gmb_2007201_2,2007201,2,2,10,10,1,one,True,True,False,official_route_sequence_exact_full_pattern,direction_not_encoded,partial,B,exact,A,upgraded_with_official_complete_pattern_evidence,official_json_routeId_routeSeq_stopSeq_complete_sequence,"{""candidate_count"":1,""official_stop_ids"":[""20014731"",""20014753"",""20014755"",""20014757"",""20014760"",""20014761"",""20014763"",""20015237"",""20015238"",""20015234""],""schedule_stop_ids"":[""20014731"",""20014753"",""20014755"",""20014757"",""20014760"",""20014761"",""20014763"",""20015237"",""20015238"",""20015234""]}",
line_gmb_2007233,gmb_2007233_1,2007233,1,1,20,20,1,one,True,True,False,official_route_sequence_exact_full_pattern,direction_not_encoded,partial,B,exact,A,upgraded_with_official_complete_pattern_evidence,official_json_routeId_routeSeq_stopSeq_complete_sequence,"{""candidate_count"":1,""official_stop_ids"":[""20015244"",""20012057"",""20000895"",""20015245"",""20022933"",""20015252"",""20015248"",""20014651"",""20014198"",""20015158"",""20014245"",""20004126"",""20000628"",""20020165"",""20000629"",""20015249"",""20000630"",""20000631"",""20015250"",""20015251""],""schedule_stop_ids"":[""20015244"",""20012057"",""20000895"",""20015245"",""20022933"",""20015252"",""20015248"",""20014651"",""20014198"",""20015158"",""20014245"",""20004126"",""20000628"",""20020165"",""20000629"",""20015249"",""20000630"",""20000631"",""20015250"",""20015251""]}",
line_gmb_2007233,gmb_2007233_2,2007233,2,2,21,21,1,one,True,True,False,official_route_sequence_exact_full_pattern,direction_not_encoded,partial,B,exact,A,upgraded_with_official_complete_pattern_evidence,official_json_routeId_routeSeq_stopSeq_complete_sequence,"{""candidate_count"":1,""official_stop_ids"":[""20015251"",""20015253"",""20015254"",""20015255"",""20015256"",""20000909"",""20015257"",""20000911"",""20020166"",""20013238"",""20000912"",""20020167"",""20015258"",""20015259"",""20015260"",""20014204"",""20014205"",""20015261"",""20008514"",""20000923"",""20015244""],""schedule_stop_ids"":[""20015251"",""20015253"",""20015254"",""20015255"",""20015256"",""20000909"",""20015257"",""20000911"",""20020166"",""20013238"",""20000912"",""20020167"",""20015258"",""20015259"",""20015260"",""20014204"",""20014205"",""20015261"",""20008514"",""20000923"",""20015244""]}",
line_gmb_2007234,gmb_2007234_1,2007234,1,1,18,18,1,one,True,True,False,official_route_sequence_exact_full_pattern,direction_not_encoded,partial,B,exact,A,upgraded_with_official_complete_pattern_evidence,official_json_routeId_routeSeq_stopSeq_complete_sequence,"{""candidate_count"":1,""official_stop_ids"":[""20015253"",""20015254"",""20015255"",""20015256"",""20000909"",""20015257"",""20000911"",""20013238"",""20000912"",""20015258"",""20015259"",""20015260"",""20014204"",""20014205"",""20015261"",""20010587"",""20000923"",""20015244""],""schedule_stop_ids"":[""20015253"",""20015254"",""20015255"",""20015256"",""20000909"",""20015257"",""20000911"",""20013238"",""20000912"",""20015258"",""20015259"",""20015260"",""20014204"",""20014205"",""20015261"",""20010587"",""20000923"",""20015244""]}",
line_gmb_2007266,gmb_2007266_1,2007266,1,1,6,6,1,one,True,True,False,official_route_sequence_exact_full_pattern,direction_not_encoded,partial,B,exact,A,upgraded_with_official_complete_pattern_evidence,official_json_routeId_routeSeq_stopSeq_complete_sequence,"{""candidate_count"":1,""official_stop_ids"":[""20012208"",""20014853"",""20015277"",""20012736"",""20012315"",""20015280""],""schedule_stop_ids"":[""20012208"",""20014853"",""20015277"",""20012736"",""20012315"",""20015280""]}",
line_gmb_2007266,gmb_2007266_2,2007266,2,2,5,5,1,one,True,True,False,official_route_sequence_exact_full_pattern,direction_not_encoded,partial,B,exact,A,upgraded_with_official_complete_pattern_evidence,official_json_routeId_routeSeq_stopSeq_complete_sequence,"{""candidate_count"":1,""official_stop_ids"":[""20015280"",""20015281"",""20013529"",""20015282"",""20012208""],""schedule_stop_ids"":[""20015280"",""20015281"",""20013529"",""20015282"",""20012208""]}",
line_gmb_2007267,gmb_2007267_1,2007267,1,1,19,19,1,one,True,True,False,official_route_sequence_exact_full_pattern,direction_not_encoded,partial,B,exact,A,upgraded_with_official_complete_pattern_evidence,official_json_routeId_routeSeq_stopSeq_complete_sequence,"{""candidate_count"":1,""official_stop_ids"":[""20015145"",""20015283"",""20015284"",""20002022"",""20015285"",""20015286"",""20015287"",""20000994"",""20015288"",""20015289"",""20020333"",""20007017"",""20015290"",""20015295"",""20015292"",""20021325"",""20000946"",""20015294"",""20015145""],""schedule_stop_ids"":[""20015145"",""20015283"",""20015284"",""20002022"",""20015285"",""20015286"",""20015287"",""20000994"",""20015288"",""20015289"",""20020333"",""20007017"",""20015290"",""20015295"",""20015292"",""20021325"",""20000946"",""20015294"",""20015145""]}",
line_gmb_2007299,gmb_2007299_1,2007299,1,1,17,17,1,one,True,True,False,official_route_sequence_exact_full_pattern,direction_not_encoded,partial,B,exact,A,upgraded_with_official_complete_pattern_evidence,official_json_routeId_routeSeq_stopSeq_complete_sequence,"{""candidate_count"":1,""official_stop_ids"":[""20000953"",""20000952"",""20000954"",""20001117"",""20020163"",""20015302"",""20015296"",""20015297"",""20015298"",""20008189"",""20015299"",""20014204"",""20001964"",""20015300"",""20006002"",""20015301"",""20000953""],""schedule_stop_ids"":[""20000953"",""20000952"",""20000954"",""20001117"",""20020163"",""20015302"",""20015296"",""20015297"",""20015298"",""20008189"",""20015299"",""20014204"",""20001964"",""20015300"",""20006002"",""20015301"",""20000953""]}",
line_gmb_2007300,gmb_2007300_1,2007300,1,1,6,6,1,one,True,True,False,official_route_sequence_exact_full_pattern,direction_not_encoded,partial,B,exact,A,upgraded_with_official_complete_pattern_evidence,official_json_routeId_routeSeq_stopSeq_complete_sequence,"{""candidate_count"":1,""official_stop_ids"":[""20015343"",""20000952"",""20000954"",""20006002"",""20015301"",""20015343""],""schedule_stop_ids"":[""20015343"",""20000952"",""20000954"",""20006002"",""20015301"",""20015343""]}",
line_gmb_2007332,gmb_2007332_1,2007332,1,1,11,11,1,one,True,True,False,official_route_sequence_exact_full_pattern,direction_not_encoded,partial,B,exact,A,upgraded_with_official_complete_pattern_evidence,official_json_routeId_routeSeq_stopSeq_complete_sequence,"{""candidate_count"":1,""official_stop_ids"":[""20015145"",""20015283"",""20015284"",""20002022"",""20015285"",""20015286"",""20015295"",""20015292"",""20021325"",""20000946"",""20015294""],""schedule_stop_ids"":[""20015145"",""20015283"",""20015284"",""20002022"",""20015285"",""20015286"",""20015295"",""20015292"",""20021325"",""20000946"",""20015294""]}",
line_gmb_2007365,gmb_2007365_1,2007365,1,1,8,8,1,one,True,True,False,official_route_sequence_exact_full_pattern,direction_not_encoded,partial,B,exact,A,upgraded_with_official_complete_pattern_evidence,official_json_routeId_routeSeq_stopSeq_complete_sequence,"{""candidate_count"":1,""official_stop_ids"":[""20015376"",""20002633"",""20015377"",""20015378"",""20015379"",""20015380"",""20015381"",""20015382""],""schedule_stop_ids"":[""20015376"",""20002633"",""20015377"",""20015378"",""20015379"",""20015380"",""20015381"",""20015382""]}",
line_gmb_2007365,gmb_2007365_2,2007365,2,2,7,7,1,one,True,True,False,official_route_sequence_exact_full_pattern,direction_not_encoded,partial,B,exact,A,upgraded_with_official_complete_pattern_evidence,official_json_routeId_routeSeq_stopSeq_complete_sequence,"{""candidate_count"":1,""official_stop_ids"":[""20015382"",""20015380"",""20015381"",""20015383"",""20015377"",""20002647"",""20015376""],""schedule_stop_ids"":[""20015382"",""20015380"",""20015381"",""20015383"",""20015377"",""20002647"",""20015376""]}",
line_gmb_2007366,gmb_2007366_1,2007366,1,1,3,3,1,one,True,True,False,official_route_sequence_exact_full_pattern,direction_not_encoded,partial,B,exact,A,upgraded_with_official_complete_pattern_evidence,official_json_routeId_routeSeq_stopSeq_complete_sequence,"{""candidate_count"":1,""official_stop_ids"":[""20015376"",""20002633"",""20015377""],""schedule_stop_ids"":[""20015376"",""20002633"",""20015377""]}",
line_gmb_2007366,gmb_2007366_2,2007366,2,2,3,3,1,one,True,True,False,official_route_sequence_exact_full_pattern,direction_not_encoded,partial,B,exact,A,upgraded_with_official_complete_pattern_evidence,official_json_routeId_routeSeq_stopSeq_complete_sequence,"{""candidate_count"":1,""official_stop_ids"":[""20015377"",""20002647"",""20015376""],""schedule_stop_ids"":[""20015377"",""20002647"",""20015376""]}",
line_gmb_2007367,gmb_2007367_1,2007367,1,1,10,10,1,one,True,True,False,official_route_sequence_exact_full_pattern,direction_not_encoded,partial,B,exact,A,upgraded_with_official_complete_pattern_evidence,official_json_routeId_routeSeq_stopSeq_complete_sequence,"{""candidate_count"":1,""official_stop_ids"":[""20015234"",""20015384"",""20002648"",""20002649"",""20002633"",""20015378"",""20015379"",""20015380"",""20015381"",""20015382""],""schedule_stop_ids"":[""20015234"",""20015384"",""20002648"",""20002649"",""20002633"",""20015378"",""20015379"",""20015380"",""20015381"",""20015382""]}",
line_gmb_2007367,gmb_2007367_2,2007367,2,2,9,9,1,one,True,True,False,official_route_sequence_exact_full_pattern,direction_not_encoded,partial,B,exact,A,upgraded_with_official_complete_pattern_evidence,official_json_routeId_routeSeq_stopSeq_complete_sequence,"{""candidate_count"":1,""official_stop_ids"":[""20015382"",""20015380"",""20015381"",""20015383"",""20002647"",""20002650"",""20002652"",""20015385"",""20015234""],""schedule_stop_ids"":[""20015382"",""20015380"",""20015381"",""20015383"",""20002647"",""20002650"",""20002652"",""20015385"",""20015234""]}",
line_gmb_2007368,gmb_2007368_1,2007368,1,1,15,15,1,one,True,True,False,official_route_sequence_exact_full_pattern,direction_not_encoded,partial,B,exact,A,upgraded_with_official_complete_pattern_evidence,official_json_routeId_routeSeq_stopSeq_complete_sequence,"{""candidate_count"":1,""official_stop_ids"":[""20015377"",""20002647"",""20002650"",""20002652"",""20019534"",""20002605"",""20001172"",""20002563"",""20002597"",""20021151"",""20001974"",""20002648"",""20002649"",""20002633"",""20015377""],""schedule_stop_ids"":[""20015377"",""20002647"",""20002650"",""20002652"",""20019534"",""20002605"",""20001172"",""20002563"",""20002597"",""20021151"",""20001974"",""20002648"",""20002649"",""20002633"",""20015377""]}",
line_gmb_2007398,gmb_2007398_1,2007398,1,1,15,15,1,one,True,True,False,official_route_sequence_exact_full_pattern,direction_not_encoded,partial,B,exact,A,upgraded_with_official_complete_pattern_evidence,official_json_routeId_routeSeq_stopSeq_complete_sequence,"{""candidate_count"":1,""official_stop_ids"":[""20015409"",""20001281"",""20001282"",""20001283"",""20015411"",""20015412"",""20015413"",""20015414"",""20015415"",""20015416"",""20015417"",""20015418"",""20015419"",""20020334"",""20015420""],""schedule_stop_ids"":[""20015409"",""20001281"",""20001282"",""20001283"",""20015411"",""20015412"",""20015413"",""20015414"",""20015415"",""20015416"",""20015417"",""20015418"",""20015419"",""20020334"",""20015420""]}",
line_gmb_2007398,gmb_2007398_2,2007398,2,2,14,14,1,one,True,True,False,official_route_sequence_exact_full_pattern,direction_not_encoded,partial,B,exact,A,upgraded_with_official_complete_pattern_evidence,official_json_routeId_routeSeq_stopSeq_complete_sequence,"{""candidate_count"":1,""official_stop_ids"":[""20015420"",""20015421"",""20015422"",""20015423"",""20015424"",""20015425"",""20001280"",""20001286"",""20001287"",""20001288"",""20001289"",""20015426"",""20015427"",""20015409""],""schedule_stop_ids"":[""20015420"",""20015421"",""20015422"",""20015423"",""20015424"",""20015425"",""20001280"",""20001286"",""20001287"",""20001288"",""20001289"",""20015426"",""20015427"",""20015409""]}",
line_gmb_2007431,gmb_2007431_1,2007431,1,1,15,15,1,one,True,True,False,official_route_sequence_exact_full_pattern,direction_not_encoded,partial,B,exact,A,upgraded_with_official_complete_pattern_evidence,official_json_routeId_routeSeq_stopSeq_complete_sequence,"{""candidate_count"":1,""official_stop_ids"":[""20015409"",""20001281"",""20001282"",""20001283"",""20015411"",""20015412"",""20015413"",""20015414"",""20015415"",""20015416"",""20015417"",""20015418"",""20015419"",""20020334"",""20015428""],""schedule_stop_ids"":[""20015409"",""20001281"",""20001282"",""20001283"",""20015411"",""20015412"",""20015413"",""20015414"",""20015415"",""20015416"",""20015417"",""20015418"",""20015419"",""20020334"",""20015428""]}",
line_gmb_2007431,gmb_2007431_2,2007431,2,2,14,14,1,one,True,True,False,official_route_sequence_exact_full_pattern,direction_not_encoded,partial,B,exact,A,upgraded_with_official_complete_pattern_evidence,official_json_routeId_routeSeq_stopSeq_complete_sequence,"{""candidate_count"":1,""official_stop_ids"":[""20015428"",""20015421"",""20015422"",""20015423"",""20015424"",""20015425"",""20001280"",""20001286"",""20001287"",""20001288"",""20001289"",""20015426"",""20015427"",""20015409""],""schedule_stop_ids"":[""20015428"",""20015421"",""20015422"",""20015423"",""20015424"",""20015425"",""20001280"",""20001286"",""20001287"",""20001288"",""20001289"",""20015426"",""20015427"",""20015409""]}",
line_gmb_2007432,gmb_2007432_1,2007432,1,1,4,4,1,one,True,True,False,official_route_sequence_exact_full_pattern,direction_not_encoded,partial,B,exact,A,upgraded_with_official_complete_pattern_evidence,official_json_routeId_routeSeq_stopSeq_complete_sequence,"{""candidate_count"":1,""official_stop_ids"":[""20001453"",""20015431"",""20001469"",""20001455""],""schedule_stop_ids"":[""20001453"",""20015431"",""20001469"",""20001455""]}",
line_gmb_2007432,gmb_2007432_2,2007432,2,2,4,4,1,one,True,True,False,official_route_sequence_exact_full_pattern,direction_not_encoded,partial,B,exact,A,upgraded_with_official_complete_pattern_evidence,official_json_routeId_routeSeq_stopSeq_complete_sequence,"{""candidate_count"":1,""official_stop_ids"":[""20015432"",""20001470"",""20014456"",""20001453""],""schedule_stop_ids"":[""20015432"",""20001470"",""20014456"",""20001453""]}",
line_gmb_2007433,gmb_2007433_1,2007433,1,1,20,20,1,one,True,True,False,official_route_sequence_exact_full_pattern,direction_not_encoded,partial,B,exact,A,upgraded_with_official_complete_pattern_evidence,official_json_routeId_routeSeq_stopSeq_complete_sequence,"{""candidate_count"":1,""official_stop_ids"":[""20015429"",""20000599"",""20015430"",""20013957"",""20012705"",""20013959"",""20000580"",""20012378"",""20013960"",""20015433"",""20015434"",""20006990"",""20001050"",""20000550"",""20014213"",""20015158"",""20014245"",""20004126"",""20014246"",""20012428""],""schedule_stop_ids"":[""20015429"",""20000599"",""20015430"",""20013957"",""20012705"",""20013959"",""20000580"",""20012378"",""20013960"",""20015433"",""20015434"",""20006990"",""20001050"",""20000550"",""20014213"",""20015158"",""20014245"",""20004126"",""20014246"",""20012428""]}",
line_gmb_2007433,gmb_2007433_2,2007433,2,2,21,21,1,one,True,True,False,official_route_sequence_exact_full_pattern,direction_not_encoded,partial,B,exact,A,upgraded_with_official_complete_pattern_evidence,official_json_routeId_routeSeq_stopSeq_complete_sequence,"{""candidate_count"":1,""official_stop_ids"":[""20012428"",""20000912"",""20014247"",""20015258"",""20000916"",""20015311"",""20015021"",""20015435"",""20015436"",""20015437"",""20013971"",""20013972"",""20012376"",""20000585"",""20013973"",""20013974"",""20013975"",""20013976"",""20015438"",""20012421"",""20015429""],""schedule_stop_ids"":[""20012428"",""20000912"",""20014247"",""20015258"",""20000916"",""20015311"",""20015021"",""20015435"",""20015436"",""20015437"",""20013971"",""20013972"",""20012376"",""20000585"",""20013973"",""20013974"",""20013975"",""20013976"",""20015438"",""20012421"",""20015429""]}",
line_gmb_2007434,gmb_2007434_1,2007434,1,1,3,3,1,one,True,True,False,official_route_sequence_exact_full_pattern,direction_not_encoded,partial,B,exact,A,upgraded_with_official_complete_pattern_evidence,official_json_routeId_routeSeq_stopSeq_complete_sequence,"{""candidate_count"":1,""official_stop_ids"":[""20015432"",""20014456"",""20001453""],""schedule_stop_ids"":[""20015432"",""20014456"",""20001453""]}",
line_gmb_2007435,gmb_2007435_1,2007435,1,1,10,10,1,one,True,True,False,official_route_sequence_exact_full_pattern,direction_not_encoded,partial,B,exact,A,upgraded_with_official_complete_pattern_evidence,official_json_routeId_routeSeq_stopSeq_complete_sequence,"{""candidate_count"":1,""official_stop_ids"":[""20015439"",""20015440"",""20001455"",""20015441"",""20015442"",""20015443"",""20018948"",""20014465"",""20014456"",""20015439""],""schedule_stop_ids"":[""20015439"",""20015440"",""20001455"",""20015441"",""20015442"",""20015443"",""20018948"",""20014465"",""20014456"",""20015439""]}",
line_gmb_2007436,gmb_2007436_1,2007436,1,1,10,10,1,one,True,True,False,official_route_sequence_exact_full_pattern,direction_not_encoded,partial,B,exact,A,upgraded_with_official_complete_pattern_evidence,official_json_routeId_routeSeq_stopSeq_complete_sequence,"{""candidate_count"":1,""official_stop_ids"":[""20015428"",""20015421"",""20015422"",""20015423"",""20015424"",""20015425"",""20001280"",""20001286"",""20001287"",""20015409""],""schedule_stop_ids"":[""20015428"",""20015421"",""20015422"",""20015423"",""20015424"",""20015425"",""20001280"",""20001286"",""20001287"",""20015409""]}",
line_gmb_2007437,gmb_2007437_1,2007437,1,1,5,5,1,one,True,True,False,official_route_sequence_exact_full_pattern,direction_not_encoded,partial,B,exact,A,upgraded_with_official_complete_pattern_evidence,official_json_routeId_routeSeq_stopSeq_complete_sequence,"{""candidate_count"":1,""official_stop_ids"":[""20015417"",""20015418"",""20015419"",""20020334"",""20015420""],""schedule_stop_ids"":[""20015417"",""20015418"",""20015419"",""20020334"",""20015420""]}",
line_gmb_2007437,gmb_2007437_2,2007437,2,2,4,4,1,one,True,True,False,official_route_sequence_exact_full_pattern,direction_not_encoded,partial,B,exact,A,upgraded_with_official_complete_pattern_evidence,official_json_routeId_routeSeq_stopSeq_complete_sequence,"{""candidate_count"":1,""official_stop_ids"":[""20015420"",""20015421"",""20015422"",""20015423""],""schedule_stop_ids"":[""20015420"",""20015421"",""20015422"",""20015423""]}",
line_gmb_2007438,gmb_2007438_1,2007438,1,1,9,9,1,one,True,True,False,official_route_sequence_exact_full_pattern,direction_not_encoded,partial,B,exact,A,upgraded_with_official_complete_pattern_evidence,official_json_routeId_routeSeq_stopSeq_complete_sequence,"{""candidate_count"":1,""official_stop_ids"":[""20015445"",""20015446"",""20015447"",""20020590"",""20015448"",""20015449"",""20015451"",""20015452"",""20015453""],""schedule_stop_ids"":[""20015445"",""20015446"",""20015447"",""20020590"",""20015448"",""20015449"",""20015451"",""20015452"",""20015453""]}",
line_gmb_2007438,gmb_2007438_2,2007438,2,2,11,11,1,one,True,True,False,official_route_sequence_exact_full_pattern,direction_not_encoded,partial,B,exact,A,upgraded_with_official_complete_pattern_evidence,official_json_routeId_routeSeq_stopSeq_complete_sequence,"{""candidate_count"":1,""official_stop_ids"":[""20015453"",""20015454"",""20001620"",""20015455"",""20015456"",""20015614"",""20015457"",""20015458"",""20015459"",""20015460"",""20015445""],""schedule_stop_ids"":[""20015453"",""20015454"",""20001620"",""20015455"",""20015456"",""20015614"",""20015457"",""20015458"",""20015459"",""20015460"",""20015445""]}",
line_gmb_2007464,gmb_2007464_1,2007464,1,1,12,12,1,one,True,True,False,official_route_sequence_exact_full_pattern,direction_not_encoded,partial,B,exact,A,upgraded_with_official_complete_pattern_evidence,official_json_routeId_routeSeq_stopSeq_complete_sequence,"{""candidate_count"":1,""official_stop_ids"":[""20015409"",""20001281"",""20001282"",""20001283"",""20015411"",""20015412"",""20015413"",""20015414"",""20015415"",""20015475"",""20015476"",""20015477""],""schedule_stop_ids"":[""20015409"",""20001281"",""20001282"",""20001283"",""20015411"",""20015412"",""20015413"",""20015414"",""20015415"",""20015475"",""20015476"",""20015477""]}",
line_gmb_2007464,gmb_2007464_2,2007464,2,2,12,12,1,one,True,True,False,official_route_sequence_exact_full_pattern,direction_not_encoded,partial,B,exact,A,upgraded_with_official_complete_pattern_evidence,official_json_routeId_routeSeq_stopSeq_complete_sequence,"{""candidate_count"":1,""official_stop_ids"":[""20015477"",""20015423"",""20015478"",""20015425"",""20001280"",""20001286"",""20001287"",""20001288"",""20001289"",""20015426"",""20015427"",""20015409""],""schedule_stop_ids"":[""20015477"",""20015423"",""20015478"",""20015425"",""20001280"",""20001286"",""20001287"",""20001288"",""20001289"",""20015426"",""20015427"",""20015409""]}",
line_gmb_2007498,gmb_2007498_1,2007498,1,1,6,6,1,one,True,True,False,official_route_sequence_exact_full_pattern,direction_not_encoded,partial,B,exact,A,upgraded_with_official_complete_pattern_evidence,official_json_routeId_routeSeq_stopSeq_complete_sequence,"{""candidate_count"":1,""official_stop_ids"":[""20015508"",""20015509"",""20020557"",""20012881"",""20015510"",""20015511""],""schedule_stop_ids"":[""20015508"",""20015509"",""20020557"",""20012881"",""20015510"",""20015511""]}",
line_gmb_2007498,gmb_2007498_2,2007498,2,2,4,4,1,one,True,True,False,official_route_sequence_exact_full_pattern,direction_not_encoded,partial,B,exact,A,upgraded_with_official_complete_pattern_evidence,official_json_routeId_routeSeq_stopSeq_complete_sequence,"{""candidate_count"":1,""official_stop_ids"":[""20015511"",""20015512"",""20012949"",""20015508""],""schedule_stop_ids"":[""20015511"",""20015512"",""20012949"",""20015508""]}",
line_gmb_2007499,gmb_2007499_1,2007499,1,1,8,8,1,one,True,True,False,official_route_sequence_exact_full_pattern,direction_not_encoded,partial,B,exact,A,upgraded_with_official_complete_pattern_evidence,official_json_routeId_routeSeq_stopSeq_complete_sequence,"{""candidate_count"":1,""official_stop_ids"":[""20012948"",""20012869"",""20000240"",""20015515"",""20015516"",""20000160"",""20015542"",""20012948""],""schedule_stop_ids"":[""20012948"",""20012869"",""20000240"",""20015515"",""20015516"",""20000160"",""20015542"",""20012948""]}",
line_gmb_2007500,gmb_2007500_1,2007500,1,1,5,5,1,one,True,True,False,official_route_sequence_exact_full_pattern,direction_not_encoded,partial,B,exact,A,upgraded_with_official_complete_pattern_evidence,official_json_routeId_routeSeq_stopSeq_complete_sequence,"{""candidate_count"":1,""official_stop_ids"":[""20000960"",""20015513"",""20001115"",""20015517"",""20000960""],""schedule_stop_ids"":[""20000960"",""20015513"",""20001115"",""20015517"",""20000960""]}",
line_gmb_2007501,gmb_2007501_1,2007501,1,1,6,6,1,one,True,True,False,official_route_sequence_exact_full_pattern,direction_not_encoded,partial,B,exact,A,upgraded_with_official_complete_pattern_evidence,official_json_routeId_routeSeq_stopSeq_complete_sequence,"{""candidate_count"":1,""official_stop_ids"":[""20015511"",""20015512"",""20012948"",""20012881"",""20015510"",""20015511""],""schedule_stop_ids"":[""20015511"",""20015512"",""20012948"",""20012881"",""20015510"",""20015511""]}",
line_gmb_2007502,gmb_2007502_1,2007502,1,1,10,10,1,one,True,True,False,official_route_sequence_exact_full_pattern,direction_not_encoded,partial,B,exact,A,upgraded_with_official_complete_pattern_evidence,official_json_routeId_routeSeq_stopSeq_complete_sequence,"{""candidate_count"":1,""official_stop_ids"":[""20012948"",""20012949"",""20015508"",""20015541"",""20020557"",""20012881"",""20015510"",""20015511"",""20015512"",""20012948""],""schedule_stop_ids"":[""20012948"",""20012949"",""20015508"",""20015541"",""20020557"",""20012881"",""20015510"",""20015511"",""20015512"",""20012948""]}",
line_gmb_2007530,gmb_2007530_1,2007530,1,1,7,7,1,one,True,True,False,official_route_sequence_exact_full_pattern,direction_not_encoded,partial,B,exact,A,upgraded_with_official_complete_pattern_evidence,official_json_routeId_routeSeq_stopSeq_complete_sequence,"{""candidate_count"":1,""official_stop_ids"":[""20012948"",""20012949"",""20015541"",""20020557"",""20012869"",""20015516"",""20011727""],""schedule_stop_ids"":[""20012948"",""20012949"",""20015541"",""20020557"",""20012869"",""20015516"",""20011727""]}",
line_gmb_2007530,gmb_2007530_2,2007530,2,2,5,5,1,one,True,True,False,official_route_sequence_exact_full_pattern,direction_not_encoded,partial,B,exact,A,upgraded_with_official_complete_pattern_evidence,official_json_routeId_routeSeq_stopSeq_complete_sequence,"{""candidate_count"":1,""official_stop_ids"":[""20011727"",""20015542"",""20012949"",""20020557"",""20012948""],""schedule_stop_ids"":[""20011727"",""20015542"",""20012949"",""20020557"",""20012948""]}",
line_gmb_2007532,gmb_2007532_1,2007532,1,1,5,5,1,one,True,True,False,official_route_sequence_exact_full_pattern,direction_not_encoded,partial,B,exact,A,upgraded_with_official_complete_pattern_evidence,official_json_routeId_routeSeq_stopSeq_complete_sequence,"{""candidate_count"":1,""official_stop_ids"":[""20015543"",""20015544"",""20020327"",""20015545"",""20015764""],""schedule_stop_ids"":[""20015543"",""20015544"",""20020327"",""20015545"",""20015764""]}",
line_gmb_2007532,gmb_2007532_2,2007532,2,2,5,5,1,one,True,True,False,official_route_sequence_exact_full_pattern,direction_not_encoded,partial,B,exact,A,upgraded_with_official_complete_pattern_evidence,official_json_routeId_routeSeq_stopSeq_complete_sequence,"{""candidate_count"":1,""official_stop_ids"":[""20015764"",""20015547"",""20015548"",""20015551"",""20015543""],""schedule_stop_ids"":[""20015764"",""20015547"",""20015548"",""20015551"",""20015543""]}",
line_gmb_2007533,gmb_2007533_1,2007533,1,1,4,4,1,one,True,True,False,official_route_sequence_exact_full_pattern,direction_not_encoded,partial,B,exact,A,upgraded_with_official_complete_pattern_evidence,official_json_routeId_routeSeq_stopSeq_complete_sequence,"{""candidate_count"":1,""official_stop_ids"":[""20015550"",""20015548"",""20015551"",""20015550""],""schedule_stop_ids"":[""20015550"",""20015548"",""20015551"",""20015550""]}",
line_gmb_2007563,gmb_2007563_1,2007563,1,1,6,6,1,one,True,True,False,official_route_sequence_exact_full_pattern,direction_not_encoded,partial,B,exact,A,upgraded_with_official_complete_pattern_evidence,official_json_routeId_routeSeq_stopSeq_complete_sequence,"{""candidate_count"":1,""official_stop_ids"":[""20015543"",""20020328"",""20015544"",""20020327"",""20015546"",""20007415""],""schedule_stop_ids"":[""20015543"",""20020328"",""20015544"",""20020327"",""20015546"",""20007415""]}",
line_gmb_2007563,gmb_2007563_2,2007563,2,2,4,4,1,one,True,True,False,official_route_sequence_exact_full_pattern,direction_not_encoded,partial,B,exact,A,upgraded_with_official_complete_pattern_evidence,official_json_routeId_routeSeq_stopSeq_complete_sequence,"{""candidate_count"":1,""official_stop_ids"":[""20007415"",""20015764"",""20015551"",""20015543""],""schedule_stop_ids"":[""20007415"",""20015764"",""20015551"",""20015543""]}",
line_gmb_2007596,gmb_2007596_1,2007596,1,1,5,5,1,one,True,True,False,official_route_sequence_exact_full_pattern,direction_not_encoded,partial,B,exact,A,upgraded_with_official_complete_pattern_evidence,official_json_routeId_routeSeq_stopSeq_complete_sequence,"{""candidate_count"":1,""official_stop_ids"":[""20015554"",""20001174"",""20015555"",""20015556"",""20015557""],""schedule_stop_ids"":[""20015554"",""20001174"",""20015555"",""20015556"",""20015557""]}",
line_gmb_2007596,gmb_2007596_2,2007596,2,2,10,10,1,one,True,True,False,official_route_sequence_exact_full_pattern,direction_not_encoded,partial,B,exact,A,upgraded_with_official_complete_pattern_evidence,official_json_routeId_routeSeq_stopSeq_complete_sequence,"{""candidate_count"":1,""official_stop_ids"":[""20015557"",""20015558"",""20015224"",""20005032"",""20001137"",""20014660"",""20015559"",""20015560"",""20015561"",""20015554""],""schedule_stop_ids"":[""20015557"",""20015558"",""20015224"",""20005032"",""20001137"",""20014660"",""20015559"",""20015560"",""20015561"",""20015554""]}",
line_gmb_2007629,gmb_2007629_1,2007629,1,1,13,13,1,one,True,True,False,official_route_sequence_exact_full_pattern,direction_not_encoded,partial,B,exact,A,upgraded_with_official_complete_pattern_evidence,official_json_routeId_routeSeq_stopSeq_complete_sequence,"{""candidate_count"":1,""official_stop_ids"":[""20015586"",""20014659"",""20015574"",""20001152"",""20003282"",""20015575"",""20015576"",""20015577"",""20015578"",""20015579"",""20015580"",""20015581"",""20015557""],""schedule_stop_ids"":[""20015586"",""20014659"",""20015574"",""20001152"",""20003282"",""20015575"",""20015576"",""20015577"",""20015578"",""20015579"",""20015580"",""20015581"",""20015557""]}",
line_gmb_2007629,gmb_2007629_2,2007629,2,2,15,15,1,one,True,True,False,official_route_sequence_exact_full_pattern,direction_not_encoded,partial,B,exact,A,upgraded_with_official_complete_pattern_evidence,official_json_routeId_routeSeq_stopSeq_complete_sequence,"{""candidate_count"":1,""official_stop_ids"":[""20015557"",""20022273"",""20022274"",""20015071"",""20021328"",""20022275"",""20022276"",""20022277"",""20015582"",""20014772"",""20015583"",""20015584"",""20015585"",""20014659"",""20015586""],""schedule_stop_ids"":[""20015557"",""20022273"",""20022274"",""20015071"",""20021328"",""20022275"",""20022276"",""20022277"",""20015582"",""20014772"",""20015583"",""20015584"",""20015585"",""20014659"",""20015586""]}",
line_gmb_2007630,gmb_2007630_1,2007630,1,1,20,20,1,one,True,True,False,official_route_sequence_exact_full_pattern,direction_not_encoded,partial,B,exact,A,upgraded_with_official_complete_pattern_evidence,official_json_routeId_routeSeq_stopSeq_complete_sequence,"{""candidate_count"":1,""official_stop_ids"":[""20015587"",""20015459"",""20015588"",""20015589"",""20015448"",""20015449"",""20015590"",""20015591"",""20015451"",""20001599"",""20001600"",""20001601"",""20002749"",""20015592"",""20015593"",""20015594"",""20015595"",""20015410"",""20002436"",""20015598""],""schedule_stop_ids"":[""20015587"",""20015459"",""20015588"",""20015589"",""20015448"",""20015449"",""20015590"",""20015591"",""20015451"",""20001599"",""20001600"",""20001601"",""20002749"",""20015592"",""20015593"",""20015594"",""20015595"",""20015410"",""20002436"",""20015598""]}",
line_gmb_2007630,gmb_2007630_2,2007630,2,2,21,21,1,one,True,True,False,official_route_sequence_exact_full_pattern,direction_not_encoded,partial,B,exact,A,upgraded_with_official_complete_pattern_evidence,official_json_routeId_routeSeq_stopSeq_complete_sequence,"{""candidate_count"":1,""official_stop_ids"":[""20015598"",""20015597"",""20001287"",""20004199"",""20015609"",""20015594"",""20015593"",""20002223"",""20001615"",""20015610"",""20015611"",""20015612"",""20020332"",""20015613"",""20015591"",""20015455"",""20015456"",""20015614"",""20015615"",""20015446"",""20015587""],""schedule_stop_ids"":[""20015598"",""20015597"",""20001287"",""20004199"",""20015609"",""20015594"",""20015593"",""20002223"",""20001615"",""20015610"",""20015611"",""20015612"",""20020332"",""20015613"",""20015591"",""20015455"",""20015456"",""20015614"",""20015615"",""20015446"",""20015587""]}",
line_gmb_2007761,gmb_2007761_1,2007761,1,1,11,11,1,one,True,True,False,official_route_sequence_exact_full_pattern,direction_not_encoded,partial,B,exact,A,upgraded_with_official_complete_pattern_evidence,official_json_routeId_routeSeq_stopSeq_complete_sequence,"{""candidate_count"":1,""official_stop_ids"":[""20015706"",""20015707"",""20015708"",""20015709"",""20015710"",""20015711"",""20015712"",""20002261"",""20002273"",""20002274"",""20015713""],""schedule_stop_ids"":[""20015706"",""20015707"",""20015708"",""20015709"",""20015710"",""20015711"",""20015712"",""20002261"",""20002273"",""20002274"",""20015713""]}",
line_gmb_2007761,gmb_2007761_2,2007761,2,2,11,11,1,one,True,True,False,official_route_sequence_exact_full_pattern,direction_not_encoded,partial,B,exact,A,upgraded_with_official_complete_pattern_evidence,official_json_routeId_routeSeq_stopSeq_complete_sequence,"{""candidate_count"":1,""official_stop_ids"":[""20015713"",""20002293"",""20015727"",""20002259"",""20015728"",""20002230"",""20015709"",""20015729"",""20015730"",""20019501"",""20015706""],""schedule_stop_ids"":[""20015713"",""20002293"",""20015727"",""20002259"",""20015728"",""20002230"",""20015709"",""20015729"",""20015730"",""20019501"",""20015706""]}",
line_gmb_2007762,gmb_2007762_1,2007762,1,1,14,14,1,one,True,True,False,official_route_sequence_exact_full_pattern,direction_not_encoded,partial,B,exact,A,upgraded_with_official_complete_pattern_evidence,official_json_routeId_routeSeq_stopSeq_complete_sequence,"{""candidate_count"":1,""official_stop_ids"":[""20015714"",""20015715"",""20015716"",""20015717"",""20015718"",""20015719"",""20022009"",""20001573"",""20015721"",""20015722"",""20015723"",""20015724"",""20015725"",""20015726""],""schedule_stop_ids"":[""20015714"",""20015715"",""20015716"",""20015717"",""20015718"",""20015719"",""20022009"",""20001573"",""20015721"",""20015722"",""20015723"",""20015724"",""20015725"",""20015726""]}",
line_gmb_2007762,gmb_2007762_2,2007762,2,2,14,14,1,one,True,True,False,official_route_sequence_exact_full_pattern,direction_not_encoded,partial,B,exact,A,upgraded_with_official_complete_pattern_evidence,official_json_routeId_routeSeq_stopSeq_complete_sequence,"{""candidate_count"":1,""official_stop_ids"":[""20015726"",""20015731"",""20015725"",""20015732"",""20015733"",""20015734"",""20001573"",""20015735"",""20015736"",""20015737"",""20015738"",""20015739"",""20015740"",""20015714""],""schedule_stop_ids"":[""20015726"",""20015731"",""20015725"",""20015732"",""20015733"",""20015734"",""20001573"",""20015735"",""20015736"",""20015737"",""20015738"",""20015739"",""20015740"",""20015714""]}",
line_gmb_2007763,gmb_2007763_1,2007763,1,1,14,14,1,one,True,True,False,official_route_sequence_exact_full_pattern,direction_not_encoded,partial,B,exact,A,upgraded_with_official_complete_pattern_evidence,official_json_routeId_routeSeq_stopSeq_complete_sequence,"{""candidate_count"":1,""official_stop_ids"":[""20015742"",""20022174"",""20015706"",""20015708"",""20015709"",""20013022"",""20015711"",""20015712"",""20002261"",""20002273"",""20002274"",""20015745"",""20015747"",""20015748""],""schedule_stop_ids"":[""20015742"",""20022174"",""20015706"",""20015708"",""20015709"",""20013022"",""20015711"",""20015712"",""20002261"",""20002273"",""20002274"",""20015745"",""20015747"",""20015748""]}",
line_gmb_2007763,gmb_2007763_2,2007763,2,2,12,12,1,one,True,True,False,official_route_sequence_exact_full_pattern,direction_not_encoded,partial,B,exact,A,upgraded_with_official_complete_pattern_evidence,official_json_routeId_routeSeq_stopSeq_complete_sequence,"{""candidate_count"":1,""official_stop_ids"":[""20015748"",""20018907"",""20002293"",""20015727"",""20002259"",""20015728"",""20002230"",""20015709"",""20015729"",""20019501"",""20022175"",""20015742""],""schedule_stop_ids"":[""20015748"",""20018907"",""20002293"",""20015727"",""20002259"",""20015728"",""20002230"",""20015709"",""20015729"",""20019501"",""20022175"",""20015742""]}",
line_gmb_2007764,gmb_2007764_1,2007764,1,1,5,5,1,one,True,True,False,official_route_sequence_exact_full_pattern,direction_not_encoded,partial,B,exact,A,upgraded_with_official_complete_pattern_evidence,official_json_routeId_routeSeq_stopSeq_complete_sequence,"{""candidate_count"":1,""official_stop_ids"":[""20015726"",""20015731"",""20015725"",""20015732"",""20015741""],""schedule_stop_ids"":[""20015726"",""20015731"",""20015725"",""20015732"",""20015741""]}",
line_gmb_2007764,gmb_2007764_2,2007764,2,2,4,4,1,one,True,True,False,official_route_sequence_exact_full_pattern,direction_not_encoded,partial,B,exact,A,upgraded_with_official_complete_pattern_evidence,official_json_routeId_routeSeq_stopSeq_complete_sequence,"{""candidate_count"":1,""official_stop_ids"":[""20015741"",""20015724"",""20015725"",""20015726""],""schedule_stop_ids"":[""20015741"",""20015724"",""20015725"",""20015726""]}",
line_gmb_2007765,gmb_2007765_1,2007765,1,1,5,5,1,one,True,True,False,official_route_sequence_exact_full_pattern,direction_not_encoded,partial,B,exact,A,upgraded_with_official_complete_pattern_evidence,official_json_routeId_routeSeq_stopSeq_complete_sequence,"{""candidate_count"":1,""official_stop_ids"":[""20001573"",""20015723"",""20015749"",""20015725"",""20015726""],""schedule_stop_ids"":[""20001573"",""20015723"",""20015749"",""20015725"",""20015726""]}",
line_gmb_2007765,gmb_2007765_2,2007765,2,2,6,6,1,one,True,True,False,official_route_sequence_exact_full_pattern,direction_not_encoded,partial,B,exact,A,upgraded_with_official_complete_pattern_evidence,official_json_routeId_routeSeq_stopSeq_complete_sequence,"{""candidate_count"":1,""official_stop_ids"":[""20015726"",""20015725"",""20015750"",""20015733"",""20015734"",""20001573""],""schedule_stop_ids"":[""20015726"",""20015725"",""20015750"",""20015733"",""20015734"",""20001573""]}",
line_gmb_2007766,gmb_2007766_1,2007766,1,1,7,7,1,one,True,True,False,official_route_sequence_exact_full_pattern,direction_not_encoded,partial,B,exact,A,upgraded_with_official_complete_pattern_evidence,official_json_routeId_routeSeq_stopSeq_complete_sequence,"{""candidate_count"":1,""official_stop_ids"":[""20015714"",""20015751"",""20015752"",""20015753"",""20022175"",""20015754"",""20015742""],""schedule_stop_ids"":[""20015714"",""20015751"",""20015752"",""20015753"",""20022175"",""20015754"",""20015742""]}",
line_gmb_2007766,gmb_2007766_2,2007766,2,2,7,7,1,one,True,True,False,official_route_sequence_exact_full_pattern,direction_not_encoded,partial,B,exact,A,upgraded_with_official_complete_pattern_evidence,official_json_routeId_routeSeq_stopSeq_complete_sequence,"{""candidate_count"":1,""official_stop_ids"":[""20015742"",""20015755"",""20022174"",""20015756"",""20015744"",""20015757"",""20015714""],""schedule_stop_ids"":[""20015742"",""20015755"",""20022174"",""20015756"",""20015744"",""20015757"",""20015714""]}",
line_gmb_2007767,gmb_2007767_1,2007767,1,1,13,13,1,one,True,True,False,official_route_sequence_exact_full_pattern,direction_not_encoded,partial,B,exact,A,upgraded_with_official_complete_pattern_evidence,official_json_routeId_routeSeq_stopSeq_complete_sequence,"{""candidate_count"":1,""official_stop_ids"":[""20015742"",""20022174"",""20015708"",""20015709"",""20013022"",""20015711"",""20015712"",""20002261"",""20002273"",""20002274"",""20015745"",""20015747"",""20015748""],""schedule_stop_ids"":[""20015742"",""20022174"",""20015708"",""20015709"",""20013022"",""20015711"",""20015712"",""20002261"",""20002273"",""20002274"",""20015745"",""20015747"",""20015748""]}",
line_gmb_2007767,gmb_2007767_2,2007767,2,2,11,11,1,one,True,True,False,official_route_sequence_exact_full_pattern,direction_not_encoded,partial,B,exact,A,upgraded_with_official_complete_pattern_evidence,official_json_routeId_routeSeq_stopSeq_complete_sequence,"{""candidate_count"":1,""official_stop_ids"":[""20015748"",""20002293"",""20015727"",""20002259"",""20015728"",""20002230"",""20015709"",""20015729"",""20019501"",""20022175"",""20015742""],""schedule_stop_ids"":[""20015748"",""20002293"",""20015727"",""20002259"",""20015728"",""20002230"",""20015709"",""20015729"",""20019501"",""20022175"",""20015742""]}",
line_gmb_2007768,gmb_2007768_1,2007768,1,1,4,4,1,one,True,True,False,official_route_sequence_exact_full_pattern,direction_not_encoded,partial,B,exact,A,upgraded_with_official_complete_pattern_evidence,official_json_routeId_routeSeq_stopSeq_complete_sequence,"{""candidate_count"":1,""official_stop_ids"":[""20015761"",""20017884"",""20001418"",""20015761""],""schedule_stop_ids"":[""20015761"",""20017884"",""20001418"",""20015761""]}",
line_gmb_2007769,gmb_2007769_1,2007769,1,1,5,5,1,one,True,True,False,official_route_sequence_exact_full_pattern,direction_not_encoded,partial,B,exact,A,upgraded_with_official_complete_pattern_evidence,official_json_routeId_routeSeq_stopSeq_complete_sequence,"{""candidate_count"":1,""official_stop_ids"":[""20012769"",""20001427"",""20001428"",""20020128"",""20012769""],""schedule_stop_ids"":[""20012769"",""20001427"",""20001428"",""20020128"",""20012769""]}",
line_gmb_2007770,gmb_2007770_1,2007770,1,1,16,16,1,one,True,True,False,official_route_sequence_exact_full_pattern,direction_not_encoded,partial,B,exact,A,upgraded_with_official_complete_pattern_evidence,official_json_routeId_routeSeq_stopSeq_complete_sequence,"{""candidate_count"":1,""official_stop_ids"":[""20015761"",""20001427"",""20015762"",""20001428"",""20020128"",""20001783"",""20001837"",""20020129"",""20013663"",""20013693"",""20013694"",""20015763"",""20001418"",""20001803"",""20001804"",""20015761""],""schedule_stop_ids"":[""20015761"",""20001427"",""20015762"",""20001428"",""20020128"",""20001783"",""20001837"",""20020129"",""20013663"",""20013693"",""20013694"",""20015763"",""20001418"",""20001803"",""20001804"",""20015761""]}",
line_gmb_2007771,gmb_2007771_1,2007771,1,1,7,7,1,one,True,True,False,official_route_sequence_exact_full_pattern,direction_not_encoded,partial,B,exact,A,upgraded_with_official_complete_pattern_evidence,official_json_routeId_routeSeq_stopSeq_complete_sequence,"{""candidate_count"":1,""official_stop_ids"":[""20015765"",""20020129"",""20020130"",""20013693"",""20020131"",""20013694"",""20015765""],""schedule_stop_ids"":[""20015765"",""20020129"",""20020130"",""20013693"",""20020131"",""20013694"",""20015765""]}",
line_gmb_2007772,gmb_2007772_1,2007772,1,1,13,13,1,one,True,True,False,official_route_sequence_exact_full_pattern,direction_not_encoded,partial,B,exact,A,upgraded_with_official_complete_pattern_evidence,official_json_routeId_routeSeq_stopSeq_complete_sequence,"{""candidate_count"":1,""official_stop_ids"":[""20015765"",""20017884"",""20001418"",""20001803"",""20001804"",""20001814"",""20015767"",""20001816"",""20001696"",""20014791"",""20014792"",""20020132"",""20013698""],""schedule_stop_ids"":[""20015765"",""20017884"",""20001418"",""20001803"",""20001804"",""20001814"",""20015767"",""20001816"",""20001696"",""20014791"",""20014792"",""20020132"",""20013698""]}",
line_gmb_2007772,gmb_2007772_2,2007772,2,2,10,10,1,one,True,True,False,official_route_sequence_exact_full_pattern,direction_not_encoded,partial,B,exact,A,upgraded_with_official_complete_pattern_evidence,official_json_routeId_routeSeq_stopSeq_complete_sequence,"{""candidate_count"":1,""official_stop_ids"":[""20013698"",""20020133"",""20001690"",""20001817"",""20015768"",""20001819"",""20001427"",""20001428"",""20020134"",""20015765""],""schedule_stop_ids"":[""20013698"",""20020133"",""20001690"",""20001817"",""20015768"",""20001819"",""20001427"",""20001428"",""20020134"",""20015765""]}",
line_gmb_2007773,gmb_2007773_1,2007773,1,1,13,13,1,one,True,True,False,official_route_sequence_exact_full_pattern,direction_not_encoded,partial,B,exact,A,upgraded_with_official_complete_pattern_evidence,official_json_routeId_routeSeq_stopSeq_complete_sequence,"{""candidate_count"":1,""official_stop_ids"":[""20012769"",""20017884"",""20001418"",""20001803"",""20001804"",""20001814"",""20015767"",""20001816"",""20001696"",""20014791"",""20014792"",""20020132"",""20013698""],""schedule_stop_ids"":[""20012769"",""20017884"",""20001418"",""20001803"",""20001804"",""20001814"",""20015767"",""20001816"",""20001696"",""20014791"",""20014792"",""20020132"",""20013698""]}",
line_gmb_2007773,gmb_2007773_2,2007773,2,2,10,10,1,one,True,True,False,official_route_sequence_exact_full_pattern,direction_not_encoded,partial,B,exact,A,upgraded_with_official_complete_pattern_evidence,official_json_routeId_routeSeq_stopSeq_complete_sequence,"{""candidate_count"":1,""official_stop_ids"":[""20013698"",""20020133"",""20001690"",""20001817"",""20015768"",""20001819"",""20001427"",""20001428"",""20020134"",""20012769""],""schedule_stop_ids"":[""20013698"",""20020133"",""20001690"",""20001817"",""20015768"",""20001819"",""20001427"",""20001428"",""20020134"",""20012769""]}",
line_gmb_2007794,gmb_2007794_1,2007794,1,1,4,4,1,one,True,True,False,official_route_sequence_exact_full_pattern,direction_not_encoded,partial,B,exact,A,upgraded_with_official_complete_pattern_evidence,official_json_routeId_routeSeq_stopSeq_complete_sequence,"{""candidate_count"":1,""official_stop_ids"":[""20002327"",""20015728"",""20002230"",""20015710""],""schedule_stop_ids"":[""20002327"",""20015728"",""20002230"",""20015710""]}",
line_gmb_2007794,gmb_2007794_2,2007794,2,2,4,4,1,one,True,True,False,official_route_sequence_exact_full_pattern,direction_not_encoded,partial,B,exact,A,upgraded_with_official_complete_pattern_evidence,official_json_routeId_routeSeq_stopSeq_complete_sequence,"{""candidate_count"":1,""official_stop_ids"":[""20013022"",""20015711"",""20015712"",""20002259""],""schedule_stop_ids"":[""20013022"",""20015711"",""20015712"",""20002259""]}",
line_gmb_2007795,gmb_2007795_1,2007795,1,1,19,19,1,one,True,True,False,official_route_sequence_exact_full_pattern,direction_not_encoded,partial,B,exact,A,upgraded_with_official_complete_pattern_evidence,official_json_routeId_routeSeq_stopSeq_complete_sequence,"{""candidate_count"":1,""official_stop_ids"":[""20015772"",""20001228"",""20002225"",""20002320"",""20002226"",""20002288"",""20002228"",""20015651"",""20001564"",""20015773"",""20015774"",""20002235"",""20001567"",""20007687"",""20002237"",""20012426"",""20002317"",""20015646"",""20015772""],""schedule_stop_ids"":[""20015772"",""20001228"",""20002225"",""20002320"",""20002226"",""20002288"",""20002228"",""20015651"",""20001564"",""20015773"",""20015774"",""20002235"",""20001567"",""20007687"",""20002237"",""20012426"",""20002317"",""20015646"",""20015772""]}",
line_gmb_2007827,gmb_2007827_1,2007827,1,1,10,10,1,one,True,True,False,official_route_sequence_exact_full_pattern,direction_not_encoded,partial,B,exact,A,upgraded_with_official_complete_pattern_evidence,official_json_routeId_routeSeq_stopSeq_complete_sequence,"{""candidate_count"":1,""official_stop_ids"":[""20015706"",""20015776"",""20015730"",""20015729"",""20015728"",""20002230"",""20015729"",""20015730"",""20015707"",""20015706""],""schedule_stop_ids"":[""20015706"",""20015776"",""20015730"",""20015729"",""20015728"",""20002230"",""20015729"",""20015730"",""20015707"",""20015706""]}",
line_gmb_2007828,gmb_2007828_1,2007828,1,1,5,5,1,one,True,True,False,official_route_sequence_exact_full_pattern,direction_not_encoded,partial,B,exact,A,upgraded_with_official_complete_pattern_evidence,official_json_routeId_routeSeq_stopSeq_complete_sequence,"{""candidate_count"":1,""official_stop_ids"":[""20015706"",""20015728"",""20002230"",""20015707"",""20015706""],""schedule_stop_ids"":[""20015706"",""20015728"",""20002230"",""20015707"",""20015706""]}",
line_gmb_2007830,gmb_2007830_1,2007830,1,1,26,26,1,one,True,True,False,official_route_sequence_exact_full_pattern,direction_not_encoded,partial,B,exact,A,upgraded_with_official_complete_pattern_evidence,official_json_routeId_routeSeq_stopSeq_complete_sequence,"{""candidate_count"":1,""official_stop_ids"":[""20015706"",""20002235"",""20001567"",""20002236"",""20002237"",""20002238"",""20002317"",""20015646"",""20002297"",""20001230"",""20001231"",""20012575"",""20001238"",""20001227"",""20001228"",""20002297"",""20001231"",""20002225"",""20002320"",""20002226"",""20002227"",""20002228"",""20015651"",""20001564"",""20015773"",""20015706""],""schedule_stop_ids"":[""20015706"",""20002235"",""20001567"",""20002236"",""20002237"",""20002238"",""20002317"",""20015646"",""20002297"",""20001230"",""20001231"",""20012575"",""20001238"",""20001227"",""20001228"",""20002297"",""20001231"",""20002225"",""20002320"",""20002226"",""20002227"",""20002228"",""20015651"",""20001564"",""20015773"",""20015706""]}",
line_gmb_2007860,gmb_2007860_1,2007860,1,1,5,5,1,one,True,True,False,official_route_sequence_exact_full_pattern,direction_not_encoded,partial,B,exact,A,upgraded_with_official_complete_pattern_evidence,official_json_routeId_routeSeq_stopSeq_complete_sequence,"{""candidate_count"":1,""official_stop_ids"":[""20015838"",""20002414"",""20002415"",""20002416"",""20015839""],""schedule_stop_ids"":[""20015838"",""20002414"",""20002415"",""20002416"",""20015839""]}",
line_gmb_2007860,gmb_2007860_2,2007860,2,2,5,5,1,one,True,True,False,official_route_sequence_exact_full_pattern,direction_not_encoded,partial,B,exact,A,upgraded_with_official_complete_pattern_evidence,official_json_routeId_routeSeq_stopSeq_complete_sequence,"{""candidate_count"":1,""official_stop_ids"":[""20015839"",""20015840"",""20003336"",""20002981"",""20015838""],""schedule_stop_ids"":[""20015839"",""20015840"",""20003336"",""20002981"",""20015838""]}",
line_gmb_2007861,gmb_2007861_1,2007861,1,1,13,13,1,one,True,True,False,official_route_sequence_exact_full_pattern,direction_not_encoded,partial,B,exact,A,upgraded_with_official_complete_pattern_evidence,official_json_routeId_routeSeq_stopSeq_complete_sequence,"{""candidate_count"":1,""official_stop_ids"":[""20015841"",""20009112"",""20007092"",""20007310"",""20007094"",""20015874"",""20015842"",""20007049"",""20007047"",""20002414"",""20002415"",""20002416"",""20015839""],""schedule_stop_ids"":[""20015841"",""20009112"",""20007092"",""20007310"",""20007094"",""20015874"",""20015842"",""20007049"",""20007047"",""20002414"",""20002415"",""20002416"",""20015839""]}",
line_gmb_2007861,gmb_2007861_2,2007861,2,2,11,11,1,one,True,True,False,official_route_sequence_exact_full_pattern,direction_not_encoded,partial,B,exact,A,upgraded_with_official_complete_pattern_evidence,official_json_routeId_routeSeq_stopSeq_complete_sequence,"{""candidate_count"":1,""official_stop_ids"":[""20015839"",""20002981"",""20007046"",""20007048"",""20007050"",""20015842"",""20007095"",""20007310"",""20007097"",""20009112"",""20015841""],""schedule_stop_ids"":[""20015839"",""20002981"",""20007046"",""20007048"",""20007050"",""20015842"",""20007095"",""20007310"",""20007097"",""20009112"",""20015841""]}",
line_gmb_2007862,gmb_2007862_1,2007862,1,1,12,12,1,one,True,True,False,official_route_sequence_exact_full_pattern,direction_not_encoded,partial,B,exact,A,upgraded_with_official_complete_pattern_evidence,official_json_routeId_routeSeq_stopSeq_complete_sequence,"{""candidate_count"":1,""official_stop_ids"":[""20015841"",""20009112"",""20007092"",""20007310"",""20007094"",""20015842"",""20015843"",""20015838"",""20002414"",""20002415"",""20002416"",""20015839""],""schedule_stop_ids"":[""20015841"",""20009112"",""20007092"",""20007310"",""20007094"",""20015842"",""20015843"",""20015838"",""20002414"",""20002415"",""20002416"",""20015839""]}",
line_gmb_2007862,gmb_2007862_2,2007862,2,2,10,10,1,one,True,True,False,official_route_sequence_exact_full_pattern,direction_not_encoded,partial,B,exact,A,upgraded_with_official_complete_pattern_evidence,official_json_routeId_routeSeq_stopSeq_complete_sequence,"{""candidate_count"":1,""official_stop_ids"":[""20015839"",""20002981"",""20015844"",""20015843"",""20015845"",""20007095"",""20007310"",""20007097"",""20009112"",""20015841""],""schedule_stop_ids"":[""20015839"",""20002981"",""20015844"",""20015843"",""20015845"",""20007095"",""20007310"",""20007097"",""20009112"",""20015841""]}",
line_gmb_2007893,gmb_2007893_1,2007893,1,1,13,13,1,one,True,True,False,official_route_sequence_exact_full_pattern,direction_not_encoded,partial,B,exact,A,upgraded_with_official_complete_pattern_evidence,official_json_routeId_routeSeq_stopSeq_complete_sequence,"{""candidate_count"":1,""official_stop_ids"":[""20015841"",""20007092"",""20007310"",""20015871"",""20015872"",""20015873"",""20015874"",""20015875"",""20015876"",""20015877"",""20015878"",""20002415"",""20015879""],""schedule_stop_ids"":[""20015841"",""20007092"",""20007310"",""20015871"",""20015872"",""20015873"",""20015874"",""20015875"",""20015876"",""20015877"",""20015878"",""20002415"",""20015879""]}",
line_gmb_2007893,gmb_2007893_2,2007893,2,2,10,10,1,one,True,True,False,official_route_sequence_exact_full_pattern,direction_not_encoded,partial,B,exact,A,upgraded_with_official_complete_pattern_evidence,official_json_routeId_routeSeq_stopSeq_complete_sequence,"{""candidate_count"":1,""official_stop_ids"":[""20015880"",""20015881"",""20015882"",""20015876"",""20015883"",""20015884"",""20007310"",""20015885"",""20015886"",""20015841""],""schedule_stop_ids"":[""20015880"",""20015881"",""20015882"",""20015876"",""20015883"",""20015884"",""20007310"",""20015885"",""20015886"",""20015841""]}",
line_gmb_2007894,gmb_2007894_1,2007894,1,1,14,14,1,one,True,True,False,official_route_sequence_exact_full_pattern,direction_not_encoded,partial,B,exact,A,upgraded_with_official_complete_pattern_evidence,official_json_routeId_routeSeq_stopSeq_complete_sequence,"{""candidate_count"":1,""official_stop_ids"":[""20015841"",""20015884"",""20007310"",""20015871"",""20015872"",""20015873"",""20015874"",""20015875"",""20015876"",""20007049"",""20015887"",""20015878"",""20002415"",""20015879""],""schedule_stop_ids"":[""20015841"",""20015884"",""20007310"",""20015871"",""20015872"",""20015873"",""20015874"",""20015875"",""20015876"",""20007049"",""20015887"",""20015878"",""20002415"",""20015879""]}",
line_gmb_2007894,gmb_2007894_2,2007894,2,2,12,12,1,one,True,True,False,official_route_sequence_exact_full_pattern,direction_not_encoded,partial,B,exact,A,upgraded_with_official_complete_pattern_evidence,official_json_routeId_routeSeq_stopSeq_complete_sequence,"{""candidate_count"":1,""official_stop_ids"":[""20015880"",""20015881"",""20015889"",""20015890"",""20015875"",""20015876"",""20015883"",""20015884"",""20007310"",""20015885"",""20015871"",""20015841""],""schedule_stop_ids"":[""20015880"",""20015881"",""20015889"",""20015890"",""20015875"",""20015876"",""20015883"",""20015884"",""20007310"",""20015885"",""20015871"",""20015841""]}",
line_gmb_2007895,gmb_2007895_1,2007895,1,1,15,15,1,one,True,True,False,official_route_sequence_exact_full_pattern,direction_not_encoded,partial,B,exact,A,upgraded_with_official_complete_pattern_evidence,official_json_routeId_routeSeq_stopSeq_complete_sequence,"{""candidate_count"":1,""official_stop_ids"":[""20015841"",""20009112"",""20015884"",""20007310"",""20007094"",""20015874"",""20007050"",""20015842"",""20007049"",""20007047"",""20002414"",""20015891"",""20002416"",""20002275"",""20015839""],""schedule_stop_ids"":[""20015841"",""20009112"",""20015884"",""20007310"",""20007094"",""20015874"",""20007050"",""20015842"",""20007049"",""20007047"",""20002414"",""20015891"",""20002416"",""20002275"",""20015839""]}",
line_gmb_2007895,gmb_2007895_2,2007895,2,2,12,12,1,one,True,True,False,official_route_sequence_exact_full_pattern,direction_not_encoded,partial,B,exact,A,upgraded_with_official_complete_pattern_evidence,official_json_routeId_routeSeq_stopSeq_complete_sequence,"{""candidate_count"":1,""official_stop_ids"":[""20015839"",""20002275"",""20002981"",""20007046"",""20007048"",""20007050"",""20015842"",""20007095"",""20007310"",""20007097"",""20009019"",""20015841""],""schedule_stop_ids"":[""20015839"",""20002275"",""20002981"",""20007046"",""20007048"",""20007050"",""20015842"",""20007095"",""20007310"",""20007097"",""20009019"",""20015841""]}",
line_gmb_2007959,gmb_2007959_1,2007959,1,1,5,5,1,one,True,True,False,official_route_sequence_exact_full_pattern,direction_not_encoded,partial,B,exact,A,upgraded_with_official_complete_pattern_evidence,official_json_routeId_routeSeq_stopSeq_complete_sequence,"{""candidate_count"":1,""official_stop_ids"":[""20015937"",""20015938"",""20015939"",""20015940"",""20015941""],""schedule_stop_ids"":[""20015937"",""20015938"",""20015939"",""20015940"",""20015941""]}",
line_gmb_2007959,gmb_2007959_2,2007959,2,2,5,5,1,one,True,True,False,official_route_sequence_exact_full_pattern,direction_not_encoded,partial,B,exact,A,upgraded_with_official_complete_pattern_evidence,official_json_routeId_routeSeq_stopSeq_complete_sequence,"{""candidate_count"":1,""official_stop_ids"":[""20015941"",""20015942"",""20015943"",""20020260"",""20015937""],""schedule_stop_ids"":[""20015941"",""20015942"",""20015943"",""20020260"",""20015937""]}",
line_gmb_2007992,gmb_2007992_1,2007992,1,1,6,6,1,one,True,True,False,official_route_sequence_exact_full_pattern,direction_not_encoded,partial,B,exact,A,upgraded_with_official_complete_pattern_evidence,official_json_routeId_routeSeq_stopSeq_complete_sequence,"{""candidate_count"":1,""official_stop_ids"":[""20015937"",""20015938"",""20015939"",""20015940"",""20020261"",""20015970""],""schedule_stop_ids"":[""20015937"",""20015938"",""20015939"",""20015940"",""20020261"",""20015970""]}",
line_gmb_2007992,gmb_2007992_2,2007992,2,2,5,5,1,one,True,True,False,official_route_sequence_exact_full_pattern,direction_not_encoded,partial,B,exact,A,upgraded_with_official_complete_pattern_evidence,official_json_routeId_routeSeq_stopSeq_complete_sequence,"{""candidate_count"":1,""official_stop_ids"":[""20015970"",""20015942"",""20015943"",""20020260"",""20015937""],""schedule_stop_ids"":[""20015970"",""20015942"",""20015943"",""20020260"",""20015937""]}",
line_gmb_2007993,gmb_2007993_1,2007993,1,1,14,14,1,one,True,True,False,official_route_sequence_exact_full_pattern,direction_not_encoded,partial,B,exact,A,upgraded_with_official_complete_pattern_evidence,official_json_routeId_routeSeq_stopSeq_complete_sequence,"{""candidate_count"":1,""official_stop_ids"":[""20012208"",""20015972"",""20020262"",""20015939"",""20015940"",""20015973"",""20015974"",""20015975"",""20020263"",""20014985"",""20015976"",""20015977"",""20020264"",""20015978""],""schedule_stop_ids"":[""20012208"",""20015972"",""20020262"",""20015939"",""20015940"",""20015973"",""20015974"",""20015975"",""20020263"",""20014985"",""20015976"",""20015977"",""20020264"",""20015978""]}",
line_gmb_2007993,gmb_2007993_2,2007993,2,2,9,9,1,one,True,True,False,official_route_sequence_exact_full_pattern,direction_not_encoded,partial,B,exact,A,upgraded_with_official_complete_pattern_evidence,official_json_routeId_routeSeq_stopSeq_complete_sequence,"{""candidate_count"":1,""official_stop_ids"":[""20015978"",""20015979"",""20015980"",""20015942"",""20015943"",""20015981"",""20001661"",""20015982"",""20012208""],""schedule_stop_ids"":[""20015978"",""20015979"",""20015980"",""20015942"",""20015943"",""20015981"",""20001661"",""20015982"",""20012208""]}",
line_gmb_2007994,gmb_2007994_1,2007994,1,1,8,8,1,one,True,True,False,official_route_sequence_exact_full_pattern,direction_not_encoded,partial,B,exact,A,upgraded_with_official_complete_pattern_evidence,official_json_routeId_routeSeq_stopSeq_complete_sequence,"{""candidate_count"":1,""official_stop_ids"":[""20015941"",""20015973"",""20015974"",""20015975"",""20015983"",""20001716"",""20021877"",""20015941""],""schedule_stop_ids"":[""20015941"",""20015973"",""20015974"",""20015975"",""20015983"",""20001716"",""20021877"",""20015941""]}",
line_gmb_2007995,gmb_2007995_1,2007995,1,1,11,11,1,one,True,True,False,official_route_sequence_exact_full_pattern,direction_not_encoded,partial,B,exact,A,upgraded_with_official_complete_pattern_evidence,official_json_routeId_routeSeq_stopSeq_complete_sequence,"{""candidate_count"":1,""official_stop_ids"":[""20015978"",""20015979"",""20020265"",""20014857"",""20015986"",""20001716"",""20021877"",""20015976"",""20015977"",""20020264"",""20015978""],""schedule_stop_ids"":[""20015978"",""20015979"",""20020265"",""20014857"",""20015986"",""20001716"",""20021877"",""20015976"",""20015977"",""20020264"",""20015978""]}",
line_gmb_2007996,gmb_2007996_1,2007996,1,1,7,7,1,one,True,True,False,official_route_sequence_exact_full_pattern,direction_not_encoded,partial,B,exact,A,upgraded_with_official_complete_pattern_evidence,official_json_routeId_routeSeq_stopSeq_complete_sequence,"{""candidate_count"":1,""official_stop_ids"":[""20015985"",""20001716"",""20021877"",""20015976"",""20020265"",""20014857"",""20015985""],""schedule_stop_ids"":[""20015985"",""20001716"",""20021877"",""20015976"",""20020265"",""20014857"",""20015985""]}",
line_gmb_2007997,gmb_2007997_1,2007997,1,1,8,8,1,one,True,True,False,official_route_sequence_exact_full_pattern,direction_not_encoded,partial,B,exact,A,upgraded_with_official_complete_pattern_evidence,official_json_routeId_routeSeq_stopSeq_complete_sequence,"{""candidate_count"":1,""official_stop_ids"":[""20015937"",""20020133"",""20001690"",""20020267"",""20015976"",""20015977"",""20020264"",""20015978""],""schedule_stop_ids"":[""20015937"",""20020133"",""20001690"",""20020267"",""20015976"",""20015977"",""20020264"",""20015978""]}",
line_gmb_2007997,gmb_2007997_2,2007997,2,2,7,7,1,one,True,True,False,official_route_sequence_exact_full_pattern,direction_not_encoded,partial,B,exact,A,upgraded_with_official_complete_pattern_evidence,official_json_routeId_routeSeq_stopSeq_complete_sequence,"{""candidate_count"":1,""official_stop_ids"":[""20015978"",""20015979"",""20015980"",""20001696"",""20015943"",""20020260"",""20015937""],""schedule_stop_ids"":[""20015978"",""20015979"",""20015980"",""20001696"",""20015943"",""20020260"",""20015937""]}",
line_gmb_2007998,gmb_2007998_1,2007998,1,1,7,7,1,one,True,True,False,official_route_sequence_exact_full_pattern,direction_not_encoded,partial,B,exact,A,upgraded_with_official_complete_pattern_evidence,official_json_routeId_routeSeq_stopSeq_complete_sequence,"{""candidate_count"":1,""official_stop_ids"":[""20015937"",""20001690"",""20015987"",""20015980"",""20001696"",""20015943"",""20015937""],""schedule_stop_ids"":[""20015937"",""20001690"",""20015987"",""20015980"",""20001696"",""20015943"",""20015937""]}",
line_gmb_2007999,gmb_2007999_1,2007999,1,1,3,3,1,one,True,True,False,official_route_sequence_exact_full_pattern,direction_not_encoded,partial,B,exact,A,upgraded_with_official_complete_pattern_evidence,official_json_routeId_routeSeq_stopSeq_complete_sequence,"{""candidate_count"":1,""official_stop_ids"":[""20015988"",""20015989"",""20015990""],""schedule_stop_ids"":[""20015988"",""20015989"",""20015990""]}",
line_gmb_2007999,gmb_2007999_2,2007999,2,2,6,6,1,one,True,True,False,official_route_sequence_exact_full_pattern,direction_not_encoded,partial,B,exact,A,upgraded_with_official_complete_pattern_evidence,official_json_routeId_routeSeq_stopSeq_complete_sequence,"{""candidate_count"":1,""official_stop_ids"":[""20015990"",""20015992"",""20015993"",""20020494"",""20013467"",""20015988""],""schedule_stop_ids"":[""20015990"",""20015992"",""20015993"",""20020494"",""20013467"",""20015988""]}",
line_gmb_2008000,gmb_2008000_1,2008000,1,1,5,5,1,one,True,True,False,official_route_sequence_exact_full_pattern,direction_not_encoded,partial,B,exact,A,upgraded_with_official_complete_pattern_evidence,official_json_routeId_routeSeq_stopSeq_complete_sequence,"{""candidate_count"":1,""official_stop_ids"":[""20015991"",""20012713"",""20000968"",""20000969"",""20012703""],""schedule_stop_ids"":[""20015991"",""20012713"",""20000968"",""20000969"",""20012703""]}",
line_gmb_2008000,gmb_2008000_2,2008000,2,2,3,3,1,one,True,True,False,official_route_sequence_exact_full_pattern,direction_not_encoded,partial,B,exact,A,upgraded_with_official_complete_pattern_evidence,official_json_routeId_routeSeq_stopSeq_complete_sequence,"{""candidate_count"":1,""official_stop_ids"":[""20012703"",""20012715"",""20015991""],""schedule_stop_ids"":[""20012703"",""20012715"",""20015991""]}",
line_gmb_2008001,gmb_2008001_1,2008001,1,1,4,4,1,one,True,True,False,official_route_sequence_exact_full_pattern,direction_not_encoded,partial,B,exact,A,upgraded_with_official_complete_pattern_evidence,official_json_routeId_routeSeq_stopSeq_complete_sequence,"{""candidate_count"":1,""official_stop_ids"":[""20015994"",""20015995"",""20000973"",""20015994""],""schedule_stop_ids"":[""20015994"",""20015995"",""20000973"",""20015994""]}",
line_gmb_2008002,gmb_2008002_1,2008002,1,1,6,6,1,one,True,True,False,official_route_sequence_exact_full_pattern,direction_not_encoded,partial,B,exact,A,upgraded_with_official_complete_pattern_evidence,official_json_routeId_routeSeq_stopSeq_complete_sequence,"{""candidate_count"":1,""official_stop_ids"":[""20015998"",""20001873"",""20015999"",""20016000"",""20015282"",""20012208""],""schedule_stop_ids"":[""20015998"",""20001873"",""20015999"",""20016000"",""20015282"",""20012208""]}",
line_gmb_2008002,gmb_2008002_2,2008002,2,2,5,5,1,one,True,True,False,official_route_sequence_exact_full_pattern,direction_not_encoded,partial,B,exact,A,upgraded_with_official_complete_pattern_evidence,official_json_routeId_routeSeq_stopSeq_complete_sequence,"{""candidate_count"":1,""official_stop_ids"":[""20012208"",""20016002"",""20001877"",""20016003"",""20015998""],""schedule_stop_ids"":[""20012208"",""20016002"",""20001877"",""20016003"",""20015998""]}",
line_gmb_2008003,gmb_2008003_1,2008003,1,1,6,6,1,one,True,True,False,official_route_sequence_exact_full_pattern,direction_not_encoded,partial,B,exact,A,upgraded_with_official_complete_pattern_evidence,official_json_routeId_routeSeq_stopSeq_complete_sequence,"{""candidate_count"":1,""official_stop_ids"":[""20016004"",""20012208"",""20016005"",""20002085"",""20009134"",""20016006""],""schedule_stop_ids"":[""20016004"",""20012208"",""20016005"",""20002085"",""20009134"",""20016006""]}",
line_gmb_2008003,gmb_2008003_2,2008003,2,2,6,6,1,one,True,True,False,official_route_sequence_exact_full_pattern,direction_not_encoded,partial,B,exact,A,upgraded_with_official_complete_pattern_evidence,official_json_routeId_routeSeq_stopSeq_complete_sequence,"{""candidate_count"":1,""official_stop_ids"":[""20016006"",""20020495"",""20016009"",""20012208"",""20016002"",""20016004""],""schedule_stop_ids"":[""20016006"",""20020495"",""20016009"",""20012208"",""20016002"",""20016004""]}",
line_gmb_2008004,gmb_2008004_1,2008004,1,1,4,4,1,one,True,True,False,official_route_sequence_exact_full_pattern,direction_not_encoded,partial,B,exact,A,upgraded_with_official_complete_pattern_evidence,official_json_routeId_routeSeq_stopSeq_complete_sequence,"{""candidate_count"":1,""official_stop_ids"":[""20012208"",""20016002"",""20001877"",""20016007""],""schedule_stop_ids"":[""20012208"",""20016002"",""20001877"",""20016007""]}",
line_gmb_2008004,gmb_2008004_2,2008004,2,2,3,3,1,one,True,True,False,official_route_sequence_exact_full_pattern,direction_not_encoded,partial,B,exact,A,upgraded_with_official_complete_pattern_evidence,official_json_routeId_routeSeq_stopSeq_complete_sequence,"{""candidate_count"":1,""official_stop_ids"":[""20016007"",""20016008"",""20012208""],""schedule_stop_ids"":[""20016007"",""20016008"",""20012208""]}",
line_gmb_2008005,gmb_2008005_1,2008005,1,1,8,8,1,one,True,True,False,official_route_sequence_exact_full_pattern,direction_not_encoded,partial,B,exact,A,upgraded_with_official_complete_pattern_evidence,official_json_routeId_routeSeq_stopSeq_complete_sequence,"{""candidate_count"":1,""official_stop_ids"":[""20016010"",""20016011"",""20001872"",""20001873"",""20001877"",""20016003"",""20016012"",""20016010""],""schedule_stop_ids"":[""20016010"",""20016011"",""20001872"",""20001873"",""20001877"",""20016003"",""20016012"",""20016010""]}",
line_gmb_2008025,gmb_2008025_1,2008025,1,1,17,17,1,one,True,True,False,official_route_sequence_exact_full_pattern,direction_not_encoded,partial,B,exact,A,upgraded_with_official_complete_pattern_evidence,official_json_routeId_routeSeq_stopSeq_complete_sequence,"{""candidate_count"":1,""official_stop_ids"":[""20016036"",""20016037"",""20016038"",""20016039"",""20021910"",""20016040"",""20016041"",""20016042"",""20016043"",""20016044"",""20016045"",""20016046"",""20016047"",""20016048"",""20016049"",""20016050"",""20016051""],""schedule_stop_ids"":[""20016036"",""20016037"",""20016038"",""20016039"",""20021910"",""20016040"",""20016041"",""20016042"",""20016043"",""20016044"",""20016045"",""20016046"",""20016047"",""20016048"",""20016049"",""20016050"",""20016051""]}",
line_gmb_2008025,gmb_2008025_2,2008025,2,2,23,23,1,one,True,True,False,official_route_sequence_exact_full_pattern,direction_not_encoded,partial,B,exact,A,upgraded_with_official_complete_pattern_evidence,official_json_routeId_routeSeq_stopSeq_complete_sequence,"{""candidate_count"":1,""official_stop_ids"":[""20016051"",""20016052"",""20016053"",""20016054"",""20016055"",""20016056"",""20016057"",""20016058"",""20016059"",""20016060"",""20016061"",""20000380"",""20016062"",""20016063"",""20016064"",""20016065"",""20016066"",""20016067"",""20003551"",""20016069"",""20016070"",""20012976"",""20016036""],""schedule_stop_ids"":[""20016051"",""20016052"",""20016053"",""20016054"",""20016055"",""20016056"",""20016057"",""20016058"",""20016059"",""20016060"",""20016061"",""20000380"",""20016062"",""20016063"",""20016064"",""20016065"",""20016066"",""20016067"",""20003551"",""20016069"",""20016070"",""20012976"",""20016036""]}",
line_gmb_2008058,gmb_2008058_1,2008058,1,1,5,5,1,one,True,True,False,official_route_sequence_exact_full_pattern,direction_not_encoded,partial,B,exact,A,upgraded_with_official_complete_pattern_evidence,official_json_routeId_routeSeq_stopSeq_complete_sequence,"{""candidate_count"":1,""official_stop_ids"":[""20016071"",""20001877"",""20016003"",""20016072"",""20015998""],""schedule_stop_ids"":[""20016071"",""20001877"",""20016003"",""20016072"",""20015998""]}",
line_gmb_2008058,gmb_2008058_2,2008058,2,2,5,5,1,one,True,True,False,official_route_sequence_exact_full_pattern,direction_not_encoded,partial,B,exact,A,upgraded_with_official_complete_pattern_evidence,official_json_routeId_routeSeq_stopSeq_complete_sequence,"{""candidate_count"":1,""official_stop_ids"":[""20015998"",""20016073"",""20001872"",""20001873"",""20016071""],""schedule_stop_ids"":[""20015998"",""20016073"",""20001872"",""20001873"",""20016071""]}",
line_gmb_2008059,gmb_2008059_1,2008059,1,1,2,2,1,one,True,True,False,official_route_sequence_exact_full_pattern,direction_not_encoded,partial,B,exact,A,upgraded_with_official_complete_pattern_evidence,official_json_routeId_routeSeq_stopSeq_complete_sequence,"{""candidate_count"":1,""official_stop_ids"":[""20002381"",""20017554""],""schedule_stop_ids"":[""20002381"",""20017554""]}",
line_gmb_2008060,gmb_2008060_1,2008060,1,1,23,23,1,one,True,True,False,official_route_sequence_exact_full_pattern,direction_not_encoded,partial,B,exact,A,upgraded_with_official_complete_pattern_evidence,official_json_routeId_routeSeq_stopSeq_complete_sequence,"{""candidate_count"":1,""official_stop_ids"":[""20016081"",""20016082"",""20016083"",""20000263"",""20016085"",""20000211"",""20016086"",""20016087"",""20016088"",""20000215"",""20016089"",""20016090"",""20016091"",""20016092"",""20016093"",""20016094"",""20016095"",""20016069"",""20016096"",""20000263"",""20016098"",""20016099"",""20016081""],""schedule_stop_ids"":[""20016081"",""20016082"",""20016083"",""20000263"",""20016085"",""20000211"",""20016086"",""20016087"",""20016088"",""20000215"",""20016089"",""20016090"",""20016091"",""20016092"",""20016093"",""20016094"",""20016095"",""20016069"",""20016096"",""20000263"",""20016098"",""20016099"",""20016081""]}",
line_gmb_2008061,gmb_2008061_1,2008061,1,1,6,6,1,one,True,True,False,official_route_sequence_exact_full_pattern,direction_not_encoded,partial,B,exact,A,upgraded_with_official_complete_pattern_evidence,official_json_routeId_routeSeq_stopSeq_complete_sequence,"{""candidate_count"":1,""official_stop_ids"":[""20016074"",""20001873"",""20016075"",""20002085"",""20009134"",""20016074""],""schedule_stop_ids"":[""20016074"",""20001873"",""20016075"",""20002085"",""20009134"",""20016074""]}",
line_gmb_2008062,gmb_2008062_1,2008062,1,1,9,9,1,one,True,True,False,official_route_sequence_exact_full_pattern,direction_not_encoded,partial,B,exact,A,upgraded_with_official_complete_pattern_evidence,official_json_routeId_routeSeq_stopSeq_complete_sequence,"{""candidate_count"":1,""official_stop_ids"":[""20016077"",""20016078"",""20016079"",""20001872"",""20001873"",""20016075"",""20002085"",""20009134"",""20016077""],""schedule_stop_ids"":[""20016077"",""20016078"",""20016079"",""20001872"",""20001873"",""20016075"",""20002085"",""20009134"",""20016077""]}",
line_gmb_2008091,gmb_2008091_1,2008091,1,1,5,5,1,one,True,True,False,official_route_sequence_exact_full_pattern,direction_not_encoded,partial,B,exact,A,upgraded_with_official_complete_pattern_evidence,official_json_routeId_routeSeq_stopSeq_complete_sequence,"{""candidate_count"":1,""official_stop_ids"":[""20016071"",""20001877"",""20016003"",""20016012"",""20016006""],""schedule_stop_ids"":[""20016071"",""20001877"",""20016003"",""20016012"",""20016006""]}",
line_gmb_2008091,gmb_2008091_2,2008091,2,2,7,7,1,one,True,True,False,official_route_sequence_exact_full_pattern,direction_not_encoded,partial,B,exact,A,upgraded_with_official_complete_pattern_evidence,official_json_routeId_routeSeq_stopSeq_complete_sequence,"{""candidate_count"":1,""official_stop_ids"":[""20016006"",""20020495"",""20016078"",""20016079"",""20001872"",""20001873"",""20016071""],""schedule_stop_ids"":[""20016006"",""20020495"",""20016078"",""20016079"",""20001872"",""20001873"",""20016071""]}",
line_gmb_2008092,gmb_2008092_1,2008092,1,1,4,4,1,one,True,True,False,official_route_sequence_exact_full_pattern,direction_not_encoded,partial,B,exact,A,upgraded_with_official_complete_pattern_evidence,official_json_routeId_routeSeq_stopSeq_complete_sequence,"{""candidate_count"":1,""official_stop_ids"":[""20000263"",""20003075"",""20016102"",""20016103""],""schedule_stop_ids"":[""20000263"",""20003075"",""20016102"",""20016103""]}",
line_gmb_2008092,gmb_2008092_2,2008092,2,2,4,4,1,one,True,True,False,official_route_sequence_exact_full_pattern,direction_not_encoded,partial,B,exact,A,upgraded_with_official_complete_pattern_evidence,official_json_routeId_routeSeq_stopSeq_complete_sequence,"{""candidate_count"":1,""official_stop_ids"":[""20016103"",""20016104"",""20016105"",""20000263""],""schedule_stop_ids"":[""20016103"",""20016104"",""20016105"",""20000263""]}",
line_gmb_2008093,gmb_2008093_1,2008093,1,1,5,5,1,one,True,True,False,official_route_sequence_exact_full_pattern,direction_not_encoded,partial,B,exact,A,upgraded_with_official_complete_pattern_evidence,official_json_routeId_routeSeq_stopSeq_complete_sequence,"{""candidate_count"":1,""official_stop_ids"":[""20016007"",""20001877"",""20016003"",""20016012"",""20002606""],""schedule_stop_ids"":[""20016007"",""20001877"",""20016003"",""20016012"",""20002606""]}",
line_gmb_2008093,gmb_2008093_2,2008093,2,2,5,5,1,one,True,True,False,official_route_sequence_exact_full_pattern,direction_not_encoded,partial,B,exact,A,upgraded_with_official_complete_pattern_evidence,official_json_routeId_routeSeq_stopSeq_complete_sequence,"{""candidate_count"":1,""official_stop_ids"":[""20002606"",""20016078"",""20016079"",""20001872"",""20016007""],""schedule_stop_ids"":[""20002606"",""20016078"",""20016079"",""20001872"",""20016007""]}",
line_gmb_2008094,gmb_2008094_1,2008094,1,1,8,8,1,one,True,True,False,official_route_sequence_exact_full_pattern,direction_not_encoded,partial,B,exact,A,upgraded_with_official_complete_pattern_evidence,official_json_routeId_routeSeq_stopSeq_complete_sequence,"{""candidate_count"":1,""official_stop_ids"":[""20015477"",""20015423"",""20015478"",""20015425"",""20001280"",""20001286"",""20001287"",""20015409""],""schedule_stop_ids"":[""20015477"",""20015423"",""20015478"",""20015425"",""20001280"",""20001286"",""20001287"",""20015409""]}",
line_gmb_2008157,gmb_2008157_1,2008157,1,1,21,21,1,one,True,True,False,official_route_sequence_exact_full_pattern,direction_not_encoded,partial,B,exact,A,upgraded_with_official_complete_pattern_evidence,official_json_routeId_routeSeq_stopSeq_complete_sequence,"{""candidate_count"":1,""official_stop_ids"":[""20011978"",""20011979"",""20001851"",""20011980"",""20011981"",""20001854"",""20011959"",""20011982"",""20001716"",""20011960"",""20011988"",""20011958"",""20001654"",""20001655"",""20001860"",""20011989"",""20001679"",""20001680"",""20001861"",""20001862"",""20011978""],""schedule_stop_ids"":[""20011978"",""20011979"",""20001851"",""20011980"",""20011981"",""20001854"",""20011959"",""20011982"",""20001716"",""20011960"",""20011988"",""20011958"",""20001654"",""20001655"",""20001860"",""20011989"",""20001679"",""20001680"",""20001861"",""20001862"",""20011978""]}",
line_gmb_2008223,gmb_2008223_1,2008223,1,1,4,4,1,one,True,True,False,official_route_sequence_exact_full_pattern,direction_not_encoded,partial,B,exact,A,upgraded_with_official_complete_pattern_evidence,official_json_routeId_routeSeq_stopSeq_complete_sequence,"{""candidate_count"":1,""official_stop_ids"":[""20014231"",""20014222"",""20014223"",""20014224""],""schedule_stop_ids"":[""20014231"",""20014222"",""20014223"",""20014224""]}",
line_gmb_2008223,gmb_2008223_2,2008223,2,2,5,5,1,one,True,True,False,official_route_sequence_exact_full_pattern,direction_not_encoded,partial,B,exact,A,upgraded_with_official_complete_pattern_evidence,official_json_routeId_routeSeq_stopSeq_complete_sequence,"{""candidate_count"":1,""official_stop_ids"":[""20014224"",""20014225"",""20014226"",""20014227"",""20014231""],""schedule_stop_ids"":[""20014224"",""20014225"",""20014226"",""20014227"",""20014231""]}",
line_gmb_2008224,gmb_2008224_1,2008224,1,1,5,5,1,one,True,True,False,official_route_sequence_exact_full_pattern,direction_not_encoded,partial,B,exact,A,upgraded_with_official_complete_pattern_evidence,official_json_routeId_routeSeq_stopSeq_complete_sequence,"{""candidate_count"":1,""official_stop_ids"":[""20014232"",""20014233"",""20014222"",""20014223"",""20014224""],""schedule_stop_ids"":[""20014232"",""20014233"",""20014222"",""20014223"",""20014224""]}",
line_gmb_2008224,gmb_2008224_2,2008224,2,2,4,4,1,one,True,True,False,official_route_sequence_exact_full_pattern,direction_not_encoded,partial,B,exact,A,upgraded_with_official_complete_pattern_evidence,official_json_routeId_routeSeq_stopSeq_complete_sequence,"{""candidate_count"":1,""official_stop_ids"":[""20014224"",""20014225"",""20016564"",""20014232""],""schedule_stop_ids"":[""20014224"",""20014225"",""20016564"",""20014232""]}",
line_gmb_2008225,gmb_2008225_1,2008225,1,1,7,7,1,one,True,True,False,official_route_sequence_exact_full_pattern,direction_not_encoded,partial,B,exact,A,upgraded_with_official_complete_pattern_evidence,official_json_routeId_routeSeq_stopSeq_complete_sequence,"{""candidate_count"":1,""official_stop_ids"":[""20014235"",""20014236"",""20014237"",""20014233"",""20014222"",""20014223"",""20014224""],""schedule_stop_ids"":[""20014235"",""20014236"",""20014237"",""20014233"",""20014222"",""20014223"",""20014224""]}",
line_gmb_2008225,gmb_2008225_2,2008225,2,2,4,4,1,one,True,True,False,official_route_sequence_exact_full_pattern,direction_not_encoded,partial,B,exact,A,upgraded_with_official_complete_pattern_evidence,official_json_routeId_routeSeq_stopSeq_complete_sequence,"{""candidate_count"":1,""official_stop_ids"":[""20014224"",""20014225"",""20014226"",""20014235""],""schedule_stop_ids"":[""20014224"",""20014225"",""20014226"",""20014235""]}",
line_gmb_2008226,gmb_2008226_1,2008226,1,1,8,8,1,one,True,True,False,official_route_sequence_exact_full_pattern,direction_not_encoded,partial,B,exact,A,upgraded_with_official_complete_pattern_evidence,official_json_routeId_routeSeq_stopSeq_complete_sequence,"{""candidate_count"":1,""official_stop_ids"":[""20014231"",""20014805"",""20003167"",""20014248"",""20014244"",""20014245"",""20004126"",""20014246""],""schedule_stop_ids"":[""20014231"",""20014805"",""20003167"",""20014248"",""20014244"",""20014245"",""20004126"",""20014246""]}",
line_gmb_2008226,gmb_2008226_2,2008226,2,2,15,15,1,one,True,True,False,official_route_sequence_exact_full_pattern,direction_not_encoded,partial,B,exact,A,upgraded_with_official_complete_pattern_evidence,official_json_routeId_routeSeq_stopSeq_complete_sequence,"{""candidate_count"":1,""official_stop_ids"":[""20014246"",""20012428"",""20000912"",""20014247"",""20014248"",""20014249"",""20014250"",""20014251"",""20013038"",""20013040"",""20014252"",""20014253"",""20014254"",""20014227"",""20014231""],""schedule_stop_ids"":[""20014246"",""20012428"",""20000912"",""20014247"",""20014248"",""20014249"",""20014250"",""20014251"",""20013038"",""20013040"",""20014252"",""20014253"",""20014254"",""20014227"",""20014231""]}",
line_gmb_2008227,gmb_2008227_1,2008227,1,1,4,4,1,one,True,True,False,official_route_sequence_exact_full_pattern,direction_not_encoded,partial,B,exact,A,upgraded_with_official_complete_pattern_evidence,official_json_routeId_routeSeq_stopSeq_complete_sequence,"{""candidate_count"":1,""official_stop_ids"":[""20014815"",""20014259"",""20014257"",""20014224""],""schedule_stop_ids"":[""20014815"",""20014259"",""20014257"",""20014224""]}",
line_gmb_2008227,gmb_2008227_2,2008227,2,2,5,5,1,one,True,True,False,official_route_sequence_exact_full_pattern,direction_not_encoded,partial,B,exact,A,upgraded_with_official_complete_pattern_evidence,official_json_routeId_routeSeq_stopSeq_complete_sequence,"{""candidate_count"":1,""official_stop_ids"":[""20014224"",""20014225"",""20014258"",""20014256"",""20014814""],""schedule_stop_ids"":[""20014224"",""20014225"",""20014258"",""20014256"",""20014814""]}",
line_gmb_2008256,gmb_2008256_1,2008256,1,1,27,27,1,one,True,True,False,official_route_sequence_exact_full_pattern,direction_not_encoded,partial,B,exact,A,upgraded_with_official_complete_pattern_evidence,official_json_routeId_routeSeq_stopSeq_complete_sequence,"{""candidate_count"":1,""official_stop_ids"":[""20016373"",""20008776"",""20007094"",""20007050"",""20009074"",""20007049"",""20007047"",""20002414"",""20002415"",""20002416"",""20016367"",""20007465"",""20005007"",""20016368"",""20016369"",""20001547"",""20002293"",""20016370"",""20016371"",""20003336"",""20002981"",""20007046"",""20007048"",""20007095"",""20008866"",""20008776"",""20016372""],""schedule_stop_ids"":[""20016373"",""20008776"",""20007094"",""20007050"",""20009074"",""20007049"",""20007047"",""20002414"",""20002415"",""20002416"",""20016367"",""20007465"",""20005007"",""20016368"",""20016369"",""20001547"",""20002293"",""20016370"",""20016371"",""20003336"",""20002981"",""20007046"",""20007048"",""20007095"",""20008866"",""20008776"",""20016372""]}",
line_gmb_2008289,gmb_2008289_1,2008289,1,1,4,4,1,one,True,True,False,official_route_sequence_exact_full_pattern,direction_not_encoded,partial,B,exact,A,upgraded_with_official_complete_pattern_evidence,official_json_routeId_routeSeq_stopSeq_complete_sequence,"{""candidate_count"":1,""official_stop_ids"":[""20016399"",""20016400"",""20002551"",""20016399""],""schedule_stop_ids"":[""20016399"",""20016400"",""20002551"",""20016399""]}",
line_gmb_2008290,gmb_2008290_1,2008290,1,1,19,19,1,one,True,True,False,official_route_sequence_exact_full_pattern,direction_not_encoded,partial,B,exact,A,upgraded_with_official_complete_pattern_evidence,official_json_routeId_routeSeq_stopSeq_complete_sequence,"{""candidate_count"":1,""official_stop_ids"":[""20016445"",""20020525"",""20002436"",""20001283"",""20017231"",""20007102"",""20017233"",""20017232"",""20023032"",""20016482"",""20016483"",""20016484"",""20016485"",""20016486"",""20016487"",""20016480"",""20016488"",""20016446"",""20016447""],""schedule_stop_ids"":[""20016445"",""20020525"",""20002436"",""20001283"",""20017231"",""20007102"",""20017233"",""20017232"",""20023032"",""20016482"",""20016483"",""20016484"",""20016485"",""20016486"",""20016487"",""20016480"",""20016488"",""20016446"",""20016447""]}",
line_gmb_2008290,gmb_2008290_2,2008290,2,2,21,21,1,one,True,True,False,official_route_sequence_exact_full_pattern,direction_not_encoded,partial,B,exact,A,upgraded_with_official_complete_pattern_evidence,official_json_routeId_routeSeq_stopSeq_complete_sequence,"{""candidate_count"":1,""official_stop_ids"":[""20016447"",""20016491"",""20016446"",""20016481"",""20016472"",""20016473"",""20016474"",""20016475"",""20016476"",""20016477"",""20023032"",""20017234"",""20016465"",""20007107"",""20008020"",""20001280"",""20001286"",""20001287"",""20001288"",""20001289"",""20016445""],""schedule_stop_ids"":[""20016447"",""20016491"",""20016446"",""20016481"",""20016472"",""20016473"",""20016474"",""20016475"",""20016476"",""20016477"",""20023032"",""20017234"",""20016465"",""20007107"",""20008020"",""20001280"",""20001286"",""20001287"",""20001288"",""20001289"",""20016445""]}",
line_gmb_2008291,gmb_2008291_1,2008291,1,1,2,2,1,one,True,True,False,official_route_sequence_exact_full_pattern,direction_not_encoded,partial,B,exact,A,upgraded_with_official_complete_pattern_evidence,official_json_routeId_routeSeq_stopSeq_complete_sequence,"{""candidate_count"":1,""official_stop_ids"":[""20016402"",""20014769""],""schedule_stop_ids"":[""20016402"",""20014769""]}",
line_gmb_2008291,gmb_2008291_2,2008291,2,2,4,4,1,one,True,True,False,official_route_sequence_exact_full_pattern,direction_not_encoded,partial,B,exact,A,upgraded_with_official_complete_pattern_evidence,official_json_routeId_routeSeq_stopSeq_complete_sequence,"{""candidate_count"":1,""official_stop_ids"":[""20014769"",""20015054"",""20016403"",""20016402""],""schedule_stop_ids"":[""20014769"",""20015054"",""20016403"",""20016402""]}",
line_gmb_2008322,gmb_2008322_1,2008322,1,1,3,3,1,one,True,True,False,official_route_sequence_exact_full_pattern,direction_not_encoded,partial,B,exact,A,upgraded_with_official_complete_pattern_evidence,official_json_routeId_routeSeq_stopSeq_complete_sequence,"{""candidate_count"":1,""official_stop_ids"":[""20016432"",""20016433"",""20014072""],""schedule_stop_ids"":[""20016432"",""20016433"",""20014072""]}",
line_gmb_2008322,gmb_2008322_2,2008322,2,2,4,4,1,one,True,True,False,official_route_sequence_exact_full_pattern,direction_not_encoded,partial,B,exact,A,upgraded_with_official_complete_pattern_evidence,official_json_routeId_routeSeq_stopSeq_complete_sequence,"{""candidate_count"":1,""official_stop_ids"":[""20014072"",""20016434"",""20016435"",""20016432""],""schedule_stop_ids"":[""20014072"",""20016434"",""20016435"",""20016432""]}",
line_gmb_2008355,gmb_2008355_1,2008355,1,1,10,10,1,one,True,True,False,official_route_sequence_exact_full_pattern,direction_not_encoded,partial,B,exact,A,upgraded_with_official_complete_pattern_evidence,official_json_routeId_routeSeq_stopSeq_complete_sequence,"{""candidate_count"":1,""official_stop_ids"":[""20015557"",""20016436"",""20016437"",""20016438"",""20016439"",""20016440"",""20016441"",""20016442"",""20016443"",""20016928""],""schedule_stop_ids"":[""20015557"",""20016436"",""20016437"",""20016438"",""20016439"",""20016440"",""20016441"",""20016442"",""20016443"",""20016928""]}",
line_gmb_2008355,gmb_2008355_2,2008355,2,2,9,9,1,one,True,True,False,official_route_sequence_exact_full_pattern,direction_not_encoded,partial,B,exact,A,upgraded_with_official_complete_pattern_evidence,official_json_routeId_routeSeq_stopSeq_complete_sequence,"{""candidate_count"":1,""official_stop_ids"":[""20016444"",""20016466"",""20016467"",""20015116"",""20016437"",""20016438"",""20016439"",""20015117"",""20015557""],""schedule_stop_ids"":[""20016444"",""20016466"",""20016467"",""20015116"",""20016437"",""20016438"",""20016439"",""20015117"",""20015557""]}",
line_gmb_2008388,gmb_2008388_1,2008388,1,1,12,12,1,one,True,True,False,official_route_sequence_exact_full_pattern,direction_not_encoded,partial,B,exact,A,upgraded_with_official_complete_pattern_evidence,official_json_routeId_routeSeq_stopSeq_complete_sequence,"{""candidate_count"":1,""official_stop_ids"":[""20016468"",""20016469"",""20016480"",""20016446"",""20016481"",""20016472"",""20016473"",""20016474"",""20016475"",""20016476"",""20016477"",""20017688""],""schedule_stop_ids"":[""20016468"",""20016469"",""20016480"",""20016446"",""20016481"",""20016472"",""20016473"",""20016474"",""20016475"",""20016476"",""20016477"",""20017688""]}",
line_gmb_2008388,gmb_2008388_2,2008388,2,2,15,15,1,one,True,True,False,official_route_sequence_exact_full_pattern,direction_not_encoded,partial,B,exact,A,upgraded_with_official_complete_pattern_evidence,official_json_routeId_routeSeq_stopSeq_complete_sequence,"{""candidate_count"":1,""official_stop_ids"":[""20002366"",""20016482"",""20016483"",""20016484"",""20016485"",""20016486"",""20016487"",""20016480"",""20016446"",""20016488"",""20016489"",""20016491"",""20016481"",""20016493"",""20016468""],""schedule_stop_ids"":[""20002366"",""20016482"",""20016483"",""20016484"",""20016485"",""20016486"",""20016487"",""20016480"",""20016446"",""20016488"",""20016489"",""20016491"",""20016481"",""20016493"",""20016468""]}",
line_gmb_2008389,gmb_2008389_1,2008389,1,1,4,4,1,one,True,True,False,official_route_sequence_exact_full_pattern,direction_not_encoded,partial,B,exact,A,upgraded_with_official_complete_pattern_evidence,official_json_routeId_routeSeq_stopSeq_complete_sequence,"{""candidate_count"":1,""official_stop_ids"":[""20015557"",""20016436"",""20016437"",""20016438""],""schedule_stop_ids"":[""20015557"",""20016436"",""20016437"",""20016438""]}",
line_gmb_2008389,gmb_2008389_2,2008389,2,2,4,4,1,one,True,True,False,official_route_sequence_exact_full_pattern,direction_not_encoded,partial,B,exact,A,upgraded_with_official_complete_pattern_evidence,official_json_routeId_routeSeq_stopSeq_complete_sequence,"{""candidate_count"":1,""official_stop_ids"":[""20016438"",""20016439"",""20015117"",""20015557""],""schedule_stop_ids"":[""20016438"",""20016439"",""20015117"",""20015557""]}",
line_gmb_2008390,gmb_2008390_1,2008390,1,1,21,21,1,one,True,True,False,official_route_sequence_exact_full_pattern,direction_not_encoded,partial,B,exact,A,upgraded_with_official_complete_pattern_evidence,official_json_routeId_routeSeq_stopSeq_complete_sequence,"{""candidate_count"":1,""official_stop_ids"":[""20016445"",""20020525"",""20002436"",""20001283"",""20017231"",""20007102"",""20017233"",""20017232"",""20023032"",""20016482"",""20016483"",""20016484"",""20017235"",""20017236"",""20017237"",""20017238"",""20017239"",""20017240"",""20017241"",""20016494"",""20016495""],""schedule_stop_ids"":[""20016445"",""20020525"",""20002436"",""20001283"",""20017231"",""20007102"",""20017233"",""20017232"",""20023032"",""20016482"",""20016483"",""20016484"",""20017235"",""20017236"",""20017237"",""20017238"",""20017239"",""20017240"",""20017241"",""20016494"",""20016495""]}",
line_gmb_2008390,gmb_2008390_2,2008390,2,2,23,23,1,one,True,True,False,official_route_sequence_exact_full_pattern,direction_not_encoded,partial,B,exact,A,upgraded_with_official_complete_pattern_evidence,official_json_routeId_routeSeq_stopSeq_complete_sequence,"{""candidate_count"":1,""official_stop_ids"":[""20016495"",""20016496"",""20017242"",""20017243"",""20017244"",""20017245"",""20017246"",""20017247"",""20017248"",""20016475"",""20016476"",""20016477"",""20023032"",""20017234"",""20016465"",""20007107"",""20008020"",""20001280"",""20001286"",""20001287"",""20001288"",""20001289"",""20016445""],""schedule_stop_ids"":[""20016495"",""20016496"",""20017242"",""20017243"",""20017244"",""20017245"",""20017246"",""20017247"",""20017248"",""20016475"",""20016476"",""20016477"",""20023032"",""20017234"",""20016465"",""20007107"",""20008020"",""20001280"",""20001286"",""20001287"",""20001288"",""20001289"",""20016445""]}",
line_gmb_2008391,gmb_2008391_1,2008391,1,1,21,21,1,one,True,True,False,official_route_sequence_exact_full_pattern,direction_not_encoded,partial,B,exact,A,upgraded_with_official_complete_pattern_evidence,official_json_routeId_routeSeq_stopSeq_complete_sequence,"{""candidate_count"":1,""official_stop_ids"":[""20016438"",""20016439"",""20016440"",""20016441"",""20016442"",""20016443"",""20016898"",""20016497"",""20016498"",""20016499"",""20016500"",""20016501"",""20016333"",""20016502"",""20016503"",""20016504"",""20016466"",""20016467"",""20015116"",""20016437"",""20016438""],""schedule_stop_ids"":[""20016438"",""20016439"",""20016440"",""20016441"",""20016442"",""20016443"",""20016898"",""20016497"",""20016498"",""20016499"",""20016500"",""20016501"",""20016333"",""20016502"",""20016503"",""20016504"",""20016466"",""20016467"",""20015116"",""20016437"",""20016438""]}",
line_gmb_2008392,gmb_2008392_1,2008392,1,1,13,13,1,one,True,True,False,official_route_sequence_exact_full_pattern,direction_not_encoded,partial,B,exact,A,upgraded_with_official_complete_pattern_evidence,official_json_routeId_routeSeq_stopSeq_complete_sequence,"{""candidate_count"":1,""official_stop_ids"":[""20023032"",""20016482"",""20016483"",""20016484"",""20017235"",""20017236"",""20017237"",""20017238"",""20017239"",""20017240"",""20017241"",""20016494"",""20016495""],""schedule_stop_ids"":[""20023032"",""20016482"",""20016483"",""20016484"",""20017235"",""20017236"",""20017237"",""20017238"",""20017239"",""20017240"",""20017241"",""20016494"",""20016495""]}",
line_gmb_2008392,gmb_2008392_2,2008392,2,2,13,13,1,one,True,True,False,official_route_sequence_exact_full_pattern,direction_not_encoded,partial,B,exact,A,upgraded_with_official_complete_pattern_evidence,official_json_routeId_routeSeq_stopSeq_complete_sequence,"{""candidate_count"":1,""official_stop_ids"":[""20016495"",""20016496"",""20017242"",""20017243"",""20017244"",""20017245"",""20017246"",""20017247"",""20017248"",""20016475"",""20016476"",""20016477"",""20023032""],""schedule_stop_ids"":[""20016495"",""20016496"",""20017242"",""20017243"",""20017244"",""20017245"",""20017246"",""20017247"",""20017248"",""20016475"",""20016476"",""20016477"",""20023032""]}",
line_gmb_2008393,gmb_2008393_1,2008393,1,1,2,2,1,one,True,True,False,official_route_sequence_exact_full_pattern,direction_not_encoded,partial,B,exact,A,upgraded_with_official_complete_pattern_evidence,official_json_routeId_routeSeq_stopSeq_complete_sequence,"{""candidate_count"":1,""official_stop_ids"":[""20016437"",""20016438""],""schedule_stop_ids"":[""20016437"",""20016438""]}",
line_gmb_2008421,gmb_2008421_1,2008421,1,1,28,28,1,one,True,True,False,official_route_sequence_exact_full_pattern,direction_not_encoded,partial,B,exact,A,upgraded_with_official_complete_pattern_evidence,official_json_routeId_routeSeq_stopSeq_complete_sequence,"{""candidate_count"":1,""official_stop_ids"":[""20014154"",""20016531"",""20016532"",""20016533"",""20015066"",""20016534"",""20016535"",""20016536"",""20016537"",""20016538"",""20016539"",""20016540"",""20016499"",""20016541"",""20016542"",""20016543"",""20016548"",""20016500"",""20016501"",""20016547"",""20016544"",""20015047"",""20015048"",""20015049"",""20015050"",""20015051"",""20016546"",""20014154""],""schedule_stop_ids"":[""20014154"",""20016531"",""20016532"",""20016533"",""20015066"",""20016534"",""20016535"",""20016536"",""20016537"",""20016538"",""20016539"",""20016540"",""20016499"",""20016541"",""20016542"",""20016543"",""20016548"",""20016500"",""20016501"",""20016547"",""20016544"",""20015047"",""20015048"",""20015049"",""20015050"",""20015051"",""20016546"",""20014154""]}",
line_gmb_2008454,gmb_2008454_1,2008454,1,1,10,10,1,one,True,True,False,official_route_sequence_exact_full_pattern,direction_not_encoded,partial,B,exact,A,upgraded_with_official_complete_pattern_evidence,official_json_routeId_routeSeq_stopSeq_complete_sequence,"{""candidate_count"":1,""official_stop_ids"":[""20016533"",""20015066"",""20016534"",""20016535"",""20016536"",""20016537"",""20016538"",""20016539"",""20016540"",""20016499""],""schedule_stop_ids"":[""20016533"",""20015066"",""20016534"",""20016535"",""20016536"",""20016537"",""20016538"",""20016539"",""20016540"",""20016499""]}",
line_gmb_2008454,gmb_2008454_2,2008454,2,2,11,11,1,one,True,True,False,official_route_sequence_exact_full_pattern,direction_not_encoded,partial,B,exact,A,upgraded_with_official_complete_pattern_evidence,official_json_routeId_routeSeq_stopSeq_complete_sequence,"{""candidate_count"":1,""official_stop_ids"":[""20016499"",""20016500"",""20016501"",""20016547"",""20016544"",""20015047"",""20015048"",""20015049"",""20015050"",""20015051"",""20016533""],""schedule_stop_ids"":[""20016499"",""20016500"",""20016501"",""20016547"",""20016544"",""20015047"",""20015048"",""20015049"",""20015050"",""20015051"",""20016533""]}",
line_gmb_2008487,gmb_2008487_1,2008487,1,1,12,12,1,one,True,True,False,official_route_sequence_exact_full_pattern,direction_not_encoded,partial,B,exact,A,upgraded_with_official_complete_pattern_evidence,official_json_routeId_routeSeq_stopSeq_complete_sequence,"{""candidate_count"":1,""official_stop_ids"":[""20015057"",""20016597"",""20016598"",""20015580"",""20016599"",""20012087"",""20014072"",""20016600"",""20016601"",""20016602"",""20019997"",""20015057""],""schedule_stop_ids"":[""20015057"",""20016597"",""20016598"",""20015580"",""20016599"",""20012087"",""20014072"",""20016600"",""20016601"",""20016602"",""20019997"",""20015057""]}",
line_gmb_2008520,gmb_2008520_1,2008520,1,1,39,39,1,one,True,True,False,official_route_sequence_exact_full_pattern,direction_not_encoded,partial,B,exact,A,upgraded_with_official_complete_pattern_evidence,official_json_routeId_routeSeq_stopSeq_complete_sequence,"{""candidate_count"":1,""official_stop_ids"":[""20016630"",""20020168"",""20016631"",""20016632"",""20016544"",""20016633"",""20016634"",""20015048"",""20015049"",""20015051"",""20017092"",""20017093"",""20015075"",""20007017"",""20016636"",""20016637"",""20016638"",""20016639"",""20016640"",""20016641"",""20016642"",""20016643"",""20000895"",""20016644"",""20007429"",""20015225"",""20017094"",""20018280"",""20017095"",""20017096"",""20016533"",""20015066"",""20016645"",""20016535"",""20015068"",""20020169"",""20016646"",""20016647"",""20016630""],""schedule_stop_ids"":[""20016630"",""20020168"",""20016631"",""20016632"",""20016544"",""20016633"",""20016634"",""20015048"",""20015049"",""20015051"",""20017092"",""20017093"",""20015075"",""20007017"",""20016636"",""20016637"",""20016638"",""20016639"",""20016640"",""20016641"",""20016642"",""20016643"",""20000895"",""20016644"",""20007429"",""20015225"",""20017094"",""20018280"",""20017095"",""20017096"",""20016533"",""20015066"",""20016645"",""20016535"",""20015068"",""20020169"",""20016646"",""20016647"",""20016630""]}",
line_gmb_2008553,gmb_2008553_1,2008553,1,1,6,6,1,one,True,True,False,official_route_sequence_exact_full_pattern,direction_not_encoded,partial,B,exact,A,upgraded_with_official_complete_pattern_evidence,official_json_routeId_routeSeq_stopSeq_complete_sequence,"{""candidate_count"":1,""official_stop_ids"":[""20015409"",""20007312"",""20016665"",""20016666"",""20016667"",""20016668""],""schedule_stop_ids"":[""20015409"",""20007312"",""20016665"",""20016666"",""20016667"",""20016668""]}",
line_gmb_2008553,gmb_2008553_2,2008553,2,2,5,5,1,one,True,True,False,official_route_sequence_exact_full_pattern,direction_not_encoded,partial,B,exact,A,upgraded_with_official_complete_pattern_evidence,official_json_routeId_routeSeq_stopSeq_complete_sequence,"{""candidate_count"":1,""official_stop_ids"":[""20016668"",""20016669"",""20016670"",""20020326"",""20007312""],""schedule_stop_ids"":[""20016668"",""20016669"",""20016670"",""20020326"",""20007312""]}",
line_gmb_2008554,gmb_2008554_1,2008554,1,1,4,4,1,one,True,True,False,official_route_sequence_exact_full_pattern,direction_not_encoded,partial,B,exact,A,upgraded_with_official_complete_pattern_evidence,official_json_routeId_routeSeq_stopSeq_complete_sequence,"{""candidate_count"":1,""official_stop_ids"":[""20015409"",""20004200"",""20016674"",""20016675""],""schedule_stop_ids"":[""20015409"",""20004200"",""20016674"",""20016675""]}",
line_gmb_2008554,gmb_2008554_2,2008554,2,2,4,4,1,one,True,True,False,official_route_sequence_exact_full_pattern,direction_not_encoded,partial,B,exact,A,upgraded_with_official_complete_pattern_evidence,official_json_routeId_routeSeq_stopSeq_complete_sequence,"{""candidate_count"":1,""official_stop_ids"":[""20016675"",""20007312"",""20016676"",""20015409""],""schedule_stop_ids"":[""20016675"",""20007312"",""20016676"",""20015409""]}",
line_gmb_2008555,gmb_2008555_1,2008555,1,1,4,4,1,one,True,True,False,official_route_sequence_exact_full_pattern,direction_not_encoded,partial,B,exact,A,upgraded_with_official_complete_pattern_evidence,official_json_routeId_routeSeq_stopSeq_complete_sequence,"{""candidate_count"":1,""official_stop_ids"":[""20015409"",""20016677"",""20016678"",""20016679""],""schedule_stop_ids"":[""20015409"",""20016677"",""20016678"",""20016679""]}",
line_gmb_2008555,gmb_2008555_2,2008555,2,2,4,4,1,one,True,True,False,official_route_sequence_exact_full_pattern,direction_not_encoded,partial,B,exact,A,upgraded_with_official_complete_pattern_evidence,official_json_routeId_routeSeq_stopSeq_complete_sequence,"{""candidate_count"":1,""official_stop_ids"":[""20016679"",""20016680"",""20016681"",""20015409""],""schedule_stop_ids"":[""20016679"",""20016680"",""20016681"",""20015409""]}",
line_gmb_2008586,gmb_2008586_1,2008586,1,1,11,11,1,one,True,True,False,official_route_sequence_exact_full_pattern,direction_not_encoded,partial,B,exact,A,upgraded_with_official_complete_pattern_evidence,official_json_routeId_routeSeq_stopSeq_complete_sequence,"{""candidate_count"":1,""official_stop_ids"":[""20016704"",""20016504"",""20016466"",""20016705"",""20016467"",""20015015"",""20013834"",""20016706"",""20013839"",""20016903"",""20012999""],""schedule_stop_ids"":[""20016704"",""20016504"",""20016466"",""20016705"",""20016467"",""20015015"",""20013834"",""20016706"",""20013839"",""20016903"",""20012999""]}",
line_gmb_2008586,gmb_2008586_2,2008586,2,2,11,11,1,one,True,True,False,official_route_sequence_exact_full_pattern,direction_not_encoded,partial,B,exact,A,upgraded_with_official_complete_pattern_evidence,official_json_routeId_routeSeq_stopSeq_complete_sequence,"{""candidate_count"":1,""official_stop_ids"":[""20012999"",""20016715"",""20013842"",""20016716"",""20016717"",""20016718"",""20016443"",""20016444"",""20016719"",""20016720"",""20016704""],""schedule_stop_ids"":[""20012999"",""20016715"",""20013842"",""20016716"",""20016717"",""20016718"",""20016443"",""20016444"",""20016719"",""20016720"",""20016704""]}",
line_gmb_2008587,gmb_2008587_1,2008587,1,1,12,12,1,one,True,True,False,official_route_sequence_exact_full_pattern,direction_not_encoded,partial,B,exact,A,upgraded_with_official_complete_pattern_evidence,official_json_routeId_routeSeq_stopSeq_complete_sequence,"{""candidate_count"":1,""official_stop_ids"":[""20016696"",""20001646"",""20016697"",""20016698"",""20016699"",""20016700"",""20016701"",""20001445"",""20001654"",""20016702"",""20022372"",""20016703""],""schedule_stop_ids"":[""20016696"",""20001646"",""20016697"",""20016698"",""20016699"",""20016700"",""20016701"",""20001445"",""20001654"",""20016702"",""20022372"",""20016703""]}",
line_gmb_2008587,gmb_2008587_2,2008587,2,2,9,9,1,one,True,True,False,official_route_sequence_exact_full_pattern,direction_not_encoded,partial,B,exact,A,upgraded_with_official_complete_pattern_evidence,official_json_routeId_routeSeq_stopSeq_complete_sequence,"{""candidate_count"":1,""official_stop_ids"":[""20016703"",""20016708"",""20016709"",""20016710"",""20001660"",""20020500"",""20015943"",""20001643"",""20016696""],""schedule_stop_ids"":[""20016703"",""20016708"",""20016709"",""20016710"",""20001660"",""20020500"",""20015943"",""20001643"",""20016696""]}",
line_gmb_2008589,gmb_2008589_1,2008589,1,1,3,3,1,one,True,True,False,official_route_sequence_exact_full_pattern,direction_not_encoded,partial,B,exact,A,upgraded_with_official_complete_pattern_evidence,official_json_routeId_routeSeq_stopSeq_complete_sequence,"{""candidate_count"":1,""official_stop_ids"":[""20016711"",""20016712"",""20016713""],""schedule_stop_ids"":[""20016711"",""20016712"",""20016713""]}",
line_gmb_2008589,gmb_2008589_2,2008589,2,2,5,5,1,one,True,True,False,official_route_sequence_exact_full_pattern,direction_not_encoded,partial,B,exact,A,upgraded_with_official_complete_pattern_evidence,official_json_routeId_routeSeq_stopSeq_complete_sequence,"{""candidate_count"":1,""official_stop_ids"":[""20016713"",""20016712"",""20015993"",""20016714"",""20016711""],""schedule_stop_ids"":[""20016713"",""20016712"",""20015993"",""20016714"",""20016711""]}",
line_gmb_2008590,gmb_2008590_1,2008590,1,1,15,15,1,one,True,True,False,official_route_sequence_exact_full_pattern,direction_not_encoded,partial,B,exact,A,upgraded_with_official_complete_pattern_evidence,official_json_routeId_routeSeq_stopSeq_complete_sequence,"{""candidate_count"":1,""official_stop_ids"":[""20012999"",""20016715"",""20013842"",""20016716"",""20016717"",""20016718"",""20016443"",""20016444"",""20016719"",""20016721"",""20015080"",""20016501"",""20016502"",""20016720"",""20016704""],""schedule_stop_ids"":[""20012999"",""20016715"",""20013842"",""20016716"",""20016717"",""20016718"",""20016443"",""20016444"",""20016719"",""20016721"",""20015080"",""20016501"",""20016502"",""20016720"",""20016704""]}",
line_gmb_2008591,gmb_2008591_1,2008591,1,1,16,16,1,one,True,True,False,official_route_sequence_exact_full_pattern,direction_not_encoded,partial,B,exact,A,upgraded_with_official_complete_pattern_evidence,official_json_routeId_routeSeq_stopSeq_complete_sequence,"{""candidate_count"":1,""official_stop_ids"":[""20012208"",""20018214"",""20015972"",""20016697"",""20016698"",""20016699"",""20016700"",""20016701"",""20001445"",""20016722"",""20001670"",""20002663"",""20001671"",""20001672"",""20016723"",""20016724""],""schedule_stop_ids"":[""20012208"",""20018214"",""20015972"",""20016697"",""20016698"",""20016699"",""20016700"",""20016701"",""20001445"",""20016722"",""20001670"",""20002663"",""20001671"",""20001672"",""20016723"",""20016724""]}",
line_gmb_2008591,gmb_2008591_2,2008591,2,2,9,9,1,one,True,True,False,official_route_sequence_exact_full_pattern,direction_not_encoded,partial,B,exact,A,upgraded_with_official_complete_pattern_evidence,official_json_routeId_routeSeq_stopSeq_complete_sequence,"{""candidate_count"":1,""official_stop_ids"":[""20016724"",""20016702"",""20011989"",""20001679"",""20016710"",""20001660"",""20015943"",""20001643"",""20012208""],""schedule_stop_ids"":[""20016724"",""20016702"",""20011989"",""20001679"",""20016710"",""20001660"",""20015943"",""20001643"",""20012208""]}",
line_gmb_2008592,gmb_2008592_1,2008592,1,1,14,14,1,one,True,True,False,official_route_sequence_exact_full_pattern,direction_not_encoded,partial,B,exact,A,upgraded_with_official_complete_pattern_evidence,official_json_routeId_routeSeq_stopSeq_complete_sequence,"{""candidate_count"":1,""official_stop_ids"":[""20016729"",""20016402"",""20017257"",""20016731"",""20002022"",""20020822"",""20016732"",""20016733"",""20000814"",""20000815"",""20013838"",""20016734"",""20016903"",""20017917""],""schedule_stop_ids"":[""20016729"",""20016402"",""20017257"",""20016731"",""20002022"",""20020822"",""20016732"",""20016733"",""20000814"",""20000815"",""20013838"",""20016734"",""20016903"",""20017917""]}",
line_gmb_2008592,gmb_2008592_2,2008592,2,2,13,13,1,one,True,True,False,official_route_sequence_exact_full_pattern,direction_not_encoded,partial,B,exact,A,upgraded_with_official_complete_pattern_evidence,official_json_routeId_routeSeq_stopSeq_complete_sequence,"{""candidate_count"":1,""official_stop_ids"":[""20017917"",""20016715"",""20015909"",""20013842"",""20016736"",""20000810"",""20000633"",""20016737"",""20016738"",""20020823"",""20002030"",""20002031"",""20016402""],""schedule_stop_ids"":[""20017917"",""20016715"",""20015909"",""20013842"",""20016736"",""20000810"",""20000633"",""20016737"",""20016738"",""20020823"",""20002030"",""20002031"",""20016402""]}",
line_gmb_2008593,gmb_2008593_1,2008593,1,1,13,13,1,one,True,True,False,official_route_sequence_exact_full_pattern,direction_not_encoded,partial,B,exact,A,upgraded_with_official_complete_pattern_evidence,official_json_routeId_routeSeq_stopSeq_complete_sequence,"{""candidate_count"":1,""official_stop_ids"":[""20016725"",""20001646"",""20016697"",""20016698"",""20016699"",""20016700"",""20001445"",""20016722"",""20001670"",""20002663"",""20016728"",""20016723"",""20016724""],""schedule_stop_ids"":[""20016725"",""20001646"",""20016697"",""20016698"",""20016699"",""20016700"",""20001445"",""20016722"",""20001670"",""20002663"",""20016728"",""20016723"",""20016724""]}",
line_gmb_2008593,gmb_2008593_2,2008593,2,2,9,9,1,one,True,True,False,official_route_sequence_exact_full_pattern,direction_not_encoded,partial,B,exact,A,upgraded_with_official_complete_pattern_evidence,official_json_routeId_routeSeq_stopSeq_complete_sequence,"{""candidate_count"":1,""official_stop_ids"":[""20016724"",""20016702"",""20011989"",""20001679"",""20016710"",""20001660"",""20015943"",""20001643"",""20016725""],""schedule_stop_ids"":[""20016724"",""20016702"",""20011989"",""20001679"",""20016710"",""20001660"",""20015943"",""20001643"",""20016725""]}",
line_gmb_2008594,gmb_2008594_1,2008594,1,1,9,9,1,one,True,True,False,official_route_sequence_exact_full_pattern,direction_not_encoded,partial,B,exact,A,upgraded_with_official_complete_pattern_evidence,official_json_routeId_routeSeq_stopSeq_complete_sequence,"{""candidate_count"":1,""official_stop_ids"":[""20016725"",""20001445"",""20016722"",""20001670"",""20002663"",""20001671"",""20001672"",""20016723"",""20016724""],""schedule_stop_ids"":[""20016725"",""20001445"",""20016722"",""20001670"",""20002663"",""20001671"",""20001672"",""20016723"",""20016724""]}",
line_gmb_2008594,gmb_2008594_2,2008594,2,2,10,10,1,one,True,True,False,official_route_sequence_exact_full_pattern,direction_not_encoded,partial,B,exact,A,upgraded_with_official_complete_pattern_evidence,official_json_routeId_routeSeq_stopSeq_complete_sequence,"{""candidate_count"":1,""official_stop_ids"":[""20016724"",""20016702"",""20011989"",""20001679"",""20016710"",""20001660"",""20016739"",""20001687"",""20015993"",""20016725""],""schedule_stop_ids"":[""20016724"",""20016702"",""20011989"",""20001679"",""20016710"",""20001660"",""20016739"",""20001687"",""20015993"",""20016725""]}",
line_gmb_2008595,gmb_2008595_1,2008595,1,1,8,8,1,one,True,True,False,official_route_sequence_exact_full_pattern,direction_not_encoded,partial,B,exact,A,upgraded_with_official_complete_pattern_evidence,official_json_routeId_routeSeq_stopSeq_complete_sequence,"{""candidate_count"":1,""official_stop_ids"":[""20016740"",""20022636"",""20002436"",""20022637"",""20002203"",""20016741"",""20016742"",""20016740""],""schedule_stop_ids"":[""20016740"",""20022636"",""20002436"",""20022637"",""20002203"",""20016741"",""20016742"",""20016740""]}",
line_gmb_2008596,gmb_2008596_1,2008596,1,1,15,15,1,one,True,True,False,official_route_sequence_exact_full_pattern,direction_not_encoded,partial,B,exact,A,upgraded_with_official_complete_pattern_evidence,official_json_routeId_routeSeq_stopSeq_complete_sequence,"{""candidate_count"":1,""official_stop_ids"":[""20016745"",""20014982"",""20016746"",""20016747"",""20016748"",""20012810"",""20016749"",""20014127"",""20016750"",""20012808"",""20016751"",""20016752"",""20016746"",""20016747"",""20016745""],""schedule_stop_ids"":[""20016745"",""20014982"",""20016746"",""20016747"",""20016748"",""20012810"",""20016749"",""20014127"",""20016750"",""20012808"",""20016751"",""20016752"",""20016746"",""20016747"",""20016745""]}",
line_gmb_2008597,gmb_2008597_1,2008597,1,1,3,3,1,one,True,True,False,official_route_sequence_exact_full_pattern,direction_not_encoded,partial,B,exact,A,upgraded_with_official_complete_pattern_evidence,official_json_routeId_routeSeq_stopSeq_complete_sequence,"{""candidate_count"":1,""official_stop_ids"":[""20001282"",""20016744"",""20001282""],""schedule_stop_ids"":[""20001282"",""20016744"",""20001282""]}",
line_gmb_2008598,gmb_2008598_1,2008598,1,1,4,4,1,one,True,True,False,official_route_sequence_exact_full_pattern,direction_not_encoded,partial,B,exact,A,upgraded_with_official_complete_pattern_evidence,official_json_routeId_routeSeq_stopSeq_complete_sequence,"{""candidate_count"":1,""official_stop_ids"":[""20016756"",""20015596"",""20016742"",""20016756""],""schedule_stop_ids"":[""20016756"",""20015596"",""20016742"",""20016756""]}",
line_gmb_2008599,gmb_2008599_1,2008599,1,1,7,7,1,one,True,True,False,official_route_sequence_exact_full_pattern,direction_not_encoded,partial,B,exact,A,upgraded_with_official_complete_pattern_evidence,official_json_routeId_routeSeq_stopSeq_complete_sequence,"{""candidate_count"":1,""official_stop_ids"":[""20016758"",""20016759"",""20002436"",""20002203"",""20016760"",""20016761"",""20016758""],""schedule_stop_ids"":[""20016758"",""20016759"",""20002436"",""20002203"",""20016760"",""20016761"",""20016758""]}",
line_gmb_2008600,gmb_2008600_1,2008600,1,1,8,8,1,one,True,True,False,official_route_sequence_exact_full_pattern,direction_not_encoded,partial,B,exact,A,upgraded_with_official_complete_pattern_evidence,official_json_routeId_routeSeq_stopSeq_complete_sequence,"{""candidate_count"":1,""official_stop_ids"":[""20014127"",""20012808"",""20016752"",""20016753"",""20001730"",""20016748"",""20012810"",""20014127""],""schedule_stop_ids"":[""20014127"",""20012808"",""20016752"",""20016753"",""20001730"",""20016748"",""20012810"",""20014127""]}",
line_gmb_2008601,gmb_2008601_1,2008601,1,1,5,5,1,one,True,True,False,official_route_sequence_exact_full_pattern,direction_not_encoded,partial,B,exact,A,upgraded_with_official_complete_pattern_evidence,official_json_routeId_routeSeq_stopSeq_complete_sequence,"{""candidate_count"":1,""official_stop_ids"":[""20016746"",""20001730"",""20016755"",""20014982"",""20016746""],""schedule_stop_ids"":[""20016746"",""20001730"",""20016755"",""20014982"",""20016746""]}",
line_gmb_2008602,gmb_2008602_1,2008602,1,1,2,2,1,one,True,True,False,official_route_sequence_exact_full_pattern,direction_not_encoded,partial,B,exact,A,upgraded_with_official_complete_pattern_evidence,official_json_routeId_routeSeq_stopSeq_complete_sequence,"{""candidate_count"":1,""official_stop_ids"":[""20002103"",""20016746""],""schedule_stop_ids"":[""20002103"",""20016746""]}",
line_gmb_2008602,gmb_2008602_2,2008602,2,2,2,2,1,one,True,True,False,official_route_sequence_exact_full_pattern,direction_not_encoded,partial,B,exact,A,upgraded_with_official_complete_pattern_evidence,official_json_routeId_routeSeq_stopSeq_complete_sequence,"{""candidate_count"":1,""official_stop_ids"":[""20016746"",""20002103""],""schedule_stop_ids"":[""20016746"",""20002103""]}",
line_gmb_2008603,gmb_2008603_1,2008603,1,1,7,7,1,one,True,True,False,official_route_sequence_exact_full_pattern,direction_not_encoded,partial,B,exact,A,upgraded_with_official_complete_pattern_evidence,official_json_routeId_routeSeq_stopSeq_complete_sequence,"{""candidate_count"":1,""official_stop_ids"":[""20016743"",""20016763"",""20016764"",""20016765"",""20015427"",""20016766"",""20016743""],""schedule_stop_ids"":[""20016743"",""20016763"",""20016764"",""20016765"",""20015427"",""20016766"",""20016743""]}",
line_gmb_2008604,gmb_2008604_1,2008604,1,1,6,6,1,one,True,True,False,official_route_sequence_exact_full_pattern,direction_not_encoded,partial,B,exact,A,upgraded_with_official_complete_pattern_evidence,official_json_routeId_routeSeq_stopSeq_complete_sequence,"{""candidate_count"":1,""official_stop_ids"":[""20016746"",""20012810"",""20014125"",""20016767"",""20014126"",""20016768""],""schedule_stop_ids"":[""20016746"",""20012810"",""20014125"",""20016767"",""20014126"",""20016768""]}",
line_gmb_2008604,gmb_2008604_2,2008604,2,2,6,6,1,one,True,True,False,official_route_sequence_exact_full_pattern,direction_not_encoded,partial,B,exact,A,upgraded_with_official_complete_pattern_evidence,official_json_routeId_routeSeq_stopSeq_complete_sequence,"{""candidate_count"":1,""official_stop_ids"":[""20016768"",""20014127"",""20016795"",""20016796"",""20012808"",""20016746""],""schedule_stop_ids"":[""20016768"",""20014127"",""20016795"",""20016796"",""20012808"",""20016746""]}",
line_gmb_2008619,gmb_2008619_1,2008619,1,1,3,3,1,one,True,True,False,official_route_sequence_exact_full_pattern,direction_not_encoded,partial,B,exact,A,upgraded_with_official_complete_pattern_evidence,official_json_routeId_routeSeq_stopSeq_complete_sequence,"{""candidate_count"":1,""official_stop_ids"":[""20016768"",""20012808"",""20016746""],""schedule_stop_ids"":[""20016768"",""20012808"",""20016746""]}",
line_gmb_2008619,gmb_2008619_2,2008619,2,2,3,3,1,one,True,True,False,official_route_sequence_exact_full_pattern,direction_not_encoded,partial,B,exact,A,upgraded_with_official_complete_pattern_evidence,official_json_routeId_routeSeq_stopSeq_complete_sequence,"{""candidate_count"":1,""official_stop_ids"":[""20016753"",""20012810"",""20016768""],""schedule_stop_ids"":[""20016753"",""20012810"",""20016768""]}",
line_gmb_2008620,gmb_2008620_1,2008620,1,1,4,4,1,one,True,True,False,official_route_sequence_exact_full_pattern,direction_not_encoded,partial,B,exact,A,upgraded_with_official_complete_pattern_evidence,official_json_routeId_routeSeq_stopSeq_complete_sequence,"{""candidate_count"":1,""official_stop_ids"":[""20016744"",""20002436"",""20016742"",""20016744""],""schedule_stop_ids"":[""20016744"",""20002436"",""20016742"",""20016744""]}",
line_gmb_2008621,gmb_2008621_1,2008621,1,1,7,7,1,one,True,True,False,official_route_sequence_exact_full_pattern,direction_not_encoded,partial,B,exact,A,upgraded_with_official_complete_pattern_evidence,official_json_routeId_routeSeq_stopSeq_complete_sequence,"{""candidate_count"":1,""official_stop_ids"":[""20016797"",""20020271"",""20020272"",""20001746"",""20016798"",""20016799"",""20016800""],""schedule_stop_ids"":[""20016797"",""20020271"",""20020272"",""20001746"",""20016798"",""20016799"",""20016800""]}",
line_gmb_2008621,gmb_2008621_2,2008621,2,2,7,7,1,one,True,True,False,official_route_sequence_exact_full_pattern,direction_not_encoded,partial,B,exact,A,upgraded_with_official_complete_pattern_evidence,official_json_routeId_routeSeq_stopSeq_complete_sequence,"{""candidate_count"":1,""official_stop_ids"":[""20016800"",""20016799"",""20016798"",""20001754"",""20012804"",""20011987"",""20016797""],""schedule_stop_ids"":[""20016800"",""20016799"",""20016798"",""20001754"",""20012804"",""20011987"",""20016797""]}",
line_gmb_2008622,gmb_2008622_1,2008622,1,1,16,16,1,one,True,True,False,official_route_sequence_exact_full_pattern,direction_not_encoded,partial,B,exact,A,upgraded_with_official_complete_pattern_evidence,official_json_routeId_routeSeq_stopSeq_complete_sequence,"{""candidate_count"":1,""official_stop_ids"":[""20015409"",""20001281"",""20001282"",""20001283"",""20015411"",""20016803"",""20016804"",""20016805"",""20016806"",""20016807"",""20016808"",""20016809"",""20016810"",""20016811"",""20016812"",""20016813""],""schedule_stop_ids"":[""20015409"",""20001281"",""20001282"",""20001283"",""20015411"",""20016803"",""20016804"",""20016805"",""20016806"",""20016807"",""20016808"",""20016809"",""20016810"",""20016811"",""20016812"",""20016813""]}",
line_gmb_2008622,gmb_2008622_2,2008622,2,2,20,20,1,one,True,True,False,official_route_sequence_exact_full_pattern,direction_not_encoded,partial,B,exact,A,upgraded_with_official_complete_pattern_evidence,official_json_routeId_routeSeq_stopSeq_complete_sequence,"{""candidate_count"":1,""official_stop_ids"":[""20016813"",""20016814"",""20016815"",""20016816"",""20016817"",""20016818"",""20016819"",""20016820"",""20016821"",""20016822"",""20016823"",""20016824"",""20016825"",""20001286"",""20001287"",""20001288"",""20001289"",""20015426"",""20015427"",""20015409""],""schedule_stop_ids"":[""20016813"",""20016814"",""20016815"",""20016816"",""20016817"",""20016818"",""20016819"",""20016820"",""20016821"",""20016822"",""20016823"",""20016824"",""20016825"",""20001286"",""20001287"",""20001288"",""20001289"",""20015426"",""20015427"",""20015409""]}",
line_gmb_2008623,gmb_2008623_1,2008623,1,1,3,3,1,one,True,True,False,official_route_sequence_exact_full_pattern,direction_not_encoded,partial,B,exact,A,upgraded_with_official_complete_pattern_evidence,official_json_routeId_routeSeq_stopSeq_complete_sequence,"{""candidate_count"":1,""official_stop_ids"":[""20016797"",""20016801"",""20016800""],""schedule_stop_ids"":[""20016797"",""20016801"",""20016800""]}",
line_gmb_2008623,gmb_2008623_2,2008623,2,2,5,5,1,one,True,True,False,official_route_sequence_exact_full_pattern,direction_not_encoded,partial,B,exact,A,upgraded_with_official_complete_pattern_evidence,official_json_routeId_routeSeq_stopSeq_complete_sequence,"{""candidate_count"":1,""official_stop_ids"":[""20016800"",""20016799"",""20012804"",""20011987"",""20016797""],""schedule_stop_ids"":[""20016800"",""20016799"",""20012804"",""20011987"",""20016797""]}",
line_gmb_2008624,gmb_2008624_1,2008624,1,1,3,3,1,one,True,True,False,official_route_sequence_exact_full_pattern,direction_not_encoded,partial,B,exact,A,upgraded_with_official_complete_pattern_evidence,official_json_routeId_routeSeq_stopSeq_complete_sequence,"{""candidate_count"":1,""official_stop_ids"":[""20016797"",""20001746"",""20016798""],""schedule_stop_ids"":[""20016797"",""20001746"",""20016798""]}",
line_gmb_2008624,gmb_2008624_2,2008624,2,2,5,5,1,one,True,True,False,official_route_sequence_exact_full_pattern,direction_not_encoded,partial,B,exact,A,upgraded_with_official_complete_pattern_evidence,official_json_routeId_routeSeq_stopSeq_complete_sequence,"{""candidate_count"":1,""official_stop_ids"":[""20016798"",""20001754"",""20012804"",""20011987"",""20016797""],""schedule_stop_ids"":[""20016798"",""20001754"",""20012804"",""20011987"",""20016797""]}",
line_gmb_2008625,gmb_2008625_1,2008625,1,1,6,6,1,one,True,True,False,official_route_sequence_exact_full_pattern,direction_not_encoded,partial,B,exact,A,upgraded_with_official_complete_pattern_evidence,official_json_routeId_routeSeq_stopSeq_complete_sequence,"{""candidate_count"":1,""official_stop_ids"":[""20016800"",""20016799"",""20016798"",""20001754"",""20012804"",""20016797""],""schedule_stop_ids"":[""20016800"",""20016799"",""20016798"",""20001754"",""20012804"",""20016797""]}",
line_gmb_2008627,gmb_2008627_1,2008627,1,1,7,7,1,one,True,True,False,official_route_sequence_exact_full_pattern,direction_not_encoded,partial,B,exact,A,upgraded_with_official_complete_pattern_evidence,official_json_routeId_routeSeq_stopSeq_complete_sequence,"{""candidate_count"":1,""official_stop_ids"":[""20016797"",""20016801"",""20001746"",""20001754"",""20012804"",""20011987"",""20016797""],""schedule_stop_ids"":[""20016797"",""20016801"",""20001746"",""20001754"",""20012804"",""20011987"",""20016797""]}",
line_gmb_2008628,gmb_2008628_1,2008628,1,1,5,5,1,one,True,True,False,official_route_sequence_exact_full_pattern,direction_not_encoded,partial,B,exact,A,upgraded_with_official_complete_pattern_evidence,official_json_routeId_routeSeq_stopSeq_complete_sequence,"{""candidate_count"":1,""official_stop_ids"":[""20016797"",""20001746"",""20001754"",""20012804"",""20016797""],""schedule_stop_ids"":[""20016797"",""20001746"",""20001754"",""20012804"",""20016797""]}",
line_gmb_2008629,gmb_2008629_1,2008629,1,1,5,5,1,one,True,True,False,official_route_sequence_exact_full_pattern,direction_not_encoded,partial,B,exact,A,upgraded_with_official_complete_pattern_evidence,official_json_routeId_routeSeq_stopSeq_complete_sequence,"{""candidate_count"":1,""official_stop_ids"":[""20016826"",""20012806"",""20012807"",""20001746"",""20016768""],""schedule_stop_ids"":[""20016826"",""20012806"",""20012807"",""20001746"",""20016768""]}",
line_gmb_2008629,gmb_2008629_2,2008629,2,2,5,5,1,one,True,True,False,official_route_sequence_exact_full_pattern,direction_not_encoded,partial,B,exact,A,upgraded_with_official_complete_pattern_evidence,official_json_routeId_routeSeq_stopSeq_complete_sequence,"{""candidate_count"":1,""official_stop_ids"":[""20016768"",""20001754"",""20012804"",""20011987"",""20016826""],""schedule_stop_ids"":[""20016768"",""20001754"",""20012804"",""20011987"",""20016826""]}",
line_gmb_2008630,gmb_2008630_1,2008630,1,1,16,16,1,one,True,True,False,official_route_sequence_exact_full_pattern,direction_not_encoded,partial,B,exact,A,upgraded_with_official_complete_pattern_evidence,official_json_routeId_routeSeq_stopSeq_complete_sequence,"{""candidate_count"":1,""official_stop_ids"":[""20016813"",""20016814"",""20016815"",""20016816"",""20016817"",""20016818"",""20016819"",""20016820"",""20016831"",""20015412"",""20016823"",""20016824"",""20016825"",""20001286"",""20001287"",""20015409""],""schedule_stop_ids"":[""20016813"",""20016814"",""20016815"",""20016816"",""20016817"",""20016818"",""20016819"",""20016820"",""20016831"",""20015412"",""20016823"",""20016824"",""20016825"",""20001286"",""20001287"",""20015409""]}",
line_gmb_2008631,gmb_2008631_1,2008631,1,1,5,5,1,one,True,True,False,official_route_sequence_exact_full_pattern,direction_not_encoded,partial,B,exact,A,upgraded_with_official_complete_pattern_evidence,official_json_routeId_routeSeq_stopSeq_complete_sequence,"{""candidate_count"":1,""official_stop_ids"":[""20016827"",""20020271"",""20020272"",""20001746"",""20016828""],""schedule_stop_ids"":[""20016827"",""20020271"",""20020272"",""20001746"",""20016828""]}",
line_gmb_2008631,gmb_2008631_2,2008631,2,2,5,5,1,one,True,True,False,official_route_sequence_exact_full_pattern,direction_not_encoded,partial,B,exact,A,upgraded_with_official_complete_pattern_evidence,official_json_routeId_routeSeq_stopSeq_complete_sequence,"{""candidate_count"":1,""official_stop_ids"":[""20016828"",""20001737"",""20012804"",""20011987"",""20016827""],""schedule_stop_ids"":[""20016828"",""20001737"",""20012804"",""20011987"",""20016827""]}",
line_gmb_2008632,gmb_2008632_1,2008632,1,1,17,17,1,one,True,True,False,official_route_sequence_exact_full_pattern,direction_not_encoded,partial,B,exact,A,upgraded_with_official_complete_pattern_evidence,official_json_routeId_routeSeq_stopSeq_complete_sequence,"{""candidate_count"":1,""official_stop_ids"":[""20015409"",""20001281"",""20001282"",""20001283"",""20015411"",""20016829"",""20016830"",""20015412"",""20016831"",""20016832"",""20015414"",""20016833"",""20016834"",""20016835"",""20016836"",""20016837"",""20016838""],""schedule_stop_ids"":[""20015409"",""20001281"",""20001282"",""20001283"",""20015411"",""20016829"",""20016830"",""20015412"",""20016831"",""20016832"",""20015414"",""20016833"",""20016834"",""20016835"",""20016836"",""20016837"",""20016838""]}",
line_gmb_2008632,gmb_2008632_2,2008632,2,2,19,19,1,one,True,True,False,official_route_sequence_exact_full_pattern,direction_not_encoded,partial,B,exact,A,upgraded_with_official_complete_pattern_evidence,official_json_routeId_routeSeq_stopSeq_complete_sequence,"{""candidate_count"":1,""official_stop_ids"":[""20016838"",""20016839"",""20016840"",""20016841"",""20016842"",""20016843"",""20016844"",""20016845"",""20016846"",""20016847"",""20016848"",""20016825"",""20001286"",""20001287"",""20001288"",""20001289"",""20015426"",""20015427"",""20015409""],""schedule_stop_ids"":[""20016838"",""20016839"",""20016840"",""20016841"",""20016842"",""20016843"",""20016844"",""20016845"",""20016846"",""20016847"",""20016848"",""20016825"",""20001286"",""20001287"",""20001288"",""20001289"",""20015426"",""20015427"",""20015409""]}",
line_gmb_2008633,gmb_2008633_1,2008633,1,1,15,15,1,one,True,True,False,official_route_sequence_exact_full_pattern,direction_not_encoded,partial,B,exact,A,upgraded_with_official_complete_pattern_evidence,official_json_routeId_routeSeq_stopSeq_complete_sequence,"{""candidate_count"":1,""official_stop_ids"":[""20016838"",""20016839"",""20016840"",""20016841"",""20016842"",""20016843"",""20016844"",""20016845"",""20016846"",""20016847"",""20016848"",""20016825"",""20001286"",""20001287"",""20015409""],""schedule_stop_ids"":[""20016838"",""20016839"",""20016840"",""20016841"",""20016842"",""20016843"",""20016844"",""20016845"",""20016846"",""20016847"",""20016848"",""20016825"",""20001286"",""20001287"",""20015409""]}",
line_gmb_2008652,gmb_2008652_1,2008652,1,1,15,15,1,one,True,True,False,official_route_sequence_exact_full_pattern,direction_not_encoded,partial,B,exact,A,upgraded_with_official_complete_pattern_evidence,official_json_routeId_routeSeq_stopSeq_complete_sequence,"{""candidate_count"":1,""official_stop_ids"":[""20015409"",""20001281"",""20001282"",""20001283"",""20015411"",""20016829"",""20016830"",""20015412"",""20016831"",""20016832"",""20015414"",""20016833"",""20016834"",""20016861"",""20016862""],""schedule_stop_ids"":[""20015409"",""20001281"",""20001282"",""20001283"",""20015411"",""20016829"",""20016830"",""20015412"",""20016831"",""20016832"",""20015414"",""20016833"",""20016834"",""20016861"",""20016862""]}",
line_gmb_2008652,gmb_2008652_2,2008652,2,2,17,17,1,one,True,True,False,official_route_sequence_exact_full_pattern,direction_not_encoded,partial,B,exact,A,upgraded_with_official_complete_pattern_evidence,official_json_routeId_routeSeq_stopSeq_complete_sequence,"{""candidate_count"":1,""official_stop_ids"":[""20016862"",""20016861"",""20016842"",""20016843"",""20016844"",""20016845"",""20016846"",""20016847"",""20016848"",""20016825"",""20001286"",""20001287"",""20001288"",""20001289"",""20015426"",""20015427"",""20015409""],""schedule_stop_ids"":[""20016862"",""20016861"",""20016842"",""20016843"",""20016844"",""20016845"",""20016846"",""20016847"",""20016848"",""20016825"",""20001286"",""20001287"",""20001288"",""20001289"",""20015426"",""20015427"",""20015409""]}",
line_gmb_2008653,gmb_2008653_1,2008653,1,1,17,17,1,one,True,True,False,official_route_sequence_exact_full_pattern,direction_not_encoded,partial,B,exact,A,upgraded_with_official_complete_pattern_evidence,official_json_routeId_routeSeq_stopSeq_complete_sequence,"{""candidate_count"":1,""official_stop_ids"":[""20019468"",""20014981"",""20016850"",""20016748"",""20001732"",""20002170"",""20002048"",""20016872"",""20016701"",""20016873"",""20016874"",""20001445"",""20008024"",""20016875"",""20001742"",""20016876"",""20019468""],""schedule_stop_ids"":[""20019468"",""20014981"",""20016850"",""20016748"",""20001732"",""20002170"",""20002048"",""20016872"",""20016701"",""20016873"",""20016874"",""20001445"",""20008024"",""20016875"",""20001742"",""20016876"",""20019468""]}",
line_gmb_2008654,gmb_2008654_1,2008654,1,1,17,17,1,one,True,True,False,official_route_sequence_exact_full_pattern,direction_not_encoded,partial,B,exact,A,upgraded_with_official_complete_pattern_evidence,official_json_routeId_routeSeq_stopSeq_complete_sequence,"{""candidate_count"":1,""official_stop_ids"":[""20016849"",""20016850"",""20016748"",""20001732"",""20002170"",""20002048"",""20016872"",""20016701"",""20016873"",""20012208"",""20016878"",""20020133"",""20008024"",""20016875"",""20001742"",""20016876"",""20016849""],""schedule_stop_ids"":[""20016849"",""20016850"",""20016748"",""20001732"",""20002170"",""20002048"",""20016872"",""20016701"",""20016873"",""20012208"",""20016878"",""20020133"",""20008024"",""20016875"",""20001742"",""20016876"",""20016849""]}",
line_gmb_2008655,gmb_2008655_1,2008655,1,1,16,16,1,one,True,True,False,official_route_sequence_exact_full_pattern,direction_not_encoded,partial,B,exact,A,upgraded_with_official_complete_pattern_evidence,official_json_routeId_routeSeq_stopSeq_complete_sequence,"{""candidate_count"":1,""official_stop_ids"":[""20019469"",""20014981"",""20016850"",""20016748"",""20001732"",""20002170"",""20002048"",""20016872"",""20016701"",""20016873"",""20001445"",""20008024"",""20016875"",""20001742"",""20016876"",""20019469""],""schedule_stop_ids"":[""20019469"",""20014981"",""20016850"",""20016748"",""20001732"",""20002170"",""20002048"",""20016872"",""20016701"",""20016873"",""20001445"",""20008024"",""20016875"",""20001742"",""20016876"",""20019469""]}",
line_gmb_2008685,gmb_2008685_1,2008685,1,1,9,9,1,one,True,True,False,official_route_sequence_exact_full_pattern,direction_not_encoded,partial,B,exact,A,upgraded_with_official_complete_pattern_evidence,official_json_routeId_routeSeq_stopSeq_complete_sequence,"{""candidate_count"":1,""official_stop_ids"":[""20015764"",""20020529"",""20001282"",""20001283"",""20019369"",""20016865"",""20016866"",""20016867"",""20016868""],""schedule_stop_ids"":[""20015764"",""20020529"",""20001282"",""20001283"",""20019369"",""20016865"",""20016866"",""20016867"",""20016868""]}",
line_gmb_2008685,gmb_2008685_2,2008685,2,2,10,10,1,one,True,True,False,official_route_sequence_exact_full_pattern,direction_not_encoded,partial,B,exact,A,upgraded_with_official_complete_pattern_evidence,official_json_routeId_routeSeq_stopSeq_complete_sequence,"{""candidate_count"":1,""official_stop_ids"":[""20016868"",""20016867"",""20016866"",""20016865"",""20016869"",""20019402"",""20001286"",""20004199"",""20002203"",""20015764""],""schedule_stop_ids"":[""20016868"",""20016867"",""20016866"",""20016865"",""20016869"",""20019402"",""20001286"",""20004199"",""20002203"",""20015764""]}",
line_gmb_2008686,gmb_2008686_1,2008686,1,1,13,13,1,one,True,True,False,official_route_sequence_exact_full_pattern,direction_not_encoded,partial,B,exact,A,upgraded_with_official_complete_pattern_evidence,official_json_routeId_routeSeq_stopSeq_complete_sequence,"{""candidate_count"":1,""official_stop_ids"":[""20016862"",""20016861"",""20016842"",""20016843"",""20016844"",""20016845"",""20016846"",""20016847"",""20016848"",""20016825"",""20001286"",""20001287"",""20015409""],""schedule_stop_ids"":[""20016862"",""20016861"",""20016842"",""20016843"",""20016844"",""20016845"",""20016846"",""20016847"",""20016848"",""20016825"",""20001286"",""20001287"",""20015409""]}",
line_gmb_2008718,gmb_2008718_1,2008718,1,1,9,9,1,one,True,True,False,official_route_sequence_exact_full_pattern,direction_not_encoded,partial,B,exact,A,upgraded_with_official_complete_pattern_evidence,official_json_routeId_routeSeq_stopSeq_complete_sequence,"{""candidate_count"":1,""official_stop_ids"":[""20016868"",""20016867"",""20016865"",""20016869"",""20017686"",""20016864"",""20016877"",""20016867"",""20016868""],""schedule_stop_ids"":[""20016868"",""20016867"",""20016865"",""20016869"",""20017686"",""20016864"",""20016877"",""20016867"",""20016868""]}",
line_gmb_2008719,gmb_2008719_1,2008719,1,1,7,7,1,one,True,True,False,official_route_sequence_exact_full_pattern,direction_not_encoded,partial,B,exact,A,upgraded_with_official_complete_pattern_evidence,official_json_routeId_routeSeq_stopSeq_complete_sequence,"{""candidate_count"":1,""official_stop_ids"":[""20015764"",""20001282"",""20001283"",""20001280"",""20001286"",""20004199"",""20002203""],""schedule_stop_ids"":[""20015764"",""20001282"",""20001283"",""20001280"",""20001286"",""20004199"",""20002203""]}",
line_gmb_2008751,gmb_2008751_1,2008751,1,1,8,8,1,one,True,True,False,official_route_sequence_exact_full_pattern,direction_not_encoded,partial,B,exact,A,upgraded_with_official_complete_pattern_evidence,official_json_routeId_routeSeq_stopSeq_complete_sequence,"{""candidate_count"":1,""official_stop_ids"":[""20015764"",""20020529"",""20001282"",""20001283"",""20023032"",""20022867"",""20016895"",""20016896""],""schedule_stop_ids"":[""20015764"",""20020529"",""20001282"",""20001283"",""20023032"",""20022867"",""20016895"",""20016896""]}",
line_gmb_2008751,gmb_2008751_2,2008751,2,2,9,9,1,one,True,True,False,official_route_sequence_exact_full_pattern,direction_not_encoded,partial,B,exact,A,upgraded_with_official_complete_pattern_evidence,official_json_routeId_routeSeq_stopSeq_complete_sequence,"{""candidate_count"":1,""official_stop_ids"":[""20016896"",""20016897"",""20023032"",""20022867"",""20001280"",""20001286"",""20004199"",""20002203"",""20015764""],""schedule_stop_ids"":[""20016896"",""20016897"",""20023032"",""20022867"",""20001280"",""20001286"",""20004199"",""20002203"",""20015764""]}",
line_gmb_2008752,gmb_2008752_1,2008752,1,1,3,3,1,one,True,True,False,official_route_sequence_exact_full_pattern,direction_not_encoded,partial,B,exact,A,upgraded_with_official_complete_pattern_evidence,official_json_routeId_routeSeq_stopSeq_complete_sequence,"{""candidate_count"":1,""official_stop_ids"":[""20016863"",""20017687"",""20016863""],""schedule_stop_ids"":[""20016863"",""20017687"",""20016863""]}",
line_gmb_2008753,gmb_2008753_1,2008753,1,1,6,6,1,one,True,True,False,official_route_sequence_exact_full_pattern,direction_not_encoded,partial,B,exact,A,upgraded_with_official_complete_pattern_evidence,official_json_routeId_routeSeq_stopSeq_complete_sequence,"{""candidate_count"":1,""official_stop_ids"":[""20015764"",""20020529"",""20001282"",""20001283"",""20016901"",""20016902""],""schedule_stop_ids"":[""20015764"",""20020529"",""20001282"",""20001283"",""20016901"",""20016902""]}",
line_gmb_2008753,gmb_2008753_2,2008753,2,2,7,7,1,one,True,True,False,official_route_sequence_exact_full_pattern,direction_not_encoded,partial,B,exact,A,upgraded_with_official_complete_pattern_evidence,official_json_routeId_routeSeq_stopSeq_complete_sequence,"{""candidate_count"":1,""official_stop_ids"":[""20016902"",""20016847"",""20001280"",""20001286"",""20004199"",""20002203"",""20015764""],""schedule_stop_ids"":[""20016902"",""20016847"",""20001280"",""20001286"",""20004199"",""20002203"",""20015764""]}",
line_gmb_2008754,gmb_2008754_1,2008754,1,1,6,6,1,one,True,True,False,official_route_sequence_exact_full_pattern,direction_not_encoded,partial,B,exact,A,upgraded_with_official_complete_pattern_evidence,official_json_routeId_routeSeq_stopSeq_complete_sequence,"{""candidate_count"":1,""official_stop_ids"":[""20015764"",""20001282"",""20015547"",""20015548"",""20016904"",""20016905""],""schedule_stop_ids"":[""20015764"",""20001282"",""20015547"",""20015548"",""20016904"",""20016905""]}",
line_gmb_2008754,gmb_2008754_2,2008754,2,2,5,5,1,one,True,True,False,official_route_sequence_exact_full_pattern,direction_not_encoded,partial,B,exact,A,upgraded_with_official_complete_pattern_evidence,official_json_routeId_routeSeq_stopSeq_complete_sequence,"{""candidate_count"":1,""official_stop_ids"":[""20016905"",""20016906"",""20016907"",""20001282"",""20015764""],""schedule_stop_ids"":[""20016905"",""20016906"",""20016907"",""20001282"",""20015764""]}",
line_gmb_2008784,gmb_2008784_1,2008784,1,1,5,5,1,one,True,True,False,official_route_sequence_exact_full_pattern,direction_not_encoded,partial,B,exact,A,upgraded_with_official_complete_pattern_evidence,official_json_routeId_routeSeq_stopSeq_complete_sequence,"{""candidate_count"":1,""official_stop_ids"":[""20016908"",""20016909"",""20016910"",""20016911"",""20014293""],""schedule_stop_ids"":[""20016908"",""20016909"",""20016910"",""20016911"",""20014293""]}",
line_gmb_2008784,gmb_2008784_2,2008784,2,2,5,5,1,one,True,True,False,official_route_sequence_exact_full_pattern,direction_not_encoded,partial,B,exact,A,upgraded_with_official_complete_pattern_evidence,official_json_routeId_routeSeq_stopSeq_complete_sequence,"{""candidate_count"":1,""official_stop_ids"":[""20014293"",""20016912"",""20016913"",""20016914"",""20016908""],""schedule_stop_ids"":[""20014293"",""20016912"",""20016913"",""20016914"",""20016908""]}",
line_gmb_2008785,gmb_2008785_1,2008785,1,1,4,4,1,one,True,True,False,official_route_sequence_exact_full_pattern,direction_not_encoded,partial,B,exact,A,upgraded_with_official_complete_pattern_evidence,official_json_routeId_routeSeq_stopSeq_complete_sequence,"{""candidate_count"":1,""official_stop_ids"":[""20016915"",""20020532"",""20007464"",""20023032""],""schedule_stop_ids"":[""20016915"",""20020532"",""20007464"",""20023032""]}",
line_gmb_2008785,gmb_2008785_2,2008785,2,2,4,4,1,one,True,True,False,official_route_sequence_exact_full_pattern,direction_not_encoded,partial,B,exact,A,upgraded_with_official_complete_pattern_evidence,official_json_routeId_routeSeq_stopSeq_complete_sequence,"{""candidate_count"":1,""official_stop_ids"":[""20023032"",""20016871"",""20020533"",""20016915""],""schedule_stop_ids"":[""20023032"",""20016871"",""20020533"",""20016915""]}",
line_gmb_2008786,gmb_2008786_1,2008786,1,1,7,7,1,one,True,True,False,official_route_sequence_exact_full_pattern,direction_not_encoded,partial,B,exact,A,upgraded_with_official_complete_pattern_evidence,official_json_routeId_routeSeq_stopSeq_complete_sequence,"{""candidate_count"":1,""official_stop_ids"":[""20015764"",""20016916"",""20016917"",""20020530"",""20016919"",""20016920"",""20016921""],""schedule_stop_ids"":[""20015764"",""20016916"",""20016917"",""20020530"",""20016919"",""20016920"",""20016921""]}",
line_gmb_2008786,gmb_2008786_2,2008786,2,2,7,7,1,one,True,True,False,official_route_sequence_exact_full_pattern,direction_not_encoded,partial,B,exact,A,upgraded_with_official_complete_pattern_evidence,official_json_routeId_routeSeq_stopSeq_complete_sequence,"{""candidate_count"":1,""official_stop_ids"":[""20016921"",""20016922"",""20002211"",""20020531"",""20016924"",""20016925"",""20015764""],""schedule_stop_ids"":[""20016921"",""20016922"",""20002211"",""20020531"",""20016924"",""20016925"",""20015764""]}",
line_gmb_2008817,gmb_2008817_1,2008817,1,1,8,8,1,one,True,True,False,official_route_sequence_exact_full_pattern,direction_not_encoded,partial,B,exact,A,upgraded_with_official_complete_pattern_evidence,official_json_routeId_routeSeq_stopSeq_complete_sequence,"{""candidate_count"":1,""official_stop_ids"":[""20016961"",""20016962"",""20016963"",""20016964"",""20016965"",""20016966"",""20008527"",""20012360""],""schedule_stop_ids"":[""20016961"",""20016962"",""20016963"",""20016964"",""20016965"",""20016966"",""20008527"",""20012360""]}",
line_gmb_2008817,gmb_2008817_2,2008817,2,2,10,10,1,one,True,True,False,official_route_sequence_exact_full_pattern,direction_not_encoded,partial,B,exact,A,upgraded_with_official_complete_pattern_evidence,official_json_routeId_routeSeq_stopSeq_complete_sequence,"{""candidate_count"":1,""official_stop_ids"":[""20012360"",""20016967"",""20016968"",""20016969"",""20016970"",""20016971"",""20016972"",""20016973"",""20016974"",""20016961""],""schedule_stop_ids"":[""20012360"",""20016967"",""20016968"",""20016969"",""20016970"",""20016971"",""20016972"",""20016973"",""20016974"",""20016961""]}",
line_gmb_2008818,gmb_2008818_1,2008818,1,1,7,7,1,one,True,True,False,official_route_sequence_exact_full_pattern,direction_not_encoded,partial,B,exact,A,upgraded_with_official_complete_pattern_evidence,official_json_routeId_routeSeq_stopSeq_complete_sequence,"{""candidate_count"":1,""official_stop_ids"":[""20016975"",""20016976"",""20016977"",""20016978"",""20016966"",""20016979"",""20012360""],""schedule_stop_ids"":[""20016975"",""20016976"",""20016977"",""20016978"",""20016966"",""20016979"",""20012360""]}",
line_gmb_2008818,gmb_2008818_2,2008818,2,2,7,7,1,one,True,True,False,official_route_sequence_exact_full_pattern,direction_not_encoded,partial,B,exact,A,upgraded_with_official_complete_pattern_evidence,official_json_routeId_routeSeq_stopSeq_complete_sequence,"{""candidate_count"":1,""official_stop_ids"":[""20012360"",""20016968"",""20016980"",""20016981"",""20016982"",""20016983"",""20016975""],""schedule_stop_ids"":[""20012360"",""20016968"",""20016980"",""20016981"",""20016982"",""20016983"",""20016975""]}",
line_gmb_2008850,gmb_2008850_1,2008850,1,1,24,24,1,one,True,True,False,official_route_sequence_exact_full_pattern,direction_not_encoded,partial,B,exact,A,upgraded_with_official_complete_pattern_evidence,official_json_routeId_routeSeq_stopSeq_complete_sequence,"{""candidate_count"":1,""official_stop_ids"":[""20000588"",""20000600"",""20017030"",""20012717"",""20012718"",""20012719"",""20012110"",""20015616"",""20023098"",""20014198"",""20017032"",""20014245"",""20017033"",""20000628"",""20023099"",""20000629"",""20017035"",""20017036"",""20017037"",""20017038"",""20000866"",""20017039"",""20017040"",""20004190""],""schedule_stop_ids"":[""20000588"",""20000600"",""20017030"",""20012717"",""20012718"",""20012719"",""20012110"",""20015616"",""20023098"",""20014198"",""20017032"",""20014245"",""20017033"",""20000628"",""20023099"",""20000629"",""20017035"",""20017036"",""20017037"",""20017038"",""20000866"",""20017039"",""20017040"",""20004190""]}",
line_gmb_2008850,gmb_2008850_2,2008850,2,2,27,27,1,one,True,True,False,official_route_sequence_exact_full_pattern,direction_not_encoded,partial,B,exact,A,upgraded_with_official_complete_pattern_evidence,official_json_routeId_routeSeq_stopSeq_complete_sequence,"{""candidate_count"":1,""official_stop_ids"":[""20004190"",""20017039"",""20017040"",""20015253"",""20017048"",""20015255"",""20017049"",""20001082"",""20017050"",""20017051"",""20017052"",""20017053"",""20023100"",""20015159"",""20015160"",""20017060"",""20017061"",""20023101"",""20014210"",""20015112"",""20017063"",""20017064"",""20012384"",""20017065"",""20001093"",""20013975"",""20000588""],""schedule_stop_ids"":[""20004190"",""20017039"",""20017040"",""20015253"",""20017048"",""20015255"",""20017049"",""20001082"",""20017050"",""20017051"",""20017052"",""20017053"",""20023100"",""20015159"",""20015160"",""20017060"",""20017061"",""20023101"",""20014210"",""20015112"",""20017063"",""20017064"",""20012384"",""20017065"",""20001093"",""20013975"",""20000588""]}",
line_gmb_2008851,gmb_2008851_1,2008851,1,1,7,7,1,one,True,True,False,official_route_sequence_exact_full_pattern,direction_not_encoded,partial,B,exact,A,upgraded_with_official_complete_pattern_evidence,official_json_routeId_routeSeq_stopSeq_complete_sequence,"{""candidate_count"":1,""official_stop_ids"":[""20017026"",""20002419"",""20001389"",""20001390"",""20017027"",""20017028"",""20017029""],""schedule_stop_ids"":[""20017026"",""20002419"",""20001389"",""20001390"",""20017027"",""20017028"",""20017029""]}",
line_gmb_2008851,gmb_2008851_2,2008851,2,2,12,12,1,one,True,True,False,official_route_sequence_exact_full_pattern,direction_not_encoded,partial,B,exact,A,upgraded_with_official_complete_pattern_evidence,official_json_routeId_routeSeq_stopSeq_complete_sequence,"{""candidate_count"":1,""official_stop_ids"":[""20017029"",""20017041"",""20017042"",""20017043"",""20017044"",""20017045"",""20001378"",""20017046"",""20001379"",""20017047"",""20001324"",""20017026""],""schedule_stop_ids"":[""20017029"",""20017041"",""20017042"",""20017043"",""20017044"",""20017045"",""20001378"",""20017046"",""20001379"",""20017047"",""20001324"",""20017026""]}",
line_gmb_2008852,gmb_2008852_1,2008852,1,1,9,9,1,one,True,True,False,official_route_sequence_exact_full_pattern,direction_not_encoded,partial,B,exact,A,upgraded_with_official_complete_pattern_evidence,official_json_routeId_routeSeq_stopSeq_complete_sequence,"{""candidate_count"":1,""official_stop_ids"":[""20017055"",""20017056"",""20017057"",""20017058"",""20005044"",""20017026"",""20001403"",""20017059"",""20017029""],""schedule_stop_ids"":[""20017055"",""20017056"",""20017057"",""20017058"",""20005044"",""20017026"",""20001403"",""20017059"",""20017029""]}",
line_gmb_2008852,gmb_2008852_2,2008852,2,2,6,6,1,one,True,True,False,official_route_sequence_exact_full_pattern,direction_not_encoded,partial,B,exact,A,upgraded_with_official_complete_pattern_evidence,official_json_routeId_routeSeq_stopSeq_complete_sequence,"{""candidate_count"":1,""official_stop_ids"":[""20017029"",""20017066"",""20017026"",""20002419"",""20001389"",""20017055""],""schedule_stop_ids"":[""20017029"",""20017066"",""20017026"",""20002419"",""20001389"",""20017055""]}",
line_gmb_2008883,gmb_2008883_1,2008883,1,1,22,22,1,one,True,True,False,official_route_sequence_exact_full_pattern,direction_not_encoded,partial,B,exact,A,upgraded_with_official_complete_pattern_evidence,official_json_routeId_routeSeq_stopSeq_complete_sequence,"{""candidate_count"":1,""official_stop_ids"":[""20000588"",""20000600"",""20017030"",""20012717"",""20012718"",""20012719"",""20012110"",""20015616"",""20023098"",""20014198"",""20017032"",""20014245"",""20017033"",""20000628"",""20023099"",""20000629"",""20017035"",""20017036"",""20017037"",""20017038"",""20000866"",""20017067""],""schedule_stop_ids"":[""20000588"",""20000600"",""20017030"",""20012717"",""20012718"",""20012719"",""20012110"",""20015616"",""20023098"",""20014198"",""20017032"",""20014245"",""20017033"",""20000628"",""20023099"",""20000629"",""20017035"",""20017036"",""20017037"",""20017038"",""20000866"",""20017067""]}",
line_gmb_2008883,gmb_2008883_2,2008883,2,2,23,23,1,one,True,True,False,official_route_sequence_exact_full_pattern,direction_not_encoded,partial,B,exact,A,upgraded_with_official_complete_pattern_evidence,official_json_routeId_routeSeq_stopSeq_complete_sequence,"{""candidate_count"":1,""official_stop_ids"":[""20017067"",""20015255"",""20017049"",""20001082"",""20017050"",""20017051"",""20017052"",""20017053"",""20017054"",""20015159"",""20015160"",""20017060"",""20017061"",""20023101"",""20014210"",""20015112"",""20017063"",""20017064"",""20012384"",""20017065"",""20001093"",""20013975"",""20000588""],""schedule_stop_ids"":[""20017067"",""20015255"",""20017049"",""20001082"",""20017050"",""20017051"",""20017052"",""20017053"",""20017054"",""20015159"",""20015160"",""20017060"",""20017061"",""20023101"",""20014210"",""20015112"",""20017063"",""20017064"",""20012384"",""20017065"",""20001093"",""20013975"",""20000588""]}",
line_gmb_2008916,gmb_2008916_1,2008916,1,1,30,30,1,one,True,True,False,official_route_sequence_exact_full_pattern,direction_not_encoded,partial,B,exact,A,upgraded_with_official_complete_pattern_evidence,official_json_routeId_routeSeq_stopSeq_complete_sequence,"{""candidate_count"":1,""official_stop_ids"":[""20013966"",""20013967"",""20013968"",""20013969"",""20013970"",""20017125"",""20013971"",""20013972"",""20012376"",""20017126"",""20000582"",""20017127"",""20017128"",""20017129"",""20000594"",""20000592"",""20017130"",""20001039"",""20017131"",""20017132"",""20000583"",""20017133"",""20017134"",""20013961"",""20017135"",""20013963"",""20000742"",""20013964"",""20013965"",""20013966""],""schedule_stop_ids"":[""20013966"",""20013967"",""20013968"",""20013969"",""20013970"",""20017125"",""20013971"",""20013972"",""20012376"",""20017126"",""20000582"",""20017127"",""20017128"",""20017129"",""20000594"",""20000592"",""20017130"",""20001039"",""20017131"",""20017132"",""20000583"",""20017133"",""20017134"",""20013961"",""20017135"",""20013963"",""20000742"",""20013964"",""20013965"",""20013966""]}",
line_gmb_2009015,gmb_2009015_1,2009015,1,1,3,3,1,one,True,True,False,official_route_sequence_exact_full_pattern,direction_not_encoded,partial,B,exact,A,upgraded_with_official_complete_pattern_evidence,official_json_routeId_routeSeq_stopSeq_complete_sequence,"{""candidate_count"":1,""official_stop_ids"":[""20017224"",""20017225"",""20017226""],""schedule_stop_ids"":[""20017224"",""20017225"",""20017226""]}",
line_gmb_2009015,gmb_2009015_2,2009015,2,2,3,3,1,one,True,True,False,official_route_sequence_exact_full_pattern,direction_not_encoded,partial,B,exact,A,upgraded_with_official_complete_pattern_evidence,official_json_routeId_routeSeq_stopSeq_complete_sequence,"{""candidate_count"":1,""official_stop_ids"":[""20017226"",""20017225"",""20017224""],""schedule_stop_ids"":[""20017226"",""20017225"",""20017224""]}",
line_gmb_2009016,gmb_2009016_1,2009016,1,1,2,2,1,one,True,True,False,official_route_sequence_exact_full_pattern,direction_not_encoded,partial,B,exact,A,upgraded_with_official_complete_pattern_evidence,official_json_routeId_routeSeq_stopSeq_complete_sequence,"{""candidate_count"":1,""official_stop_ids"":[""20017224"",""20017227""],""schedule_stop_ids"":[""20017224"",""20017227""]}",
line_gmb_2009016,gmb_2009016_2,2009016,2,2,2,2,1,one,True,True,False,official_route_sequence_exact_full_pattern,direction_not_encoded,partial,B,exact,A,upgraded_with_official_complete_pattern_evidence,official_json_routeId_routeSeq_stopSeq_complete_sequence,"{""candidate_count"":1,""official_stop_ids"":[""20017227"",""20017224""],""schedule_stop_ids"":[""20017227"",""20017224""]}",
line_gmb_2009017,gmb_2009017_1,2009017,1,1,3,3,1,one,True,True,False,official_route_sequence_exact_full_pattern,direction_not_encoded,partial,B,exact,A,upgraded_with_official_complete_pattern_evidence,official_json_routeId_routeSeq_stopSeq_complete_sequence,"{""candidate_count"":1,""official_stop_ids"":[""20017224"",""20017228"",""20017229""],""schedule_stop_ids"":[""20017224"",""20017228"",""20017229""]}",
line_gmb_2009017,gmb_2009017_2,2009017,2,2,3,3,1,one,True,True,False,official_route_sequence_exact_full_pattern,direction_not_encoded,partial,B,exact,A,upgraded_with_official_complete_pattern_evidence,official_json_routeId_routeSeq_stopSeq_complete_sequence,"{""candidate_count"":1,""official_stop_ids"":[""20017229"",""20017230"",""20017224""],""schedule_stop_ids"":[""20017229"",""20017230"",""20017224""]}",
line_gmb_2009018,gmb_2009018_1,2009018,1,1,2,2,1,one,True,True,False,official_route_sequence_exact_full_pattern,direction_not_encoded,partial,B,exact,A,upgraded_with_official_complete_pattern_evidence,official_json_routeId_routeSeq_stopSeq_complete_sequence,"{""candidate_count"":1,""official_stop_ids"":[""20017224"",""20017228""],""schedule_stop_ids"":[""20017224"",""20017228""]}",
line_gmb_2009018,gmb_2009018_2,2009018,2,2,2,2,1,one,True,True,False,official_route_sequence_exact_full_pattern,direction_not_encoded,partial,B,exact,A,upgraded_with_official_complete_pattern_evidence,official_json_routeId_routeSeq_stopSeq_complete_sequence,"{""candidate_count"":1,""official_stop_ids"":[""20017228"",""20017224""],""schedule_stop_ids"":[""20017228"",""20017224""]}",
line_gmb_2009048,gmb_2009048_1,2009048,1,1,5,5,1,one,True,True,False,official_route_sequence_exact_full_pattern,direction_not_encoded,partial,B,exact,A,upgraded_with_official_complete_pattern_evidence,official_json_routeId_routeSeq_stopSeq_complete_sequence,"{""candidate_count"":1,""official_stop_ids"":[""20013829"",""20021325"",""20013827"",""20013828"",""20017290""],""schedule_stop_ids"":[""20013829"",""20021325"",""20013827"",""20013828"",""20017290""]}",
line_gmb_2009048,gmb_2009048_2,2009048,2,2,3,3,1,one,True,True,False,official_route_sequence_exact_full_pattern,direction_not_encoded,partial,B,exact,A,upgraded_with_official_complete_pattern_evidence,official_json_routeId_routeSeq_stopSeq_complete_sequence,"{""candidate_count"":1,""official_stop_ids"":[""20017290"",""20000935"",""20013825""],""schedule_stop_ids"":[""20017290"",""20000935"",""20013825""]}",
line_gmb_2009081,gmb_2009081_1,2009081,1,1,10,10,1,one,True,True,False,official_route_sequence_exact_full_pattern,direction_not_encoded,partial,B,exact,A,upgraded_with_official_complete_pattern_evidence,official_json_routeId_routeSeq_stopSeq_complete_sequence,"{""candidate_count"":1,""official_stop_ids"":[""20001544"",""20001545"",""20017323"",""20017324"",""20001505"",""20017325"",""20006610"",""20001550"",""20001551"",""20001544""],""schedule_stop_ids"":[""20001544"",""20001545"",""20017323"",""20017324"",""20001505"",""20017325"",""20006610"",""20001550"",""20001551"",""20001544""]}",
line_gmb_2009082,gmb_2009082_1,2009082,1,1,9,9,1,one,True,True,False,official_route_sequence_exact_full_pattern,direction_not_encoded,partial,B,exact,A,upgraded_with_official_complete_pattern_evidence,official_json_routeId_routeSeq_stopSeq_complete_sequence,"{""candidate_count"":1,""official_stop_ids"":[""20001544"",""20001545"",""20017326"",""20017323"",""20017327"",""20017324"",""20001553"",""20001554"",""20017328""],""schedule_stop_ids"":[""20001544"",""20001545"",""20017326"",""20017323"",""20017327"",""20017324"",""20001553"",""20001554"",""20017328""]}",
line_gmb_2009082,gmb_2009082_2,2009082,2,2,9,9,1,one,True,True,False,official_route_sequence_exact_full_pattern,direction_not_encoded,partial,B,exact,A,upgraded_with_official_complete_pattern_evidence,official_json_routeId_routeSeq_stopSeq_complete_sequence,"{""candidate_count"":1,""official_stop_ids"":[""20017328"",""20001556"",""20001557"",""20006610"",""20017329"",""20017330"",""20001550"",""20001551"",""20001544""],""schedule_stop_ids"":[""20017328"",""20001556"",""20001557"",""20006610"",""20017329"",""20017330"",""20001550"",""20001551"",""20001544""]}",
line_gmb_2009114,gmb_2009114_1,2009114,1,1,7,7,1,one,True,True,False,official_route_sequence_exact_full_pattern,direction_not_encoded,partial,B,exact,A,upgraded_with_official_complete_pattern_evidence,official_json_routeId_routeSeq_stopSeq_complete_sequence,"{""candidate_count"":1,""official_stop_ids"":[""20001544"",""20001545"",""20007465"",""20017324"",""20001553"",""20001554"",""20010695""],""schedule_stop_ids"":[""20001544"",""20001545"",""20007465"",""20017324"",""20001553"",""20001554"",""20010695""]}",
line_gmb_2009114,gmb_2009114_2,2009114,2,2,8,8,1,one,True,True,False,official_route_sequence_exact_full_pattern,direction_not_encoded,partial,B,exact,A,upgraded_with_official_complete_pattern_evidence,official_json_routeId_routeSeq_stopSeq_complete_sequence,"{""candidate_count"":1,""official_stop_ids"":[""20010695"",""20001556"",""20001557"",""20006610"",""20017329"",""20007465"",""20001551"",""20001544""],""schedule_stop_ids"":[""20010695"",""20001556"",""20001557"",""20006610"",""20017329"",""20007465"",""20001551"",""20001544""]}",
line_gmb_2009115,gmb_2009115_1,2009115,1,1,4,4,1,one,True,True,False,official_route_sequence_exact_full_pattern,direction_not_encoded,partial,B,exact,A,upgraded_with_official_complete_pattern_evidence,official_json_routeId_routeSeq_stopSeq_complete_sequence,"{""candidate_count"":1,""official_stop_ids"":[""20001544"",""20001545"",""20007465"",""20017331""],""schedule_stop_ids"":[""20001544"",""20001545"",""20007465"",""20017331""]}",
line_gmb_2009115,gmb_2009115_2,2009115,2,2,3,3,1,one,True,True,False,official_route_sequence_exact_full_pattern,direction_not_encoded,partial,B,exact,A,upgraded_with_official_complete_pattern_evidence,official_json_routeId_routeSeq_stopSeq_complete_sequence,"{""candidate_count"":1,""official_stop_ids"":[""20017331"",""20001551"",""20001544""],""schedule_stop_ids"":[""20017331"",""20001551"",""20001544""]}",
line_gmb_2009116,gmb_2009116_1,2009116,1,1,23,23,1,one,True,True,False,official_route_sequence_exact_full_pattern,direction_not_encoded,partial,B,exact,A,upgraded_with_official_complete_pattern_evidence,official_json_routeId_routeSeq_stopSeq_complete_sequence,"{""candidate_count"":1,""official_stop_ids"":[""20001544"",""20001545"",""20017326"",""20017323"",""20002259"",""20017332"",""20001553"",""20001554"",""20006621"",""20017333"",""20017334"",""20000912"",""20014247"",""20002198"",""20002246"",""20001556"",""20001557"",""20006610"",""20002261"",""20002274"",""20001550"",""20001551"",""20001544""],""schedule_stop_ids"":[""20001544"",""20001545"",""20017326"",""20017323"",""20002259"",""20017332"",""20001553"",""20001554"",""20006621"",""20017333"",""20017334"",""20000912"",""20014247"",""20002198"",""20002246"",""20001556"",""20001557"",""20006610"",""20002261"",""20002274"",""20001550"",""20001551"",""20001544""]}",
line_gmb_2009117,gmb_2009117_1,2009117,1,1,6,6,1,one,True,True,False,official_route_sequence_exact_full_pattern,direction_not_encoded,partial,B,exact,A,upgraded_with_official_complete_pattern_evidence,official_json_routeId_routeSeq_stopSeq_complete_sequence,"{""candidate_count"":1,""official_stop_ids"":[""20010695"",""20017335"",""20017336"",""20017337"",""20017338"",""20010695""],""schedule_stop_ids"":[""20010695"",""20017335"",""20017336"",""20017337"",""20017338"",""20010695""]}",
line_gmb_2009118,gmb_2009118_1,2009118,1,1,10,10,1,one,True,True,False,official_route_sequence_exact_full_pattern,direction_not_encoded,partial,B,exact,A,upgraded_with_official_complete_pattern_evidence,official_json_routeId_routeSeq_stopSeq_complete_sequence,"{""candidate_count"":1,""official_stop_ids"":[""20017339"",""20017340"",""20017341"",""20017342"",""20017343"",""20015651"",""20017332"",""20001553"",""20001554"",""20010695""],""schedule_stop_ids"":[""20017339"",""20017340"",""20017341"",""20017342"",""20017343"",""20015651"",""20017332"",""20001553"",""20001554"",""20010695""]}",
line_gmb_2009118,gmb_2009118_2,2009118,2,2,10,10,1,one,True,True,False,official_route_sequence_exact_full_pattern,direction_not_encoded,partial,B,exact,A,upgraded_with_official_complete_pattern_evidence,official_json_routeId_routeSeq_stopSeq_complete_sequence,"{""candidate_count"":1,""official_stop_ids"":[""20010695"",""20001556"",""20001557"",""20002235"",""20001567"",""20013060"",""20017344"",""20017345"",""20017346"",""20017339""],""schedule_stop_ids"":[""20010695"",""20001556"",""20001557"",""20002235"",""20001567"",""20013060"",""20017344"",""20017345"",""20017346"",""20017339""]}",
line_gmb_2009119,gmb_2009119_1,2009119,1,1,6,6,1,one,True,True,False,official_route_sequence_exact_full_pattern,direction_not_encoded,partial,B,exact,A,upgraded_with_official_complete_pattern_evidence,official_json_routeId_routeSeq_stopSeq_complete_sequence,"{""candidate_count"":1,""official_stop_ids"":[""20017331"",""20017324"",""20017332"",""20001553"",""20001554"",""20010695""],""schedule_stop_ids"":[""20017331"",""20017324"",""20017332"",""20001553"",""20001554"",""20010695""]}",
line_gmb_2009119,gmb_2009119_2,2009119,2,2,6,6,1,one,True,True,False,official_route_sequence_exact_full_pattern,direction_not_encoded,partial,B,exact,A,upgraded_with_official_complete_pattern_evidence,official_json_routeId_routeSeq_stopSeq_complete_sequence,"{""candidate_count"":1,""official_stop_ids"":[""20010695"",""20001556"",""20001557"",""20002235"",""20017356"",""20017331""],""schedule_stop_ids"":[""20010695"",""20001556"",""20001557"",""20002235"",""20017356"",""20017331""]}",
line_gmb_2009147,gmb_2009147_1,2009147,1,1,14,14,1,one,True,True,False,official_route_sequence_exact_full_pattern,direction_not_encoded,partial,B,exact,A,upgraded_with_official_complete_pattern_evidence,official_json_routeId_routeSeq_stopSeq_complete_sequence,"{""candidate_count"":1,""official_stop_ids"":[""20017389"",""20001473"",""20001474"",""20017390"",""20015432"",""20017391"",""20017392"",""20014456"",""20017393"",""20017394"",""20017331"",""20017330"",""20017395"",""20017396""],""schedule_stop_ids"":[""20017389"",""20001473"",""20001474"",""20017390"",""20015432"",""20017391"",""20017392"",""20014456"",""20017393"",""20017394"",""20017331"",""20017330"",""20017395"",""20017396""]}",
line_gmb_2009147,gmb_2009147_2,2009147,2,2,18,18,1,one,True,True,False,official_route_sequence_exact_full_pattern,direction_not_encoded,partial,B,exact,A,upgraded_with_official_complete_pattern_evidence,official_json_routeId_routeSeq_stopSeq_complete_sequence,"{""candidate_count"":1,""official_stop_ids"":[""20017587"",""20016370"",""20017395"",""20002274"",""20017422"",""20017331"",""20017423"",""20017424"",""20017425"",""20014618"",""20017426"",""20017455"",""20014455"",""20017427"",""20017428"",""20001480"",""20017429"",""20017389""],""schedule_stop_ids"":[""20017587"",""20016370"",""20017395"",""20002274"",""20017422"",""20017331"",""20017423"",""20017424"",""20017425"",""20014618"",""20017426"",""20017455"",""20014455"",""20017427"",""20017428"",""20001480"",""20017429"",""20017389""]}",
line_gmb_2009180,gmb_2009180_1,2009180,1,1,6,6,1,one,True,True,False,official_route_sequence_exact_full_pattern,direction_not_encoded,partial,B,exact,A,upgraded_with_official_complete_pattern_evidence,official_json_routeId_routeSeq_stopSeq_complete_sequence,"{""candidate_count"":1,""official_stop_ids"":[""20001384"",""20003205"",""20014295"",""20014296"",""20014297"",""20017851""],""schedule_stop_ids"":[""20001384"",""20003205"",""20014295"",""20014296"",""20014297"",""20017851""]}",
line_gmb_2009180,gmb_2009180_2,2009180,2,2,7,7,1,one,True,True,False,official_route_sequence_exact_full_pattern,direction_not_encoded,partial,B,exact,A,upgraded_with_official_complete_pattern_evidence,official_json_routeId_routeSeq_stopSeq_complete_sequence,"{""candidate_count"":1,""official_stop_ids"":[""20017851"",""20014297"",""20014300"",""20014295"",""20014301"",""20007525"",""20014293""],""schedule_stop_ids"":[""20017851"",""20014297"",""20014300"",""20014295"",""20014301"",""20007525"",""20014293""]}",
line_gmb_2009246,gmb_2009246_1,2009246,1,1,26,26,1,one,True,True,False,official_route_sequence_exact_full_pattern,direction_not_encoded,partial,B,exact,A,upgraded_with_official_complete_pattern_evidence,official_json_routeId_routeSeq_stopSeq_complete_sequence,"{""candidate_count"":1,""official_stop_ids"":[""20000418"",""20017158"",""20017159"",""20017160"",""20017161"",""20017162"",""20018808"",""20017163"",""20017164"",""20017165"",""20017166"",""20017167"",""20017168"",""20015020"",""20014651"",""20014785"",""20015158"",""20017169"",""20017170"",""20017171"",""20017172"",""20017173"",""20017174"",""20017175"",""20017176"",""20013966""],""schedule_stop_ids"":[""20000418"",""20017158"",""20017159"",""20017160"",""20017161"",""20017162"",""20018808"",""20017163"",""20017164"",""20017165"",""20017166"",""20017167"",""20017168"",""20015020"",""20014651"",""20014785"",""20015158"",""20017169"",""20017170"",""20017171"",""20017172"",""20017173"",""20017174"",""20017175"",""20017176"",""20013966""]}",
line_gmb_2009246,gmb_2009246_2,2009246,2,2,22,22,1,one,True,True,False,official_route_sequence_exact_full_pattern,direction_not_encoded,partial,B,exact,A,upgraded_with_official_complete_pattern_evidence,official_json_routeId_routeSeq_stopSeq_complete_sequence,"{""candidate_count"":1,""official_stop_ids"":[""20013966"",""20017177"",""20013741"",""20013729"",""20017178"",""20015161"",""20017179"",""20017180"",""20014210"",""20017181"",""20015112"",""20017183"",""20017184"",""20017185"",""20017186"",""20017187"",""20017188"",""20017189"",""20017190"",""20017191"",""20000444"",""20000418""],""schedule_stop_ids"":[""20013966"",""20017177"",""20013741"",""20013729"",""20017178"",""20015161"",""20017179"",""20017180"",""20014210"",""20017181"",""20015112"",""20017183"",""20017184"",""20017185"",""20017186"",""20017187"",""20017188"",""20017189"",""20017190"",""20017191"",""20000444"",""20000418""]}",
line_gmb_2009247,gmb_2009247_1,2009247,1,1,25,25,1,one,True,True,False,official_route_sequence_exact_full_pattern,direction_not_encoded,partial,B,exact,A,upgraded_with_official_complete_pattern_evidence,official_json_routeId_routeSeq_stopSeq_complete_sequence,"{""candidate_count"":1,""official_stop_ids"":[""20000418"",""20017192"",""20017193"",""20004183"",""20002654"",""20018808"",""20017163"",""20017164"",""20017165"",""20017166"",""20017167"",""20017168"",""20015020"",""20014651"",""20014785"",""20015158"",""20017169"",""20017170"",""20017171"",""20017172"",""20017173"",""20017174"",""20017175"",""20017176"",""20013966""],""schedule_stop_ids"":[""20000418"",""20017192"",""20017193"",""20004183"",""20002654"",""20018808"",""20017163"",""20017164"",""20017165"",""20017166"",""20017167"",""20017168"",""20015020"",""20014651"",""20014785"",""20015158"",""20017169"",""20017170"",""20017171"",""20017172"",""20017173"",""20017174"",""20017175"",""20017176"",""20013966""]}",
line_gmb_2009247,gmb_2009247_2,2009247,2,2,19,19,1,one,True,True,False,official_route_sequence_exact_full_pattern,direction_not_encoded,partial,B,exact,A,upgraded_with_official_complete_pattern_evidence,official_json_routeId_routeSeq_stopSeq_complete_sequence,"{""candidate_count"":1,""official_stop_ids"":[""20013966"",""20017194"",""20017195"",""20017178"",""20015161"",""20017179"",""20017180"",""20014210"",""20017181"",""20015112"",""20017183"",""20017184"",""20017185"",""20017186"",""20017187"",""20017188"",""20017196"",""20017197"",""20000418""],""schedule_stop_ids"":[""20013966"",""20017194"",""20017195"",""20017178"",""20015161"",""20017179"",""20017180"",""20014210"",""20017181"",""20015112"",""20017183"",""20017184"",""20017185"",""20017186"",""20017187"",""20017188"",""20017196"",""20017197"",""20000418""]}",
line_gmb_2009312,gmb_2009312_1,2009312,1,1,8,8,1,one,True,True,False,official_route_sequence_exact_full_pattern,direction_not_encoded,partial,B,exact,A,upgraded_with_official_complete_pattern_evidence,official_json_routeId_routeSeq_stopSeq_complete_sequence,"{""candidate_count"":1,""official_stop_ids"":[""20020788"",""20020789"",""20020790"",""20020791"",""20020821"",""20020793"",""20020794"",""20020788""],""schedule_stop_ids"":[""20020788"",""20020789"",""20020790"",""20020791"",""20020821"",""20020793"",""20020794"",""20020788""]}",
line_gmb_2009378,gmb_2009378_1,2009378,1,1,5,5,1,one,True,True,False,official_route_sequence_exact_full_pattern,direction_not_encoded,partial,B,exact,A,upgraded_with_official_complete_pattern_evidence,official_json_routeId_routeSeq_stopSeq_complete_sequence,"{""candidate_count"":1,""official_stop_ids"":[""20015409"",""20016665"",""20016666"",""20016667"",""20016668""],""schedule_stop_ids"":[""20015409"",""20016665"",""20016666"",""20016667"",""20016668""]}",
line_gmb_2009378,gmb_2009378_2,2009378,2,2,7,7,1,one,True,True,False,official_route_sequence_exact_full_pattern,direction_not_encoded,partial,B,exact,A,upgraded_with_official_complete_pattern_evidence,official_json_routeId_routeSeq_stopSeq_complete_sequence,"{""candidate_count"":1,""official_stop_ids"":[""20016668"",""20016669"",""20016670"",""20016671"",""20020326"",""20015426"",""20015409""],""schedule_stop_ids"":[""20016668"",""20016669"",""20016670"",""20016671"",""20020326"",""20015426"",""20015409""]}",
line_gmb_2009477,gmb_2009477_1,2009477,1,1,2,2,1,one,True,True,False,official_route_sequence_exact_full_pattern,direction_not_encoded,partial,B,exact,A,upgraded_with_official_complete_pattern_evidence,official_json_routeId_routeSeq_stopSeq_complete_sequence,"{""candidate_count"":1,""official_stop_ids"":[""20018379"",""20016438""],""schedule_stop_ids"":[""20018379"",""20016438""]}",
line_gmb_2009477,gmb_2009477_2,2009477,2,2,2,2,1,one,True,True,False,official_route_sequence_exact_full_pattern,direction_not_encoded,partial,B,exact,A,upgraded_with_official_complete_pattern_evidence,official_json_routeId_routeSeq_stopSeq_complete_sequence,"{""candidate_count"":1,""official_stop_ids"":[""20016438"",""20018379""],""schedule_stop_ids"":[""20016438"",""20018379""]}",
line_gmb_2009543,gmb_2009543_1,2009543,1,1,6,6,1,one,True,True,False,official_route_sequence_exact_full_pattern,direction_not_encoded,partial,B,exact,A,upgraded_with_official_complete_pattern_evidence,official_json_routeId_routeSeq_stopSeq_complete_sequence,"{""candidate_count"":1,""official_stop_ids"":[""20015442"",""20015443"",""20018948"",""20014465"",""20014456"",""20015439""],""schedule_stop_ids"":[""20015442"",""20015443"",""20018948"",""20014465"",""20014456"",""20015439""]}",
line_gmb_2009576,gmb_2009576_1,2009576,1,1,10,10,1,one,True,True,False,official_route_sequence_exact_full_pattern,direction_not_encoded,partial,B,exact,A,upgraded_with_official_complete_pattern_evidence,official_json_routeId_routeSeq_stopSeq_complete_sequence,"{""candidate_count"":1,""official_stop_ids"":[""20012604"",""20019732"",""20012131"",""20003250"",""20012122"",""20016135"",""20012124"",""20007293"",""20016136"",""20012126""],""schedule_stop_ids"":[""20012604"",""20019732"",""20012131"",""20003250"",""20012122"",""20016135"",""20012124"",""20007293"",""20016136"",""20012126""]}",
line_gmb_2009576,gmb_2009576_2,2009576,2,2,8,8,1,one,True,True,False,official_route_sequence_exact_full_pattern,direction_not_encoded,partial,B,exact,A,upgraded_with_official_complete_pattern_evidence,official_json_routeId_routeSeq_stopSeq_complete_sequence,"{""candidate_count"":1,""official_stop_ids"":[""20012126"",""20001473"",""20012127"",""20012128"",""20003249"",""20012129"",""20019733"",""20012604""],""schedule_stop_ids"":[""20012126"",""20001473"",""20012127"",""20012128"",""20003249"",""20012129"",""20019733"",""20012604""]}",
line_gmb_2009609,gmb_2009609_1,2009609,1,1,14,14,1,one,True,True,False,official_route_sequence_exact_full_pattern,direction_not_encoded,partial,B,exact,A,upgraded_with_official_complete_pattern_evidence,official_json_routeId_routeSeq_stopSeq_complete_sequence,"{""candidate_count"":1,""official_stop_ids"":[""20022802"",""20022406"",""20002650"",""20002652"",""20015238"",""20018776"",""20015627"",""20018777"",""20015622"",""20018778"",""20007713"",""20002648"",""20022801"",""20022802""],""schedule_stop_ids"":[""20022802"",""20022406"",""20002650"",""20002652"",""20015238"",""20018776"",""20015627"",""20018777"",""20015622"",""20018778"",""20007713"",""20002648"",""20022801"",""20022802""]}",
line_gmb_2009642,gmb_2009642_1,2009642,1,1,9,9,1,one,True,True,False,official_route_sequence_exact_full_pattern,direction_not_encoded,partial,B,exact,A,upgraded_with_official_complete_pattern_evidence,official_json_routeId_routeSeq_stopSeq_complete_sequence,"{""candidate_count"":1,""official_stop_ids"":[""20014313"",""20014023"",""20018841"",""20016267"",""20018842"",""20018843"",""20018844"",""20018875"",""20014313""],""schedule_stop_ids"":[""20014313"",""20014023"",""20018841"",""20016267"",""20018842"",""20018843"",""20018844"",""20018875"",""20014313""]}",
line_gmb_2009675,gmb_2009675_1,2009675,1,1,20,20,1,one,True,True,False,official_route_sequence_exact_full_pattern,direction_not_encoded,partial,B,exact,A,upgraded_with_official_complete_pattern_evidence,official_json_routeId_routeSeq_stopSeq_complete_sequence,"{""candidate_count"":1,""official_stop_ids"":[""20018940"",""20004171"",""20004172"",""20018941"",""20018942"",""20018943"",""20018944"",""20018945"",""20018946"",""20018947"",""20012128"",""20018948"",""20018949"",""20018950"",""20018951"",""20018952"",""20018953"",""20018954"",""20004161"",""20018940""],""schedule_stop_ids"":[""20018940"",""20004171"",""20004172"",""20018941"",""20018942"",""20018943"",""20018944"",""20018945"",""20018946"",""20018947"",""20012128"",""20018948"",""20018949"",""20018950"",""20018951"",""20018952"",""20018953"",""20018954"",""20004161"",""20018940""]}",
line_gmb_2009708,gmb_2009708_1,2009708,1,1,9,9,1,one,True,True,False,official_route_sequence_exact_full_pattern,direction_not_encoded,partial,B,exact,A,upgraded_with_official_complete_pattern_evidence,official_json_routeId_routeSeq_stopSeq_complete_sequence,"{""candidate_count"":1,""official_stop_ids"":[""20012128"",""20018948"",""20018949"",""20014456"",""20018973"",""20018974"",""20018945"",""20018975"",""20012128""],""schedule_stop_ids"":[""20012128"",""20018948"",""20018949"",""20014456"",""20018973"",""20018974"",""20018945"",""20018975"",""20012128""]}",
line_gmb_2009741,gmb_2009741_1,2009741,1,1,17,17,1,one,True,True,False,official_route_sequence_exact_full_pattern,direction_not_encoded,partial,B,exact,A,upgraded_with_official_complete_pattern_evidence,official_json_routeId_routeSeq_stopSeq_complete_sequence,"{""candidate_count"":1,""official_stop_ids"":[""20014885"",""20014886"",""20014887"",""20004593"",""20010278"",""20004559"",""20004560"",""20004561"",""20004114"",""20002403"",""20000174"",""20014877"",""20014878"",""20000020"",""20014889"",""20014884"",""20014859""],""schedule_stop_ids"":[""20014885"",""20014886"",""20014887"",""20004593"",""20010278"",""20004559"",""20004560"",""20004561"",""20004114"",""20002403"",""20000174"",""20014877"",""20014878"",""20000020"",""20014889"",""20014884"",""20014859""]}",
line_gmb_2009774,gmb_2009774_1,2009774,1,1,31,31,1,one,True,True,False,official_route_sequence_exact_full_pattern,direction_not_encoded,partial,B,exact,A,upgraded_with_official_complete_pattern_evidence,official_json_routeId_routeSeq_stopSeq_complete_sequence,"{""candidate_count"":1,""official_stop_ids"":[""20007691"",""20007692"",""20007693"",""20007694"",""20007695"",""20001271"",""20001615"",""20001616"",""20007696"",""20004201"",""20015612"",""20007365"",""20007697"",""20019237"",""20019238"",""20019239"",""20019240"",""20019241"",""20015448"",""20015451"",""20019242"",""20007365"",""20007697"",""20019243"",""20001599"",""20001600"",""20001601"",""20002749"",""20003394"",""20007698"",""20007691""],""schedule_stop_ids"":[""20007691"",""20007692"",""20007693"",""20007694"",""20007695"",""20001271"",""20001615"",""20001616"",""20007696"",""20004201"",""20015612"",""20007365"",""20007697"",""20019237"",""20019238"",""20019239"",""20019240"",""20019241"",""20015448"",""20015451"",""20019242"",""20007365"",""20007697"",""20019243"",""20001599"",""20001600"",""20001601"",""20002749"",""20003394"",""20007698"",""20007691""]}",
line_gmb_2009807,gmb_2009807_1,2009807,1,1,29,29,1,one,True,True,False,official_route_sequence_exact_full_pattern,direction_not_encoded,partial,B,exact,A,upgraded_with_official_complete_pattern_evidence,official_json_routeId_routeSeq_stopSeq_complete_sequence,"{""candidate_count"":1,""official_stop_ids"":[""20007691"",""20007694"",""20007695"",""20001271"",""20001615"",""20001616"",""20007696"",""20004201"",""20015612"",""20007365"",""20007697"",""20019237"",""20019238"",""20019239"",""20019240"",""20019241"",""20015448"",""20015451"",""20019242"",""20007365"",""20007697"",""20019243"",""20001599"",""20001600"",""20001601"",""20002749"",""20003394"",""20007698"",""20007691""],""schedule_stop_ids"":[""20007691"",""20007694"",""20007695"",""20001271"",""20001615"",""20001616"",""20007696"",""20004201"",""20015612"",""20007365"",""20007697"",""20019237"",""20019238"",""20019239"",""20019240"",""20019241"",""20015448"",""20015451"",""20019242"",""20007365"",""20007697"",""20019243"",""20001599"",""20001600"",""20001601"",""20002749"",""20003394"",""20007698"",""20007691""]}",
line_gmb_2009840,gmb_2009840_1,2009840,1,1,14,14,1,one,True,True,False,official_route_sequence_exact_full_pattern,direction_not_encoded,partial,B,exact,A,upgraded_with_official_complete_pattern_evidence,official_json_routeId_routeSeq_stopSeq_complete_sequence,"{""candidate_count"":1,""official_stop_ids"":[""20019072"",""20002719"",""20003511"",""20003513"",""20006972"",""20007022"",""20002839"",""20003469"",""20007057"",""20000294"",""20003514"",""20000295"",""20003515"",""20000284""],""schedule_stop_ids"":[""20019072"",""20002719"",""20003511"",""20003513"",""20006972"",""20007022"",""20002839"",""20003469"",""20007057"",""20000294"",""20003514"",""20000295"",""20003515"",""20000284""]}",
line_gmb_2009842,gmb_2009842_1,2009842,1,1,11,11,1,one,True,True,False,official_route_sequence_exact_full_pattern,direction_not_encoded,partial,B,exact,A,upgraded_with_official_complete_pattern_evidence,official_json_routeId_routeSeq_stopSeq_complete_sequence,"{""candidate_count"":1,""official_stop_ids"":[""20000284"",""20003083"",""20003475"",""20013195"",""20000289"",""20021451"",""20003508"",""20002799"",""20003509"",""20003510"",""20019072""],""schedule_stop_ids"":[""20000284"",""20003083"",""20003475"",""20013195"",""20000289"",""20021451"",""20003508"",""20002799"",""20003509"",""20003510"",""20019072""]}",
line_gmb_2009873,gmb_2009873_1,2009873,1,1,17,17,1,one,True,True,False,official_route_sequence_exact_full_pattern,direction_not_encoded,partial,B,exact,A,upgraded_with_official_complete_pattern_evidence,official_json_routeId_routeSeq_stopSeq_complete_sequence,"{""candidate_count"":1,""official_stop_ids"":[""20019270"",""20019271"",""20019272"",""20001199"",""20001220"",""20001221"",""20002571"",""20019273"",""20019274"",""20001224"",""20020534"",""20019275"",""20019276"",""20019277"",""20019278"",""20019279"",""20019270""],""schedule_stop_ids"":[""20019270"",""20019271"",""20019272"",""20001199"",""20001220"",""20001221"",""20002571"",""20019273"",""20019274"",""20001224"",""20020534"",""20019275"",""20019276"",""20019277"",""20019278"",""20019279"",""20019270""]}",
line_gmb_2009906,gmb_2009906_1,2009906,1,1,3,3,1,one,True,True,False,official_route_sequence_exact_full_pattern,direction_not_encoded,partial,B,exact,A,upgraded_with_official_complete_pattern_evidence,official_json_routeId_routeSeq_stopSeq_complete_sequence,"{""candidate_count"":1,""official_stop_ids"":[""20015445"",""20015446"",""20015453""],""schedule_stop_ids"":[""20015445"",""20015446"",""20015453""]}",
line_gmb_2009939,gmb_2009939_1,2009939,1,1,9,9,1,one,True,True,False,official_route_sequence_exact_full_pattern,direction_not_encoded,partial,B,exact,A,upgraded_with_official_complete_pattern_evidence,official_json_routeId_routeSeq_stopSeq_complete_sequence,"{""candidate_count"":1,""official_stop_ids"":[""20019567"",""20003421"",""20008271"",""20001468"",""20006555"",""20008272"",""20008273"",""20001217"",""20001193""],""schedule_stop_ids"":[""20019567"",""20003421"",""20008271"",""20001468"",""20006555"",""20008272"",""20008273"",""20001217"",""20001193""]}",
line_gmb_2009972,gmb_2009972_1,2009972,1,1,8,8,1,one,True,True,False,official_route_sequence_exact_full_pattern,direction_not_encoded,partial,B,exact,A,upgraded_with_official_complete_pattern_evidence,official_json_routeId_routeSeq_stopSeq_complete_sequence,"{""candidate_count"":1,""official_stop_ids"":[""20014123"",""20014124"",""20014125"",""20014126"",""20001737"",""20012804"",""20011987"",""20013696""],""schedule_stop_ids"":[""20014123"",""20014124"",""20014125"",""20014126"",""20001737"",""20012804"",""20011987"",""20013696""]}",
line_gmb_2010005,gmb_2010005_1,2010005,1,1,7,7,1,one,True,True,False,official_route_sequence_exact_full_pattern,direction_not_encoded,partial,B,exact,A,upgraded_with_official_complete_pattern_evidence,official_json_routeId_routeSeq_stopSeq_complete_sequence,"{""candidate_count"":1,""official_stop_ids"":[""20001477"",""20004539"",""20003242"",""20003243"",""20003244"",""20019699"",""20019700""],""schedule_stop_ids"":[""20001477"",""20004539"",""20003242"",""20003243"",""20003244"",""20019699"",""20019700""]}",
line_gmb_2010005,gmb_2010005_2,2010005,2,2,7,7,1,one,True,True,False,official_route_sequence_exact_full_pattern,direction_not_encoded,partial,B,exact,A,upgraded_with_official_complete_pattern_evidence,official_json_routeId_routeSeq_stopSeq_complete_sequence,"{""candidate_count"":1,""official_stop_ids"":[""20019700"",""20019699"",""20007788"",""20003198"",""20003197"",""20003196"",""20001477""],""schedule_stop_ids"":[""20019700"",""20019699"",""20007788"",""20003198"",""20003197"",""20003196"",""20001477""]}",
line_gmb_2010038,gmb_2010038_1,2010038,1,1,4,4,1,one,True,True,False,official_route_sequence_exact_full_pattern,direction_not_encoded,partial,B,exact,A,upgraded_with_official_complete_pattern_evidence,official_json_routeId_routeSeq_stopSeq_complete_sequence,"{""candidate_count"":1,""official_stop_ids"":[""20008525"",""20008526"",""20008527"",""20012360""],""schedule_stop_ids"":[""20008525"",""20008526"",""20008527"",""20012360""]}",
line_gmb_2010071,gmb_2010071_1,2010071,1,1,33,33,1,one,True,True,False,official_route_sequence_exact_full_pattern,direction_not_encoded,partial,B,exact,A,upgraded_with_official_complete_pattern_evidence,official_json_routeId_routeSeq_stopSeq_complete_sequence,"{""candidate_count"":1,""official_stop_ids"":[""20001193"",""20007228"",""20003029"",""20001200"",""20001222"",""20001224"",""20001225"",""20003192"",""20007576"",""20003191"",""20006560"",""20003188"",""20007587"",""20007229"",""20002232"",""20001569"",""20001570"",""20002119"",""20001549"",""20006561"",""20002841"",""20007229"",""20007588"",""20003189"",""20006560"",""20003190"",""20007577"",""20003193"",""20008783"",""20008787"",""20003030"",""20003031"",""20001193""],""schedule_stop_ids"":[""20001193"",""20007228"",""20003029"",""20001200"",""20001222"",""20001224"",""20001225"",""20003192"",""20007576"",""20003191"",""20006560"",""20003188"",""20007587"",""20007229"",""20002232"",""20001569"",""20001570"",""20002119"",""20001549"",""20006561"",""20002841"",""20007229"",""20007588"",""20003189"",""20006560"",""20003190"",""20007577"",""20003193"",""20008783"",""20008787"",""20003030"",""20003031"",""20001193""]}",
line_gmb_2010073,gmb_2010073_1,2010073,1,1,10,10,1,one,True,True,False,official_route_sequence_exact_full_pattern,direction_not_encoded,partial,B,exact,A,upgraded_with_official_complete_pattern_evidence,official_json_routeId_routeSeq_stopSeq_complete_sequence,"{""candidate_count"":1,""official_stop_ids"":[""20003192"",""20007576"",""20003191"",""20006560"",""20003188"",""20007587"",""20007229"",""20002232"",""20001569"",""20001570""],""schedule_stop_ids"":[""20003192"",""20007576"",""20003191"",""20006560"",""20003188"",""20007587"",""20007229"",""20002232"",""20001569"",""20001570""]}",
line_gmb_2010074,gmb_2010074_1,2010074,1,1,6,6,1,one,True,True,False,official_route_sequence_exact_full_pattern,direction_not_encoded,partial,B,exact,A,upgraded_with_official_complete_pattern_evidence,official_json_routeId_routeSeq_stopSeq_complete_sequence,"{""candidate_count"":1,""official_stop_ids"":[""20001193"",""20001225"",""20003192"",""20007576"",""20003191"",""20006560""],""schedule_stop_ids"":[""20001193"",""20001225"",""20003192"",""20007576"",""20003191"",""20006560""]}",
line_gmb_2010075,gmb_2010075_1,2010075,1,1,13,13,1,one,True,True,False,official_route_sequence_exact_full_pattern,direction_not_encoded,partial,B,exact,A,upgraded_with_official_complete_pattern_evidence,official_json_routeId_routeSeq_stopSeq_complete_sequence,"{""candidate_count"":1,""official_stop_ids"":[""20001222"",""20001224"",""20001225"",""20003192"",""20007576"",""20003191"",""20006560"",""20003188"",""20007587"",""20009536"",""20002232"",""20001569"",""20001570""],""schedule_stop_ids"":[""20001222"",""20001224"",""20001225"",""20003192"",""20007576"",""20003191"",""20006560"",""20003188"",""20007587"",""20009536"",""20002232"",""20001569"",""20001570""]}",
line_gmb_2010076,gmb_2010076_1,2010076,1,1,25,25,1,one,True,True,False,official_route_sequence_exact_full_pattern,direction_not_encoded,partial,B,exact,A,upgraded_with_official_complete_pattern_evidence,official_json_routeId_routeSeq_stopSeq_complete_sequence,"{""candidate_count"":1,""official_stop_ids"":[""20007091"",""20007092"",""20007310"",""20009539"",""20003191"",""20006560"",""20003188"",""20007587"",""20007229"",""20002232"",""20001569"",""20001570"",""20002119"",""20001549"",""20006561"",""20002841"",""20007229"",""20007588"",""20003189"",""20006560"",""20003190"",""20009539"",""20007310"",""20007097"",""20007091""],""schedule_stop_ids"":[""20007091"",""20007092"",""20007310"",""20009539"",""20003191"",""20006560"",""20003188"",""20007587"",""20007229"",""20002232"",""20001569"",""20001570"",""20002119"",""20001549"",""20006561"",""20002841"",""20007229"",""20007588"",""20003189"",""20006560"",""20003190"",""20009539"",""20007310"",""20007097"",""20007091""]}",
line_gmb_2010077,gmb_2010077_1,2010077,1,1,25,25,1,one,True,True,False,official_route_sequence_exact_full_pattern,direction_not_encoded,partial,B,exact,A,upgraded_with_official_complete_pattern_evidence,official_json_routeId_routeSeq_stopSeq_complete_sequence,"{""candidate_count"":1,""official_stop_ids"":[""20013016"",""20013017"",""20013018"",""20013134"",""20013020"",""20013021"",""20013022"",""20013133"",""20001506"",""20013024"",""20001569"",""20001570"",""20002119"",""20001549"",""20001518"",""20002312"",""20002229"",""20013025"",""20002841"",""20013026"",""20013027"",""20013028"",""20013029"",""20013030"",""20013132""],""schedule_stop_ids"":[""20013016"",""20013017"",""20013018"",""20013134"",""20013020"",""20013021"",""20013022"",""20013133"",""20001506"",""20013024"",""20001569"",""20001570"",""20002119"",""20001549"",""20001518"",""20002312"",""20002229"",""20013025"",""20002841"",""20013026"",""20013027"",""20013028"",""20013029"",""20013030"",""20013132""]}",
line_gmb_2010104,gmb_2010104_1,2010104,1,1,14,14,1,one,True,True,False,official_route_sequence_exact_full_pattern,direction_not_encoded,partial,B,exact,A,upgraded_with_official_complete_pattern_evidence,official_json_routeId_routeSeq_stopSeq_complete_sequence,"{""candidate_count"":1,""official_stop_ids"":[""20019864"",""20019865"",""20019866"",""20021647"",""20012318"",""20012316"",""20019873"",""20019867"",""20019868"",""20019869"",""20019870"",""20019871"",""20019872"",""20019864""],""schedule_stop_ids"":[""20019864"",""20019865"",""20019866"",""20021647"",""20012318"",""20012316"",""20019873"",""20019867"",""20019868"",""20019869"",""20019870"",""20019871"",""20019872"",""20019864""]}",
line_gmb_2010137,gmb_2010137_1,2010137,1,1,13,13,1,one,True,True,False,official_route_sequence_exact_full_pattern,direction_not_encoded,partial,B,exact,A,upgraded_with_official_complete_pattern_evidence,official_json_routeId_routeSeq_stopSeq_complete_sequence,"{""candidate_count"":1,""official_stop_ids"":[""20019864"",""20019865"",""20019866"",""20021647"",""20012318"",""20012316"",""20019867"",""20019868"",""20019869"",""20019870"",""20019871"",""20019872"",""20019864""],""schedule_stop_ids"":[""20019864"",""20019865"",""20019866"",""20021647"",""20012318"",""20012316"",""20019867"",""20019868"",""20019869"",""20019870"",""20019871"",""20019872"",""20019864""]}",
line_gmb_2010170,gmb_2010170_1,2010170,1,1,6,6,1,one,True,True,False,official_route_sequence_exact_full_pattern,direction_not_encoded,partial,B,exact,A,upgraded_with_official_complete_pattern_evidence,official_json_routeId_routeSeq_stopSeq_complete_sequence,"{""candidate_count"":1,""official_stop_ids"":[""20014293"",""20003205"",""20012274"",""20012275"",""20012276"",""20018115""],""schedule_stop_ids"":[""20014293"",""20003205"",""20012274"",""20012275"",""20012276"",""20018115""]}",
line_gmb_2010170,gmb_2010170_2,2010170,2,2,6,6,1,one,True,True,False,official_route_sequence_exact_full_pattern,direction_not_encoded,partial,B,exact,A,upgraded_with_official_complete_pattern_evidence,official_json_routeId_routeSeq_stopSeq_complete_sequence,"{""candidate_count"":1,""official_stop_ids"":[""20018115"",""20012279"",""20012280"",""20012288"",""20013059"",""20001384""],""schedule_stop_ids"":[""20018115"",""20012279"",""20012280"",""20012288"",""20013059"",""20001384""]}",
line_gmb_2010171,gmb_2010171_1,2010171,1,1,8,8,1,one,True,True,False,official_route_sequence_exact_full_pattern,direction_not_encoded,partial,B,exact,A,upgraded_with_official_complete_pattern_evidence,official_json_routeId_routeSeq_stopSeq_complete_sequence,"{""candidate_count"":1,""official_stop_ids"":[""20001384"",""20003205"",""20012274"",""20012275"",""20012276"",""20012282"",""20012283"",""20012284""],""schedule_stop_ids"":[""20001384"",""20003205"",""20012274"",""20012275"",""20012276"",""20012282"",""20012283"",""20012284""]}",
line_gmb_2010171,gmb_2010171_2,2010171,2,2,8,8,1,one,True,True,False,official_route_sequence_exact_full_pattern,direction_not_encoded,partial,B,exact,A,upgraded_with_official_complete_pattern_evidence,official_json_routeId_routeSeq_stopSeq_complete_sequence,"{""candidate_count"":1,""official_stop_ids"":[""20012284"",""20012285"",""20012286"",""20012279"",""20012287"",""20012281"",""20013059"",""20001384""],""schedule_stop_ids"":[""20012284"",""20012285"",""20012286"",""20012279"",""20012287"",""20012281"",""20013059"",""20001384""]}",
line_gmb_2010203,gmb_2010203_1,2010203,1,1,4,4,1,one,True,True,False,official_route_sequence_exact_full_pattern,direction_not_encoded,partial,B,exact,A,upgraded_with_official_complete_pattern_evidence,official_json_routeId_routeSeq_stopSeq_complete_sequence,"{""candidate_count"":1,""official_stop_ids"":[""20001384"",""20013099"",""20012274"",""20012289""],""schedule_stop_ids"":[""20001384"",""20013099"",""20012274"",""20012289""]}",
line_gmb_2010203,gmb_2010203_2,2010203,2,2,4,4,1,one,True,True,False,official_route_sequence_exact_full_pattern,direction_not_encoded,partial,B,exact,A,upgraded_with_official_complete_pattern_evidence,official_json_routeId_routeSeq_stopSeq_complete_sequence,"{""candidate_count"":1,""official_stop_ids"":[""20012289"",""20012281"",""20007525"",""20001384""],""schedule_stop_ids"":[""20012289"",""20012281"",""20007525"",""20001384""]}",
line_gmb_2010236,gmb_2010236_1,2010236,1,1,5,5,1,one,True,True,False,official_route_sequence_exact_full_pattern,direction_not_encoded,partial,B,exact,A,upgraded_with_official_complete_pattern_evidence,official_json_routeId_routeSeq_stopSeq_complete_sequence,"{""candidate_count"":1,""official_stop_ids"":[""20019897"",""20007542"",""20016894"",""20007543"",""20019897""],""schedule_stop_ids"":[""20019897"",""20007542"",""20016894"",""20007543"",""20019897""]}",
line_gmb_2010269,gmb_2010269_1,2010269,1,1,22,22,1,one,True,True,False,official_route_sequence_exact_full_pattern,direction_not_encoded,partial,B,exact,A,upgraded_with_official_complete_pattern_evidence,official_json_routeId_routeSeq_stopSeq_complete_sequence,"{""candidate_count"":1,""official_stop_ids"":[""20002241"",""20002242"",""20002243"",""20001580"",""20001582"",""20002244"",""20001581"",""20002245"",""20002246"",""20001556"",""20001557"",""20002235"",""20001567"",""20002236"",""20002238"",""20019633"",""20001226"",""20001228"",""20001230"",""20002247"",""20002287"",""20002248""],""schedule_stop_ids"":[""20002241"",""20002242"",""20002243"",""20001580"",""20001582"",""20002244"",""20001581"",""20002245"",""20002246"",""20001556"",""20001557"",""20002235"",""20001567"",""20002236"",""20002238"",""20019633"",""20001226"",""20001228"",""20001230"",""20002247"",""20002287"",""20002248""]}",
line_gmb_2010269,gmb_2010269_2,2010269,2,2,20,20,1,one,True,True,False,official_route_sequence_exact_full_pattern,direction_not_encoded,partial,B,exact,A,upgraded_with_official_complete_pattern_evidence,official_json_routeId_routeSeq_stopSeq_complete_sequence,"{""candidate_count"":1,""official_stop_ids"":[""20002248"",""20002249"",""20002250"",""20001234"",""20001236"",""20001238"",""20019666"",""20002226"",""20002228"",""20001563"",""20001564"",""20001553"",""20001554"",""20002251"",""20002252"",""20001571"",""20002253"",""20001572"",""20002254"",""20002241""],""schedule_stop_ids"":[""20002248"",""20002249"",""20002250"",""20001234"",""20001236"",""20001238"",""20019666"",""20002226"",""20002228"",""20001563"",""20001564"",""20001553"",""20001554"",""20002251"",""20002252"",""20001571"",""20002253"",""20001572"",""20002254"",""20002241""]}",
line_gmb_2010270,gmb_2010270_1,2010270,1,1,19,19,1,one,True,True,False,official_route_sequence_exact_full_pattern,direction_not_encoded,partial,B,exact,A,upgraded_with_official_complete_pattern_evidence,official_json_routeId_routeSeq_stopSeq_complete_sequence,"{""candidate_count"":1,""official_stop_ids"":[""20002241"",""20002242"",""20002243"",""20001582"",""20002244"",""20001581"",""20002245"",""20002246"",""20001556"",""20001557"",""20002235"",""20001567"",""20019633"",""20001226"",""20001228"",""20001230"",""20002247"",""20002287"",""20002248""],""schedule_stop_ids"":[""20002241"",""20002242"",""20002243"",""20001582"",""20002244"",""20001581"",""20002245"",""20002246"",""20001556"",""20001557"",""20002235"",""20001567"",""20019633"",""20001226"",""20001228"",""20001230"",""20002247"",""20002287"",""20002248""]}",
line_gmb_2010270,gmb_2010270_2,2010270,2,2,15,15,1,one,True,True,False,official_route_sequence_exact_full_pattern,direction_not_encoded,partial,B,exact,A,upgraded_with_official_complete_pattern_evidence,official_json_routeId_routeSeq_stopSeq_complete_sequence,"{""candidate_count"":1,""official_stop_ids"":[""20002248"",""20002249"",""20002250"",""20019666"",""20001563"",""20001564"",""20001553"",""20001554"",""20002251"",""20002252"",""20001571"",""20002253"",""20001572"",""20002254"",""20002241""],""schedule_stop_ids"":[""20002248"",""20002249"",""20002250"",""20019666"",""20001563"",""20001564"",""20001553"",""20001554"",""20002251"",""20002252"",""20001571"",""20002253"",""20001572"",""20002254"",""20002241""]}",
line_gmb_2010274,gmb_2010274_1,2010274,1,1,6,6,1,one,True,True,False,official_route_sequence_exact_full_pattern,direction_not_encoded,partial,B,exact,A,upgraded_with_official_complete_pattern_evidence,official_json_routeId_routeSeq_stopSeq_complete_sequence,"{""candidate_count"":1,""official_stop_ids"":[""20001573"",""20002254"",""20020335"",""20014240"",""20014241"",""20002241""],""schedule_stop_ids"":[""20001573"",""20002254"",""20020335"",""20014240"",""20014241"",""20002241""]}",
line_gmb_2010274,gmb_2010274_2,2010274,2,2,5,5,1,one,True,True,False,official_route_sequence_exact_full_pattern,direction_not_encoded,partial,B,exact,A,upgraded_with_official_complete_pattern_evidence,official_json_routeId_routeSeq_stopSeq_complete_sequence,"{""candidate_count"":1,""official_stop_ids"":[""20002241"",""20020336"",""20020337"",""20014252"",""20001573""],""schedule_stop_ids"":[""20002241"",""20020336"",""20020337"",""20014252"",""20001573""]}",
line_gmb_2010275,gmb_2010275_1,2010275,1,1,18,18,1,one,True,True,False,official_route_sequence_exact_full_pattern,direction_not_encoded,partial,B,exact,A,upgraded_with_official_complete_pattern_evidence,official_json_routeId_routeSeq_stopSeq_complete_sequence,"{""candidate_count"":1,""official_stop_ids"":[""20002255"",""20002256"",""20009274"",""20001547"",""20002293"",""20002257"",""20002258"",""20002259"",""20001564"",""20001553"",""20009272"",""20006621"",""20002251"",""20001571"",""20002253"",""20001572"",""20002254"",""20002241""],""schedule_stop_ids"":[""20002255"",""20002256"",""20009274"",""20001547"",""20002293"",""20002257"",""20002258"",""20002259"",""20001564"",""20001553"",""20009272"",""20006621"",""20002251"",""20001571"",""20002253"",""20001572"",""20002254"",""20002241""]}",
line_gmb_2010275,gmb_2010275_2,2010275,2,2,19,19,1,one,True,True,False,official_route_sequence_exact_full_pattern,direction_not_encoded,partial,B,exact,A,upgraded_with_official_complete_pattern_evidence,official_json_routeId_routeSeq_stopSeq_complete_sequence,"{""candidate_count"":1,""official_stop_ids"":[""20002241"",""20007390"",""20002243"",""20002260"",""20001582"",""20002244"",""20001581"",""20002245"",""20002246"",""20001556"",""20001557"",""20002261"",""20002257"",""20002274"",""20001550"",""20004218"",""20002262"",""20001551"",""20002255""],""schedule_stop_ids"":[""20002241"",""20007390"",""20002243"",""20002260"",""20001582"",""20002244"",""20001581"",""20002245"",""20002246"",""20001556"",""20001557"",""20002261"",""20002257"",""20002274"",""20001550"",""20004218"",""20002262"",""20001551"",""20002255""]}",
line_gmb_2010277,gmb_2010277_1,2010277,1,1,15,15,1,one,True,True,False,official_route_sequence_exact_full_pattern,direction_not_encoded,partial,B,exact,A,upgraded_with_official_complete_pattern_evidence,official_json_routeId_routeSeq_stopSeq_complete_sequence,"{""candidate_count"":1,""official_stop_ids"":[""20002263"",""20002287"",""20002249"",""20002250"",""20001234"",""20001235"",""20001236"",""20001238"",""20019666"",""20002226"",""20003310"",""20002227"",""20002228"",""20001118"",""20002264""],""schedule_stop_ids"":[""20002263"",""20002287"",""20002249"",""20002250"",""20001234"",""20001235"",""20001236"",""20001238"",""20019666"",""20002226"",""20003310"",""20002227"",""20002228"",""20001118"",""20002264""]}",
line_gmb_2010277,gmb_2010277_2,2010277,2,2,15,15,1,one,True,True,False,official_route_sequence_exact_full_pattern,direction_not_encoded,partial,B,exact,A,upgraded_with_official_complete_pattern_evidence,official_json_routeId_routeSeq_stopSeq_complete_sequence,"{""candidate_count"":1,""official_stop_ids"":[""20002264"",""20002236"",""20002237"",""20002238"",""20003310"",""20019633"",""20001226"",""20001227"",""20001228"",""20001229"",""20001230"",""20002281"",""20002298"",""20002299"",""20002263""],""schedule_stop_ids"":[""20002264"",""20002236"",""20002237"",""20002238"",""20003310"",""20019633"",""20001226"",""20001227"",""20001228"",""20001229"",""20001230"",""20002281"",""20002298"",""20002299"",""20002263""]}",
line_gmb_2010278,gmb_2010278_1,2010278,1,1,15,15,1,one,True,True,False,official_route_sequence_exact_full_pattern,direction_not_encoded,partial,B,exact,A,upgraded_with_official_complete_pattern_evidence,official_json_routeId_routeSeq_stopSeq_complete_sequence,"{""candidate_count"":1,""official_stop_ids"":[""20002264"",""20002236"",""20002237"",""20002238"",""20003310"",""20019633"",""20001226"",""20001227"",""20001228"",""20001229"",""20001230"",""20002281"",""20002298"",""20002299"",""20002263""],""schedule_stop_ids"":[""20002264"",""20002236"",""20002237"",""20002238"",""20003310"",""20019633"",""20001226"",""20001227"",""20001228"",""20001229"",""20001230"",""20002281"",""20002298"",""20002299"",""20002263""]}",
line_gmb_2010279,gmb_2010279_1,2010279,1,1,35,35,1,one,True,True,False,official_route_sequence_exact_full_pattern,direction_not_encoded,partial,B,exact,A,upgraded_with_official_complete_pattern_evidence,official_json_routeId_routeSeq_stopSeq_complete_sequence,"{""candidate_count"":1,""official_stop_ids"":[""20015640"",""20001549"",""20015641"",""20002312"",""20002235"",""20001567"",""20002236"",""20015642"",""20015643"",""20015644"",""20002314"",""20002315"",""20015645"",""20002317"",""20015646"",""20002297"",""20015647"",""20015648"",""20015649"",""20001234"",""20001235"",""20002225"",""20002320"",""20015650"",""20002321"",""20002322"",""20007689"",""20002227"",""20002228"",""20015651"",""20001564"",""20015652"",""20015653"",""20015654"",""20015640""],""schedule_stop_ids"":[""20015640"",""20001549"",""20015641"",""20002312"",""20002235"",""20001567"",""20002236"",""20015642"",""20015643"",""20015644"",""20002314"",""20002315"",""20015645"",""20002317"",""20015646"",""20002297"",""20015647"",""20015648"",""20015649"",""20001234"",""20001235"",""20002225"",""20002320"",""20015650"",""20002321"",""20002322"",""20007689"",""20002227"",""20002228"",""20015651"",""20001564"",""20015652"",""20015653"",""20015654"",""20015640""]}",
line_gmb_2010280,gmb_2010280_1,2010280,1,1,34,34,1,one,True,True,False,official_route_sequence_exact_full_pattern,direction_not_encoded,partial,B,exact,A,upgraded_with_official_complete_pattern_evidence,official_json_routeId_routeSeq_stopSeq_complete_sequence,"{""candidate_count"":1,""official_stop_ids"":[""20015656"",""20001549"",""20015641"",""20002312"",""20002235"",""20001567"",""20002236"",""20015642"",""20015643"",""20015644"",""20002314"",""20002315"",""20015645"",""20002317"",""20015646"",""20002297"",""20015647"",""20015648"",""20015649"",""20001234"",""20001235"",""20002225"",""20002320"",""20015650"",""20002322"",""20007689"",""20002227"",""20002228"",""20015651"",""20001564"",""20015652"",""20015653"",""20015654"",""20015656""],""schedule_stop_ids"":[""20015656"",""20001549"",""20015641"",""20002312"",""20002235"",""20001567"",""20002236"",""20015642"",""20015643"",""20015644"",""20002314"",""20002315"",""20015645"",""20002317"",""20015646"",""20002297"",""20015647"",""20015648"",""20015649"",""20001234"",""20001235"",""20002225"",""20002320"",""20015650"",""20002322"",""20007689"",""20002227"",""20002228"",""20015651"",""20001564"",""20015652"",""20015653"",""20015654"",""20015656""]}",
line_gmb_2010281,gmb_2010281_1,2010281,1,1,13,13,1,one,True,True,False,official_route_sequence_exact_full_pattern,direction_not_encoded,partial,B,exact,A,upgraded_with_official_complete_pattern_evidence,official_json_routeId_routeSeq_stopSeq_complete_sequence,"{""candidate_count"":1,""official_stop_ids"":[""20015673"",""20007619"",""20007620"",""20015674"",""20002250"",""20001234"",""20015675"",""20002320"",""20015651"",""20001564"",""20015652"",""20015653"",""20015640""],""schedule_stop_ids"":[""20015673"",""20007619"",""20007620"",""20015674"",""20002250"",""20001234"",""20015675"",""20002320"",""20015651"",""20001564"",""20015652"",""20015653"",""20015640""]}",
line_gmb_2010281,gmb_2010281_2,2010281,2,2,15,15,1,one,True,True,False,official_route_sequence_exact_full_pattern,direction_not_encoded,partial,B,exact,A,upgraded_with_official_complete_pattern_evidence,official_json_routeId_routeSeq_stopSeq_complete_sequence,"{""candidate_count"":1,""official_stop_ids"":[""20015640"",""20015676"",""20015641"",""20002312"",""20002235"",""20001567"",""20007628"",""20002317"",""20002297"",""20001229"",""20015647"",""20002281"",""20015677"",""20015678"",""20015673""],""schedule_stop_ids"":[""20015640"",""20015676"",""20015641"",""20002312"",""20002235"",""20001567"",""20007628"",""20002317"",""20002297"",""20001229"",""20015647"",""20002281"",""20015677"",""20015678"",""20015673""]}",
line_gmb_2010335,gmb_2010335_1,2010335,1,1,30,30,1,one,True,True,False,official_route_sequence_exact_full_pattern,direction_not_encoded,partial,B,exact,A,upgraded_with_official_complete_pattern_evidence,official_json_routeId_routeSeq_stopSeq_complete_sequence,"{""candidate_count"":1,""official_stop_ids"":[""20013061"",""20016634"",""20015048"",""20015049"",""20015050"",""20015051"",""20020171"",""20015052"",""20015053"",""20002551"",""20015055"",""20015056"",""20020172"",""20020173"",""20019204"",""20020174"",""20015058"",""20015059"",""20015060"",""20015061"",""20015062"",""20015063"",""20020175"",""20015065"",""20020176"",""20015066"",""20015067"",""20020177"",""20015068"",""20013061""],""schedule_stop_ids"":[""20013061"",""20016634"",""20015048"",""20015049"",""20015050"",""20015051"",""20020171"",""20015052"",""20015053"",""20002551"",""20015055"",""20015056"",""20020172"",""20020173"",""20019204"",""20020174"",""20015058"",""20015059"",""20015060"",""20015061"",""20015062"",""20015063"",""20020175"",""20015065"",""20020176"",""20015066"",""20015067"",""20020177"",""20015068"",""20013061""]}",
line_gmb_2010368,gmb_2010368_1,2010368,1,1,8,8,1,one,True,True,False,official_route_sequence_exact_full_pattern,direction_not_encoded,partial,B,exact,A,upgraded_with_official_complete_pattern_evidence,official_json_routeId_routeSeq_stopSeq_complete_sequence,"{""candidate_count"":1,""official_stop_ids"":[""20015145"",""20015146"",""20015147"",""20015148"",""20002022"",""20015149"",""20015150"",""20015151""],""schedule_stop_ids"":[""20015145"",""20015146"",""20015147"",""20015148"",""20002022"",""20015149"",""20015150"",""20015151""]}",
line_gmb_2010368,gmb_2010368_2,2010368,2,2,6,6,1,one,True,True,False,official_route_sequence_exact_full_pattern,direction_not_encoded,partial,B,exact,A,upgraded_with_official_complete_pattern_evidence,official_json_routeId_routeSeq_stopSeq_complete_sequence,"{""candidate_count"":1,""official_stop_ids"":[""20015151"",""20015153"",""20015154"",""20015155"",""20012436"",""20015145""],""schedule_stop_ids"":[""20015151"",""20015153"",""20015154"",""20015155"",""20012436"",""20015145""]}",
line_gmb_2010401,gmb_2010401_1,2010401,1,1,11,11,1,one,True,True,False,official_route_sequence_exact_full_pattern,direction_not_encoded,partial,B,exact,A,upgraded_with_official_complete_pattern_evidence,official_json_routeId_routeSeq_stopSeq_complete_sequence,"{""candidate_count"":1,""official_stop_ids"":[""20001193"",""20007228"",""20003029"",""20001200"",""20020492"",""20001222"",""20001224"",""20001225"",""20003192"",""20007576"",""20020493""],""schedule_stop_ids"":[""20001193"",""20007228"",""20003029"",""20001200"",""20020492"",""20001222"",""20001224"",""20001225"",""20003192"",""20007576"",""20020493""]}",
line_gmb_2010401,gmb_2010401_2,2010401,2,2,8,8,1,one,True,True,False,official_route_sequence_exact_full_pattern,direction_not_encoded,partial,B,exact,A,upgraded_with_official_complete_pattern_evidence,official_json_routeId_routeSeq_stopSeq_complete_sequence,"{""candidate_count"":1,""official_stop_ids"":[""20020493"",""20007577"",""20003193"",""20008783"",""20008787"",""20003030"",""20003031"",""20001193""],""schedule_stop_ids"":[""20020493"",""20007577"",""20003193"",""20008783"",""20008787"",""20003030"",""20003031"",""20001193""]}",
line_gmb_2010434,gmb_2010434_1,2010434,1,1,7,7,1,one,True,True,False,official_route_sequence_exact_full_pattern,direction_not_encoded,partial,B,exact,A,upgraded_with_official_complete_pattern_evidence,official_json_routeId_routeSeq_stopSeq_complete_sequence,"{""candidate_count"":1,""official_stop_ids"":[""20015447"",""20020623"",""20015448"",""20015449"",""20015451"",""20015452"",""20020624""],""schedule_stop_ids"":[""20015447"",""20020623"",""20015448"",""20015449"",""20015451"",""20015452"",""20020624""]}",
line_gmb_2010500,gmb_2010500_1,2010500,1,1,12,12,1,one,True,True,False,official_route_sequence_exact_full_pattern,direction_not_encoded,partial,B,exact,A,upgraded_with_official_complete_pattern_evidence,official_json_routeId_routeSeq_stopSeq_complete_sequence,"{""candidate_count"":1,""official_stop_ids"":[""20003244"",""20003245"",""20003246"",""20001455"",""20001471"",""20001478"",""20007291"",""20001479"",""20001480"",""20007292"",""20007293"",""20001384""],""schedule_stop_ids"":[""20003244"",""20003245"",""20003246"",""20001455"",""20001471"",""20001478"",""20007291"",""20001479"",""20001480"",""20007292"",""20007293"",""20001384""]}",
line_gmb_2010501,gmb_2010501_1,2010501,1,1,16,16,1,one,True,True,False,official_route_sequence_exact_full_pattern,direction_not_encoded,partial,B,exact,A,upgraded_with_official_complete_pattern_evidence,official_json_routeId_routeSeq_stopSeq_complete_sequence,"{""candidate_count"":1,""official_stop_ids"":[""20020986"",""20004539"",""20003242"",""20003243"",""20003244"",""20003245"",""20003246"",""20001455"",""20001471"",""20001478"",""20007291"",""20001479"",""20001480"",""20007292"",""20007293"",""20001384""],""schedule_stop_ids"":[""20020986"",""20004539"",""20003242"",""20003243"",""20003244"",""20003245"",""20003246"",""20001455"",""20001471"",""20001478"",""20007291"",""20001479"",""20001480"",""20007292"",""20007293"",""20001384""]}",
line_gmb_2010635,gmb_2010635_1,2010635,1,1,3,3,1,one,True,True,False,official_route_sequence_exact_full_pattern,direction_not_encoded,partial,B,exact,A,upgraded_with_official_complete_pattern_evidence,official_json_routeId_routeSeq_stopSeq_complete_sequence,"{""candidate_count"":1,""official_stop_ids"":[""20016915"",""20021118"",""20016915""],""schedule_stop_ids"":[""20016915"",""20021118"",""20016915""]}",
line_gmb_2010698,gmb_2010698_1,2010698,1,1,27,27,1,one,True,True,False,official_route_sequence_exact_full_pattern,direction_not_encoded,partial,B,exact,A,upgraded_with_official_complete_pattern_evidence,official_json_routeId_routeSeq_stopSeq_complete_sequence,"{""candidate_count"":1,""official_stop_ids"":[""20021316"",""20002551"",""20015055"",""20017257"",""20017818"",""20007435"",""20014147"",""20007401"",""20017819"",""20021317"",""20021318"",""20020180"",""20014096"",""20015579"",""20015155"",""20002553"",""20007331"",""20015285"",""20015286"",""20015287"",""20021319"",""20015245"",""20015607"",""20015017"",""20017184"",""20017187"",""20003011""],""schedule_stop_ids"":[""20021316"",""20002551"",""20015055"",""20017257"",""20017818"",""20007435"",""20014147"",""20007401"",""20017819"",""20021317"",""20021318"",""20020180"",""20014096"",""20015579"",""20015155"",""20002553"",""20007331"",""20015285"",""20015286"",""20015287"",""20021319"",""20015245"",""20015607"",""20015017"",""20017184"",""20017187"",""20003011""]}",
line_gmb_2010698,gmb_2010698_2,2010698,2,2,26,26,1,one,True,True,False,official_route_sequence_exact_full_pattern,direction_not_encoded,partial,B,exact,A,upgraded_with_official_complete_pattern_evidence,official_json_routeId_routeSeq_stopSeq_complete_sequence,"{""candidate_count"":1,""official_stop_ids"":[""20003011"",""20021321"",""20017165"",""20021322"",""20008514"",""20000923"",""20001058"",""20021324"",""20007874"",""20021325"",""20021326"",""20021327"",""20015071"",""20021328"",""20021316"",""20002551"",""20015055"",""20017257"",""20017818"",""20007435"",""20014147"",""20007401"",""20017819"",""20021317"",""20021318"",""20021316""],""schedule_stop_ids"":[""20003011"",""20021321"",""20017165"",""20021322"",""20008514"",""20000923"",""20001058"",""20021324"",""20007874"",""20021325"",""20021326"",""20021327"",""20015071"",""20021328"",""20021316"",""20002551"",""20015055"",""20017257"",""20017818"",""20007435"",""20014147"",""20007401"",""20017819"",""20021317"",""20021318"",""20021316""]}",
line_gmb_2010731,gmb_2010731_1,2010731,1,1,28,28,1,one,True,True,False,official_route_sequence_exact_full_pattern,direction_not_encoded,partial,B,exact,A,upgraded_with_official_complete_pattern_evidence,official_json_routeId_routeSeq_stopSeq_complete_sequence,"{""candidate_count"":1,""official_stop_ids"":[""20021316"",""20002551"",""20015055"",""20017257"",""20021320"",""20007435"",""20014147"",""20007401"",""20017819"",""20021317"",""20021318"",""20020180"",""20014096"",""20015579"",""20015155"",""20002553"",""20007331"",""20015285"",""20015286"",""20015287"",""20021319"",""20015245"",""20015607"",""20015017"",""20017184"",""20017187"",""20003011"",""20021321""],""schedule_stop_ids"":[""20021316"",""20002551"",""20015055"",""20017257"",""20021320"",""20007435"",""20014147"",""20007401"",""20017819"",""20021317"",""20021318"",""20020180"",""20014096"",""20015579"",""20015155"",""20002553"",""20007331"",""20015285"",""20015286"",""20015287"",""20021319"",""20015245"",""20015607"",""20015017"",""20017184"",""20017187"",""20003011"",""20021321""]}",
line_gmb_2010764,gmb_2010764_1,2010764,1,1,41,41,1,one,True,True,False,official_route_sequence_exact_full_pattern,direction_not_encoded,partial,B,exact,A,upgraded_with_official_complete_pattern_evidence,official_json_routeId_routeSeq_stopSeq_complete_sequence,"{""candidate_count"":1,""official_stop_ids"":[""20003011"",""20021321"",""20017165"",""20021322"",""20008514"",""20000923"",""20001058"",""20021324"",""20007874"",""20021325"",""20021326"",""20021327"",""20015071"",""20021328"",""20021316"",""20002551"",""20015055"",""20017257"",""20017818"",""20007435"",""20014147"",""20007401"",""20017819"",""20021317"",""20021318"",""20020180"",""20015578"",""20015579"",""20015155"",""20002553"",""20007331"",""20015285"",""20015286"",""20015287"",""20002192"",""20015245"",""20015607"",""20015017"",""20017184"",""20017187"",""20003011""],""schedule_stop_ids"":[""20003011"",""20021321"",""20017165"",""20021322"",""20008514"",""20000923"",""20001058"",""20021324"",""20007874"",""20021325"",""20021326"",""20021327"",""20015071"",""20021328"",""20021316"",""20002551"",""20015055"",""20017257"",""20017818"",""20007435"",""20014147"",""20007401"",""20017819"",""20021317"",""20021318"",""20020180"",""20015578"",""20015579"",""20015155"",""20002553"",""20007331"",""20015285"",""20015286"",""20015287"",""20002192"",""20015245"",""20015607"",""20015017"",""20017184"",""20017187"",""20003011""]}",
line_gmb_2010797,gmb_2010797_1,2010797,1,1,24,24,1,one,True,True,False,official_route_sequence_exact_full_pattern,direction_not_encoded,partial,B,exact,A,upgraded_with_official_complete_pattern_evidence,official_json_routeId_routeSeq_stopSeq_complete_sequence,"{""candidate_count"":1,""official_stop_ids"":[""20021382"",""20021383"",""20021384"",""20021385"",""20021400"",""20021387"",""20021388"",""20021389"",""20022743"",""20022744"",""20021390"",""20021391"",""20021392"",""20021393"",""20021394"",""20021396"",""20021395"",""20021397"",""20021398"",""20021399"",""20021400"",""20021401"",""20021402"",""20021382""],""schedule_stop_ids"":[""20021382"",""20021383"",""20021384"",""20021385"",""20021400"",""20021387"",""20021388"",""20021389"",""20022743"",""20022744"",""20021390"",""20021391"",""20021392"",""20021393"",""20021394"",""20021396"",""20021395"",""20021397"",""20021398"",""20021399"",""20021400"",""20021401"",""20021402"",""20021382""]}",
line_gmb_2010798,gmb_2010798_1,2010798,1,1,15,15,1,one,True,True,False,official_route_sequence_exact_full_pattern,direction_not_encoded,partial,B,exact,A,upgraded_with_official_complete_pattern_evidence,official_json_routeId_routeSeq_stopSeq_complete_sequence,"{""candidate_count"":1,""official_stop_ids"":[""20021399"",""20021388"",""20021398"",""20022743"",""20022744"",""20021390"",""20021391"",""20021392"",""20021393"",""20021394"",""20021396"",""20021395"",""20021397"",""20021398"",""20021399""],""schedule_stop_ids"":[""20021399"",""20021388"",""20021398"",""20022743"",""20022744"",""20021390"",""20021391"",""20021392"",""20021393"",""20021394"",""20021396"",""20021395"",""20021397"",""20021398"",""20021399""]}",
line_gmb_2010830,gmb_2010830_1,2010830,1,1,13,13,1,one,True,True,False,official_route_sequence_exact_full_pattern,direction_not_encoded,partial,B,exact,A,upgraded_with_official_complete_pattern_evidence,official_json_routeId_routeSeq_stopSeq_complete_sequence,"{""candidate_count"":1,""official_stop_ids"":[""20015409"",""20001281"",""20001282"",""20001283"",""20015411"",""20016803"",""20016804"",""20016805"",""20016806"",""20021415"",""20021416"",""20021417"",""20021418""],""schedule_stop_ids"":[""20015409"",""20001281"",""20001282"",""20001283"",""20015411"",""20016803"",""20016804"",""20016805"",""20016806"",""20021415"",""20021416"",""20021417"",""20021418""]}",
line_gmb_2010830,gmb_2010830_2,2010830,2,2,17,17,1,one,True,True,False,official_route_sequence_exact_full_pattern,direction_not_encoded,partial,B,exact,A,upgraded_with_official_complete_pattern_evidence,official_json_routeId_routeSeq_stopSeq_complete_sequence,"{""candidate_count"":1,""official_stop_ids"":[""20021418"",""20021417"",""20021419"",""20021420"",""20016820"",""20016821"",""20016822"",""20016823"",""20016824"",""20016825"",""20001286"",""20001287"",""20001288"",""20001289"",""20015426"",""20015427"",""20015409""],""schedule_stop_ids"":[""20021418"",""20021417"",""20021419"",""20021420"",""20016820"",""20016821"",""20016822"",""20016823"",""20016824"",""20016825"",""20001286"",""20001287"",""20001288"",""20001289"",""20015426"",""20015427"",""20015409""]}",
line_gmb_2010863,gmb_2010863_1,2010863,1,1,13,13,1,one,True,True,False,official_route_sequence_exact_full_pattern,direction_not_encoded,partial,B,exact,A,upgraded_with_official_complete_pattern_evidence,official_json_routeId_routeSeq_stopSeq_complete_sequence,"{""candidate_count"":1,""official_stop_ids"":[""20021418"",""20021417"",""20021419"",""20021420"",""20016820"",""20016821"",""20016822"",""20016823"",""20016824"",""20016825"",""20001286"",""20001287"",""20015409""],""schedule_stop_ids"":[""20021418"",""20021417"",""20021419"",""20021420"",""20016820"",""20016821"",""20016822"",""20016823"",""20016824"",""20016825"",""20001286"",""20001287"",""20015409""]}",
line_gmb_2010896,gmb_2010896_1,2010896,1,1,19,19,1,one,True,True,False,official_route_sequence_exact_full_pattern,direction_not_encoded,partial,B,exact,A,upgraded_with_official_complete_pattern_evidence,official_json_routeId_routeSeq_stopSeq_complete_sequence,"{""candidate_count"":1,""official_stop_ids"":[""20021481"",""20021980"",""20021482"",""20021483"",""20021484"",""20015584"",""20021485"",""20002003"",""20002020"",""20021486"",""20002005"",""20020394"",""20014683"",""20001171"",""20003054"",""20001140"",""20015237"",""20021981"",""20021487""],""schedule_stop_ids"":[""20021481"",""20021980"",""20021482"",""20021483"",""20021484"",""20015584"",""20021485"",""20002003"",""20002020"",""20021486"",""20002005"",""20020394"",""20014683"",""20001171"",""20003054"",""20001140"",""20015237"",""20021981"",""20021487""]}",
line_gmb_2010896,gmb_2010896_2,2010896,2,2,21,21,1,one,True,True,False,official_route_sequence_exact_full_pattern,direction_not_encoded,partial,B,exact,A,upgraded_with_official_complete_pattern_evidence,official_json_routeId_routeSeq_stopSeq_complete_sequence,"{""candidate_count"":1,""official_stop_ids"":[""20021487"",""20003176"",""20021982"",""20019534"",""20021489"",""20001172"",""20001164"",""20014673"",""20001166"",""20001150"",""20001151"",""20014676"",""20021490"",""20021491"",""20021492"",""20021493"",""20021494"",""20021495"",""20021496"",""20021983"",""20021481""],""schedule_stop_ids"":[""20021487"",""20003176"",""20021982"",""20019534"",""20021489"",""20001172"",""20001164"",""20014673"",""20001166"",""20001150"",""20001151"",""20014676"",""20021490"",""20021491"",""20021492"",""20021493"",""20021494"",""20021495"",""20021496"",""20021983"",""20021481""]}",
line_gmb_2010929,gmb_2010929_1,2010929,1,1,2,2,1,one,True,True,False,official_route_sequence_exact_full_pattern,direction_not_encoded,partial,B,exact,A,upgraded_with_official_complete_pattern_evidence,official_json_routeId_routeSeq_stopSeq_complete_sequence,"{""candidate_count"":1,""official_stop_ids"":[""20021580"",""20021581""],""schedule_stop_ids"":[""20021580"",""20021581""]}",
line_gmb_2010929,gmb_2010929_2,2010929,2,2,4,4,1,one,True,True,False,official_route_sequence_exact_full_pattern,direction_not_encoded,partial,B,exact,A,upgraded_with_official_complete_pattern_evidence,official_json_routeId_routeSeq_stopSeq_complete_sequence,"{""candidate_count"":1,""official_stop_ids"":[""20021581"",""20021582"",""20021583"",""20021580""],""schedule_stop_ids"":[""20021581"",""20021582"",""20021583"",""20021580""]}",
line_gmb_2010962,gmb_2010962_1,2010962,1,1,6,6,1,one,True,True,False,official_route_sequence_exact_full_pattern,direction_not_encoded,partial,B,exact,A,upgraded_with_official_complete_pattern_evidence,official_json_routeId_routeSeq_stopSeq_complete_sequence,"{""candidate_count"":1,""official_stop_ids"":[""20021778"",""20021779"",""20021780"",""20021781"",""20021782"",""20019766""],""schedule_stop_ids"":[""20021778"",""20021779"",""20021780"",""20021781"",""20021782"",""20019766""]}",
line_gmb_2010962,gmb_2010962_2,2010962,2,2,6,6,1,one,True,True,False,official_route_sequence_exact_full_pattern,direction_not_encoded,partial,B,exact,A,upgraded_with_official_complete_pattern_evidence,official_json_routeId_routeSeq_stopSeq_complete_sequence,"{""candidate_count"":1,""official_stop_ids"":[""20019766"",""20021783"",""20021784"",""20021785"",""20021786"",""20021778""],""schedule_stop_ids"":[""20019766"",""20021783"",""20021784"",""20021785"",""20021786"",""20021778""]}",
line_gmb_2010995,gmb_2010995_1,2010995,1,1,4,4,1,one,True,True,False,official_route_sequence_exact_full_pattern,direction_not_encoded,partial,B,exact,A,upgraded_with_official_complete_pattern_evidence,official_json_routeId_routeSeq_stopSeq_complete_sequence,"{""candidate_count"":1,""official_stop_ids"":[""20011318"",""20021679"",""20011613"",""20011235""],""schedule_stop_ids"":[""20011318"",""20021679"",""20011613"",""20011235""]}",
line_gmb_2010995,gmb_2010995_2,2010995,2,2,6,6,1,one,True,True,False,official_route_sequence_exact_full_pattern,direction_not_encoded,partial,B,exact,A,upgraded_with_official_complete_pattern_evidence,official_json_routeId_routeSeq_stopSeq_complete_sequence,"{""candidate_count"":1,""official_stop_ids"":[""20011235"",""20000057"",""20000361"",""20000169"",""20011599"",""20011318""],""schedule_stop_ids"":[""20011235"",""20000057"",""20000361"",""20000169"",""20011599"",""20011318""]}",
line_gmb_2011028,gmb_2011028_1,2011028,1,1,3,3,1,one,True,True,False,official_route_sequence_exact_full_pattern,direction_not_encoded,partial,B,exact,A,upgraded_with_official_complete_pattern_evidence,official_json_routeId_routeSeq_stopSeq_complete_sequence,"{""candidate_count"":1,""official_stop_ids"":[""20001470"",""20014456"",""20001453""],""schedule_stop_ids"":[""20001470"",""20014456"",""20001453""]}",
line_gmb_2011094,gmb_2011094_1,2011094,1,1,14,14,1,one,True,True,False,official_route_sequence_exact_full_pattern,direction_not_encoded,partial,B,exact,A,upgraded_with_official_complete_pattern_evidence,official_json_routeId_routeSeq_stopSeq_complete_sequence,"{""candidate_count"":1,""official_stop_ids"":[""20010695"",""20001518"",""20001493"",""20001494"",""20001495"",""20006601"",""20001496"",""20001497"",""20001510"",""20022075"",""20010720"",""20001499"",""20001501"",""20001502""],""schedule_stop_ids"":[""20010695"",""20001518"",""20001493"",""20001494"",""20001495"",""20006601"",""20001496"",""20001497"",""20001510"",""20022075"",""20010720"",""20001499"",""20001501"",""20001502""]}",
line_gmb_2011127,gmb_2011127_1,2011127,1,1,9,9,1,one,True,True,False,official_route_sequence_exact_full_pattern,direction_not_encoded,partial,B,exact,A,upgraded_with_official_complete_pattern_evidence,official_json_routeId_routeSeq_stopSeq_complete_sequence,"{""candidate_count"":1,""official_stop_ids"":[""20015602"",""20002648"",""20022801"",""20022802"",""20022406"",""20002650"",""20002652"",""20015238"",""20015602""],""schedule_stop_ids"":[""20015602"",""20002648"",""20022801"",""20022802"",""20022406"",""20002650"",""20002652"",""20015238"",""20015602""]}",
line_gmb_2011160,gmb_2011160_1,2011160,1,1,6,6,1,one,True,True,False,official_route_sequence_exact_full_pattern,direction_not_encoded,partial,B,exact,A,upgraded_with_official_complete_pattern_evidence,official_json_routeId_routeSeq_stopSeq_complete_sequence,"{""candidate_count"":1,""official_stop_ids"":[""20001544"",""20001545"",""20022207"",""20022208"",""20001551"",""20001544""],""schedule_stop_ids"":[""20001544"",""20001545"",""20022207"",""20022208"",""20001551"",""20001544""]}",
line_gmb_2011193,gmb_2011193_1,2011193,1,1,31,31,1,one,True,True,False,official_route_sequence_exact_full_pattern,direction_not_encoded,partial,B,exact,A,upgraded_with_official_complete_pattern_evidence,official_json_routeId_routeSeq_stopSeq_complete_sequence,"{""candidate_count"":1,""official_stop_ids"":[""20015409"",""20001281"",""20001282"",""20001283"",""20015411"",""20016803"",""20016804"",""20016805"",""20016806"",""20022339"",""20021418"",""20016813"",""20016814"",""20016815"",""20016816"",""20016817"",""20016818"",""20016819"",""20016820"",""20016821"",""20016822"",""20016823"",""20016824"",""20016825"",""20001286"",""20001287"",""20001288"",""20001289"",""20015426"",""20015427"",""20015409""],""schedule_stop_ids"":[""20015409"",""20001281"",""20001282"",""20001283"",""20015411"",""20016803"",""20016804"",""20016805"",""20016806"",""20022339"",""20021418"",""20016813"",""20016814"",""20016815"",""20016816"",""20016817"",""20016818"",""20016819"",""20016820"",""20016821"",""20016822"",""20016823"",""20016824"",""20016825"",""20001286"",""20001287"",""20001288"",""20001289"",""20015426"",""20015427"",""20015409""]}",
line_gmb_2011226,gmb_2011226_1,2011226,1,1,21,21,1,one,True,True,False,official_route_sequence_exact_full_pattern,direction_not_encoded,partial,B,exact,A,upgraded_with_official_complete_pattern_evidence,official_json_routeId_routeSeq_stopSeq_complete_sequence,"{""candidate_count"":1,""official_stop_ids"":[""20001544"",""20001545"",""20007673"",""20002289"",""20002290"",""20007674"",""20001547"",""20002293"",""20007675"",""20002327"",""20002235"",""20001567"",""20008783"",""20008787"",""20003030"",""20001241"",""20002523"",""20008814"",""20008822"",""20008832"",""20007679""],""schedule_stop_ids"":[""20001544"",""20001545"",""20007673"",""20002289"",""20002290"",""20007674"",""20001547"",""20002293"",""20007675"",""20002327"",""20002235"",""20001567"",""20008783"",""20008787"",""20003030"",""20001241"",""20002523"",""20008814"",""20008822"",""20008832"",""20007679""]}",
line_gmb_2011226,gmb_2011226_2,2011226,2,2,21,21,1,one,True,True,False,official_route_sequence_exact_full_pattern,direction_not_encoded,partial,B,exact,A,upgraded_with_official_complete_pattern_evidence,official_json_routeId_routeSeq_stopSeq_complete_sequence,"{""candidate_count"":1,""official_stop_ids"":[""20007679"",""20007680"",""20007681"",""20007682"",""20001221"",""20002571"",""20008856"",""20001222"",""20001224"",""20001225"",""20001563"",""20006610"",""20002261"",""20002273"",""20002274"",""20001550"",""20002294"",""20002295"",""20007685"",""20001551"",""20001544""],""schedule_stop_ids"":[""20007679"",""20007680"",""20007681"",""20007682"",""20001221"",""20002571"",""20008856"",""20001222"",""20001224"",""20001225"",""20001563"",""20006610"",""20002261"",""20002273"",""20002274"",""20001550"",""20002294"",""20002295"",""20007685"",""20001551"",""20001544""]}",
line_gmb_2011259,gmb_2011259_1,2011259,1,1,10,10,1,one,True,True,False,official_route_sequence_exact_full_pattern,direction_not_encoded,partial,B,exact,A,upgraded_with_official_complete_pattern_evidence,official_json_routeId_routeSeq_stopSeq_complete_sequence,"{""candidate_count"":1,""official_stop_ids"":[""20015602"",""20002648"",""20022405"",""20022801"",""20022802"",""20022406"",""20002650"",""20002652"",""20015238"",""20015602""],""schedule_stop_ids"":[""20015602"",""20002648"",""20022405"",""20022801"",""20022802"",""20022406"",""20002650"",""20002652"",""20015238"",""20015602""]}",
line_gmb_2011292,gmb_2011292_1,2011292,1,1,6,6,1,one,True,True,False,official_route_sequence_exact_full_pattern,direction_not_encoded,partial,B,exact,A,upgraded_with_official_complete_pattern_evidence,official_json_routeId_routeSeq_stopSeq_complete_sequence,"{""candidate_count"":1,""official_stop_ids"":[""20022438"",""20022439"",""20014294"",""20022440"",""20020790"",""20022441""],""schedule_stop_ids"":[""20022438"",""20022439"",""20014294"",""20022440"",""20020790"",""20022441""]}",
line_gmb_2011327,gmb_2011327_1,2011327,1,1,11,11,1,one,True,True,False,official_route_sequence_exact_full_pattern,direction_not_encoded,partial,B,exact,A,upgraded_with_official_complete_pattern_evidence,official_json_routeId_routeSeq_stopSeq_complete_sequence,"{""candidate_count"":1,""official_stop_ids"":[""20022473"",""20013754"",""20022474"",""20013755"",""20016996"",""20016997"",""20016998"",""20016999"",""20022477"",""20017001"",""20017002""],""schedule_stop_ids"":[""20022473"",""20013754"",""20022474"",""20013755"",""20016996"",""20016997"",""20016998"",""20016999"",""20022477"",""20017001"",""20017002""]}",
line_gmb_2011327,gmb_2011327_2,2011327,2,2,11,11,1,one,True,True,False,official_route_sequence_exact_full_pattern,direction_not_encoded,partial,B,exact,A,upgraded_with_official_complete_pattern_evidence,official_json_routeId_routeSeq_stopSeq_complete_sequence,"{""candidate_count"":1,""official_stop_ids"":[""20017002"",""20022504"",""20017004"",""20022505"",""20022506"",""20017006"",""20013795"",""20017007"",""20017008"",""20022507"",""20022570""],""schedule_stop_ids"":[""20017002"",""20022504"",""20017004"",""20022505"",""20022506"",""20017006"",""20013795"",""20017007"",""20017008"",""20022507"",""20022570""]}",
line_gmb_2011358,gmb_2011358_1,2011358,1,1,23,23,1,one,True,True,False,official_route_sequence_exact_full_pattern,direction_not_encoded,partial,B,exact,A,upgraded_with_official_complete_pattern_evidence,official_json_routeId_routeSeq_stopSeq_complete_sequence,"{""candidate_count"":1,""official_stop_ids"":[""20012361"",""20015904"",""20001117"",""20001058"",""20022537"",""20001060"",""20020195"",""20000988"",""20015905"",""20013838"",""20015906"",""20016903"",""20015907"",""20015908"",""20015909"",""20000991"",""20000992"",""20015910"",""20000994"",""20015911"",""20015912"",""20015913"",""20012361""],""schedule_stop_ids"":[""20012361"",""20015904"",""20001117"",""20001058"",""20022537"",""20001060"",""20020195"",""20000988"",""20015905"",""20013838"",""20015906"",""20016903"",""20015907"",""20015908"",""20015909"",""20000991"",""20000992"",""20015910"",""20000994"",""20015911"",""20015912"",""20015913"",""20012361""]}",
line_gmb_2011391,gmb_2011391_1,2011391,1,1,21,21,1,one,True,True,False,official_route_sequence_exact_full_pattern,direction_not_encoded,partial,B,exact,A,upgraded_with_official_complete_pattern_evidence,official_json_routeId_routeSeq_stopSeq_complete_sequence,"{""candidate_count"":1,""official_stop_ids"":[""20003008"",""20022713"",""20020064"",""20010246"",""20004140"",""20010231"",""20003082"",""20018348"",""20023065"",""20002163"",""20022710"",""20002164"",""20003138"",""20022711"",""20003101"",""20004013"",""20004143"",""20003154"",""20020065"",""20022712"",""20003008""],""schedule_stop_ids"":[""20003008"",""20022713"",""20020064"",""20010246"",""20004140"",""20010231"",""20003082"",""20018348"",""20023065"",""20002163"",""20022710"",""20002164"",""20003138"",""20022711"",""20003101"",""20004013"",""20004143"",""20003154"",""20020065"",""20022712"",""20003008""]}",
line_gmb_2011424,gmb_2011424_1,2011424,1,1,38,38,1,one,True,True,False,official_route_sequence_exact_full_pattern,direction_not_encoded,partial,B,exact,A,upgraded_with_official_complete_pattern_evidence,official_json_routeId_routeSeq_stopSeq_complete_sequence,"{""candidate_count"":1,""official_stop_ids"":[""20000691"",""20020361"",""20016267"",""20000693"",""20022669"",""20013231"",""20013199"",""20020066"",""20013200"",""20013201"",""20006085"",""20000626"",""20006093"",""20022670"",""20022671"",""20007744"",""20022672"",""20022673"",""20013238"",""20000912"",""20000721"",""20013232"",""20013209"",""20013210"",""20013234"",""20013235"",""20013236"",""20013237"",""20013204"",""20013205"",""20013206"",""20000870"",""20013239"",""20013207"",""20022674"",""20010064"",""20013233"",""20000691""],""schedule_stop_ids"":[""20000691"",""20020361"",""20016267"",""20000693"",""20022669"",""20013231"",""20013199"",""20020066"",""20013200"",""20013201"",""20006085"",""20000626"",""20006093"",""20022670"",""20022671"",""20007744"",""20022672"",""20022673"",""20013238"",""20000912"",""20000721"",""20013232"",""20013209"",""20013210"",""20013234"",""20013235"",""20013236"",""20013237"",""20013204"",""20013205"",""20013206"",""20000870"",""20013239"",""20013207"",""20022674"",""20010064"",""20013233"",""20000691""]}",
line_gmb_2011457,gmb_2011457_1,2011457,1,1,15,15,1,one,True,True,False,official_route_sequence_exact_full_pattern,direction_not_encoded,partial,B,exact,A,upgraded_with_official_complete_pattern_evidence,official_json_routeId_routeSeq_stopSeq_complete_sequence,"{""candidate_count"":1,""official_stop_ids"":[""20011952"",""20012209"",""20018676"",""20018709"",""20011954"",""20011955"",""20011956"",""20011957"",""20011958"",""20001854"",""20011959"",""20002081"",""20001427"",""20018643"",""20022834""],""schedule_stop_ids"":[""20011952"",""20012209"",""20018676"",""20018709"",""20011954"",""20011955"",""20011956"",""20011957"",""20011958"",""20001854"",""20011959"",""20002081"",""20001427"",""20018643"",""20022834""]}",
line_gmb_2011457,gmb_2011457_2,2011457,2,2,12,12,1,one,True,True,False,official_route_sequence_exact_full_pattern,direction_not_encoded,partial,B,exact,A,upgraded_with_official_complete_pattern_evidence,official_json_routeId_routeSeq_stopSeq_complete_sequence,"{""candidate_count"":1,""official_stop_ids"":[""20022834"",""20018643"",""20001803"",""20012210"",""20013528"",""20021877"",""20011960"",""20015888"",""20011947"",""20001643"",""20011961"",""20011952""],""schedule_stop_ids"":[""20022834"",""20018643"",""20001803"",""20012210"",""20013528"",""20021877"",""20011960"",""20015888"",""20011947"",""20001643"",""20011961"",""20011952""]}",
line_gmb_2011490,gmb_2011490_1,2011490,1,1,10,10,1,one,True,True,False,official_route_sequence_exact_full_pattern,direction_not_encoded,partial,B,exact,A,upgraded_with_official_complete_pattern_evidence,official_json_routeId_routeSeq_stopSeq_complete_sequence,"{""candidate_count"":1,""official_stop_ids"":[""20015772"",""20001228"",""20002225"",""20002320"",""20002226"",""20002288"",""20002228"",""20015651"",""20001564"",""20015773""],""schedule_stop_ids"":[""20015772"",""20001228"",""20002225"",""20002320"",""20002226"",""20002288"",""20002228"",""20015651"",""20001564"",""20015773""]}",
line_gmb_2011523,gmb_2011523_1,2011523,1,1,25,25,1,one,True,True,False,official_route_sequence_exact_full_pattern,direction_not_encoded,partial,B,exact,A,upgraded_with_official_complete_pattern_evidence,official_json_routeId_routeSeq_stopSeq_complete_sequence,"{""candidate_count"":1,""official_stop_ids"":[""20000302"",""20003559"",""20003278"",""20020098"",""20000303"",""20000016"",""20021184"",""20000173"",""20000017"",""20000018"",""20000304"",""20020099"",""20000305"",""20000020"",""20000307"",""20020100"",""20000308"",""20000309"",""20000310"",""20000152"",""20002497"",""20020101"",""20000311"",""20000242"",""20000243""],""schedule_stop_ids"":[""20000302"",""20003559"",""20003278"",""20020098"",""20000303"",""20000016"",""20021184"",""20000173"",""20000017"",""20000018"",""20000304"",""20020099"",""20000305"",""20000020"",""20000307"",""20020100"",""20000308"",""20000309"",""20000310"",""20000152"",""20002497"",""20020101"",""20000311"",""20000242"",""20000243""]}",
line_gmb_2011556,gmb_2011556_1,2011556,1,1,41,41,1,one,True,True,False,official_route_sequence_exact_full_pattern,direction_not_encoded,partial,B,exact,A,upgraded_with_official_complete_pattern_evidence,official_json_routeId_routeSeq_stopSeq_complete_sequence,"{""candidate_count"":1,""official_stop_ids"":[""20021481"",""20021980"",""20021482"",""20021483"",""20021484"",""20022966"",""20015575"",""20012068"",""20012069"",""20022967"",""20022968"",""20022969"",""20012071"",""20022970"",""20016536"",""20016538"",""20016646"",""20022971"",""20022972"",""20016500"",""20016501"",""20022973"",""20016549"",""20022974"",""20012044"",""20012045"",""20015048"",""20022975"",""20015049"",""20022976"",""20022977"",""20015051"",""20022978"",""20015052"",""20015582"",""20014772"",""20021494"",""20021495"",""20022979"",""20021983"",""20021481""],""schedule_stop_ids"":[""20021481"",""20021980"",""20021482"",""20021483"",""20021484"",""20022966"",""20015575"",""20012068"",""20012069"",""20022967"",""20022968"",""20022969"",""20012071"",""20022970"",""20016536"",""20016538"",""20016646"",""20022971"",""20022972"",""20016500"",""20016501"",""20022973"",""20016549"",""20022974"",""20012044"",""20012045"",""20015048"",""20022975"",""20015049"",""20022976"",""20022977"",""20015051"",""20022978"",""20015052"",""20015582"",""20014772"",""20021494"",""20021495"",""20022979"",""20021983"",""20021481""]}",
