fare_scope,operator,matsim_line_id,matsim_route_id,official_route_id,official_route_sequence,official_direction,boarding_stop_id,alighting_stop_id,passenger_type,payment_medium,service_class,day_type,time_period,published_fare_hkd,currency,fare_amount_role,cost_component,cost_source,cost_effective_date,cost_effective_date_status,source_revision_cutoff_date,source_download_date,source_record_id,source_record_ids_json,source_file,source_sha256,candidate_count,distinct_amount_count,record_status,candidate_records_json,mapping_status,mapping_quality,cost_quality,cost_applicability_status,matching_method,unresolved_reason
exact_route_sequence_ordered_stop_od,GMB,line_gmb_2000993,gmb_2000993_1,2000993,1,1,20001162,20001163,unspecified_in_source,unspecified_in_source,unspecified_in_source,unspecified_in_source,unspecified_in_source,,,,pt_fare,,,not_encoded_in_source_revision_cutoff_only,2026-07-14,2026-07-20,,"[""gtfs:fare_rules.txt:776766|fare_attributes.txt:775986|fare_id:2000993-1-17-18"",""gtfs:fare_rules.txt:776803|fare_attributes.txt:776023|fare_id:2000993-2-3-4""]",data/transit/hongkong/PublicTransportGTFS/gtfs.zip,e5ad020b79d0020625a4e8eb5428c2253a07705b71bfb809d8a3fa178032ce06,2,1,unresolved_duplicate_identical,"[{""fare_attribute_line"":775986,""fare_id"":""2000993-1-17-18"",""fare_rule_line"":776766,""price"":6.5},{""fare_attribute_line"":776023,""fare_id"":""2000993-2-3-4"",""fare_rule_line"":776803,""price"":6.5}]",unresolved,A,U,unresolved,official_json_routeSeq_exact_full_stop_pattern_plus_ordered_gtfs_stop_od,multiple_identical_source_records_no_default_selection
exact_route_sequence_ordered_stop_od,GMB,line_gmb_2000993,gmb_2000993_2,2000993,2,2,20001162,20001163,unspecified_in_source,unspecified_in_source,unspecified_in_source,unspecified_in_source,unspecified_in_source,,,,pt_fare,,,not_encoded_in_source_revision_cutoff_only,2026-07-14,2026-07-20,,"[""gtfs:fare_rules.txt:776766|fare_attributes.txt:775986|fare_id:2000993-1-17-18"",""gtfs:fare_rules.txt:776803|fare_attributes.txt:776023|fare_id:2000993-2-3-4""]",data/transit/hongkong/PublicTransportGTFS/gtfs.zip,e5ad020b79d0020625a4e8eb5428c2253a07705b71bfb809d8a3fa178032ce06,2,1,unresolved_duplicate_identical,"[{""fare_attribute_line"":775986,""fare_id"":""2000993-1-17-18"",""fare_rule_line"":776766,""price"":6.5},{""fare_attribute_line"":776023,""fare_id"":""2000993-2-3-4"",""fare_rule_line"":776803,""price"":6.5}]",unresolved,A,U,unresolved,official_json_routeSeq_exact_full_stop_pattern_plus_ordered_gtfs_stop_od,multiple_identical_source_records_no_default_selection
exact_route_sequence_ordered_stop_od,GMB,line_gmb_2001005,gmb_2001005_1,2001005,1,1,20000489,20000704,unspecified_in_source,unspecified_in_source,unspecified_in_source,unspecified_in_source,unspecified_in_source,,,,pt_fare,,,not_encoded_in_source_revision_cutoff_only,2026-07-14,2026-07-20,,"[""gtfs:fare_rules.txt:779178|fare_attributes.txt:778192|fare_id:2001005-1-1-7"",""gtfs:fare_rules.txt:779194|fare_attributes.txt:855907|fare_id:2001005-1-1-23""]",data/transit/hongkong/PublicTransportGTFS/gtfs.zip,e5ad020b79d0020625a4e8eb5428c2253a07705b71bfb809d8a3fa178032ce06,2,1,unresolved_duplicate_identical,"[{""fare_attribute_line"":778192,""fare_id"":""2001005-1-1-7"",""fare_rule_line"":779178,""price"":6.2},{""fare_attribute_line"":855907,""fare_id"":""2001005-1-1-23"",""fare_rule_line"":779194,""price"":6.2}]",unresolved,A,U,unresolved,official_json_routeSeq_exact_full_stop_pattern_plus_ordered_gtfs_stop_od,multiple_identical_source_records_no_default_selection
exact_route_sequence_ordered_stop_od,GMB,line_gmb_2001005,gmb_2001005_1,2001005,1,1,20000704,20000440,unspecified_in_source,unspecified_in_source,unspecified_in_source,unspecified_in_source,unspecified_in_source,,,,pt_fare,,,not_encoded_in_source_revision_cutoff_only,2026-07-14,2026-07-20,,"[""gtfs:fare_rules.txt:779336|fare_attributes.txt:856691|fare_id:2001005-1-7-24"",""gtfs:fare_rules.txt:779536|fare_attributes.txt:778271|fare_id:2001005-1-23-24""]",data/transit/hongkong/PublicTransportGTFS/gtfs.zip,e5ad020b79d0020625a4e8eb5428c2253a07705b71bfb809d8a3fa178032ce06,2,1,unresolved_duplicate_identical,"[{""fare_attribute_line"":856691,""fare_id"":""2001005-1-7-24"",""fare_rule_line"":779336,""price"":6.2},{""fare_attribute_line"":778271,""fare_id"":""2001005-1-23-24"",""fare_rule_line"":779536,""price"":6.2}]",unresolved,A,U,unresolved,official_json_routeSeq_exact_full_stop_pattern_plus_ordered_gtfs_stop_od,multiple_identical_source_records_no_default_selection
exact_route_sequence_ordered_stop_od,GMB,line_gmb_2001005,gmb_2001005_1,2001005,1,1,20000704,20000489,unspecified_in_source,unspecified_in_source,unspecified_in_source,unspecified_in_source,unspecified_in_source,,,,pt_fare,,,not_encoded_in_source_revision_cutoff_only,2026-07-14,2026-07-20,,"[""gtfs:fare_rules.txt:779340|fare_attributes.txt:856695|fare_id:2001005-1-7-28"",""gtfs:fare_rules.txt:779540|fare_attributes.txt:778275|fare_id:2001005-1-23-28""]",data/transit/hongkong/PublicTransportGTFS/gtfs.zip,e5ad020b79d0020625a4e8eb5428c2253a07705b71bfb809d8a3fa178032ce06,2,1,unresolved_duplicate_identical,"[{""fare_attribute_line"":856695,""fare_id"":""2001005-1-7-28"",""fare_rule_line"":779340,""price"":6.2},{""fare_attribute_line"":778275,""fare_id"":""2001005-1-23-28"",""fare_rule_line"":779540,""price"":6.2}]",unresolved,A,U,unresolved,official_json_routeSeq_exact_full_stop_pattern_plus_ordered_gtfs_stop_od,multiple_identical_source_records_no_default_selection
exact_route_sequence_ordered_stop_od,GMB,line_gmb_2001005,gmb_2001005_1,2001005,1,1,20000704,20000508,unspecified_in_source,unspecified_in_source,unspecified_in_source,unspecified_in_source,unspecified_in_source,,,,pt_fare,,,not_encoded_in_source_revision_cutoff_only,2026-07-14,2026-07-20,,"[""gtfs:fare_rules.txt:779339|fare_attributes.txt:856694|fare_id:2001005-1-7-27"",""gtfs:fare_rules.txt:779539|fare_attributes.txt:778274|fare_id:2001005-1-23-27""]",data/transit/hongkong/PublicTransportGTFS/gtfs.zip,e5ad020b79d0020625a4e8eb5428c2253a07705b71bfb809d8a3fa178032ce06,2,1,unresolved_duplicate_identical,"[{""fare_attribute_line"":856694,""fare_id"":""2001005-1-7-27"",""fare_rule_line"":779339,""price"":6.2},{""fare_attribute_line"":778274,""fare_id"":""2001005-1-23-27"",""fare_rule_line"":779539,""price"":6.2}]",unresolved,A,U,unresolved,official_json_routeSeq_exact_full_stop_pattern_plus_ordered_gtfs_stop_od,multiple_identical_source_records_no_default_selection
exact_route_sequence_ordered_stop_od,GMB,line_gmb_2001005,gmb_2001005_1,2001005,1,1,20000704,20002012,unspecified_in_source,unspecified_in_source,unspecified_in_source,unspecified_in_source,unspecified_in_source,,,,pt_fare,,,not_encoded_in_source_revision_cutoff_only,2026-07-14,2026-07-20,,"[""gtfs:fare_rules.txt:779338|fare_attributes.txt:856693|fare_id:2001005-1-7-26"",""gtfs:fare_rules.txt:779538|fare_attributes.txt:778273|fare_id:2001005-1-23-26""]",data/transit/hongkong/PublicTransportGTFS/gtfs.zip,e5ad020b79d0020625a4e8eb5428c2253a07705b71bfb809d8a3fa178032ce06,2,1,unresolved_duplicate_identical,"[{""fare_attribute_line"":856693,""fare_id"":""2001005-1-7-26"",""fare_rule_line"":779338,""price"":6.2},{""fare_attribute_line"":778273,""fare_id"":""2001005-1-23-26"",""fare_rule_line"":779538,""price"":6.2}]",unresolved,A,U,unresolved,official_json_routeSeq_exact_full_stop_pattern_plus_ordered_gtfs_stop_od,multiple_identical_source_records_no_default_selection
exact_route_sequence_ordered_stop_od,GMB,line_gmb_2001005,gmb_2001005_1,2001005,1,1,20000704,20006055,unspecified_in_source,unspecified_in_source,unspecified_in_source,unspecified_in_source,unspecified_in_source,,,,pt_fare,,,not_encoded_in_source_revision_cutoff_only,2026-07-14,2026-07-20,,"[""gtfs:fare_rules.txt:779337|fare_attributes.txt:856692|fare_id:2001005-1-7-25"",""gtfs:fare_rules.txt:779537|fare_attributes.txt:778272|fare_id:2001005-1-23-25""]",data/transit/hongkong/PublicTransportGTFS/gtfs.zip,e5ad020b79d0020625a4e8eb5428c2253a07705b71bfb809d8a3fa178032ce06,2,1,unresolved_duplicate_identical,"[{""fare_attribute_line"":856692,""fare_id"":""2001005-1-7-25"",""fare_rule_line"":779337,""price"":6.2},{""fare_attribute_line"":778272,""fare_id"":""2001005-1-23-25"",""fare_rule_line"":779537,""price"":6.2}]",unresolved,A,U,unresolved,official_json_routeSeq_exact_full_stop_pattern_plus_ordered_gtfs_stop_od,multiple_identical_source_records_no_default_selection
exact_route_sequence_ordered_stop_od,GMB,line_gmb_2001005,gmb_2001005_1,2001005,1,1,20000733,20000704,unspecified_in_source,unspecified_in_source,unspecified_in_source,unspecified_in_source,unspecified_in_source,,,,pt_fare,,,not_encoded_in_source_revision_cutoff_only,2026-07-14,2026-07-20,,"[""gtfs:fare_rules.txt:779204|fare_attributes.txt:778203|fare_id:2001005-1-2-7"",""gtfs:fare_rules.txt:779220|fare_attributes.txt:855922|fare_id:2001005-1-2-23""]",data/transit/hongkong/PublicTransportGTFS/gtfs.zip,e5ad020b79d0020625a4e8eb5428c2253a07705b71bfb809d8a3fa178032ce06,2,1,unresolved_duplicate_identical,"[{""fare_attribute_line"":778203,""fare_id"":""2001005-1-2-7"",""fare_rule_line"":779204,""price"":6.2},{""fare_attribute_line"":855922,""fare_id"":""2001005-1-2-23"",""fare_rule_line"":779220,""price"":6.2}]",unresolved,A,U,unresolved,official_json_routeSeq_exact_full_stop_pattern_plus_ordered_gtfs_stop_od,multiple_identical_source_records_no_default_selection
exact_route_sequence_ordered_stop_od,GMB,line_gmb_2001005,gmb_2001005_1,2001005,1,1,20000772,20000704,unspecified_in_source,unspecified_in_source,unspecified_in_source,unspecified_in_source,unspecified_in_source,,,,pt_fare,,,not_encoded_in_source_revision_cutoff_only,2026-07-14,2026-07-20,,"[""gtfs:fare_rules.txt:779253|fare_attributes.txt:778915|fare_id:2001005-1-4-7"",""gtfs:fare_rules.txt:779269|fare_attributes.txt:856645|fare_id:2001005-1-4-23""]",data/transit/hongkong/PublicTransportGTFS/gtfs.zip,e5ad020b79d0020625a4e8eb5428c2253a07705b71bfb809d8a3fa178032ce06,2,1,unresolved_duplicate_identical,"[{""fare_attribute_line"":778915,""fare_id"":""2001005-1-4-7"",""fare_rule_line"":779253,""price"":6.2},{""fare_attribute_line"":856645,""fare_id"":""2001005-1-4-23"",""fare_rule_line"":779269,""price"":6.2}]",unresolved,A,U,unresolved,official_json_routeSeq_exact_full_stop_pattern_plus_ordered_gtfs_stop_od,multiple_identical_source_records_no_default_selection
exact_route_sequence_ordered_stop_od,GMB,line_gmb_2001005,gmb_2001005_1,2001005,1,1,20006061,20000704,unspecified_in_source,unspecified_in_source,unspecified_in_source,unspecified_in_source,unspecified_in_source,,,,pt_fare,,,not_encoded_in_source_revision_cutoff_only,2026-07-14,2026-07-20,,"[""gtfs:fare_rules.txt:779276|fare_attributes.txt:778923|fare_id:2001005-1-5-7"",""gtfs:fare_rules.txt:779292|fare_attributes.txt:856660|fare_id:2001005-1-5-23""]",data/transit/hongkong/PublicTransportGTFS/gtfs.zip,e5ad020b79d0020625a4e8eb5428c2253a07705b71bfb809d8a3fa178032ce06,2,1,unresolved_duplicate_identical,"[{""fare_attribute_line"":778923,""fare_id"":""2001005-1-5-7"",""fare_rule_line"":779276,""price"":6.2},{""fare_attribute_line"":856660,""fare_id"":""2001005-1-5-23"",""fare_rule_line"":779292,""price"":6.2}]",unresolved,A,U,unresolved,official_json_routeSeq_exact_full_stop_pattern_plus_ordered_gtfs_stop_od,multiple_identical_source_records_no_default_selection
exact_route_sequence_ordered_stop_od,GMB,line_gmb_2001005,gmb_2001005_1,2001005,1,1,20006062,20000704,unspecified_in_source,unspecified_in_source,unspecified_in_source,unspecified_in_source,unspecified_in_source,,,,pt_fare,,,not_encoded_in_source_revision_cutoff_only,2026-07-14,2026-07-20,,"[""gtfs:fare_rules.txt:779298|fare_attributes.txt:778930|fare_id:2001005-1-6-7"",""gtfs:fare_rules.txt:779314|fare_attributes.txt:856675|fare_id:2001005-1-6-23""]",data/transit/hongkong/PublicTransportGTFS/gtfs.zip,e5ad020b79d0020625a4e8eb5428c2253a07705b71bfb809d8a3fa178032ce06,2,1,unresolved_duplicate_identical,"[{""fare_attribute_line"":778930,""fare_id"":""2001005-1-6-7"",""fare_rule_line"":779298,""price"":6.2},{""fare_attribute_line"":856675,""fare_id"":""2001005-1-6-23"",""fare_rule_line"":779314,""price"":6.2}]",unresolved,A,U,unresolved,official_json_routeSeq_exact_full_stop_pattern_plus_ordered_gtfs_stop_od,multiple_identical_source_records_no_default_selection
exact_route_sequence_ordered_stop_od,GMB,line_gmb_2001005,gmb_2001005_1,2001005,1,1,20008189,20000704,unspecified_in_source,unspecified_in_source,unspecified_in_source,unspecified_in_source,unspecified_in_source,,,,pt_fare,,,not_encoded_in_source_revision_cutoff_only,2026-07-14,2026-07-20,,"[""gtfs:fare_rules.txt:779229|fare_attributes.txt:778906|fare_id:2001005-1-3-7"",""gtfs:fare_rules.txt:779245|fare_attributes.txt:856630|fare_id:2001005-1-3-23""]",data/transit/hongkong/PublicTransportGTFS/gtfs.zip,e5ad020b79d0020625a4e8eb5428c2253a07705b71bfb809d8a3fa178032ce06,2,1,unresolved_duplicate_identical,"[{""fare_attribute_line"":778906,""fare_id"":""2001005-1-3-7"",""fare_rule_line"":779229,""price"":6.2},{""fare_attribute_line"":856630,""fare_id"":""2001005-1-3-23"",""fare_rule_line"":779245,""price"":6.2}]",unresolved,A,U,unresolved,official_json_routeSeq_exact_full_stop_pattern_plus_ordered_gtfs_stop_od,multiple_identical_source_records_no_default_selection
exact_route_sequence_ordered_stop_od,GMB,line_gmb_2001012,gmb_2001012_1,2001012,1,1,20001327,20001333,unspecified_in_source,unspecified_in_source,unspecified_in_source,unspecified_in_source,unspecified_in_source,,,,pt_fare,,,not_encoded_in_source_revision_cutoff_only,2026-07-14,2026-07-20,,"[""gtfs:fare_rules.txt:779804|fare_attributes.txt:779106|fare_id:2001012-1-1-3"",""gtfs:fare_rules.txt:779816|fare_attributes.txt:856011|fare_id:2001012-1-1-15""]",data/transit/hongkong/PublicTransportGTFS/gtfs.zip,e5ad020b79d0020625a4e8eb5428c2253a07705b71bfb809d8a3fa178032ce06,2,1,unresolved_duplicate_identical,"[{""fare_attribute_line"":779106,""fare_id"":""2001012-1-1-3"",""fare_rule_line"":779804,""price"":5.8},{""fare_attribute_line"":856011,""fare_id"":""2001012-1-1-15"",""fare_rule_line"":779816,""price"":5.8}]",unresolved,A,U,unresolved,official_json_routeSeq_exact_full_stop_pattern_plus_ordered_gtfs_stop_od,multiple_identical_source_records_no_default_selection
exact_route_sequence_ordered_stop_od,GMB,line_gmb_2001012,gmb_2001012_1,2001012,1,1,20001333,20001327,unspecified_in_source,unspecified_in_source,unspecified_in_source,unspecified_in_source,unspecified_in_source,,,,pt_fare,,,not_encoded_in_source_revision_cutoff_only,2026-07-14,2026-07-20,,"[""gtfs:fare_rules.txt:779847|fare_attributes.txt:856722|fare_id:2001012-1-3-17"",""gtfs:fare_rules.txt:779937|fare_attributes.txt:779175|fare_id:2001012-1-15-17""]",data/transit/hongkong/PublicTransportGTFS/gtfs.zip,e5ad020b79d0020625a4e8eb5428c2253a07705b71bfb809d8a3fa178032ce06,2,1,unresolved_duplicate_identical,"[{""fare_attribute_line"":856722,""fare_id"":""2001012-1-3-17"",""fare_rule_line"":779847,""price"":5.8},{""fare_attribute_line"":779175,""fare_id"":""2001012-1-15-17"",""fare_rule_line"":779937,""price"":5.8}]",unresolved,A,U,unresolved,official_json_routeSeq_exact_full_stop_pattern_plus_ordered_gtfs_stop_od,multiple_identical_source_records_no_default_selection
exact_route_sequence_ordered_stop_od,GMB,line_gmb_2001012,gmb_2001012_1,2001012,1,1,20001333,20007762,unspecified_in_source,unspecified_in_source,unspecified_in_source,unspecified_in_source,unspecified_in_source,,,,pt_fare,,,not_encoded_in_source_revision_cutoff_only,2026-07-14,2026-07-20,,"[""gtfs:fare_rules.txt:779846|fare_attributes.txt:856721|fare_id:2001012-1-3-16"",""gtfs:fare_rules.txt:779936|fare_attributes.txt:779174|fare_id:2001012-1-15-16""]",data/transit/hongkong/PublicTransportGTFS/gtfs.zip,e5ad020b79d0020625a4e8eb5428c2253a07705b71bfb809d8a3fa178032ce06,2,1,unresolved_duplicate_identical,"[{""fare_attribute_line"":856721,""fare_id"":""2001012-1-3-16"",""fare_rule_line"":779846,""price"":5.8},{""fare_attribute_line"":779174,""fare_id"":""2001012-1-15-16"",""fare_rule_line"":779936,""price"":5.8}]",unresolved,A,U,unresolved,official_json_routeSeq_exact_full_stop_pattern_plus_ordered_gtfs_stop_od,multiple_identical_source_records_no_default_selection
exact_route_sequence_ordered_stop_od,GMB,line_gmb_2001012,gmb_2001012_1,2001012,1,1,20005037,20001333,unspecified_in_source,unspecified_in_source,unspecified_in_source,unspecified_in_source,unspecified_in_source,,,,pt_fare,,,not_encoded_in_source_revision_cutoff_only,2026-07-14,2026-07-20,,"[""gtfs:fare_rules.txt:779819|fare_attributes.txt:779113|fare_id:2001012-1-2-3"",""gtfs:fare_rules.txt:779831|fare_attributes.txt:856019|fare_id:2001012-1-2-15""]",data/transit/hongkong/PublicTransportGTFS/gtfs.zip,e5ad020b79d0020625a4e8eb5428c2253a07705b71bfb809d8a3fa178032ce06,2,1,unresolved_duplicate_identical,"[{""fare_attribute_line"":779113,""fare_id"":""2001012-1-2-3"",""fare_rule_line"":779819,""price"":5.8},{""fare_attribute_line"":856019,""fare_id"":""2001012-1-2-15"",""fare_rule_line"":779831,""price"":5.8}]",unresolved,A,U,unresolved,official_json_routeSeq_exact_full_stop_pattern_plus_ordered_gtfs_stop_od,multiple_identical_source_records_no_default_selection
exact_route_sequence_ordered_stop_od,GMB,line_gmb_2001128,gmb_2001128_1,2001128,1,1,20002183,20002187,unspecified_in_source,unspecified_in_source,unspecified_in_source,unspecified_in_source,unspecified_in_source,,,,pt_fare,,,not_encoded_in_source_revision_cutoff_only,2026-07-14,2026-07-20,,"[""gtfs:fare_rules.txt:781235|fare_attributes.txt:779800|fare_id:2001128-1-4-5"",""gtfs:fare_rules.txt:781420|fare_attributes.txt:780678|fare_id:2001128-2-14-15""]",data/transit/hongkong/PublicTransportGTFS/gtfs.zip,e5ad020b79d0020625a4e8eb5428c2253a07705b71bfb809d8a3fa178032ce06,2,1,unresolved_duplicate_identical,"[{""fare_attribute_line"":779800,""fare_id"":""2001128-1-4-5"",""fare_rule_line"":781235,""price"":8.1},{""fare_attribute_line"":780678,""fare_id"":""2001128-2-14-15"",""fare_rule_line"":781420,""price"":8.1}]",unresolved,A,U,unresolved,official_json_routeSeq_exact_full_stop_pattern_plus_ordered_gtfs_stop_od,multiple_identical_source_records_no_default_selection
exact_route_sequence_ordered_stop_od,GMB,line_gmb_2001128,gmb_2001128_1,2001128,1,1,20004533,20002183,unspecified_in_source,unspecified_in_source,unspecified_in_source,unspecified_in_source,unspecified_in_source,,,,pt_fare,,,not_encoded_in_source_revision_cutoff_only,2026-07-14,2026-07-20,,"[""gtfs:fare_rules.txt:781224|fare_attributes.txt:780581|fare_id:2001128-1-3-4"",""gtfs:fare_rules.txt:781416|fare_attributes.txt:780674|fare_id:2001128-2-13-14""]",data/transit/hongkong/PublicTransportGTFS/gtfs.zip,e5ad020b79d0020625a4e8eb5428c2253a07705b71bfb809d8a3fa178032ce06,2,1,unresolved_duplicate_identical,"[{""fare_attribute_line"":780581,""fare_id"":""2001128-1-3-4"",""fare_rule_line"":781224,""price"":8.1},{""fare_attribute_line"":780674,""fare_id"":""2001128-2-13-14"",""fare_rule_line"":781416,""price"":8.1}]",unresolved,A,U,unresolved,official_json_routeSeq_exact_full_stop_pattern_plus_ordered_gtfs_stop_od,multiple_identical_source_records_no_default_selection
exact_route_sequence_ordered_stop_od,GMB,line_gmb_2001128,gmb_2001128_1,2001128,1,1,20004533,20002187,unspecified_in_source,unspecified_in_source,unspecified_in_source,unspecified_in_source,unspecified_in_source,,,,pt_fare,,,not_encoded_in_source_revision_cutoff_only,2026-07-14,2026-07-20,,"[""gtfs:fare_rules.txt:781225|fare_attributes.txt:780582|fare_id:2001128-1-3-5"",""gtfs:fare_rules.txt:781417|fare_attributes.txt:780675|fare_id:2001128-2-13-15""]",data/transit/hongkong/PublicTransportGTFS/gtfs.zip,e5ad020b79d0020625a4e8eb5428c2253a07705b71bfb809d8a3fa178032ce06,2,1,unresolved_duplicate_identical,"[{""fare_attribute_line"":780582,""fare_id"":""2001128-1-3-5"",""fare_rule_line"":781225,""price"":8.1},{""fare_attribute_line"":780675,""fare_id"":""2001128-2-13-15"",""fare_rule_line"":781417,""price"":8.1}]",unresolved,A,U,unresolved,official_json_routeSeq_exact_full_stop_pattern_plus_ordered_gtfs_stop_od,multiple_identical_source_records_no_default_selection
exact_route_sequence_ordered_stop_od,GMB,line_gmb_2001128,gmb_2001128_2,2001128,2,2,20002183,20002187,unspecified_in_source,unspecified_in_source,unspecified_in_source,unspecified_in_source,unspecified_in_source,,,,pt_fare,,,not_encoded_in_source_revision_cutoff_only,2026-07-14,2026-07-20,,"[""gtfs:fare_rules.txt:781235|fare_attributes.txt:779800|fare_id:2001128-1-4-5"",""gtfs:fare_rules.txt:781420|fare_attributes.txt:780678|fare_id:2001128-2-14-15""]",data/transit/hongkong/PublicTransportGTFS/gtfs.zip,e5ad020b79d0020625a4e8eb5428c2253a07705b71bfb809d8a3fa178032ce06,2,1,unresolved_duplicate_identical,"[{""fare_attribute_line"":779800,""fare_id"":""2001128-1-4-5"",""fare_rule_line"":781235,""price"":8.1},{""fare_attribute_line"":780678,""fare_id"":""2001128-2-14-15"",""fare_rule_line"":781420,""price"":8.1}]",unresolved,A,U,unresolved,official_json_routeSeq_exact_full_stop_pattern_plus_ordered_gtfs_stop_od,multiple_identical_source_records_no_default_selection
exact_route_sequence_ordered_stop_od,GMB,line_gmb_2001128,gmb_2001128_2,2001128,2,2,20004533,20002183,unspecified_in_source,unspecified_in_source,unspecified_in_source,unspecified_in_source,unspecified_in_source,,,,pt_fare,,,not_encoded_in_source_revision_cutoff_only,2026-07-14,2026-07-20,,"[""gtfs:fare_rules.txt:781224|fare_attributes.txt:780581|fare_id:2001128-1-3-4"",""gtfs:fare_rules.txt:781416|fare_attributes.txt:780674|fare_id:2001128-2-13-14""]",data/transit/hongkong/PublicTransportGTFS/gtfs.zip,e5ad020b79d0020625a4e8eb5428c2253a07705b71bfb809d8a3fa178032ce06,2,1,unresolved_duplicate_identical,"[{""fare_attribute_line"":780581,""fare_id"":""2001128-1-3-4"",""fare_rule_line"":781224,""price"":8.1},{""fare_attribute_line"":780674,""fare_id"":""2001128-2-13-14"",""fare_rule_line"":781416,""price"":8.1}]",unresolved,A,U,unresolved,official_json_routeSeq_exact_full_stop_pattern_plus_ordered_gtfs_stop_od,multiple_identical_source_records_no_default_selection
exact_route_sequence_ordered_stop_od,GMB,line_gmb_2001128,gmb_2001128_2,2001128,2,2,20004533,20002187,unspecified_in_source,unspecified_in_source,unspecified_in_source,unspecified_in_source,unspecified_in_source,,,,pt_fare,,,not_encoded_in_source_revision_cutoff_only,2026-07-14,2026-07-20,,"[""gtfs:fare_rules.txt:781225|fare_attributes.txt:780582|fare_id:2001128-1-3-5"",""gtfs:fare_rules.txt:781417|fare_attributes.txt:780675|fare_id:2001128-2-13-15""]",data/transit/hongkong/PublicTransportGTFS/gtfs.zip,e5ad020b79d0020625a4e8eb5428c2253a07705b71bfb809d8a3fa178032ce06,2,1,unresolved_duplicate_identical,"[{""fare_attribute_line"":780582,""fare_id"":""2001128-1-3-5"",""fare_rule_line"":781225,""price"":8.1},{""fare_attribute_line"":780675,""fare_id"":""2001128-2-13-15"",""fare_rule_line"":781417,""price"":8.1}]",unresolved,A,U,unresolved,official_json_routeSeq_exact_full_stop_pattern_plus_ordered_gtfs_stop_od,multiple_identical_source_records_no_default_selection
exact_route_sequence_ordered_stop_od,GMB,line_gmb_2001209,gmb_2001209_1,2001209,1,1,20001286,20001288,unspecified_in_source,unspecified_in_source,unspecified_in_source,unspecified_in_source,unspecified_in_source,,,,pt_fare,,,not_encoded_in_source_revision_cutoff_only,2026-07-14,2026-07-20,,"[""gtfs:fare_rules.txt:783533|fare_attributes.txt:782304|fare_id:2001209-1-2-3"",""gtfs:fare_rules.txt:783536|fare_attributes.txt:782307|fare_id:2001209-1-2-6""]",data/transit/hongkong/PublicTransportGTFS/gtfs.zip,e5ad020b79d0020625a4e8eb5428c2253a07705b71bfb809d8a3fa178032ce06,2,1,unresolved_duplicate_identical,"[{""fare_attribute_line"":782304,""fare_id"":""2001209-1-2-3"",""fare_rule_line"":783533,""price"":5.5},{""fare_attribute_line"":782307,""fare_id"":""2001209-1-2-6"",""fare_rule_line"":783536,""price"":5.5}]",unresolved,A,U,unresolved,official_json_routeSeq_exact_full_stop_pattern_plus_ordered_gtfs_stop_od,multiple_identical_source_records_no_default_selection
exact_route_sequence_ordered_stop_od,GMB,line_gmb_2001209,gmb_2001209_1,2001209,1,1,20002217,20001288,unspecified_in_source,unspecified_in_source,unspecified_in_source,unspecified_in_source,unspecified_in_source,,,,pt_fare,,,not_encoded_in_source_revision_cutoff_only,2026-07-14,2026-07-20,,"[""gtfs:fare_rules.txt:783529|fare_attributes.txt:782300|fare_id:2001209-1-1-3"",""gtfs:fare_rules.txt:783532|fare_attributes.txt:782303|fare_id:2001209-1-1-6""]",data/transit/hongkong/PublicTransportGTFS/gtfs.zip,e5ad020b79d0020625a4e8eb5428c2253a07705b71bfb809d8a3fa178032ce06,2,1,unresolved_duplicate_identical,"[{""fare_attribute_line"":782300,""fare_id"":""2001209-1-1-3"",""fare_rule_line"":783529,""price"":5.5},{""fare_attribute_line"":782303,""fare_id"":""2001209-1-1-6"",""fare_rule_line"":783532,""price"":5.5}]",unresolved,A,U,unresolved,official_json_routeSeq_exact_full_stop_pattern_plus_ordered_gtfs_stop_od,multiple_identical_source_records_no_default_selection
exact_route_sequence_ordered_stop_od,GMB,line_gmb_2001266,gmb_2001266_1,2001266,1,1,20001569,20001675,unspecified_in_source,unspecified_in_source,unspecified_in_source,unspecified_in_source,unspecified_in_source,,,,pt_fare,,,not_encoded_in_source_revision_cutoff_only,2026-07-14,2026-07-20,,"[""gtfs:fare_rules.txt:785720|fare_attributes.txt:856408|fare_id:2001266-1-10-22"",""gtfs:fare_rules.txt:785758|fare_attributes.txt:784053|fare_id:2001266-1-14-22""]",data/transit/hongkong/PublicTransportGTFS/gtfs.zip,e5ad020b79d0020625a4e8eb5428c2253a07705b71bfb809d8a3fa178032ce06,2,1,unresolved_duplicate_identical,"[{""fare_attribute_line"":856408,""fare_id"":""2001266-1-10-22"",""fare_rule_line"":785720,""price"":12.3},{""fare_attribute_line"":784053,""fare_id"":""2001266-1-14-22"",""fare_rule_line"":785758,""price"":12.3}]",unresolved,A,U,unresolved,official_json_routeSeq_exact_full_stop_pattern_plus_ordered_gtfs_stop_od,multiple_identical_source_records_no_default_selection
exact_route_sequence_ordered_stop_od,GMB,line_gmb_2001266,gmb_2001266_1,2001266,1,1,20001569,20001848,unspecified_in_source,unspecified_in_source,unspecified_in_source,unspecified_in_source,unspecified_in_source,,,,pt_fare,,,not_encoded_in_source_revision_cutoff_only,2026-07-14,2026-07-20,,"[""gtfs:fare_rules.txt:785713|fare_attributes.txt:856401|fare_id:2001266-1-10-15"",""gtfs:fare_rules.txt:785751|fare_attributes.txt:783353|fare_id:2001266-1-14-15""]",data/transit/hongkong/PublicTransportGTFS/gtfs.zip,e5ad020b79d0020625a4e8eb5428c2253a07705b71bfb809d8a3fa178032ce06,2,1,unresolved_duplicate_identical,"[{""fare_attribute_line"":856401,""fare_id"":""2001266-1-10-15"",""fare_rule_line"":785713,""price"":12.3},{""fare_attribute_line"":783353,""fare_id"":""2001266-1-14-15"",""fare_rule_line"":785751,""price"":12.3}]",unresolved,A,U,unresolved,official_json_routeSeq_exact_full_stop_pattern_plus_ordered_gtfs_stop_od,multiple_identical_source_records_no_default_selection
exact_route_sequence_ordered_stop_od,GMB,line_gmb_2001266,gmb_2001266_1,2001266,1,1,20001569,20001851,unspecified_in_source,unspecified_in_source,unspecified_in_source,unspecified_in_source,unspecified_in_source,,,,pt_fare,,,not_encoded_in_source_revision_cutoff_only,2026-07-14,2026-07-20,,"[""gtfs:fare_rules.txt:785715|fare_attributes.txt:856403|fare_id:2001266-1-10-17"",""gtfs:fare_rules.txt:785753|fare_attributes.txt:783355|fare_id:2001266-1-14-17""]",data/transit/hongkong/PublicTransportGTFS/gtfs.zip,e5ad020b79d0020625a4e8eb5428c2253a07705b71bfb809d8a3fa178032ce06,2,1,unresolved_duplicate_identical,"[{""fare_attribute_line"":856403,""fare_id"":""2001266-1-10-17"",""fare_rule_line"":785715,""price"":12.3},{""fare_attribute_line"":783355,""fare_id"":""2001266-1-14-17"",""fare_rule_line"":785753,""price"":12.3}]",unresolved,A,U,unresolved,official_json_routeSeq_exact_full_stop_pattern_plus_ordered_gtfs_stop_od,multiple_identical_source_records_no_default_selection
exact_route_sequence_ordered_stop_od,GMB,line_gmb_2001266,gmb_2001266_1,2001266,1,1,20001569,20002123,unspecified_in_source,unspecified_in_source,unspecified_in_source,unspecified_in_source,unspecified_in_source,,,,pt_fare,,,not_encoded_in_source_revision_cutoff_only,2026-07-14,2026-07-20,,"[""gtfs:fare_rules.txt:785718|fare_attributes.txt:856406|fare_id:2001266-1-10-20"",""gtfs:fare_rules.txt:785756|fare_attributes.txt:783358|fare_id:2001266-1-14-20""]",data/transit/hongkong/PublicTransportGTFS/gtfs.zip,e5ad020b79d0020625a4e8eb5428c2253a07705b71bfb809d8a3fa178032ce06,2,1,unresolved_duplicate_identical,"[{""fare_attribute_line"":856406,""fare_id"":""2001266-1-10-20"",""fare_rule_line"":785718,""price"":12.3},{""fare_attribute_line"":783358,""fare_id"":""2001266-1-14-20"",""fare_rule_line"":785756,""price"":12.3}]",unresolved,A,U,unresolved,official_json_routeSeq_exact_full_stop_pattern_plus_ordered_gtfs_stop_od,multiple_identical_source_records_no_default_selection
exact_route_sequence_ordered_stop_od,GMB,line_gmb_2001266,gmb_2001266_1,2001266,1,1,20001569,20002124,unspecified_in_source,unspecified_in_source,unspecified_in_source,unspecified_in_source,unspecified_in_source,,,,pt_fare,,,not_encoded_in_source_revision_cutoff_only,2026-07-14,2026-07-20,,"[""gtfs:fare_rules.txt:785719|fare_attributes.txt:856407|fare_id:2001266-1-10-21"",""gtfs:fare_rules.txt:785757|fare_attributes.txt:783359|fare_id:2001266-1-14-21""]",data/transit/hongkong/PublicTransportGTFS/gtfs.zip,e5ad020b79d0020625a4e8eb5428c2253a07705b71bfb809d8a3fa178032ce06,2,1,unresolved_duplicate_identical,"[{""fare_attribute_line"":856407,""fare_id"":""2001266-1-10-21"",""fare_rule_line"":785719,""price"":12.3},{""fare_attribute_line"":783359,""fare_id"":""2001266-1-14-21"",""fare_rule_line"":785757,""price"":12.3}]",unresolved,A,U,unresolved,official_json_routeSeq_exact_full_stop_pattern_plus_ordered_gtfs_stop_od,multiple_identical_source_records_no_default_selection
exact_route_sequence_ordered_stop_od,GMB,line_gmb_2001266,gmb_2001266_1,2001266,1,1,20001569,20003233,unspecified_in_source,unspecified_in_source,unspecified_in_source,unspecified_in_source,unspecified_in_source,,,,pt_fare,,,not_encoded_in_source_revision_cutoff_only,2026-07-14,2026-07-20,,"[""gtfs:fare_rules.txt:785716|fare_attributes.txt:856404|fare_id:2001266-1-10-18"",""gtfs:fare_rules.txt:785754|fare_attributes.txt:783356|fare_id:2001266-1-14-18""]",data/transit/hongkong/PublicTransportGTFS/gtfs.zip,e5ad020b79d0020625a4e8eb5428c2253a07705b71bfb809d8a3fa178032ce06,2,1,unresolved_duplicate_identical,"[{""fare_attribute_line"":856404,""fare_id"":""2001266-1-10-18"",""fare_rule_line"":785716,""price"":12.3},{""fare_attribute_line"":783356,""fare_id"":""2001266-1-14-18"",""fare_rule_line"":785754,""price"":12.3}]",unresolved,A,U,unresolved,official_json_routeSeq_exact_full_stop_pattern_plus_ordered_gtfs_stop_od,multiple_identical_source_records_no_default_selection
exact_route_sequence_ordered_stop_od,GMB,line_gmb_2001266,gmb_2001266_1,2001266,1,1,20001569,20008051,unspecified_in_source,unspecified_in_source,unspecified_in_source,unspecified_in_source,unspecified_in_source,,,,pt_fare,,,not_encoded_in_source_revision_cutoff_only,2026-07-14,2026-07-20,,"[""gtfs:fare_rules.txt:785717|fare_attributes.txt:856405|fare_id:2001266-1-10-19"",""gtfs:fare_rules.txt:785755|fare_attributes.txt:783357|fare_id:2001266-1-14-19""]",data/transit/hongkong/PublicTransportGTFS/gtfs.zip,e5ad020b79d0020625a4e8eb5428c2253a07705b71bfb809d8a3fa178032ce06,2,1,unresolved_duplicate_identical,"[{""fare_attribute_line"":856405,""fare_id"":""2001266-1-10-19"",""fare_rule_line"":785717,""price"":12.3},{""fare_attribute_line"":783357,""fare_id"":""2001266-1-14-19"",""fare_rule_line"":785755,""price"":12.3}]",unresolved,A,U,unresolved,official_json_routeSeq_exact_full_stop_pattern_plus_ordered_gtfs_stop_od,multiple_identical_source_records_no_default_selection
exact_route_sequence_ordered_stop_od,GMB,line_gmb_2001266,gmb_2001266_1,2001266,1,1,20001569,20008089,unspecified_in_source,unspecified_in_source,unspecified_in_source,unspecified_in_source,unspecified_in_source,,,,pt_fare,,,not_encoded_in_source_revision_cutoff_only,2026-07-14,2026-07-20,,"[""gtfs:fare_rules.txt:785714|fare_attributes.txt:856402|fare_id:2001266-1-10-16"",""gtfs:fare_rules.txt:785752|fare_attributes.txt:783354|fare_id:2001266-1-14-16""]",data/transit/hongkong/PublicTransportGTFS/gtfs.zip,e5ad020b79d0020625a4e8eb5428c2253a07705b71bfb809d8a3fa178032ce06,2,1,unresolved_duplicate_identical,"[{""fare_attribute_line"":856402,""fare_id"":""2001266-1-10-16"",""fare_rule_line"":785714,""price"":12.3},{""fare_attribute_line"":783354,""fare_id"":""2001266-1-14-16"",""fare_rule_line"":785752,""price"":12.3}]",unresolved,A,U,unresolved,official_json_routeSeq_exact_full_stop_pattern_plus_ordered_gtfs_stop_od,multiple_identical_source_records_no_default_selection
exact_route_sequence_ordered_stop_od,GMB,line_gmb_2001266,gmb_2001266_1,2001266,1,1,20001655,20001569,unspecified_in_source,unspecified_in_source,unspecified_in_source,unspecified_in_source,unspecified_in_source,,,,pt_fare,,,not_encoded_in_source_revision_cutoff_only,2026-07-14,2026-07-20,,"[""gtfs:fare_rules.txt:785603|fare_attributes.txt:783295|fare_id:2001266-1-3-10"",""gtfs:fare_rules.txt:785607|fare_attributes.txt:856330|fare_id:2001266-1-3-14""]",data/transit/hongkong/PublicTransportGTFS/gtfs.zip,e5ad020b79d0020625a4e8eb5428c2253a07705b71bfb809d8a3fa178032ce06,2,1,unresolved_duplicate_identical,"[{""fare_attribute_line"":783295,""fare_id"":""2001266-1-3-10"",""fare_rule_line"":785603,""price"":12.3},{""fare_attribute_line"":856330,""fare_id"":""2001266-1-3-14"",""fare_rule_line"":785607,""price"":12.3}]",unresolved,A,U,unresolved,official_json_routeSeq_exact_full_stop_pattern_plus_ordered_gtfs_stop_od,multiple_identical_source_records_no_default_selection
exact_route_sequence_ordered_stop_od,GMB,line_gmb_2001266,gmb_2001266_1,2001266,1,1,20001675,20001569,unspecified_in_source,unspecified_in_source,unspecified_in_source,unspecified_in_source,unspecified_in_source,,,,pt_fare,,,not_encoded_in_source_revision_cutoff_only,2026-07-14,2026-07-20,,"[""gtfs:fare_rules.txt:785564|fare_attributes.txt:783276|fare_id:2001266-1-1-10"",""gtfs:fare_rules.txt:785568|fare_attributes.txt:857102|fare_id:2001266-1-1-14""]",data/transit/hongkong/PublicTransportGTFS/gtfs.zip,e5ad020b79d0020625a4e8eb5428c2253a07705b71bfb809d8a3fa178032ce06,2,1,unresolved_duplicate_identical,"[{""fare_attribute_line"":783276,""fare_id"":""2001266-1-1-10"",""fare_rule_line"":785564,""price"":12.3},{""fare_attribute_line"":857102,""fare_id"":""2001266-1-1-14"",""fare_rule_line"":785568,""price"":12.3}]",unresolved,A,U,unresolved,official_json_routeSeq_exact_full_stop_pattern_plus_ordered_gtfs_stop_od,multiple_identical_source_records_no_default_selection
exact_route_sequence_ordered_stop_od,GMB,line_gmb_2001266,gmb_2001266_1,2001266,1,1,20001679,20001569,unspecified_in_source,unspecified_in_source,unspecified_in_source,unspecified_in_source,unspecified_in_source,,,,pt_fare,,,not_encoded_in_source_revision_cutoff_only,2026-07-14,2026-07-20,,"[""gtfs:fare_rules.txt:785638|fare_attributes.txt:783310|fare_id:2001266-1-5-10"",""gtfs:fare_rules.txt:785642|fare_attributes.txt:856350|fare_id:2001266-1-5-14""]",data/transit/hongkong/PublicTransportGTFS/gtfs.zip,e5ad020b79d0020625a4e8eb5428c2253a07705b71bfb809d8a3fa178032ce06,2,1,unresolved_duplicate_identical,"[{""fare_attribute_line"":783310,""fare_id"":""2001266-1-5-10"",""fare_rule_line"":785638,""price"":12.3},{""fare_attribute_line"":856350,""fare_id"":""2001266-1-5-14"",""fare_rule_line"":785642,""price"":12.3}]",unresolved,A,U,unresolved,official_json_routeSeq_exact_full_stop_pattern_plus_ordered_gtfs_stop_od,multiple_identical_source_records_no_default_selection
exact_route_sequence_ordered_stop_od,GMB,line_gmb_2001266,gmb_2001266_1,2001266,1,1,20001680,20001569,unspecified_in_source,unspecified_in_source,unspecified_in_source,unspecified_in_source,unspecified_in_source,,,,pt_fare,,,not_encoded_in_source_revision_cutoff_only,2026-07-14,2026-07-20,,"[""gtfs:fare_rules.txt:785654|fare_attributes.txt:783316|fare_id:2001266-1-6-10"",""gtfs:fare_rules.txt:785658|fare_attributes.txt:856360|fare_id:2001266-1-6-14""]",data/transit/hongkong/PublicTransportGTFS/gtfs.zip,e5ad020b79d0020625a4e8eb5428c2253a07705b71bfb809d8a3fa178032ce06,2,1,unresolved_duplicate_identical,"[{""fare_attribute_line"":783316,""fare_id"":""2001266-1-6-10"",""fare_rule_line"":785654,""price"":12.3},{""fare_attribute_line"":856360,""fare_id"":""2001266-1-6-14"",""fare_rule_line"":785658,""price"":12.3}]",unresolved,A,U,unresolved,official_json_routeSeq_exact_full_stop_pattern_plus_ordered_gtfs_stop_od,multiple_identical_source_records_no_default_selection
exact_route_sequence_ordered_stop_od,GMB,line_gmb_2001266,gmb_2001266_1,2001266,1,1,20001861,20001569,unspecified_in_source,unspecified_in_source,unspecified_in_source,unspecified_in_source,unspecified_in_source,,,,pt_fare,,,not_encoded_in_source_revision_cutoff_only,2026-07-14,2026-07-20,,"[""gtfs:fare_rules.txt:785669|fare_attributes.txt:783321|fare_id:2001266-1-7-10"",""gtfs:fare_rules.txt:785673|fare_attributes.txt:856370|fare_id:2001266-1-7-14""]",data/transit/hongkong/PublicTransportGTFS/gtfs.zip,e5ad020b79d0020625a4e8eb5428c2253a07705b71bfb809d8a3fa178032ce06,2,1,unresolved_duplicate_identical,"[{""fare_attribute_line"":783321,""fare_id"":""2001266-1-7-10"",""fare_rule_line"":785669,""price"":12.3},{""fare_attribute_line"":856370,""fare_id"":""2001266-1-7-14"",""fare_rule_line"":785673,""price"":12.3}]",unresolved,A,U,unresolved,official_json_routeSeq_exact_full_stop_pattern_plus_ordered_gtfs_stop_od,multiple_identical_source_records_no_default_selection
exact_route_sequence_ordered_stop_od,GMB,line_gmb_2001266,gmb_2001266_1,2001266,1,1,20001862,20001569,unspecified_in_source,unspecified_in_source,unspecified_in_source,unspecified_in_source,unspecified_in_source,,,,pt_fare,,,not_encoded_in_source_revision_cutoff_only,2026-07-14,2026-07-20,,"[""gtfs:fare_rules.txt:785683|fare_attributes.txt:783325|fare_id:2001266-1-8-10"",""gtfs:fare_rules.txt:785687|fare_attributes.txt:856380|fare_id:2001266-1-8-14""]",data/transit/hongkong/PublicTransportGTFS/gtfs.zip,e5ad020b79d0020625a4e8eb5428c2253a07705b71bfb809d8a3fa178032ce06,2,1,unresolved_duplicate_identical,"[{""fare_attribute_line"":783325,""fare_id"":""2001266-1-8-10"",""fare_rule_line"":785683,""price"":12.3},{""fare_attribute_line"":856380,""fare_id"":""2001266-1-8-14"",""fare_rule_line"":785687,""price"":12.3}]",unresolved,A,U,unresolved,official_json_routeSeq_exact_full_stop_pattern_plus_ordered_gtfs_stop_od,multiple_identical_source_records_no_default_selection
exact_route_sequence_ordered_stop_od,GMB,line_gmb_2001266,gmb_2001266_1,2001266,1,1,20001864,20001569,unspecified_in_source,unspecified_in_source,unspecified_in_source,unspecified_in_source,unspecified_in_source,,,,pt_fare,,,not_encoded_in_source_revision_cutoff_only,2026-07-14,2026-07-20,,"[""gtfs:fare_rules.txt:785696|fare_attributes.txt:783328|fare_id:2001266-1-9-10"",""gtfs:fare_rules.txt:785700|fare_attributes.txt:856390|fare_id:2001266-1-9-14""]",data/transit/hongkong/PublicTransportGTFS/gtfs.zip,e5ad020b79d0020625a4e8eb5428c2253a07705b71bfb809d8a3fa178032ce06,2,1,unresolved_duplicate_identical,"[{""fare_attribute_line"":783328,""fare_id"":""2001266-1-9-10"",""fare_rule_line"":785696,""price"":12.3},{""fare_attribute_line"":856390,""fare_id"":""2001266-1-9-14"",""fare_rule_line"":785700,""price"":12.3}]",unresolved,A,U,unresolved,official_json_routeSeq_exact_full_stop_pattern_plus_ordered_gtfs_stop_od,multiple_identical_source_records_no_default_selection
exact_route_sequence_ordered_stop_od,GMB,line_gmb_2001266,gmb_2001266_1,2001266,1,1,20002116,20001569,unspecified_in_source,unspecified_in_source,unspecified_in_source,unspecified_in_source,unspecified_in_source,,,,pt_fare,,,not_encoded_in_source_revision_cutoff_only,2026-07-14,2026-07-20,,"[""gtfs:fare_rules.txt:785584|fare_attributes.txt:783286|fare_id:2001266-1-2-10"",""gtfs:fare_rules.txt:785588|fare_attributes.txt:857112|fare_id:2001266-1-2-14""]",data/transit/hongkong/PublicTransportGTFS/gtfs.zip,e5ad020b79d0020625a4e8eb5428c2253a07705b71bfb809d8a3fa178032ce06,2,1,unresolved_duplicate_identical,"[{""fare_attribute_line"":783286,""fare_id"":""2001266-1-2-10"",""fare_rule_line"":785584,""price"":12.3},{""fare_attribute_line"":857112,""fare_id"":""2001266-1-2-14"",""fare_rule_line"":785588,""price"":12.3}]",unresolved,A,U,unresolved,official_json_routeSeq_exact_full_stop_pattern_plus_ordered_gtfs_stop_od,multiple_identical_source_records_no_default_selection
exact_route_sequence_ordered_stop_od,GMB,line_gmb_2001266,gmb_2001266_1,2001266,1,1,20008050,20001569,unspecified_in_source,unspecified_in_source,unspecified_in_source,unspecified_in_source,unspecified_in_source,,,,pt_fare,,,not_encoded_in_source_revision_cutoff_only,2026-07-14,2026-07-20,,"[""gtfs:fare_rules.txt:785621|fare_attributes.txt:783303|fare_id:2001266-1-4-10"",""gtfs:fare_rules.txt:785625|fare_attributes.txt:856340|fare_id:2001266-1-4-14""]",data/transit/hongkong/PublicTransportGTFS/gtfs.zip,e5ad020b79d0020625a4e8eb5428c2253a07705b71bfb809d8a3fa178032ce06,2,1,unresolved_duplicate_identical,"[{""fare_attribute_line"":783303,""fare_id"":""2001266-1-4-10"",""fare_rule_line"":785621,""price"":12.3},{""fare_attribute_line"":856340,""fare_id"":""2001266-1-4-14"",""fare_rule_line"":785625,""price"":12.3}]",unresolved,A,U,unresolved,official_json_routeSeq_exact_full_stop_pattern_plus_ordered_gtfs_stop_od,multiple_identical_source_records_no_default_selection
exact_route_sequence_ordered_stop_od,GMB,line_gmb_2001276,gmb_2001276_1,2001276,1,1,20001207,20007138,unspecified_in_source,unspecified_in_source,unspecified_in_source,unspecified_in_source,unspecified_in_source,,,,pt_fare,,,not_encoded_in_source_revision_cutoff_only,2026-07-14,2026-07-20,,"[""gtfs:fare_rules.txt:787017|fare_attributes.txt:785286|fare_id:2001276-1-1-2"",""gtfs:fare_rules.txt:787031|fare_attributes.txt:858133|fare_id:2001276-1-1-16""]",data/transit/hongkong/PublicTransportGTFS/gtfs.zip,e5ad020b79d0020625a4e8eb5428c2253a07705b71bfb809d8a3fa178032ce06,2,1,unresolved_duplicate_identical,"[{""fare_attribute_line"":785286,""fare_id"":""2001276-1-1-2"",""fare_rule_line"":787017,""price"":6.9},{""fare_attribute_line"":858133,""fare_id"":""2001276-1-1-16"",""fare_rule_line"":787031,""price"":6.9}]",unresolved,A,U,unresolved,official_json_routeSeq_exact_full_stop_pattern_plus_ordered_gtfs_stop_od,multiple_identical_source_records_no_default_selection
exact_route_sequence_ordered_stop_od,GMB,line_gmb_2001276,gmb_2001276_1,2001276,1,1,20001207,20008413,unspecified_in_source,unspecified_in_source,unspecified_in_source,unspecified_in_source,unspecified_in_source,,,,pt_fare,,,not_encoded_in_source_revision_cutoff_only,2026-07-14,2026-07-20,,"[""gtfs:fare_rules.txt:787018|fare_attributes.txt:785287|fare_id:2001276-1-1-3"",""gtfs:fare_rules.txt:787030|fare_attributes.txt:858132|fare_id:2001276-1-1-15""]",data/transit/hongkong/PublicTransportGTFS/gtfs.zip,e5ad020b79d0020625a4e8eb5428c2253a07705b71bfb809d8a3fa178032ce06,2,1,unresolved_duplicate_identical,"[{""fare_attribute_line"":785287,""fare_id"":""2001276-1-1-3"",""fare_rule_line"":787018,""price"":6.9},{""fare_attribute_line"":858132,""fare_id"":""2001276-1-1-15"",""fare_rule_line"":787030,""price"":6.9}]",unresolved,A,U,unresolved,official_json_routeSeq_exact_full_stop_pattern_plus_ordered_gtfs_stop_od,multiple_identical_source_records_no_default_selection
exact_route_sequence_ordered_stop_od,GMB,line_gmb_2001276,gmb_2001276_1,2001276,1,1,20007138,20001207,unspecified_in_source,unspecified_in_source,unspecified_in_source,unspecified_in_source,unspecified_in_source,,,,pt_fare,,,not_encoded_in_source_revision_cutoff_only,2026-07-14,2026-07-20,,"[""gtfs:fare_rules.txt:787047|fare_attributes.txt:858141|fare_id:2001276-1-2-17"",""gtfs:fare_rules.txt:787152|fare_attributes.txt:784566|fare_id:2001276-1-16-17""]",data/transit/hongkong/PublicTransportGTFS/gtfs.zip,e5ad020b79d0020625a4e8eb5428c2253a07705b71bfb809d8a3fa178032ce06,2,1,unresolved_duplicate_identical,"[{""fare_attribute_line"":858141,""fare_id"":""2001276-1-2-17"",""fare_rule_line"":787047,""price"":6.9},{""fare_attribute_line"":784566,""fare_id"":""2001276-1-16-17"",""fare_rule_line"":787152,""price"":6.9}]",unresolved,A,U,unresolved,official_json_routeSeq_exact_full_stop_pattern_plus_ordered_gtfs_stop_od,multiple_identical_source_records_no_default_selection
exact_route_sequence_ordered_stop_od,GMB,line_gmb_2001276,gmb_2001276_1,2001276,1,1,20007138,20008413,unspecified_in_source,unspecified_in_source,unspecified_in_source,unspecified_in_source,unspecified_in_source,,,,pt_fare,,,not_encoded_in_source_revision_cutoff_only,2026-07-14,2026-07-20,,"[""gtfs:fare_rules.txt:787033|fare_attributes.txt:785295|fare_id:2001276-1-2-3"",""gtfs:fare_rules.txt:787045|fare_attributes.txt:858139|fare_id:2001276-1-2-15""]",data/transit/hongkong/PublicTransportGTFS/gtfs.zip,e5ad020b79d0020625a4e8eb5428c2253a07705b71bfb809d8a3fa178032ce06,2,1,unresolved_duplicate_identical,"[{""fare_attribute_line"":785295,""fare_id"":""2001276-1-2-3"",""fare_rule_line"":787033,""price"":6.9},{""fare_attribute_line"":858139,""fare_id"":""2001276-1-2-15"",""fare_rule_line"":787045,""price"":6.9}]",unresolved,A,U,unresolved,official_json_routeSeq_exact_full_stop_pattern_plus_ordered_gtfs_stop_od,multiple_identical_source_records_no_default_selection
exact_route_sequence_ordered_stop_od,GMB,line_gmb_2001276,gmb_2001276_1,2001276,1,1,20008413,20001207,unspecified_in_source,unspecified_in_source,unspecified_in_source,unspecified_in_source,unspecified_in_source,,,,pt_fare,,,not_encoded_in_source_revision_cutoff_only,2026-07-14,2026-07-20,,"[""gtfs:fare_rules.txt:787061|fare_attributes.txt:858148|fare_id:2001276-1-3-17"",""gtfs:fare_rules.txt:787151|fare_attributes.txt:784565|fare_id:2001276-1-15-17""]",data/transit/hongkong/PublicTransportGTFS/gtfs.zip,e5ad020b79d0020625a4e8eb5428c2253a07705b71bfb809d8a3fa178032ce06,2,1,unresolved_duplicate_identical,"[{""fare_attribute_line"":858148,""fare_id"":""2001276-1-3-17"",""fare_rule_line"":787061,""price"":6.9},{""fare_attribute_line"":784565,""fare_id"":""2001276-1-15-17"",""fare_rule_line"":787151,""price"":6.9}]",unresolved,A,U,unresolved,official_json_routeSeq_exact_full_stop_pattern_plus_ordered_gtfs_stop_od,multiple_identical_source_records_no_default_selection
exact_route_sequence_ordered_stop_od,GMB,line_gmb_2001276,gmb_2001276_1,2001276,1,1,20008413,20007138,unspecified_in_source,unspecified_in_source,unspecified_in_source,unspecified_in_source,unspecified_in_source,,,,pt_fare,,,not_encoded_in_source_revision_cutoff_only,2026-07-14,2026-07-20,,"[""gtfs:fare_rules.txt:787060|fare_attributes.txt:858147|fare_id:2001276-1-3-16"",""gtfs:fare_rules.txt:787150|fare_attributes.txt:784564|fare_id:2001276-1-15-16""]",data/transit/hongkong/PublicTransportGTFS/gtfs.zip,e5ad020b79d0020625a4e8eb5428c2253a07705b71bfb809d8a3fa178032ce06,2,1,unresolved_duplicate_identical,"[{""fare_attribute_line"":858147,""fare_id"":""2001276-1-3-16"",""fare_rule_line"":787060,""price"":6.9},{""fare_attribute_line"":784564,""fare_id"":""2001276-1-15-16"",""fare_rule_line"":787150,""price"":6.9}]",unresolved,A,U,unresolved,official_json_routeSeq_exact_full_stop_pattern_plus_ordered_gtfs_stop_od,multiple_identical_source_records_no_default_selection
exact_route_sequence_ordered_stop_od,GMB,line_gmb_2001360,gmb_2001360_1,2001360,1,1,20001193,20006554,unspecified_in_source,unspecified_in_source,unspecified_in_source,unspecified_in_source,unspecified_in_source,,,,pt_fare,,,not_encoded_in_source_revision_cutoff_only,2026-07-14,2026-07-20,,"[""gtfs:fare_rules.txt:787314|fare_attributes.txt:785379|fare_id:2001360-1-1-2"",""gtfs:fare_rules.txt:787361|fare_attributes.txt:785426|fare_id:2001360-2-6-8""]",data/transit/hongkong/PublicTransportGTFS/gtfs.zip,e5ad020b79d0020625a4e8eb5428c2253a07705b71bfb809d8a3fa178032ce06,2,1,unresolved_duplicate_identical,"[{""fare_attribute_line"":785379,""fare_id"":""2001360-1-1-2"",""fare_rule_line"":787314,""price"":6.2},{""fare_attribute_line"":785426,""fare_id"":""2001360-2-6-8"",""fare_rule_line"":787361,""price"":6.2}]",unresolved,A,U,unresolved,official_json_routeSeq_exact_full_stop_pattern_plus_ordered_gtfs_stop_od,multiple_identical_source_records_no_default_selection
exact_route_sequence_ordered_stop_od,GMB,line_gmb_2001360,gmb_2001360_2,2001360,2,2,20001193,20006554,unspecified_in_source,unspecified_in_source,unspecified_in_source,unspecified_in_source,unspecified_in_source,,,,pt_fare,,,not_encoded_in_source_revision_cutoff_only,2026-07-14,2026-07-20,,"[""gtfs:fare_rules.txt:787314|fare_attributes.txt:785379|fare_id:2001360-1-1-2"",""gtfs:fare_rules.txt:787361|fare_attributes.txt:785426|fare_id:2001360-2-6-8""]",data/transit/hongkong/PublicTransportGTFS/gtfs.zip,e5ad020b79d0020625a4e8eb5428c2253a07705b71bfb809d8a3fa178032ce06,2,1,unresolved_duplicate_identical,"[{""fare_attribute_line"":785379,""fare_id"":""2001360-1-1-2"",""fare_rule_line"":787314,""price"":6.2},{""fare_attribute_line"":785426,""fare_id"":""2001360-2-6-8"",""fare_rule_line"":787361,""price"":6.2}]",unresolved,A,U,unresolved,official_json_routeSeq_exact_full_stop_pattern_plus_ordered_gtfs_stop_od,multiple_identical_source_records_no_default_selection
exact_route_sequence_ordered_stop_od,GMB,line_gmb_2001473,gmb_2001473_1,2001473,1,1,20001193,20007654,unspecified_in_source,unspecified_in_source,unspecified_in_source,unspecified_in_source,unspecified_in_source,,,,pt_fare,,,not_encoded_in_source_revision_cutoff_only,2026-07-14,2026-07-20,,"[""gtfs:fare_rules.txt:790407|fare_attributes.txt:787701|fare_id:2001473-1-1-18"",""gtfs:fare_rules.txt:790419|fare_attributes.txt:857524|fare_id:2001473-1-1-30""]",data/transit/hongkong/PublicTransportGTFS/gtfs.zip,e5ad020b79d0020625a4e8eb5428c2253a07705b71bfb809d8a3fa178032ce06,2,1,unresolved_duplicate_identical,"[{""fare_attribute_line"":787701,""fare_id"":""2001473-1-1-18"",""fare_rule_line"":790407,""price"":8.8},{""fare_attribute_line"":857524,""fare_id"":""2001473-1-1-30"",""fare_rule_line"":790419,""price"":8.8}]",unresolved,A,U,unresolved,official_json_routeSeq_exact_full_stop_pattern_plus_ordered_gtfs_stop_od,multiple_identical_source_records_no_default_selection
exact_route_sequence_ordered_stop_od,GMB,line_gmb_2001473,gmb_2001473_1,2001473,1,1,20001196,20007654,unspecified_in_source,unspecified_in_source,unspecified_in_source,unspecified_in_source,unspecified_in_source,,,,pt_fare,,,not_encoded_in_source_revision_cutoff_only,2026-07-14,2026-07-20,,"[""gtfs:fare_rules.txt:790581|fare_attributes.txt:788476|fare_id:2001473-1-5-18"",""gtfs:fare_rules.txt:790593|fare_attributes.txt:858309|fare_id:2001473-1-5-30""]",data/transit/hongkong/PublicTransportGTFS/gtfs.zip,e5ad020b79d0020625a4e8eb5428c2253a07705b71bfb809d8a3fa178032ce06,2,1,unresolved_duplicate_identical,"[{""fare_attribute_line"":788476,""fare_id"":""2001473-1-5-18"",""fare_rule_line"":790581,""price"":8.8},{""fare_attribute_line"":858309,""fare_id"":""2001473-1-5-30"",""fare_rule_line"":790593,""price"":8.8}]",unresolved,A,U,unresolved,official_json_routeSeq_exact_full_stop_pattern_plus_ordered_gtfs_stop_od,multiple_identical_source_records_no_default_selection
exact_route_sequence_ordered_stop_od,GMB,line_gmb_2001473,gmb_2001473_1,2001473,1,1,20001197,20007654,unspecified_in_source,unspecified_in_source,unspecified_in_source,unspecified_in_source,unspecified_in_source,,,,pt_fare,,,not_encoded_in_source_revision_cutoff_only,2026-07-14,2026-07-20,,"[""gtfs:fare_rules.txt:790662|fare_attributes.txt:787719|fare_id:2001473-1-7-18"",""gtfs:fare_rules.txt:790674|fare_attributes.txt:858355|fare_id:2001473-1-7-30""]",data/transit/hongkong/PublicTransportGTFS/gtfs.zip,e5ad020b79d0020625a4e8eb5428c2253a07705b71bfb809d8a3fa178032ce06,2,1,unresolved_duplicate_identical,"[{""fare_attribute_line"":787719,""fare_id"":""2001473-1-7-18"",""fare_rule_line"":790662,""price"":8.8},{""fare_attribute_line"":858355,""fare_id"":""2001473-1-7-30"",""fare_rule_line"":790674,""price"":8.8}]",unresolved,A,U,unresolved,official_json_routeSeq_exact_full_stop_pattern_plus_ordered_gtfs_stop_od,multiple_identical_source_records_no_default_selection
exact_route_sequence_ordered_stop_od,GMB,line_gmb_2001473,gmb_2001473_1,2001473,1,1,20001242,20007654,unspecified_in_source,unspecified_in_source,unspecified_in_source,unspecified_in_source,unspecified_in_source,,,,pt_fare,,,not_encoded_in_source_revision_cutoff_only,2026-07-14,2026-07-20,,"[""gtfs:fare_rules.txt:790539|fare_attributes.txt:788457|fare_id:2001473-1-4-18"",""gtfs:fare_rules.txt:790551|fare_attributes.txt:857593|fare_id:2001473-1-4-30""]",data/transit/hongkong/PublicTransportGTFS/gtfs.zip,e5ad020b79d0020625a4e8eb5428c2253a07705b71bfb809d8a3fa178032ce06,2,1,unresolved_duplicate_identical,"[{""fare_attribute_line"":788457,""fare_id"":""2001473-1-4-18"",""fare_rule_line"":790539,""price"":8.8},{""fare_attribute_line"":857593,""fare_id"":""2001473-1-4-30"",""fare_rule_line"":790551,""price"":8.8}]",unresolved,A,U,unresolved,official_json_routeSeq_exact_full_stop_pattern_plus_ordered_gtfs_stop_od,multiple_identical_source_records_no_default_selection
exact_route_sequence_ordered_stop_od,GMB,line_gmb_2001473,gmb_2001473_1,2001473,1,1,20001245,20007654,unspecified_in_source,unspecified_in_source,unspecified_in_source,unspecified_in_source,unspecified_in_source,,,,pt_fare,,,not_encoded_in_source_revision_cutoff_only,2026-07-14,2026-07-20,,"[""gtfs:fare_rules.txt:790739|fare_attributes.txt:787750|fare_id:2001473-1-9-18"",""gtfs:fare_rules.txt:790751|fare_attributes.txt:858401|fare_id:2001473-1-9-30""]",data/transit/hongkong/PublicTransportGTFS/gtfs.zip,e5ad020b79d0020625a4e8eb5428c2253a07705b71bfb809d8a3fa178032ce06,2,1,unresolved_duplicate_identical,"[{""fare_attribute_line"":787750,""fare_id"":""2001473-1-9-18"",""fare_rule_line"":790739,""price"":8.8},{""fare_attribute_line"":858401,""fare_id"":""2001473-1-9-30"",""fare_rule_line"":790751,""price"":8.8}]",unresolved,A,U,unresolved,official_json_routeSeq_exact_full_stop_pattern_plus_ordered_gtfs_stop_od,multiple_identical_source_records_no_default_selection
exact_route_sequence_ordered_stop_od,GMB,line_gmb_2001473,gmb_2001473_1,2001473,1,1,20001467,20007654,unspecified_in_source,unspecified_in_source,unspecified_in_source,unspecified_in_source,unspecified_in_source,,,,pt_fare,,,not_encoded_in_source_revision_cutoff_only,2026-07-14,2026-07-20,,"[""gtfs:fare_rules.txt:790881|fare_attributes.txt:787800|fare_id:2001473-1-13-18"",""gtfs:fare_rules.txt:790893|fare_attributes.txt:857701|fare_id:2001473-1-13-30""]",data/transit/hongkong/PublicTransportGTFS/gtfs.zip,e5ad020b79d0020625a4e8eb5428c2253a07705b71bfb809d8a3fa178032ce06,2,1,unresolved_duplicate_identical,"[{""fare_attribute_line"":787800,""fare_id"":""2001473-1-13-18"",""fare_rule_line"":790881,""price"":8.8},{""fare_attribute_line"":857701,""fare_id"":""2001473-1-13-30"",""fare_rule_line"":790893,""price"":8.8}]",unresolved,A,U,unresolved,official_json_routeSeq_exact_full_stop_pattern_plus_ordered_gtfs_stop_od,multiple_identical_source_records_no_default_selection
exact_route_sequence_ordered_stop_od,GMB,line_gmb_2001473,gmb_2001473_1,2001473,1,1,20003423,20007654,unspecified_in_source,unspecified_in_source,unspecified_in_source,unspecified_in_source,unspecified_in_source,,,,pt_fare,,,not_encoded_in_source_revision_cutoff_only,2026-07-14,2026-07-20,,"[""gtfs:fare_rules.txt:790622|fare_attributes.txt:788494|fare_id:2001473-1-6-18"",""gtfs:fare_rules.txt:790634|fare_attributes.txt:858332|fare_id:2001473-1-6-30""]",data/transit/hongkong/PublicTransportGTFS/gtfs.zip,e5ad020b79d0020625a4e8eb5428c2253a07705b71bfb809d8a3fa178032ce06,2,1,unresolved_duplicate_identical,"[{""fare_attribute_line"":788494,""fare_id"":""2001473-1-6-18"",""fare_rule_line"":790622,""price"":8.8},{""fare_attribute_line"":858332,""fare_id"":""2001473-1-6-30"",""fare_rule_line"":790634,""price"":8.8}]",unresolved,A,U,unresolved,official_json_routeSeq_exact_full_stop_pattern_plus_ordered_gtfs_stop_od,multiple_identical_source_records_no_default_selection
exact_route_sequence_ordered_stop_od,GMB,line_gmb_2001473,gmb_2001473_1,2001473,1,1,20006552,20007654,unspecified_in_source,unspecified_in_source,unspecified_in_source,unspecified_in_source,unspecified_in_source,,,,pt_fare,,,not_encoded_in_source_revision_cutoff_only,2026-07-14,2026-07-20,,"[""gtfs:fare_rules.txt:790776|fare_attributes.txt:787764|fare_id:2001473-1-10-18"",""gtfs:fare_rules.txt:790788|fare_attributes.txt:857632|fare_id:2001473-1-10-30""]",data/transit/hongkong/PublicTransportGTFS/gtfs.zip,e5ad020b79d0020625a4e8eb5428c2253a07705b71bfb809d8a3fa178032ce06,2,1,unresolved_duplicate_identical,"[{""fare_attribute_line"":787764,""fare_id"":""2001473-1-10-18"",""fare_rule_line"":790776,""price"":8.8},{""fare_attribute_line"":857632,""fare_id"":""2001473-1-10-30"",""fare_rule_line"":790788,""price"":8.8}]",unresolved,A,U,unresolved,official_json_routeSeq_exact_full_stop_pattern_plus_ordered_gtfs_stop_od,multiple_identical_source_records_no_default_selection
exact_route_sequence_ordered_stop_od,GMB,line_gmb_2001473,gmb_2001473_1,2001473,1,1,20007228,20007654,unspecified_in_source,unspecified_in_source,unspecified_in_source,unspecified_in_source,unspecified_in_source,,,,pt_fare,,,not_encoded_in_source_revision_cutoff_only,2026-07-14,2026-07-20,,"[""gtfs:fare_rules.txt:790496|fare_attributes.txt:788437|fare_id:2001473-1-3-18"",""gtfs:fare_rules.txt:790508|fare_attributes.txt:857570|fare_id:2001473-1-3-30""]",data/transit/hongkong/PublicTransportGTFS/gtfs.zip,e5ad020b79d0020625a4e8eb5428c2253a07705b71bfb809d8a3fa178032ce06,2,1,unresolved_duplicate_identical,"[{""fare_attribute_line"":788437,""fare_id"":""2001473-1-3-18"",""fare_rule_line"":790496,""price"":8.8},{""fare_attribute_line"":857570,""fare_id"":""2001473-1-3-30"",""fare_rule_line"":790508,""price"":8.8}]",unresolved,A,U,unresolved,official_json_routeSeq_exact_full_stop_pattern_plus_ordered_gtfs_stop_od,multiple_identical_source_records_no_default_selection
exact_route_sequence_ordered_stop_od,GMB,line_gmb_2001473,gmb_2001473_1,2001473,1,1,20007652,20007654,unspecified_in_source,unspecified_in_source,unspecified_in_source,unspecified_in_source,unspecified_in_source,,,,pt_fare,,,not_encoded_in_source_revision_cutoff_only,2026-07-14,2026-07-20,,"[""gtfs:fare_rules.txt:790914|fare_attributes.txt:787810|fare_id:2001473-1-14-18"",""gtfs:fare_rules.txt:790926|fare_attributes.txt:858417|fare_id:2001473-1-14-30""]",data/transit/hongkong/PublicTransportGTFS/gtfs.zip,e5ad020b79d0020625a4e8eb5428c2253a07705b71bfb809d8a3fa178032ce06,2,1,unresolved_duplicate_identical,"[{""fare_attribute_line"":787810,""fare_id"":""2001473-1-14-18"",""fare_rule_line"":790914,""price"":8.8},{""fare_attribute_line"":858417,""fare_id"":""2001473-1-14-30"",""fare_rule_line"":790926,""price"":8.8}]",unresolved,A,U,unresolved,official_json_routeSeq_exact_full_stop_pattern_plus_ordered_gtfs_stop_od,multiple_identical_source_records_no_default_selection
exact_route_sequence_ordered_stop_od,GMB,line_gmb_2001473,gmb_2001473_1,2001473,1,1,20007653,20007654,unspecified_in_source,unspecified_in_source,unspecified_in_source,unspecified_in_source,unspecified_in_source,,,,pt_fare,,,not_encoded_in_source_revision_cutoff_only,2026-07-14,2026-07-20,,"[""gtfs:fare_rules.txt:790977|fare_attributes.txt:788520|fare_id:2001473-1-16-18"",""gtfs:fare_rules.txt:790989|fare_attributes.txt:858463|fare_id:2001473-1-16-30""]",data/transit/hongkong/PublicTransportGTFS/gtfs.zip,e5ad020b79d0020625a4e8eb5428c2253a07705b71bfb809d8a3fa178032ce06,2,1,unresolved_duplicate_identical,"[{""fare_attribute_line"":788520,""fare_id"":""2001473-1-16-18"",""fare_rule_line"":790977,""price"":8.8},{""fare_attribute_line"":858463,""fare_id"":""2001473-1-16-30"",""fare_rule_line"":790989,""price"":8.8}]",unresolved,A,U,unresolved,official_json_routeSeq_exact_full_stop_pattern_plus_ordered_gtfs_stop_od,multiple_identical_source_records_no_default_selection
exact_route_sequence_ordered_stop_od,GMB,line_gmb_2001473,gmb_2001473_1,2001473,1,1,20007678,20007654,unspecified_in_source,unspecified_in_source,unspecified_in_source,unspecified_in_source,unspecified_in_source,,,,pt_fare,,,not_encoded_in_source_revision_cutoff_only,2026-07-14,2026-07-20,,"[""gtfs:fare_rules.txt:790452|fare_attributes.txt:788416|fare_id:2001473-1-2-18"",""gtfs:fare_rules.txt:790464|fare_attributes.txt:857547|fare_id:2001473-1-2-30""]",data/transit/hongkong/PublicTransportGTFS/gtfs.zip,e5ad020b79d0020625a4e8eb5428c2253a07705b71bfb809d8a3fa178032ce06,2,1,unresolved_duplicate_identical,"[{""fare_attribute_line"":788416,""fare_id"":""2001473-1-2-18"",""fare_rule_line"":790452,""price"":8.8},{""fare_attribute_line"":857547,""fare_id"":""2001473-1-2-30"",""fare_rule_line"":790464,""price"":8.8}]",unresolved,A,U,unresolved,official_json_routeSeq_exact_full_stop_pattern_plus_ordered_gtfs_stop_od,multiple_identical_source_records_no_default_selection
exact_route_sequence_ordered_stop_od,GMB,line_gmb_2001473,gmb_2001473_1,2001473,1,1,20008259,20007654,unspecified_in_source,unspecified_in_source,unspecified_in_source,unspecified_in_source,unspecified_in_source,,,,pt_fare,,,not_encoded_in_source_revision_cutoff_only,2026-07-14,2026-07-20,,"[""gtfs:fare_rules.txt:790812|fare_attributes.txt:787777|fare_id:2001473-1-11-18"",""gtfs:fare_rules.txt:790824|fare_attributes.txt:857655|fare_id:2001473-1-11-30""]",data/transit/hongkong/PublicTransportGTFS/gtfs.zip,e5ad020b79d0020625a4e8eb5428c2253a07705b71bfb809d8a3fa178032ce06,2,1,unresolved_duplicate_identical,"[{""fare_attribute_line"":787777,""fare_id"":""2001473-1-11-18"",""fare_rule_line"":790812,""price"":8.8},{""fare_attribute_line"":857655,""fare_id"":""2001473-1-11-30"",""fare_rule_line"":790824,""price"":8.8}]",unresolved,A,U,unresolved,official_json_routeSeq_exact_full_stop_pattern_plus_ordered_gtfs_stop_od,multiple_identical_source_records_no_default_selection
exact_route_sequence_ordered_stop_od,GMB,line_gmb_2001473,gmb_2001473_1,2001473,1,1,20008260,20007654,unspecified_in_source,unspecified_in_source,unspecified_in_source,unspecified_in_source,unspecified_in_source,,,,pt_fare,,,not_encoded_in_source_revision_cutoff_only,2026-07-14,2026-07-20,,"[""gtfs:fare_rules.txt:790847|fare_attributes.txt:787789|fare_id:2001473-1-12-18"",""gtfs:fare_rules.txt:790859|fare_attributes.txt:857678|fare_id:2001473-1-12-30""]",data/transit/hongkong/PublicTransportGTFS/gtfs.zip,e5ad020b79d0020625a4e8eb5428c2253a07705b71bfb809d8a3fa178032ce06,2,1,unresolved_duplicate_identical,"[{""fare_attribute_line"":787789,""fare_id"":""2001473-1-12-18"",""fare_rule_line"":790847,""price"":8.8},{""fare_attribute_line"":857678,""fare_id"":""2001473-1-12-30"",""fare_rule_line"":790859,""price"":8.8}]",unresolved,A,U,unresolved,official_json_routeSeq_exact_full_stop_pattern_plus_ordered_gtfs_stop_od,multiple_identical_source_records_no_default_selection
exact_route_sequence_ordered_stop_od,GMB,line_gmb_2001473,gmb_2001473_1,2001473,1,1,20008261,20007654,unspecified_in_source,unspecified_in_source,unspecified_in_source,unspecified_in_source,unspecified_in_source,,,,pt_fare,,,not_encoded_in_source_revision_cutoff_only,2026-07-14,2026-07-20,,"[""gtfs:fare_rules.txt:790946|fare_attributes.txt:788512|fare_id:2001473-1-15-18"",""gtfs:fare_rules.txt:790958|fare_attributes.txt:858440|fare_id:2001473-1-15-30""]",data/transit/hongkong/PublicTransportGTFS/gtfs.zip,e5ad020b79d0020625a4e8eb5428c2253a07705b71bfb809d8a3fa178032ce06,2,1,unresolved_duplicate_identical,"[{""fare_attribute_line"":788512,""fare_id"":""2001473-1-15-18"",""fare_rule_line"":790946,""price"":8.8},{""fare_attribute_line"":858440,""fare_id"":""2001473-1-15-30"",""fare_rule_line"":790958,""price"":8.8}]",unresolved,A,U,unresolved,official_json_routeSeq_exact_full_stop_pattern_plus_ordered_gtfs_stop_od,multiple_identical_source_records_no_default_selection
exact_route_sequence_ordered_stop_od,GMB,line_gmb_2001473,gmb_2001473_1,2001473,1,1,20008264,20007654,unspecified_in_source,unspecified_in_source,unspecified_in_source,unspecified_in_source,unspecified_in_source,,,,pt_fare,,,not_encoded_in_source_revision_cutoff_only,2026-07-14,2026-07-20,,"[""gtfs:fare_rules.txt:790701|fare_attributes.txt:787735|fare_id:2001473-1-8-18"",""gtfs:fare_rules.txt:790713|fare_attributes.txt:858378|fare_id:2001473-1-8-30""]",data/transit/hongkong/PublicTransportGTFS/gtfs.zip,e5ad020b79d0020625a4e8eb5428c2253a07705b71bfb809d8a3fa178032ce06,2,1,unresolved_duplicate_identical,"[{""fare_attribute_line"":787735,""fare_id"":""2001473-1-8-18"",""fare_rule_line"":790701,""price"":8.8},{""fare_attribute_line"":858378,""fare_id"":""2001473-1-8-30"",""fare_rule_line"":790713,""price"":8.8}]",unresolved,A,U,unresolved,official_json_routeSeq_exact_full_stop_pattern_plus_ordered_gtfs_stop_od,multiple_identical_source_records_no_default_selection
exact_route_sequence_ordered_stop_od,GMB,line_gmb_2001473,gmb_2001473_1,2001473,1,1,20008277,20007654,unspecified_in_source,unspecified_in_source,unspecified_in_source,unspecified_in_source,unspecified_in_source,,,,pt_fare,,,not_encoded_in_source_revision_cutoff_only,2026-07-14,2026-07-20,,"[""gtfs:fare_rules.txt:791007|fare_attributes.txt:788527|fare_id:2001473-1-17-18"",""gtfs:fare_rules.txt:791019|fare_attributes.txt:858486|fare_id:2001473-1-17-30""]",data/transit/hongkong/PublicTransportGTFS/gtfs.zip,e5ad020b79d0020625a4e8eb5428c2253a07705b71bfb809d8a3fa178032ce06,2,1,unresolved_duplicate_identical,"[{""fare_attribute_line"":788527,""fare_id"":""2001473-1-17-18"",""fare_rule_line"":791007,""price"":7.2},{""fare_attribute_line"":858486,""fare_id"":""2001473-1-17-30"",""fare_rule_line"":791019,""price"":7.2}]",unresolved,A,U,unresolved,official_json_routeSeq_exact_full_stop_pattern_plus_ordered_gtfs_stop_od,multiple_identical_source_records_no_default_selection
exact_route_sequence_ordered_stop_od,GMB,line_gmb_2001474,gmb_2001474_1,2001474,1,1,20001193,20007654,unspecified_in_source,unspecified_in_source,unspecified_in_source,unspecified_in_source,unspecified_in_source,,,,pt_fare,,,not_encoded_in_source_revision_cutoff_only,2026-07-14,2026-07-20,,"[""gtfs:fare_rules.txt:791488|fare_attributes.txt:787956|fare_id:2001474-1-1-18"",""gtfs:fare_rules.txt:791500|fare_attributes.txt:858548|fare_id:2001474-1-1-30""]",data/transit/hongkong/PublicTransportGTFS/gtfs.zip,e5ad020b79d0020625a4e8eb5428c2253a07705b71bfb809d8a3fa178032ce06,2,1,unresolved_duplicate_identical,"[{""fare_attribute_line"":787956,""fare_id"":""2001474-1-1-18"",""fare_rule_line"":791488,""price"":8.8},{""fare_attribute_line"":858548,""fare_id"":""2001474-1-1-30"",""fare_rule_line"":791500,""price"":8.8}]",unresolved,A,U,unresolved,official_json_routeSeq_exact_full_stop_pattern_plus_ordered_gtfs_stop_od,multiple_identical_source_records_no_default_selection
exact_route_sequence_ordered_stop_od,GMB,line_gmb_2001474,gmb_2001474_1,2001474,1,1,20001196,20007654,unspecified_in_source,unspecified_in_source,unspecified_in_source,unspecified_in_source,unspecified_in_source,,,,pt_fare,,,not_encoded_in_source_revision_cutoff_only,2026-07-14,2026-07-20,,"[""gtfs:fare_rules.txt:791662|fare_attributes.txt:788731|fare_id:2001474-1-5-18"",""gtfs:fare_rules.txt:791674|fare_attributes.txt:857848|fare_id:2001474-1-5-30""]",data/transit/hongkong/PublicTransportGTFS/gtfs.zip,e5ad020b79d0020625a4e8eb5428c2253a07705b71bfb809d8a3fa178032ce06,2,1,unresolved_duplicate_identical,"[{""fare_attribute_line"":788731,""fare_id"":""2001474-1-5-18"",""fare_rule_line"":791662,""price"":8.8},{""fare_attribute_line"":857848,""fare_id"":""2001474-1-5-30"",""fare_rule_line"":791674,""price"":8.8}]",unresolved,A,U,unresolved,official_json_routeSeq_exact_full_stop_pattern_plus_ordered_gtfs_stop_od,multiple_identical_source_records_no_default_selection
exact_route_sequence_ordered_stop_od,GMB,line_gmb_2001474,gmb_2001474_1,2001474,1,1,20001197,20007654,unspecified_in_source,unspecified_in_source,unspecified_in_source,unspecified_in_source,unspecified_in_source,,,,pt_fare,,,not_encoded_in_source_revision_cutoff_only,2026-07-14,2026-07-20,,"[""gtfs:fare_rules.txt:791743|fare_attributes.txt:788766|fare_id:2001474-1-7-18"",""gtfs:fare_rules.txt:791755|fare_attributes.txt:857894|fare_id:2001474-1-7-30""]",data/transit/hongkong/PublicTransportGTFS/gtfs.zip,e5ad020b79d0020625a4e8eb5428c2253a07705b71bfb809d8a3fa178032ce06,2,1,unresolved_duplicate_identical,"[{""fare_attribute_line"":788766,""fare_id"":""2001474-1-7-18"",""fare_rule_line"":791743,""price"":8.8},{""fare_attribute_line"":857894,""fare_id"":""2001474-1-7-30"",""fare_rule_line"":791755,""price"":8.8}]",unresolved,A,U,unresolved,official_json_routeSeq_exact_full_stop_pattern_plus_ordered_gtfs_stop_od,multiple_identical_source_records_no_default_selection
exact_route_sequence_ordered_stop_od,GMB,line_gmb_2001474,gmb_2001474_1,2001474,1,1,20001242,20007654,unspecified_in_source,unspecified_in_source,unspecified_in_source,unspecified_in_source,unspecified_in_source,,,,pt_fare,,,not_encoded_in_source_revision_cutoff_only,2026-07-14,2026-07-20,,"[""gtfs:fare_rules.txt:791620|fare_attributes.txt:788712|fare_id:2001474-1-4-18"",""gtfs:fare_rules.txt:791632|fare_attributes.txt:857825|fare_id:2001474-1-4-30""]",data/transit/hongkong/PublicTransportGTFS/gtfs.zip,e5ad020b79d0020625a4e8eb5428c2253a07705b71bfb809d8a3fa178032ce06,2,1,unresolved_duplicate_identical,"[{""fare_attribute_line"":788712,""fare_id"":""2001474-1-4-18"",""fare_rule_line"":791620,""price"":8.8},{""fare_attribute_line"":857825,""fare_id"":""2001474-1-4-30"",""fare_rule_line"":791632,""price"":8.8}]",unresolved,A,U,unresolved,official_json_routeSeq_exact_full_stop_pattern_plus_ordered_gtfs_stop_od,multiple_identical_source_records_no_default_selection
exact_route_sequence_ordered_stop_od,GMB,line_gmb_2001474,gmb_2001474_1,2001474,1,1,20001245,20007654,unspecified_in_source,unspecified_in_source,unspecified_in_source,unspecified_in_source,unspecified_in_source,,,,pt_fare,,,not_encoded_in_source_revision_cutoff_only,2026-07-14,2026-07-20,,"[""gtfs:fare_rules.txt:791820|fare_attributes.txt:788797|fare_id:2001474-1-9-18"",""gtfs:fare_rules.txt:791832|fare_attributes.txt:858633|fare_id:2001474-1-9-30""]",data/transit/hongkong/PublicTransportGTFS/gtfs.zip,e5ad020b79d0020625a4e8eb5428c2253a07705b71bfb809d8a3fa178032ce06,2,1,unresolved_duplicate_identical,"[{""fare_attribute_line"":788797,""fare_id"":""2001474-1-9-18"",""fare_rule_line"":791820,""price"":8.8},{""fare_attribute_line"":858633,""fare_id"":""2001474-1-9-30"",""fare_rule_line"":791832,""price"":8.8}]",unresolved,A,U,unresolved,official_json_routeSeq_exact_full_stop_pattern_plus_ordered_gtfs_stop_od,multiple_identical_source_records_no_default_selection
exact_route_sequence_ordered_stop_od,GMB,line_gmb_2001474,gmb_2001474_1,2001474,1,1,20001467,20007654,unspecified_in_source,unspecified_in_source,unspecified_in_source,unspecified_in_source,unspecified_in_source,,,,pt_fare,,,not_encoded_in_source_revision_cutoff_only,2026-07-14,2026-07-20,,"[""gtfs:fare_rules.txt:791962|fare_attributes.txt:788055|fare_id:2001474-1-13-18"",""gtfs:fare_rules.txt:791974|fare_attributes.txt:857933|fare_id:2001474-1-13-30""]",data/transit/hongkong/PublicTransportGTFS/gtfs.zip,e5ad020b79d0020625a4e8eb5428c2253a07705b71bfb809d8a3fa178032ce06,2,1,unresolved_duplicate_identical,"[{""fare_attribute_line"":788055,""fare_id"":""2001474-1-13-18"",""fare_rule_line"":791962,""price"":8.8},{""fare_attribute_line"":857933,""fare_id"":""2001474-1-13-30"",""fare_rule_line"":791974,""price"":8.8}]",unresolved,A,U,unresolved,official_json_routeSeq_exact_full_stop_pattern_plus_ordered_gtfs_stop_od,multiple_identical_source_records_no_default_selection
exact_route_sequence_ordered_stop_od,GMB,line_gmb_2001474,gmb_2001474_1,2001474,1,1,20003423,20007654,unspecified_in_source,unspecified_in_source,unspecified_in_source,unspecified_in_source,unspecified_in_source,,,,pt_fare,,,not_encoded_in_source_revision_cutoff_only,2026-07-14,2026-07-20,,"[""gtfs:fare_rules.txt:791703|fare_attributes.txt:788749|fare_id:2001474-1-6-18"",""gtfs:fare_rules.txt:791715|fare_attributes.txt:857871|fare_id:2001474-1-6-30""]",data/transit/hongkong/PublicTransportGTFS/gtfs.zip,e5ad020b79d0020625a4e8eb5428c2253a07705b71bfb809d8a3fa178032ce06,2,1,unresolved_duplicate_identical,"[{""fare_attribute_line"":788749,""fare_id"":""2001474-1-6-18"",""fare_rule_line"":791703,""price"":8.8},{""fare_attribute_line"":857871,""fare_id"":""2001474-1-6-30"",""fare_rule_line"":791715,""price"":8.8}]",unresolved,A,U,unresolved,official_json_routeSeq_exact_full_stop_pattern_plus_ordered_gtfs_stop_od,multiple_identical_source_records_no_default_selection
exact_route_sequence_ordered_stop_od,GMB,line_gmb_2001474,gmb_2001474_1,2001474,1,1,20006552,20007654,unspecified_in_source,unspecified_in_source,unspecified_in_source,unspecified_in_source,unspecified_in_source,,,,pt_fare,,,not_encoded_in_source_revision_cutoff_only,2026-07-14,2026-07-20,,"[""gtfs:fare_rules.txt:791857|fare_attributes.txt:788019|fare_id:2001474-1-10-18"",""gtfs:fare_rules.txt:791869|fare_attributes.txt:858656|fare_id:2001474-1-10-30""]",data/transit/hongkong/PublicTransportGTFS/gtfs.zip,e5ad020b79d0020625a4e8eb5428c2253a07705b71bfb809d8a3fa178032ce06,2,1,unresolved_duplicate_identical,"[{""fare_attribute_line"":788019,""fare_id"":""2001474-1-10-18"",""fare_rule_line"":791857,""price"":8.8},{""fare_attribute_line"":858656,""fare_id"":""2001474-1-10-30"",""fare_rule_line"":791869,""price"":8.8}]",unresolved,A,U,unresolved,official_json_routeSeq_exact_full_stop_pattern_plus_ordered_gtfs_stop_od,multiple_identical_source_records_no_default_selection
exact_route_sequence_ordered_stop_od,GMB,line_gmb_2001474,gmb_2001474_1,2001474,1,1,20007228,20007654,unspecified_in_source,unspecified_in_source,unspecified_in_source,unspecified_in_source,unspecified_in_source,,,,pt_fare,,,not_encoded_in_source_revision_cutoff_only,2026-07-14,2026-07-20,,"[""gtfs:fare_rules.txt:791577|fare_attributes.txt:787999|fare_id:2001474-1-3-18"",""gtfs:fare_rules.txt:791589|fare_attributes.txt:858594|fare_id:2001474-1-3-30""]",data/transit/hongkong/PublicTransportGTFS/gtfs.zip,e5ad020b79d0020625a4e8eb5428c2253a07705b71bfb809d8a3fa178032ce06,2,1,unresolved_duplicate_identical,"[{""fare_attribute_line"":787999,""fare_id"":""2001474-1-3-18"",""fare_rule_line"":791577,""price"":8.8},{""fare_attribute_line"":858594,""fare_id"":""2001474-1-3-30"",""fare_rule_line"":791589,""price"":8.8}]",unresolved,A,U,unresolved,official_json_routeSeq_exact_full_stop_pattern_plus_ordered_gtfs_stop_od,multiple_identical_source_records_no_default_selection
exact_route_sequence_ordered_stop_od,GMB,line_gmb_2001474,gmb_2001474_1,2001474,1,1,20007652,20007654,unspecified_in_source,unspecified_in_source,unspecified_in_source,unspecified_in_source,unspecified_in_source,,,,pt_fare,,,not_encoded_in_source_revision_cutoff_only,2026-07-14,2026-07-20,,"[""gtfs:fare_rules.txt:791995|fare_attributes.txt:788065|fare_id:2001474-1-14-18"",""gtfs:fare_rules.txt:792007|fare_attributes.txt:857956|fare_id:2001474-1-14-30""]",data/transit/hongkong/PublicTransportGTFS/gtfs.zip,e5ad020b79d0020625a4e8eb5428c2253a07705b71bfb809d8a3fa178032ce06,2,1,unresolved_duplicate_identical,"[{""fare_attribute_line"":788065,""fare_id"":""2001474-1-14-18"",""fare_rule_line"":791995,""price"":8.8},{""fare_attribute_line"":857956,""fare_id"":""2001474-1-14-30"",""fare_rule_line"":792007,""price"":8.8}]",unresolved,A,U,unresolved,official_json_routeSeq_exact_full_stop_pattern_plus_ordered_gtfs_stop_od,multiple_identical_source_records_no_default_selection
exact_route_sequence_ordered_stop_od,GMB,line_gmb_2001474,gmb_2001474_1,2001474,1,1,20007653,20007654,unspecified_in_source,unspecified_in_source,unspecified_in_source,unspecified_in_source,unspecified_in_source,,,,pt_fare,,,not_encoded_in_source_revision_cutoff_only,2026-07-14,2026-07-20,,"[""gtfs:fare_rules.txt:792058|fare_attributes.txt:788082|fare_id:2001474-1-16-18"",""gtfs:fare_rules.txt:792070|fare_attributes.txt:858002|fare_id:2001474-1-16-30""]",data/transit/hongkong/PublicTransportGTFS/gtfs.zip,e5ad020b79d0020625a4e8eb5428c2253a07705b71bfb809d8a3fa178032ce06,2,1,unresolved_duplicate_identical,"[{""fare_attribute_line"":788082,""fare_id"":""2001474-1-16-18"",""fare_rule_line"":792058,""price"":8.8},{""fare_attribute_line"":858002,""fare_id"":""2001474-1-16-30"",""fare_rule_line"":792070,""price"":8.8}]",unresolved,A,U,unresolved,official_json_routeSeq_exact_full_stop_pattern_plus_ordered_gtfs_stop_od,multiple_identical_source_records_no_default_selection
exact_route_sequence_ordered_stop_od,GMB,line_gmb_2001474,gmb_2001474_1,2001474,1,1,20007678,20007654,unspecified_in_source,unspecified_in_source,unspecified_in_source,unspecified_in_source,unspecified_in_source,,,,pt_fare,,,not_encoded_in_source_revision_cutoff_only,2026-07-14,2026-07-20,,"[""gtfs:fare_rules.txt:791533|fare_attributes.txt:787978|fare_id:2001474-1-2-18"",""gtfs:fare_rules.txt:791545|fare_attributes.txt:858571|fare_id:2001474-1-2-30""]",data/transit/hongkong/PublicTransportGTFS/gtfs.zip,e5ad020b79d0020625a4e8eb5428c2253a07705b71bfb809d8a3fa178032ce06,2,1,unresolved_duplicate_identical,"[{""fare_attribute_line"":787978,""fare_id"":""2001474-1-2-18"",""fare_rule_line"":791533,""price"":8.8},{""fare_attribute_line"":858571,""fare_id"":""2001474-1-2-30"",""fare_rule_line"":791545,""price"":8.8}]",unresolved,A,U,unresolved,official_json_routeSeq_exact_full_stop_pattern_plus_ordered_gtfs_stop_od,multiple_identical_source_records_no_default_selection
exact_route_sequence_ordered_stop_od,GMB,line_gmb_2001474,gmb_2001474_1,2001474,1,1,20008257,20007654,unspecified_in_source,unspecified_in_source,unspecified_in_source,unspecified_in_source,unspecified_in_source,,,,pt_fare,,,not_encoded_in_source_revision_cutoff_only,2026-07-14,2026-07-20,,"[""gtfs:fare_rules.txt:791782|fare_attributes.txt:788782|fare_id:2001474-1-8-18"",""gtfs:fare_rules.txt:791794|fare_attributes.txt:858610|fare_id:2001474-1-8-30""]",data/transit/hongkong/PublicTransportGTFS/gtfs.zip,e5ad020b79d0020625a4e8eb5428c2253a07705b71bfb809d8a3fa178032ce06,2,1,unresolved_duplicate_identical,"[{""fare_attribute_line"":788782,""fare_id"":""2001474-1-8-18"",""fare_rule_line"":791782,""price"":8.8},{""fare_attribute_line"":858610,""fare_id"":""2001474-1-8-30"",""fare_rule_line"":791794,""price"":8.8}]",unresolved,A,U,unresolved,official_json_routeSeq_exact_full_stop_pattern_plus_ordered_gtfs_stop_od,multiple_identical_source_records_no_default_selection
exact_route_sequence_ordered_stop_od,GMB,line_gmb_2001474,gmb_2001474_1,2001474,1,1,20008259,20007654,unspecified_in_source,unspecified_in_source,unspecified_in_source,unspecified_in_source,unspecified_in_source,,,,pt_fare,,,not_encoded_in_source_revision_cutoff_only,2026-07-14,2026-07-20,,"[""gtfs:fare_rules.txt:791893|fare_attributes.txt:788032|fare_id:2001474-1-11-18"",""gtfs:fare_rules.txt:791905|fare_attributes.txt:858679|fare_id:2001474-1-11-30""]",data/transit/hongkong/PublicTransportGTFS/gtfs.zip,e5ad020b79d0020625a4e8eb5428c2253a07705b71bfb809d8a3fa178032ce06,2,1,unresolved_duplicate_identical,"[{""fare_attribute_line"":788032,""fare_id"":""2001474-1-11-18"",""fare_rule_line"":791893,""price"":8.8},{""fare_attribute_line"":858679,""fare_id"":""2001474-1-11-30"",""fare_rule_line"":791905,""price"":8.8}]",unresolved,A,U,unresolved,official_json_routeSeq_exact_full_stop_pattern_plus_ordered_gtfs_stop_od,multiple_identical_source_records_no_default_selection
exact_route_sequence_ordered_stop_od,GMB,line_gmb_2001474,gmb_2001474_1,2001474,1,1,20008260,20007654,unspecified_in_source,unspecified_in_source,unspecified_in_source,unspecified_in_source,unspecified_in_source,,,,pt_fare,,,not_encoded_in_source_revision_cutoff_only,2026-07-14,2026-07-20,,"[""gtfs:fare_rules.txt:791928|fare_attributes.txt:788044|fare_id:2001474-1-12-18"",""gtfs:fare_rules.txt:791940|fare_attributes.txt:857910|fare_id:2001474-1-12-30""]",data/transit/hongkong/PublicTransportGTFS/gtfs.zip,e5ad020b79d0020625a4e8eb5428c2253a07705b71bfb809d8a3fa178032ce06,2,1,unresolved_duplicate_identical,"[{""fare_attribute_line"":788044,""fare_id"":""2001474-1-12-18"",""fare_rule_line"":791928,""price"":8.8},{""fare_attribute_line"":857910,""fare_id"":""2001474-1-12-30"",""fare_rule_line"":791940,""price"":8.8}]",unresolved,A,U,unresolved,official_json_routeSeq_exact_full_stop_pattern_plus_ordered_gtfs_stop_od,multiple_identical_source_records_no_default_selection
exact_route_sequence_ordered_stop_od,GMB,line_gmb_2001474,gmb_2001474_1,2001474,1,1,20008261,20007654,unspecified_in_source,unspecified_in_source,unspecified_in_source,unspecified_in_source,unspecified_in_source,,,,pt_fare,,,not_encoded_in_source_revision_cutoff_only,2026-07-14,2026-07-20,,"[""gtfs:fare_rules.txt:792027|fare_attributes.txt:788074|fare_id:2001474-1-15-18"",""gtfs:fare_rules.txt:792039|fare_attributes.txt:857979|fare_id:2001474-1-15-30""]",data/transit/hongkong/PublicTransportGTFS/gtfs.zip,e5ad020b79d0020625a4e8eb5428c2253a07705b71bfb809d8a3fa178032ce06,2,1,unresolved_duplicate_identical,"[{""fare_attribute_line"":788074,""fare_id"":""2001474-1-15-18"",""fare_rule_line"":792027,""price"":8.8},{""fare_attribute_line"":857979,""fare_id"":""2001474-1-15-30"",""fare_rule_line"":792039,""price"":8.8}]",unresolved,A,U,unresolved,official_json_routeSeq_exact_full_stop_pattern_plus_ordered_gtfs_stop_od,multiple_identical_source_records_no_default_selection
exact_route_sequence_ordered_stop_od,GMB,line_gmb_2001474,gmb_2001474_1,2001474,1,1,20008277,20007654,unspecified_in_source,unspecified_in_source,unspecified_in_source,unspecified_in_source,unspecified_in_source,,,,pt_fare,,,not_encoded_in_source_revision_cutoff_only,2026-07-14,2026-07-20,,"[""gtfs:fare_rules.txt:792088|fare_attributes.txt:788089|fare_id:2001474-1-17-18"",""gtfs:fare_rules.txt:792100|fare_attributes.txt:858718|fare_id:2001474-1-17-30""]",data/transit/hongkong/PublicTransportGTFS/gtfs.zip,e5ad020b79d0020625a4e8eb5428c2253a07705b71bfb809d8a3fa178032ce06,2,1,unresolved_duplicate_identical,"[{""fare_attribute_line"":788089,""fare_id"":""2001474-1-17-18"",""fare_rule_line"":792088,""price"":7.2},{""fare_attribute_line"":858718,""fare_id"":""2001474-1-17-30"",""fare_rule_line"":792100,""price"":7.2}]",unresolved,A,U,unresolved,official_json_routeSeq_exact_full_stop_pattern_plus_ordered_gtfs_stop_od,multiple_identical_source_records_no_default_selection
exact_route_sequence_ordered_stop_od,GMB,line_gmb_2001740,gmb_2001740_1,2001740,1,1,20001312,20001363,unspecified_in_source,unspecified_in_source,unspecified_in_source,unspecified_in_source,unspecified_in_source,,,,pt_fare,,,not_encoded_in_source_revision_cutoff_only,2026-07-14,2026-07-20,,"[""gtfs:fare_rules.txt:794879|fare_attributes.txt:790707|fare_id:2001740-1-2-19"",""gtfs:fare_rules.txt:794884|fare_attributes.txt:859087|fare_id:2001740-1-2-24""]",data/transit/hongkong/PublicTransportGTFS/gtfs.zip,e5ad020b79d0020625a4e8eb5428c2253a07705b71bfb809d8a3fa178032ce06,2,1,unresolved_duplicate_identical,"[{""fare_attribute_line"":790707,""fare_id"":""2001740-1-2-19"",""fare_rule_line"":794879,""price"":9.3},{""fare_attribute_line"":859087,""fare_id"":""2001740-1-2-24"",""fare_rule_line"":794884,""price"":9.3}]",unresolved,A,U,unresolved,official_json_routeSeq_exact_full_stop_pattern_plus_ordered_gtfs_stop_od,multiple_identical_source_records_no_default_selection
exact_route_sequence_ordered_stop_od,GMB,line_gmb_2001740,gmb_2001740_1,2001740,1,1,20001312,20005041,unspecified_in_source,unspecified_in_source,unspecified_in_source,unspecified_in_source,unspecified_in_source,,,,pt_fare,,,not_encoded_in_source_revision_cutoff_only,2026-07-14,2026-07-20,,"[""gtfs:fare_rules.txt:794878|fare_attributes.txt:790706|fare_id:2001740-1-2-18"",""gtfs:fare_rules.txt:794883|fare_attributes.txt:859086|fare_id:2001740-1-2-23""]",data/transit/hongkong/PublicTransportGTFS/gtfs.zip,e5ad020b79d0020625a4e8eb5428c2253a07705b71bfb809d8a3fa178032ce06,2,1,unresolved_duplicate_identical,"[{""fare_attribute_line"":790706,""fare_id"":""2001740-1-2-18"",""fare_rule_line"":794878,""price"":9.3},{""fare_attribute_line"":859086,""fare_id"":""2001740-1-2-23"",""fare_rule_line"":794883,""price"":9.3}]",unresolved,A,U,unresolved,official_json_routeSeq_exact_full_stop_pattern_plus_ordered_gtfs_stop_od,multiple_identical_source_records_no_default_selection
exact_route_sequence_ordered_stop_od,GMB,line_gmb_2001740,gmb_2001740_1,2001740,1,1,20001313,20001363,unspecified_in_source,unspecified_in_source,unspecified_in_source,unspecified_in_source,unspecified_in_source,,,,pt_fare,,,not_encoded_in_source_revision_cutoff_only,2026-07-14,2026-07-20,,"[""gtfs:fare_rules.txt:794918|fare_attributes.txt:790724|fare_id:2001740-1-3-19"",""gtfs:fare_rules.txt:794923|fare_attributes.txt:859802|fare_id:2001740-1-3-24""]",data/transit/hongkong/PublicTransportGTFS/gtfs.zip,e5ad020b79d0020625a4e8eb5428c2253a07705b71bfb809d8a3fa178032ce06,2,1,unresolved_duplicate_identical,"[{""fare_attribute_line"":790724,""fare_id"":""2001740-1-3-19"",""fare_rule_line"":794918,""price"":9.3},{""fare_attribute_line"":859802,""fare_id"":""2001740-1-3-24"",""fare_rule_line"":794923,""price"":9.3}]",unresolved,A,U,unresolved,official_json_routeSeq_exact_full_stop_pattern_plus_ordered_gtfs_stop_od,multiple_identical_source_records_no_default_selection
exact_route_sequence_ordered_stop_od,GMB,line_gmb_2001740,gmb_2001740_1,2001740,1,1,20001313,20005041,unspecified_in_source,unspecified_in_source,unspecified_in_source,unspecified_in_source,unspecified_in_source,,,,pt_fare,,,not_encoded_in_source_revision_cutoff_only,2026-07-14,2026-07-20,,"[""gtfs:fare_rules.txt:794917|fare_attributes.txt:790723|fare_id:2001740-1-3-18"",""gtfs:fare_rules.txt:794922|fare_attributes.txt:859801|fare_id:2001740-1-3-23""]",data/transit/hongkong/PublicTransportGTFS/gtfs.zip,e5ad020b79d0020625a4e8eb5428c2253a07705b71bfb809d8a3fa178032ce06,2,1,unresolved_duplicate_identical,"[{""fare_attribute_line"":790723,""fare_id"":""2001740-1-3-18"",""fare_rule_line"":794917,""price"":9.3},{""fare_attribute_line"":859801,""fare_id"":""2001740-1-3-23"",""fare_rule_line"":794922,""price"":9.3}]",unresolved,A,U,unresolved,official_json_routeSeq_exact_full_stop_pattern_plus_ordered_gtfs_stop_od,multiple_identical_source_records_no_default_selection
exact_route_sequence_ordered_stop_od,GMB,line_gmb_2001740,gmb_2001740_1,2001740,1,1,20001314,20001363,unspecified_in_source,unspecified_in_source,unspecified_in_source,unspecified_in_source,unspecified_in_source,,,,pt_fare,,,not_encoded_in_source_revision_cutoff_only,2026-07-14,2026-07-20,,"[""gtfs:fare_rules.txt:794956|fare_attributes.txt:790740|fare_id:2001740-1-4-19"",""gtfs:fare_rules.txt:794961|fare_attributes.txt:859824|fare_id:2001740-1-4-24""]",data/transit/hongkong/PublicTransportGTFS/gtfs.zip,e5ad020b79d0020625a4e8eb5428c2253a07705b71bfb809d8a3fa178032ce06,2,1,unresolved_duplicate_identical,"[{""fare_attribute_line"":790740,""fare_id"":""2001740-1-4-19"",""fare_rule_line"":794956,""price"":9.3},{""fare_attribute_line"":859824,""fare_id"":""2001740-1-4-24"",""fare_rule_line"":794961,""price"":9.3}]",unresolved,A,U,unresolved,official_json_routeSeq_exact_full_stop_pattern_plus_ordered_gtfs_stop_od,multiple_identical_source_records_no_default_selection
exact_route_sequence_ordered_stop_od,GMB,line_gmb_2001740,gmb_2001740_1,2001740,1,1,20001314,20005041,unspecified_in_source,unspecified_in_source,unspecified_in_source,unspecified_in_source,unspecified_in_source,,,,pt_fare,,,not_encoded_in_source_revision_cutoff_only,2026-07-14,2026-07-20,,"[""gtfs:fare_rules.txt:794955|fare_attributes.txt:790739|fare_id:2001740-1-4-18"",""gtfs:fare_rules.txt:794960|fare_attributes.txt:859823|fare_id:2001740-1-4-23""]",data/transit/hongkong/PublicTransportGTFS/gtfs.zip,e5ad020b79d0020625a4e8eb5428c2253a07705b71bfb809d8a3fa178032ce06,2,1,unresolved_duplicate_identical,"[{""fare_attribute_line"":790739,""fare_id"":""2001740-1-4-18"",""fare_rule_line"":794955,""price"":9.3},{""fare_attribute_line"":859823,""fare_id"":""2001740-1-4-23"",""fare_rule_line"":794960,""price"":9.3}]",unresolved,A,U,unresolved,official_json_routeSeq_exact_full_stop_pattern_plus_ordered_gtfs_stop_od,multiple_identical_source_records_no_default_selection
exact_route_sequence_ordered_stop_od,GMB,line_gmb_2001740,gmb_2001740_1,2001740,1,1,20001344,20001363,unspecified_in_source,unspecified_in_source,unspecified_in_source,unspecified_in_source,unspecified_in_source,,,,pt_fare,,,not_encoded_in_source_revision_cutoff_only,2026-07-14,2026-07-20,,"[""gtfs:fare_rules.txt:794839|fare_attributes.txt:790689|fare_id:2001740-1-1-19"",""gtfs:fare_rules.txt:794844|fare_attributes.txt:859065|fare_id:2001740-1-1-24""]",data/transit/hongkong/PublicTransportGTFS/gtfs.zip,e5ad020b79d0020625a4e8eb5428c2253a07705b71bfb809d8a3fa178032ce06,2,1,unresolved_duplicate_identical,"[{""fare_attribute_line"":790689,""fare_id"":""2001740-1-1-19"",""fare_rule_line"":794839,""price"":9.3},{""fare_attribute_line"":859065,""fare_id"":""2001740-1-1-24"",""fare_rule_line"":794844,""price"":9.3}]",unresolved,A,U,unresolved,official_json_routeSeq_exact_full_stop_pattern_plus_ordered_gtfs_stop_od,multiple_identical_source_records_no_default_selection
exact_route_sequence_ordered_stop_od,GMB,line_gmb_2001740,gmb_2001740_1,2001740,1,1,20001344,20005041,unspecified_in_source,unspecified_in_source,unspecified_in_source,unspecified_in_source,unspecified_in_source,,,,pt_fare,,,not_encoded_in_source_revision_cutoff_only,2026-07-14,2026-07-20,,"[""gtfs:fare_rules.txt:794838|fare_attributes.txt:790688|fare_id:2001740-1-1-18"",""gtfs:fare_rules.txt:794843|fare_attributes.txt:859064|fare_id:2001740-1-1-23""]",data/transit/hongkong/PublicTransportGTFS/gtfs.zip,e5ad020b79d0020625a4e8eb5428c2253a07705b71bfb809d8a3fa178032ce06,2,1,unresolved_duplicate_identical,"[{""fare_attribute_line"":790688,""fare_id"":""2001740-1-1-18"",""fare_rule_line"":794838,""price"":9.3},{""fare_attribute_line"":859064,""fare_id"":""2001740-1-1-23"",""fare_rule_line"":794843,""price"":9.3}]",unresolved,A,U,unresolved,official_json_routeSeq_exact_full_stop_pattern_plus_ordered_gtfs_stop_od,multiple_identical_source_records_no_default_selection
exact_route_sequence_ordered_stop_od,GMB,line_gmb_2001740,gmb_2001740_1,2001740,1,1,20001346,20001363,unspecified_in_source,unspecified_in_source,unspecified_in_source,unspecified_in_source,unspecified_in_source,,,,pt_fare,,,not_encoded_in_source_revision_cutoff_only,2026-07-14,2026-07-20,,"[""gtfs:fare_rules.txt:794993|fare_attributes.txt:790755|fare_id:2001740-1-5-19"",""gtfs:fare_rules.txt:794998|fare_attributes.txt:859846|fare_id:2001740-1-5-24""]",data/transit/hongkong/PublicTransportGTFS/gtfs.zip,e5ad020b79d0020625a4e8eb5428c2253a07705b71bfb809d8a3fa178032ce06,2,1,unresolved_duplicate_identical,"[{""fare_attribute_line"":790755,""fare_id"":""2001740-1-5-19"",""fare_rule_line"":794993,""price"":9.3},{""fare_attribute_line"":859846,""fare_id"":""2001740-1-5-24"",""fare_rule_line"":794998,""price"":9.3}]",unresolved,A,U,unresolved,official_json_routeSeq_exact_full_stop_pattern_plus_ordered_gtfs_stop_od,multiple_identical_source_records_no_default_selection
exact_route_sequence_ordered_stop_od,GMB,line_gmb_2001740,gmb_2001740_1,2001740,1,1,20001346,20005041,unspecified_in_source,unspecified_in_source,unspecified_in_source,unspecified_in_source,unspecified_in_source,,,,pt_fare,,,not_encoded_in_source_revision_cutoff_only,2026-07-14,2026-07-20,,"[""gtfs:fare_rules.txt:794992|fare_attributes.txt:790754|fare_id:2001740-1-5-18"",""gtfs:fare_rules.txt:794997|fare_attributes.txt:859845|fare_id:2001740-1-5-23""]",data/transit/hongkong/PublicTransportGTFS/gtfs.zip,e5ad020b79d0020625a4e8eb5428c2253a07705b71bfb809d8a3fa178032ce06,2,1,unresolved_duplicate_identical,"[{""fare_attribute_line"":790754,""fare_id"":""2001740-1-5-18"",""fare_rule_line"":794992,""price"":9.3},{""fare_attribute_line"":859845,""fare_id"":""2001740-1-5-23"",""fare_rule_line"":794997,""price"":9.3}]",unresolved,A,U,unresolved,official_json_routeSeq_exact_full_stop_pattern_plus_ordered_gtfs_stop_od,multiple_identical_source_records_no_default_selection
exact_route_sequence_ordered_stop_od,GMB,line_gmb_2001740,gmb_2001740_1,2001740,1,1,20001347,20001363,unspecified_in_source,unspecified_in_source,unspecified_in_source,unspecified_in_source,unspecified_in_source,,,,pt_fare,,,not_encoded_in_source_revision_cutoff_only,2026-07-14,2026-07-20,,"[""gtfs:fare_rules.txt:795029|fare_attributes.txt:790769|fare_id:2001740-1-6-19"",""gtfs:fare_rules.txt:795034|fare_attributes.txt:859868|fare_id:2001740-1-6-24""]",data/transit/hongkong/PublicTransportGTFS/gtfs.zip,e5ad020b79d0020625a4e8eb5428c2253a07705b71bfb809d8a3fa178032ce06,2,1,unresolved_duplicate_identical,"[{""fare_attribute_line"":790769,""fare_id"":""2001740-1-6-19"",""fare_rule_line"":795029,""price"":9.3},{""fare_attribute_line"":859868,""fare_id"":""2001740-1-6-24"",""fare_rule_line"":795034,""price"":9.3}]",unresolved,A,U,unresolved,official_json_routeSeq_exact_full_stop_pattern_plus_ordered_gtfs_stop_od,multiple_identical_source_records_no_default_selection
exact_route_sequence_ordered_stop_od,GMB,line_gmb_2001740,gmb_2001740_1,2001740,1,1,20001347,20005041,unspecified_in_source,unspecified_in_source,unspecified_in_source,unspecified_in_source,unspecified_in_source,,,,pt_fare,,,not_encoded_in_source_revision_cutoff_only,2026-07-14,2026-07-20,,"[""gtfs:fare_rules.txt:795028|fare_attributes.txt:790768|fare_id:2001740-1-6-18"",""gtfs:fare_rules.txt:795033|fare_attributes.txt:859867|fare_id:2001740-1-6-23""]",data/transit/hongkong/PublicTransportGTFS/gtfs.zip,e5ad020b79d0020625a4e8eb5428c2253a07705b71bfb809d8a3fa178032ce06,2,1,unresolved_duplicate_identical,"[{""fare_attribute_line"":790768,""fare_id"":""2001740-1-6-18"",""fare_rule_line"":795028,""price"":9.3},{""fare_attribute_line"":859867,""fare_id"":""2001740-1-6-23"",""fare_rule_line"":795033,""price"":9.3}]",unresolved,A,U,unresolved,official_json_routeSeq_exact_full_stop_pattern_plus_ordered_gtfs_stop_od,multiple_identical_source_records_no_default_selection
exact_route_sequence_ordered_stop_od,GMB,line_gmb_2001740,gmb_2001740_1,2001740,1,1,20001349,20001363,unspecified_in_source,unspecified_in_source,unspecified_in_source,unspecified_in_source,unspecified_in_source,,,,pt_fare,,,not_encoded_in_source_revision_cutoff_only,2026-07-14,2026-07-20,,"[""gtfs:fare_rules.txt:795098|fare_attributes.txt:790794|fare_id:2001740-1-8-19"",""gtfs:fare_rules.txt:795103|fare_attributes.txt:859120|fare_id:2001740-1-8-24""]",data/transit/hongkong/PublicTransportGTFS/gtfs.zip,e5ad020b79d0020625a4e8eb5428c2253a07705b71bfb809d8a3fa178032ce06,2,1,unresolved_duplicate_identical,"[{""fare_attribute_line"":790794,""fare_id"":""2001740-1-8-19"",""fare_rule_line"":795098,""price"":7.8},{""fare_attribute_line"":859120,""fare_id"":""2001740-1-8-24"",""fare_rule_line"":795103,""price"":7.8}]",unresolved,A,U,unresolved,official_json_routeSeq_exact_full_stop_pattern_plus_ordered_gtfs_stop_od,multiple_identical_source_records_no_default_selection
exact_route_sequence_ordered_stop_od,GMB,line_gmb_2001740,gmb_2001740_1,2001740,1,1,20001349,20005041,unspecified_in_source,unspecified_in_source,unspecified_in_source,unspecified_in_source,unspecified_in_source,,,,pt_fare,,,not_encoded_in_source_revision_cutoff_only,2026-07-14,2026-07-20,,"[""gtfs:fare_rules.txt:795097|fare_attributes.txt:790793|fare_id:2001740-1-8-18"",""gtfs:fare_rules.txt:795102|fare_attributes.txt:859119|fare_id:2001740-1-8-23""]",data/transit/hongkong/PublicTransportGTFS/gtfs.zip,e5ad020b79d0020625a4e8eb5428c2253a07705b71bfb809d8a3fa178032ce06,2,1,unresolved_duplicate_identical,"[{""fare_attribute_line"":790793,""fare_id"":""2001740-1-8-18"",""fare_rule_line"":795097,""price"":7.8},{""fare_attribute_line"":859119,""fare_id"":""2001740-1-8-23"",""fare_rule_line"":795102,""price"":7.8}]",unresolved,A,U,unresolved,official_json_routeSeq_exact_full_stop_pattern_plus_ordered_gtfs_stop_od,multiple_identical_source_records_no_default_selection
exact_route_sequence_ordered_stop_od,GMB,line_gmb_2001740,gmb_2001740_1,2001740,1,1,20001363,20001368,unspecified_in_source,unspecified_in_source,unspecified_in_source,unspecified_in_source,unspecified_in_source,,,,pt_fare,,,not_encoded_in_source_revision_cutoff_only,2026-07-14,2026-07-20,,"[""gtfs:fare_rules.txt:795412|fare_attributes.txt:859264|fare_id:2001740-1-19-25"",""gtfs:fare_rules.txt:795512|fare_attributes.txt:791637|fare_id:2001740-1-24-25""]",data/transit/hongkong/PublicTransportGTFS/gtfs.zip,e5ad020b79d0020625a4e8eb5428c2253a07705b71bfb809d8a3fa178032ce06,2,1,unresolved_duplicate_identical,"[{""fare_attribute_line"":859264,""fare_id"":""2001740-1-19-25"",""fare_rule_line"":795412,""price"":5.8},{""fare_attribute_line"":791637,""fare_id"":""2001740-1-24-25"",""fare_rule_line"":795512,""price"":5.8}]",unresolved,A,U,unresolved,official_json_routeSeq_exact_full_stop_pattern_plus_ordered_gtfs_stop_od,multiple_identical_source_records_no_default_selection
exact_route_sequence_ordered_stop_od,GMB,line_gmb_2001740,gmb_2001740_1,2001740,1,1,20002034,20001363,unspecified_in_source,unspecified_in_source,unspecified_in_source,unspecified_in_source,unspecified_in_source,,,,pt_fare,,,not_encoded_in_source_revision_cutoff_only,2026-07-14,2026-07-20,,"[""gtfs:fare_rules.txt:795131|fare_attributes.txt:790805|fare_id:2001740-1-9-19"",""gtfs:fare_rules.txt:795136|fare_attributes.txt:859142|fare_id:2001740-1-9-24""]",data/transit/hongkong/PublicTransportGTFS/gtfs.zip,e5ad020b79d0020625a4e8eb5428c2253a07705b71bfb809d8a3fa178032ce06,2,1,unresolved_duplicate_identical,"[{""fare_attribute_line"":790805,""fare_id"":""2001740-1-9-19"",""fare_rule_line"":795131,""price"":7.8},{""fare_attribute_line"":859142,""fare_id"":""2001740-1-9-24"",""fare_rule_line"":795136,""price"":7.8}]",unresolved,A,U,unresolved,official_json_routeSeq_exact_full_stop_pattern_plus_ordered_gtfs_stop_od,multiple_identical_source_records_no_default_selection
exact_route_sequence_ordered_stop_od,GMB,line_gmb_2001740,gmb_2001740_1,2001740,1,1,20002034,20005041,unspecified_in_source,unspecified_in_source,unspecified_in_source,unspecified_in_source,unspecified_in_source,,,,pt_fare,,,not_encoded_in_source_revision_cutoff_only,2026-07-14,2026-07-20,,"[""gtfs:fare_rules.txt:795130|fare_attributes.txt:790804|fare_id:2001740-1-9-18"",""gtfs:fare_rules.txt:795135|fare_attributes.txt:859141|fare_id:2001740-1-9-23""]",data/transit/hongkong/PublicTransportGTFS/gtfs.zip,e5ad020b79d0020625a4e8eb5428c2253a07705b71bfb809d8a3fa178032ce06,2,1,unresolved_duplicate_identical,"[{""fare_attribute_line"":790804,""fare_id"":""2001740-1-9-18"",""fare_rule_line"":795130,""price"":7.8},{""fare_attribute_line"":859141,""fare_id"":""2001740-1-9-23"",""fare_rule_line"":795135,""price"":7.8}]",unresolved,A,U,unresolved,official_json_routeSeq_exact_full_stop_pattern_plus_ordered_gtfs_stop_od,multiple_identical_source_records_no_default_selection
exact_route_sequence_ordered_stop_od,GMB,line_gmb_2001740,gmb_2001740_1,2001740,1,1,20002036,20001363,unspecified_in_source,unspecified_in_source,unspecified_in_source,unspecified_in_source,unspecified_in_source,,,,pt_fare,,,not_encoded_in_source_revision_cutoff_only,2026-07-14,2026-07-20,,"[""gtfs:fare_rules.txt:795194|fare_attributes.txt:790824|fare_id:2001740-1-11-19"",""gtfs:fare_rules.txt:795199|fare_attributes.txt:859186|fare_id:2001740-1-11-24""]",data/transit/hongkong/PublicTransportGTFS/gtfs.zip,e5ad020b79d0020625a4e8eb5428c2253a07705b71bfb809d8a3fa178032ce06,2,1,unresolved_duplicate_identical,"[{""fare_attribute_line"":790824,""fare_id"":""2001740-1-11-19"",""fare_rule_line"":795194,""price"":7.8},{""fare_attribute_line"":859186,""fare_id"":""2001740-1-11-24"",""fare_rule_line"":795199,""price"":7.8}]",unresolved,A,U,unresolved,official_json_routeSeq_exact_full_stop_pattern_plus_ordered_gtfs_stop_od,multiple_identical_source_records_no_default_selection
exact_route_sequence_ordered_stop_od,GMB,line_gmb_2001740,gmb_2001740_1,2001740,1,1,20002036,20005041,unspecified_in_source,unspecified_in_source,unspecified_in_source,unspecified_in_source,unspecified_in_source,,,,pt_fare,,,not_encoded_in_source_revision_cutoff_only,2026-07-14,2026-07-20,,"[""gtfs:fare_rules.txt:795193|fare_attributes.txt:790823|fare_id:2001740-1-11-18"",""gtfs:fare_rules.txt:795198|fare_attributes.txt:859185|fare_id:2001740-1-11-23""]",data/transit/hongkong/PublicTransportGTFS/gtfs.zip,e5ad020b79d0020625a4e8eb5428c2253a07705b71bfb809d8a3fa178032ce06,2,1,unresolved_duplicate_identical,"[{""fare_attribute_line"":790823,""fare_id"":""2001740-1-11-18"",""fare_rule_line"":795193,""price"":7.8},{""fare_attribute_line"":859185,""fare_id"":""2001740-1-11-23"",""fare_rule_line"":795198,""price"":7.8}]",unresolved,A,U,unresolved,official_json_routeSeq_exact_full_stop_pattern_plus_ordered_gtfs_stop_od,multiple_identical_source_records_no_default_selection
exact_route_sequence_ordered_stop_od,GMB,line_gmb_2001740,gmb_2001740_1,2001740,1,1,20002037,20001363,unspecified_in_source,unspecified_in_source,unspecified_in_source,unspecified_in_source,unspecified_in_source,,,,pt_fare,,,not_encoded_in_source_revision_cutoff_only,2026-07-14,2026-07-20,,"[""gtfs:fare_rules.txt:795224|fare_attributes.txt:790832|fare_id:2001740-1-12-19"",""gtfs:fare_rules.txt:795229|fare_attributes.txt:859901|fare_id:2001740-1-12-24""]",data/transit/hongkong/PublicTransportGTFS/gtfs.zip,e5ad020b79d0020625a4e8eb5428c2253a07705b71bfb809d8a3fa178032ce06,2,1,unresolved_duplicate_identical,"[{""fare_attribute_line"":790832,""fare_id"":""2001740-1-12-19"",""fare_rule_line"":795224,""price"":7.8},{""fare_attribute_line"":859901,""fare_id"":""2001740-1-12-24"",""fare_rule_line"":795229,""price"":7.8}]",unresolved,A,U,unresolved,official_json_routeSeq_exact_full_stop_pattern_plus_ordered_gtfs_stop_od,multiple_identical_source_records_no_default_selection
exact_route_sequence_ordered_stop_od,GMB,line_gmb_2001740,gmb_2001740_1,2001740,1,1,20002037,20005041,unspecified_in_source,unspecified_in_source,unspecified_in_source,unspecified_in_source,unspecified_in_source,,,,pt_fare,,,not_encoded_in_source_revision_cutoff_only,2026-07-14,2026-07-20,,"[""gtfs:fare_rules.txt:795223|fare_attributes.txt:790831|fare_id:2001740-1-12-18"",""gtfs:fare_rules.txt:795228|fare_attributes.txt:859900|fare_id:2001740-1-12-23""]",data/transit/hongkong/PublicTransportGTFS/gtfs.zip,e5ad020b79d0020625a4e8eb5428c2253a07705b71bfb809d8a3fa178032ce06,2,1,unresolved_duplicate_identical,"[{""fare_attribute_line"":790831,""fare_id"":""2001740-1-12-18"",""fare_rule_line"":795223,""price"":7.8},{""fare_attribute_line"":859900,""fare_id"":""2001740-1-12-23"",""fare_rule_line"":795228,""price"":7.8}]",unresolved,A,U,unresolved,official_json_routeSeq_exact_full_stop_pattern_plus_ordered_gtfs_stop_od,multiple_identical_source_records_no_default_selection
exact_route_sequence_ordered_stop_od,GMB,line_gmb_2001740,gmb_2001740_1,2001740,1,1,20002040,20001363,unspecified_in_source,unspecified_in_source,unspecified_in_source,unspecified_in_source,unspecified_in_source,,,,pt_fare,,,not_encoded_in_source_revision_cutoff_only,2026-07-14,2026-07-20,,"[""gtfs:fare_rules.txt:795308|fare_attributes.txt:790850|fare_id:2001740-1-15-19"",""gtfs:fare_rules.txt:795313|fare_attributes.txt:859967|fare_id:2001740-1-15-24""]",data/transit/hongkong/PublicTransportGTFS/gtfs.zip,e5ad020b79d0020625a4e8eb5428c2253a07705b71bfb809d8a3fa178032ce06,2,1,unresolved_duplicate_identical,"[{""fare_attribute_line"":790850,""fare_id"":""2001740-1-15-19"",""fare_rule_line"":795308,""price"":7.8},{""fare_attribute_line"":859967,""fare_id"":""2001740-1-15-24"",""fare_rule_line"":795313,""price"":7.8}]",unresolved,A,U,unresolved,official_json_routeSeq_exact_full_stop_pattern_plus_ordered_gtfs_stop_od,multiple_identical_source_records_no_default_selection
exact_route_sequence_ordered_stop_od,GMB,line_gmb_2001740,gmb_2001740_1,2001740,1,1,20002040,20005041,unspecified_in_source,unspecified_in_source,unspecified_in_source,unspecified_in_source,unspecified_in_source,,,,pt_fare,,,not_encoded_in_source_revision_cutoff_only,2026-07-14,2026-07-20,,"[""gtfs:fare_rules.txt:795307|fare_attributes.txt:790849|fare_id:2001740-1-15-18"",""gtfs:fare_rules.txt:795312|fare_attributes.txt:859966|fare_id:2001740-1-15-23""]",data/transit/hongkong/PublicTransportGTFS/gtfs.zip,e5ad020b79d0020625a4e8eb5428c2253a07705b71bfb809d8a3fa178032ce06,2,1,unresolved_duplicate_identical,"[{""fare_attribute_line"":790849,""fare_id"":""2001740-1-15-18"",""fare_rule_line"":795307,""price"":7.8},{""fare_attribute_line"":859966,""fare_id"":""2001740-1-15-23"",""fare_rule_line"":795312,""price"":7.8}]",unresolved,A,U,unresolved,official_json_routeSeq_exact_full_stop_pattern_plus_ordered_gtfs_stop_od,multiple_identical_source_records_no_default_selection
exact_route_sequence_ordered_stop_od,GMB,line_gmb_2001740,gmb_2001740_1,2001740,1,1,20002043,20001363,unspecified_in_source,unspecified_in_source,unspecified_in_source,unspecified_in_source,unspecified_in_source,,,,pt_fare,,,not_encoded_in_source_revision_cutoff_only,2026-07-14,2026-07-20,,"[""gtfs:fare_rules.txt:795359|fare_attributes.txt:790857|fare_id:2001740-1-17-19"",""gtfs:fare_rules.txt:795364|fare_attributes.txt:859219|fare_id:2001740-1-17-24""]",data/transit/hongkong/PublicTransportGTFS/gtfs.zip,e5ad020b79d0020625a4e8eb5428c2253a07705b71bfb809d8a3fa178032ce06,2,1,unresolved_duplicate_identical,"[{""fare_attribute_line"":790857,""fare_id"":""2001740-1-17-19"",""fare_rule_line"":795359,""price"":5.8},{""fare_attribute_line"":859219,""fare_id"":""2001740-1-17-24"",""fare_rule_line"":795364,""price"":5.8}]",unresolved,A,U,unresolved,official_json_routeSeq_exact_full_stop_pattern_plus_ordered_gtfs_stop_od,multiple_identical_source_records_no_default_selection
exact_route_sequence_ordered_stop_od,GMB,line_gmb_2001740,gmb_2001740_1,2001740,1,1,20002043,20005041,unspecified_in_source,unspecified_in_source,unspecified_in_source,unspecified_in_source,unspecified_in_source,,,,pt_fare,,,not_encoded_in_source_revision_cutoff_only,2026-07-14,2026-07-20,,"[""gtfs:fare_rules.txt:795358|fare_attributes.txt:790856|fare_id:2001740-1-17-18"",""gtfs:fare_rules.txt:795363|fare_attributes.txt:859218|fare_id:2001740-1-17-23""]",data/transit/hongkong/PublicTransportGTFS/gtfs.zip,e5ad020b79d0020625a4e8eb5428c2253a07705b71bfb809d8a3fa178032ce06,2,1,unresolved_duplicate_identical,"[{""fare_attribute_line"":790856,""fare_id"":""2001740-1-17-18"",""fare_rule_line"":795358,""price"":5.8},{""fare_attribute_line"":859218,""fare_id"":""2001740-1-17-23"",""fare_rule_line"":795363,""price"":5.8}]",unresolved,A,U,unresolved,official_json_routeSeq_exact_full_stop_pattern_plus_ordered_gtfs_stop_od,multiple_identical_source_records_no_default_selection
exact_route_sequence_ordered_stop_od,GMB,line_gmb_2001740,gmb_2001740_1,2001740,1,1,20002057,20001363,unspecified_in_source,unspecified_in_source,unspecified_in_source,unspecified_in_source,unspecified_in_source,,,,pt_fare,,,not_encoded_in_source_revision_cutoff_only,2026-07-14,2026-07-20,,"[""gtfs:fare_rules.txt:795281|fare_attributes.txt:790845|fare_id:2001740-1-14-19"",""gtfs:fare_rules.txt:795286|fare_attributes.txt:859945|fare_id:2001740-1-14-24""]",data/transit/hongkong/PublicTransportGTFS/gtfs.zip,e5ad020b79d0020625a4e8eb5428c2253a07705b71bfb809d8a3fa178032ce06,2,1,unresolved_duplicate_identical,"[{""fare_attribute_line"":790845,""fare_id"":""2001740-1-14-19"",""fare_rule_line"":795281,""price"":7.8},{""fare_attribute_line"":859945,""fare_id"":""2001740-1-14-24"",""fare_rule_line"":795286,""price"":7.8}]",unresolved,A,U,unresolved,official_json_routeSeq_exact_full_stop_pattern_plus_ordered_gtfs_stop_od,multiple_identical_source_records_no_default_selection
exact_route_sequence_ordered_stop_od,GMB,line_gmb_2001740,gmb_2001740_1,2001740,1,1,20002057,20005041,unspecified_in_source,unspecified_in_source,unspecified_in_source,unspecified_in_source,unspecified_in_source,,,,pt_fare,,,not_encoded_in_source_revision_cutoff_only,2026-07-14,2026-07-20,,"[""gtfs:fare_rules.txt:795280|fare_attributes.txt:790844|fare_id:2001740-1-14-18"",""gtfs:fare_rules.txt:795285|fare_attributes.txt:859944|fare_id:2001740-1-14-23""]",data/transit/hongkong/PublicTransportGTFS/gtfs.zip,e5ad020b79d0020625a4e8eb5428c2253a07705b71bfb809d8a3fa178032ce06,2,1,unresolved_duplicate_identical,"[{""fare_attribute_line"":790844,""fare_id"":""2001740-1-14-18"",""fare_rule_line"":795280,""price"":7.8},{""fare_attribute_line"":859944,""fare_id"":""2001740-1-14-23"",""fare_rule_line"":795285,""price"":7.8}]",unresolved,A,U,unresolved,official_json_routeSeq_exact_full_stop_pattern_plus_ordered_gtfs_stop_od,multiple_identical_source_records_no_default_selection
exact_route_sequence_ordered_stop_od,GMB,line_gmb_2001740,gmb_2001740_1,2001740,1,1,20002058,20001363,unspecified_in_source,unspecified_in_source,unspecified_in_source,unspecified_in_source,unspecified_in_source,,,,pt_fare,,,not_encoded_in_source_revision_cutoff_only,2026-07-14,2026-07-20,,"[""gtfs:fare_rules.txt:795334|fare_attributes.txt:790854|fare_id:2001740-1-16-19"",""gtfs:fare_rules.txt:795339|fare_attributes.txt:859197|fare_id:2001740-1-16-24""]",data/transit/hongkong/PublicTransportGTFS/gtfs.zip,e5ad020b79d0020625a4e8eb5428c2253a07705b71bfb809d8a3fa178032ce06,2,1,unresolved_duplicate_identical,"[{""fare_attribute_line"":790854,""fare_id"":""2001740-1-16-19"",""fare_rule_line"":795334,""price"":7.8},{""fare_attribute_line"":859197,""fare_id"":""2001740-1-16-24"",""fare_rule_line"":795339,""price"":7.8}]",unresolved,A,U,unresolved,official_json_routeSeq_exact_full_stop_pattern_plus_ordered_gtfs_stop_od,multiple_identical_source_records_no_default_selection
exact_route_sequence_ordered_stop_od,GMB,line_gmb_2001740,gmb_2001740_1,2001740,1,1,20002058,20005041,unspecified_in_source,unspecified_in_source,unspecified_in_source,unspecified_in_source,unspecified_in_source,,,,pt_fare,,,not_encoded_in_source_revision_cutoff_only,2026-07-14,2026-07-20,,"[""gtfs:fare_rules.txt:795333|fare_attributes.txt:790853|fare_id:2001740-1-16-18"",""gtfs:fare_rules.txt:795338|fare_attributes.txt:859196|fare_id:2001740-1-16-23""]",data/transit/hongkong/PublicTransportGTFS/gtfs.zip,e5ad020b79d0020625a4e8eb5428c2253a07705b71bfb809d8a3fa178032ce06,2,1,unresolved_duplicate_identical,"[{""fare_attribute_line"":790853,""fare_id"":""2001740-1-16-18"",""fare_rule_line"":795333,""price"":7.8},{""fare_attribute_line"":859196,""fare_id"":""2001740-1-16-23"",""fare_rule_line"":795338,""price"":7.8}]",unresolved,A,U,unresolved,official_json_routeSeq_exact_full_stop_pattern_plus_ordered_gtfs_stop_od,multiple_identical_source_records_no_default_selection
exact_route_sequence_ordered_stop_od,GMB,line_gmb_2001740,gmb_2001740_1,2001740,1,1,20002430,20001363,unspecified_in_source,unspecified_in_source,unspecified_in_source,unspecified_in_source,unspecified_in_source,,,,pt_fare,,,not_encoded_in_source_revision_cutoff_only,2026-07-14,2026-07-20,,"[""gtfs:fare_rules.txt:795064|fare_attributes.txt:790782|fare_id:2001740-1-7-19"",""gtfs:fare_rules.txt:795069|fare_attributes.txt:859098|fare_id:2001740-1-7-24""]",data/transit/hongkong/PublicTransportGTFS/gtfs.zip,e5ad020b79d0020625a4e8eb5428c2253a07705b71bfb809d8a3fa178032ce06,2,1,unresolved_duplicate_identical,"[{""fare_attribute_line"":790782,""fare_id"":""2001740-1-7-19"",""fare_rule_line"":795064,""price"":9.3},{""fare_attribute_line"":859098,""fare_id"":""2001740-1-7-24"",""fare_rule_line"":795069,""price"":9.3}]",unresolved,A,U,unresolved,official_json_routeSeq_exact_full_stop_pattern_plus_ordered_gtfs_stop_od,multiple_identical_source_records_no_default_selection
exact_route_sequence_ordered_stop_od,GMB,line_gmb_2001740,gmb_2001740_1,2001740,1,1,20002430,20005041,unspecified_in_source,unspecified_in_source,unspecified_in_source,unspecified_in_source,unspecified_in_source,,,,pt_fare,,,not_encoded_in_source_revision_cutoff_only,2026-07-14,2026-07-20,,"[""gtfs:fare_rules.txt:795063|fare_attributes.txt:790781|fare_id:2001740-1-7-18"",""gtfs:fare_rules.txt:795068|fare_attributes.txt:859097|fare_id:2001740-1-7-23""]",data/transit/hongkong/PublicTransportGTFS/gtfs.zip,e5ad020b79d0020625a4e8eb5428c2253a07705b71bfb809d8a3fa178032ce06,2,1,unresolved_duplicate_identical,"[{""fare_attribute_line"":790781,""fare_id"":""2001740-1-7-18"",""fare_rule_line"":795063,""price"":9.3},{""fare_attribute_line"":859097,""fare_id"":""2001740-1-7-23"",""fare_rule_line"":795068,""price"":9.3}]",unresolved,A,U,unresolved,official_json_routeSeq_exact_full_stop_pattern_plus_ordered_gtfs_stop_od,multiple_identical_source_records_no_default_selection
exact_route_sequence_ordered_stop_od,GMB,line_gmb_2001740,gmb_2001740_1,2001740,1,1,20005041,20001363,unspecified_in_source,unspecified_in_source,unspecified_in_source,unspecified_in_source,unspecified_in_source,,,,pt_fare,,,not_encoded_in_source_revision_cutoff_only,2026-07-14,2026-07-20,,"[""gtfs:fare_rules.txt:795383|fare_attributes.txt:790859|fare_id:2001740-1-18-19"",""gtfs:fare_rules.txt:795388|fare_attributes.txt:859241|fare_id:2001740-1-18-24"",""gtfs:fare_rules.txt:795493|fare_attributes.txt:791618|fare_id:2001740-1-23-24""]",data/transit/hongkong/PublicTransportGTFS/gtfs.zip,e5ad020b79d0020625a4e8eb5428c2253a07705b71bfb809d8a3fa178032ce06,3,1,unresolved_duplicate_identical,"[{""fare_attribute_line"":790859,""fare_id"":""2001740-1-18-19"",""fare_rule_line"":795383,""price"":5.8},{""fare_attribute_line"":859241,""fare_id"":""2001740-1-18-24"",""fare_rule_line"":795388,""price"":5.8},{""fare_attribute_line"":791618,""fare_id"":""2001740-1-23-24"",""fare_rule_line"":795493,""price"":5.8}]",unresolved,A,U,unresolved,official_json_routeSeq_exact_full_stop_pattern_plus_ordered_gtfs_stop_od,multiple_identical_source_records_no_default_selection
exact_route_sequence_ordered_stop_od,GMB,line_gmb_2001740,gmb_2001740_1,2001740,1,1,20005041,20001368,unspecified_in_source,unspecified_in_source,unspecified_in_source,unspecified_in_source,unspecified_in_source,,,,pt_fare,,,not_encoded_in_source_revision_cutoff_only,2026-07-14,2026-07-20,,"[""gtfs:fare_rules.txt:795389|fare_attributes.txt:859242|fare_id:2001740-1-18-25"",""gtfs:fare_rules.txt:795494|fare_attributes.txt:791619|fare_id:2001740-1-23-25""]",data/transit/hongkong/PublicTransportGTFS/gtfs.zip,e5ad020b79d0020625a4e8eb5428c2253a07705b71bfb809d8a3fa178032ce06,2,1,unresolved_duplicate_identical,"[{""fare_attribute_line"":859242,""fare_id"":""2001740-1-18-25"",""fare_rule_line"":795389,""price"":5.8},{""fare_attribute_line"":791619,""fare_id"":""2001740-1-23-25"",""fare_rule_line"":795494,""price"":5.8}]",unresolved,A,U,unresolved,official_json_routeSeq_exact_full_stop_pattern_plus_ordered_gtfs_stop_od,multiple_identical_source_records_no_default_selection
exact_route_sequence_ordered_stop_od,GMB,line_gmb_2001740,gmb_2001740_1,2001740,1,1,20006914,20001363,unspecified_in_source,unspecified_in_source,unspecified_in_source,unspecified_in_source,unspecified_in_source,,,,pt_fare,,,not_encoded_in_source_revision_cutoff_only,2026-07-14,2026-07-20,,"[""gtfs:fare_rules.txt:795253|fare_attributes.txt:790839|fare_id:2001740-1-13-19"",""gtfs:fare_rules.txt:795258|fare_attributes.txt:859923|fare_id:2001740-1-13-24""]",data/transit/hongkong/PublicTransportGTFS/gtfs.zip,e5ad020b79d0020625a4e8eb5428c2253a07705b71bfb809d8a3fa178032ce06,2,1,unresolved_duplicate_identical,"[{""fare_attribute_line"":790839,""fare_id"":""2001740-1-13-19"",""fare_rule_line"":795253,""price"":7.8},{""fare_attribute_line"":859923,""fare_id"":""2001740-1-13-24"",""fare_rule_line"":795258,""price"":7.8}]",unresolved,A,U,unresolved,official_json_routeSeq_exact_full_stop_pattern_plus_ordered_gtfs_stop_od,multiple_identical_source_records_no_default_selection
exact_route_sequence_ordered_stop_od,GMB,line_gmb_2001740,gmb_2001740_1,2001740,1,1,20006914,20005041,unspecified_in_source,unspecified_in_source,unspecified_in_source,unspecified_in_source,unspecified_in_source,,,,pt_fare,,,not_encoded_in_source_revision_cutoff_only,2026-07-14,2026-07-20,,"[""gtfs:fare_rules.txt:795252|fare_attributes.txt:790838|fare_id:2001740-1-13-18"",""gtfs:fare_rules.txt:795257|fare_attributes.txt:859922|fare_id:2001740-1-13-23""]",data/transit/hongkong/PublicTransportGTFS/gtfs.zip,e5ad020b79d0020625a4e8eb5428c2253a07705b71bfb809d8a3fa178032ce06,2,1,unresolved_duplicate_identical,"[{""fare_attribute_line"":790838,""fare_id"":""2001740-1-13-18"",""fare_rule_line"":795252,""price"":7.8},{""fare_attribute_line"":859922,""fare_id"":""2001740-1-13-23"",""fare_rule_line"":795257,""price"":7.8}]",unresolved,A,U,unresolved,official_json_routeSeq_exact_full_stop_pattern_plus_ordered_gtfs_stop_od,multiple_identical_source_records_no_default_selection
exact_route_sequence_ordered_stop_od,GMB,line_gmb_2001740,gmb_2001740_1,2001740,1,1,20008711,20001363,unspecified_in_source,unspecified_in_source,unspecified_in_source,unspecified_in_source,unspecified_in_source,,,,pt_fare,,,not_encoded_in_source_revision_cutoff_only,2026-07-14,2026-07-20,,"[""gtfs:fare_rules.txt:795163|fare_attributes.txt:790815|fare_id:2001740-1-10-19"",""gtfs:fare_rules.txt:795168|fare_attributes.txt:859164|fare_id:2001740-1-10-24""]",data/transit/hongkong/PublicTransportGTFS/gtfs.zip,e5ad020b79d0020625a4e8eb5428c2253a07705b71bfb809d8a3fa178032ce06,2,1,unresolved_duplicate_identical,"[{""fare_attribute_line"":790815,""fare_id"":""2001740-1-10-19"",""fare_rule_line"":795163,""price"":7.8},{""fare_attribute_line"":859164,""fare_id"":""2001740-1-10-24"",""fare_rule_line"":795168,""price"":7.8}]",unresolved,A,U,unresolved,official_json_routeSeq_exact_full_stop_pattern_plus_ordered_gtfs_stop_od,multiple_identical_source_records_no_default_selection
exact_route_sequence_ordered_stop_od,GMB,line_gmb_2001740,gmb_2001740_1,2001740,1,1,20008711,20005041,unspecified_in_source,unspecified_in_source,unspecified_in_source,unspecified_in_source,unspecified_in_source,,,,pt_fare,,,not_encoded_in_source_revision_cutoff_only,2026-07-14,2026-07-20,,"[""gtfs:fare_rules.txt:795162|fare_attributes.txt:790814|fare_id:2001740-1-10-18"",""gtfs:fare_rules.txt:795167|fare_attributes.txt:859163|fare_id:2001740-1-10-23""]",data/transit/hongkong/PublicTransportGTFS/gtfs.zip,e5ad020b79d0020625a4e8eb5428c2253a07705b71bfb809d8a3fa178032ce06,2,1,unresolved_duplicate_identical,"[{""fare_attribute_line"":790814,""fare_id"":""2001740-1-10-18"",""fare_rule_line"":795162,""price"":7.8},{""fare_attribute_line"":859163,""fare_id"":""2001740-1-10-23"",""fare_rule_line"":795167,""price"":7.8}]",unresolved,A,U,unresolved,official_json_routeSeq_exact_full_stop_pattern_plus_ordered_gtfs_stop_od,multiple_identical_source_records_no_default_selection
exact_route_sequence_ordered_stop_od,GMB,line_gmb_2002020,gmb_2002020_1,2002020,1,1,20000123,20000142,unspecified_in_source,unspecified_in_source,unspecified_in_source,unspecified_in_source,unspecified_in_source,,,,pt_fare,,,not_encoded_in_source_revision_cutoff_only,2026-07-14,2026-07-20,,"[""gtfs:fare_rules.txt:800964|fare_attributes.txt:859624|fare_id:2002020-1-6-14"",""gtfs:fare_rules.txt:800986|fare_attributes.txt:796366|fare_id:2002020-1-10-14""]",data/transit/hongkong/PublicTransportGTFS/gtfs.zip,e5ad020b79d0020625a4e8eb5428c2253a07705b71bfb809d8a3fa178032ce06,2,1,unresolved_duplicate_identical,"[{""fare_attribute_line"":859624,""fare_id"":""2002020-1-6-14"",""fare_rule_line"":800964,""price"":4.0},{""fare_attribute_line"":796366,""fare_id"":""2002020-1-10-14"",""fare_rule_line"":800986,""price"":4.0}]",unresolved,A,U,unresolved,official_json_routeSeq_exact_full_stop_pattern_plus_ordered_gtfs_stop_od,multiple_identical_source_records_no_default_selection
exact_route_sequence_ordered_stop_od,GMB,line_gmb_2002020,gmb_2002020_1,2002020,1,1,20000123,20003085,unspecified_in_source,unspecified_in_source,unspecified_in_source,unspecified_in_source,unspecified_in_source,,,,pt_fare,,,not_encoded_in_source_revision_cutoff_only,2026-07-14,2026-07-20,,"[""gtfs:fare_rules.txt:800963|fare_attributes.txt:859623|fare_id:2002020-1-6-13"",""gtfs:fare_rules.txt:800985|fare_attributes.txt:796365|fare_id:2002020-1-10-13""]",data/transit/hongkong/PublicTransportGTFS/gtfs.zip,e5ad020b79d0020625a4e8eb5428c2253a07705b71bfb809d8a3fa178032ce06,2,1,unresolved_duplicate_identical,"[{""fare_attribute_line"":859623,""fare_id"":""2002020-1-6-13"",""fare_rule_line"":800963,""price"":4.0},{""fare_attribute_line"":796365,""fare_id"":""2002020-1-10-13"",""fare_rule_line"":800985,""price"":4.0}]",unresolved,A,U,unresolved,official_json_routeSeq_exact_full_stop_pattern_plus_ordered_gtfs_stop_od,multiple_identical_source_records_no_default_selection
exact_route_sequence_ordered_stop_od,GMB,line_gmb_2002020,gmb_2002020_1,2002020,1,1,20000123,20003108,unspecified_in_source,unspecified_in_source,unspecified_in_source,unspecified_in_source,unspecified_in_source,,,,pt_fare,,,not_encoded_in_source_revision_cutoff_only,2026-07-14,2026-07-20,,"[""gtfs:fare_rules.txt:800961|fare_attributes.txt:859621|fare_id:2002020-1-6-11"",""gtfs:fare_rules.txt:800983|fare_attributes.txt:796363|fare_id:2002020-1-10-11""]",data/transit/hongkong/PublicTransportGTFS/gtfs.zip,e5ad020b79d0020625a4e8eb5428c2253a07705b71bfb809d8a3fa178032ce06,2,1,unresolved_duplicate_identical,"[{""fare_attribute_line"":859621,""fare_id"":""2002020-1-6-11"",""fare_rule_line"":800961,""price"":4.0},{""fare_attribute_line"":796363,""fare_id"":""2002020-1-10-11"",""fare_rule_line"":800983,""price"":4.0}]",unresolved,A,U,unresolved,official_json_routeSeq_exact_full_stop_pattern_plus_ordered_gtfs_stop_od,multiple_identical_source_records_no_default_selection
exact_route_sequence_ordered_stop_od,GMB,line_gmb_2002020,gmb_2002020_1,2002020,1,1,20000123,20009185,unspecified_in_source,unspecified_in_source,unspecified_in_source,unspecified_in_source,unspecified_in_source,,,,pt_fare,,,not_encoded_in_source_revision_cutoff_only,2026-07-14,2026-07-20,,"[""gtfs:fare_rules.txt:800962|fare_attributes.txt:859622|fare_id:2002020-1-6-12"",""gtfs:fare_rules.txt:800984|fare_attributes.txt:796364|fare_id:2002020-1-10-12""]",data/transit/hongkong/PublicTransportGTFS/gtfs.zip,e5ad020b79d0020625a4e8eb5428c2253a07705b71bfb809d8a3fa178032ce06,2,1,unresolved_duplicate_identical,"[{""fare_attribute_line"":859622,""fare_id"":""2002020-1-6-12"",""fare_rule_line"":800962,""price"":4.0},{""fare_attribute_line"":796364,""fare_id"":""2002020-1-10-12"",""fare_rule_line"":800984,""price"":4.0}]",unresolved,A,U,unresolved,official_json_routeSeq_exact_full_stop_pattern_plus_ordered_gtfs_stop_od,multiple_identical_source_records_no_default_selection
exact_route_sequence_ordered_stop_od,GMB,line_gmb_2002020,gmb_2002020_1,2002020,1,1,20000142,20000123,unspecified_in_source,unspecified_in_source,unspecified_in_source,unspecified_in_source,unspecified_in_source,,,,pt_fare,,,not_encoded_in_source_revision_cutoff_only,2026-07-14,2026-07-20,,"[""gtfs:fare_rules.txt:800906|fare_attributes.txt:795635|fare_id:2002020-1-1-6"",""gtfs:fare_rules.txt:800910|fare_attributes.txt:859590|fare_id:2002020-1-1-10""]",data/transit/hongkong/PublicTransportGTFS/gtfs.zip,e5ad020b79d0020625a4e8eb5428c2253a07705b71bfb809d8a3fa178032ce06,2,1,unresolved_duplicate_identical,"[{""fare_attribute_line"":795635,""fare_id"":""2002020-1-1-6"",""fare_rule_line"":800906,""price"":5.6},{""fare_attribute_line"":859590,""fare_id"":""2002020-1-1-10"",""fare_rule_line"":800910,""price"":5.6}]",unresolved,A,U,unresolved,official_json_routeSeq_exact_full_stop_pattern_plus_ordered_gtfs_stop_od,multiple_identical_source_records_no_default_selection
exact_route_sequence_ordered_stop_od,GMB,line_gmb_2002020,gmb_2002020_1,2002020,1,1,20000143,20000123,unspecified_in_source,unspecified_in_source,unspecified_in_source,unspecified_in_source,unspecified_in_source,,,,pt_fare,,,not_encoded_in_source_revision_cutoff_only,2026-07-14,2026-07-20,,"[""gtfs:fare_rules.txt:800918|fare_attributes.txt:796334|fare_id:2002020-1-2-6"",""gtfs:fare_rules.txt:800922|fare_attributes.txt:859596|fare_id:2002020-1-2-10""]",data/transit/hongkong/PublicTransportGTFS/gtfs.zip,e5ad020b79d0020625a4e8eb5428c2253a07705b71bfb809d8a3fa178032ce06,2,1,unresolved_duplicate_identical,"[{""fare_attribute_line"":796334,""fare_id"":""2002020-1-2-6"",""fare_rule_line"":800918,""price"":5.6},{""fare_attribute_line"":859596,""fare_id"":""2002020-1-2-10"",""fare_rule_line"":800922,""price"":5.6}]",unresolved,A,U,unresolved,official_json_routeSeq_exact_full_stop_pattern_plus_ordered_gtfs_stop_od,multiple_identical_source_records_no_default_selection
exact_route_sequence_ordered_stop_od,GMB,line_gmb_2002020,gmb_2002020_1,2002020,1,1,20009182,20000123,unspecified_in_source,unspecified_in_source,unspecified_in_source,unspecified_in_source,unspecified_in_source,,,,pt_fare,,,not_encoded_in_source_revision_cutoff_only,2026-07-14,2026-07-20,,"[""gtfs:fare_rules.txt:800929|fare_attributes.txt:796339|fare_id:2002020-1-3-6"",""gtfs:fare_rules.txt:800933|fare_attributes.txt:859602|fare_id:2002020-1-3-10""]",data/transit/hongkong/PublicTransportGTFS/gtfs.zip,e5ad020b79d0020625a4e8eb5428c2253a07705b71bfb809d8a3fa178032ce06,2,1,unresolved_duplicate_identical,"[{""fare_attribute_line"":796339,""fare_id"":""2002020-1-3-6"",""fare_rule_line"":800929,""price"":5.6},{""fare_attribute_line"":859602,""fare_id"":""2002020-1-3-10"",""fare_rule_line"":800933,""price"":5.6}]",unresolved,A,U,unresolved,official_json_routeSeq_exact_full_stop_pattern_plus_ordered_gtfs_stop_od,multiple_identical_source_records_no_default_selection
exact_route_sequence_ordered_stop_od,GMB,line_gmb_2002020,gmb_2002020_1,2002020,1,1,20009183,20000123,unspecified_in_source,unspecified_in_source,unspecified_in_source,unspecified_in_source,unspecified_in_source,,,,pt_fare,,,not_encoded_in_source_revision_cutoff_only,2026-07-14,2026-07-20,,"[""gtfs:fare_rules.txt:800939|fare_attributes.txt:796343|fare_id:2002020-1-4-6"",""gtfs:fare_rules.txt:800943|fare_attributes.txt:859608|fare_id:2002020-1-4-10""]",data/transit/hongkong/PublicTransportGTFS/gtfs.zip,e5ad020b79d0020625a4e8eb5428c2253a07705b71bfb809d8a3fa178032ce06,2,1,unresolved_duplicate_identical,"[{""fare_attribute_line"":796343,""fare_id"":""2002020-1-4-6"",""fare_rule_line"":800939,""price"":5.6},{""fare_attribute_line"":859608,""fare_id"":""2002020-1-4-10"",""fare_rule_line"":800943,""price"":5.6}]",unresolved,A,U,unresolved,official_json_routeSeq_exact_full_stop_pattern_plus_ordered_gtfs_stop_od,multiple_identical_source_records_no_default_selection
exact_route_sequence_ordered_stop_od,GMB,line_gmb_2002020,gmb_2002020_1,2002020,1,1,20009184,20000123,unspecified_in_source,unspecified_in_source,unspecified_in_source,unspecified_in_source,unspecified_in_source,,,,pt_fare,,,not_encoded_in_source_revision_cutoff_only,2026-07-14,2026-07-20,,"[""gtfs:fare_rules.txt:800948|fare_attributes.txt:796346|fare_id:2002020-1-5-6"",""gtfs:fare_rules.txt:800952|fare_attributes.txt:859614|fare_id:2002020-1-5-10""]",data/transit/hongkong/PublicTransportGTFS/gtfs.zip,e5ad020b79d0020625a4e8eb5428c2253a07705b71bfb809d8a3fa178032ce06,2,1,unresolved_duplicate_identical,"[{""fare_attribute_line"":796346,""fare_id"":""2002020-1-5-6"",""fare_rule_line"":800948,""price"":5.6},{""fare_attribute_line"":859614,""fare_id"":""2002020-1-5-10"",""fare_rule_line"":800952,""price"":5.6}]",unresolved,A,U,unresolved,official_json_routeSeq_exact_full_stop_pattern_plus_ordered_gtfs_stop_od,multiple_identical_source_records_no_default_selection
exact_route_sequence_ordered_stop_od,GMB,line_gmb_2002250,gmb_2002250_1,2002250,1,1,20000254,20003425,unspecified_in_source,unspecified_in_source,unspecified_in_source,unspecified_in_source,unspecified_in_source,,,,pt_fare,,,not_encoded_in_source_revision_cutoff_only,2026-07-14,2026-07-20,,"[""gtfs:fare_rules.txt:801553|fare_attributes.txt:795883|fare_id:2002250-1-1-2"",""gtfs:fare_rules.txt:801558|fare_attributes.txt:860385|fare_id:2002250-1-1-7""]",data/transit/hongkong/PublicTransportGTFS/gtfs.zip,e5ad020b79d0020625a4e8eb5428c2253a07705b71bfb809d8a3fa178032ce06,2,1,unresolved_duplicate_identical,"[{""fare_attribute_line"":795883,""fare_id"":""2002250-1-1-2"",""fare_rule_line"":801553,""price"":3.5},{""fare_attribute_line"":860385,""fare_id"":""2002250-1-1-7"",""fare_rule_line"":801558,""price"":3.5}]",unresolved,A,U,unresolved,official_json_routeSeq_exact_full_stop_pattern_plus_ordered_gtfs_stop_od,multiple_identical_source_records_no_default_selection
exact_route_sequence_ordered_stop_od,GMB,line_gmb_2002250,gmb_2002250_1,2002250,1,1,20003425,20000254,unspecified_in_source,unspecified_in_source,unspecified_in_source,unspecified_in_source,unspecified_in_source,,,,pt_fare,,,not_encoded_in_source_revision_cutoff_only,2026-07-14,2026-07-20,,"[""gtfs:fare_rules.txt:801565|fare_attributes.txt:860389|fare_id:2002250-1-2-8"",""gtfs:fare_rules.txt:801580|fare_attributes.txt:795898|fare_id:2002250-1-7-8""]",data/transit/hongkong/PublicTransportGTFS/gtfs.zip,e5ad020b79d0020625a4e8eb5428c2253a07705b71bfb809d8a3fa178032ce06,2,1,unresolved_duplicate_identical,"[{""fare_attribute_line"":860389,""fare_id"":""2002250-1-2-8"",""fare_rule_line"":801565,""price"":3.5},{""fare_attribute_line"":795898,""fare_id"":""2002250-1-7-8"",""fare_rule_line"":801580,""price"":3.5}]",unresolved,A,U,unresolved,official_json_routeSeq_exact_full_stop_pattern_plus_ordered_gtfs_stop_od,multiple_identical_source_records_no_default_selection
exact_route_sequence_ordered_stop_od,GMB,line_gmb_2002415,gmb_2002415_1,2002415,1,1,20000103,20000120,unspecified_in_source,unspecified_in_source,unspecified_in_source,unspecified_in_source,unspecified_in_source,,,,pt_fare,,,not_encoded_in_source_revision_cutoff_only,2026-07-14,2026-07-20,,"[""gtfs:fare_rules.txt:804313|fare_attributes.txt:860746|fare_id:2002415-1-3-16"",""gtfs:fare_rules.txt:804388|fare_attributes.txt:798521|fare_id:2002415-1-13-16""]",data/transit/hongkong/PublicTransportGTFS/gtfs.zip,e5ad020b79d0020625a4e8eb5428c2253a07705b71bfb809d8a3fa178032ce06,2,1,unresolved_duplicate_identical,"[{""fare_attribute_line"":860746,""fare_id"":""2002415-1-3-16"",""fare_rule_line"":804313,""price"":5.1},{""fare_attribute_line"":798521,""fare_id"":""2002415-1-13-16"",""fare_rule_line"":804388,""price"":5.1}]",unresolved,A,U,unresolved,official_json_routeSeq_exact_full_stop_pattern_plus_ordered_gtfs_stop_od,multiple_identical_source_records_no_default_selection
exact_route_sequence_ordered_stop_od,GMB,line_gmb_2002415,gmb_2002415_1,2002415,1,1,20000103,20000396,unspecified_in_source,unspecified_in_source,unspecified_in_source,unspecified_in_source,unspecified_in_source,,,,pt_fare,,,not_encoded_in_source_revision_cutoff_only,2026-07-14,2026-07-20,,"[""gtfs:fare_rules.txt:804311|fare_attributes.txt:860744|fare_id:2002415-1-3-14"",""gtfs:fare_rules.txt:804386|fare_attributes.txt:798519|fare_id:2002415-1-13-14""]",data/transit/hongkong/PublicTransportGTFS/gtfs.zip,e5ad020b79d0020625a4e8eb5428c2253a07705b71bfb809d8a3fa178032ce06,2,1,unresolved_duplicate_identical,"[{""fare_attribute_line"":860744,""fare_id"":""2002415-1-3-14"",""fare_rule_line"":804311,""price"":5.1},{""fare_attribute_line"":798519,""fare_id"":""2002415-1-13-14"",""fare_rule_line"":804386,""price"":5.1}]",unresolved,A,U,unresolved,official_json_routeSeq_exact_full_stop_pattern_plus_ordered_gtfs_stop_od,multiple_identical_source_records_no_default_selection
exact_route_sequence_ordered_stop_od,GMB,line_gmb_2002415,gmb_2002415_1,2002415,1,1,20000103,20003450,unspecified_in_source,unspecified_in_source,unspecified_in_source,unspecified_in_source,unspecified_in_source,,,,pt_fare,,,not_encoded_in_source_revision_cutoff_only,2026-07-14,2026-07-20,,"[""gtfs:fare_rules.txt:804312|fare_attributes.txt:860745|fare_id:2002415-1-3-15"",""gtfs:fare_rules.txt:804387|fare_attributes.txt:798520|fare_id:2002415-1-13-15""]",data/transit/hongkong/PublicTransportGTFS/gtfs.zip,e5ad020b79d0020625a4e8eb5428c2253a07705b71bfb809d8a3fa178032ce06,2,1,unresolved_duplicate_identical,"[{""fare_attribute_line"":860745,""fare_id"":""2002415-1-3-15"",""fare_rule_line"":804312,""price"":5.1},{""fare_attribute_line"":798520,""fare_id"":""2002415-1-13-15"",""fare_rule_line"":804387,""price"":5.1}]",unresolved,A,U,unresolved,official_json_routeSeq_exact_full_stop_pattern_plus_ordered_gtfs_stop_od,multiple_identical_source_records_no_default_selection
exact_route_sequence_ordered_stop_od,GMB,line_gmb_2002415,gmb_2002415_1,2002415,1,1,20000120,20000103,unspecified_in_source,unspecified_in_source,unspecified_in_source,unspecified_in_source,unspecified_in_source,,,,pt_fare,,,not_encoded_in_source_revision_cutoff_only,2026-07-14,2026-07-20,,"[""gtfs:fare_rules.txt:804273|fare_attributes.txt:797769|fare_id:2002415-1-1-3"",""gtfs:fare_rules.txt:804283|fare_attributes.txt:860727|fare_id:2002415-1-1-13""]",data/transit/hongkong/PublicTransportGTFS/gtfs.zip,e5ad020b79d0020625a4e8eb5428c2253a07705b71bfb809d8a3fa178032ce06,2,1,unresolved_duplicate_identical,"[{""fare_attribute_line"":797769,""fare_id"":""2002415-1-1-3"",""fare_rule_line"":804273,""price"":5.1},{""fare_attribute_line"":860727,""fare_id"":""2002415-1-1-13"",""fare_rule_line"":804283,""price"":5.1}]",unresolved,A,U,unresolved,official_json_routeSeq_exact_full_stop_pattern_plus_ordered_gtfs_stop_od,multiple_identical_source_records_no_default_selection
exact_route_sequence_ordered_stop_od,GMB,line_gmb_2002415,gmb_2002415_1,2002415,1,1,20003447,20000103,unspecified_in_source,unspecified_in_source,unspecified_in_source,unspecified_in_source,unspecified_in_source,,,,pt_fare,,,not_encoded_in_source_revision_cutoff_only,2026-07-14,2026-07-20,,"[""gtfs:fare_rules.txt:804287|fare_attributes.txt:797775|fare_id:2002415-1-2-3"",""gtfs:fare_rules.txt:804297|fare_attributes.txt:860735|fare_id:2002415-1-2-13""]",data/transit/hongkong/PublicTransportGTFS/gtfs.zip,e5ad020b79d0020625a4e8eb5428c2253a07705b71bfb809d8a3fa178032ce06,2,1,unresolved_duplicate_identical,"[{""fare_attribute_line"":797775,""fare_id"":""2002415-1-2-3"",""fare_rule_line"":804287,""price"":5.1},{""fare_attribute_line"":860735,""fare_id"":""2002415-1-2-13"",""fare_rule_line"":804297,""price"":5.1}]",unresolved,A,U,unresolved,official_json_routeSeq_exact_full_stop_pattern_plus_ordered_gtfs_stop_od,multiple_identical_source_records_no_default_selection
exact_route_sequence_ordered_stop_od,GMB,line_gmb_2002448,gmb_2002448_1,2002448,1,1,20000103,20000120,unspecified_in_source,unspecified_in_source,unspecified_in_source,unspecified_in_source,unspecified_in_source,,,,pt_fare,,,not_encoded_in_source_revision_cutoff_only,2026-07-14,2026-07-20,,"[""gtfs:fare_rules.txt:804424|fare_attributes.txt:861489|fare_id:2002448-1-3-13"",""gtfs:fare_rules.txt:804466|fare_attributes.txt:798563|fare_id:2002448-1-10-13""]",data/transit/hongkong/PublicTransportGTFS/gtfs.zip,e5ad020b79d0020625a4e8eb5428c2253a07705b71bfb809d8a3fa178032ce06,2,1,unresolved_duplicate_identical,"[{""fare_attribute_line"":861489,""fare_id"":""2002448-1-3-13"",""fare_rule_line"":804424,""price"":5.1},{""fare_attribute_line"":798563,""fare_id"":""2002448-1-10-13"",""fare_rule_line"":804466,""price"":5.1}]",unresolved,A,U,unresolved,official_json_routeSeq_exact_full_stop_pattern_plus_ordered_gtfs_stop_od,multiple_identical_source_records_no_default_selection
exact_route_sequence_ordered_stop_od,GMB,line_gmb_2002448,gmb_2002448_1,2002448,1,1,20000103,20000396,unspecified_in_source,unspecified_in_source,unspecified_in_source,unspecified_in_source,unspecified_in_source,,,,pt_fare,,,not_encoded_in_source_revision_cutoff_only,2026-07-14,2026-07-20,,"[""gtfs:fare_rules.txt:804422|fare_attributes.txt:861487|fare_id:2002448-1-3-11"",""gtfs:fare_rules.txt:804464|fare_attributes.txt:798561|fare_id:2002448-1-10-11""]",data/transit/hongkong/PublicTransportGTFS/gtfs.zip,e5ad020b79d0020625a4e8eb5428c2253a07705b71bfb809d8a3fa178032ce06,2,1,unresolved_duplicate_identical,"[{""fare_attribute_line"":861487,""fare_id"":""2002448-1-3-11"",""fare_rule_line"":804422,""price"":5.1},{""fare_attribute_line"":798561,""fare_id"":""2002448-1-10-11"",""fare_rule_line"":804464,""price"":5.1}]",unresolved,A,U,unresolved,official_json_routeSeq_exact_full_stop_pattern_plus_ordered_gtfs_stop_od,multiple_identical_source_records_no_default_selection
exact_route_sequence_ordered_stop_od,GMB,line_gmb_2002448,gmb_2002448_1,2002448,1,1,20000103,20003450,unspecified_in_source,unspecified_in_source,unspecified_in_source,unspecified_in_source,unspecified_in_source,,,,pt_fare,,,not_encoded_in_source_revision_cutoff_only,2026-07-14,2026-07-20,,"[""gtfs:fare_rules.txt:804423|fare_attributes.txt:861488|fare_id:2002448-1-3-12"",""gtfs:fare_rules.txt:804465|fare_attributes.txt:798562|fare_id:2002448-1-10-12""]",data/transit/hongkong/PublicTransportGTFS/gtfs.zip,e5ad020b79d0020625a4e8eb5428c2253a07705b71bfb809d8a3fa178032ce06,2,1,unresolved_duplicate_identical,"[{""fare_attribute_line"":861488,""fare_id"":""2002448-1-3-12"",""fare_rule_line"":804423,""price"":5.1},{""fare_attribute_line"":798562,""fare_id"":""2002448-1-10-12"",""fare_rule_line"":804465,""price"":5.1}]",unresolved,A,U,unresolved,official_json_routeSeq_exact_full_stop_pattern_plus_ordered_gtfs_stop_od,multiple_identical_source_records_no_default_selection
exact_route_sequence_ordered_stop_od,GMB,line_gmb_2002448,gmb_2002448_1,2002448,1,1,20000120,20000103,unspecified_in_source,unspecified_in_source,unspecified_in_source,unspecified_in_source,unspecified_in_source,,,,pt_fare,,,not_encoded_in_source_revision_cutoff_only,2026-07-14,2026-07-20,,"[""gtfs:fare_rules.txt:804393|fare_attributes.txt:798526|fare_id:2002448-1-1-3"",""gtfs:fare_rules.txt:804400|fare_attributes.txt:861474|fare_id:2002448-1-1-10""]",data/transit/hongkong/PublicTransportGTFS/gtfs.zip,e5ad020b79d0020625a4e8eb5428c2253a07705b71bfb809d8a3fa178032ce06,2,1,unresolved_duplicate_identical,"[{""fare_attribute_line"":798526,""fare_id"":""2002448-1-1-3"",""fare_rule_line"":804393,""price"":5.1},{""fare_attribute_line"":861474,""fare_id"":""2002448-1-1-10"",""fare_rule_line"":804400,""price"":5.1}]",unresolved,A,U,unresolved,official_json_routeSeq_exact_full_stop_pattern_plus_ordered_gtfs_stop_od,multiple_identical_source_records_no_default_selection
exact_route_sequence_ordered_stop_od,GMB,line_gmb_2002448,gmb_2002448_1,2002448,1,1,20003447,20000103,unspecified_in_source,unspecified_in_source,unspecified_in_source,unspecified_in_source,unspecified_in_source,,,,pt_fare,,,not_encoded_in_source_revision_cutoff_only,2026-07-14,2026-07-20,,"[""gtfs:fare_rules.txt:804404|fare_attributes.txt:798531|fare_id:2002448-1-2-3"",""gtfs:fare_rules.txt:804411|fare_attributes.txt:861480|fare_id:2002448-1-2-10""]",data/transit/hongkong/PublicTransportGTFS/gtfs.zip,e5ad020b79d0020625a4e8eb5428c2253a07705b71bfb809d8a3fa178032ce06,2,1,unresolved_duplicate_identical,"[{""fare_attribute_line"":798531,""fare_id"":""2002448-1-2-3"",""fare_rule_line"":804404,""price"":5.1},{""fare_attribute_line"":861480,""fare_id"":""2002448-1-2-10"",""fare_rule_line"":804411,""price"":5.1}]",unresolved,A,U,unresolved,official_json_routeSeq_exact_full_stop_pattern_plus_ordered_gtfs_stop_od,multiple_identical_source_records_no_default_selection
exact_route_sequence_ordered_stop_od,GMB,line_gmb_2002814,gmb_2002814_1,2002814,1,1,20000272,20000273,unspecified_in_source,unspecified_in_source,unspecified_in_source,unspecified_in_source,unspecified_in_source,,,,pt_fare,,,not_encoded_in_source_revision_cutoff_only,2026-07-14,2026-07-20,,"[""gtfs:fare_rules.txt:805375|fare_attributes.txt:799006|fare_id:2002814-1-1-2"",""gtfs:fare_rules.txt:805377|fare_attributes.txt:860786|fare_id:2002814-1-1-4""]",data/transit/hongkong/PublicTransportGTFS/gtfs.zip,e5ad020b79d0020625a4e8eb5428c2253a07705b71bfb809d8a3fa178032ce06,2,1,unresolved_duplicate_identical,"[{""fare_attribute_line"":799006,""fare_id"":""2002814-1-1-2"",""fare_rule_line"":805375,""price"":5.2},{""fare_attribute_line"":860786,""fare_id"":""2002814-1-1-4"",""fare_rule_line"":805377,""price"":5.2}]",unresolved,A,U,unresolved,official_json_routeSeq_exact_full_stop_pattern_plus_ordered_gtfs_stop_od,multiple_identical_source_records_no_default_selection
exact_route_sequence_ordered_stop_od,GMB,line_gmb_2002814,gmb_2002814_1,2002814,1,1,20000273,20000272,unspecified_in_source,unspecified_in_source,unspecified_in_source,unspecified_in_source,unspecified_in_source,,,,pt_fare,,,not_encoded_in_source_revision_cutoff_only,2026-07-14,2026-07-20,,"[""gtfs:fare_rules.txt:805387|fare_attributes.txt:860795|fare_id:2002814-1-2-8"",""gtfs:fare_rules.txt:805396|fare_attributes.txt:799017|fare_id:2002814-1-4-8""]",data/transit/hongkong/PublicTransportGTFS/gtfs.zip,e5ad020b79d0020625a4e8eb5428c2253a07705b71bfb809d8a3fa178032ce06,2,1,unresolved_duplicate_identical,"[{""fare_attribute_line"":860795,""fare_id"":""2002814-1-2-8"",""fare_rule_line"":805387,""price"":5.2},{""fare_attribute_line"":799017,""fare_id"":""2002814-1-4-8"",""fare_rule_line"":805396,""price"":5.2}]",unresolved,A,U,unresolved,official_json_routeSeq_exact_full_stop_pattern_plus_ordered_gtfs_stop_od,multiple_identical_source_records_no_default_selection
exact_route_sequence_ordered_stop_od,GMB,line_gmb_2002814,gmb_2002814_1,2002814,1,1,20000273,20003273,unspecified_in_source,unspecified_in_source,unspecified_in_source,unspecified_in_source,unspecified_in_source,,,,pt_fare,,,not_encoded_in_source_revision_cutoff_only,2026-07-14,2026-07-20,,"[""gtfs:fare_rules.txt:805384|fare_attributes.txt:860792|fare_id:2002814-1-2-5"",""gtfs:fare_rules.txt:805393|fare_attributes.txt:799014|fare_id:2002814-1-4-5""]",data/transit/hongkong/PublicTransportGTFS/gtfs.zip,e5ad020b79d0020625a4e8eb5428c2253a07705b71bfb809d8a3fa178032ce06,2,1,unresolved_duplicate_identical,"[{""fare_attribute_line"":860792,""fare_id"":""2002814-1-2-5"",""fare_rule_line"":805384,""price"":5.2},{""fare_attribute_line"":799014,""fare_id"":""2002814-1-4-5"",""fare_rule_line"":805393,""price"":5.2}]",unresolved,A,U,unresolved,official_json_routeSeq_exact_full_stop_pattern_plus_ordered_gtfs_stop_od,multiple_identical_source_records_no_default_selection
exact_route_sequence_ordered_stop_od,GMB,line_gmb_2002814,gmb_2002814_1,2002814,1,1,20000273,20006901,unspecified_in_source,unspecified_in_source,unspecified_in_source,unspecified_in_source,unspecified_in_source,,,,pt_fare,,,not_encoded_in_source_revision_cutoff_only,2026-07-14,2026-07-20,,"[""gtfs:fare_rules.txt:805386|fare_attributes.txt:860794|fare_id:2002814-1-2-7"",""gtfs:fare_rules.txt:805395|fare_attributes.txt:799016|fare_id:2002814-1-4-7""]",data/transit/hongkong/PublicTransportGTFS/gtfs.zip,e5ad020b79d0020625a4e8eb5428c2253a07705b71bfb809d8a3fa178032ce06,2,1,unresolved_duplicate_identical,"[{""fare_attribute_line"":860794,""fare_id"":""2002814-1-2-7"",""fare_rule_line"":805386,""price"":5.2},{""fare_attribute_line"":799016,""fare_id"":""2002814-1-4-7"",""fare_rule_line"":805395,""price"":5.2}]",unresolved,A,U,unresolved,official_json_routeSeq_exact_full_stop_pattern_plus_ordered_gtfs_stop_od,multiple_identical_source_records_no_default_selection
exact_route_sequence_ordered_stop_od,GMB,line_gmb_2002814,gmb_2002814_1,2002814,1,1,20000273,20009865,unspecified_in_source,unspecified_in_source,unspecified_in_source,unspecified_in_source,unspecified_in_source,,,,pt_fare,,,not_encoded_in_source_revision_cutoff_only,2026-07-14,2026-07-20,,"[""gtfs:fare_rules.txt:805385|fare_attributes.txt:860793|fare_id:2002814-1-2-6"",""gtfs:fare_rules.txt:805394|fare_attributes.txt:799015|fare_id:2002814-1-4-6""]",data/transit/hongkong/PublicTransportGTFS/gtfs.zip,e5ad020b79d0020625a4e8eb5428c2253a07705b71bfb809d8a3fa178032ce06,2,1,unresolved_duplicate_identical,"[{""fare_attribute_line"":860793,""fare_id"":""2002814-1-2-6"",""fare_rule_line"":805385,""price"":5.2},{""fare_attribute_line"":799015,""fare_id"":""2002814-1-4-6"",""fare_rule_line"":805394,""price"":5.2}]",unresolved,A,U,unresolved,official_json_routeSeq_exact_full_stop_pattern_plus_ordered_gtfs_stop_od,multiple_identical_source_records_no_default_selection
exact_route_sequence_ordered_stop_od,GMB,line_gmb_2003214,gmb_2003214_1,2003214,1,1,20003167,20001573,unspecified_in_source,unspecified_in_source,unspecified_in_source,unspecified_in_source,unspecified_in_source,,,,pt_fare,,,not_encoded_in_source_revision_cutoff_only,2026-07-14,2026-07-20,,"[""gtfs:fare_rules.txt:809259|fare_attributes.txt:802279|fare_id:2003214-1-3-4"",""gtfs:fare_rules.txt:809285|fare_attributes.txt:802305|fare_id:2003214-2-3-4""]",data/transit/hongkong/PublicTransportGTFS/gtfs.zip,e5ad020b79d0020625a4e8eb5428c2253a07705b71bfb809d8a3fa178032ce06,2,1,unresolved_duplicate_identical,"[{""fare_attribute_line"":802279,""fare_id"":""2003214-1-3-4"",""fare_rule_line"":809259,""price"":12.3},{""fare_attribute_line"":802305,""fare_id"":""2003214-2-3-4"",""fare_rule_line"":809285,""price"":12.3}]",unresolved,A,U,unresolved,official_json_routeSeq_exact_full_stop_pattern_plus_ordered_gtfs_stop_od,multiple_identical_source_records_no_default_selection
exact_route_sequence_ordered_stop_od,GMB,line_gmb_2003214,gmb_2003214_2,2003214,2,2,20003167,20001573,unspecified_in_source,unspecified_in_source,unspecified_in_source,unspecified_in_source,unspecified_in_source,,,,pt_fare,,,not_encoded_in_source_revision_cutoff_only,2026-07-14,2026-07-20,,"[""gtfs:fare_rules.txt:809259|fare_attributes.txt:802279|fare_id:2003214-1-3-4"",""gtfs:fare_rules.txt:809285|fare_attributes.txt:802305|fare_id:2003214-2-3-4""]",data/transit/hongkong/PublicTransportGTFS/gtfs.zip,e5ad020b79d0020625a4e8eb5428c2253a07705b71bfb809d8a3fa178032ce06,2,1,unresolved_duplicate_identical,"[{""fare_attribute_line"":802279,""fare_id"":""2003214-1-3-4"",""fare_rule_line"":809259,""price"":12.3},{""fare_attribute_line"":802305,""fare_id"":""2003214-2-3-4"",""fare_rule_line"":809285,""price"":12.3}]",unresolved,A,U,unresolved,official_json_routeSeq_exact_full_stop_pattern_plus_ordered_gtfs_stop_od,multiple_identical_source_records_no_default_selection
exact_route_sequence_ordered_stop_od,GMB,line_gmb_2004428,gmb_2004428_1,2004428,1,1,20012109,20021400,unspecified_in_source,unspecified_in_source,unspecified_in_source,unspecified_in_source,unspecified_in_source,,,,pt_fare,,,not_encoded_in_source_revision_cutoff_only,2026-07-14,2026-07-20,,"[""gtfs:fare_rules.txt:819384|fare_attributes.txt:811220|fare_id:2004428-1-1-2"",""gtfs:fare_rules.txt:819396|fare_attributes.txt:862683|fare_id:2004428-1-1-14""]",data/transit/hongkong/PublicTransportGTFS/gtfs.zip,e5ad020b79d0020625a4e8eb5428c2253a07705b71bfb809d8a3fa178032ce06,2,1,unresolved_duplicate_identical,"[{""fare_attribute_line"":811220,""fare_id"":""2004428-1-1-2"",""fare_rule_line"":819384,""price"":5.5},{""fare_attribute_line"":862683,""fare_id"":""2004428-1-1-14"",""fare_rule_line"":819396,""price"":5.5}]",unresolved,A,U,unresolved,official_json_routeSeq_exact_full_stop_pattern_plus_ordered_gtfs_stop_od,multiple_identical_source_records_no_default_selection
exact_route_sequence_ordered_stop_od,GMB,line_gmb_2004428,gmb_2004428_1,2004428,1,1,20021400,20012119,unspecified_in_source,unspecified_in_source,unspecified_in_source,unspecified_in_source,unspecified_in_source,,,,pt_fare,,,not_encoded_in_source_revision_cutoff_only,2026-07-14,2026-07-20,,"[""gtfs:fare_rules.txt:819416|fare_attributes.txt:862695|fare_id:2004428-1-2-18"",""gtfs:fare_rules.txt:819530|fare_attributes.txt:810502|fare_id:2004428-1-14-18""]",data/transit/hongkong/PublicTransportGTFS/gtfs.zip,e5ad020b79d0020625a4e8eb5428c2253a07705b71bfb809d8a3fa178032ce06,2,1,unresolved_duplicate_identical,"[{""fare_attribute_line"":862695,""fare_id"":""2004428-1-2-18"",""fare_rule_line"":819416,""price"":5.5},{""fare_attribute_line"":810502,""fare_id"":""2004428-1-14-18"",""fare_rule_line"":819530,""price"":5.5}]",unresolved,A,U,unresolved,official_json_routeSeq_exact_full_stop_pattern_plus_ordered_gtfs_stop_od,multiple_identical_source_records_no_default_selection
exact_route_sequence_ordered_stop_od,GMB,line_gmb_2004428,gmb_2004428_1,2004428,1,1,20021400,20022741,unspecified_in_source,unspecified_in_source,unspecified_in_source,unspecified_in_source,unspecified_in_source,,,,pt_fare,,,not_encoded_in_source_revision_cutoff_only,2026-07-14,2026-07-20,,"[""gtfs:fare_rules.txt:819413|fare_attributes.txt:862692|fare_id:2004428-1-2-15"",""gtfs:fare_rules.txt:819527|fare_attributes.txt:810499|fare_id:2004428-1-14-15""]",data/transit/hongkong/PublicTransportGTFS/gtfs.zip,e5ad020b79d0020625a4e8eb5428c2253a07705b71bfb809d8a3fa178032ce06,2,1,unresolved_duplicate_identical,"[{""fare_attribute_line"":862692,""fare_id"":""2004428-1-2-15"",""fare_rule_line"":819413,""price"":5.5},{""fare_attribute_line"":810499,""fare_id"":""2004428-1-14-15"",""fare_rule_line"":819527,""price"":5.5}]",unresolved,A,U,unresolved,official_json_routeSeq_exact_full_stop_pattern_plus_ordered_gtfs_stop_od,multiple_identical_source_records_no_default_selection
exact_route_sequence_ordered_stop_od,GMB,line_gmb_2004428,gmb_2004428_1,2004428,1,1,20021400,20022742,unspecified_in_source,unspecified_in_source,unspecified_in_source,unspecified_in_source,unspecified_in_source,,,,pt_fare,,,not_encoded_in_source_revision_cutoff_only,2026-07-14,2026-07-20,,"[""gtfs:fare_rules.txt:819414|fare_attributes.txt:862693|fare_id:2004428-1-2-16"",""gtfs:fare_rules.txt:819528|fare_attributes.txt:810500|fare_id:2004428-1-14-16""]",data/transit/hongkong/PublicTransportGTFS/gtfs.zip,e5ad020b79d0020625a4e8eb5428c2253a07705b71bfb809d8a3fa178032ce06,2,1,unresolved_duplicate_identical,"[{""fare_attribute_line"":862693,""fare_id"":""2004428-1-2-16"",""fare_rule_line"":819414,""price"":5.5},{""fare_attribute_line"":810500,""fare_id"":""2004428-1-14-16"",""fare_rule_line"":819528,""price"":5.5}]",unresolved,A,U,unresolved,official_json_routeSeq_exact_full_stop_pattern_plus_ordered_gtfs_stop_od,multiple_identical_source_records_no_default_selection
exact_route_sequence_ordered_stop_od,GMB,line_gmb_2004428,gmb_2004428_1,2004428,1,1,20021400,20022773,unspecified_in_source,unspecified_in_source,unspecified_in_source,unspecified_in_source,unspecified_in_source,,,,pt_fare,,,not_encoded_in_source_revision_cutoff_only,2026-07-14,2026-07-20,,"[""gtfs:fare_rules.txt:819415|fare_attributes.txt:862694|fare_id:2004428-1-2-17"",""gtfs:fare_rules.txt:819529|fare_attributes.txt:810501|fare_id:2004428-1-14-17""]",data/transit/hongkong/PublicTransportGTFS/gtfs.zip,e5ad020b79d0020625a4e8eb5428c2253a07705b71bfb809d8a3fa178032ce06,2,1,unresolved_duplicate_identical,"[{""fare_attribute_line"":862694,""fare_id"":""2004428-1-2-17"",""fare_rule_line"":819415,""price"":5.5},{""fare_attribute_line"":810501,""fare_id"":""2004428-1-14-17"",""fare_rule_line"":819529,""price"":5.5}]",unresolved,A,U,unresolved,official_json_routeSeq_exact_full_stop_pattern_plus_ordered_gtfs_stop_od,multiple_identical_source_records_no_default_selection
exact_route_sequence_ordered_stop_od,GMB,line_gmb_2004826,gmb_2004826_1,2004826,1,1,20001162,20002597,unspecified_in_source,unspecified_in_source,unspecified_in_source,unspecified_in_source,unspecified_in_source,,,,pt_fare,,,not_encoded_in_source_revision_cutoff_only,2026-07-14,2026-07-20,,"[""gtfs:fare_rules.txt:822479|fare_attributes.txt:814083|fare_id:2004826-1-3-4"",""gtfs:fare_rules.txt:822762|fare_attributes.txt:813475|fare_id:2004826-2-15-16""]",data/transit/hongkong/PublicTransportGTFS/gtfs.zip,e5ad020b79d0020625a4e8eb5428c2253a07705b71bfb809d8a3fa178032ce06,2,1,unresolved_duplicate_identical,"[{""fare_attribute_line"":814083,""fare_id"":""2004826-1-3-4"",""fare_rule_line"":822479,""price"":10.7},{""fare_attribute_line"":813475,""fare_id"":""2004826-2-15-16"",""fare_rule_line"":822762,""price"":10.7}]",unresolved,A,U,unresolved,official_json_routeSeq_exact_full_stop_pattern_plus_ordered_gtfs_stop_od,multiple_identical_source_records_no_default_selection
exact_route_sequence_ordered_stop_od,GMB,line_gmb_2004826,gmb_2004826_2,2004826,2,2,20001162,20002597,unspecified_in_source,unspecified_in_source,unspecified_in_source,unspecified_in_source,unspecified_in_source,,,,pt_fare,,,not_encoded_in_source_revision_cutoff_only,2026-07-14,2026-07-20,,"[""gtfs:fare_rules.txt:822479|fare_attributes.txt:814083|fare_id:2004826-1-3-4"",""gtfs:fare_rules.txt:822762|fare_attributes.txt:813475|fare_id:2004826-2-15-16""]",data/transit/hongkong/PublicTransportGTFS/gtfs.zip,e5ad020b79d0020625a4e8eb5428c2253a07705b71bfb809d8a3fa178032ce06,2,1,unresolved_duplicate_identical,"[{""fare_attribute_line"":814083,""fare_id"":""2004826-1-3-4"",""fare_rule_line"":822479,""price"":10.7},{""fare_attribute_line"":813475,""fare_id"":""2004826-2-15-16"",""fare_rule_line"":822762,""price"":10.7}]",unresolved,A,U,unresolved,official_json_routeSeq_exact_full_stop_pattern_plus_ordered_gtfs_stop_od,multiple_identical_source_records_no_default_selection
exact_route_sequence_ordered_stop_od,GMB,line_gmb_2006641,gmb_2006641_1,2006641,1,1,20001162,20001163,unspecified_in_source,unspecified_in_source,unspecified_in_source,unspecified_in_source,unspecified_in_source,,,,pt_fare,,,not_encoded_in_source_revision_cutoff_only,2026-07-14,2026-07-20,,"[""gtfs:fare_rules.txt:835969|fare_attributes.txt:824704|fare_id:2006641-1-3-4"",""gtfs:fare_rules.txt:836488|fare_attributes.txt:826510|fare_id:2006641-2-20-21""]",data/transit/hongkong/PublicTransportGTFS/gtfs.zip,e5ad020b79d0020625a4e8eb5428c2253a07705b71bfb809d8a3fa178032ce06,2,1,unresolved_duplicate_identical,"[{""fare_attribute_line"":824704,""fare_id"":""2006641-1-3-4"",""fare_rule_line"":835969,""price"":6.9},{""fare_attribute_line"":826510,""fare_id"":""2006641-2-20-21"",""fare_rule_line"":836488,""price"":6.9}]",unresolved,A,U,unresolved,official_json_routeSeq_exact_full_stop_pattern_plus_ordered_gtfs_stop_od,multiple_identical_source_records_no_default_selection
exact_route_sequence_ordered_stop_od,GMB,line_gmb_2006641,gmb_2006641_2,2006641,2,2,20001162,20001163,unspecified_in_source,unspecified_in_source,unspecified_in_source,unspecified_in_source,unspecified_in_source,,,,pt_fare,,,not_encoded_in_source_revision_cutoff_only,2026-07-14,2026-07-20,,"[""gtfs:fare_rules.txt:835969|fare_attributes.txt:824704|fare_id:2006641-1-3-4"",""gtfs:fare_rules.txt:836488|fare_attributes.txt:826510|fare_id:2006641-2-20-21""]",data/transit/hongkong/PublicTransportGTFS/gtfs.zip,e5ad020b79d0020625a4e8eb5428c2253a07705b71bfb809d8a3fa178032ce06,2,1,unresolved_duplicate_identical,"[{""fare_attribute_line"":824704,""fare_id"":""2006641-1-3-4"",""fare_rule_line"":835969,""price"":6.9},{""fare_attribute_line"":826510,""fare_id"":""2006641-2-20-21"",""fare_rule_line"":836488,""price"":6.9}]",unresolved,A,U,unresolved,official_json_routeSeq_exact_full_stop_pattern_plus_ordered_gtfs_stop_od,multiple_identical_source_records_no_default_selection
exact_route_sequence_ordered_stop_od,GMB,line_gmb_2007365,gmb_2007365_1,2007365,1,1,20015380,20015381,unspecified_in_source,unspecified_in_source,unspecified_in_source,unspecified_in_source,unspecified_in_source,,,,pt_fare,,,not_encoded_in_source_revision_cutoff_only,2026-07-14,2026-07-20,,"[""gtfs:fare_rules.txt:842540|fare_attributes.txt:831558|fare_id:2007365-1-6-7"",""gtfs:fare_rules.txt:842549|fare_attributes.txt:831567|fare_id:2007365-2-2-3""]",data/transit/hongkong/PublicTransportGTFS/gtfs.zip,e5ad020b79d0020625a4e8eb5428c2253a07705b71bfb809d8a3fa178032ce06,2,1,unresolved_duplicate_identical,"[{""fare_attribute_line"":831558,""fare_id"":""2007365-1-6-7"",""fare_rule_line"":842540,""price"":5.5},{""fare_attribute_line"":831567,""fare_id"":""2007365-2-2-3"",""fare_rule_line"":842549,""price"":5.5}]",unresolved,A,U,unresolved,official_json_routeSeq_exact_full_stop_pattern_plus_ordered_gtfs_stop_od,multiple_identical_source_records_no_default_selection
exact_route_sequence_ordered_stop_od,GMB,line_gmb_2007365,gmb_2007365_2,2007365,2,2,20015380,20015381,unspecified_in_source,unspecified_in_source,unspecified_in_source,unspecified_in_source,unspecified_in_source,,,,pt_fare,,,not_encoded_in_source_revision_cutoff_only,2026-07-14,2026-07-20,,"[""gtfs:fare_rules.txt:842540|fare_attributes.txt:831558|fare_id:2007365-1-6-7"",""gtfs:fare_rules.txt:842549|fare_attributes.txt:831567|fare_id:2007365-2-2-3""]",data/transit/hongkong/PublicTransportGTFS/gtfs.zip,e5ad020b79d0020625a4e8eb5428c2253a07705b71bfb809d8a3fa178032ce06,2,1,unresolved_duplicate_identical,"[{""fare_attribute_line"":831558,""fare_id"":""2007365-1-6-7"",""fare_rule_line"":842540,""price"":5.5},{""fare_attribute_line"":831567,""fare_id"":""2007365-2-2-3"",""fare_rule_line"":842549,""price"":5.5}]",unresolved,A,U,unresolved,official_json_routeSeq_exact_full_stop_pattern_plus_ordered_gtfs_stop_od,multiple_identical_source_records_no_default_selection
exact_route_sequence_ordered_stop_od,GMB,line_gmb_2007367,gmb_2007367_1,2007367,1,1,20015380,20015381,unspecified_in_source,unspecified_in_source,unspecified_in_source,unspecified_in_source,unspecified_in_source,,,,pt_fare,,,not_encoded_in_source_revision_cutoff_only,2026-07-14,2026-07-20,,"[""gtfs:fare_rules.txt:842612|fare_attributes.txt:830838|fare_id:2007367-1-8-9"",""gtfs:fare_rules.txt:842623|fare_attributes.txt:830849|fare_id:2007367-2-2-3""]",data/transit/hongkong/PublicTransportGTFS/gtfs.zip,e5ad020b79d0020625a4e8eb5428c2253a07705b71bfb809d8a3fa178032ce06,2,1,unresolved_duplicate_identical,"[{""fare_attribute_line"":830838,""fare_id"":""2007367-1-8-9"",""fare_rule_line"":842612,""price"":7.0},{""fare_attribute_line"":830849,""fare_id"":""2007367-2-2-3"",""fare_rule_line"":842623,""price"":7.0}]",unresolved,A,U,unresolved,official_json_routeSeq_exact_full_stop_pattern_plus_ordered_gtfs_stop_od,multiple_identical_source_records_no_default_selection
exact_route_sequence_ordered_stop_od,GMB,line_gmb_2007367,gmb_2007367_2,2007367,2,2,20015380,20015381,unspecified_in_source,unspecified_in_source,unspecified_in_source,unspecified_in_source,unspecified_in_source,,,,pt_fare,,,not_encoded_in_source_revision_cutoff_only,2026-07-14,2026-07-20,,"[""gtfs:fare_rules.txt:842612|fare_attributes.txt:830838|fare_id:2007367-1-8-9"",""gtfs:fare_rules.txt:842623|fare_attributes.txt:830849|fare_id:2007367-2-2-3""]",data/transit/hongkong/PublicTransportGTFS/gtfs.zip,e5ad020b79d0020625a4e8eb5428c2253a07705b71bfb809d8a3fa178032ce06,2,1,unresolved_duplicate_identical,"[{""fare_attribute_line"":830838,""fare_id"":""2007367-1-8-9"",""fare_rule_line"":842612,""price"":7.0},{""fare_attribute_line"":830849,""fare_id"":""2007367-2-2-3"",""fare_rule_line"":842623,""price"":7.0}]",unresolved,A,U,unresolved,official_json_routeSeq_exact_full_stop_pattern_plus_ordered_gtfs_stop_od,multiple_identical_source_records_no_default_selection
exact_route_sequence_ordered_stop_od,GMB,line_gmb_2007827,gmb_2007827_1,2007827,1,1,20015706,20015729,unspecified_in_source,unspecified_in_source,unspecified_in_source,unspecified_in_source,unspecified_in_source,,,,pt_fare,,,not_encoded_in_source_revision_cutoff_only,2026-07-14,2026-07-20,,"[""gtfs:fare_rules.txt:845980|fare_attributes.txt:833950|fare_id:2007827-1-1-4"",""gtfs:fare_rules.txt:845983|fare_attributes.txt:865953|fare_id:2007827-1-1-7""]",data/transit/hongkong/PublicTransportGTFS/gtfs.zip,e5ad020b79d0020625a4e8eb5428c2253a07705b71bfb809d8a3fa178032ce06,2,1,unresolved_duplicate_identical,"[{""fare_attribute_line"":833950,""fare_id"":""2007827-1-1-4"",""fare_rule_line"":845980,""price"":5.7},{""fare_attribute_line"":865953,""fare_id"":""2007827-1-1-7"",""fare_rule_line"":845983,""price"":5.7}]",unresolved,A,U,unresolved,official_json_routeSeq_exact_full_stop_pattern_plus_ordered_gtfs_stop_od,multiple_identical_source_records_no_default_selection
exact_route_sequence_ordered_stop_od,GMB,line_gmb_2007827,gmb_2007827_1,2007827,1,1,20015706,20015730,unspecified_in_source,unspecified_in_source,unspecified_in_source,unspecified_in_source,unspecified_in_source,,,,pt_fare,,,not_encoded_in_source_revision_cutoff_only,2026-07-14,2026-07-20,,"[""gtfs:fare_rules.txt:845979|fare_attributes.txt:833949|fare_id:2007827-1-1-3"",""gtfs:fare_rules.txt:845984|fare_attributes.txt:865954|fare_id:2007827-1-1-8""]",data/transit/hongkong/PublicTransportGTFS/gtfs.zip,e5ad020b79d0020625a4e8eb5428c2253a07705b71bfb809d8a3fa178032ce06,2,1,unresolved_duplicate_identical,"[{""fare_attribute_line"":833949,""fare_id"":""2007827-1-1-3"",""fare_rule_line"":845979,""price"":5.7},{""fare_attribute_line"":865954,""fare_id"":""2007827-1-1-8"",""fare_rule_line"":845984,""price"":5.7}]",unresolved,A,U,unresolved,official_json_routeSeq_exact_full_stop_pattern_plus_ordered_gtfs_stop_od,multiple_identical_source_records_no_default_selection
exact_route_sequence_ordered_stop_od,GMB,line_gmb_2007827,gmb_2007827_1,2007827,1,1,20015729,20015706,unspecified_in_source,unspecified_in_source,unspecified_in_source,unspecified_in_source,unspecified_in_source,,,,pt_fare,,,not_encoded_in_source_revision_cutoff_only,2026-07-14,2026-07-20,,"[""gtfs:fare_rules.txt:846007|fare_attributes.txt:865971|fare_id:2007827-1-4-10"",""gtfs:fare_rules.txt:846019|fare_attributes.txt:833969|fare_id:2007827-1-7-10""]",data/transit/hongkong/PublicTransportGTFS/gtfs.zip,e5ad020b79d0020625a4e8eb5428c2253a07705b71bfb809d8a3fa178032ce06,2,1,unresolved_duplicate_identical,"[{""fare_attribute_line"":865971,""fare_id"":""2007827-1-4-10"",""fare_rule_line"":846007,""price"":5.7},{""fare_attribute_line"":833969,""fare_id"":""2007827-1-7-10"",""fare_rule_line"":846019,""price"":5.7}]",unresolved,A,U,unresolved,official_json_routeSeq_exact_full_stop_pattern_plus_ordered_gtfs_stop_od,multiple_identical_source_records_no_default_selection
exact_route_sequence_ordered_stop_od,GMB,line_gmb_2007827,gmb_2007827_1,2007827,1,1,20015729,20015707,unspecified_in_source,unspecified_in_source,unspecified_in_source,unspecified_in_source,unspecified_in_source,,,,pt_fare,,,not_encoded_in_source_revision_cutoff_only,2026-07-14,2026-07-20,,"[""gtfs:fare_rules.txt:846006|fare_attributes.txt:865970|fare_id:2007827-1-4-9"",""gtfs:fare_rules.txt:846018|fare_attributes.txt:833968|fare_id:2007827-1-7-9""]",data/transit/hongkong/PublicTransportGTFS/gtfs.zip,e5ad020b79d0020625a4e8eb5428c2253a07705b71bfb809d8a3fa178032ce06,2,1,unresolved_duplicate_identical,"[{""fare_attribute_line"":865970,""fare_id"":""2007827-1-4-9"",""fare_rule_line"":846006,""price"":5.7},{""fare_attribute_line"":833968,""fare_id"":""2007827-1-7-9"",""fare_rule_line"":846018,""price"":5.7}]",unresolved,A,U,unresolved,official_json_routeSeq_exact_full_stop_pattern_plus_ordered_gtfs_stop_od,multiple_identical_source_records_no_default_selection
exact_route_sequence_ordered_stop_od,GMB,line_gmb_2007827,gmb_2007827_1,2007827,1,1,20015729,20015730,unspecified_in_source,unspecified_in_source,unspecified_in_source,unspecified_in_source,unspecified_in_source,,,,pt_fare,,,not_encoded_in_source_revision_cutoff_only,2026-07-14,2026-07-20,,"[""gtfs:fare_rules.txt:846005|fare_attributes.txt:865969|fare_id:2007827-1-4-8"",""gtfs:fare_rules.txt:846017|fare_attributes.txt:833967|fare_id:2007827-1-7-8""]",data/transit/hongkong/PublicTransportGTFS/gtfs.zip,e5ad020b79d0020625a4e8eb5428c2253a07705b71bfb809d8a3fa178032ce06,2,1,unresolved_duplicate_identical,"[{""fare_attribute_line"":865969,""fare_id"":""2007827-1-4-8"",""fare_rule_line"":846005,""price"":5.7},{""fare_attribute_line"":833967,""fare_id"":""2007827-1-7-8"",""fare_rule_line"":846017,""price"":5.7}]",unresolved,A,U,unresolved,official_json_routeSeq_exact_full_stop_pattern_plus_ordered_gtfs_stop_od,multiple_identical_source_records_no_default_selection
exact_route_sequence_ordered_stop_od,GMB,line_gmb_2007827,gmb_2007827_1,2007827,1,1,20015730,20015706,unspecified_in_source,unspecified_in_source,unspecified_in_source,unspecified_in_source,unspecified_in_source,,,,pt_fare,,,not_encoded_in_source_revision_cutoff_only,2026-07-14,2026-07-20,,"[""gtfs:fare_rules.txt:846001|fare_attributes.txt:865966|fare_id:2007827-1-3-10"",""gtfs:fare_rules.txt:846021|fare_attributes.txt:833971|fare_id:2007827-1-8-10""]",data/transit/hongkong/PublicTransportGTFS/gtfs.zip,e5ad020b79d0020625a4e8eb5428c2253a07705b71bfb809d8a3fa178032ce06,2,1,unresolved_duplicate_identical,"[{""fare_attribute_line"":865966,""fare_id"":""2007827-1-3-10"",""fare_rule_line"":846001,""price"":5.7},{""fare_attribute_line"":833971,""fare_id"":""2007827-1-8-10"",""fare_rule_line"":846021,""price"":5.7}]",unresolved,A,U,unresolved,official_json_routeSeq_exact_full_stop_pattern_plus_ordered_gtfs_stop_od,multiple_identical_source_records_no_default_selection
exact_route_sequence_ordered_stop_od,GMB,line_gmb_2007827,gmb_2007827_1,2007827,1,1,20015730,20015707,unspecified_in_source,unspecified_in_source,unspecified_in_source,unspecified_in_source,unspecified_in_source,,,,pt_fare,,,not_encoded_in_source_revision_cutoff_only,2026-07-14,2026-07-20,,"[""gtfs:fare_rules.txt:846000|fare_attributes.txt:865965|fare_id:2007827-1-3-9"",""gtfs:fare_rules.txt:846020|fare_attributes.txt:833970|fare_id:2007827-1-8-9""]",data/transit/hongkong/PublicTransportGTFS/gtfs.zip,e5ad020b79d0020625a4e8eb5428c2253a07705b71bfb809d8a3fa178032ce06,2,1,unresolved_duplicate_identical,"[{""fare_attribute_line"":865965,""fare_id"":""2007827-1-3-9"",""fare_rule_line"":846000,""price"":5.7},{""fare_attribute_line"":833970,""fare_id"":""2007827-1-8-9"",""fare_rule_line"":846020,""price"":5.7}]",unresolved,A,U,unresolved,official_json_routeSeq_exact_full_stop_pattern_plus_ordered_gtfs_stop_od,multiple_identical_source_records_no_default_selection
exact_route_sequence_ordered_stop_od,GMB,line_gmb_2007827,gmb_2007827_1,2007827,1,1,20015730,20015729,unspecified_in_source,unspecified_in_source,unspecified_in_source,unspecified_in_source,unspecified_in_source,,,,pt_fare,,,not_encoded_in_source_revision_cutoff_only,2026-07-14,2026-07-20,,"[""gtfs:fare_rules.txt:845995|fare_attributes.txt:833955|fare_id:2007827-1-3-4"",""gtfs:fare_rules.txt:845998|fare_attributes.txt:865963|fare_id:2007827-1-3-7""]",data/transit/hongkong/PublicTransportGTFS/gtfs.zip,e5ad020b79d0020625a4e8eb5428c2253a07705b71bfb809d8a3fa178032ce06,2,1,unresolved_duplicate_identical,"[{""fare_attribute_line"":833955,""fare_id"":""2007827-1-3-4"",""fare_rule_line"":845995,""price"":5.7},{""fare_attribute_line"":865963,""fare_id"":""2007827-1-3-7"",""fare_rule_line"":845998,""price"":5.7}]",unresolved,A,U,unresolved,official_json_routeSeq_exact_full_stop_pattern_plus_ordered_gtfs_stop_od,multiple_identical_source_records_no_default_selection
exact_route_sequence_ordered_stop_od,GMB,line_gmb_2007827,gmb_2007827_1,2007827,1,1,20015776,20015729,unspecified_in_source,unspecified_in_source,unspecified_in_source,unspecified_in_source,unspecified_in_source,,,,pt_fare,,,not_encoded_in_source_revision_cutoff_only,2026-07-14,2026-07-20,,"[""gtfs:fare_rules.txt:845988|fare_attributes.txt:833953|fare_id:2007827-1-2-4"",""gtfs:fare_rules.txt:845991|fare_attributes.txt:865958|fare_id:2007827-1-2-7""]",data/transit/hongkong/PublicTransportGTFS/gtfs.zip,e5ad020b79d0020625a4e8eb5428c2253a07705b71bfb809d8a3fa178032ce06,2,1,unresolved_duplicate_identical,"[{""fare_attribute_line"":833953,""fare_id"":""2007827-1-2-4"",""fare_rule_line"":845988,""price"":5.7},{""fare_attribute_line"":865958,""fare_id"":""2007827-1-2-7"",""fare_rule_line"":845991,""price"":5.7}]",unresolved,A,U,unresolved,official_json_routeSeq_exact_full_stop_pattern_plus_ordered_gtfs_stop_od,multiple_identical_source_records_no_default_selection
exact_route_sequence_ordered_stop_od,GMB,line_gmb_2007827,gmb_2007827_1,2007827,1,1,20015776,20015730,unspecified_in_source,unspecified_in_source,unspecified_in_source,unspecified_in_source,unspecified_in_source,,,,pt_fare,,,not_encoded_in_source_revision_cutoff_only,2026-07-14,2026-07-20,,"[""gtfs:fare_rules.txt:845987|fare_attributes.txt:833952|fare_id:2007827-1-2-3"",""gtfs:fare_rules.txt:845992|fare_attributes.txt:865959|fare_id:2007827-1-2-8""]",data/transit/hongkong/PublicTransportGTFS/gtfs.zip,e5ad020b79d0020625a4e8eb5428c2253a07705b71bfb809d8a3fa178032ce06,2,1,unresolved_duplicate_identical,"[{""fare_attribute_line"":833952,""fare_id"":""2007827-1-2-3"",""fare_rule_line"":845987,""price"":5.7},{""fare_attribute_line"":865959,""fare_id"":""2007827-1-2-8"",""fare_rule_line"":845992,""price"":5.7}]",unresolved,A,U,unresolved,official_json_routeSeq_exact_full_stop_pattern_plus_ordered_gtfs_stop_od,multiple_identical_source_records_no_default_selection
exact_route_sequence_ordered_stop_od,GMB,line_gmb_2007830,gmb_2007830_1,2007830,1,1,20001230,20001231,unspecified_in_source,unspecified_in_source,unspecified_in_source,unspecified_in_source,unspecified_in_source,,,,pt_fare,,,not_encoded_in_source_revision_cutoff_only,2026-07-14,2026-07-20,,"[""gtfs:fare_rules.txt:846222|fare_attributes.txt:834745|fare_id:2007830-1-10-11"",""gtfs:fare_rules.txt:846228|fare_attributes.txt:866788|fare_id:2007830-1-10-17""]",data/transit/hongkong/PublicTransportGTFS/gtfs.zip,e5ad020b79d0020625a4e8eb5428c2253a07705b71bfb809d8a3fa178032ce06,2,1,unresolved_duplicate_identical,"[{""fare_attribute_line"":834745,""fare_id"":""2007830-1-10-11"",""fare_rule_line"":846222,""price"":6.8},{""fare_attribute_line"":866788,""fare_id"":""2007830-1-10-17"",""fare_rule_line"":846228,""price"":6.8}]",unresolved,A,U,unresolved,official_json_routeSeq_exact_full_stop_pattern_plus_ordered_gtfs_stop_od,multiple_identical_source_records_no_default_selection
exact_route_sequence_ordered_stop_od,GMB,line_gmb_2007830,gmb_2007830_1,2007830,1,1,20001567,20001231,unspecified_in_source,unspecified_in_source,unspecified_in_source,unspecified_in_source,unspecified_in_source,,,,pt_fare,,,not_encoded_in_source_revision_cutoff_only,2026-07-14,2026-07-20,,"[""gtfs:fare_rules.txt:846089|fare_attributes.txt:834010|fare_id:2007830-1-3-11"",""gtfs:fare_rules.txt:846095|fare_attributes.txt:866004|fare_id:2007830-1-3-17""]",data/transit/hongkong/PublicTransportGTFS/gtfs.zip,e5ad020b79d0020625a4e8eb5428c2253a07705b71bfb809d8a3fa178032ce06,2,1,unresolved_duplicate_identical,"[{""fare_attribute_line"":834010,""fare_id"":""2007830-1-3-11"",""fare_rule_line"":846089,""price"":6.8},{""fare_attribute_line"":866004,""fare_id"":""2007830-1-3-17"",""fare_rule_line"":846095,""price"":6.8}]",unresolved,A,U,unresolved,official_json_routeSeq_exact_full_stop_pattern_plus_ordered_gtfs_stop_od,multiple_identical_source_records_no_default_selection
exact_route_sequence_ordered_stop_od,GMB,line_gmb_2007830,gmb_2007830_1,2007830,1,1,20001567,20002297,unspecified_in_source,unspecified_in_source,unspecified_in_source,unspecified_in_source,unspecified_in_source,,,,pt_fare,,,not_encoded_in_source_revision_cutoff_only,2026-07-14,2026-07-20,,"[""gtfs:fare_rules.txt:846087|fare_attributes.txt:834008|fare_id:2007830-1-3-9"",""gtfs:fare_rules.txt:846094|fare_attributes.txt:866003|fare_id:2007830-1-3-16""]",data/transit/hongkong/PublicTransportGTFS/gtfs.zip,e5ad020b79d0020625a4e8eb5428c2253a07705b71bfb809d8a3fa178032ce06,2,1,unresolved_duplicate_identical,"[{""fare_attribute_line"":834008,""fare_id"":""2007830-1-3-9"",""fare_rule_line"":846087,""price"":6.8},{""fare_attribute_line"":866003,""fare_id"":""2007830-1-3-16"",""fare_rule_line"":846094,""price"":6.8}]",unresolved,A,U,unresolved,official_json_routeSeq_exact_full_stop_pattern_plus_ordered_gtfs_stop_od,multiple_identical_source_records_no_default_selection
exact_route_sequence_ordered_stop_od,GMB,line_gmb_2007830,gmb_2007830_1,2007830,1,1,20002235,20001231,unspecified_in_source,unspecified_in_source,unspecified_in_source,unspecified_in_source,unspecified_in_source,,,,pt_fare,,,not_encoded_in_source_revision_cutoff_only,2026-07-14,2026-07-20,,"[""gtfs:fare_rules.txt:846066|fare_attributes.txt:834000|fare_id:2007830-1-2-11"",""gtfs:fare_rules.txt:846072|fare_attributes.txt:865991|fare_id:2007830-1-2-17""]",data/transit/hongkong/PublicTransportGTFS/gtfs.zip,e5ad020b79d0020625a4e8eb5428c2253a07705b71bfb809d8a3fa178032ce06,2,1,unresolved_duplicate_identical,"[{""fare_attribute_line"":834000,""fare_id"":""2007830-1-2-11"",""fare_rule_line"":846066,""price"":6.8},{""fare_attribute_line"":865991,""fare_id"":""2007830-1-2-17"",""fare_rule_line"":846072,""price"":6.8}]",unresolved,A,U,unresolved,official_json_routeSeq_exact_full_stop_pattern_plus_ordered_gtfs_stop_od,multiple_identical_source_records_no_default_selection
exact_route_sequence_ordered_stop_od,GMB,line_gmb_2007830,gmb_2007830_1,2007830,1,1,20002235,20002297,unspecified_in_source,unspecified_in_source,unspecified_in_source,unspecified_in_source,unspecified_in_source,,,,pt_fare,,,not_encoded_in_source_revision_cutoff_only,2026-07-14,2026-07-20,,"[""gtfs:fare_rules.txt:846064|fare_attributes.txt:833998|fare_id:2007830-1-2-9"",""gtfs:fare_rules.txt:846071|fare_attributes.txt:865990|fare_id:2007830-1-2-16""]",data/transit/hongkong/PublicTransportGTFS/gtfs.zip,e5ad020b79d0020625a4e8eb5428c2253a07705b71bfb809d8a3fa178032ce06,2,1,unresolved_duplicate_identical,"[{""fare_attribute_line"":833998,""fare_id"":""2007830-1-2-9"",""fare_rule_line"":846064,""price"":6.8},{""fare_attribute_line"":865990,""fare_id"":""2007830-1-2-16"",""fare_rule_line"":846071,""price"":6.8}]",unresolved,A,U,unresolved,official_json_routeSeq_exact_full_stop_pattern_plus_ordered_gtfs_stop_od,multiple_identical_source_records_no_default_selection
exact_route_sequence_ordered_stop_od,GMB,line_gmb_2007830,gmb_2007830_1,2007830,1,1,20002236,20001231,unspecified_in_source,unspecified_in_source,unspecified_in_source,unspecified_in_source,unspecified_in_source,,,,pt_fare,,,not_encoded_in_source_revision_cutoff_only,2026-07-14,2026-07-20,,"[""gtfs:fare_rules.txt:846111|fare_attributes.txt:834019|fare_id:2007830-1-4-11"",""gtfs:fare_rules.txt:846117|fare_attributes.txt:866017|fare_id:2007830-1-4-17""]",data/transit/hongkong/PublicTransportGTFS/gtfs.zip,e5ad020b79d0020625a4e8eb5428c2253a07705b71bfb809d8a3fa178032ce06,2,1,unresolved_duplicate_identical,"[{""fare_attribute_line"":834019,""fare_id"":""2007830-1-4-11"",""fare_rule_line"":846111,""price"":6.8},{""fare_attribute_line"":866017,""fare_id"":""2007830-1-4-17"",""fare_rule_line"":846117,""price"":6.8}]",unresolved,A,U,unresolved,official_json_routeSeq_exact_full_stop_pattern_plus_ordered_gtfs_stop_od,multiple_identical_source_records_no_default_selection
exact_route_sequence_ordered_stop_od,GMB,line_gmb_2007830,gmb_2007830_1,2007830,1,1,20002236,20002297,unspecified_in_source,unspecified_in_source,unspecified_in_source,unspecified_in_source,unspecified_in_source,,,,pt_fare,,,not_encoded_in_source_revision_cutoff_only,2026-07-14,2026-07-20,,"[""gtfs:fare_rules.txt:846109|fare_attributes.txt:834017|fare_id:2007830-1-4-9"",""gtfs:fare_rules.txt:846116|fare_attributes.txt:866016|fare_id:2007830-1-4-16""]",data/transit/hongkong/PublicTransportGTFS/gtfs.zip,e5ad020b79d0020625a4e8eb5428c2253a07705b71bfb809d8a3fa178032ce06,2,1,unresolved_duplicate_identical,"[{""fare_attribute_line"":834017,""fare_id"":""2007830-1-4-9"",""fare_rule_line"":846109,""price"":6.8},{""fare_attribute_line"":866016,""fare_id"":""2007830-1-4-16"",""fare_rule_line"":846116,""price"":6.8}]",unresolved,A,U,unresolved,official_json_routeSeq_exact_full_stop_pattern_plus_ordered_gtfs_stop_od,multiple_identical_source_records_no_default_selection
exact_route_sequence_ordered_stop_od,GMB,line_gmb_2007830,gmb_2007830_1,2007830,1,1,20002237,20001231,unspecified_in_source,unspecified_in_source,unspecified_in_source,unspecified_in_source,unspecified_in_source,,,,pt_fare,,,not_encoded_in_source_revision_cutoff_only,2026-07-14,2026-07-20,,"[""gtfs:fare_rules.txt:846132|fare_attributes.txt:834027|fare_id:2007830-1-5-11"",""gtfs:fare_rules.txt:846138|fare_attributes.txt:866723|fare_id:2007830-1-5-17""]",data/transit/hongkong/PublicTransportGTFS/gtfs.zip,e5ad020b79d0020625a4e8eb5428c2253a07705b71bfb809d8a3fa178032ce06,2,1,unresolved_duplicate_identical,"[{""fare_attribute_line"":834027,""fare_id"":""2007830-1-5-11"",""fare_rule_line"":846132,""price"":6.8},{""fare_attribute_line"":866723,""fare_id"":""2007830-1-5-17"",""fare_rule_line"":846138,""price"":6.8}]",unresolved,A,U,unresolved,official_json_routeSeq_exact_full_stop_pattern_plus_ordered_gtfs_stop_od,multiple_identical_source_records_no_default_selection
exact_route_sequence_ordered_stop_od,GMB,line_gmb_2007830,gmb_2007830_1,2007830,1,1,20002237,20002297,unspecified_in_source,unspecified_in_source,unspecified_in_source,unspecified_in_source,unspecified_in_source,,,,pt_fare,,,not_encoded_in_source_revision_cutoff_only,2026-07-14,2026-07-20,,"[""gtfs:fare_rules.txt:846130|fare_attributes.txt:834025|fare_id:2007830-1-5-9"",""gtfs:fare_rules.txt:846137|fare_attributes.txt:866722|fare_id:2007830-1-5-16""]",data/transit/hongkong/PublicTransportGTFS/gtfs.zip,e5ad020b79d0020625a4e8eb5428c2253a07705b71bfb809d8a3fa178032ce06,2,1,unresolved_duplicate_identical,"[{""fare_attribute_line"":834025,""fare_id"":""2007830-1-5-9"",""fare_rule_line"":846130,""price"":6.8},{""fare_attribute_line"":866722,""fare_id"":""2007830-1-5-16"",""fare_rule_line"":846137,""price"":6.8}]",unresolved,A,U,unresolved,official_json_routeSeq_exact_full_stop_pattern_plus_ordered_gtfs_stop_od,multiple_identical_source_records_no_default_selection
exact_route_sequence_ordered_stop_od,GMB,line_gmb_2007830,gmb_2007830_1,2007830,1,1,20002238,20001231,unspecified_in_source,unspecified_in_source,unspecified_in_source,unspecified_in_source,unspecified_in_source,,,,pt_fare,,,not_encoded_in_source_revision_cutoff_only,2026-07-14,2026-07-20,,"[""gtfs:fare_rules.txt:846152|fare_attributes.txt:834034|fare_id:2007830-1-6-11"",""gtfs:fare_rules.txt:846158|fare_attributes.txt:866736|fare_id:2007830-1-6-17""]",data/transit/hongkong/PublicTransportGTFS/gtfs.zip,e5ad020b79d0020625a4e8eb5428c2253a07705b71bfb809d8a3fa178032ce06,2,1,unresolved_duplicate_identical,"[{""fare_attribute_line"":834034,""fare_id"":""2007830-1-6-11"",""fare_rule_line"":846152,""price"":6.8},{""fare_attribute_line"":866736,""fare_id"":""2007830-1-6-17"",""fare_rule_line"":846158,""price"":6.8}]",unresolved,A,U,unresolved,official_json_routeSeq_exact_full_stop_pattern_plus_ordered_gtfs_stop_od,multiple_identical_source_records_no_default_selection
exact_route_sequence_ordered_stop_od,GMB,line_gmb_2007830,gmb_2007830_1,2007830,1,1,20002238,20002297,unspecified_in_source,unspecified_in_source,unspecified_in_source,unspecified_in_source,unspecified_in_source,,,,pt_fare,,,not_encoded_in_source_revision_cutoff_only,2026-07-14,2026-07-20,,"[""gtfs:fare_rules.txt:846150|fare_attributes.txt:834032|fare_id:2007830-1-6-9"",""gtfs:fare_rules.txt:846157|fare_attributes.txt:866735|fare_id:2007830-1-6-16""]",data/transit/hongkong/PublicTransportGTFS/gtfs.zip,e5ad020b79d0020625a4e8eb5428c2253a07705b71bfb809d8a3fa178032ce06,2,1,unresolved_duplicate_identical,"[{""fare_attribute_line"":834032,""fare_id"":""2007830-1-6-9"",""fare_rule_line"":846150,""price"":6.8},{""fare_attribute_line"":866735,""fare_id"":""2007830-1-6-16"",""fare_rule_line"":846157,""price"":6.8}]",unresolved,A,U,unresolved,official_json_routeSeq_exact_full_stop_pattern_plus_ordered_gtfs_stop_od,multiple_identical_source_records_no_default_selection
exact_route_sequence_ordered_stop_od,GMB,line_gmb_2007830,gmb_2007830_1,2007830,1,1,20002317,20001231,unspecified_in_source,unspecified_in_source,unspecified_in_source,unspecified_in_source,unspecified_in_source,,,,pt_fare,,,not_encoded_in_source_revision_cutoff_only,2026-07-14,2026-07-20,,"[""gtfs:fare_rules.txt:846171|fare_attributes.txt:834040|fare_id:2007830-1-7-11"",""gtfs:fare_rules.txt:846177|fare_attributes.txt:866749|fare_id:2007830-1-7-17""]",data/transit/hongkong/PublicTransportGTFS/gtfs.zip,e5ad020b79d0020625a4e8eb5428c2253a07705b71bfb809d8a3fa178032ce06,2,1,unresolved_duplicate_identical,"[{""fare_attribute_line"":834040,""fare_id"":""2007830-1-7-11"",""fare_rule_line"":846171,""price"":6.8},{""fare_attribute_line"":866749,""fare_id"":""2007830-1-7-17"",""fare_rule_line"":846177,""price"":6.8}]",unresolved,A,U,unresolved,official_json_routeSeq_exact_full_stop_pattern_plus_ordered_gtfs_stop_od,multiple_identical_source_records_no_default_selection
exact_route_sequence_ordered_stop_od,GMB,line_gmb_2007830,gmb_2007830_1,2007830,1,1,20002317,20002297,unspecified_in_source,unspecified_in_source,unspecified_in_source,unspecified_in_source,unspecified_in_source,,,,pt_fare,,,not_encoded_in_source_revision_cutoff_only,2026-07-14,2026-07-20,,"[""gtfs:fare_rules.txt:846169|fare_attributes.txt:834038|fare_id:2007830-1-7-9"",""gtfs:fare_rules.txt:846176|fare_attributes.txt:866748|fare_id:2007830-1-7-16""]",data/transit/hongkong/PublicTransportGTFS/gtfs.zip,e5ad020b79d0020625a4e8eb5428c2253a07705b71bfb809d8a3fa178032ce06,2,1,unresolved_duplicate_identical,"[{""fare_attribute_line"":834038,""fare_id"":""2007830-1-7-9"",""fare_rule_line"":846169,""price"":6.8},{""fare_attribute_line"":866748,""fare_id"":""2007830-1-7-16"",""fare_rule_line"":846176,""price"":6.8}]",unresolved,A,U,unresolved,official_json_routeSeq_exact_full_stop_pattern_plus_ordered_gtfs_stop_od,multiple_identical_source_records_no_default_selection
exact_route_sequence_ordered_stop_od,GMB,line_gmb_2007830,gmb_2007830_1,2007830,1,1,20015646,20001231,unspecified_in_source,unspecified_in_source,unspecified_in_source,unspecified_in_source,unspecified_in_source,,,,pt_fare,,,not_encoded_in_source_revision_cutoff_only,2026-07-14,2026-07-20,,"[""gtfs:fare_rules.txt:846189|fare_attributes.txt:834045|fare_id:2007830-1-8-11"",""gtfs:fare_rules.txt:846195|fare_attributes.txt:866762|fare_id:2007830-1-8-17""]",data/transit/hongkong/PublicTransportGTFS/gtfs.zip,e5ad020b79d0020625a4e8eb5428c2253a07705b71bfb809d8a3fa178032ce06,2,1,unresolved_duplicate_identical,"[{""fare_attribute_line"":834045,""fare_id"":""2007830-1-8-11"",""fare_rule_line"":846189,""price"":6.8},{""fare_attribute_line"":866762,""fare_id"":""2007830-1-8-17"",""fare_rule_line"":846195,""price"":6.8}]",unresolved,A,U,unresolved,official_json_routeSeq_exact_full_stop_pattern_plus_ordered_gtfs_stop_od,multiple_identical_source_records_no_default_selection
exact_route_sequence_ordered_stop_od,GMB,line_gmb_2007830,gmb_2007830_1,2007830,1,1,20015646,20002297,unspecified_in_source,unspecified_in_source,unspecified_in_source,unspecified_in_source,unspecified_in_source,,,,pt_fare,,,not_encoded_in_source_revision_cutoff_only,2026-07-14,2026-07-20,,"[""gtfs:fare_rules.txt:846187|fare_attributes.txt:834043|fare_id:2007830-1-8-9"",""gtfs:fare_rules.txt:846194|fare_attributes.txt:866761|fare_id:2007830-1-8-16""]",data/transit/hongkong/PublicTransportGTFS/gtfs.zip,e5ad020b79d0020625a4e8eb5428c2253a07705b71bfb809d8a3fa178032ce06,2,1,unresolved_duplicate_identical,"[{""fare_attribute_line"":834043,""fare_id"":""2007830-1-8-9"",""fare_rule_line"":846187,""price"":6.8},{""fare_attribute_line"":866761,""fare_id"":""2007830-1-8-16"",""fare_rule_line"":846194,""price"":6.8}]",unresolved,A,U,unresolved,official_json_routeSeq_exact_full_stop_pattern_plus_ordered_gtfs_stop_od,multiple_identical_source_records_no_default_selection
exact_route_sequence_ordered_stop_od,GMB,line_gmb_2007830,gmb_2007830_1,2007830,1,1,20015706,20001231,unspecified_in_source,unspecified_in_source,unspecified_in_source,unspecified_in_source,unspecified_in_source,,,,pt_fare,,,not_encoded_in_source_revision_cutoff_only,2026-07-14,2026-07-20,,"[""gtfs:fare_rules.txt:846042|fare_attributes.txt:833989|fare_id:2007830-1-1-11"",""gtfs:fare_rules.txt:846048|fare_attributes.txt:865978|fare_id:2007830-1-1-17""]",data/transit/hongkong/PublicTransportGTFS/gtfs.zip,e5ad020b79d0020625a4e8eb5428c2253a07705b71bfb809d8a3fa178032ce06,2,1,unresolved_duplicate_identical,"[{""fare_attribute_line"":833989,""fare_id"":""2007830-1-1-11"",""fare_rule_line"":846042,""price"":11.3},{""fare_attribute_line"":865978,""fare_id"":""2007830-1-1-17"",""fare_rule_line"":846048,""price"":11.3}]",unresolved,A,U,unresolved,official_json_routeSeq_exact_full_stop_pattern_plus_ordered_gtfs_stop_od,multiple_identical_source_records_no_default_selection
exact_route_sequence_ordered_stop_od,GMB,line_gmb_2007830,gmb_2007830_1,2007830,1,1,20015706,20002297,unspecified_in_source,unspecified_in_source,unspecified_in_source,unspecified_in_source,unspecified_in_source,,,,pt_fare,,,not_encoded_in_source_revision_cutoff_only,2026-07-14,2026-07-20,,"[""gtfs:fare_rules.txt:846040|fare_attributes.txt:833987|fare_id:2007830-1-1-9"",""gtfs:fare_rules.txt:846047|fare_attributes.txt:865977|fare_id:2007830-1-1-16""]",data/transit/hongkong/PublicTransportGTFS/gtfs.zip,e5ad020b79d0020625a4e8eb5428c2253a07705b71bfb809d8a3fa178032ce06,2,1,unresolved_duplicate_identical,"[{""fare_attribute_line"":833987,""fare_id"":""2007830-1-1-9"",""fare_rule_line"":846040,""price"":11.3},{""fare_attribute_line"":865977,""fare_id"":""2007830-1-1-16"",""fare_rule_line"":846047,""price"":11.3}]",unresolved,A,U,unresolved,official_json_routeSeq_exact_full_stop_pattern_plus_ordered_gtfs_stop_od,multiple_identical_source_records_no_default_selection
exact_route_sequence_ordered_stop_od,GMB,line_gmb_2007894,gmb_2007894_1,2007894,1,1,20007310,20015871,unspecified_in_source,unspecified_in_source,unspecified_in_source,unspecified_in_source,unspecified_in_source,,,,pt_fare,,,not_encoded_in_source_revision_cutoff_only,2026-07-14,2026-07-20,,"[""gtfs:fare_rules.txt:846770|fare_attributes.txt:834264|fare_id:2007894-1-3-4"",""gtfs:fare_rules.txt:846897|fare_attributes.txt:835084|fare_id:2007894-2-9-11""]",data/transit/hongkong/PublicTransportGTFS/gtfs.zip,e5ad020b79d0020625a4e8eb5428c2253a07705b71bfb809d8a3fa178032ce06,2,1,unresolved_duplicate_identical,"[{""fare_attribute_line"":834264,""fare_id"":""2007894-1-3-4"",""fare_rule_line"":846770,""price"":5.7},{""fare_attribute_line"":835084,""fare_id"":""2007894-2-9-11"",""fare_rule_line"":846897,""price"":5.7}]",unresolved,A,U,unresolved,official_json_routeSeq_exact_full_stop_pattern_plus_ordered_gtfs_stop_od,multiple_identical_source_records_no_default_selection
exact_route_sequence_ordered_stop_od,GMB,line_gmb_2007894,gmb_2007894_1,2007894,1,1,20015884,20007310,unspecified_in_source,unspecified_in_source,unspecified_in_source,unspecified_in_source,unspecified_in_source,,,,pt_fare,,,not_encoded_in_source_revision_cutoff_only,2026-07-14,2026-07-20,,"[""gtfs:fare_rules.txt:846758|fare_attributes.txt:834252|fare_id:2007894-1-2-3"",""gtfs:fare_rules.txt:846892|fare_attributes.txt:835079|fare_id:2007894-2-8-9""]",data/transit/hongkong/PublicTransportGTFS/gtfs.zip,e5ad020b79d0020625a4e8eb5428c2253a07705b71bfb809d8a3fa178032ce06,2,1,unresolved_duplicate_identical,"[{""fare_attribute_line"":834252,""fare_id"":""2007894-1-2-3"",""fare_rule_line"":846758,""price"":5.7},{""fare_attribute_line"":835079,""fare_id"":""2007894-2-8-9"",""fare_rule_line"":846892,""price"":5.7}]",unresolved,A,U,unresolved,official_json_routeSeq_exact_full_stop_pattern_plus_ordered_gtfs_stop_od,multiple_identical_source_records_no_default_selection
exact_route_sequence_ordered_stop_od,GMB,line_gmb_2007894,gmb_2007894_1,2007894,1,1,20015884,20015871,unspecified_in_source,unspecified_in_source,unspecified_in_source,unspecified_in_source,unspecified_in_source,,,,pt_fare,,,not_encoded_in_source_revision_cutoff_only,2026-07-14,2026-07-20,,"[""gtfs:fare_rules.txt:846759|fare_attributes.txt:834253|fare_id:2007894-1-2-4"",""gtfs:fare_rules.txt:846894|fare_attributes.txt:835081|fare_id:2007894-2-8-11""]",data/transit/hongkong/PublicTransportGTFS/gtfs.zip,e5ad020b79d0020625a4e8eb5428c2253a07705b71bfb809d8a3fa178032ce06,2,1,unresolved_duplicate_identical,"[{""fare_attribute_line"":834253,""fare_id"":""2007894-1-2-4"",""fare_rule_line"":846759,""price"":5.7},{""fare_attribute_line"":835081,""fare_id"":""2007894-2-8-11"",""fare_rule_line"":846894,""price"":5.7}]",unresolved,A,U,unresolved,official_json_routeSeq_exact_full_stop_pattern_plus_ordered_gtfs_stop_od,multiple_identical_source_records_no_default_selection
exact_route_sequence_ordered_stop_od,GMB,line_gmb_2007894,gmb_2007894_2,2007894,2,2,20007310,20015871,unspecified_in_source,unspecified_in_source,unspecified_in_source,unspecified_in_source,unspecified_in_source,,,,pt_fare,,,not_encoded_in_source_revision_cutoff_only,2026-07-14,2026-07-20,,"[""gtfs:fare_rules.txt:846770|fare_attributes.txt:834264|fare_id:2007894-1-3-4"",""gtfs:fare_rules.txt:846897|fare_attributes.txt:835084|fare_id:2007894-2-9-11""]",data/transit/hongkong/PublicTransportGTFS/gtfs.zip,e5ad020b79d0020625a4e8eb5428c2253a07705b71bfb809d8a3fa178032ce06,2,1,unresolved_duplicate_identical,"[{""fare_attribute_line"":834264,""fare_id"":""2007894-1-3-4"",""fare_rule_line"":846770,""price"":5.7},{""fare_attribute_line"":835084,""fare_id"":""2007894-2-9-11"",""fare_rule_line"":846897,""price"":5.7}]",unresolved,A,U,unresolved,official_json_routeSeq_exact_full_stop_pattern_plus_ordered_gtfs_stop_od,multiple_identical_source_records_no_default_selection
exact_route_sequence_ordered_stop_od,GMB,line_gmb_2007894,gmb_2007894_2,2007894,2,2,20015884,20007310,unspecified_in_source,unspecified_in_source,unspecified_in_source,unspecified_in_source,unspecified_in_source,,,,pt_fare,,,not_encoded_in_source_revision_cutoff_only,2026-07-14,2026-07-20,,"[""gtfs:fare_rules.txt:846758|fare_attributes.txt:834252|fare_id:2007894-1-2-3"",""gtfs:fare_rules.txt:846892|fare_attributes.txt:835079|fare_id:2007894-2-8-9""]",data/transit/hongkong/PublicTransportGTFS/gtfs.zip,e5ad020b79d0020625a4e8eb5428c2253a07705b71bfb809d8a3fa178032ce06,2,1,unresolved_duplicate_identical,"[{""fare_attribute_line"":834252,""fare_id"":""2007894-1-2-3"",""fare_rule_line"":846758,""price"":5.7},{""fare_attribute_line"":835079,""fare_id"":""2007894-2-8-9"",""fare_rule_line"":846892,""price"":5.7}]",unresolved,A,U,unresolved,official_json_routeSeq_exact_full_stop_pattern_plus_ordered_gtfs_stop_od,multiple_identical_source_records_no_default_selection
exact_route_sequence_ordered_stop_od,GMB,line_gmb_2007894,gmb_2007894_2,2007894,2,2,20015884,20015871,unspecified_in_source,unspecified_in_source,unspecified_in_source,unspecified_in_source,unspecified_in_source,,,,pt_fare,,,not_encoded_in_source_revision_cutoff_only,2026-07-14,2026-07-20,,"[""gtfs:fare_rules.txt:846759|fare_attributes.txt:834253|fare_id:2007894-1-2-4"",""gtfs:fare_rules.txt:846894|fare_attributes.txt:835081|fare_id:2007894-2-8-11""]",data/transit/hongkong/PublicTransportGTFS/gtfs.zip,e5ad020b79d0020625a4e8eb5428c2253a07705b71bfb809d8a3fa178032ce06,2,1,unresolved_duplicate_identical,"[{""fare_attribute_line"":834253,""fare_id"":""2007894-1-2-4"",""fare_rule_line"":846759,""price"":5.7},{""fare_attribute_line"":835081,""fare_id"":""2007894-2-8-11"",""fare_rule_line"":846894,""price"":5.7}]",unresolved,A,U,unresolved,official_json_routeSeq_exact_full_stop_pattern_plus_ordered_gtfs_stop_od,multiple_identical_source_records_no_default_selection
exact_route_sequence_ordered_stop_od,GMB,line_gmb_2007895,gmb_2007895_1,2007895,1,1,20007050,20015842,unspecified_in_source,unspecified_in_source,unspecified_in_source,unspecified_in_source,unspecified_in_source,,,,pt_fare,,,not_encoded_in_source_revision_cutoff_only,2026-07-14,2026-07-20,,"[""gtfs:fare_rules.txt:846971|fare_attributes.txt:835158|fare_id:2007895-1-7-8"",""gtfs:fare_rules.txt:847052|fare_attributes.txt:835932|fare_id:2007895-2-6-7""]",data/transit/hongkong/PublicTransportGTFS/gtfs.zip,e5ad020b79d0020625a4e8eb5428c2253a07705b71bfb809d8a3fa178032ce06,2,1,unresolved_duplicate_identical,"[{""fare_attribute_line"":835158,""fare_id"":""2007895-1-7-8"",""fare_rule_line"":846971,""price"":6.2},{""fare_attribute_line"":835932,""fare_id"":""2007895-2-6-7"",""fare_rule_line"":847052,""price"":6.2}]",unresolved,A,U,unresolved,official_json_routeSeq_exact_full_stop_pattern_plus_ordered_gtfs_stop_od,multiple_identical_source_records_no_default_selection
exact_route_sequence_ordered_stop_od,GMB,line_gmb_2007895,gmb_2007895_2,2007895,2,2,20007050,20015842,unspecified_in_source,unspecified_in_source,unspecified_in_source,unspecified_in_source,unspecified_in_source,,,,pt_fare,,,not_encoded_in_source_revision_cutoff_only,2026-07-14,2026-07-20,,"[""gtfs:fare_rules.txt:846971|fare_attributes.txt:835158|fare_id:2007895-1-7-8"",""gtfs:fare_rules.txt:847052|fare_attributes.txt:835932|fare_id:2007895-2-6-7""]",data/transit/hongkong/PublicTransportGTFS/gtfs.zip,e5ad020b79d0020625a4e8eb5428c2253a07705b71bfb809d8a3fa178032ce06,2,1,unresolved_duplicate_identical,"[{""fare_attribute_line"":835158,""fare_id"":""2007895-1-7-8"",""fare_rule_line"":846971,""price"":6.2},{""fare_attribute_line"":835932,""fare_id"":""2007895-2-6-7"",""fare_rule_line"":847052,""price"":6.2}]",unresolved,A,U,unresolved,official_json_routeSeq_exact_full_stop_pattern_plus_ordered_gtfs_stop_od,multiple_identical_source_records_no_default_selection
exact_route_sequence_ordered_stop_od,GMB,line_gmb_2008060,gmb_2008060_1,2008060,1,1,20016081,20000263,unspecified_in_source,unspecified_in_source,unspecified_in_source,unspecified_in_source,unspecified_in_source,,,,pt_fare,,,not_encoded_in_source_revision_cutoff_only,2026-07-14,2026-07-20,,"[""gtfs:fare_rules.txt:847960|fare_attributes.txt:836375|fare_id:2008060-1-1-4"",""gtfs:fare_rules.txt:847976|fare_attributes.txt:866906|fare_id:2008060-1-1-20""]",data/transit/hongkong/PublicTransportGTFS/gtfs.zip,e5ad020b79d0020625a4e8eb5428c2253a07705b71bfb809d8a3fa178032ce06,2,1,unresolved_duplicate_identical,"[{""fare_attribute_line"":836375,""fare_id"":""2008060-1-1-4"",""fare_rule_line"":847960,""price"":8.1},{""fare_attribute_line"":866906,""fare_id"":""2008060-1-1-20"",""fare_rule_line"":847976,""price"":8.1}]",unresolved,A,U,unresolved,official_json_routeSeq_exact_full_stop_pattern_plus_ordered_gtfs_stop_od,multiple_identical_source_records_no_default_selection
exact_route_sequence_ordered_stop_od,GMB,line_gmb_2008060,gmb_2008060_1,2008060,1,1,20016082,20000263,unspecified_in_source,unspecified_in_source,unspecified_in_source,unspecified_in_source,unspecified_in_source,,,,pt_fare,,,not_encoded_in_source_revision_cutoff_only,2026-07-14,2026-07-20,,"[""gtfs:fare_rules.txt:847981|fare_attributes.txt:836379|fare_id:2008060-1-2-4"",""gtfs:fare_rules.txt:847997|fare_attributes.txt:867616|fare_id:2008060-1-2-20""]",data/transit/hongkong/PublicTransportGTFS/gtfs.zip,e5ad020b79d0020625a4e8eb5428c2253a07705b71bfb809d8a3fa178032ce06,2,1,unresolved_duplicate_identical,"[{""fare_attribute_line"":836379,""fare_id"":""2008060-1-2-4"",""fare_rule_line"":847981,""price"":8.1},{""fare_attribute_line"":867616,""fare_id"":""2008060-1-2-20"",""fare_rule_line"":847997,""price"":8.1}]",unresolved,A,U,unresolved,official_json_routeSeq_exact_full_stop_pattern_plus_ordered_gtfs_stop_od,multiple_identical_source_records_no_default_selection
exact_route_sequence_ordered_stop_od,GMB,line_gmb_2008060,gmb_2008060_1,2008060,1,1,20016083,20000263,unspecified_in_source,unspecified_in_source,unspecified_in_source,unspecified_in_source,unspecified_in_source,,,,pt_fare,,,not_encoded_in_source_revision_cutoff_only,2026-07-14,2026-07-20,,"[""gtfs:fare_rules.txt:848001|fare_attributes.txt:836382|fare_id:2008060-1-3-4"",""gtfs:fare_rules.txt:848017|fare_attributes.txt:867633|fare_id:2008060-1-3-20""]",data/transit/hongkong/PublicTransportGTFS/gtfs.zip,e5ad020b79d0020625a4e8eb5428c2253a07705b71bfb809d8a3fa178032ce06,2,1,unresolved_duplicate_identical,"[{""fare_attribute_line"":836382,""fare_id"":""2008060-1-3-4"",""fare_rule_line"":848001,""price"":8.1},{""fare_attribute_line"":867633,""fare_id"":""2008060-1-3-20"",""fare_rule_line"":848017,""price"":8.1}]",unresolved,A,U,unresolved,official_json_routeSeq_exact_full_stop_pattern_plus_ordered_gtfs_stop_od,multiple_identical_source_records_no_default_selection
exact_route_sequence_ordered_stop_od,GMB,line_gmb_2008256,gmb_2008256_1,2008256,1,1,20008776,20016372,unspecified_in_source,unspecified_in_source,unspecified_in_source,unspecified_in_source,unspecified_in_source,,,,pt_fare,,,not_encoded_in_source_revision_cutoff_only,2026-07-14,2026-07-20,,"[""gtfs:fare_rules.txt:848821|fare_attributes.txt:867014|fare_id:2008256-1-2-27"",""gtfs:fare_rules.txt:849121|fare_attributes.txt:837571|fare_id:2008256-1-26-27""]",data/transit/hongkong/PublicTransportGTFS/gtfs.zip,e5ad020b79d0020625a4e8eb5428c2253a07705b71bfb809d8a3fa178032ce06,2,1,unresolved_duplicate_identical,"[{""fare_attribute_line"":867014,""fare_id"":""2008256-1-2-27"",""fare_rule_line"":848821,""price"":13.8},{""fare_attribute_line"":837571,""fare_id"":""2008256-1-26-27"",""fare_rule_line"":849121,""price"":13.8}]",unresolved,A,U,unresolved,official_json_routeSeq_exact_full_stop_pattern_plus_ordered_gtfs_stop_od,multiple_identical_source_records_no_default_selection
exact_route_sequence_ordered_stop_od,GMB,line_gmb_2008256,gmb_2008256_1,2008256,1,1,20016373,20008776,unspecified_in_source,unspecified_in_source,unspecified_in_source,unspecified_in_source,unspecified_in_source,,,,pt_fare,,,not_encoded_in_source_revision_cutoff_only,2026-07-14,2026-07-20,,"[""gtfs:fare_rules.txt:848771|fare_attributes.txt:836688|fare_id:2008256-1-1-2"",""gtfs:fare_rules.txt:848795|fare_attributes.txt:867003|fare_id:2008256-1-1-26""]",data/transit/hongkong/PublicTransportGTFS/gtfs.zip,e5ad020b79d0020625a4e8eb5428c2253a07705b71bfb809d8a3fa178032ce06,2,1,unresolved_duplicate_identical,"[{""fare_attribute_line"":836688,""fare_id"":""2008256-1-1-2"",""fare_rule_line"":848771,""price"":13.8},{""fare_attribute_line"":867003,""fare_id"":""2008256-1-1-26"",""fare_rule_line"":848795,""price"":13.8}]",unresolved,A,U,unresolved,official_json_routeSeq_exact_full_stop_pattern_plus_ordered_gtfs_stop_od,multiple_identical_source_records_no_default_selection
exact_route_sequence_ordered_stop_od,GMB,line_gmb_2008355,gmb_2008355_1,2008355,1,1,20016437,20016438,unspecified_in_source,unspecified_in_source,unspecified_in_source,unspecified_in_source,unspecified_in_source,,,,pt_fare,,,not_encoded_in_source_revision_cutoff_only,2026-07-14,2026-07-20,,"[""gtfs:fare_rules.txt:849542|fare_attributes.txt:837792|fare_id:2008355-1-3-4"",""gtfs:fare_rules.txt:849596|fare_attributes.txt:837054|fare_id:2008355-2-5-6""]",data/transit/hongkong/PublicTransportGTFS/gtfs.zip,e5ad020b79d0020625a4e8eb5428c2253a07705b71bfb809d8a3fa178032ce06,2,1,unresolved_duplicate_identical,"[{""fare_attribute_line"":837792,""fare_id"":""2008355-1-3-4"",""fare_rule_line"":849542,""price"":3.4},{""fare_attribute_line"":837054,""fare_id"":""2008355-2-5-6"",""fare_rule_line"":849596,""price"":3.4}]",unresolved,A,U,unresolved,official_json_routeSeq_exact_full_stop_pattern_plus_ordered_gtfs_stop_od,multiple_identical_source_records_no_default_selection
exact_route_sequence_ordered_stop_od,GMB,line_gmb_2008355,gmb_2008355_1,2008355,1,1,20016438,20016439,unspecified_in_source,unspecified_in_source,unspecified_in_source,unspecified_in_source,unspecified_in_source,,,,pt_fare,,,not_encoded_in_source_revision_cutoff_only,2026-07-14,2026-07-20,,"[""gtfs:fare_rules.txt:849549|fare_attributes.txt:837799|fare_id:2008355-1-4-5"",""gtfs:fare_rules.txt:849600|fare_attributes.txt:837058|fare_id:2008355-2-6-7""]",data/transit/hongkong/PublicTransportGTFS/gtfs.zip,e5ad020b79d0020625a4e8eb5428c2253a07705b71bfb809d8a3fa178032ce06,2,1,unresolved_duplicate_identical,"[{""fare_attribute_line"":837799,""fare_id"":""2008355-1-4-5"",""fare_rule_line"":849549,""price"":3.7},{""fare_attribute_line"":837058,""fare_id"":""2008355-2-6-7"",""fare_rule_line"":849600,""price"":3.7}]",unresolved,A,U,unresolved,official_json_routeSeq_exact_full_stop_pattern_plus_ordered_gtfs_stop_od,multiple_identical_source_records_no_default_selection
exact_route_sequence_ordered_stop_od,GMB,line_gmb_2008355,gmb_2008355_2,2008355,2,2,20016437,20016438,unspecified_in_source,unspecified_in_source,unspecified_in_source,unspecified_in_source,unspecified_in_source,,,,pt_fare,,,not_encoded_in_source_revision_cutoff_only,2026-07-14,2026-07-20,,"[""gtfs:fare_rules.txt:849542|fare_attributes.txt:837792|fare_id:2008355-1-3-4"",""gtfs:fare_rules.txt:849596|fare_attributes.txt:837054|fare_id:2008355-2-5-6""]",data/transit/hongkong/PublicTransportGTFS/gtfs.zip,e5ad020b79d0020625a4e8eb5428c2253a07705b71bfb809d8a3fa178032ce06,2,1,unresolved_duplicate_identical,"[{""fare_attribute_line"":837792,""fare_id"":""2008355-1-3-4"",""fare_rule_line"":849542,""price"":3.4},{""fare_attribute_line"":837054,""fare_id"":""2008355-2-5-6"",""fare_rule_line"":849596,""price"":3.4}]",unresolved,A,U,unresolved,official_json_routeSeq_exact_full_stop_pattern_plus_ordered_gtfs_stop_od,multiple_identical_source_records_no_default_selection
exact_route_sequence_ordered_stop_od,GMB,line_gmb_2008355,gmb_2008355_2,2008355,2,2,20016438,20016439,unspecified_in_source,unspecified_in_source,unspecified_in_source,unspecified_in_source,unspecified_in_source,,,,pt_fare,,,not_encoded_in_source_revision_cutoff_only,2026-07-14,2026-07-20,,"[""gtfs:fare_rules.txt:849549|fare_attributes.txt:837799|fare_id:2008355-1-4-5"",""gtfs:fare_rules.txt:849600|fare_attributes.txt:837058|fare_id:2008355-2-6-7""]",data/transit/hongkong/PublicTransportGTFS/gtfs.zip,e5ad020b79d0020625a4e8eb5428c2253a07705b71bfb809d8a3fa178032ce06,2,1,unresolved_duplicate_identical,"[{""fare_attribute_line"":837799,""fare_id"":""2008355-1-4-5"",""fare_rule_line"":849549,""price"":3.7},{""fare_attribute_line"":837058,""fare_id"":""2008355-2-6-7"",""fare_rule_line"":849600,""price"":3.7}]",unresolved,A,U,unresolved,official_json_routeSeq_exact_full_stop_pattern_plus_ordered_gtfs_stop_od,multiple_identical_source_records_no_default_selection
exact_route_sequence_ordered_stop_od,GMB,line_gmb_2008388,gmb_2008388_1,2008388,1,1,20016446,20016481,unspecified_in_source,unspecified_in_source,unspecified_in_source,unspecified_in_source,unspecified_in_source,,,,pt_fare,,,not_encoded_in_source_revision_cutoff_only,2026-07-14,2026-07-20,,"[""gtfs:fare_rules.txt:849636|fare_attributes.txt:837094|fare_id:2008388-1-4-5"",""gtfs:fare_rules.txt:849759|fare_attributes.txt:837118|fare_id:2008388-2-9-13""]",data/transit/hongkong/PublicTransportGTFS/gtfs.zip,e5ad020b79d0020625a4e8eb5428c2253a07705b71bfb809d8a3fa178032ce06,2,1,unresolved_duplicate_identical,"[{""fare_attribute_line"":837094,""fare_id"":""2008388-1-4-5"",""fare_rule_line"":849636,""price"":7.0},{""fare_attribute_line"":837118,""fare_id"":""2008388-2-9-13"",""fare_rule_line"":849759,""price"":7.0}]",unresolved,A,U,unresolved,official_json_routeSeq_exact_full_stop_pattern_plus_ordered_gtfs_stop_od,multiple_identical_source_records_no_default_selection
exact_route_sequence_ordered_stop_od,GMB,line_gmb_2008388,gmb_2008388_1,2008388,1,1,20016480,20016446,unspecified_in_source,unspecified_in_source,unspecified_in_source,unspecified_in_source,unspecified_in_source,,,,pt_fare,,,not_encoded_in_source_revision_cutoff_only,2026-07-14,2026-07-20,,"[""gtfs:fare_rules.txt:849627|fare_attributes.txt:837085|fare_id:2008388-1-3-4"",""gtfs:fare_rules.txt:849749|fare_attributes.txt:837900|fare_id:2008388-2-8-9""]",data/transit/hongkong/PublicTransportGTFS/gtfs.zip,e5ad020b79d0020625a4e8eb5428c2253a07705b71bfb809d8a3fa178032ce06,2,1,unresolved_duplicate_identical,"[{""fare_attribute_line"":837085,""fare_id"":""2008388-1-3-4"",""fare_rule_line"":849627,""price"":7.0},{""fare_attribute_line"":837900,""fare_id"":""2008388-2-8-9"",""fare_rule_line"":849749,""price"":7.0}]",unresolved,A,U,unresolved,official_json_routeSeq_exact_full_stop_pattern_plus_ordered_gtfs_stop_od,multiple_identical_source_records_no_default_selection
exact_route_sequence_ordered_stop_od,GMB,line_gmb_2008388,gmb_2008388_1,2008388,1,1,20016480,20016481,unspecified_in_source,unspecified_in_source,unspecified_in_source,unspecified_in_source,unspecified_in_source,,,,pt_fare,,,not_encoded_in_source_revision_cutoff_only,2026-07-14,2026-07-20,,"[""gtfs:fare_rules.txt:849628|fare_attributes.txt:837086|fare_id:2008388-1-3-5"",""gtfs:fare_rules.txt:849753|fare_attributes.txt:837904|fare_id:2008388-2-8-13""]",data/transit/hongkong/PublicTransportGTFS/gtfs.zip,e5ad020b79d0020625a4e8eb5428c2253a07705b71bfb809d8a3fa178032ce06,2,1,unresolved_duplicate_identical,"[{""fare_attribute_line"":837086,""fare_id"":""2008388-1-3-5"",""fare_rule_line"":849628,""price"":7.0},{""fare_attribute_line"":837904,""fare_id"":""2008388-2-8-13"",""fare_rule_line"":849753,""price"":7.0}]",unresolved,A,U,unresolved,official_json_routeSeq_exact_full_stop_pattern_plus_ordered_gtfs_stop_od,multiple_identical_source_records_no_default_selection
exact_route_sequence_ordered_stop_od,GMB,line_gmb_2008388,gmb_2008388_2,2008388,2,2,20016446,20016481,unspecified_in_source,unspecified_in_source,unspecified_in_source,unspecified_in_source,unspecified_in_source,,,,pt_fare,,,not_encoded_in_source_revision_cutoff_only,2026-07-14,2026-07-20,,"[""gtfs:fare_rules.txt:849636|fare_attributes.txt:837094|fare_id:2008388-1-4-5"",""gtfs:fare_rules.txt:849759|fare_attributes.txt:837118|fare_id:2008388-2-9-13""]",data/transit/hongkong/PublicTransportGTFS/gtfs.zip,e5ad020b79d0020625a4e8eb5428c2253a07705b71bfb809d8a3fa178032ce06,2,1,unresolved_duplicate_identical,"[{""fare_attribute_line"":837094,""fare_id"":""2008388-1-4-5"",""fare_rule_line"":849636,""price"":7.0},{""fare_attribute_line"":837118,""fare_id"":""2008388-2-9-13"",""fare_rule_line"":849759,""price"":7.0}]",unresolved,A,U,unresolved,official_json_routeSeq_exact_full_stop_pattern_plus_ordered_gtfs_stop_od,multiple_identical_source_records_no_default_selection
exact_route_sequence_ordered_stop_od,GMB,line_gmb_2008388,gmb_2008388_2,2008388,2,2,20016480,20016446,unspecified_in_source,unspecified_in_source,unspecified_in_source,unspecified_in_source,unspecified_in_source,,,,pt_fare,,,not_encoded_in_source_revision_cutoff_only,2026-07-14,2026-07-20,,"[""gtfs:fare_rules.txt:849627|fare_attributes.txt:837085|fare_id:2008388-1-3-4"",""gtfs:fare_rules.txt:849749|fare_attributes.txt:837900|fare_id:2008388-2-8-9""]",data/transit/hongkong/PublicTransportGTFS/gtfs.zip,e5ad020b79d0020625a4e8eb5428c2253a07705b71bfb809d8a3fa178032ce06,2,1,unresolved_duplicate_identical,"[{""fare_attribute_line"":837085,""fare_id"":""2008388-1-3-4"",""fare_rule_line"":849627,""price"":7.0},{""fare_attribute_line"":837900,""fare_id"":""2008388-2-8-9"",""fare_rule_line"":849749,""price"":7.0}]",unresolved,A,U,unresolved,official_json_routeSeq_exact_full_stop_pattern_plus_ordered_gtfs_stop_od,multiple_identical_source_records_no_default_selection
exact_route_sequence_ordered_stop_od,GMB,line_gmb_2008388,gmb_2008388_2,2008388,2,2,20016480,20016481,unspecified_in_source,unspecified_in_source,unspecified_in_source,unspecified_in_source,unspecified_in_source,,,,pt_fare,,,not_encoded_in_source_revision_cutoff_only,2026-07-14,2026-07-20,,"[""gtfs:fare_rules.txt:849628|fare_attributes.txt:837086|fare_id:2008388-1-3-5"",""gtfs:fare_rules.txt:849753|fare_attributes.txt:837904|fare_id:2008388-2-8-13""]",data/transit/hongkong/PublicTransportGTFS/gtfs.zip,e5ad020b79d0020625a4e8eb5428c2253a07705b71bfb809d8a3fa178032ce06,2,1,unresolved_duplicate_identical,"[{""fare_attribute_line"":837086,""fare_id"":""2008388-1-3-5"",""fare_rule_line"":849628,""price"":7.0},{""fare_attribute_line"":837904,""fare_id"":""2008388-2-8-13"",""fare_rule_line"":849753,""price"":7.0}]",unresolved,A,U,unresolved,official_json_routeSeq_exact_full_stop_pattern_plus_ordered_gtfs_stop_od,multiple_identical_source_records_no_default_selection
exact_route_sequence_ordered_stop_od,GMB,line_gmb_2008596,gmb_2008596_1,2008596,1,1,20014982,20016747,unspecified_in_source,unspecified_in_source,unspecified_in_source,unspecified_in_source,unspecified_in_source,,,,pt_fare,,,not_encoded_in_source_revision_cutoff_only,2026-07-14,2026-07-20,,"[""gtfs:fare_rules.txt:852846|fare_attributes.txt:839913|fare_id:2008596-1-2-4"",""gtfs:fare_rules.txt:852856|fare_attributes.txt:868147|fare_id:2008596-1-2-14""]",data/transit/hongkong/PublicTransportGTFS/gtfs.zip,e5ad020b79d0020625a4e8eb5428c2253a07705b71bfb809d8a3fa178032ce06,2,1,unresolved_duplicate_identical,"[{""fare_attribute_line"":839913,""fare_id"":""2008596-1-2-4"",""fare_rule_line"":852846,""price"":4.3},{""fare_attribute_line"":868147,""fare_id"":""2008596-1-2-14"",""fare_rule_line"":852856,""price"":4.3}]",unresolved,A,U,unresolved,official_json_routeSeq_exact_full_stop_pattern_plus_ordered_gtfs_stop_od,multiple_identical_source_records_no_default_selection
exact_route_sequence_ordered_stop_od,GMB,line_gmb_2008596,gmb_2008596_1,2008596,1,1,20016745,20016747,unspecified_in_source,unspecified_in_source,unspecified_in_source,unspecified_in_source,unspecified_in_source,,,,pt_fare,,,not_encoded_in_source_revision_cutoff_only,2026-07-14,2026-07-20,,"[""gtfs:fare_rules.txt:852833|fare_attributes.txt:839907|fare_id:2008596-1-1-4"",""gtfs:fare_rules.txt:852843|fare_attributes.txt:868140|fare_id:2008596-1-1-14""]",data/transit/hongkong/PublicTransportGTFS/gtfs.zip,e5ad020b79d0020625a4e8eb5428c2253a07705b71bfb809d8a3fa178032ce06,2,1,unresolved_duplicate_identical,"[{""fare_attribute_line"":839907,""fare_id"":""2008596-1-1-4"",""fare_rule_line"":852833,""price"":4.3},{""fare_attribute_line"":868140,""fare_id"":""2008596-1-1-14"",""fare_rule_line"":852843,""price"":4.3}]",unresolved,A,U,unresolved,official_json_routeSeq_exact_full_stop_pattern_plus_ordered_gtfs_stop_od,multiple_identical_source_records_no_default_selection
exact_route_sequence_ordered_stop_od,GMB,line_gmb_2008718,gmb_2008718_1,2008718,1,1,20016867,20016868,unspecified_in_source,unspecified_in_source,unspecified_in_source,unspecified_in_source,unspecified_in_source,,,,pt_fare,,,not_encoded_in_source_revision_cutoff_only,2026-07-14,2026-07-20,,"[""gtfs:fare_rules.txt:854871|fare_attributes.txt:867528|fare_id:2008718-1-2-9"",""gtfs:fare_rules.txt:854892|fare_attributes.txt:841574|fare_id:2008718-1-8-9""]",data/transit/hongkong/PublicTransportGTFS/gtfs.zip,e5ad020b79d0020625a4e8eb5428c2253a07705b71bfb809d8a3fa178032ce06,2,1,unresolved_duplicate_identical,"[{""fare_attribute_line"":867528,""fare_id"":""2008718-1-2-9"",""fare_rule_line"":854871,""price"":5.6},{""fare_attribute_line"":841574,""fare_id"":""2008718-1-8-9"",""fare_rule_line"":854892,""price"":5.6}]",unresolved,A,U,unresolved,official_json_routeSeq_exact_full_stop_pattern_plus_ordered_gtfs_stop_od,multiple_identical_source_records_no_default_selection
exact_route_sequence_ordered_stop_od,GMB,line_gmb_2008718,gmb_2008718_1,2008718,1,1,20016868,20016867,unspecified_in_source,unspecified_in_source,unspecified_in_source,unspecified_in_source,unspecified_in_source,,,,pt_fare,,,not_encoded_in_source_revision_cutoff_only,2026-07-14,2026-07-20,,"[""gtfs:fare_rules.txt:854857|fare_attributes.txt:842347|fare_id:2008718-1-1-2"",""gtfs:fare_rules.txt:854863|fare_attributes.txt:867523|fare_id:2008718-1-1-8""]",data/transit/hongkong/PublicTransportGTFS/gtfs.zip,e5ad020b79d0020625a4e8eb5428c2253a07705b71bfb809d8a3fa178032ce06,2,1,unresolved_duplicate_identical,"[{""fare_attribute_line"":842347,""fare_id"":""2008718-1-1-2"",""fare_rule_line"":854857,""price"":5.6},{""fare_attribute_line"":867523,""fare_id"":""2008718-1-1-8"",""fare_rule_line"":854863,""price"":5.6}]",unresolved,A,U,unresolved,official_json_routeSeq_exact_full_stop_pattern_plus_ordered_gtfs_stop_od,multiple_identical_source_records_no_default_selection
exact_route_sequence_ordered_stop_od,GMB,line_gmb_2008751,gmb_2008751_1,2008751,1,1,20023032,20022867,unspecified_in_source,unspecified_in_source,unspecified_in_source,unspecified_in_source,unspecified_in_source,,,,pt_fare,,,not_encoded_in_source_revision_cutoff_only,2026-07-14,2026-07-20,,"[""gtfs:fare_rules.txt:854936|fare_attributes.txt:841609|fare_id:2008751-1-5-6"",""gtfs:fare_rules.txt:854957|fare_attributes.txt:841630|fare_id:2008751-2-3-4""]",data/transit/hongkong/PublicTransportGTFS/gtfs.zip,e5ad020b79d0020625a4e8eb5428c2253a07705b71bfb809d8a3fa178032ce06,2,1,unresolved_duplicate_identical,"[{""fare_attribute_line"":841609,""fare_id"":""2008751-1-5-6"",""fare_rule_line"":854936,""price"":6.0},{""fare_attribute_line"":841630,""fare_id"":""2008751-2-3-4"",""fare_rule_line"":854957,""price"":6.0}]",unresolved,A,U,unresolved,official_json_routeSeq_exact_full_stop_pattern_plus_ordered_gtfs_stop_od,multiple_identical_source_records_no_default_selection
exact_route_sequence_ordered_stop_od,GMB,line_gmb_2008751,gmb_2008751_2,2008751,2,2,20023032,20022867,unspecified_in_source,unspecified_in_source,unspecified_in_source,unspecified_in_source,unspecified_in_source,,,,pt_fare,,,not_encoded_in_source_revision_cutoff_only,2026-07-14,2026-07-20,,"[""gtfs:fare_rules.txt:854936|fare_attributes.txt:841609|fare_id:2008751-1-5-6"",""gtfs:fare_rules.txt:854957|fare_attributes.txt:841630|fare_id:2008751-2-3-4""]",data/transit/hongkong/PublicTransportGTFS/gtfs.zip,e5ad020b79d0020625a4e8eb5428c2253a07705b71bfb809d8a3fa178032ce06,2,1,unresolved_duplicate_identical,"[{""fare_attribute_line"":841609,""fare_id"":""2008751-1-5-6"",""fare_rule_line"":854936,""price"":6.0},{""fare_attribute_line"":841630,""fare_id"":""2008751-2-3-4"",""fare_rule_line"":854957,""price"":6.0}]",unresolved,A,U,unresolved,official_json_routeSeq_exact_full_stop_pattern_plus_ordered_gtfs_stop_od,multiple_identical_source_records_no_default_selection
exact_route_sequence_ordered_stop_od,GMB,line_gmb_2009774,gmb_2009774_1,2009774,1,1,20001271,20007365,unspecified_in_source,unspecified_in_source,unspecified_in_source,unspecified_in_source,unspecified_in_source,,,,pt_fare,,,not_encoded_in_source_revision_cutoff_only,2026-07-14,2026-07-20,,"[""gtfs:fare_rules.txt:859597|fare_attributes.txt:845966|fare_id:2009774-1-6-12"",""gtfs:fare_rules.txt:859607|fare_attributes.txt:868646|fare_id:2009774-1-6-22""]",data/transit/hongkong/PublicTransportGTFS/gtfs.zip,e5ad020b79d0020625a4e8eb5428c2253a07705b71bfb809d8a3fa178032ce06,2,1,unresolved_duplicate_identical,"[{""fare_attribute_line"":845966,""fare_id"":""2009774-1-6-12"",""fare_rule_line"":859597,""price"":6.1},{""fare_attribute_line"":868646,""fare_id"":""2009774-1-6-22"",""fare_rule_line"":859607,""price"":6.1}]",unresolved,A,U,unresolved,official_json_routeSeq_exact_full_stop_pattern_plus_ordered_gtfs_stop_od,multiple_identical_source_records_no_default_selection
exact_route_sequence_ordered_stop_od,GMB,line_gmb_2009774,gmb_2009774_1,2009774,1,1,20001271,20007697,unspecified_in_source,unspecified_in_source,unspecified_in_source,unspecified_in_source,unspecified_in_source,,,,pt_fare,,,not_encoded_in_source_revision_cutoff_only,2026-07-14,2026-07-20,,"[""gtfs:fare_rules.txt:859598|fare_attributes.txt:845967|fare_id:2009774-1-6-13"",""gtfs:fare_rules.txt:859608|fare_attributes.txt:868647|fare_id:2009774-1-6-23""]",data/transit/hongkong/PublicTransportGTFS/gtfs.zip,e5ad020b79d0020625a4e8eb5428c2253a07705b71bfb809d8a3fa178032ce06,2,1,unresolved_duplicate_identical,"[{""fare_attribute_line"":845967,""fare_id"":""2009774-1-6-13"",""fare_rule_line"":859598,""price"":6.1},{""fare_attribute_line"":868647,""fare_id"":""2009774-1-6-23"",""fare_rule_line"":859608,""price"":6.1}]",unresolved,A,U,unresolved,official_json_routeSeq_exact_full_stop_pattern_plus_ordered_gtfs_stop_od,multiple_identical_source_records_no_default_selection
exact_route_sequence_ordered_stop_od,GMB,line_gmb_2009774,gmb_2009774_1,2009774,1,1,20001615,20007697,unspecified_in_source,unspecified_in_source,unspecified_in_source,unspecified_in_source,unspecified_in_source,,,,pt_fare,,,not_encoded_in_source_revision_cutoff_only,2026-07-14,2026-07-20,,"[""gtfs:fare_rules.txt:859622|fare_attributes.txt:845977|fare_id:2009774-1-7-13"",""gtfs:fare_rules.txt:859632|fare_attributes.txt:868661|fare_id:2009774-1-7-23""]",data/transit/hongkong/PublicTransportGTFS/gtfs.zip,e5ad020b79d0020625a4e8eb5428c2253a07705b71bfb809d8a3fa178032ce06,2,1,unresolved_duplicate_identical,"[{""fare_attribute_line"":845977,""fare_id"":""2009774-1-7-13"",""fare_rule_line"":859622,""price"":6.1},{""fare_attribute_line"":868661,""fare_id"":""2009774-1-7-23"",""fare_rule_line"":859632,""price"":6.1}]",unresolved,A,U,unresolved,official_json_routeSeq_exact_full_stop_pattern_plus_ordered_gtfs_stop_od,multiple_identical_source_records_no_default_selection
exact_route_sequence_ordered_stop_od,GMB,line_gmb_2009774,gmb_2009774_1,2009774,1,1,20001616,20007697,unspecified_in_source,unspecified_in_source,unspecified_in_source,unspecified_in_source,unspecified_in_source,,,,pt_fare,,,not_encoded_in_source_revision_cutoff_only,2026-07-14,2026-07-20,,"[""gtfs:fare_rules.txt:859645|fare_attributes.txt:845986|fare_id:2009774-1-8-13"",""gtfs:fare_rules.txt:859655|fare_attributes.txt:868675|fare_id:2009774-1-8-23""]",data/transit/hongkong/PublicTransportGTFS/gtfs.zip,e5ad020b79d0020625a4e8eb5428c2253a07705b71bfb809d8a3fa178032ce06,2,1,unresolved_duplicate_identical,"[{""fare_attribute_line"":845986,""fare_id"":""2009774-1-8-13"",""fare_rule_line"":859645,""price"":6.1},{""fare_attribute_line"":868675,""fare_id"":""2009774-1-8-23"",""fare_rule_line"":859655,""price"":6.1}]",unresolved,A,U,unresolved,official_json_routeSeq_exact_full_stop_pattern_plus_ordered_gtfs_stop_od,multiple_identical_source_records_no_default_selection
exact_route_sequence_ordered_stop_od,GMB,line_gmb_2009774,gmb_2009774_1,2009774,1,1,20004201,20007697,unspecified_in_source,unspecified_in_source,unspecified_in_source,unspecified_in_source,unspecified_in_source,,,,pt_fare,,,not_encoded_in_source_revision_cutoff_only,2026-07-14,2026-07-20,,"[""gtfs:fare_rules.txt:859688|fare_attributes.txt:846001|fare_id:2009774-1-10-13"",""gtfs:fare_rules.txt:859698|fare_attributes.txt:869396|fare_id:2009774-1-10-23""]",data/transit/hongkong/PublicTransportGTFS/gtfs.zip,e5ad020b79d0020625a4e8eb5428c2253a07705b71bfb809d8a3fa178032ce06,2,1,unresolved_duplicate_identical,"[{""fare_attribute_line"":846001,""fare_id"":""2009774-1-10-13"",""fare_rule_line"":859688,""price"":6.1},{""fare_attribute_line"":869396,""fare_id"":""2009774-1-10-23"",""fare_rule_line"":859698,""price"":6.1}]",unresolved,A,U,unresolved,official_json_routeSeq_exact_full_stop_pattern_plus_ordered_gtfs_stop_od,multiple_identical_source_records_no_default_selection
exact_route_sequence_ordered_stop_od,GMB,line_gmb_2009774,gmb_2009774_1,2009774,1,1,20007691,20007365,unspecified_in_source,unspecified_in_source,unspecified_in_source,unspecified_in_source,unspecified_in_source,,,,pt_fare,,,not_encoded_in_source_revision_cutoff_only,2026-07-14,2026-07-20,,"[""gtfs:fare_rules.txt:859462|fare_attributes.txt:845208|fare_id:2009774-1-1-12"",""gtfs:fare_rules.txt:859472|fare_attributes.txt:869368|fare_id:2009774-1-1-22""]",data/transit/hongkong/PublicTransportGTFS/gtfs.zip,e5ad020b79d0020625a4e8eb5428c2253a07705b71bfb809d8a3fa178032ce06,2,1,unresolved_duplicate_identical,"[{""fare_attribute_line"":845208,""fare_id"":""2009774-1-1-12"",""fare_rule_line"":859462,""price"":6.1},{""fare_attribute_line"":869368,""fare_id"":""2009774-1-1-22"",""fare_rule_line"":859472,""price"":6.1}]",unresolved,A,U,unresolved,official_json_routeSeq_exact_full_stop_pattern_plus_ordered_gtfs_stop_od,multiple_identical_source_records_no_default_selection
exact_route_sequence_ordered_stop_od,GMB,line_gmb_2009774,gmb_2009774_1,2009774,1,1,20007691,20007697,unspecified_in_source,unspecified_in_source,unspecified_in_source,unspecified_in_source,unspecified_in_source,,,,pt_fare,,,not_encoded_in_source_revision_cutoff_only,2026-07-14,2026-07-20,,"[""gtfs:fare_rules.txt:859463|fare_attributes.txt:845209|fare_id:2009774-1-1-13"",""gtfs:fare_rules.txt:859473|fare_attributes.txt:869369|fare_id:2009774-1-1-23""]",data/transit/hongkong/PublicTransportGTFS/gtfs.zip,e5ad020b79d0020625a4e8eb5428c2253a07705b71bfb809d8a3fa178032ce06,2,1,unresolved_duplicate_identical,"[{""fare_attribute_line"":845209,""fare_id"":""2009774-1-1-13"",""fare_rule_line"":859463,""price"":6.1},{""fare_attribute_line"":869369,""fare_id"":""2009774-1-1-23"",""fare_rule_line"":859473,""price"":6.1}]",unresolved,A,U,unresolved,official_json_routeSeq_exact_full_stop_pattern_plus_ordered_gtfs_stop_od,multiple_identical_source_records_no_default_selection
exact_route_sequence_ordered_stop_od,GMB,line_gmb_2009774,gmb_2009774_1,2009774,1,1,20007692,20007365,unspecified_in_source,unspecified_in_source,unspecified_in_source,unspecified_in_source,unspecified_in_source,,,,pt_fare,,,not_encoded_in_source_revision_cutoff_only,2026-07-14,2026-07-20,,"[""gtfs:fare_rules.txt:859491|fare_attributes.txt:845223|fare_id:2009774-1-2-12"",""gtfs:fare_rules.txt:859501|fare_attributes.txt:869382|fare_id:2009774-1-2-22""]",data/transit/hongkong/PublicTransportGTFS/gtfs.zip,e5ad020b79d0020625a4e8eb5428c2253a07705b71bfb809d8a3fa178032ce06,2,1,unresolved_duplicate_identical,"[{""fare_attribute_line"":845223,""fare_id"":""2009774-1-2-12"",""fare_rule_line"":859491,""price"":6.1},{""fare_attribute_line"":869382,""fare_id"":""2009774-1-2-22"",""fare_rule_line"":859501,""price"":6.1}]",unresolved,A,U,unresolved,official_json_routeSeq_exact_full_stop_pattern_plus_ordered_gtfs_stop_od,multiple_identical_source_records_no_default_selection
exact_route_sequence_ordered_stop_od,GMB,line_gmb_2009774,gmb_2009774_1,2009774,1,1,20007692,20007697,unspecified_in_source,unspecified_in_source,unspecified_in_source,unspecified_in_source,unspecified_in_source,,,,pt_fare,,,not_encoded_in_source_revision_cutoff_only,2026-07-14,2026-07-20,,"[""gtfs:fare_rules.txt:859492|fare_attributes.txt:845224|fare_id:2009774-1-2-13"",""gtfs:fare_rules.txt:859502|fare_attributes.txt:869383|fare_id:2009774-1-2-23""]",data/transit/hongkong/PublicTransportGTFS/gtfs.zip,e5ad020b79d0020625a4e8eb5428c2253a07705b71bfb809d8a3fa178032ce06,2,1,unresolved_duplicate_identical,"[{""fare_attribute_line"":845224,""fare_id"":""2009774-1-2-13"",""fare_rule_line"":859492,""price"":6.1},{""fare_attribute_line"":869383,""fare_id"":""2009774-1-2-23"",""fare_rule_line"":859502,""price"":6.1}]",unresolved,A,U,unresolved,official_json_routeSeq_exact_full_stop_pattern_plus_ordered_gtfs_stop_od,multiple_identical_source_records_no_default_selection
exact_route_sequence_ordered_stop_od,GMB,line_gmb_2009774,gmb_2009774_1,2009774,1,1,20007693,20007365,unspecified_in_source,unspecified_in_source,unspecified_in_source,unspecified_in_source,unspecified_in_source,,,,pt_fare,,,not_encoded_in_source_revision_cutoff_only,2026-07-14,2026-07-20,,"[""gtfs:fare_rules.txt:859519|fare_attributes.txt:845930|fare_id:2009774-1-3-12"",""gtfs:fare_rules.txt:859529|fare_attributes.txt:868604|fare_id:2009774-1-3-22""]",data/transit/hongkong/PublicTransportGTFS/gtfs.zip,e5ad020b79d0020625a4e8eb5428c2253a07705b71bfb809d8a3fa178032ce06,2,1,unresolved_duplicate_identical,"[{""fare_attribute_line"":845930,""fare_id"":""2009774-1-3-12"",""fare_rule_line"":859519,""price"":6.1},{""fare_attribute_line"":868604,""fare_id"":""2009774-1-3-22"",""fare_rule_line"":859529,""price"":6.1}]",unresolved,A,U,unresolved,official_json_routeSeq_exact_full_stop_pattern_plus_ordered_gtfs_stop_od,multiple_identical_source_records_no_default_selection
exact_route_sequence_ordered_stop_od,GMB,line_gmb_2009774,gmb_2009774_1,2009774,1,1,20007693,20007697,unspecified_in_source,unspecified_in_source,unspecified_in_source,unspecified_in_source,unspecified_in_source,,,,pt_fare,,,not_encoded_in_source_revision_cutoff_only,2026-07-14,2026-07-20,,"[""gtfs:fare_rules.txt:859520|fare_attributes.txt:845931|fare_id:2009774-1-3-13"",""gtfs:fare_rules.txt:859530|fare_attributes.txt:868605|fare_id:2009774-1-3-23""]",data/transit/hongkong/PublicTransportGTFS/gtfs.zip,e5ad020b79d0020625a4e8eb5428c2253a07705b71bfb809d8a3fa178032ce06,2,1,unresolved_duplicate_identical,"[{""fare_attribute_line"":845931,""fare_id"":""2009774-1-3-13"",""fare_rule_line"":859520,""price"":6.1},{""fare_attribute_line"":868605,""fare_id"":""2009774-1-3-23"",""fare_rule_line"":859530,""price"":6.1}]",unresolved,A,U,unresolved,official_json_routeSeq_exact_full_stop_pattern_plus_ordered_gtfs_stop_od,multiple_identical_source_records_no_default_selection
exact_route_sequence_ordered_stop_od,GMB,line_gmb_2009774,gmb_2009774_1,2009774,1,1,20007694,20007365,unspecified_in_source,unspecified_in_source,unspecified_in_source,unspecified_in_source,unspecified_in_source,,,,pt_fare,,,not_encoded_in_source_revision_cutoff_only,2026-07-14,2026-07-20,,"[""gtfs:fare_rules.txt:859546|fare_attributes.txt:845943|fare_id:2009774-1-4-12"",""gtfs:fare_rules.txt:859556|fare_attributes.txt:868618|fare_id:2009774-1-4-22""]",data/transit/hongkong/PublicTransportGTFS/gtfs.zip,e5ad020b79d0020625a4e8eb5428c2253a07705b71bfb809d8a3fa178032ce06,2,1,unresolved_duplicate_identical,"[{""fare_attribute_line"":845943,""fare_id"":""2009774-1-4-12"",""fare_rule_line"":859546,""price"":6.1},{""fare_attribute_line"":868618,""fare_id"":""2009774-1-4-22"",""fare_rule_line"":859556,""price"":6.1}]",unresolved,A,U,unresolved,official_json_routeSeq_exact_full_stop_pattern_plus_ordered_gtfs_stop_od,multiple_identical_source_records_no_default_selection
exact_route_sequence_ordered_stop_od,GMB,line_gmb_2009774,gmb_2009774_1,2009774,1,1,20007694,20007697,unspecified_in_source,unspecified_in_source,unspecified_in_source,unspecified_in_source,unspecified_in_source,,,,pt_fare,,,not_encoded_in_source_revision_cutoff_only,2026-07-14,2026-07-20,,"[""gtfs:fare_rules.txt:859547|fare_attributes.txt:845944|fare_id:2009774-1-4-13"",""gtfs:fare_rules.txt:859557|fare_attributes.txt:868619|fare_id:2009774-1-4-23""]",data/transit/hongkong/PublicTransportGTFS/gtfs.zip,e5ad020b79d0020625a4e8eb5428c2253a07705b71bfb809d8a3fa178032ce06,2,1,unresolved_duplicate_identical,"[{""fare_attribute_line"":845944,""fare_id"":""2009774-1-4-13"",""fare_rule_line"":859547,""price"":6.1},{""fare_attribute_line"":868619,""fare_id"":""2009774-1-4-23"",""fare_rule_line"":859557,""price"":6.1}]",unresolved,A,U,unresolved,official_json_routeSeq_exact_full_stop_pattern_plus_ordered_gtfs_stop_od,multiple_identical_source_records_no_default_selection
exact_route_sequence_ordered_stop_od,GMB,line_gmb_2009774,gmb_2009774_1,2009774,1,1,20007695,20007365,unspecified_in_source,unspecified_in_source,unspecified_in_source,unspecified_in_source,unspecified_in_source,,,,pt_fare,,,not_encoded_in_source_revision_cutoff_only,2026-07-14,2026-07-20,,"[""gtfs:fare_rules.txt:859572|fare_attributes.txt:845955|fare_id:2009774-1-5-12"",""gtfs:fare_rules.txt:859582|fare_attributes.txt:868632|fare_id:2009774-1-5-22""]",data/transit/hongkong/PublicTransportGTFS/gtfs.zip,e5ad020b79d0020625a4e8eb5428c2253a07705b71bfb809d8a3fa178032ce06,2,1,unresolved_duplicate_identical,"[{""fare_attribute_line"":845955,""fare_id"":""2009774-1-5-12"",""fare_rule_line"":859572,""price"":6.1},{""fare_attribute_line"":868632,""fare_id"":""2009774-1-5-22"",""fare_rule_line"":859582,""price"":6.1}]",unresolved,A,U,unresolved,official_json_routeSeq_exact_full_stop_pattern_plus_ordered_gtfs_stop_od,multiple_identical_source_records_no_default_selection
exact_route_sequence_ordered_stop_od,GMB,line_gmb_2009774,gmb_2009774_1,2009774,1,1,20007695,20007697,unspecified_in_source,unspecified_in_source,unspecified_in_source,unspecified_in_source,unspecified_in_source,,,,pt_fare,,,not_encoded_in_source_revision_cutoff_only,2026-07-14,2026-07-20,,"[""gtfs:fare_rules.txt:859573|fare_attributes.txt:845956|fare_id:2009774-1-5-13"",""gtfs:fare_rules.txt:859583|fare_attributes.txt:868633|fare_id:2009774-1-5-23""]",data/transit/hongkong/PublicTransportGTFS/gtfs.zip,e5ad020b79d0020625a4e8eb5428c2253a07705b71bfb809d8a3fa178032ce06,2,1,unresolved_duplicate_identical,"[{""fare_attribute_line"":845956,""fare_id"":""2009774-1-5-13"",""fare_rule_line"":859573,""price"":6.1},{""fare_attribute_line"":868633,""fare_id"":""2009774-1-5-23"",""fare_rule_line"":859583,""price"":6.1}]",unresolved,A,U,unresolved,official_json_routeSeq_exact_full_stop_pattern_plus_ordered_gtfs_stop_od,multiple_identical_source_records_no_default_selection
exact_route_sequence_ordered_stop_od,GMB,line_gmb_2009774,gmb_2009774_1,2009774,1,1,20007696,20007697,unspecified_in_source,unspecified_in_source,unspecified_in_source,unspecified_in_source,unspecified_in_source,,,,pt_fare,,,not_encoded_in_source_revision_cutoff_only,2026-07-14,2026-07-20,,"[""gtfs:fare_rules.txt:859667|fare_attributes.txt:845994|fare_id:2009774-1-9-13"",""gtfs:fare_rules.txt:859677|fare_attributes.txt:868689|fare_id:2009774-1-9-23""]",data/transit/hongkong/PublicTransportGTFS/gtfs.zip,e5ad020b79d0020625a4e8eb5428c2253a07705b71bfb809d8a3fa178032ce06,2,1,unresolved_duplicate_identical,"[{""fare_attribute_line"":845994,""fare_id"":""2009774-1-9-13"",""fare_rule_line"":859667,""price"":6.1},{""fare_attribute_line"":868689,""fare_id"":""2009774-1-9-23"",""fare_rule_line"":859677,""price"":6.1}]",unresolved,A,U,unresolved,official_json_routeSeq_exact_full_stop_pattern_plus_ordered_gtfs_stop_od,multiple_identical_source_records_no_default_selection
exact_route_sequence_ordered_stop_od,GMB,line_gmb_2009774,gmb_2009774_1,2009774,1,1,20015612,20007697,unspecified_in_source,unspecified_in_source,unspecified_in_source,unspecified_in_source,unspecified_in_source,,,,pt_fare,,,not_encoded_in_source_revision_cutoff_only,2026-07-14,2026-07-20,,"[""gtfs:fare_rules.txt:859708|fare_attributes.txt:846007|fare_id:2009774-1-11-13"",""gtfs:fare_rules.txt:859718|fare_attributes.txt:869410|fare_id:2009774-1-11-23""]",data/transit/hongkong/PublicTransportGTFS/gtfs.zip,e5ad020b79d0020625a4e8eb5428c2253a07705b71bfb809d8a3fa178032ce06,2,1,unresolved_duplicate_identical,"[{""fare_attribute_line"":846007,""fare_id"":""2009774-1-11-13"",""fare_rule_line"":859708,""price"":6.1},{""fare_attribute_line"":869410,""fare_id"":""2009774-1-11-23"",""fare_rule_line"":859718,""price"":6.1}]",unresolved,A,U,unresolved,official_json_routeSeq_exact_full_stop_pattern_plus_ordered_gtfs_stop_od,multiple_identical_source_records_no_default_selection
exact_route_sequence_ordered_stop_od,GMB,line_gmb_2009807,gmb_2009807_1,2009807,1,1,20001271,20007365,unspecified_in_source,unspecified_in_source,unspecified_in_source,unspecified_in_source,unspecified_in_source,,,,pt_fare,,,not_encoded_in_source_revision_cutoff_only,2026-07-14,2026-07-20,,"[""gtfs:fare_rules.txt:860003|fare_attributes.txt:846077|fare_id:2009807-1-4-10"",""gtfs:fare_rules.txt:860013|fare_attributes.txt:868743|fare_id:2009807-1-4-20""]",data/transit/hongkong/PublicTransportGTFS/gtfs.zip,e5ad020b79d0020625a4e8eb5428c2253a07705b71bfb809d8a3fa178032ce06,2,1,unresolved_duplicate_identical,"[{""fare_attribute_line"":846077,""fare_id"":""2009807-1-4-10"",""fare_rule_line"":860003,""price"":6.1},{""fare_attribute_line"":868743,""fare_id"":""2009807-1-4-20"",""fare_rule_line"":860013,""price"":6.1}]",unresolved,A,U,unresolved,official_json_routeSeq_exact_full_stop_pattern_plus_ordered_gtfs_stop_od,multiple_identical_source_records_no_default_selection
exact_route_sequence_ordered_stop_od,GMB,line_gmb_2009807,gmb_2009807_1,2009807,1,1,20001271,20007697,unspecified_in_source,unspecified_in_source,unspecified_in_source,unspecified_in_source,unspecified_in_source,,,,pt_fare,,,not_encoded_in_source_revision_cutoff_only,2026-07-14,2026-07-20,,"[""gtfs:fare_rules.txt:860004|fare_attributes.txt:846078|fare_id:2009807-1-4-11"",""gtfs:fare_rules.txt:860014|fare_attributes.txt:868744|fare_id:2009807-1-4-21""]",data/transit/hongkong/PublicTransportGTFS/gtfs.zip,e5ad020b79d0020625a4e8eb5428c2253a07705b71bfb809d8a3fa178032ce06,2,1,unresolved_duplicate_identical,"[{""fare_attribute_line"":846078,""fare_id"":""2009807-1-4-11"",""fare_rule_line"":860004,""price"":6.1},{""fare_attribute_line"":868744,""fare_id"":""2009807-1-4-21"",""fare_rule_line"":860014,""price"":6.1}]",unresolved,A,U,unresolved,official_json_routeSeq_exact_full_stop_pattern_plus_ordered_gtfs_stop_od,multiple_identical_source_records_no_default_selection
exact_route_sequence_ordered_stop_od,GMB,line_gmb_2009807,gmb_2009807_1,2009807,1,1,20001615,20007697,unspecified_in_source,unspecified_in_source,unspecified_in_source,unspecified_in_source,unspecified_in_source,,,,pt_fare,,,not_encoded_in_source_revision_cutoff_only,2026-07-14,2026-07-20,,"[""gtfs:fare_rules.txt:860028|fare_attributes.txt:846088|fare_id:2009807-1-5-11"",""gtfs:fare_rules.txt:860038|fare_attributes.txt:868758|fare_id:2009807-1-5-21""]",data/transit/hongkong/PublicTransportGTFS/gtfs.zip,e5ad020b79d0020625a4e8eb5428c2253a07705b71bfb809d8a3fa178032ce06,2,1,unresolved_duplicate_identical,"[{""fare_attribute_line"":846088,""fare_id"":""2009807-1-5-11"",""fare_rule_line"":860028,""price"":6.1},{""fare_attribute_line"":868758,""fare_id"":""2009807-1-5-21"",""fare_rule_line"":860038,""price"":6.1}]",unresolved,A,U,unresolved,official_json_routeSeq_exact_full_stop_pattern_plus_ordered_gtfs_stop_od,multiple_identical_source_records_no_default_selection
exact_route_sequence_ordered_stop_od,GMB,line_gmb_2009807,gmb_2009807_1,2009807,1,1,20001616,20007697,unspecified_in_source,unspecified_in_source,unspecified_in_source,unspecified_in_source,unspecified_in_source,,,,pt_fare,,,not_encoded_in_source_revision_cutoff_only,2026-07-14,2026-07-20,,"[""gtfs:fare_rules.txt:860051|fare_attributes.txt:846097|fare_id:2009807-1-6-11"",""gtfs:fare_rules.txt:860061|fare_attributes.txt:868772|fare_id:2009807-1-6-21""]",data/transit/hongkong/PublicTransportGTFS/gtfs.zip,e5ad020b79d0020625a4e8eb5428c2253a07705b71bfb809d8a3fa178032ce06,2,1,unresolved_duplicate_identical,"[{""fare_attribute_line"":846097,""fare_id"":""2009807-1-6-11"",""fare_rule_line"":860051,""price"":6.1},{""fare_attribute_line"":868772,""fare_id"":""2009807-1-6-21"",""fare_rule_line"":860061,""price"":6.1}]",unresolved,A,U,unresolved,official_json_routeSeq_exact_full_stop_pattern_plus_ordered_gtfs_stop_od,multiple_identical_source_records_no_default_selection
exact_route_sequence_ordered_stop_od,GMB,line_gmb_2009807,gmb_2009807_1,2009807,1,1,20004201,20007697,unspecified_in_source,unspecified_in_source,unspecified_in_source,unspecified_in_source,unspecified_in_source,,,,pt_fare,,,not_encoded_in_source_revision_cutoff_only,2026-07-14,2026-07-20,,"[""gtfs:fare_rules.txt:860094|fare_attributes.txt:846112|fare_id:2009807-1-8-11"",""gtfs:fare_rules.txt:860104|fare_attributes.txt:869493|fare_id:2009807-1-8-21""]",data/transit/hongkong/PublicTransportGTFS/gtfs.zip,e5ad020b79d0020625a4e8eb5428c2253a07705b71bfb809d8a3fa178032ce06,2,1,unresolved_duplicate_identical,"[{""fare_attribute_line"":846112,""fare_id"":""2009807-1-8-11"",""fare_rule_line"":860094,""price"":6.1},{""fare_attribute_line"":869493,""fare_id"":""2009807-1-8-21"",""fare_rule_line"":860104,""price"":6.1}]",unresolved,A,U,unresolved,official_json_routeSeq_exact_full_stop_pattern_plus_ordered_gtfs_stop_od,multiple_identical_source_records_no_default_selection
exact_route_sequence_ordered_stop_od,GMB,line_gmb_2009807,gmb_2009807_1,2009807,1,1,20007691,20007365,unspecified_in_source,unspecified_in_source,unspecified_in_source,unspecified_in_source,unspecified_in_source,,,,pt_fare,,,not_encoded_in_source_revision_cutoff_only,2026-07-14,2026-07-20,,"[""gtfs:fare_rules.txt:859925|fare_attributes.txt:846041|fare_id:2009807-1-1-10"",""gtfs:fare_rules.txt:859935|fare_attributes.txt:868701|fare_id:2009807-1-1-20""]",data/transit/hongkong/PublicTransportGTFS/gtfs.zip,e5ad020b79d0020625a4e8eb5428c2253a07705b71bfb809d8a3fa178032ce06,2,1,unresolved_duplicate_identical,"[{""fare_attribute_line"":846041,""fare_id"":""2009807-1-1-10"",""fare_rule_line"":859925,""price"":6.1},{""fare_attribute_line"":868701,""fare_id"":""2009807-1-1-20"",""fare_rule_line"":859935,""price"":6.1}]",unresolved,A,U,unresolved,official_json_routeSeq_exact_full_stop_pattern_plus_ordered_gtfs_stop_od,multiple_identical_source_records_no_default_selection
exact_route_sequence_ordered_stop_od,GMB,line_gmb_2009807,gmb_2009807_1,2009807,1,1,20007691,20007697,unspecified_in_source,unspecified_in_source,unspecified_in_source,unspecified_in_source,unspecified_in_source,,,,pt_fare,,,not_encoded_in_source_revision_cutoff_only,2026-07-14,2026-07-20,,"[""gtfs:fare_rules.txt:859926|fare_attributes.txt:846042|fare_id:2009807-1-1-11"",""gtfs:fare_rules.txt:859936|fare_attributes.txt:868702|fare_id:2009807-1-1-21""]",data/transit/hongkong/PublicTransportGTFS/gtfs.zip,e5ad020b79d0020625a4e8eb5428c2253a07705b71bfb809d8a3fa178032ce06,2,1,unresolved_duplicate_identical,"[{""fare_attribute_line"":846042,""fare_id"":""2009807-1-1-11"",""fare_rule_line"":859926,""price"":6.1},{""fare_attribute_line"":868702,""fare_id"":""2009807-1-1-21"",""fare_rule_line"":859936,""price"":6.1}]",unresolved,A,U,unresolved,official_json_routeSeq_exact_full_stop_pattern_plus_ordered_gtfs_stop_od,multiple_identical_source_records_no_default_selection
exact_route_sequence_ordered_stop_od,GMB,line_gmb_2009807,gmb_2009807_1,2009807,1,1,20007694,20007365,unspecified_in_source,unspecified_in_source,unspecified_in_source,unspecified_in_source,unspecified_in_source,,,,pt_fare,,,not_encoded_in_source_revision_cutoff_only,2026-07-14,2026-07-20,,"[""gtfs:fare_rules.txt:859952|fare_attributes.txt:846054|fare_id:2009807-1-2-10"",""gtfs:fare_rules.txt:859962|fare_attributes.txt:868715|fare_id:2009807-1-2-20""]",data/transit/hongkong/PublicTransportGTFS/gtfs.zip,e5ad020b79d0020625a4e8eb5428c2253a07705b71bfb809d8a3fa178032ce06,2,1,unresolved_duplicate_identical,"[{""fare_attribute_line"":846054,""fare_id"":""2009807-1-2-10"",""fare_rule_line"":859952,""price"":6.1},{""fare_attribute_line"":868715,""fare_id"":""2009807-1-2-20"",""fare_rule_line"":859962,""price"":6.1}]",unresolved,A,U,unresolved,official_json_routeSeq_exact_full_stop_pattern_plus_ordered_gtfs_stop_od,multiple_identical_source_records_no_default_selection
exact_route_sequence_ordered_stop_od,GMB,line_gmb_2009807,gmb_2009807_1,2009807,1,1,20007694,20007697,unspecified_in_source,unspecified_in_source,unspecified_in_source,unspecified_in_source,unspecified_in_source,,,,pt_fare,,,not_encoded_in_source_revision_cutoff_only,2026-07-14,2026-07-20,,"[""gtfs:fare_rules.txt:859953|fare_attributes.txt:846055|fare_id:2009807-1-2-11"",""gtfs:fare_rules.txt:859963|fare_attributes.txt:868716|fare_id:2009807-1-2-21""]",data/transit/hongkong/PublicTransportGTFS/gtfs.zip,e5ad020b79d0020625a4e8eb5428c2253a07705b71bfb809d8a3fa178032ce06,2,1,unresolved_duplicate_identical,"[{""fare_attribute_line"":846055,""fare_id"":""2009807-1-2-11"",""fare_rule_line"":859953,""price"":6.1},{""fare_attribute_line"":868716,""fare_id"":""2009807-1-2-21"",""fare_rule_line"":859963,""price"":6.1}]",unresolved,A,U,unresolved,official_json_routeSeq_exact_full_stop_pattern_plus_ordered_gtfs_stop_od,multiple_identical_source_records_no_default_selection
exact_route_sequence_ordered_stop_od,GMB,line_gmb_2009807,gmb_2009807_1,2009807,1,1,20007695,20007365,unspecified_in_source,unspecified_in_source,unspecified_in_source,unspecified_in_source,unspecified_in_source,,,,pt_fare,,,not_encoded_in_source_revision_cutoff_only,2026-07-14,2026-07-20,,"[""gtfs:fare_rules.txt:859978|fare_attributes.txt:846066|fare_id:2009807-1-3-10"",""gtfs:fare_rules.txt:859988|fare_attributes.txt:868729|fare_id:2009807-1-3-20""]",data/transit/hongkong/PublicTransportGTFS/gtfs.zip,e5ad020b79d0020625a4e8eb5428c2253a07705b71bfb809d8a3fa178032ce06,2,1,unresolved_duplicate_identical,"[{""fare_attribute_line"":846066,""fare_id"":""2009807-1-3-10"",""fare_rule_line"":859978,""price"":6.1},{""fare_attribute_line"":868729,""fare_id"":""2009807-1-3-20"",""fare_rule_line"":859988,""price"":6.1}]",unresolved,A,U,unresolved,official_json_routeSeq_exact_full_stop_pattern_plus_ordered_gtfs_stop_od,multiple_identical_source_records_no_default_selection
exact_route_sequence_ordered_stop_od,GMB,line_gmb_2009807,gmb_2009807_1,2009807,1,1,20007695,20007697,unspecified_in_source,unspecified_in_source,unspecified_in_source,unspecified_in_source,unspecified_in_source,,,,pt_fare,,,not_encoded_in_source_revision_cutoff_only,2026-07-14,2026-07-20,,"[""gtfs:fare_rules.txt:859979|fare_attributes.txt:846067|fare_id:2009807-1-3-11"",""gtfs:fare_rules.txt:859989|fare_attributes.txt:868730|fare_id:2009807-1-3-21""]",data/transit/hongkong/PublicTransportGTFS/gtfs.zip,e5ad020b79d0020625a4e8eb5428c2253a07705b71bfb809d8a3fa178032ce06,2,1,unresolved_duplicate_identical,"[{""fare_attribute_line"":846067,""fare_id"":""2009807-1-3-11"",""fare_rule_line"":859979,""price"":6.1},{""fare_attribute_line"":868730,""fare_id"":""2009807-1-3-21"",""fare_rule_line"":859989,""price"":6.1}]",unresolved,A,U,unresolved,official_json_routeSeq_exact_full_stop_pattern_plus_ordered_gtfs_stop_od,multiple_identical_source_records_no_default_selection
exact_route_sequence_ordered_stop_od,GMB,line_gmb_2009807,gmb_2009807_1,2009807,1,1,20007696,20007697,unspecified_in_source,unspecified_in_source,unspecified_in_source,unspecified_in_source,unspecified_in_source,,,,pt_fare,,,not_encoded_in_source_revision_cutoff_only,2026-07-14,2026-07-20,,"[""gtfs:fare_rules.txt:860073|fare_attributes.txt:846105|fare_id:2009807-1-7-11"",""gtfs:fare_rules.txt:860083|fare_attributes.txt:868786|fare_id:2009807-1-7-21""]",data/transit/hongkong/PublicTransportGTFS/gtfs.zip,e5ad020b79d0020625a4e8eb5428c2253a07705b71bfb809d8a3fa178032ce06,2,1,unresolved_duplicate_identical,"[{""fare_attribute_line"":846105,""fare_id"":""2009807-1-7-11"",""fare_rule_line"":860073,""price"":6.1},{""fare_attribute_line"":868786,""fare_id"":""2009807-1-7-21"",""fare_rule_line"":860083,""price"":6.1}]",unresolved,A,U,unresolved,official_json_routeSeq_exact_full_stop_pattern_plus_ordered_gtfs_stop_od,multiple_identical_source_records_no_default_selection
exact_route_sequence_ordered_stop_od,GMB,line_gmb_2009807,gmb_2009807_1,2009807,1,1,20015612,20007697,unspecified_in_source,unspecified_in_source,unspecified_in_source,unspecified_in_source,unspecified_in_source,,,,pt_fare,,,not_encoded_in_source_revision_cutoff_only,2026-07-14,2026-07-20,,"[""gtfs:fare_rules.txt:860114|fare_attributes.txt:846118|fare_id:2009807-1-9-11"",""gtfs:fare_rules.txt:860124|fare_attributes.txt:869507|fare_id:2009807-1-9-21""]",data/transit/hongkong/PublicTransportGTFS/gtfs.zip,e5ad020b79d0020625a4e8eb5428c2253a07705b71bfb809d8a3fa178032ce06,2,1,unresolved_duplicate_identical,"[{""fare_attribute_line"":846118,""fare_id"":""2009807-1-9-11"",""fare_rule_line"":860114,""price"":6.1},{""fare_attribute_line"":869507,""fare_id"":""2009807-1-9-21"",""fare_rule_line"":860124,""price"":6.1}]",unresolved,A,U,unresolved,official_json_routeSeq_exact_full_stop_pattern_plus_ordered_gtfs_stop_od,multiple_identical_source_records_no_default_selection
exact_route_sequence_ordered_stop_od,GMB,line_gmb_2010071,gmb_2010071_1,2010071,1,1,20001193,20007229,unspecified_in_source,unspecified_in_source,unspecified_in_source,unspecified_in_source,unspecified_in_source,,,,pt_fare,,,not_encoded_in_source_revision_cutoff_only,2026-07-14,2026-07-20,,"[""gtfs:fare_rules.txt:860732|fare_attributes.txt:846391|fare_id:2010071-1-1-14"",""gtfs:fare_rules.txt:860740|fare_attributes.txt:868860|fare_id:2010071-1-1-22""]",data/transit/hongkong/PublicTransportGTFS/gtfs.zip,e5ad020b79d0020625a4e8eb5428c2253a07705b71bfb809d8a3fa178032ce06,2,1,unresolved_duplicate_identical,"[{""fare_attribute_line"":846391,""fare_id"":""2010071-1-1-14"",""fare_rule_line"":860732,""price"":10.0},{""fare_attribute_line"":868860,""fare_id"":""2010071-1-1-22"",""fare_rule_line"":860740,""price"":10.0}]",unresolved,A,U,unresolved,official_json_routeSeq_exact_full_stop_pattern_plus_ordered_gtfs_stop_od,multiple_identical_source_records_no_default_selection
exact_route_sequence_ordered_stop_od,GMB,line_gmb_2010071,gmb_2010071_1,2010071,1,1,20001200,20007229,unspecified_in_source,unspecified_in_source,unspecified_in_source,unspecified_in_source,unspecified_in_source,,,,pt_fare,,,not_encoded_in_source_revision_cutoff_only,2026-07-14,2026-07-20,,"[""gtfs:fare_rules.txt:860822|fare_attributes.txt:847129|fare_id:2010071-1-4-14"",""gtfs:fare_rules.txt:860830|fare_attributes.txt:869598|fare_id:2010071-1-4-22""]",data/transit/hongkong/PublicTransportGTFS/gtfs.zip,e5ad020b79d0020625a4e8eb5428c2253a07705b71bfb809d8a3fa178032ce06,2,1,unresolved_duplicate_identical,"[{""fare_attribute_line"":847129,""fare_id"":""2010071-1-4-14"",""fare_rule_line"":860822,""price"":10.0},{""fare_attribute_line"":869598,""fare_id"":""2010071-1-4-22"",""fare_rule_line"":860830,""price"":10.0}]",unresolved,A,U,unresolved,official_json_routeSeq_exact_full_stop_pattern_plus_ordered_gtfs_stop_od,multiple_identical_source_records_no_default_selection
exact_route_sequence_ordered_stop_od,GMB,line_gmb_2010071,gmb_2010071_1,2010071,1,1,20001222,20007229,unspecified_in_source,unspecified_in_source,unspecified_in_source,unspecified_in_source,unspecified_in_source,,,,pt_fare,,,not_encoded_in_source_revision_cutoff_only,2026-07-14,2026-07-20,,"[""gtfs:fare_rules.txt:860850|fare_attributes.txt:847142|fare_id:2010071-1-5-14"",""gtfs:fare_rules.txt:860858|fare_attributes.txt:869613|fare_id:2010071-1-5-22""]",data/transit/hongkong/PublicTransportGTFS/gtfs.zip,e5ad020b79d0020625a4e8eb5428c2253a07705b71bfb809d8a3fa178032ce06,2,1,unresolved_duplicate_identical,"[{""fare_attribute_line"":847142,""fare_id"":""2010071-1-5-14"",""fare_rule_line"":860850,""price"":10.0},{""fare_attribute_line"":869613,""fare_id"":""2010071-1-5-22"",""fare_rule_line"":860858,""price"":10.0}]",unresolved,A,U,unresolved,official_json_routeSeq_exact_full_stop_pattern_plus_ordered_gtfs_stop_od,multiple_identical_source_records_no_default_selection
exact_route_sequence_ordered_stop_od,GMB,line_gmb_2010071,gmb_2010071_1,2010071,1,1,20001224,20007229,unspecified_in_source,unspecified_in_source,unspecified_in_source,unspecified_in_source,unspecified_in_source,,,,pt_fare,,,not_encoded_in_source_revision_cutoff_only,2026-07-14,2026-07-20,,"[""gtfs:fare_rules.txt:860877|fare_attributes.txt:847154|fare_id:2010071-1-6-14"",""gtfs:fare_rules.txt:860885|fare_attributes.txt:869628|fare_id:2010071-1-6-22""]",data/transit/hongkong/PublicTransportGTFS/gtfs.zip,e5ad020b79d0020625a4e8eb5428c2253a07705b71bfb809d8a3fa178032ce06,2,1,unresolved_duplicate_identical,"[{""fare_attribute_line"":847154,""fare_id"":""2010071-1-6-14"",""fare_rule_line"":860877,""price"":10.0},{""fare_attribute_line"":869628,""fare_id"":""2010071-1-6-22"",""fare_rule_line"":860885,""price"":10.0}]",unresolved,A,U,unresolved,official_json_routeSeq_exact_full_stop_pattern_plus_ordered_gtfs_stop_od,multiple_identical_source_records_no_default_selection
exact_route_sequence_ordered_stop_od,GMB,line_gmb_2010071,gmb_2010071_1,2010071,1,1,20001225,20007229,unspecified_in_source,unspecified_in_source,unspecified_in_source,unspecified_in_source,unspecified_in_source,,,,pt_fare,,,not_encoded_in_source_revision_cutoff_only,2026-07-14,2026-07-20,,"[""gtfs:fare_rules.txt:860903|fare_attributes.txt:847165|fare_id:2010071-1-7-14"",""gtfs:fare_rules.txt:860911|fare_attributes.txt:869643|fare_id:2010071-1-7-22""]",data/transit/hongkong/PublicTransportGTFS/gtfs.zip,e5ad020b79d0020625a4e8eb5428c2253a07705b71bfb809d8a3fa178032ce06,2,1,unresolved_duplicate_identical,"[{""fare_attribute_line"":847165,""fare_id"":""2010071-1-7-14"",""fare_rule_line"":860903,""price"":10.0},{""fare_attribute_line"":869643,""fare_id"":""2010071-1-7-22"",""fare_rule_line"":860911,""price"":10.0}]",unresolved,A,U,unresolved,official_json_routeSeq_exact_full_stop_pattern_plus_ordered_gtfs_stop_od,multiple_identical_source_records_no_default_selection
exact_route_sequence_ordered_stop_od,GMB,line_gmb_2010071,gmb_2010071_1,2010071,1,1,20003029,20007229,unspecified_in_source,unspecified_in_source,unspecified_in_source,unspecified_in_source,unspecified_in_source,,,,pt_fare,,,not_encoded_in_source_revision_cutoff_only,2026-07-14,2026-07-20,,"[""gtfs:fare_rules.txt:860793|fare_attributes.txt:846422|fare_id:2010071-1-3-14"",""gtfs:fare_rules.txt:860801|fare_attributes.txt:868890|fare_id:2010071-1-3-22""]",data/transit/hongkong/PublicTransportGTFS/gtfs.zip,e5ad020b79d0020625a4e8eb5428c2253a07705b71bfb809d8a3fa178032ce06,2,1,unresolved_duplicate_identical,"[{""fare_attribute_line"":846422,""fare_id"":""2010071-1-3-14"",""fare_rule_line"":860793,""price"":10.0},{""fare_attribute_line"":868890,""fare_id"":""2010071-1-3-22"",""fare_rule_line"":860801,""price"":10.0}]",unresolved,A,U,unresolved,official_json_routeSeq_exact_full_stop_pattern_plus_ordered_gtfs_stop_od,multiple_identical_source_records_no_default_selection
exact_route_sequence_ordered_stop_od,GMB,line_gmb_2010071,gmb_2010071_1,2010071,1,1,20003192,20007229,unspecified_in_source,unspecified_in_source,unspecified_in_source,unspecified_in_source,unspecified_in_source,,,,pt_fare,,,not_encoded_in_source_revision_cutoff_only,2026-07-14,2026-07-20,,"[""gtfs:fare_rules.txt:860928|fare_attributes.txt:847175|fare_id:2010071-1-8-14"",""gtfs:fare_rules.txt:860936|fare_attributes.txt:869658|fare_id:2010071-1-8-22""]",data/transit/hongkong/PublicTransportGTFS/gtfs.zip,e5ad020b79d0020625a4e8eb5428c2253a07705b71bfb809d8a3fa178032ce06,2,1,unresolved_duplicate_identical,"[{""fare_attribute_line"":847175,""fare_id"":""2010071-1-8-14"",""fare_rule_line"":860928,""price"":10.0},{""fare_attribute_line"":869658,""fare_id"":""2010071-1-8-22"",""fare_rule_line"":860936,""price"":10.0}]",unresolved,A,U,unresolved,official_json_routeSeq_exact_full_stop_pattern_plus_ordered_gtfs_stop_od,multiple_identical_source_records_no_default_selection
exact_route_sequence_ordered_stop_od,GMB,line_gmb_2010071,gmb_2010071_1,2010071,1,1,20007228,20007229,unspecified_in_source,unspecified_in_source,unspecified_in_source,unspecified_in_source,unspecified_in_source,,,,pt_fare,,,not_encoded_in_source_revision_cutoff_only,2026-07-14,2026-07-20,,"[""gtfs:fare_rules.txt:860763|fare_attributes.txt:846407|fare_id:2010071-1-2-14"",""gtfs:fare_rules.txt:860771|fare_attributes.txt:868875|fare_id:2010071-1-2-22""]",data/transit/hongkong/PublicTransportGTFS/gtfs.zip,e5ad020b79d0020625a4e8eb5428c2253a07705b71bfb809d8a3fa178032ce06,2,1,unresolved_duplicate_identical,"[{""fare_attribute_line"":846407,""fare_id"":""2010071-1-2-14"",""fare_rule_line"":860763,""price"":10.0},{""fare_attribute_line"":868875,""fare_id"":""2010071-1-2-22"",""fare_rule_line"":860771,""price"":10.0}]",unresolved,A,U,unresolved,official_json_routeSeq_exact_full_stop_pattern_plus_ordered_gtfs_stop_od,multiple_identical_source_records_no_default_selection
exact_route_sequence_ordered_stop_od,GMB,line_gmb_2010071,gmb_2010071_1,2010071,1,1,20007229,20001193,unspecified_in_source,unspecified_in_source,unspecified_in_source,unspecified_in_source,unspecified_in_source,,,,pt_fare,,,not_encoded_in_source_revision_cutoff_only,2026-07-14,2026-07-20,,"[""gtfs:fare_rules.txt:861076|fare_attributes.txt:868967|fare_id:2010071-1-14-33"",""gtfs:fare_rules.txt:861192|fare_attributes.txt:846497|fare_id:2010071-1-22-33""]",data/transit/hongkong/PublicTransportGTFS/gtfs.zip,e5ad020b79d0020625a4e8eb5428c2253a07705b71bfb809d8a3fa178032ce06,2,1,unresolved_duplicate_identical,"[{""fare_attribute_line"":868967,""fare_id"":""2010071-1-14-33"",""fare_rule_line"":861076,""price"":10.0},{""fare_attribute_line"":846497,""fare_id"":""2010071-1-22-33"",""fare_rule_line"":861192,""price"":10.0}]",unresolved,A,U,unresolved,official_json_routeSeq_exact_full_stop_pattern_plus_ordered_gtfs_stop_od,multiple_identical_source_records_no_default_selection
exact_route_sequence_ordered_stop_od,GMB,line_gmb_2010071,gmb_2010071_1,2010071,1,1,20007229,20003030,unspecified_in_source,unspecified_in_source,unspecified_in_source,unspecified_in_source,unspecified_in_source,,,,pt_fare,,,not_encoded_in_source_revision_cutoff_only,2026-07-14,2026-07-20,,"[""gtfs:fare_rules.txt:861074|fare_attributes.txt:868965|fare_id:2010071-1-14-31"",""gtfs:fare_rules.txt:861190|fare_attributes.txt:846495|fare_id:2010071-1-22-31""]",data/transit/hongkong/PublicTransportGTFS/gtfs.zip,e5ad020b79d0020625a4e8eb5428c2253a07705b71bfb809d8a3fa178032ce06,2,1,unresolved_duplicate_identical,"[{""fare_attribute_line"":868965,""fare_id"":""2010071-1-14-31"",""fare_rule_line"":861074,""price"":10.0},{""fare_attribute_line"":846495,""fare_id"":""2010071-1-22-31"",""fare_rule_line"":861190,""price"":10.0}]",unresolved,A,U,unresolved,official_json_routeSeq_exact_full_stop_pattern_plus_ordered_gtfs_stop_od,multiple_identical_source_records_no_default_selection
exact_route_sequence_ordered_stop_od,GMB,line_gmb_2010071,gmb_2010071_1,2010071,1,1,20007229,20003031,unspecified_in_source,unspecified_in_source,unspecified_in_source,unspecified_in_source,unspecified_in_source,,,,pt_fare,,,not_encoded_in_source_revision_cutoff_only,2026-07-14,2026-07-20,,"[""gtfs:fare_rules.txt:861075|fare_attributes.txt:868966|fare_id:2010071-1-14-32"",""gtfs:fare_rules.txt:861191|fare_attributes.txt:846496|fare_id:2010071-1-22-32""]",data/transit/hongkong/PublicTransportGTFS/gtfs.zip,e5ad020b79d0020625a4e8eb5428c2253a07705b71bfb809d8a3fa178032ce06,2,1,unresolved_duplicate_identical,"[{""fare_attribute_line"":868966,""fare_id"":""2010071-1-14-32"",""fare_rule_line"":861075,""price"":10.0},{""fare_attribute_line"":846496,""fare_id"":""2010071-1-22-32"",""fare_rule_line"":861191,""price"":10.0}]",unresolved,A,U,unresolved,official_json_routeSeq_exact_full_stop_pattern_plus_ordered_gtfs_stop_od,multiple_identical_source_records_no_default_selection
exact_route_sequence_ordered_stop_od,GMB,line_gmb_2010071,gmb_2010071_1,2010071,1,1,20007229,20003193,unspecified_in_source,unspecified_in_source,unspecified_in_source,unspecified_in_source,unspecified_in_source,,,,pt_fare,,,not_encoded_in_source_revision_cutoff_only,2026-07-14,2026-07-20,,"[""gtfs:fare_rules.txt:861071|fare_attributes.txt:868962|fare_id:2010071-1-14-28"",""gtfs:fare_rules.txt:861187|fare_attributes.txt:846492|fare_id:2010071-1-22-28""]",data/transit/hongkong/PublicTransportGTFS/gtfs.zip,e5ad020b79d0020625a4e8eb5428c2253a07705b71bfb809d8a3fa178032ce06,2,1,unresolved_duplicate_identical,"[{""fare_attribute_line"":868962,""fare_id"":""2010071-1-14-28"",""fare_rule_line"":861071,""price"":10.0},{""fare_attribute_line"":846492,""fare_id"":""2010071-1-22-28"",""fare_rule_line"":861187,""price"":10.0}]",unresolved,A,U,unresolved,official_json_routeSeq_exact_full_stop_pattern_plus_ordered_gtfs_stop_od,multiple_identical_source_records_no_default_selection
exact_route_sequence_ordered_stop_od,GMB,line_gmb_2010071,gmb_2010071_1,2010071,1,1,20007229,20007577,unspecified_in_source,unspecified_in_source,unspecified_in_source,unspecified_in_source,unspecified_in_source,,,,pt_fare,,,not_encoded_in_source_revision_cutoff_only,2026-07-14,2026-07-20,,"[""gtfs:fare_rules.txt:861070|fare_attributes.txt:868961|fare_id:2010071-1-14-27"",""gtfs:fare_rules.txt:861186|fare_attributes.txt:846491|fare_id:2010071-1-22-27""]",data/transit/hongkong/PublicTransportGTFS/gtfs.zip,e5ad020b79d0020625a4e8eb5428c2253a07705b71bfb809d8a3fa178032ce06,2,1,unresolved_duplicate_identical,"[{""fare_attribute_line"":868961,""fare_id"":""2010071-1-14-27"",""fare_rule_line"":861070,""price"":10.0},{""fare_attribute_line"":846491,""fare_id"":""2010071-1-22-27"",""fare_rule_line"":861186,""price"":10.0}]",unresolved,A,U,unresolved,official_json_routeSeq_exact_full_stop_pattern_plus_ordered_gtfs_stop_od,multiple_identical_source_records_no_default_selection
exact_route_sequence_ordered_stop_od,GMB,line_gmb_2010071,gmb_2010071_1,2010071,1,1,20007229,20008783,unspecified_in_source,unspecified_in_source,unspecified_in_source,unspecified_in_source,unspecified_in_source,,,,pt_fare,,,not_encoded_in_source_revision_cutoff_only,2026-07-14,2026-07-20,,"[""gtfs:fare_rules.txt:861072|fare_attributes.txt:868963|fare_id:2010071-1-14-29"",""gtfs:fare_rules.txt:861188|fare_attributes.txt:846493|fare_id:2010071-1-22-29""]",data/transit/hongkong/PublicTransportGTFS/gtfs.zip,e5ad020b79d0020625a4e8eb5428c2253a07705b71bfb809d8a3fa178032ce06,2,1,unresolved_duplicate_identical,"[{""fare_attribute_line"":868963,""fare_id"":""2010071-1-14-29"",""fare_rule_line"":861072,""price"":10.0},{""fare_attribute_line"":846493,""fare_id"":""2010071-1-22-29"",""fare_rule_line"":861188,""price"":10.0}]",unresolved,A,U,unresolved,official_json_routeSeq_exact_full_stop_pattern_plus_ordered_gtfs_stop_od,multiple_identical_source_records_no_default_selection
exact_route_sequence_ordered_stop_od,GMB,line_gmb_2010071,gmb_2010071_1,2010071,1,1,20007229,20008787,unspecified_in_source,unspecified_in_source,unspecified_in_source,unspecified_in_source,unspecified_in_source,,,,pt_fare,,,not_encoded_in_source_revision_cutoff_only,2026-07-14,2026-07-20,,"[""gtfs:fare_rules.txt:861073|fare_attributes.txt:868964|fare_id:2010071-1-14-30"",""gtfs:fare_rules.txt:861189|fare_attributes.txt:846494|fare_id:2010071-1-22-30""]",data/transit/hongkong/PublicTransportGTFS/gtfs.zip,e5ad020b79d0020625a4e8eb5428c2253a07705b71bfb809d8a3fa178032ce06,2,1,unresolved_duplicate_identical,"[{""fare_attribute_line"":868964,""fare_id"":""2010071-1-14-30"",""fare_rule_line"":861073,""price"":10.0},{""fare_attribute_line"":846494,""fare_id"":""2010071-1-22-30"",""fare_rule_line"":861189,""price"":10.0}]",unresolved,A,U,unresolved,official_json_routeSeq_exact_full_stop_pattern_plus_ordered_gtfs_stop_od,multiple_identical_source_records_no_default_selection
exact_route_sequence_ordered_stop_od,GMB,line_gmb_2010071,gmb_2010071_1,2010071,1,1,20007576,20007229,unspecified_in_source,unspecified_in_source,unspecified_in_source,unspecified_in_source,unspecified_in_source,,,,pt_fare,,,not_encoded_in_source_revision_cutoff_only,2026-07-14,2026-07-20,,"[""gtfs:fare_rules.txt:860952|fare_attributes.txt:847184|fare_id:2010071-1-9-14"",""gtfs:fare_rules.txt:860960|fare_attributes.txt:869673|fare_id:2010071-1-9-22""]",data/transit/hongkong/PublicTransportGTFS/gtfs.zip,e5ad020b79d0020625a4e8eb5428c2253a07705b71bfb809d8a3fa178032ce06,2,1,unresolved_duplicate_identical,"[{""fare_attribute_line"":847184,""fare_id"":""2010071-1-9-14"",""fare_rule_line"":860952,""price"":10.0},{""fare_attribute_line"":869673,""fare_id"":""2010071-1-9-22"",""fare_rule_line"":860960,""price"":10.0}]",unresolved,A,U,unresolved,official_json_routeSeq_exact_full_stop_pattern_plus_ordered_gtfs_stop_od,multiple_identical_source_records_no_default_selection
exact_route_sequence_ordered_stop_od,GMB,line_gmb_2010076,gmb_2010076_1,2010076,1,1,20007091,20006560,unspecified_in_source,unspecified_in_source,unspecified_in_source,unspecified_in_source,unspecified_in_source,,,,pt_fare,,,not_encoded_in_source_revision_cutoff_only,2026-07-14,2026-07-20,,"[""gtfs:fare_rules.txt:861390|fare_attributes.txt:846596|fare_id:2010076-1-1-6"",""gtfs:fare_rules.txt:861404|fare_attributes.txt:869712|fare_id:2010076-1-1-20""]",data/transit/hongkong/PublicTransportGTFS/gtfs.zip,e5ad020b79d0020625a4e8eb5428c2253a07705b71bfb809d8a3fa178032ce06,2,1,unresolved_duplicate_identical,"[{""fare_attribute_line"":846596,""fare_id"":""2010076-1-1-6"",""fare_rule_line"":861390,""price"":10.0},{""fare_attribute_line"":869712,""fare_id"":""2010076-1-1-20"",""fare_rule_line"":861404,""price"":10.0}]",unresolved,A,U,unresolved,official_json_routeSeq_exact_full_stop_pattern_plus_ordered_gtfs_stop_od,multiple_identical_source_records_no_default_selection
exact_route_sequence_ordered_stop_od,GMB,line_gmb_2010076,gmb_2010076_1,2010076,1,1,20007091,20007229,unspecified_in_source,unspecified_in_source,unspecified_in_source,unspecified_in_source,unspecified_in_source,,,,pt_fare,,,not_encoded_in_source_revision_cutoff_only,2026-07-14,2026-07-20,,"[""gtfs:fare_rules.txt:861393|fare_attributes.txt:846599|fare_id:2010076-1-1-9"",""gtfs:fare_rules.txt:861401|fare_attributes.txt:869709|fare_id:2010076-1-1-17""]",data/transit/hongkong/PublicTransportGTFS/gtfs.zip,e5ad020b79d0020625a4e8eb5428c2253a07705b71bfb809d8a3fa178032ce06,2,1,unresolved_duplicate_identical,"[{""fare_attribute_line"":846599,""fare_id"":""2010076-1-1-9"",""fare_rule_line"":861393,""price"":10.0},{""fare_attribute_line"":869709,""fare_id"":""2010076-1-1-17"",""fare_rule_line"":861401,""price"":10.0}]",unresolved,A,U,unresolved,official_json_routeSeq_exact_full_stop_pattern_plus_ordered_gtfs_stop_od,multiple_identical_source_records_no_default_selection
exact_route_sequence_ordered_stop_od,GMB,line_gmb_2010076,gmb_2010076_1,2010076,1,1,20007092,20006560,unspecified_in_source,unspecified_in_source,unspecified_in_source,unspecified_in_source,unspecified_in_source,,,,pt_fare,,,not_encoded_in_source_revision_cutoff_only,2026-07-14,2026-07-20,,"[""gtfs:fare_rules.txt:861413|fare_attributes.txt:846607|fare_id:2010076-1-2-6"",""gtfs:fare_rules.txt:861427|fare_attributes.txt:869724|fare_id:2010076-1-2-20""]",data/transit/hongkong/PublicTransportGTFS/gtfs.zip,e5ad020b79d0020625a4e8eb5428c2253a07705b71bfb809d8a3fa178032ce06,2,1,unresolved_duplicate_identical,"[{""fare_attribute_line"":846607,""fare_id"":""2010076-1-2-6"",""fare_rule_line"":861413,""price"":10.0},{""fare_attribute_line"":869724,""fare_id"":""2010076-1-2-20"",""fare_rule_line"":861427,""price"":10.0}]",unresolved,A,U,unresolved,official_json_routeSeq_exact_full_stop_pattern_plus_ordered_gtfs_stop_od,multiple_identical_source_records_no_default_selection
exact_route_sequence_ordered_stop_od,GMB,line_gmb_2010076,gmb_2010076_1,2010076,1,1,20007092,20007229,unspecified_in_source,unspecified_in_source,unspecified_in_source,unspecified_in_source,unspecified_in_source,,,,pt_fare,,,not_encoded_in_source_revision_cutoff_only,2026-07-14,2026-07-20,,"[""gtfs:fare_rules.txt:861416|fare_attributes.txt:846610|fare_id:2010076-1-2-9"",""gtfs:fare_rules.txt:861424|fare_attributes.txt:869721|fare_id:2010076-1-2-17""]",data/transit/hongkong/PublicTransportGTFS/gtfs.zip,e5ad020b79d0020625a4e8eb5428c2253a07705b71bfb809d8a3fa178032ce06,2,1,unresolved_duplicate_identical,"[{""fare_attribute_line"":846610,""fare_id"":""2010076-1-2-9"",""fare_rule_line"":861416,""price"":10.0},{""fare_attribute_line"":869721,""fare_id"":""2010076-1-2-17"",""fare_rule_line"":861424,""price"":10.0}]",unresolved,A,U,unresolved,official_json_routeSeq_exact_full_stop_pattern_plus_ordered_gtfs_stop_od,multiple_identical_source_records_no_default_selection
exact_route_sequence_ordered_stop_od,GMB,line_gmb_2010076,gmb_2010076_1,2010076,1,1,20007229,20003190,unspecified_in_source,unspecified_in_source,unspecified_in_source,unspecified_in_source,unspecified_in_source,,,,pt_fare,,,not_encoded_in_source_revision_cutoff_only,2026-07-14,2026-07-20,,"[""gtfs:fare_rules.txt:861561|fare_attributes.txt:869017|fare_id:2010076-1-9-21"",""gtfs:fare_rules.txt:861653|fare_attributes.txt:847408|fare_id:2010076-1-17-21""]",data/transit/hongkong/PublicTransportGTFS/gtfs.zip,e5ad020b79d0020625a4e8eb5428c2253a07705b71bfb809d8a3fa178032ce06,2,1,unresolved_duplicate_identical,"[{""fare_attribute_line"":869017,""fare_id"":""2010076-1-9-21"",""fare_rule_line"":861561,""price"":10.0},{""fare_attribute_line"":847408,""fare_id"":""2010076-1-17-21"",""fare_rule_line"":861653,""price"":10.0}]",unresolved,A,U,unresolved,official_json_routeSeq_exact_full_stop_pattern_plus_ordered_gtfs_stop_od,multiple_identical_source_records_no_default_selection
exact_route_sequence_ordered_stop_od,GMB,line_gmb_2010076,gmb_2010076_1,2010076,1,1,20007229,20007091,unspecified_in_source,unspecified_in_source,unspecified_in_source,unspecified_in_source,unspecified_in_source,,,,pt_fare,,,not_encoded_in_source_revision_cutoff_only,2026-07-14,2026-07-20,,"[""gtfs:fare_rules.txt:861565|fare_attributes.txt:869021|fare_id:2010076-1-9-25"",""gtfs:fare_rules.txt:861657|fare_attributes.txt:847412|fare_id:2010076-1-17-25""]",data/transit/hongkong/PublicTransportGTFS/gtfs.zip,e5ad020b79d0020625a4e8eb5428c2253a07705b71bfb809d8a3fa178032ce06,2,1,unresolved_duplicate_identical,"[{""fare_attribute_line"":869021,""fare_id"":""2010076-1-9-25"",""fare_rule_line"":861565,""price"":10.0},{""fare_attribute_line"":847412,""fare_id"":""2010076-1-17-25"",""fare_rule_line"":861657,""price"":10.0}]",unresolved,A,U,unresolved,official_json_routeSeq_exact_full_stop_pattern_plus_ordered_gtfs_stop_od,multiple_identical_source_records_no_default_selection
exact_route_sequence_ordered_stop_od,GMB,line_gmb_2010076,gmb_2010076_1,2010076,1,1,20007229,20007097,unspecified_in_source,unspecified_in_source,unspecified_in_source,unspecified_in_source,unspecified_in_source,,,,pt_fare,,,not_encoded_in_source_revision_cutoff_only,2026-07-14,2026-07-20,,"[""gtfs:fare_rules.txt:861564|fare_attributes.txt:869020|fare_id:2010076-1-9-24"",""gtfs:fare_rules.txt:861656|fare_attributes.txt:847411|fare_id:2010076-1-17-24""]",data/transit/hongkong/PublicTransportGTFS/gtfs.zip,e5ad020b79d0020625a4e8eb5428c2253a07705b71bfb809d8a3fa178032ce06,2,1,unresolved_duplicate_identical,"[{""fare_attribute_line"":869020,""fare_id"":""2010076-1-9-24"",""fare_rule_line"":861564,""price"":10.0},{""fare_attribute_line"":847411,""fare_id"":""2010076-1-17-24"",""fare_rule_line"":861656,""price"":10.0}]",unresolved,A,U,unresolved,official_json_routeSeq_exact_full_stop_pattern_plus_ordered_gtfs_stop_od,multiple_identical_source_records_no_default_selection
exact_route_sequence_ordered_stop_od,GMB,line_gmb_2010076,gmb_2010076_1,2010076,1,1,20007229,20007310,unspecified_in_source,unspecified_in_source,unspecified_in_source,unspecified_in_source,unspecified_in_source,,,,pt_fare,,,not_encoded_in_source_revision_cutoff_only,2026-07-14,2026-07-20,,"[""gtfs:fare_rules.txt:861563|fare_attributes.txt:869019|fare_id:2010076-1-9-23"",""gtfs:fare_rules.txt:861655|fare_attributes.txt:847410|fare_id:2010076-1-17-23""]",data/transit/hongkong/PublicTransportGTFS/gtfs.zip,e5ad020b79d0020625a4e8eb5428c2253a07705b71bfb809d8a3fa178032ce06,2,1,unresolved_duplicate_identical,"[{""fare_attribute_line"":869019,""fare_id"":""2010076-1-9-23"",""fare_rule_line"":861563,""price"":10.0},{""fare_attribute_line"":847410,""fare_id"":""2010076-1-17-23"",""fare_rule_line"":861655,""price"":10.0}]",unresolved,A,U,unresolved,official_json_routeSeq_exact_full_stop_pattern_plus_ordered_gtfs_stop_od,multiple_identical_source_records_no_default_selection
exact_route_sequence_ordered_stop_od,GMB,line_gmb_2010076,gmb_2010076_1,2010076,1,1,20007229,20009539,unspecified_in_source,unspecified_in_source,unspecified_in_source,unspecified_in_source,unspecified_in_source,,,,pt_fare,,,not_encoded_in_source_revision_cutoff_only,2026-07-14,2026-07-20,,"[""gtfs:fare_rules.txt:861562|fare_attributes.txt:869018|fare_id:2010076-1-9-22"",""gtfs:fare_rules.txt:861654|fare_attributes.txt:847409|fare_id:2010076-1-17-22""]",data/transit/hongkong/PublicTransportGTFS/gtfs.zip,e5ad020b79d0020625a4e8eb5428c2253a07705b71bfb809d8a3fa178032ce06,2,1,unresolved_duplicate_identical,"[{""fare_attribute_line"":869018,""fare_id"":""2010076-1-9-22"",""fare_rule_line"":861562,""price"":10.0},{""fare_attribute_line"":847409,""fare_id"":""2010076-1-17-22"",""fare_rule_line"":861654,""price"":10.0}]",unresolved,A,U,unresolved,official_json_routeSeq_exact_full_stop_pattern_plus_ordered_gtfs_stop_od,multiple_identical_source_records_no_default_selection
exact_route_sequence_ordered_stop_od,GMB,line_gmb_2010076,gmb_2010076_1,2010076,1,1,20007310,20006560,unspecified_in_source,unspecified_in_source,unspecified_in_source,unspecified_in_source,unspecified_in_source,,,,pt_fare,,,not_encoded_in_source_revision_cutoff_only,2026-07-14,2026-07-20,,"[""gtfs:fare_rules.txt:861435|fare_attributes.txt:846617|fare_id:2010076-1-3-6"",""gtfs:fare_rules.txt:861449|fare_attributes.txt:869736|fare_id:2010076-1-3-20""]",data/transit/hongkong/PublicTransportGTFS/gtfs.zip,e5ad020b79d0020625a4e8eb5428c2253a07705b71bfb809d8a3fa178032ce06,2,1,unresolved_duplicate_identical,"[{""fare_attribute_line"":846617,""fare_id"":""2010076-1-3-6"",""fare_rule_line"":861435,""price"":10.0},{""fare_attribute_line"":869736,""fare_id"":""2010076-1-3-20"",""fare_rule_line"":861449,""price"":10.0}]",unresolved,A,U,unresolved,official_json_routeSeq_exact_full_stop_pattern_plus_ordered_gtfs_stop_od,multiple_identical_source_records_no_default_selection
exact_route_sequence_ordered_stop_od,GMB,line_gmb_2010076,gmb_2010076_1,2010076,1,1,20007310,20007229,unspecified_in_source,unspecified_in_source,unspecified_in_source,unspecified_in_source,unspecified_in_source,,,,pt_fare,,,not_encoded_in_source_revision_cutoff_only,2026-07-14,2026-07-20,,"[""gtfs:fare_rules.txt:861438|fare_attributes.txt:846620|fare_id:2010076-1-3-9"",""gtfs:fare_rules.txt:861446|fare_attributes.txt:869733|fare_id:2010076-1-3-17""]",data/transit/hongkong/PublicTransportGTFS/gtfs.zip,e5ad020b79d0020625a4e8eb5428c2253a07705b71bfb809d8a3fa178032ce06,2,1,unresolved_duplicate_identical,"[{""fare_attribute_line"":846620,""fare_id"":""2010076-1-3-9"",""fare_rule_line"":861438,""price"":10.0},{""fare_attribute_line"":869733,""fare_id"":""2010076-1-3-17"",""fare_rule_line"":861446,""price"":10.0}]",unresolved,A,U,unresolved,official_json_routeSeq_exact_full_stop_pattern_plus_ordered_gtfs_stop_od,multiple_identical_source_records_no_default_selection
exact_route_sequence_ordered_stop_od,GMB,line_gmb_2010076,gmb_2010076_1,2010076,1,1,20009539,20006560,unspecified_in_source,unspecified_in_source,unspecified_in_source,unspecified_in_source,unspecified_in_source,,,,pt_fare,,,not_encoded_in_source_revision_cutoff_only,2026-07-14,2026-07-20,,"[""gtfs:fare_rules.txt:861456|fare_attributes.txt:847319|fare_id:2010076-1-4-6"",""gtfs:fare_rules.txt:861470|fare_attributes.txt:869748|fare_id:2010076-1-4-20""]",data/transit/hongkong/PublicTransportGTFS/gtfs.zip,e5ad020b79d0020625a4e8eb5428c2253a07705b71bfb809d8a3fa178032ce06,2,1,unresolved_duplicate_identical,"[{""fare_attribute_line"":847319,""fare_id"":""2010076-1-4-6"",""fare_rule_line"":861456,""price"":10.0},{""fare_attribute_line"":869748,""fare_id"":""2010076-1-4-20"",""fare_rule_line"":861470,""price"":10.0}]",unresolved,A,U,unresolved,official_json_routeSeq_exact_full_stop_pattern_plus_ordered_gtfs_stop_od,multiple_identical_source_records_no_default_selection
exact_route_sequence_ordered_stop_od,GMB,line_gmb_2010076,gmb_2010076_1,2010076,1,1,20009539,20007229,unspecified_in_source,unspecified_in_source,unspecified_in_source,unspecified_in_source,unspecified_in_source,,,,pt_fare,,,not_encoded_in_source_revision_cutoff_only,2026-07-14,2026-07-20,,"[""gtfs:fare_rules.txt:861459|fare_attributes.txt:847322|fare_id:2010076-1-4-9"",""gtfs:fare_rules.txt:861467|fare_attributes.txt:869745|fare_id:2010076-1-4-17""]",data/transit/hongkong/PublicTransportGTFS/gtfs.zip,e5ad020b79d0020625a4e8eb5428c2253a07705b71bfb809d8a3fa178032ce06,2,1,unresolved_duplicate_identical,"[{""fare_attribute_line"":847322,""fare_id"":""2010076-1-4-9"",""fare_rule_line"":861459,""price"":10.0},{""fare_attribute_line"":869745,""fare_id"":""2010076-1-4-17"",""fare_rule_line"":861467,""price"":10.0}]",unresolved,A,U,unresolved,official_json_routeSeq_exact_full_stop_pattern_plus_ordered_gtfs_stop_od,multiple_identical_source_records_no_default_selection
exact_route_sequence_ordered_stop_od,GMB,line_gmb_2010698,gmb_2010698_2,2010698,2,2,20000923,20021316,unspecified_in_source,unspecified_in_source,unspecified_in_source,unspecified_in_source,unspecified_in_source,,,,pt_fare,,,not_encoded_in_source_revision_cutoff_only,2026-07-14,2026-07-20,,"[""gtfs:fare_rules.txt:866208|fare_attributes.txt:850771|fare_id:2010698-2-6-15"",""gtfs:fare_rules.txt:866219|fare_attributes.txt:849990|fare_id:2010698-2-6-26""]",data/transit/hongkong/PublicTransportGTFS/gtfs.zip,e5ad020b79d0020625a4e8eb5428c2253a07705b71bfb809d8a3fa178032ce06,2,1,unresolved_duplicate_identical,"[{""fare_attribute_line"":850771,""fare_id"":""2010698-2-6-15"",""fare_rule_line"":866208,""price"":13.0},{""fare_attribute_line"":849990,""fare_id"":""2010698-2-6-26"",""fare_rule_line"":866219,""price"":13.0}]",unresolved,A,U,unresolved,official_json_routeSeq_exact_full_stop_pattern_plus_ordered_gtfs_stop_od,multiple_identical_source_records_no_default_selection
exact_route_sequence_ordered_stop_od,GMB,line_gmb_2010698,gmb_2010698_2,2010698,2,2,20001058,20021316,unspecified_in_source,unspecified_in_source,unspecified_in_source,unspecified_in_source,unspecified_in_source,,,,pt_fare,,,not_encoded_in_source_revision_cutoff_only,2026-07-14,2026-07-20,,"[""gtfs:fare_rules.txt:866227|fare_attributes.txt:849998|fare_id:2010698-2-7-15"",""gtfs:fare_rules.txt:866238|fare_attributes.txt:850009|fare_id:2010698-2-7-26""]",data/transit/hongkong/PublicTransportGTFS/gtfs.zip,e5ad020b79d0020625a4e8eb5428c2253a07705b71bfb809d8a3fa178032ce06,2,1,unresolved_duplicate_identical,"[{""fare_attribute_line"":849998,""fare_id"":""2010698-2-7-15"",""fare_rule_line"":866227,""price"":13.0},{""fare_attribute_line"":850009,""fare_id"":""2010698-2-7-26"",""fare_rule_line"":866238,""price"":13.0}]",unresolved,A,U,unresolved,official_json_routeSeq_exact_full_stop_pattern_plus_ordered_gtfs_stop_od,multiple_identical_source_records_no_default_selection
exact_route_sequence_ordered_stop_od,GMB,line_gmb_2010698,gmb_2010698_2,2010698,2,2,20003011,20021316,unspecified_in_source,unspecified_in_source,unspecified_in_source,unspecified_in_source,unspecified_in_source,,,,pt_fare,,,not_encoded_in_source_revision_cutoff_only,2026-07-14,2026-07-20,,"[""gtfs:fare_rules.txt:866098|fare_attributes.txt:849968|fare_id:2010698-2-1-15"",""gtfs:fare_rules.txt:866109|fare_attributes.txt:849979|fare_id:2010698-2-1-26""]",data/transit/hongkong/PublicTransportGTFS/gtfs.zip,e5ad020b79d0020625a4e8eb5428c2253a07705b71bfb809d8a3fa178032ce06,2,1,unresolved_duplicate_identical,"[{""fare_attribute_line"":849968,""fare_id"":""2010698-2-1-15"",""fare_rule_line"":866098,""price"":13.0},{""fare_attribute_line"":849979,""fare_id"":""2010698-2-1-26"",""fare_rule_line"":866109,""price"":13.0}]",unresolved,A,U,unresolved,official_json_routeSeq_exact_full_stop_pattern_plus_ordered_gtfs_stop_od,multiple_identical_source_records_no_default_selection
exact_route_sequence_ordered_stop_od,GMB,line_gmb_2010698,gmb_2010698_2,2010698,2,2,20007874,20021316,unspecified_in_source,unspecified_in_source,unspecified_in_source,unspecified_in_source,unspecified_in_source,,,,pt_fare,,,not_encoded_in_source_revision_cutoff_only,2026-07-14,2026-07-20,,"[""gtfs:fare_rules.txt:866262|fare_attributes.txt:850033|fare_id:2010698-2-9-15"",""gtfs:fare_rules.txt:866273|fare_attributes.txt:850044|fare_id:2010698-2-9-26""]",data/transit/hongkong/PublicTransportGTFS/gtfs.zip,e5ad020b79d0020625a4e8eb5428c2253a07705b71bfb809d8a3fa178032ce06,2,1,unresolved_duplicate_identical,"[{""fare_attribute_line"":850033,""fare_id"":""2010698-2-9-15"",""fare_rule_line"":866262,""price"":6.0},{""fare_attribute_line"":850044,""fare_id"":""2010698-2-9-26"",""fare_rule_line"":866273,""price"":6.0}]",unresolved,A,U,unresolved,official_json_routeSeq_exact_full_stop_pattern_plus_ordered_gtfs_stop_od,multiple_identical_source_records_no_default_selection
exact_route_sequence_ordered_stop_od,GMB,line_gmb_2010698,gmb_2010698_2,2010698,2,2,20008514,20021316,unspecified_in_source,unspecified_in_source,unspecified_in_source,unspecified_in_source,unspecified_in_source,,,,pt_fare,,,not_encoded_in_source_revision_cutoff_only,2026-07-14,2026-07-20,,"[""gtfs:fare_rules.txt:866188|fare_attributes.txt:850751|fare_id:2010698-2-5-15"",""gtfs:fare_rules.txt:866199|fare_attributes.txt:850762|fare_id:2010698-2-5-26""]",data/transit/hongkong/PublicTransportGTFS/gtfs.zip,e5ad020b79d0020625a4e8eb5428c2253a07705b71bfb809d8a3fa178032ce06,2,1,unresolved_duplicate_identical,"[{""fare_attribute_line"":850751,""fare_id"":""2010698-2-5-15"",""fare_rule_line"":866188,""price"":13.0},{""fare_attribute_line"":850762,""fare_id"":""2010698-2-5-26"",""fare_rule_line"":866199,""price"":13.0}]",unresolved,A,U,unresolved,official_json_routeSeq_exact_full_stop_pattern_plus_ordered_gtfs_stop_od,multiple_identical_source_records_no_default_selection
exact_route_sequence_ordered_stop_od,GMB,line_gmb_2010698,gmb_2010698_2,2010698,2,2,20015071,20021316,unspecified_in_source,unspecified_in_source,unspecified_in_source,unspecified_in_source,unspecified_in_source,,,,pt_fare,,,not_encoded_in_source_revision_cutoff_only,2026-07-14,2026-07-20,,"[""gtfs:fare_rules.txt:866320|fare_attributes.txt:850784|fare_id:2010698-2-13-15"",""gtfs:fare_rules.txt:866331|fare_attributes.txt:850795|fare_id:2010698-2-13-26""]",data/transit/hongkong/PublicTransportGTFS/gtfs.zip,e5ad020b79d0020625a4e8eb5428c2253a07705b71bfb809d8a3fa178032ce06,2,1,unresolved_duplicate_identical,"[{""fare_attribute_line"":850784,""fare_id"":""2010698-2-13-15"",""fare_rule_line"":866320,""price"":6.0},{""fare_attribute_line"":850795,""fare_id"":""2010698-2-13-26"",""fare_rule_line"":866331,""price"":6.0}]",unresolved,A,U,unresolved,official_json_routeSeq_exact_full_stop_pattern_plus_ordered_gtfs_stop_od,multiple_identical_source_records_no_default_selection
exact_route_sequence_ordered_stop_od,GMB,line_gmb_2010698,gmb_2010698_2,2010698,2,2,20017165,20021316,unspecified_in_source,unspecified_in_source,unspecified_in_source,unspecified_in_source,unspecified_in_source,,,,pt_fare,,,not_encoded_in_source_revision_cutoff_only,2026-07-14,2026-07-20,,"[""gtfs:fare_rules.txt:866145|fare_attributes.txt:850708|fare_id:2010698-2-3-15"",""gtfs:fare_rules.txt:866156|fare_attributes.txt:850719|fare_id:2010698-2-3-26""]",data/transit/hongkong/PublicTransportGTFS/gtfs.zip,e5ad020b79d0020625a4e8eb5428c2253a07705b71bfb809d8a3fa178032ce06,2,1,unresolved_duplicate_identical,"[{""fare_attribute_line"":850708,""fare_id"":""2010698-2-3-15"",""fare_rule_line"":866145,""price"":13.0},{""fare_attribute_line"":850719,""fare_id"":""2010698-2-3-26"",""fare_rule_line"":866156,""price"":13.0}]",unresolved,A,U,unresolved,official_json_routeSeq_exact_full_stop_pattern_plus_ordered_gtfs_stop_od,multiple_identical_source_records_no_default_selection
exact_route_sequence_ordered_stop_od,GMB,line_gmb_2010698,gmb_2010698_2,2010698,2,2,20021321,20021316,unspecified_in_source,unspecified_in_source,unspecified_in_source,unspecified_in_source,unspecified_in_source,,,,pt_fare,,,not_encoded_in_source_revision_cutoff_only,2026-07-14,2026-07-20,,"[""gtfs:fare_rules.txt:866122|fare_attributes.txt:850685|fare_id:2010698-2-2-15"",""gtfs:fare_rules.txt:866133|fare_attributes.txt:850696|fare_id:2010698-2-2-26""]",data/transit/hongkong/PublicTransportGTFS/gtfs.zip,e5ad020b79d0020625a4e8eb5428c2253a07705b71bfb809d8a3fa178032ce06,2,1,unresolved_duplicate_identical,"[{""fare_attribute_line"":850685,""fare_id"":""2010698-2-2-15"",""fare_rule_line"":866122,""price"":13.0},{""fare_attribute_line"":850696,""fare_id"":""2010698-2-2-26"",""fare_rule_line"":866133,""price"":13.0}]",unresolved,A,U,unresolved,official_json_routeSeq_exact_full_stop_pattern_plus_ordered_gtfs_stop_od,multiple_identical_source_records_no_default_selection
exact_route_sequence_ordered_stop_od,GMB,line_gmb_2010698,gmb_2010698_2,2010698,2,2,20021322,20021316,unspecified_in_source,unspecified_in_source,unspecified_in_source,unspecified_in_source,unspecified_in_source,,,,pt_fare,,,not_encoded_in_source_revision_cutoff_only,2026-07-14,2026-07-20,,"[""gtfs:fare_rules.txt:866167|fare_attributes.txt:850730|fare_id:2010698-2-4-15"",""gtfs:fare_rules.txt:866178|fare_attributes.txt:850741|fare_id:2010698-2-4-26""]",data/transit/hongkong/PublicTransportGTFS/gtfs.zip,e5ad020b79d0020625a4e8eb5428c2253a07705b71bfb809d8a3fa178032ce06,2,1,unresolved_duplicate_identical,"[{""fare_attribute_line"":850730,""fare_id"":""2010698-2-4-15"",""fare_rule_line"":866167,""price"":13.0},{""fare_attribute_line"":850741,""fare_id"":""2010698-2-4-26"",""fare_rule_line"":866178,""price"":13.0}]",unresolved,A,U,unresolved,official_json_routeSeq_exact_full_stop_pattern_plus_ordered_gtfs_stop_od,multiple_identical_source_records_no_default_selection
exact_route_sequence_ordered_stop_od,GMB,line_gmb_2010698,gmb_2010698_2,2010698,2,2,20021324,20021316,unspecified_in_source,unspecified_in_source,unspecified_in_source,unspecified_in_source,unspecified_in_source,,,,pt_fare,,,not_encoded_in_source_revision_cutoff_only,2026-07-14,2026-07-20,,"[""gtfs:fare_rules.txt:866245|fare_attributes.txt:850016|fare_id:2010698-2-8-15"",""gtfs:fare_rules.txt:866256|fare_attributes.txt:850027|fare_id:2010698-2-8-26""]",data/transit/hongkong/PublicTransportGTFS/gtfs.zip,e5ad020b79d0020625a4e8eb5428c2253a07705b71bfb809d8a3fa178032ce06,2,1,unresolved_duplicate_identical,"[{""fare_attribute_line"":850016,""fare_id"":""2010698-2-8-15"",""fare_rule_line"":866245,""price"":6.0},{""fare_attribute_line"":850027,""fare_id"":""2010698-2-8-26"",""fare_rule_line"":866256,""price"":6.0}]",unresolved,A,U,unresolved,official_json_routeSeq_exact_full_stop_pattern_plus_ordered_gtfs_stop_od,multiple_identical_source_records_no_default_selection
exact_route_sequence_ordered_stop_od,GMB,line_gmb_2010698,gmb_2010698_2,2010698,2,2,20021325,20021316,unspecified_in_source,unspecified_in_source,unspecified_in_source,unspecified_in_source,unspecified_in_source,,,,pt_fare,,,not_encoded_in_source_revision_cutoff_only,2026-07-14,2026-07-20,,"[""gtfs:fare_rules.txt:866278|fare_attributes.txt:850049|fare_id:2010698-2-10-15"",""gtfs:fare_rules.txt:866289|fare_attributes.txt:850060|fare_id:2010698-2-10-26""]",data/transit/hongkong/PublicTransportGTFS/gtfs.zip,e5ad020b79d0020625a4e8eb5428c2253a07705b71bfb809d8a3fa178032ce06,2,1,unresolved_duplicate_identical,"[{""fare_attribute_line"":850049,""fare_id"":""2010698-2-10-15"",""fare_rule_line"":866278,""price"":6.0},{""fare_attribute_line"":850060,""fare_id"":""2010698-2-10-26"",""fare_rule_line"":866289,""price"":6.0}]",unresolved,A,U,unresolved,official_json_routeSeq_exact_full_stop_pattern_plus_ordered_gtfs_stop_od,multiple_identical_source_records_no_default_selection
exact_route_sequence_ordered_stop_od,GMB,line_gmb_2010698,gmb_2010698_2,2010698,2,2,20021326,20021316,unspecified_in_source,unspecified_in_source,unspecified_in_source,unspecified_in_source,unspecified_in_source,,,,pt_fare,,,not_encoded_in_source_revision_cutoff_only,2026-07-14,2026-07-20,,"[""gtfs:fare_rules.txt:866293|fare_attributes.txt:850064|fare_id:2010698-2-11-15"",""gtfs:fare_rules.txt:866304|fare_attributes.txt:850075|fare_id:2010698-2-11-26""]",data/transit/hongkong/PublicTransportGTFS/gtfs.zip,e5ad020b79d0020625a4e8eb5428c2253a07705b71bfb809d8a3fa178032ce06,2,1,unresolved_duplicate_identical,"[{""fare_attribute_line"":850064,""fare_id"":""2010698-2-11-15"",""fare_rule_line"":866293,""price"":6.0},{""fare_attribute_line"":850075,""fare_id"":""2010698-2-11-26"",""fare_rule_line"":866304,""price"":6.0}]",unresolved,A,U,unresolved,official_json_routeSeq_exact_full_stop_pattern_plus_ordered_gtfs_stop_od,multiple_identical_source_records_no_default_selection
exact_route_sequence_ordered_stop_od,GMB,line_gmb_2010698,gmb_2010698_2,2010698,2,2,20021327,20021316,unspecified_in_source,unspecified_in_source,unspecified_in_source,unspecified_in_source,unspecified_in_source,,,,pt_fare,,,not_encoded_in_source_revision_cutoff_only,2026-07-14,2026-07-20,,"[""gtfs:fare_rules.txt:866307|fare_attributes.txt:850078|fare_id:2010698-2-12-15"",""gtfs:fare_rules.txt:866318|fare_attributes.txt:850782|fare_id:2010698-2-12-26""]",data/transit/hongkong/PublicTransportGTFS/gtfs.zip,e5ad020b79d0020625a4e8eb5428c2253a07705b71bfb809d8a3fa178032ce06,2,1,unresolved_duplicate_identical,"[{""fare_attribute_line"":850078,""fare_id"":""2010698-2-12-15"",""fare_rule_line"":866307,""price"":6.0},{""fare_attribute_line"":850782,""fare_id"":""2010698-2-12-26"",""fare_rule_line"":866318,""price"":6.0}]",unresolved,A,U,unresolved,official_json_routeSeq_exact_full_stop_pattern_plus_ordered_gtfs_stop_od,multiple_identical_source_records_no_default_selection
exact_route_sequence_ordered_stop_od,GMB,line_gmb_2010698,gmb_2010698_2,2010698,2,2,20021328,20021316,unspecified_in_source,unspecified_in_source,unspecified_in_source,unspecified_in_source,unspecified_in_source,,,,pt_fare,,,not_encoded_in_source_revision_cutoff_only,2026-07-14,2026-07-20,,"[""gtfs:fare_rules.txt:866332|fare_attributes.txt:850796|fare_id:2010698-2-14-15"",""gtfs:fare_rules.txt:866343|fare_attributes.txt:850807|fare_id:2010698-2-14-26""]",data/transit/hongkong/PublicTransportGTFS/gtfs.zip,e5ad020b79d0020625a4e8eb5428c2253a07705b71bfb809d8a3fa178032ce06,2,1,unresolved_duplicate_identical,"[{""fare_attribute_line"":850796,""fare_id"":""2010698-2-14-15"",""fare_rule_line"":866332,""price"":6.0},{""fare_attribute_line"":850807,""fare_id"":""2010698-2-14-26"",""fare_rule_line"":866343,""price"":6.0}]",unresolved,A,U,unresolved,official_json_routeSeq_exact_full_stop_pattern_plus_ordered_gtfs_stop_od,multiple_identical_source_records_no_default_selection
exact_route_sequence_ordered_stop_od,GMB,line_gmb_2010798,gmb_2010798_1,2010798,1,1,20021388,20021398,unspecified_in_source,unspecified_in_source,unspecified_in_source,unspecified_in_source,unspecified_in_source,,,,pt_fare,,,not_encoded_in_source_revision_cutoff_only,2026-07-14,2026-07-20,,"[""gtfs:fare_rules.txt:867898|fare_attributes.txt:852136|fare_id:2010798-1-2-3"",""gtfs:fare_rules.txt:867909|fare_attributes.txt:870580|fare_id:2010798-1-2-14""]",data/transit/hongkong/PublicTransportGTFS/gtfs.zip,e5ad020b79d0020625a4e8eb5428c2253a07705b71bfb809d8a3fa178032ce06,2,1,unresolved_duplicate_identical,"[{""fare_attribute_line"":852136,""fare_id"":""2010798-1-2-3"",""fare_rule_line"":867898,""price"":6.1},{""fare_attribute_line"":870580,""fare_id"":""2010798-1-2-14"",""fare_rule_line"":867909,""price"":6.1}]",unresolved,A,U,unresolved,official_json_routeSeq_exact_full_stop_pattern_plus_ordered_gtfs_stop_od,multiple_identical_source_records_no_default_selection
exact_route_sequence_ordered_stop_od,GMB,line_gmb_2010798,gmb_2010798_1,2010798,1,1,20021398,20021399,unspecified_in_source,unspecified_in_source,unspecified_in_source,unspecified_in_source,unspecified_in_source,,,,pt_fare,,,not_encoded_in_source_revision_cutoff_only,2026-07-14,2026-07-20,,"[""gtfs:fare_rules.txt:867922|fare_attributes.txt:870588|fare_id:2010798-1-3-15"",""gtfs:fare_rules.txt:867988|fare_attributes.txt:851392|fare_id:2010798-1-14-15""]",data/transit/hongkong/PublicTransportGTFS/gtfs.zip,e5ad020b79d0020625a4e8eb5428c2253a07705b71bfb809d8a3fa178032ce06,2,1,unresolved_duplicate_identical,"[{""fare_attribute_line"":870588,""fare_id"":""2010798-1-3-15"",""fare_rule_line"":867922,""price"":6.1},{""fare_attribute_line"":851392,""fare_id"":""2010798-1-14-15"",""fare_rule_line"":867988,""price"":6.1}]",unresolved,A,U,unresolved,official_json_routeSeq_exact_full_stop_pattern_plus_ordered_gtfs_stop_od,multiple_identical_source_records_no_default_selection
exact_route_sequence_ordered_stop_od,GMB,line_gmb_2010798,gmb_2010798_1,2010798,1,1,20021399,20021398,unspecified_in_source,unspecified_in_source,unspecified_in_source,unspecified_in_source,unspecified_in_source,,,,pt_fare,,,not_encoded_in_source_revision_cutoff_only,2026-07-14,2026-07-20,,"[""gtfs:fare_rules.txt:867885|fare_attributes.txt:852130|fare_id:2010798-1-1-3"",""gtfs:fare_rules.txt:867896|fare_attributes.txt:871365|fare_id:2010798-1-1-14""]",data/transit/hongkong/PublicTransportGTFS/gtfs.zip,e5ad020b79d0020625a4e8eb5428c2253a07705b71bfb809d8a3fa178032ce06,2,1,unresolved_duplicate_identical,"[{""fare_attribute_line"":852130,""fare_id"":""2010798-1-1-3"",""fare_rule_line"":867885,""price"":6.1},{""fare_attribute_line"":871365,""fare_id"":""2010798-1-1-14"",""fare_rule_line"":867896,""price"":6.1}]",unresolved,A,U,unresolved,official_json_routeSeq_exact_full_stop_pattern_plus_ordered_gtfs_stop_od,multiple_identical_source_records_no_default_selection
