fare_scope,operator,matsim_line_id,matsim_route_id,official_route_id,official_route_sequence,official_direction,boarding_stop_id,alighting_stop_id,passenger_type,payment_medium,service_class,day_type,time_period,published_fare_hkd,currency,fare_amount_role,cost_component,cost_source,cost_effective_date,cost_effective_date_status,source_revision_cutoff_date,source_download_date,source_record_id,source_record_ids_json,source_file,source_sha256,candidate_count,distinct_amount_count,record_status,candidate_records_json,mapping_status,mapping_quality,cost_quality,cost_applicability_status,matching_method,unresolved_reason
exact_route_sequence_ordered_stop_od,GMB,line_gmb_2001194,gmb_2001194_1,2001194,1,1,20002474,20022867,unspecified_in_source,unspecified_in_source,unspecified_in_source,unspecified_in_source,unspecified_in_source,,,,pt_fare,,,not_encoded_in_source_revision_cutoff_only,2026-07-14,2026-07-20,,"[""gtfs:fare_rules.txt:782933|fare_attributes.txt:782170|fare_id:2001194-1-1-5"",""gtfs:fare_rules.txt:782951|fare_attributes.txt:856869|fare_id:2001194-1-1-23""]",data/transit/hongkong/PublicTransportGTFS/gtfs.zip,e5ad020b79d0020625a4e8eb5428c2253a07705b71bfb809d8a3fa178032ce06,2,2,ambiguous,"[{""fare_attribute_line"":782170,""fare_id"":""2001194-1-1-5"",""fare_rule_line"":782933,""price"":6.3},{""fare_attribute_line"":856869,""fare_id"":""2001194-1-1-23"",""fare_rule_line"":782951,""price"":7.8}]",ambiguous,A,U,unresolved,official_json_routeSeq_exact_full_stop_pattern_plus_ordered_gtfs_stop_od,conflicting_published_amounts
exact_route_sequence_ordered_stop_od,GMB,line_gmb_2001194,gmb_2001194_1,2001194,1,1,20002474,20023032,unspecified_in_source,unspecified_in_source,unspecified_in_source,unspecified_in_source,unspecified_in_source,,,,pt_fare,,,not_encoded_in_source_revision_cutoff_only,2026-07-14,2026-07-20,,"[""gtfs:fare_rules.txt:782932|fare_attributes.txt:782169|fare_id:2001194-1-1-4"",""gtfs:fare_rules.txt:782950|fare_attributes.txt:856868|fare_id:2001194-1-1-22""]",data/transit/hongkong/PublicTransportGTFS/gtfs.zip,e5ad020b79d0020625a4e8eb5428c2253a07705b71bfb809d8a3fa178032ce06,2,2,ambiguous,"[{""fare_attribute_line"":782169,""fare_id"":""2001194-1-1-4"",""fare_rule_line"":782932,""price"":6.3},{""fare_attribute_line"":856868,""fare_id"":""2001194-1-1-22"",""fare_rule_line"":782950,""price"":7.8}]",ambiguous,A,U,unresolved,official_json_routeSeq_exact_full_stop_pattern_plus_ordered_gtfs_stop_od,conflicting_published_amounts
exact_route_sequence_ordered_stop_od,GMB,line_gmb_2001194,gmb_2001194_1,2001194,1,1,20007541,20022867,unspecified_in_source,unspecified_in_source,unspecified_in_source,unspecified_in_source,unspecified_in_source,,,,pt_fare,,,not_encoded_in_source_revision_cutoff_only,2026-07-14,2026-07-20,,"[""gtfs:fare_rules.txt:782957|fare_attributes.txt:781392|fare_id:2001194-1-2-5"",""gtfs:fare_rules.txt:782975|fare_attributes.txt:856879|fare_id:2001194-1-2-23""]",data/transit/hongkong/PublicTransportGTFS/gtfs.zip,e5ad020b79d0020625a4e8eb5428c2253a07705b71bfb809d8a3fa178032ce06,2,2,ambiguous,"[{""fare_attribute_line"":781392,""fare_id"":""2001194-1-2-5"",""fare_rule_line"":782957,""price"":6.3},{""fare_attribute_line"":856879,""fare_id"":""2001194-1-2-23"",""fare_rule_line"":782975,""price"":7.8}]",ambiguous,A,U,unresolved,official_json_routeSeq_exact_full_stop_pattern_plus_ordered_gtfs_stop_od,conflicting_published_amounts
exact_route_sequence_ordered_stop_od,GMB,line_gmb_2001194,gmb_2001194_1,2001194,1,1,20007541,20023032,unspecified_in_source,unspecified_in_source,unspecified_in_source,unspecified_in_source,unspecified_in_source,,,,pt_fare,,,not_encoded_in_source_revision_cutoff_only,2026-07-14,2026-07-20,,"[""gtfs:fare_rules.txt:782956|fare_attributes.txt:781391|fare_id:2001194-1-2-4"",""gtfs:fare_rules.txt:782974|fare_attributes.txt:856878|fare_id:2001194-1-2-22""]",data/transit/hongkong/PublicTransportGTFS/gtfs.zip,e5ad020b79d0020625a4e8eb5428c2253a07705b71bfb809d8a3fa178032ce06,2,2,ambiguous,"[{""fare_attribute_line"":781391,""fare_id"":""2001194-1-2-4"",""fare_rule_line"":782956,""price"":6.3},{""fare_attribute_line"":856878,""fare_id"":""2001194-1-2-22"",""fare_rule_line"":782974,""price"":7.8}]",ambiguous,A,U,unresolved,official_json_routeSeq_exact_full_stop_pattern_plus_ordered_gtfs_stop_od,conflicting_published_amounts
exact_route_sequence_ordered_stop_od,GMB,line_gmb_2001194,gmb_2001194_1,2001194,1,1,20007542,20022867,unspecified_in_source,unspecified_in_source,unspecified_in_source,unspecified_in_source,unspecified_in_source,,,,pt_fare,,,not_encoded_in_source_revision_cutoff_only,2026-07-14,2026-07-20,,"[""gtfs:fare_rules.txt:782980|fare_attributes.txt:781405|fare_id:2001194-1-3-5"",""gtfs:fare_rules.txt:782998|fare_attributes.txt:856889|fare_id:2001194-1-3-23""]",data/transit/hongkong/PublicTransportGTFS/gtfs.zip,e5ad020b79d0020625a4e8eb5428c2253a07705b71bfb809d8a3fa178032ce06,2,2,ambiguous,"[{""fare_attribute_line"":781405,""fare_id"":""2001194-1-3-5"",""fare_rule_line"":782980,""price"":6.3},{""fare_attribute_line"":856889,""fare_id"":""2001194-1-3-23"",""fare_rule_line"":782998,""price"":7.8}]",ambiguous,A,U,unresolved,official_json_routeSeq_exact_full_stop_pattern_plus_ordered_gtfs_stop_od,conflicting_published_amounts
exact_route_sequence_ordered_stop_od,GMB,line_gmb_2001194,gmb_2001194_1,2001194,1,1,20007542,20023032,unspecified_in_source,unspecified_in_source,unspecified_in_source,unspecified_in_source,unspecified_in_source,,,,pt_fare,,,not_encoded_in_source_revision_cutoff_only,2026-07-14,2026-07-20,,"[""gtfs:fare_rules.txt:782979|fare_attributes.txt:781404|fare_id:2001194-1-3-4"",""gtfs:fare_rules.txt:782997|fare_attributes.txt:856888|fare_id:2001194-1-3-22""]",data/transit/hongkong/PublicTransportGTFS/gtfs.zip,e5ad020b79d0020625a4e8eb5428c2253a07705b71bfb809d8a3fa178032ce06,2,2,ambiguous,"[{""fare_attribute_line"":781404,""fare_id"":""2001194-1-3-4"",""fare_rule_line"":782979,""price"":6.3},{""fare_attribute_line"":856888,""fare_id"":""2001194-1-3-22"",""fare_rule_line"":782997,""price"":7.8}]",ambiguous,A,U,unresolved,official_json_routeSeq_exact_full_stop_pattern_plus_ordered_gtfs_stop_od,conflicting_published_amounts
exact_route_sequence_ordered_stop_od,GMB,line_gmb_2001194,gmb_2001194_1,2001194,1,1,20022867,20002474,unspecified_in_source,unspecified_in_source,unspecified_in_source,unspecified_in_source,unspecified_in_source,,,,pt_fare,,,not_encoded_in_source_revision_cutoff_only,2026-07-14,2026-07-20,,"[""gtfs:fare_rules.txt:783044|fare_attributes.txt:856912|fare_id:2001194-1-5-26"",""gtfs:fare_rules.txt:783251|fare_attributes.txt:782239|fare_id:2001194-1-23-26""]",data/transit/hongkong/PublicTransportGTFS/gtfs.zip,e5ad020b79d0020625a4e8eb5428c2253a07705b71bfb809d8a3fa178032ce06,2,2,ambiguous,"[{""fare_attribute_line"":856912,""fare_id"":""2001194-1-5-26"",""fare_rule_line"":783044,""price"":7.8},{""fare_attribute_line"":782239,""fare_id"":""2001194-1-23-26"",""fare_rule_line"":783251,""price"":6.3}]",ambiguous,A,U,unresolved,official_json_routeSeq_exact_full_stop_pattern_plus_ordered_gtfs_stop_od,conflicting_published_amounts
exact_route_sequence_ordered_stop_od,GMB,line_gmb_2001194,gmb_2001194_1,2001194,1,1,20022867,20003179,unspecified_in_source,unspecified_in_source,unspecified_in_source,unspecified_in_source,unspecified_in_source,,,,pt_fare,,,not_encoded_in_source_revision_cutoff_only,2026-07-14,2026-07-20,,"[""gtfs:fare_rules.txt:783043|fare_attributes.txt:856911|fare_id:2001194-1-5-25"",""gtfs:fare_rules.txt:783250|fare_attributes.txt:782238|fare_id:2001194-1-23-25""]",data/transit/hongkong/PublicTransportGTFS/gtfs.zip,e5ad020b79d0020625a4e8eb5428c2253a07705b71bfb809d8a3fa178032ce06,2,2,ambiguous,"[{""fare_attribute_line"":856911,""fare_id"":""2001194-1-5-25"",""fare_rule_line"":783043,""price"":7.8},{""fare_attribute_line"":782238,""fare_id"":""2001194-1-23-25"",""fare_rule_line"":783250,""price"":6.3}]",ambiguous,A,U,unresolved,official_json_routeSeq_exact_full_stop_pattern_plus_ordered_gtfs_stop_od,conflicting_published_amounts
exact_route_sequence_ordered_stop_od,GMB,line_gmb_2001194,gmb_2001194_1,2001194,1,1,20022867,20007543,unspecified_in_source,unspecified_in_source,unspecified_in_source,unspecified_in_source,unspecified_in_source,,,,pt_fare,,,not_encoded_in_source_revision_cutoff_only,2026-07-14,2026-07-20,,"[""gtfs:fare_rules.txt:783042|fare_attributes.txt:856910|fare_id:2001194-1-5-24"",""gtfs:fare_rules.txt:783249|fare_attributes.txt:782237|fare_id:2001194-1-23-24""]",data/transit/hongkong/PublicTransportGTFS/gtfs.zip,e5ad020b79d0020625a4e8eb5428c2253a07705b71bfb809d8a3fa178032ce06,2,2,ambiguous,"[{""fare_attribute_line"":856910,""fare_id"":""2001194-1-5-24"",""fare_rule_line"":783042,""price"":7.8},{""fare_attribute_line"":782237,""fare_id"":""2001194-1-23-24"",""fare_rule_line"":783249,""price"":6.3}]",ambiguous,A,U,unresolved,official_json_routeSeq_exact_full_stop_pattern_plus_ordered_gtfs_stop_od,conflicting_published_amounts
exact_route_sequence_ordered_stop_od,GMB,line_gmb_2001194,gmb_2001194_1,2001194,1,1,20023032,20002474,unspecified_in_source,unspecified_in_source,unspecified_in_source,unspecified_in_source,unspecified_in_source,,,,pt_fare,,,not_encoded_in_source_revision_cutoff_only,2026-07-14,2026-07-20,,"[""gtfs:fare_rules.txt:783023|fare_attributes.txt:856902|fare_id:2001194-1-4-26"",""gtfs:fare_rules.txt:783248|fare_attributes.txt:782236|fare_id:2001194-1-22-26""]",data/transit/hongkong/PublicTransportGTFS/gtfs.zip,e5ad020b79d0020625a4e8eb5428c2253a07705b71bfb809d8a3fa178032ce06,2,2,ambiguous,"[{""fare_attribute_line"":856902,""fare_id"":""2001194-1-4-26"",""fare_rule_line"":783023,""price"":7.8},{""fare_attribute_line"":782236,""fare_id"":""2001194-1-22-26"",""fare_rule_line"":783248,""price"":6.3}]",ambiguous,A,U,unresolved,official_json_routeSeq_exact_full_stop_pattern_plus_ordered_gtfs_stop_od,conflicting_published_amounts
exact_route_sequence_ordered_stop_od,GMB,line_gmb_2001194,gmb_2001194_1,2001194,1,1,20023032,20003179,unspecified_in_source,unspecified_in_source,unspecified_in_source,unspecified_in_source,unspecified_in_source,,,,pt_fare,,,not_encoded_in_source_revision_cutoff_only,2026-07-14,2026-07-20,,"[""gtfs:fare_rules.txt:783022|fare_attributes.txt:856901|fare_id:2001194-1-4-25"",""gtfs:fare_rules.txt:783247|fare_attributes.txt:782235|fare_id:2001194-1-22-25""]",data/transit/hongkong/PublicTransportGTFS/gtfs.zip,e5ad020b79d0020625a4e8eb5428c2253a07705b71bfb809d8a3fa178032ce06,2,2,ambiguous,"[{""fare_attribute_line"":856901,""fare_id"":""2001194-1-4-25"",""fare_rule_line"":783022,""price"":7.8},{""fare_attribute_line"":782235,""fare_id"":""2001194-1-22-25"",""fare_rule_line"":783247,""price"":6.3}]",ambiguous,A,U,unresolved,official_json_routeSeq_exact_full_stop_pattern_plus_ordered_gtfs_stop_od,conflicting_published_amounts
exact_route_sequence_ordered_stop_od,GMB,line_gmb_2001194,gmb_2001194_1,2001194,1,1,20023032,20007543,unspecified_in_source,unspecified_in_source,unspecified_in_source,unspecified_in_source,unspecified_in_source,,,,pt_fare,,,not_encoded_in_source_revision_cutoff_only,2026-07-14,2026-07-20,,"[""gtfs:fare_rules.txt:783021|fare_attributes.txt:856900|fare_id:2001194-1-4-24"",""gtfs:fare_rules.txt:783246|fare_attributes.txt:782234|fare_id:2001194-1-22-24""]",data/transit/hongkong/PublicTransportGTFS/gtfs.zip,e5ad020b79d0020625a4e8eb5428c2253a07705b71bfb809d8a3fa178032ce06,2,2,ambiguous,"[{""fare_attribute_line"":856900,""fare_id"":""2001194-1-4-24"",""fare_rule_line"":783021,""price"":7.8},{""fare_attribute_line"":782234,""fare_id"":""2001194-1-22-24"",""fare_rule_line"":783246,""price"":6.3}]",ambiguous,A,U,unresolved,official_json_routeSeq_exact_full_stop_pattern_plus_ordered_gtfs_stop_od,conflicting_published_amounts
exact_route_sequence_ordered_stop_od,GMB,line_gmb_2001194,gmb_2001194_1,2001194,1,1,20023032,20022867,unspecified_in_source,unspecified_in_source,unspecified_in_source,unspecified_in_source,unspecified_in_source,,,,pt_fare,,,not_encoded_in_source_revision_cutoff_only,2026-07-14,2026-07-20,,"[""gtfs:fare_rules.txt:783002|fare_attributes.txt:781417|fare_id:2001194-1-4-5"",""gtfs:fare_rules.txt:783020|fare_attributes.txt:856899|fare_id:2001194-1-4-23"",""gtfs:fare_rules.txt:783245|fare_attributes.txt:782233|fare_id:2001194-1-22-23""]",data/transit/hongkong/PublicTransportGTFS/gtfs.zip,e5ad020b79d0020625a4e8eb5428c2253a07705b71bfb809d8a3fa178032ce06,3,2,ambiguous,"[{""fare_attribute_line"":781417,""fare_id"":""2001194-1-4-5"",""fare_rule_line"":783002,""price"":6.3},{""fare_attribute_line"":856899,""fare_id"":""2001194-1-4-23"",""fare_rule_line"":783020,""price"":7.8},{""fare_attribute_line"":782233,""fare_id"":""2001194-1-22-23"",""fare_rule_line"":783245,""price"":6.3}]",ambiguous,A,U,unresolved,official_json_routeSeq_exact_full_stop_pattern_plus_ordered_gtfs_stop_od,conflicting_published_amounts
exact_route_sequence_ordered_stop_od,GMB,line_gmb_2001231,gmb_2001231_1,2001231,1,1,20001231,20008085,unspecified_in_source,unspecified_in_source,unspecified_in_source,unspecified_in_source,unspecified_in_source,,,,pt_fare,,,not_encoded_in_source_revision_cutoff_only,2026-07-14,2026-07-20,,"[""gtfs:fare_rules.txt:783726|fare_attributes.txt:782398|fare_id:2001231-1-1-4"",""gtfs:fare_rules.txt:783745|fare_attributes.txt:856248|fare_id:2001231-1-1-23""]",data/transit/hongkong/PublicTransportGTFS/gtfs.zip,e5ad020b79d0020625a4e8eb5428c2253a07705b71bfb809d8a3fa178032ce06,2,2,ambiguous,"[{""fare_attribute_line"":782398,""fare_id"":""2001231-1-1-4"",""fare_rule_line"":783726,""price"":5.6},{""fare_attribute_line"":856248,""fare_id"":""2001231-1-1-23"",""fare_rule_line"":783745,""price"":7.9}]",ambiguous,A,U,unresolved,official_json_routeSeq_exact_full_stop_pattern_plus_ordered_gtfs_stop_od,conflicting_published_amounts
exact_route_sequence_ordered_stop_od,GMB,line_gmb_2001231,gmb_2001231_1,2001231,1,1,20002281,20008085,unspecified_in_source,unspecified_in_source,unspecified_in_source,unspecified_in_source,unspecified_in_source,,,,pt_fare,,,not_encoded_in_source_revision_cutoff_only,2026-07-14,2026-07-20,,"[""gtfs:fare_rules.txt:783749|fare_attributes.txt:782410|fare_id:2001231-1-2-4"",""gtfs:fare_rules.txt:783768|fare_attributes.txt:856259|fare_id:2001231-1-2-23""]",data/transit/hongkong/PublicTransportGTFS/gtfs.zip,e5ad020b79d0020625a4e8eb5428c2253a07705b71bfb809d8a3fa178032ce06,2,2,ambiguous,"[{""fare_attribute_line"":782410,""fare_id"":""2001231-1-2-4"",""fare_rule_line"":783749,""price"":5.6},{""fare_attribute_line"":856259,""fare_id"":""2001231-1-2-23"",""fare_rule_line"":783768,""price"":7.9}]",ambiguous,A,U,unresolved,official_json_routeSeq_exact_full_stop_pattern_plus_ordered_gtfs_stop_od,conflicting_published_amounts
exact_route_sequence_ordered_stop_od,GMB,line_gmb_2001231,gmb_2001231_1,2001231,1,1,20002282,20008085,unspecified_in_source,unspecified_in_source,unspecified_in_source,unspecified_in_source,unspecified_in_source,,,,pt_fare,,,not_encoded_in_source_revision_cutoff_only,2026-07-14,2026-07-20,,"[""gtfs:fare_rules.txt:783771|fare_attributes.txt:782421|fare_id:2001231-1-3-4"",""gtfs:fare_rules.txt:783790|fare_attributes.txt:856270|fare_id:2001231-1-3-23""]",data/transit/hongkong/PublicTransportGTFS/gtfs.zip,e5ad020b79d0020625a4e8eb5428c2253a07705b71bfb809d8a3fa178032ce06,2,2,ambiguous,"[{""fare_attribute_line"":782421,""fare_id"":""2001231-1-3-4"",""fare_rule_line"":783771,""price"":5.6},{""fare_attribute_line"":856270,""fare_id"":""2001231-1-3-23"",""fare_rule_line"":783790,""price"":7.9}]",ambiguous,A,U,unresolved,official_json_routeSeq_exact_full_stop_pattern_plus_ordered_gtfs_stop_od,conflicting_published_amounts
exact_route_sequence_ordered_stop_od,GMB,line_gmb_2001231,gmb_2001231_1,2001231,1,1,20008085,20001231,unspecified_in_source,unspecified_in_source,unspecified_in_source,unspecified_in_source,unspecified_in_source,,,,pt_fare,,,not_encoded_in_source_revision_cutoff_only,2026-07-14,2026-07-20,,"[""gtfs:fare_rules.txt:783813|fare_attributes.txt:856283|fare_id:2001231-1-4-25"",""gtfs:fare_rules.txt:784022|fare_attributes.txt:781759|fare_id:2001231-1-23-25""]",data/transit/hongkong/PublicTransportGTFS/gtfs.zip,e5ad020b79d0020625a4e8eb5428c2253a07705b71bfb809d8a3fa178032ce06,2,2,ambiguous,"[{""fare_attribute_line"":856283,""fare_id"":""2001231-1-4-25"",""fare_rule_line"":783813,""price"":7.9},{""fare_attribute_line"":781759,""fare_id"":""2001231-1-23-25"",""fare_rule_line"":784022,""price"":5.6}]",ambiguous,A,U,unresolved,official_json_routeSeq_exact_full_stop_pattern_plus_ordered_gtfs_stop_od,conflicting_published_amounts
exact_route_sequence_ordered_stop_od,GMB,line_gmb_2001231,gmb_2001231_1,2001231,1,1,20008085,20002250,unspecified_in_source,unspecified_in_source,unspecified_in_source,unspecified_in_source,unspecified_in_source,,,,pt_fare,,,not_encoded_in_source_revision_cutoff_only,2026-07-14,2026-07-20,,"[""gtfs:fare_rules.txt:783812|fare_attributes.txt:856282|fare_id:2001231-1-4-24"",""gtfs:fare_rules.txt:784021|fare_attributes.txt:781758|fare_id:2001231-1-23-24""]",data/transit/hongkong/PublicTransportGTFS/gtfs.zip,e5ad020b79d0020625a4e8eb5428c2253a07705b71bfb809d8a3fa178032ce06,2,2,ambiguous,"[{""fare_attribute_line"":856282,""fare_id"":""2001231-1-4-24"",""fare_rule_line"":783812,""price"":7.9},{""fare_attribute_line"":781758,""fare_id"":""2001231-1-23-24"",""fare_rule_line"":784021,""price"":5.6}]",ambiguous,A,U,unresolved,official_json_routeSeq_exact_full_stop_pattern_plus_ordered_gtfs_stop_od,conflicting_published_amounts
exact_route_sequence_ordered_stop_od,GMB,line_gmb_2001473,gmb_2001473_1,2001473,1,1,20007654,20001193,unspecified_in_source,unspecified_in_source,unspecified_in_source,unspecified_in_source,unspecified_in_source,,,,pt_fare,,,not_encoded_in_source_revision_cutoff_only,2026-07-14,2026-07-20,,"[""gtfs:fare_rules.txt:791065|fare_attributes.txt:857734|fare_id:2001473-1-18-47"",""gtfs:fare_rules.txt:791335|fare_attributes.txt:787902|fare_id:2001473-1-30-47""]",data/transit/hongkong/PublicTransportGTFS/gtfs.zip,e5ad020b79d0020625a4e8eb5428c2253a07705b71bfb809d8a3fa178032ce06,2,2,ambiguous,"[{""fare_attribute_line"":857734,""fare_id"":""2001473-1-18-47"",""fare_rule_line"":791065,""price"":7.2},{""fare_attribute_line"":787902,""fare_id"":""2001473-1-30-47"",""fare_rule_line"":791335,""price"":8.3}]",ambiguous,A,U,unresolved,official_json_routeSeq_exact_full_stop_pattern_plus_ordered_gtfs_stop_od,conflicting_published_amounts
exact_route_sequence_ordered_stop_od,GMB,line_gmb_2001473,gmb_2001473_1,2001473,1,1,20007654,20001203,unspecified_in_source,unspecified_in_source,unspecified_in_source,unspecified_in_source,unspecified_in_source,,,,pt_fare,,,not_encoded_in_source_revision_cutoff_only,2026-07-14,2026-07-20,,"[""gtfs:fare_rules.txt:791061|fare_attributes.txt:857730|fare_id:2001473-1-18-43"",""gtfs:fare_rules.txt:791331|fare_attributes.txt:787898|fare_id:2001473-1-30-43""]",data/transit/hongkong/PublicTransportGTFS/gtfs.zip,e5ad020b79d0020625a4e8eb5428c2253a07705b71bfb809d8a3fa178032ce06,2,2,ambiguous,"[{""fare_attribute_line"":857730,""fare_id"":""2001473-1-18-43"",""fare_rule_line"":791061,""price"":7.2},{""fare_attribute_line"":787898,""fare_id"":""2001473-1-30-43"",""fare_rule_line"":791331,""price"":8.3}]",ambiguous,A,U,unresolved,official_json_routeSeq_exact_full_stop_pattern_plus_ordered_gtfs_stop_od,conflicting_published_amounts
exact_route_sequence_ordered_stop_od,GMB,line_gmb_2001473,gmb_2001473_1,2001473,1,1,20007654,20001217,unspecified_in_source,unspecified_in_source,unspecified_in_source,unspecified_in_source,unspecified_in_source,,,,pt_fare,,,not_encoded_in_source_revision_cutoff_only,2026-07-14,2026-07-20,,"[""gtfs:fare_rules.txt:791056|fare_attributes.txt:857725|fare_id:2001473-1-18-38"",""gtfs:fare_rules.txt:791326|fare_attributes.txt:787893|fare_id:2001473-1-30-38""]",data/transit/hongkong/PublicTransportGTFS/gtfs.zip,e5ad020b79d0020625a4e8eb5428c2253a07705b71bfb809d8a3fa178032ce06,2,2,ambiguous,"[{""fare_attribute_line"":857725,""fare_id"":""2001473-1-18-38"",""fare_rule_line"":791056,""price"":7.2},{""fare_attribute_line"":787893,""fare_id"":""2001473-1-30-38"",""fare_rule_line"":791326,""price"":8.3}]",ambiguous,A,U,unresolved,official_json_routeSeq_exact_full_stop_pattern_plus_ordered_gtfs_stop_od,conflicting_published_amounts
exact_route_sequence_ordered_stop_od,GMB,line_gmb_2001473,gmb_2001473_1,2001473,1,1,20007654,20001218,unspecified_in_source,unspecified_in_source,unspecified_in_source,unspecified_in_source,unspecified_in_source,,,,pt_fare,,,not_encoded_in_source_revision_cutoff_only,2026-07-14,2026-07-20,,"[""gtfs:fare_rules.txt:791057|fare_attributes.txt:857726|fare_id:2001473-1-18-39"",""gtfs:fare_rules.txt:791327|fare_attributes.txt:787894|fare_id:2001473-1-30-39""]",data/transit/hongkong/PublicTransportGTFS/gtfs.zip,e5ad020b79d0020625a4e8eb5428c2253a07705b71bfb809d8a3fa178032ce06,2,2,ambiguous,"[{""fare_attribute_line"":857726,""fare_id"":""2001473-1-18-39"",""fare_rule_line"":791057,""price"":7.2},{""fare_attribute_line"":787894,""fare_id"":""2001473-1-30-39"",""fare_rule_line"":791327,""price"":8.3}]",ambiguous,A,U,unresolved,official_json_routeSeq_exact_full_stop_pattern_plus_ordered_gtfs_stop_od,conflicting_published_amounts
exact_route_sequence_ordered_stop_od,GMB,line_gmb_2001473,gmb_2001473_1,2001473,1,1,20007654,20001219,unspecified_in_source,unspecified_in_source,unspecified_in_source,unspecified_in_source,unspecified_in_source,,,,pt_fare,,,not_encoded_in_source_revision_cutoff_only,2026-07-14,2026-07-20,,"[""gtfs:fare_rules.txt:791058|fare_attributes.txt:857727|fare_id:2001473-1-18-40"",""gtfs:fare_rules.txt:791328|fare_attributes.txt:787895|fare_id:2001473-1-30-40""]",data/transit/hongkong/PublicTransportGTFS/gtfs.zip,e5ad020b79d0020625a4e8eb5428c2253a07705b71bfb809d8a3fa178032ce06,2,2,ambiguous,"[{""fare_attribute_line"":857727,""fare_id"":""2001473-1-18-40"",""fare_rule_line"":791058,""price"":7.2},{""fare_attribute_line"":787895,""fare_id"":""2001473-1-30-40"",""fare_rule_line"":791328,""price"":8.3}]",ambiguous,A,U,unresolved,official_json_routeSeq_exact_full_stop_pattern_plus_ordered_gtfs_stop_od,conflicting_published_amounts
exact_route_sequence_ordered_stop_od,GMB,line_gmb_2001473,gmb_2001473_1,2001473,1,1,20007654,20001468,unspecified_in_source,unspecified_in_source,unspecified_in_source,unspecified_in_source,unspecified_in_source,,,,pt_fare,,,not_encoded_in_source_revision_cutoff_only,2026-07-14,2026-07-20,,"[""gtfs:fare_rules.txt:791052|fare_attributes.txt:857721|fare_id:2001473-1-18-34"",""gtfs:fare_rules.txt:791322|fare_attributes.txt:787889|fare_id:2001473-1-30-34""]",data/transit/hongkong/PublicTransportGTFS/gtfs.zip,e5ad020b79d0020625a4e8eb5428c2253a07705b71bfb809d8a3fa178032ce06,2,2,ambiguous,"[{""fare_attribute_line"":857721,""fare_id"":""2001473-1-18-34"",""fare_rule_line"":791052,""price"":7.2},{""fare_attribute_line"":787889,""fare_id"":""2001473-1-30-34"",""fare_rule_line"":791322,""price"":8.3}]",ambiguous,A,U,unresolved,official_json_routeSeq_exact_full_stop_pattern_plus_ordered_gtfs_stop_od,conflicting_published_amounts
exact_route_sequence_ordered_stop_od,GMB,line_gmb_2001473,gmb_2001473_1,2001473,1,1,20007654,20002571,unspecified_in_source,unspecified_in_source,unspecified_in_source,unspecified_in_source,unspecified_in_source,,,,pt_fare,,,not_encoded_in_source_revision_cutoff_only,2026-07-14,2026-07-20,,"[""gtfs:fare_rules.txt:791062|fare_attributes.txt:857731|fare_id:2001473-1-18-44"",""gtfs:fare_rules.txt:791332|fare_attributes.txt:787899|fare_id:2001473-1-30-44""]",data/transit/hongkong/PublicTransportGTFS/gtfs.zip,e5ad020b79d0020625a4e8eb5428c2253a07705b71bfb809d8a3fa178032ce06,2,2,ambiguous,"[{""fare_attribute_line"":857731,""fare_id"":""2001473-1-18-44"",""fare_rule_line"":791062,""price"":7.2},{""fare_attribute_line"":787899,""fare_id"":""2001473-1-30-44"",""fare_rule_line"":791332,""price"":8.3}]",ambiguous,A,U,unresolved,official_json_routeSeq_exact_full_stop_pattern_plus_ordered_gtfs_stop_od,conflicting_published_amounts
exact_route_sequence_ordered_stop_od,GMB,line_gmb_2001473,gmb_2001473_1,2001473,1,1,20007654,20003421,unspecified_in_source,unspecified_in_source,unspecified_in_source,unspecified_in_source,unspecified_in_source,,,,pt_fare,,,not_encoded_in_source_revision_cutoff_only,2026-07-14,2026-07-20,,"[""gtfs:fare_rules.txt:791050|fare_attributes.txt:857719|fare_id:2001473-1-18-32"",""gtfs:fare_rules.txt:791320|fare_attributes.txt:787887|fare_id:2001473-1-30-32""]",data/transit/hongkong/PublicTransportGTFS/gtfs.zip,e5ad020b79d0020625a4e8eb5428c2253a07705b71bfb809d8a3fa178032ce06,2,2,ambiguous,"[{""fare_attribute_line"":857719,""fare_id"":""2001473-1-18-32"",""fare_rule_line"":791050,""price"":7.2},{""fare_attribute_line"":787887,""fare_id"":""2001473-1-30-32"",""fare_rule_line"":791320,""price"":8.3}]",ambiguous,A,U,unresolved,official_json_routeSeq_exact_full_stop_pattern_plus_ordered_gtfs_stop_od,conflicting_published_amounts
exact_route_sequence_ordered_stop_od,GMB,line_gmb_2001473,gmb_2001473_1,2001473,1,1,20007654,20006553,unspecified_in_source,unspecified_in_source,unspecified_in_source,unspecified_in_source,unspecified_in_source,,,,pt_fare,,,not_encoded_in_source_revision_cutoff_only,2026-07-14,2026-07-20,,"[""gtfs:fare_rules.txt:791063|fare_attributes.txt:857732|fare_id:2001473-1-18-45"",""gtfs:fare_rules.txt:791333|fare_attributes.txt:787900|fare_id:2001473-1-30-45""]",data/transit/hongkong/PublicTransportGTFS/gtfs.zip,e5ad020b79d0020625a4e8eb5428c2253a07705b71bfb809d8a3fa178032ce06,2,2,ambiguous,"[{""fare_attribute_line"":857732,""fare_id"":""2001473-1-18-45"",""fare_rule_line"":791063,""price"":7.2},{""fare_attribute_line"":787900,""fare_id"":""2001473-1-30-45"",""fare_rule_line"":791333,""price"":8.3}]",ambiguous,A,U,unresolved,official_json_routeSeq_exact_full_stop_pattern_plus_ordered_gtfs_stop_od,conflicting_published_amounts
exact_route_sequence_ordered_stop_od,GMB,line_gmb_2001473,gmb_2001473_1,2001473,1,1,20007654,20006554,unspecified_in_source,unspecified_in_source,unspecified_in_source,unspecified_in_source,unspecified_in_source,,,,pt_fare,,,not_encoded_in_source_revision_cutoff_only,2026-07-14,2026-07-20,,"[""gtfs:fare_rules.txt:791064|fare_attributes.txt:857733|fare_id:2001473-1-18-46"",""gtfs:fare_rules.txt:791334|fare_attributes.txt:787901|fare_id:2001473-1-30-46""]",data/transit/hongkong/PublicTransportGTFS/gtfs.zip,e5ad020b79d0020625a4e8eb5428c2253a07705b71bfb809d8a3fa178032ce06,2,2,ambiguous,"[{""fare_attribute_line"":857733,""fare_id"":""2001473-1-18-46"",""fare_rule_line"":791064,""price"":7.2},{""fare_attribute_line"":787901,""fare_id"":""2001473-1-30-46"",""fare_rule_line"":791334,""price"":8.3}]",ambiguous,A,U,unresolved,official_json_routeSeq_exact_full_stop_pattern_plus_ordered_gtfs_stop_od,conflicting_published_amounts
exact_route_sequence_ordered_stop_od,GMB,line_gmb_2001473,gmb_2001473_1,2001473,1,1,20007654,20006555,unspecified_in_source,unspecified_in_source,unspecified_in_source,unspecified_in_source,unspecified_in_source,,,,pt_fare,,,not_encoded_in_source_revision_cutoff_only,2026-07-14,2026-07-20,,"[""gtfs:fare_rules.txt:791053|fare_attributes.txt:857722|fare_id:2001473-1-18-35"",""gtfs:fare_rules.txt:791323|fare_attributes.txt:787890|fare_id:2001473-1-30-35""]",data/transit/hongkong/PublicTransportGTFS/gtfs.zip,e5ad020b79d0020625a4e8eb5428c2253a07705b71bfb809d8a3fa178032ce06,2,2,ambiguous,"[{""fare_attribute_line"":857722,""fare_id"":""2001473-1-18-35"",""fare_rule_line"":791053,""price"":7.2},{""fare_attribute_line"":787890,""fare_id"":""2001473-1-30-35"",""fare_rule_line"":791323,""price"":8.3}]",ambiguous,A,U,unresolved,official_json_routeSeq_exact_full_stop_pattern_plus_ordered_gtfs_stop_od,conflicting_published_amounts
exact_route_sequence_ordered_stop_od,GMB,line_gmb_2001473,gmb_2001473_1,2001473,1,1,20007654,20008232,unspecified_in_source,unspecified_in_source,unspecified_in_source,unspecified_in_source,unspecified_in_source,,,,pt_fare,,,not_encoded_in_source_revision_cutoff_only,2026-07-14,2026-07-20,,"[""gtfs:fare_rules.txt:791059|fare_attributes.txt:857728|fare_id:2001473-1-18-41"",""gtfs:fare_rules.txt:791329|fare_attributes.txt:787896|fare_id:2001473-1-30-41""]",data/transit/hongkong/PublicTransportGTFS/gtfs.zip,e5ad020b79d0020625a4e8eb5428c2253a07705b71bfb809d8a3fa178032ce06,2,2,ambiguous,"[{""fare_attribute_line"":857728,""fare_id"":""2001473-1-18-41"",""fare_rule_line"":791059,""price"":7.2},{""fare_attribute_line"":787896,""fare_id"":""2001473-1-30-41"",""fare_rule_line"":791329,""price"":8.3}]",ambiguous,A,U,unresolved,official_json_routeSeq_exact_full_stop_pattern_plus_ordered_gtfs_stop_od,conflicting_published_amounts
exact_route_sequence_ordered_stop_od,GMB,line_gmb_2001473,gmb_2001473_1,2001473,1,1,20007654,20008233,unspecified_in_source,unspecified_in_source,unspecified_in_source,unspecified_in_source,unspecified_in_source,,,,pt_fare,,,not_encoded_in_source_revision_cutoff_only,2026-07-14,2026-07-20,,"[""gtfs:fare_rules.txt:791060|fare_attributes.txt:857729|fare_id:2001473-1-18-42"",""gtfs:fare_rules.txt:791330|fare_attributes.txt:787897|fare_id:2001473-1-30-42""]",data/transit/hongkong/PublicTransportGTFS/gtfs.zip,e5ad020b79d0020625a4e8eb5428c2253a07705b71bfb809d8a3fa178032ce06,2,2,ambiguous,"[{""fare_attribute_line"":857729,""fare_id"":""2001473-1-18-42"",""fare_rule_line"":791060,""price"":7.2},{""fare_attribute_line"":787897,""fare_id"":""2001473-1-30-42"",""fare_rule_line"":791330,""price"":8.3}]",ambiguous,A,U,unresolved,official_json_routeSeq_exact_full_stop_pattern_plus_ordered_gtfs_stop_od,conflicting_published_amounts
exact_route_sequence_ordered_stop_od,GMB,line_gmb_2001473,gmb_2001473_1,2001473,1,1,20007654,20008271,unspecified_in_source,unspecified_in_source,unspecified_in_source,unspecified_in_source,unspecified_in_source,,,,pt_fare,,,not_encoded_in_source_revision_cutoff_only,2026-07-14,2026-07-20,,"[""gtfs:fare_rules.txt:791051|fare_attributes.txt:857720|fare_id:2001473-1-18-33"",""gtfs:fare_rules.txt:791321|fare_attributes.txt:787888|fare_id:2001473-1-30-33""]",data/transit/hongkong/PublicTransportGTFS/gtfs.zip,e5ad020b79d0020625a4e8eb5428c2253a07705b71bfb809d8a3fa178032ce06,2,2,ambiguous,"[{""fare_attribute_line"":857720,""fare_id"":""2001473-1-18-33"",""fare_rule_line"":791051,""price"":7.2},{""fare_attribute_line"":787888,""fare_id"":""2001473-1-30-33"",""fare_rule_line"":791321,""price"":8.3}]",ambiguous,A,U,unresolved,official_json_routeSeq_exact_full_stop_pattern_plus_ordered_gtfs_stop_od,conflicting_published_amounts
exact_route_sequence_ordered_stop_od,GMB,line_gmb_2001473,gmb_2001473_1,2001473,1,1,20007654,20008272,unspecified_in_source,unspecified_in_source,unspecified_in_source,unspecified_in_source,unspecified_in_source,,,,pt_fare,,,not_encoded_in_source_revision_cutoff_only,2026-07-14,2026-07-20,,"[""gtfs:fare_rules.txt:791054|fare_attributes.txt:857723|fare_id:2001473-1-18-36"",""gtfs:fare_rules.txt:791324|fare_attributes.txt:787891|fare_id:2001473-1-30-36""]",data/transit/hongkong/PublicTransportGTFS/gtfs.zip,e5ad020b79d0020625a4e8eb5428c2253a07705b71bfb809d8a3fa178032ce06,2,2,ambiguous,"[{""fare_attribute_line"":857723,""fare_id"":""2001473-1-18-36"",""fare_rule_line"":791054,""price"":7.2},{""fare_attribute_line"":787891,""fare_id"":""2001473-1-30-36"",""fare_rule_line"":791324,""price"":8.3}]",ambiguous,A,U,unresolved,official_json_routeSeq_exact_full_stop_pattern_plus_ordered_gtfs_stop_od,conflicting_published_amounts
exact_route_sequence_ordered_stop_od,GMB,line_gmb_2001473,gmb_2001473_1,2001473,1,1,20007654,20008273,unspecified_in_source,unspecified_in_source,unspecified_in_source,unspecified_in_source,unspecified_in_source,,,,pt_fare,,,not_encoded_in_source_revision_cutoff_only,2026-07-14,2026-07-20,,"[""gtfs:fare_rules.txt:791055|fare_attributes.txt:857724|fare_id:2001473-1-18-37"",""gtfs:fare_rules.txt:791325|fare_attributes.txt:787892|fare_id:2001473-1-30-37""]",data/transit/hongkong/PublicTransportGTFS/gtfs.zip,e5ad020b79d0020625a4e8eb5428c2253a07705b71bfb809d8a3fa178032ce06,2,2,ambiguous,"[{""fare_attribute_line"":857724,""fare_id"":""2001473-1-18-37"",""fare_rule_line"":791055,""price"":7.2},{""fare_attribute_line"":787892,""fare_id"":""2001473-1-30-37"",""fare_rule_line"":791325,""price"":8.3}]",ambiguous,A,U,unresolved,official_json_routeSeq_exact_full_stop_pattern_plus_ordered_gtfs_stop_od,conflicting_published_amounts
exact_route_sequence_ordered_stop_od,GMB,line_gmb_2001473,gmb_2001473_1,2001473,1,1,20007654,20008284,unspecified_in_source,unspecified_in_source,unspecified_in_source,unspecified_in_source,unspecified_in_source,,,,pt_fare,,,not_encoded_in_source_revision_cutoff_only,2026-07-14,2026-07-20,,"[""gtfs:fare_rules.txt:791049|fare_attributes.txt:857718|fare_id:2001473-1-18-31"",""gtfs:fare_rules.txt:791319|fare_attributes.txt:787886|fare_id:2001473-1-30-31""]",data/transit/hongkong/PublicTransportGTFS/gtfs.zip,e5ad020b79d0020625a4e8eb5428c2253a07705b71bfb809d8a3fa178032ce06,2,2,ambiguous,"[{""fare_attribute_line"":857718,""fare_id"":""2001473-1-18-31"",""fare_rule_line"":791049,""price"":7.2},{""fare_attribute_line"":787886,""fare_id"":""2001473-1-30-31"",""fare_rule_line"":791319,""price"":8.3}]",ambiguous,A,U,unresolved,official_json_routeSeq_exact_full_stop_pattern_plus_ordered_gtfs_stop_od,conflicting_published_amounts
exact_route_sequence_ordered_stop_od,GMB,line_gmb_2001474,gmb_2001474_1,2001474,1,1,20007654,20001193,unspecified_in_source,unspecified_in_source,unspecified_in_source,unspecified_in_source,unspecified_in_source,,,,pt_fare,,,not_encoded_in_source_revision_cutoff_only,2026-07-14,2026-07-20,,"[""gtfs:fare_rules.txt:792146|fare_attributes.txt:858758|fare_id:2001474-1-18-47"",""gtfs:fare_rules.txt:792416|fare_attributes.txt:788157|fare_id:2001474-1-30-47""]",data/transit/hongkong/PublicTransportGTFS/gtfs.zip,e5ad020b79d0020625a4e8eb5428c2253a07705b71bfb809d8a3fa178032ce06,2,2,ambiguous,"[{""fare_attribute_line"":858758,""fare_id"":""2001474-1-18-47"",""fare_rule_line"":792146,""price"":7.2},{""fare_attribute_line"":788157,""fare_id"":""2001474-1-30-47"",""fare_rule_line"":792416,""price"":8.3}]",ambiguous,A,U,unresolved,official_json_routeSeq_exact_full_stop_pattern_plus_ordered_gtfs_stop_od,conflicting_published_amounts
exact_route_sequence_ordered_stop_od,GMB,line_gmb_2001474,gmb_2001474_1,2001474,1,1,20007654,20001203,unspecified_in_source,unspecified_in_source,unspecified_in_source,unspecified_in_source,unspecified_in_source,,,,pt_fare,,,not_encoded_in_source_revision_cutoff_only,2026-07-14,2026-07-20,,"[""gtfs:fare_rules.txt:792142|fare_attributes.txt:858754|fare_id:2001474-1-18-43"",""gtfs:fare_rules.txt:792412|fare_attributes.txt:788153|fare_id:2001474-1-30-43""]",data/transit/hongkong/PublicTransportGTFS/gtfs.zip,e5ad020b79d0020625a4e8eb5428c2253a07705b71bfb809d8a3fa178032ce06,2,2,ambiguous,"[{""fare_attribute_line"":858754,""fare_id"":""2001474-1-18-43"",""fare_rule_line"":792142,""price"":7.2},{""fare_attribute_line"":788153,""fare_id"":""2001474-1-30-43"",""fare_rule_line"":792412,""price"":8.3}]",ambiguous,A,U,unresolved,official_json_routeSeq_exact_full_stop_pattern_plus_ordered_gtfs_stop_od,conflicting_published_amounts
exact_route_sequence_ordered_stop_od,GMB,line_gmb_2001474,gmb_2001474_1,2001474,1,1,20007654,20001217,unspecified_in_source,unspecified_in_source,unspecified_in_source,unspecified_in_source,unspecified_in_source,,,,pt_fare,,,not_encoded_in_source_revision_cutoff_only,2026-07-14,2026-07-20,,"[""gtfs:fare_rules.txt:792137|fare_attributes.txt:858749|fare_id:2001474-1-18-38"",""gtfs:fare_rules.txt:792407|fare_attributes.txt:788148|fare_id:2001474-1-30-38""]",data/transit/hongkong/PublicTransportGTFS/gtfs.zip,e5ad020b79d0020625a4e8eb5428c2253a07705b71bfb809d8a3fa178032ce06,2,2,ambiguous,"[{""fare_attribute_line"":858749,""fare_id"":""2001474-1-18-38"",""fare_rule_line"":792137,""price"":7.2},{""fare_attribute_line"":788148,""fare_id"":""2001474-1-30-38"",""fare_rule_line"":792407,""price"":8.3}]",ambiguous,A,U,unresolved,official_json_routeSeq_exact_full_stop_pattern_plus_ordered_gtfs_stop_od,conflicting_published_amounts
exact_route_sequence_ordered_stop_od,GMB,line_gmb_2001474,gmb_2001474_1,2001474,1,1,20007654,20001218,unspecified_in_source,unspecified_in_source,unspecified_in_source,unspecified_in_source,unspecified_in_source,,,,pt_fare,,,not_encoded_in_source_revision_cutoff_only,2026-07-14,2026-07-20,,"[""gtfs:fare_rules.txt:792138|fare_attributes.txt:858750|fare_id:2001474-1-18-39"",""gtfs:fare_rules.txt:792408|fare_attributes.txt:788149|fare_id:2001474-1-30-39""]",data/transit/hongkong/PublicTransportGTFS/gtfs.zip,e5ad020b79d0020625a4e8eb5428c2253a07705b71bfb809d8a3fa178032ce06,2,2,ambiguous,"[{""fare_attribute_line"":858750,""fare_id"":""2001474-1-18-39"",""fare_rule_line"":792138,""price"":7.2},{""fare_attribute_line"":788149,""fare_id"":""2001474-1-30-39"",""fare_rule_line"":792408,""price"":8.3}]",ambiguous,A,U,unresolved,official_json_routeSeq_exact_full_stop_pattern_plus_ordered_gtfs_stop_od,conflicting_published_amounts
exact_route_sequence_ordered_stop_od,GMB,line_gmb_2001474,gmb_2001474_1,2001474,1,1,20007654,20001219,unspecified_in_source,unspecified_in_source,unspecified_in_source,unspecified_in_source,unspecified_in_source,,,,pt_fare,,,not_encoded_in_source_revision_cutoff_only,2026-07-14,2026-07-20,,"[""gtfs:fare_rules.txt:792139|fare_attributes.txt:858751|fare_id:2001474-1-18-40"",""gtfs:fare_rules.txt:792409|fare_attributes.txt:788150|fare_id:2001474-1-30-40""]",data/transit/hongkong/PublicTransportGTFS/gtfs.zip,e5ad020b79d0020625a4e8eb5428c2253a07705b71bfb809d8a3fa178032ce06,2,2,ambiguous,"[{""fare_attribute_line"":858751,""fare_id"":""2001474-1-18-40"",""fare_rule_line"":792139,""price"":7.2},{""fare_attribute_line"":788150,""fare_id"":""2001474-1-30-40"",""fare_rule_line"":792409,""price"":8.3}]",ambiguous,A,U,unresolved,official_json_routeSeq_exact_full_stop_pattern_plus_ordered_gtfs_stop_od,conflicting_published_amounts
exact_route_sequence_ordered_stop_od,GMB,line_gmb_2001474,gmb_2001474_1,2001474,1,1,20007654,20001468,unspecified_in_source,unspecified_in_source,unspecified_in_source,unspecified_in_source,unspecified_in_source,,,,pt_fare,,,not_encoded_in_source_revision_cutoff_only,2026-07-14,2026-07-20,,"[""gtfs:fare_rules.txt:792133|fare_attributes.txt:858745|fare_id:2001474-1-18-34"",""gtfs:fare_rules.txt:792403|fare_attributes.txt:788144|fare_id:2001474-1-30-34""]",data/transit/hongkong/PublicTransportGTFS/gtfs.zip,e5ad020b79d0020625a4e8eb5428c2253a07705b71bfb809d8a3fa178032ce06,2,2,ambiguous,"[{""fare_attribute_line"":858745,""fare_id"":""2001474-1-18-34"",""fare_rule_line"":792133,""price"":7.2},{""fare_attribute_line"":788144,""fare_id"":""2001474-1-30-34"",""fare_rule_line"":792403,""price"":8.3}]",ambiguous,A,U,unresolved,official_json_routeSeq_exact_full_stop_pattern_plus_ordered_gtfs_stop_od,conflicting_published_amounts
exact_route_sequence_ordered_stop_od,GMB,line_gmb_2001474,gmb_2001474_1,2001474,1,1,20007654,20002571,unspecified_in_source,unspecified_in_source,unspecified_in_source,unspecified_in_source,unspecified_in_source,,,,pt_fare,,,not_encoded_in_source_revision_cutoff_only,2026-07-14,2026-07-20,,"[""gtfs:fare_rules.txt:792143|fare_attributes.txt:858755|fare_id:2001474-1-18-44"",""gtfs:fare_rules.txt:792413|fare_attributes.txt:788154|fare_id:2001474-1-30-44""]",data/transit/hongkong/PublicTransportGTFS/gtfs.zip,e5ad020b79d0020625a4e8eb5428c2253a07705b71bfb809d8a3fa178032ce06,2,2,ambiguous,"[{""fare_attribute_line"":858755,""fare_id"":""2001474-1-18-44"",""fare_rule_line"":792143,""price"":7.2},{""fare_attribute_line"":788154,""fare_id"":""2001474-1-30-44"",""fare_rule_line"":792413,""price"":8.3}]",ambiguous,A,U,unresolved,official_json_routeSeq_exact_full_stop_pattern_plus_ordered_gtfs_stop_od,conflicting_published_amounts
exact_route_sequence_ordered_stop_od,GMB,line_gmb_2001474,gmb_2001474_1,2001474,1,1,20007654,20003421,unspecified_in_source,unspecified_in_source,unspecified_in_source,unspecified_in_source,unspecified_in_source,,,,pt_fare,,,not_encoded_in_source_revision_cutoff_only,2026-07-14,2026-07-20,,"[""gtfs:fare_rules.txt:792131|fare_attributes.txt:858743|fare_id:2001474-1-18-32"",""gtfs:fare_rules.txt:792401|fare_attributes.txt:788142|fare_id:2001474-1-30-32""]",data/transit/hongkong/PublicTransportGTFS/gtfs.zip,e5ad020b79d0020625a4e8eb5428c2253a07705b71bfb809d8a3fa178032ce06,2,2,ambiguous,"[{""fare_attribute_line"":858743,""fare_id"":""2001474-1-18-32"",""fare_rule_line"":792131,""price"":7.2},{""fare_attribute_line"":788142,""fare_id"":""2001474-1-30-32"",""fare_rule_line"":792401,""price"":8.3}]",ambiguous,A,U,unresolved,official_json_routeSeq_exact_full_stop_pattern_plus_ordered_gtfs_stop_od,conflicting_published_amounts
exact_route_sequence_ordered_stop_od,GMB,line_gmb_2001474,gmb_2001474_1,2001474,1,1,20007654,20006553,unspecified_in_source,unspecified_in_source,unspecified_in_source,unspecified_in_source,unspecified_in_source,,,,pt_fare,,,not_encoded_in_source_revision_cutoff_only,2026-07-14,2026-07-20,,"[""gtfs:fare_rules.txt:792144|fare_attributes.txt:858756|fare_id:2001474-1-18-45"",""gtfs:fare_rules.txt:792414|fare_attributes.txt:788155|fare_id:2001474-1-30-45""]",data/transit/hongkong/PublicTransportGTFS/gtfs.zip,e5ad020b79d0020625a4e8eb5428c2253a07705b71bfb809d8a3fa178032ce06,2,2,ambiguous,"[{""fare_attribute_line"":858756,""fare_id"":""2001474-1-18-45"",""fare_rule_line"":792144,""price"":7.2},{""fare_attribute_line"":788155,""fare_id"":""2001474-1-30-45"",""fare_rule_line"":792414,""price"":8.3}]",ambiguous,A,U,unresolved,official_json_routeSeq_exact_full_stop_pattern_plus_ordered_gtfs_stop_od,conflicting_published_amounts
exact_route_sequence_ordered_stop_od,GMB,line_gmb_2001474,gmb_2001474_1,2001474,1,1,20007654,20006554,unspecified_in_source,unspecified_in_source,unspecified_in_source,unspecified_in_source,unspecified_in_source,,,,pt_fare,,,not_encoded_in_source_revision_cutoff_only,2026-07-14,2026-07-20,,"[""gtfs:fare_rules.txt:792145|fare_attributes.txt:858757|fare_id:2001474-1-18-46"",""gtfs:fare_rules.txt:792415|fare_attributes.txt:788156|fare_id:2001474-1-30-46""]",data/transit/hongkong/PublicTransportGTFS/gtfs.zip,e5ad020b79d0020625a4e8eb5428c2253a07705b71bfb809d8a3fa178032ce06,2,2,ambiguous,"[{""fare_attribute_line"":858757,""fare_id"":""2001474-1-18-46"",""fare_rule_line"":792145,""price"":7.2},{""fare_attribute_line"":788156,""fare_id"":""2001474-1-30-46"",""fare_rule_line"":792415,""price"":8.3}]",ambiguous,A,U,unresolved,official_json_routeSeq_exact_full_stop_pattern_plus_ordered_gtfs_stop_od,conflicting_published_amounts
exact_route_sequence_ordered_stop_od,GMB,line_gmb_2001474,gmb_2001474_1,2001474,1,1,20007654,20006555,unspecified_in_source,unspecified_in_source,unspecified_in_source,unspecified_in_source,unspecified_in_source,,,,pt_fare,,,not_encoded_in_source_revision_cutoff_only,2026-07-14,2026-07-20,,"[""gtfs:fare_rules.txt:792134|fare_attributes.txt:858746|fare_id:2001474-1-18-35"",""gtfs:fare_rules.txt:792404|fare_attributes.txt:788145|fare_id:2001474-1-30-35""]",data/transit/hongkong/PublicTransportGTFS/gtfs.zip,e5ad020b79d0020625a4e8eb5428c2253a07705b71bfb809d8a3fa178032ce06,2,2,ambiguous,"[{""fare_attribute_line"":858746,""fare_id"":""2001474-1-18-35"",""fare_rule_line"":792134,""price"":7.2},{""fare_attribute_line"":788145,""fare_id"":""2001474-1-30-35"",""fare_rule_line"":792404,""price"":8.3}]",ambiguous,A,U,unresolved,official_json_routeSeq_exact_full_stop_pattern_plus_ordered_gtfs_stop_od,conflicting_published_amounts
exact_route_sequence_ordered_stop_od,GMB,line_gmb_2001474,gmb_2001474_1,2001474,1,1,20007654,20008232,unspecified_in_source,unspecified_in_source,unspecified_in_source,unspecified_in_source,unspecified_in_source,,,,pt_fare,,,not_encoded_in_source_revision_cutoff_only,2026-07-14,2026-07-20,,"[""gtfs:fare_rules.txt:792140|fare_attributes.txt:858752|fare_id:2001474-1-18-41"",""gtfs:fare_rules.txt:792410|fare_attributes.txt:788151|fare_id:2001474-1-30-41""]",data/transit/hongkong/PublicTransportGTFS/gtfs.zip,e5ad020b79d0020625a4e8eb5428c2253a07705b71bfb809d8a3fa178032ce06,2,2,ambiguous,"[{""fare_attribute_line"":858752,""fare_id"":""2001474-1-18-41"",""fare_rule_line"":792140,""price"":7.2},{""fare_attribute_line"":788151,""fare_id"":""2001474-1-30-41"",""fare_rule_line"":792410,""price"":8.3}]",ambiguous,A,U,unresolved,official_json_routeSeq_exact_full_stop_pattern_plus_ordered_gtfs_stop_od,conflicting_published_amounts
exact_route_sequence_ordered_stop_od,GMB,line_gmb_2001474,gmb_2001474_1,2001474,1,1,20007654,20008233,unspecified_in_source,unspecified_in_source,unspecified_in_source,unspecified_in_source,unspecified_in_source,,,,pt_fare,,,not_encoded_in_source_revision_cutoff_only,2026-07-14,2026-07-20,,"[""gtfs:fare_rules.txt:792141|fare_attributes.txt:858753|fare_id:2001474-1-18-42"",""gtfs:fare_rules.txt:792411|fare_attributes.txt:788152|fare_id:2001474-1-30-42""]",data/transit/hongkong/PublicTransportGTFS/gtfs.zip,e5ad020b79d0020625a4e8eb5428c2253a07705b71bfb809d8a3fa178032ce06,2,2,ambiguous,"[{""fare_attribute_line"":858753,""fare_id"":""2001474-1-18-42"",""fare_rule_line"":792141,""price"":7.2},{""fare_attribute_line"":788152,""fare_id"":""2001474-1-30-42"",""fare_rule_line"":792411,""price"":8.3}]",ambiguous,A,U,unresolved,official_json_routeSeq_exact_full_stop_pattern_plus_ordered_gtfs_stop_od,conflicting_published_amounts
exact_route_sequence_ordered_stop_od,GMB,line_gmb_2001474,gmb_2001474_1,2001474,1,1,20007654,20008271,unspecified_in_source,unspecified_in_source,unspecified_in_source,unspecified_in_source,unspecified_in_source,,,,pt_fare,,,not_encoded_in_source_revision_cutoff_only,2026-07-14,2026-07-20,,"[""gtfs:fare_rules.txt:792132|fare_attributes.txt:858744|fare_id:2001474-1-18-33"",""gtfs:fare_rules.txt:792402|fare_attributes.txt:788143|fare_id:2001474-1-30-33""]",data/transit/hongkong/PublicTransportGTFS/gtfs.zip,e5ad020b79d0020625a4e8eb5428c2253a07705b71bfb809d8a3fa178032ce06,2,2,ambiguous,"[{""fare_attribute_line"":858744,""fare_id"":""2001474-1-18-33"",""fare_rule_line"":792132,""price"":7.2},{""fare_attribute_line"":788143,""fare_id"":""2001474-1-30-33"",""fare_rule_line"":792402,""price"":8.3}]",ambiguous,A,U,unresolved,official_json_routeSeq_exact_full_stop_pattern_plus_ordered_gtfs_stop_od,conflicting_published_amounts
exact_route_sequence_ordered_stop_od,GMB,line_gmb_2001474,gmb_2001474_1,2001474,1,1,20007654,20008272,unspecified_in_source,unspecified_in_source,unspecified_in_source,unspecified_in_source,unspecified_in_source,,,,pt_fare,,,not_encoded_in_source_revision_cutoff_only,2026-07-14,2026-07-20,,"[""gtfs:fare_rules.txt:792135|fare_attributes.txt:858747|fare_id:2001474-1-18-36"",""gtfs:fare_rules.txt:792405|fare_attributes.txt:788146|fare_id:2001474-1-30-36""]",data/transit/hongkong/PublicTransportGTFS/gtfs.zip,e5ad020b79d0020625a4e8eb5428c2253a07705b71bfb809d8a3fa178032ce06,2,2,ambiguous,"[{""fare_attribute_line"":858747,""fare_id"":""2001474-1-18-36"",""fare_rule_line"":792135,""price"":7.2},{""fare_attribute_line"":788146,""fare_id"":""2001474-1-30-36"",""fare_rule_line"":792405,""price"":8.3}]",ambiguous,A,U,unresolved,official_json_routeSeq_exact_full_stop_pattern_plus_ordered_gtfs_stop_od,conflicting_published_amounts
exact_route_sequence_ordered_stop_od,GMB,line_gmb_2001474,gmb_2001474_1,2001474,1,1,20007654,20008273,unspecified_in_source,unspecified_in_source,unspecified_in_source,unspecified_in_source,unspecified_in_source,,,,pt_fare,,,not_encoded_in_source_revision_cutoff_only,2026-07-14,2026-07-20,,"[""gtfs:fare_rules.txt:792136|fare_attributes.txt:858748|fare_id:2001474-1-18-37"",""gtfs:fare_rules.txt:792406|fare_attributes.txt:788147|fare_id:2001474-1-30-37""]",data/transit/hongkong/PublicTransportGTFS/gtfs.zip,e5ad020b79d0020625a4e8eb5428c2253a07705b71bfb809d8a3fa178032ce06,2,2,ambiguous,"[{""fare_attribute_line"":858748,""fare_id"":""2001474-1-18-37"",""fare_rule_line"":792136,""price"":7.2},{""fare_attribute_line"":788147,""fare_id"":""2001474-1-30-37"",""fare_rule_line"":792406,""price"":8.3}]",ambiguous,A,U,unresolved,official_json_routeSeq_exact_full_stop_pattern_plus_ordered_gtfs_stop_od,conflicting_published_amounts
exact_route_sequence_ordered_stop_od,GMB,line_gmb_2001474,gmb_2001474_1,2001474,1,1,20007654,20008284,unspecified_in_source,unspecified_in_source,unspecified_in_source,unspecified_in_source,unspecified_in_source,,,,pt_fare,,,not_encoded_in_source_revision_cutoff_only,2026-07-14,2026-07-20,,"[""gtfs:fare_rules.txt:792130|fare_attributes.txt:858742|fare_id:2001474-1-18-31"",""gtfs:fare_rules.txt:792400|fare_attributes.txt:788141|fare_id:2001474-1-30-31""]",data/transit/hongkong/PublicTransportGTFS/gtfs.zip,e5ad020b79d0020625a4e8eb5428c2253a07705b71bfb809d8a3fa178032ce06,2,2,ambiguous,"[{""fare_attribute_line"":858742,""fare_id"":""2001474-1-18-31"",""fare_rule_line"":792130,""price"":7.2},{""fare_attribute_line"":788141,""fare_id"":""2001474-1-30-31"",""fare_rule_line"":792400,""price"":8.3}]",ambiguous,A,U,unresolved,official_json_routeSeq_exact_full_stop_pattern_plus_ordered_gtfs_stop_od,conflicting_published_amounts
exact_route_sequence_ordered_stop_od,GMB,line_gmb_2001740,gmb_2001740_1,2001740,1,1,20001363,20001319,unspecified_in_source,unspecified_in_source,unspecified_in_source,unspecified_in_source,unspecified_in_source,,,,pt_fare,,,not_encoded_in_source_revision_cutoff_only,2026-07-14,2026-07-20,,"[""gtfs:fare_rules.txt:795427|fare_attributes.txt:859279|fare_id:2001740-1-19-40"",""gtfs:fare_rules.txt:795527|fare_attributes.txt:791652|fare_id:2001740-1-24-40""]",data/transit/hongkong/PublicTransportGTFS/gtfs.zip,e5ad020b79d0020625a4e8eb5428c2253a07705b71bfb809d8a3fa178032ce06,2,2,ambiguous,"[{""fare_attribute_line"":859279,""fare_id"":""2001740-1-19-40"",""fare_rule_line"":795427,""price"":5.8},{""fare_attribute_line"":791652,""fare_id"":""2001740-1-24-40"",""fare_rule_line"":795527,""price"":9.3}]",ambiguous,A,U,unresolved,official_json_routeSeq_exact_full_stop_pattern_plus_ordered_gtfs_stop_od,conflicting_published_amounts
exact_route_sequence_ordered_stop_od,GMB,line_gmb_2001740,gmb_2001740_1,2001740,1,1,20001363,20001344,unspecified_in_source,unspecified_in_source,unspecified_in_source,unspecified_in_source,unspecified_in_source,,,,pt_fare,,,not_encoded_in_source_revision_cutoff_only,2026-07-14,2026-07-20,,"[""gtfs:fare_rules.txt:795429|fare_attributes.txt:859281|fare_id:2001740-1-19-42"",""gtfs:fare_rules.txt:795529|fare_attributes.txt:791654|fare_id:2001740-1-24-42""]",data/transit/hongkong/PublicTransportGTFS/gtfs.zip,e5ad020b79d0020625a4e8eb5428c2253a07705b71bfb809d8a3fa178032ce06,2,2,ambiguous,"[{""fare_attribute_line"":859281,""fare_id"":""2001740-1-19-42"",""fare_rule_line"":795429,""price"":5.8},{""fare_attribute_line"":791654,""fare_id"":""2001740-1-24-42"",""fare_rule_line"":795529,""price"":9.3}]",ambiguous,A,U,unresolved,official_json_routeSeq_exact_full_stop_pattern_plus_ordered_gtfs_stop_od,conflicting_published_amounts
exact_route_sequence_ordered_stop_od,GMB,line_gmb_2001740,gmb_2001740_1,2001740,1,1,20001363,20001352,unspecified_in_source,unspecified_in_source,unspecified_in_source,unspecified_in_source,unspecified_in_source,,,,pt_fare,,,not_encoded_in_source_revision_cutoff_only,2026-07-14,2026-07-20,,"[""gtfs:fare_rules.txt:795416|fare_attributes.txt:859268|fare_id:2001740-1-19-29"",""gtfs:fare_rules.txt:795516|fare_attributes.txt:791641|fare_id:2001740-1-24-29""]",data/transit/hongkong/PublicTransportGTFS/gtfs.zip,e5ad020b79d0020625a4e8eb5428c2253a07705b71bfb809d8a3fa178032ce06,2,2,ambiguous,"[{""fare_attribute_line"":859268,""fare_id"":""2001740-1-19-29"",""fare_rule_line"":795416,""price"":5.8},{""fare_attribute_line"":791641,""fare_id"":""2001740-1-24-29"",""fare_rule_line"":795516,""price"":9.3}]",ambiguous,A,U,unresolved,official_json_routeSeq_exact_full_stop_pattern_plus_ordered_gtfs_stop_od,conflicting_published_amounts
exact_route_sequence_ordered_stop_od,GMB,line_gmb_2001740,gmb_2001740_1,2001740,1,1,20001363,20001353,unspecified_in_source,unspecified_in_source,unspecified_in_source,unspecified_in_source,unspecified_in_source,,,,pt_fare,,,not_encoded_in_source_revision_cutoff_only,2026-07-14,2026-07-20,,"[""gtfs:fare_rules.txt:795418|fare_attributes.txt:859270|fare_id:2001740-1-19-31"",""gtfs:fare_rules.txt:795518|fare_attributes.txt:791643|fare_id:2001740-1-24-31""]",data/transit/hongkong/PublicTransportGTFS/gtfs.zip,e5ad020b79d0020625a4e8eb5428c2253a07705b71bfb809d8a3fa178032ce06,2,2,ambiguous,"[{""fare_attribute_line"":859270,""fare_id"":""2001740-1-19-31"",""fare_rule_line"":795418,""price"":5.8},{""fare_attribute_line"":791643,""fare_id"":""2001740-1-24-31"",""fare_rule_line"":795518,""price"":9.3}]",ambiguous,A,U,unresolved,official_json_routeSeq_exact_full_stop_pattern_plus_ordered_gtfs_stop_od,conflicting_published_amounts
exact_route_sequence_ordered_stop_od,GMB,line_gmb_2001740,gmb_2001740_1,2001740,1,1,20001363,20001354,unspecified_in_source,unspecified_in_source,unspecified_in_source,unspecified_in_source,unspecified_in_source,,,,pt_fare,,,not_encoded_in_source_revision_cutoff_only,2026-07-14,2026-07-20,,"[""gtfs:fare_rules.txt:795420|fare_attributes.txt:859272|fare_id:2001740-1-19-33"",""gtfs:fare_rules.txt:795520|fare_attributes.txt:791645|fare_id:2001740-1-24-33""]",data/transit/hongkong/PublicTransportGTFS/gtfs.zip,e5ad020b79d0020625a4e8eb5428c2253a07705b71bfb809d8a3fa178032ce06,2,2,ambiguous,"[{""fare_attribute_line"":859272,""fare_id"":""2001740-1-19-33"",""fare_rule_line"":795420,""price"":5.8},{""fare_attribute_line"":791645,""fare_id"":""2001740-1-24-33"",""fare_rule_line"":795520,""price"":9.3}]",ambiguous,A,U,unresolved,official_json_routeSeq_exact_full_stop_pattern_plus_ordered_gtfs_stop_od,conflicting_published_amounts
exact_route_sequence_ordered_stop_od,GMB,line_gmb_2001740,gmb_2001740_1,2001740,1,1,20001363,20001355,unspecified_in_source,unspecified_in_source,unspecified_in_source,unspecified_in_source,unspecified_in_source,,,,pt_fare,,,not_encoded_in_source_revision_cutoff_only,2026-07-14,2026-07-20,,"[""gtfs:fare_rules.txt:795422|fare_attributes.txt:859274|fare_id:2001740-1-19-35"",""gtfs:fare_rules.txt:795522|fare_attributes.txt:791647|fare_id:2001740-1-24-35""]",data/transit/hongkong/PublicTransportGTFS/gtfs.zip,e5ad020b79d0020625a4e8eb5428c2253a07705b71bfb809d8a3fa178032ce06,2,2,ambiguous,"[{""fare_attribute_line"":859274,""fare_id"":""2001740-1-19-35"",""fare_rule_line"":795422,""price"":5.8},{""fare_attribute_line"":791647,""fare_id"":""2001740-1-24-35"",""fare_rule_line"":795522,""price"":9.3}]",ambiguous,A,U,unresolved,official_json_routeSeq_exact_full_stop_pattern_plus_ordered_gtfs_stop_od,conflicting_published_amounts
exact_route_sequence_ordered_stop_od,GMB,line_gmb_2001740,gmb_2001740_1,2001740,1,1,20001363,20001356,unspecified_in_source,unspecified_in_source,unspecified_in_source,unspecified_in_source,unspecified_in_source,,,,pt_fare,,,not_encoded_in_source_revision_cutoff_only,2026-07-14,2026-07-20,,"[""gtfs:fare_rules.txt:795423|fare_attributes.txt:859275|fare_id:2001740-1-19-36"",""gtfs:fare_rules.txt:795523|fare_attributes.txt:791648|fare_id:2001740-1-24-36""]",data/transit/hongkong/PublicTransportGTFS/gtfs.zip,e5ad020b79d0020625a4e8eb5428c2253a07705b71bfb809d8a3fa178032ce06,2,2,ambiguous,"[{""fare_attribute_line"":859275,""fare_id"":""2001740-1-19-36"",""fare_rule_line"":795423,""price"":5.8},{""fare_attribute_line"":791648,""fare_id"":""2001740-1-24-36"",""fare_rule_line"":795523,""price"":9.3}]",ambiguous,A,U,unresolved,official_json_routeSeq_exact_full_stop_pattern_plus_ordered_gtfs_stop_od,conflicting_published_amounts
exact_route_sequence_ordered_stop_od,GMB,line_gmb_2001740,gmb_2001740_1,2001740,1,1,20001363,20001357,unspecified_in_source,unspecified_in_source,unspecified_in_source,unspecified_in_source,unspecified_in_source,,,,pt_fare,,,not_encoded_in_source_revision_cutoff_only,2026-07-14,2026-07-20,,"[""gtfs:fare_rules.txt:795424|fare_attributes.txt:859276|fare_id:2001740-1-19-37"",""gtfs:fare_rules.txt:795524|fare_attributes.txt:791649|fare_id:2001740-1-24-37""]",data/transit/hongkong/PublicTransportGTFS/gtfs.zip,e5ad020b79d0020625a4e8eb5428c2253a07705b71bfb809d8a3fa178032ce06,2,2,ambiguous,"[{""fare_attribute_line"":859276,""fare_id"":""2001740-1-19-37"",""fare_rule_line"":795424,""price"":5.8},{""fare_attribute_line"":791649,""fare_id"":""2001740-1-24-37"",""fare_rule_line"":795524,""price"":9.3}]",ambiguous,A,U,unresolved,official_json_routeSeq_exact_full_stop_pattern_plus_ordered_gtfs_stop_od,conflicting_published_amounts
exact_route_sequence_ordered_stop_od,GMB,line_gmb_2001740,gmb_2001740_1,2001740,1,1,20001363,20001358,unspecified_in_source,unspecified_in_source,unspecified_in_source,unspecified_in_source,unspecified_in_source,,,,pt_fare,,,not_encoded_in_source_revision_cutoff_only,2026-07-14,2026-07-20,,"[""gtfs:fare_rules.txt:795425|fare_attributes.txt:859277|fare_id:2001740-1-19-38"",""gtfs:fare_rules.txt:795525|fare_attributes.txt:791650|fare_id:2001740-1-24-38""]",data/transit/hongkong/PublicTransportGTFS/gtfs.zip,e5ad020b79d0020625a4e8eb5428c2253a07705b71bfb809d8a3fa178032ce06,2,2,ambiguous,"[{""fare_attribute_line"":859277,""fare_id"":""2001740-1-19-38"",""fare_rule_line"":795425,""price"":5.8},{""fare_attribute_line"":791650,""fare_id"":""2001740-1-24-38"",""fare_rule_line"":795525,""price"":9.3}]",ambiguous,A,U,unresolved,official_json_routeSeq_exact_full_stop_pattern_plus_ordered_gtfs_stop_od,conflicting_published_amounts
exact_route_sequence_ordered_stop_od,GMB,line_gmb_2001740,gmb_2001740_1,2001740,1,1,20001363,20001359,unspecified_in_source,unspecified_in_source,unspecified_in_source,unspecified_in_source,unspecified_in_source,,,,pt_fare,,,not_encoded_in_source_revision_cutoff_only,2026-07-14,2026-07-20,,"[""gtfs:fare_rules.txt:795426|fare_attributes.txt:859278|fare_id:2001740-1-19-39"",""gtfs:fare_rules.txt:795526|fare_attributes.txt:791651|fare_id:2001740-1-24-39""]",data/transit/hongkong/PublicTransportGTFS/gtfs.zip,e5ad020b79d0020625a4e8eb5428c2253a07705b71bfb809d8a3fa178032ce06,2,2,ambiguous,"[{""fare_attribute_line"":859278,""fare_id"":""2001740-1-19-39"",""fare_rule_line"":795426,""price"":5.8},{""fare_attribute_line"":791651,""fare_id"":""2001740-1-24-39"",""fare_rule_line"":795526,""price"":9.3}]",ambiguous,A,U,unresolved,official_json_routeSeq_exact_full_stop_pattern_plus_ordered_gtfs_stop_od,conflicting_published_amounts
exact_route_sequence_ordered_stop_od,GMB,line_gmb_2001740,gmb_2001740_1,2001740,1,1,20001363,20001369,unspecified_in_source,unspecified_in_source,unspecified_in_source,unspecified_in_source,unspecified_in_source,,,,pt_fare,,,not_encoded_in_source_revision_cutoff_only,2026-07-14,2026-07-20,,"[""gtfs:fare_rules.txt:795413|fare_attributes.txt:859265|fare_id:2001740-1-19-26"",""gtfs:fare_rules.txt:795513|fare_attributes.txt:791638|fare_id:2001740-1-24-26""]",data/transit/hongkong/PublicTransportGTFS/gtfs.zip,e5ad020b79d0020625a4e8eb5428c2253a07705b71bfb809d8a3fa178032ce06,2,2,ambiguous,"[{""fare_attribute_line"":859265,""fare_id"":""2001740-1-19-26"",""fare_rule_line"":795413,""price"":5.8},{""fare_attribute_line"":791638,""fare_id"":""2001740-1-24-26"",""fare_rule_line"":795513,""price"":9.3}]",ambiguous,A,U,unresolved,official_json_routeSeq_exact_full_stop_pattern_plus_ordered_gtfs_stop_od,conflicting_published_amounts
exact_route_sequence_ordered_stop_od,GMB,line_gmb_2001740,gmb_2001740_1,2001740,1,1,20001363,20001370,unspecified_in_source,unspecified_in_source,unspecified_in_source,unspecified_in_source,unspecified_in_source,,,,pt_fare,,,not_encoded_in_source_revision_cutoff_only,2026-07-14,2026-07-20,,"[""gtfs:fare_rules.txt:795414|fare_attributes.txt:859266|fare_id:2001740-1-19-27"",""gtfs:fare_rules.txt:795514|fare_attributes.txt:791639|fare_id:2001740-1-24-27""]",data/transit/hongkong/PublicTransportGTFS/gtfs.zip,e5ad020b79d0020625a4e8eb5428c2253a07705b71bfb809d8a3fa178032ce06,2,2,ambiguous,"[{""fare_attribute_line"":859266,""fare_id"":""2001740-1-19-27"",""fare_rule_line"":795414,""price"":5.8},{""fare_attribute_line"":791639,""fare_id"":""2001740-1-24-27"",""fare_rule_line"":795514,""price"":9.3}]",ambiguous,A,U,unresolved,official_json_routeSeq_exact_full_stop_pattern_plus_ordered_gtfs_stop_od,conflicting_published_amounts
exact_route_sequence_ordered_stop_od,GMB,line_gmb_2001740,gmb_2001740_1,2001740,1,1,20001363,20002053,unspecified_in_source,unspecified_in_source,unspecified_in_source,unspecified_in_source,unspecified_in_source,,,,pt_fare,,,not_encoded_in_source_revision_cutoff_only,2026-07-14,2026-07-20,,"[""gtfs:fare_rules.txt:795417|fare_attributes.txt:859269|fare_id:2001740-1-19-30"",""gtfs:fare_rules.txt:795517|fare_attributes.txt:791642|fare_id:2001740-1-24-30""]",data/transit/hongkong/PublicTransportGTFS/gtfs.zip,e5ad020b79d0020625a4e8eb5428c2253a07705b71bfb809d8a3fa178032ce06,2,2,ambiguous,"[{""fare_attribute_line"":859269,""fare_id"":""2001740-1-19-30"",""fare_rule_line"":795417,""price"":5.8},{""fare_attribute_line"":791642,""fare_id"":""2001740-1-24-30"",""fare_rule_line"":795517,""price"":9.3}]",ambiguous,A,U,unresolved,official_json_routeSeq_exact_full_stop_pattern_plus_ordered_gtfs_stop_od,conflicting_published_amounts
exact_route_sequence_ordered_stop_od,GMB,line_gmb_2001740,gmb_2001740_1,2001740,1,1,20001363,20002054,unspecified_in_source,unspecified_in_source,unspecified_in_source,unspecified_in_source,unspecified_in_source,,,,pt_fare,,,not_encoded_in_source_revision_cutoff_only,2026-07-14,2026-07-20,,"[""gtfs:fare_rules.txt:795419|fare_attributes.txt:859271|fare_id:2001740-1-19-32"",""gtfs:fare_rules.txt:795519|fare_attributes.txt:791644|fare_id:2001740-1-24-32""]",data/transit/hongkong/PublicTransportGTFS/gtfs.zip,e5ad020b79d0020625a4e8eb5428c2253a07705b71bfb809d8a3fa178032ce06,2,2,ambiguous,"[{""fare_attribute_line"":859271,""fare_id"":""2001740-1-19-32"",""fare_rule_line"":795419,""price"":5.8},{""fare_attribute_line"":791644,""fare_id"":""2001740-1-24-32"",""fare_rule_line"":795519,""price"":9.3}]",ambiguous,A,U,unresolved,official_json_routeSeq_exact_full_stop_pattern_plus_ordered_gtfs_stop_od,conflicting_published_amounts
exact_route_sequence_ordered_stop_od,GMB,line_gmb_2001740,gmb_2001740_1,2001740,1,1,20001363,20004505,unspecified_in_source,unspecified_in_source,unspecified_in_source,unspecified_in_source,unspecified_in_source,,,,pt_fare,,,not_encoded_in_source_revision_cutoff_only,2026-07-14,2026-07-20,,"[""gtfs:fare_rules.txt:795421|fare_attributes.txt:859273|fare_id:2001740-1-19-34"",""gtfs:fare_rules.txt:795521|fare_attributes.txt:791646|fare_id:2001740-1-24-34""]",data/transit/hongkong/PublicTransportGTFS/gtfs.zip,e5ad020b79d0020625a4e8eb5428c2253a07705b71bfb809d8a3fa178032ce06,2,2,ambiguous,"[{""fare_attribute_line"":859273,""fare_id"":""2001740-1-19-34"",""fare_rule_line"":795421,""price"":5.8},{""fare_attribute_line"":791646,""fare_id"":""2001740-1-24-34"",""fare_rule_line"":795521,""price"":9.3}]",ambiguous,A,U,unresolved,official_json_routeSeq_exact_full_stop_pattern_plus_ordered_gtfs_stop_od,conflicting_published_amounts
exact_route_sequence_ordered_stop_od,GMB,line_gmb_2001740,gmb_2001740_1,2001740,1,1,20001363,20011812,unspecified_in_source,unspecified_in_source,unspecified_in_source,unspecified_in_source,unspecified_in_source,,,,pt_fare,,,not_encoded_in_source_revision_cutoff_only,2026-07-14,2026-07-20,,"[""gtfs:fare_rules.txt:795428|fare_attributes.txt:859280|fare_id:2001740-1-19-41"",""gtfs:fare_rules.txt:795528|fare_attributes.txt:791653|fare_id:2001740-1-24-41""]",data/transit/hongkong/PublicTransportGTFS/gtfs.zip,e5ad020b79d0020625a4e8eb5428c2253a07705b71bfb809d8a3fa178032ce06,2,2,ambiguous,"[{""fare_attribute_line"":859280,""fare_id"":""2001740-1-19-41"",""fare_rule_line"":795428,""price"":5.8},{""fare_attribute_line"":791653,""fare_id"":""2001740-1-24-41"",""fare_rule_line"":795528,""price"":9.3}]",ambiguous,A,U,unresolved,official_json_routeSeq_exact_full_stop_pattern_plus_ordered_gtfs_stop_od,conflicting_published_amounts
exact_route_sequence_ordered_stop_od,GMB,line_gmb_2001740,gmb_2001740_1,2001740,1,1,20001363,20020888,unspecified_in_source,unspecified_in_source,unspecified_in_source,unspecified_in_source,unspecified_in_source,,,,pt_fare,,,not_encoded_in_source_revision_cutoff_only,2026-07-14,2026-07-20,,"[""gtfs:fare_rules.txt:795415|fare_attributes.txt:859267|fare_id:2001740-1-19-28"",""gtfs:fare_rules.txt:795515|fare_attributes.txt:791640|fare_id:2001740-1-24-28""]",data/transit/hongkong/PublicTransportGTFS/gtfs.zip,e5ad020b79d0020625a4e8eb5428c2253a07705b71bfb809d8a3fa178032ce06,2,2,ambiguous,"[{""fare_attribute_line"":859267,""fare_id"":""2001740-1-19-28"",""fare_rule_line"":795415,""price"":5.8},{""fare_attribute_line"":791640,""fare_id"":""2001740-1-24-28"",""fare_rule_line"":795515,""price"":9.3}]",ambiguous,A,U,unresolved,official_json_routeSeq_exact_full_stop_pattern_plus_ordered_gtfs_stop_od,conflicting_published_amounts
exact_route_sequence_ordered_stop_od,GMB,line_gmb_2001740,gmb_2001740_1,2001740,1,1,20005041,20001319,unspecified_in_source,unspecified_in_source,unspecified_in_source,unspecified_in_source,unspecified_in_source,,,,pt_fare,,,not_encoded_in_source_revision_cutoff_only,2026-07-14,2026-07-20,,"[""gtfs:fare_rules.txt:795404|fare_attributes.txt:859257|fare_id:2001740-1-18-40"",""gtfs:fare_rules.txt:795509|fare_attributes.txt:791634|fare_id:2001740-1-23-40""]",data/transit/hongkong/PublicTransportGTFS/gtfs.zip,e5ad020b79d0020625a4e8eb5428c2253a07705b71bfb809d8a3fa178032ce06,2,2,ambiguous,"[{""fare_attribute_line"":859257,""fare_id"":""2001740-1-18-40"",""fare_rule_line"":795404,""price"":5.8},{""fare_attribute_line"":791634,""fare_id"":""2001740-1-23-40"",""fare_rule_line"":795509,""price"":9.3}]",ambiguous,A,U,unresolved,official_json_routeSeq_exact_full_stop_pattern_plus_ordered_gtfs_stop_od,conflicting_published_amounts
exact_route_sequence_ordered_stop_od,GMB,line_gmb_2001740,gmb_2001740_1,2001740,1,1,20005041,20001344,unspecified_in_source,unspecified_in_source,unspecified_in_source,unspecified_in_source,unspecified_in_source,,,,pt_fare,,,not_encoded_in_source_revision_cutoff_only,2026-07-14,2026-07-20,,"[""gtfs:fare_rules.txt:795406|fare_attributes.txt:859259|fare_id:2001740-1-18-42"",""gtfs:fare_rules.txt:795511|fare_attributes.txt:791636|fare_id:2001740-1-23-42""]",data/transit/hongkong/PublicTransportGTFS/gtfs.zip,e5ad020b79d0020625a4e8eb5428c2253a07705b71bfb809d8a3fa178032ce06,2,2,ambiguous,"[{""fare_attribute_line"":859259,""fare_id"":""2001740-1-18-42"",""fare_rule_line"":795406,""price"":5.8},{""fare_attribute_line"":791636,""fare_id"":""2001740-1-23-42"",""fare_rule_line"":795511,""price"":9.3}]",ambiguous,A,U,unresolved,official_json_routeSeq_exact_full_stop_pattern_plus_ordered_gtfs_stop_od,conflicting_published_amounts
exact_route_sequence_ordered_stop_od,GMB,line_gmb_2001740,gmb_2001740_1,2001740,1,1,20005041,20001352,unspecified_in_source,unspecified_in_source,unspecified_in_source,unspecified_in_source,unspecified_in_source,,,,pt_fare,,,not_encoded_in_source_revision_cutoff_only,2026-07-14,2026-07-20,,"[""gtfs:fare_rules.txt:795393|fare_attributes.txt:859246|fare_id:2001740-1-18-29"",""gtfs:fare_rules.txt:795498|fare_attributes.txt:791623|fare_id:2001740-1-23-29""]",data/transit/hongkong/PublicTransportGTFS/gtfs.zip,e5ad020b79d0020625a4e8eb5428c2253a07705b71bfb809d8a3fa178032ce06,2,2,ambiguous,"[{""fare_attribute_line"":859246,""fare_id"":""2001740-1-18-29"",""fare_rule_line"":795393,""price"":5.8},{""fare_attribute_line"":791623,""fare_id"":""2001740-1-23-29"",""fare_rule_line"":795498,""price"":9.3}]",ambiguous,A,U,unresolved,official_json_routeSeq_exact_full_stop_pattern_plus_ordered_gtfs_stop_od,conflicting_published_amounts
exact_route_sequence_ordered_stop_od,GMB,line_gmb_2001740,gmb_2001740_1,2001740,1,1,20005041,20001353,unspecified_in_source,unspecified_in_source,unspecified_in_source,unspecified_in_source,unspecified_in_source,,,,pt_fare,,,not_encoded_in_source_revision_cutoff_only,2026-07-14,2026-07-20,,"[""gtfs:fare_rules.txt:795395|fare_attributes.txt:859248|fare_id:2001740-1-18-31"",""gtfs:fare_rules.txt:795500|fare_attributes.txt:791625|fare_id:2001740-1-23-31""]",data/transit/hongkong/PublicTransportGTFS/gtfs.zip,e5ad020b79d0020625a4e8eb5428c2253a07705b71bfb809d8a3fa178032ce06,2,2,ambiguous,"[{""fare_attribute_line"":859248,""fare_id"":""2001740-1-18-31"",""fare_rule_line"":795395,""price"":5.8},{""fare_attribute_line"":791625,""fare_id"":""2001740-1-23-31"",""fare_rule_line"":795500,""price"":9.3}]",ambiguous,A,U,unresolved,official_json_routeSeq_exact_full_stop_pattern_plus_ordered_gtfs_stop_od,conflicting_published_amounts
exact_route_sequence_ordered_stop_od,GMB,line_gmb_2001740,gmb_2001740_1,2001740,1,1,20005041,20001354,unspecified_in_source,unspecified_in_source,unspecified_in_source,unspecified_in_source,unspecified_in_source,,,,pt_fare,,,not_encoded_in_source_revision_cutoff_only,2026-07-14,2026-07-20,,"[""gtfs:fare_rules.txt:795397|fare_attributes.txt:859250|fare_id:2001740-1-18-33"",""gtfs:fare_rules.txt:795502|fare_attributes.txt:791627|fare_id:2001740-1-23-33""]",data/transit/hongkong/PublicTransportGTFS/gtfs.zip,e5ad020b79d0020625a4e8eb5428c2253a07705b71bfb809d8a3fa178032ce06,2,2,ambiguous,"[{""fare_attribute_line"":859250,""fare_id"":""2001740-1-18-33"",""fare_rule_line"":795397,""price"":5.8},{""fare_attribute_line"":791627,""fare_id"":""2001740-1-23-33"",""fare_rule_line"":795502,""price"":9.3}]",ambiguous,A,U,unresolved,official_json_routeSeq_exact_full_stop_pattern_plus_ordered_gtfs_stop_od,conflicting_published_amounts
exact_route_sequence_ordered_stop_od,GMB,line_gmb_2001740,gmb_2001740_1,2001740,1,1,20005041,20001355,unspecified_in_source,unspecified_in_source,unspecified_in_source,unspecified_in_source,unspecified_in_source,,,,pt_fare,,,not_encoded_in_source_revision_cutoff_only,2026-07-14,2026-07-20,,"[""gtfs:fare_rules.txt:795399|fare_attributes.txt:859252|fare_id:2001740-1-18-35"",""gtfs:fare_rules.txt:795504|fare_attributes.txt:791629|fare_id:2001740-1-23-35""]",data/transit/hongkong/PublicTransportGTFS/gtfs.zip,e5ad020b79d0020625a4e8eb5428c2253a07705b71bfb809d8a3fa178032ce06,2,2,ambiguous,"[{""fare_attribute_line"":859252,""fare_id"":""2001740-1-18-35"",""fare_rule_line"":795399,""price"":5.8},{""fare_attribute_line"":791629,""fare_id"":""2001740-1-23-35"",""fare_rule_line"":795504,""price"":9.3}]",ambiguous,A,U,unresolved,official_json_routeSeq_exact_full_stop_pattern_plus_ordered_gtfs_stop_od,conflicting_published_amounts
exact_route_sequence_ordered_stop_od,GMB,line_gmb_2001740,gmb_2001740_1,2001740,1,1,20005041,20001356,unspecified_in_source,unspecified_in_source,unspecified_in_source,unspecified_in_source,unspecified_in_source,,,,pt_fare,,,not_encoded_in_source_revision_cutoff_only,2026-07-14,2026-07-20,,"[""gtfs:fare_rules.txt:795400|fare_attributes.txt:859253|fare_id:2001740-1-18-36"",""gtfs:fare_rules.txt:795505|fare_attributes.txt:791630|fare_id:2001740-1-23-36""]",data/transit/hongkong/PublicTransportGTFS/gtfs.zip,e5ad020b79d0020625a4e8eb5428c2253a07705b71bfb809d8a3fa178032ce06,2,2,ambiguous,"[{""fare_attribute_line"":859253,""fare_id"":""2001740-1-18-36"",""fare_rule_line"":795400,""price"":5.8},{""fare_attribute_line"":791630,""fare_id"":""2001740-1-23-36"",""fare_rule_line"":795505,""price"":9.3}]",ambiguous,A,U,unresolved,official_json_routeSeq_exact_full_stop_pattern_plus_ordered_gtfs_stop_od,conflicting_published_amounts
exact_route_sequence_ordered_stop_od,GMB,line_gmb_2001740,gmb_2001740_1,2001740,1,1,20005041,20001357,unspecified_in_source,unspecified_in_source,unspecified_in_source,unspecified_in_source,unspecified_in_source,,,,pt_fare,,,not_encoded_in_source_revision_cutoff_only,2026-07-14,2026-07-20,,"[""gtfs:fare_rules.txt:795401|fare_attributes.txt:859254|fare_id:2001740-1-18-37"",""gtfs:fare_rules.txt:795506|fare_attributes.txt:791631|fare_id:2001740-1-23-37""]",data/transit/hongkong/PublicTransportGTFS/gtfs.zip,e5ad020b79d0020625a4e8eb5428c2253a07705b71bfb809d8a3fa178032ce06,2,2,ambiguous,"[{""fare_attribute_line"":859254,""fare_id"":""2001740-1-18-37"",""fare_rule_line"":795401,""price"":5.8},{""fare_attribute_line"":791631,""fare_id"":""2001740-1-23-37"",""fare_rule_line"":795506,""price"":9.3}]",ambiguous,A,U,unresolved,official_json_routeSeq_exact_full_stop_pattern_plus_ordered_gtfs_stop_od,conflicting_published_amounts
exact_route_sequence_ordered_stop_od,GMB,line_gmb_2001740,gmb_2001740_1,2001740,1,1,20005041,20001358,unspecified_in_source,unspecified_in_source,unspecified_in_source,unspecified_in_source,unspecified_in_source,,,,pt_fare,,,not_encoded_in_source_revision_cutoff_only,2026-07-14,2026-07-20,,"[""gtfs:fare_rules.txt:795402|fare_attributes.txt:859255|fare_id:2001740-1-18-38"",""gtfs:fare_rules.txt:795507|fare_attributes.txt:791632|fare_id:2001740-1-23-38""]",data/transit/hongkong/PublicTransportGTFS/gtfs.zip,e5ad020b79d0020625a4e8eb5428c2253a07705b71bfb809d8a3fa178032ce06,2,2,ambiguous,"[{""fare_attribute_line"":859255,""fare_id"":""2001740-1-18-38"",""fare_rule_line"":795402,""price"":5.8},{""fare_attribute_line"":791632,""fare_id"":""2001740-1-23-38"",""fare_rule_line"":795507,""price"":9.3}]",ambiguous,A,U,unresolved,official_json_routeSeq_exact_full_stop_pattern_plus_ordered_gtfs_stop_od,conflicting_published_amounts
exact_route_sequence_ordered_stop_od,GMB,line_gmb_2001740,gmb_2001740_1,2001740,1,1,20005041,20001359,unspecified_in_source,unspecified_in_source,unspecified_in_source,unspecified_in_source,unspecified_in_source,,,,pt_fare,,,not_encoded_in_source_revision_cutoff_only,2026-07-14,2026-07-20,,"[""gtfs:fare_rules.txt:795403|fare_attributes.txt:859256|fare_id:2001740-1-18-39"",""gtfs:fare_rules.txt:795508|fare_attributes.txt:791633|fare_id:2001740-1-23-39""]",data/transit/hongkong/PublicTransportGTFS/gtfs.zip,e5ad020b79d0020625a4e8eb5428c2253a07705b71bfb809d8a3fa178032ce06,2,2,ambiguous,"[{""fare_attribute_line"":859256,""fare_id"":""2001740-1-18-39"",""fare_rule_line"":795403,""price"":5.8},{""fare_attribute_line"":791633,""fare_id"":""2001740-1-23-39"",""fare_rule_line"":795508,""price"":9.3}]",ambiguous,A,U,unresolved,official_json_routeSeq_exact_full_stop_pattern_plus_ordered_gtfs_stop_od,conflicting_published_amounts
exact_route_sequence_ordered_stop_od,GMB,line_gmb_2001740,gmb_2001740_1,2001740,1,1,20005041,20001369,unspecified_in_source,unspecified_in_source,unspecified_in_source,unspecified_in_source,unspecified_in_source,,,,pt_fare,,,not_encoded_in_source_revision_cutoff_only,2026-07-14,2026-07-20,,"[""gtfs:fare_rules.txt:795390|fare_attributes.txt:859243|fare_id:2001740-1-18-26"",""gtfs:fare_rules.txt:795495|fare_attributes.txt:791620|fare_id:2001740-1-23-26""]",data/transit/hongkong/PublicTransportGTFS/gtfs.zip,e5ad020b79d0020625a4e8eb5428c2253a07705b71bfb809d8a3fa178032ce06,2,2,ambiguous,"[{""fare_attribute_line"":859243,""fare_id"":""2001740-1-18-26"",""fare_rule_line"":795390,""price"":5.8},{""fare_attribute_line"":791620,""fare_id"":""2001740-1-23-26"",""fare_rule_line"":795495,""price"":9.3}]",ambiguous,A,U,unresolved,official_json_routeSeq_exact_full_stop_pattern_plus_ordered_gtfs_stop_od,conflicting_published_amounts
exact_route_sequence_ordered_stop_od,GMB,line_gmb_2001740,gmb_2001740_1,2001740,1,1,20005041,20001370,unspecified_in_source,unspecified_in_source,unspecified_in_source,unspecified_in_source,unspecified_in_source,,,,pt_fare,,,not_encoded_in_source_revision_cutoff_only,2026-07-14,2026-07-20,,"[""gtfs:fare_rules.txt:795391|fare_attributes.txt:859244|fare_id:2001740-1-18-27"",""gtfs:fare_rules.txt:795496|fare_attributes.txt:791621|fare_id:2001740-1-23-27""]",data/transit/hongkong/PublicTransportGTFS/gtfs.zip,e5ad020b79d0020625a4e8eb5428c2253a07705b71bfb809d8a3fa178032ce06,2,2,ambiguous,"[{""fare_attribute_line"":859244,""fare_id"":""2001740-1-18-27"",""fare_rule_line"":795391,""price"":5.8},{""fare_attribute_line"":791621,""fare_id"":""2001740-1-23-27"",""fare_rule_line"":795496,""price"":9.3}]",ambiguous,A,U,unresolved,official_json_routeSeq_exact_full_stop_pattern_plus_ordered_gtfs_stop_od,conflicting_published_amounts
exact_route_sequence_ordered_stop_od,GMB,line_gmb_2001740,gmb_2001740_1,2001740,1,1,20005041,20002053,unspecified_in_source,unspecified_in_source,unspecified_in_source,unspecified_in_source,unspecified_in_source,,,,pt_fare,,,not_encoded_in_source_revision_cutoff_only,2026-07-14,2026-07-20,,"[""gtfs:fare_rules.txt:795394|fare_attributes.txt:859247|fare_id:2001740-1-18-30"",""gtfs:fare_rules.txt:795499|fare_attributes.txt:791624|fare_id:2001740-1-23-30""]",data/transit/hongkong/PublicTransportGTFS/gtfs.zip,e5ad020b79d0020625a4e8eb5428c2253a07705b71bfb809d8a3fa178032ce06,2,2,ambiguous,"[{""fare_attribute_line"":859247,""fare_id"":""2001740-1-18-30"",""fare_rule_line"":795394,""price"":5.8},{""fare_attribute_line"":791624,""fare_id"":""2001740-1-23-30"",""fare_rule_line"":795499,""price"":9.3}]",ambiguous,A,U,unresolved,official_json_routeSeq_exact_full_stop_pattern_plus_ordered_gtfs_stop_od,conflicting_published_amounts
exact_route_sequence_ordered_stop_od,GMB,line_gmb_2001740,gmb_2001740_1,2001740,1,1,20005041,20002054,unspecified_in_source,unspecified_in_source,unspecified_in_source,unspecified_in_source,unspecified_in_source,,,,pt_fare,,,not_encoded_in_source_revision_cutoff_only,2026-07-14,2026-07-20,,"[""gtfs:fare_rules.txt:795396|fare_attributes.txt:859249|fare_id:2001740-1-18-32"",""gtfs:fare_rules.txt:795501|fare_attributes.txt:791626|fare_id:2001740-1-23-32""]",data/transit/hongkong/PublicTransportGTFS/gtfs.zip,e5ad020b79d0020625a4e8eb5428c2253a07705b71bfb809d8a3fa178032ce06,2,2,ambiguous,"[{""fare_attribute_line"":859249,""fare_id"":""2001740-1-18-32"",""fare_rule_line"":795396,""price"":5.8},{""fare_attribute_line"":791626,""fare_id"":""2001740-1-23-32"",""fare_rule_line"":795501,""price"":9.3}]",ambiguous,A,U,unresolved,official_json_routeSeq_exact_full_stop_pattern_plus_ordered_gtfs_stop_od,conflicting_published_amounts
exact_route_sequence_ordered_stop_od,GMB,line_gmb_2001740,gmb_2001740_1,2001740,1,1,20005041,20004505,unspecified_in_source,unspecified_in_source,unspecified_in_source,unspecified_in_source,unspecified_in_source,,,,pt_fare,,,not_encoded_in_source_revision_cutoff_only,2026-07-14,2026-07-20,,"[""gtfs:fare_rules.txt:795398|fare_attributes.txt:859251|fare_id:2001740-1-18-34"",""gtfs:fare_rules.txt:795503|fare_attributes.txt:791628|fare_id:2001740-1-23-34""]",data/transit/hongkong/PublicTransportGTFS/gtfs.zip,e5ad020b79d0020625a4e8eb5428c2253a07705b71bfb809d8a3fa178032ce06,2,2,ambiguous,"[{""fare_attribute_line"":859251,""fare_id"":""2001740-1-18-34"",""fare_rule_line"":795398,""price"":5.8},{""fare_attribute_line"":791628,""fare_id"":""2001740-1-23-34"",""fare_rule_line"":795503,""price"":9.3}]",ambiguous,A,U,unresolved,official_json_routeSeq_exact_full_stop_pattern_plus_ordered_gtfs_stop_od,conflicting_published_amounts
exact_route_sequence_ordered_stop_od,GMB,line_gmb_2001740,gmb_2001740_1,2001740,1,1,20005041,20011812,unspecified_in_source,unspecified_in_source,unspecified_in_source,unspecified_in_source,unspecified_in_source,,,,pt_fare,,,not_encoded_in_source_revision_cutoff_only,2026-07-14,2026-07-20,,"[""gtfs:fare_rules.txt:795405|fare_attributes.txt:859258|fare_id:2001740-1-18-41"",""gtfs:fare_rules.txt:795510|fare_attributes.txt:791635|fare_id:2001740-1-23-41""]",data/transit/hongkong/PublicTransportGTFS/gtfs.zip,e5ad020b79d0020625a4e8eb5428c2253a07705b71bfb809d8a3fa178032ce06,2,2,ambiguous,"[{""fare_attribute_line"":859258,""fare_id"":""2001740-1-18-41"",""fare_rule_line"":795405,""price"":5.8},{""fare_attribute_line"":791635,""fare_id"":""2001740-1-23-41"",""fare_rule_line"":795510,""price"":9.3}]",ambiguous,A,U,unresolved,official_json_routeSeq_exact_full_stop_pattern_plus_ordered_gtfs_stop_od,conflicting_published_amounts
exact_route_sequence_ordered_stop_od,GMB,line_gmb_2001740,gmb_2001740_1,2001740,1,1,20005041,20020888,unspecified_in_source,unspecified_in_source,unspecified_in_source,unspecified_in_source,unspecified_in_source,,,,pt_fare,,,not_encoded_in_source_revision_cutoff_only,2026-07-14,2026-07-20,,"[""gtfs:fare_rules.txt:795392|fare_attributes.txt:859245|fare_id:2001740-1-18-28"",""gtfs:fare_rules.txt:795497|fare_attributes.txt:791622|fare_id:2001740-1-23-28""]",data/transit/hongkong/PublicTransportGTFS/gtfs.zip,e5ad020b79d0020625a4e8eb5428c2253a07705b71bfb809d8a3fa178032ce06,2,2,ambiguous,"[{""fare_attribute_line"":859245,""fare_id"":""2001740-1-18-28"",""fare_rule_line"":795392,""price"":5.8},{""fare_attribute_line"":791622,""fare_id"":""2001740-1-23-28"",""fare_rule_line"":795497,""price"":9.3}]",ambiguous,A,U,unresolved,official_json_routeSeq_exact_full_stop_pattern_plus_ordered_gtfs_stop_od,conflicting_published_amounts
exact_route_sequence_ordered_stop_od,GMB,line_gmb_2003214,gmb_2003214_1,2003214,1,1,20001573,20003166,unspecified_in_source,unspecified_in_source,unspecified_in_source,unspecified_in_source,unspecified_in_source,,,,pt_fare,,,not_encoded_in_source_revision_cutoff_only,2026-07-14,2026-07-20,,"[""gtfs:fare_rules.txt:809264|fare_attributes.txt:802284|fare_id:2003214-1-4-5"",""gtfs:fare_rules.txt:809289|fare_attributes.txt:802309|fare_id:2003214-2-4-5""]",data/transit/hongkong/PublicTransportGTFS/gtfs.zip,e5ad020b79d0020625a4e8eb5428c2253a07705b71bfb809d8a3fa178032ce06,2,2,ambiguous,"[{""fare_attribute_line"":802284,""fare_id"":""2003214-1-4-5"",""fare_rule_line"":809264,""price"":6.1},{""fare_attribute_line"":802309,""fare_id"":""2003214-2-4-5"",""fare_rule_line"":809289,""price"":12.3}]",ambiguous,A,U,unresolved,official_json_routeSeq_exact_full_stop_pattern_plus_ordered_gtfs_stop_od,conflicting_published_amounts
exact_route_sequence_ordered_stop_od,GMB,line_gmb_2003214,gmb_2003214_1,2003214,1,1,20001573,20007375,unspecified_in_source,unspecified_in_source,unspecified_in_source,unspecified_in_source,unspecified_in_source,,,,pt_fare,,,not_encoded_in_source_revision_cutoff_only,2026-07-14,2026-07-20,,"[""gtfs:fare_rules.txt:809265|fare_attributes.txt:802285|fare_id:2003214-1-4-6"",""gtfs:fare_rules.txt:809290|fare_attributes.txt:802310|fare_id:2003214-2-4-6""]",data/transit/hongkong/PublicTransportGTFS/gtfs.zip,e5ad020b79d0020625a4e8eb5428c2253a07705b71bfb809d8a3fa178032ce06,2,2,ambiguous,"[{""fare_attribute_line"":802285,""fare_id"":""2003214-1-4-6"",""fare_rule_line"":809265,""price"":6.1},{""fare_attribute_line"":802310,""fare_id"":""2003214-2-4-6"",""fare_rule_line"":809290,""price"":12.3}]",ambiguous,A,U,unresolved,official_json_routeSeq_exact_full_stop_pattern_plus_ordered_gtfs_stop_od,conflicting_published_amounts
exact_route_sequence_ordered_stop_od,GMB,line_gmb_2003214,gmb_2003214_1,2003214,1,1,20003166,20007375,unspecified_in_source,unspecified_in_source,unspecified_in_source,unspecified_in_source,unspecified_in_source,,,,pt_fare,,,not_encoded_in_source_revision_cutoff_only,2026-07-14,2026-07-20,,"[""gtfs:fare_rules.txt:809268|fare_attributes.txt:802288|fare_id:2003214-1-5-6"",""gtfs:fare_rules.txt:809292|fare_attributes.txt:802312|fare_id:2003214-2-5-6""]",data/transit/hongkong/PublicTransportGTFS/gtfs.zip,e5ad020b79d0020625a4e8eb5428c2253a07705b71bfb809d8a3fa178032ce06,2,2,ambiguous,"[{""fare_attribute_line"":802288,""fare_id"":""2003214-1-5-6"",""fare_rule_line"":809268,""price"":6.1},{""fare_attribute_line"":802312,""fare_id"":""2003214-2-5-6"",""fare_rule_line"":809292,""price"":12.3}]",ambiguous,A,U,unresolved,official_json_routeSeq_exact_full_stop_pattern_plus_ordered_gtfs_stop_od,conflicting_published_amounts
exact_route_sequence_ordered_stop_od,GMB,line_gmb_2003214,gmb_2003214_1,2003214,1,1,20003167,20003166,unspecified_in_source,unspecified_in_source,unspecified_in_source,unspecified_in_source,unspecified_in_source,,,,pt_fare,,,not_encoded_in_source_revision_cutoff_only,2026-07-14,2026-07-20,,"[""gtfs:fare_rules.txt:809260|fare_attributes.txt:802280|fare_id:2003214-1-3-5"",""gtfs:fare_rules.txt:809286|fare_attributes.txt:802306|fare_id:2003214-2-3-5""]",data/transit/hongkong/PublicTransportGTFS/gtfs.zip,e5ad020b79d0020625a4e8eb5428c2253a07705b71bfb809d8a3fa178032ce06,2,2,ambiguous,"[{""fare_attribute_line"":802280,""fare_id"":""2003214-1-3-5"",""fare_rule_line"":809260,""price"":6.1},{""fare_attribute_line"":802306,""fare_id"":""2003214-2-3-5"",""fare_rule_line"":809286,""price"":12.3}]",ambiguous,A,U,unresolved,official_json_routeSeq_exact_full_stop_pattern_plus_ordered_gtfs_stop_od,conflicting_published_amounts
exact_route_sequence_ordered_stop_od,GMB,line_gmb_2003214,gmb_2003214_1,2003214,1,1,20003167,20007375,unspecified_in_source,unspecified_in_source,unspecified_in_source,unspecified_in_source,unspecified_in_source,,,,pt_fare,,,not_encoded_in_source_revision_cutoff_only,2026-07-14,2026-07-20,,"[""gtfs:fare_rules.txt:809261|fare_attributes.txt:802281|fare_id:2003214-1-3-6"",""gtfs:fare_rules.txt:809287|fare_attributes.txt:802307|fare_id:2003214-2-3-6""]",data/transit/hongkong/PublicTransportGTFS/gtfs.zip,e5ad020b79d0020625a4e8eb5428c2253a07705b71bfb809d8a3fa178032ce06,2,2,ambiguous,"[{""fare_attribute_line"":802281,""fare_id"":""2003214-1-3-6"",""fare_rule_line"":809261,""price"":6.1},{""fare_attribute_line"":802307,""fare_id"":""2003214-2-3-6"",""fare_rule_line"":809287,""price"":12.3}]",ambiguous,A,U,unresolved,official_json_routeSeq_exact_full_stop_pattern_plus_ordered_gtfs_stop_od,conflicting_published_amounts
exact_route_sequence_ordered_stop_od,GMB,line_gmb_2003214,gmb_2003214_2,2003214,2,2,20001573,20003166,unspecified_in_source,unspecified_in_source,unspecified_in_source,unspecified_in_source,unspecified_in_source,,,,pt_fare,,,not_encoded_in_source_revision_cutoff_only,2026-07-14,2026-07-20,,"[""gtfs:fare_rules.txt:809264|fare_attributes.txt:802284|fare_id:2003214-1-4-5"",""gtfs:fare_rules.txt:809289|fare_attributes.txt:802309|fare_id:2003214-2-4-5""]",data/transit/hongkong/PublicTransportGTFS/gtfs.zip,e5ad020b79d0020625a4e8eb5428c2253a07705b71bfb809d8a3fa178032ce06,2,2,ambiguous,"[{""fare_attribute_line"":802284,""fare_id"":""2003214-1-4-5"",""fare_rule_line"":809264,""price"":6.1},{""fare_attribute_line"":802309,""fare_id"":""2003214-2-4-5"",""fare_rule_line"":809289,""price"":12.3}]",ambiguous,A,U,unresolved,official_json_routeSeq_exact_full_stop_pattern_plus_ordered_gtfs_stop_od,conflicting_published_amounts
exact_route_sequence_ordered_stop_od,GMB,line_gmb_2003214,gmb_2003214_2,2003214,2,2,20001573,20007375,unspecified_in_source,unspecified_in_source,unspecified_in_source,unspecified_in_source,unspecified_in_source,,,,pt_fare,,,not_encoded_in_source_revision_cutoff_only,2026-07-14,2026-07-20,,"[""gtfs:fare_rules.txt:809265|fare_attributes.txt:802285|fare_id:2003214-1-4-6"",""gtfs:fare_rules.txt:809290|fare_attributes.txt:802310|fare_id:2003214-2-4-6""]",data/transit/hongkong/PublicTransportGTFS/gtfs.zip,e5ad020b79d0020625a4e8eb5428c2253a07705b71bfb809d8a3fa178032ce06,2,2,ambiguous,"[{""fare_attribute_line"":802285,""fare_id"":""2003214-1-4-6"",""fare_rule_line"":809265,""price"":6.1},{""fare_attribute_line"":802310,""fare_id"":""2003214-2-4-6"",""fare_rule_line"":809290,""price"":12.3}]",ambiguous,A,U,unresolved,official_json_routeSeq_exact_full_stop_pattern_plus_ordered_gtfs_stop_od,conflicting_published_amounts
exact_route_sequence_ordered_stop_od,GMB,line_gmb_2003214,gmb_2003214_2,2003214,2,2,20003166,20007375,unspecified_in_source,unspecified_in_source,unspecified_in_source,unspecified_in_source,unspecified_in_source,,,,pt_fare,,,not_encoded_in_source_revision_cutoff_only,2026-07-14,2026-07-20,,"[""gtfs:fare_rules.txt:809268|fare_attributes.txt:802288|fare_id:2003214-1-5-6"",""gtfs:fare_rules.txt:809292|fare_attributes.txt:802312|fare_id:2003214-2-5-6""]",data/transit/hongkong/PublicTransportGTFS/gtfs.zip,e5ad020b79d0020625a4e8eb5428c2253a07705b71bfb809d8a3fa178032ce06,2,2,ambiguous,"[{""fare_attribute_line"":802288,""fare_id"":""2003214-1-5-6"",""fare_rule_line"":809268,""price"":6.1},{""fare_attribute_line"":802312,""fare_id"":""2003214-2-5-6"",""fare_rule_line"":809292,""price"":12.3}]",ambiguous,A,U,unresolved,official_json_routeSeq_exact_full_stop_pattern_plus_ordered_gtfs_stop_od,conflicting_published_amounts
exact_route_sequence_ordered_stop_od,GMB,line_gmb_2003214,gmb_2003214_2,2003214,2,2,20003167,20003166,unspecified_in_source,unspecified_in_source,unspecified_in_source,unspecified_in_source,unspecified_in_source,,,,pt_fare,,,not_encoded_in_source_revision_cutoff_only,2026-07-14,2026-07-20,,"[""gtfs:fare_rules.txt:809260|fare_attributes.txt:802280|fare_id:2003214-1-3-5"",""gtfs:fare_rules.txt:809286|fare_attributes.txt:802306|fare_id:2003214-2-3-5""]",data/transit/hongkong/PublicTransportGTFS/gtfs.zip,e5ad020b79d0020625a4e8eb5428c2253a07705b71bfb809d8a3fa178032ce06,2,2,ambiguous,"[{""fare_attribute_line"":802280,""fare_id"":""2003214-1-3-5"",""fare_rule_line"":809260,""price"":6.1},{""fare_attribute_line"":802306,""fare_id"":""2003214-2-3-5"",""fare_rule_line"":809286,""price"":12.3}]",ambiguous,A,U,unresolved,official_json_routeSeq_exact_full_stop_pattern_plus_ordered_gtfs_stop_od,conflicting_published_amounts
exact_route_sequence_ordered_stop_od,GMB,line_gmb_2003214,gmb_2003214_2,2003214,2,2,20003167,20007375,unspecified_in_source,unspecified_in_source,unspecified_in_source,unspecified_in_source,unspecified_in_source,,,,pt_fare,,,not_encoded_in_source_revision_cutoff_only,2026-07-14,2026-07-20,,"[""gtfs:fare_rules.txt:809261|fare_attributes.txt:802281|fare_id:2003214-1-3-6"",""gtfs:fare_rules.txt:809287|fare_attributes.txt:802307|fare_id:2003214-2-3-6""]",data/transit/hongkong/PublicTransportGTFS/gtfs.zip,e5ad020b79d0020625a4e8eb5428c2253a07705b71bfb809d8a3fa178032ce06,2,2,ambiguous,"[{""fare_attribute_line"":802281,""fare_id"":""2003214-1-3-6"",""fare_rule_line"":809261,""price"":6.1},{""fare_attribute_line"":802307,""fare_id"":""2003214-2-3-6"",""fare_rule_line"":809287,""price"":12.3}]",ambiguous,A,U,unresolved,official_json_routeSeq_exact_full_stop_pattern_plus_ordered_gtfs_stop_od,conflicting_published_amounts
exact_route_sequence_ordered_stop_od,GMB,line_gmb_2003405,gmb_2003405_1,2003405,1,1,20000362,20010261,unspecified_in_source,unspecified_in_source,unspecified_in_source,unspecified_in_source,unspecified_in_source,,,,pt_fare,,,not_encoded_in_source_revision_cutoff_only,2026-07-14,2026-07-20,,"[""gtfs:fare_rules.txt:810132|fare_attributes.txt:803402|fare_id:2003405-1-10-11"",""gtfs:fare_rules.txt:810168|fare_attributes.txt:803438|fare_id:2003405-2-4-5""]",data/transit/hongkong/PublicTransportGTFS/gtfs.zip,e5ad020b79d0020625a4e8eb5428c2253a07705b71bfb809d8a3fa178032ce06,2,2,ambiguous,"[{""fare_attribute_line"":803402,""fare_id"":""2003405-1-10-11"",""fare_rule_line"":810132,""price"":5.6},{""fare_attribute_line"":803438,""fare_id"":""2003405-2-4-5"",""fare_rule_line"":810168,""price"":4.8}]",ambiguous,A,U,unresolved,official_json_routeSeq_exact_full_stop_pattern_plus_ordered_gtfs_stop_od,conflicting_published_amounts
exact_route_sequence_ordered_stop_od,GMB,line_gmb_2003405,gmb_2003405_2,2003405,2,2,20000362,20010261,unspecified_in_source,unspecified_in_source,unspecified_in_source,unspecified_in_source,unspecified_in_source,,,,pt_fare,,,not_encoded_in_source_revision_cutoff_only,2026-07-14,2026-07-20,,"[""gtfs:fare_rules.txt:810132|fare_attributes.txt:803402|fare_id:2003405-1-10-11"",""gtfs:fare_rules.txt:810168|fare_attributes.txt:803438|fare_id:2003405-2-4-5""]",data/transit/hongkong/PublicTransportGTFS/gtfs.zip,e5ad020b79d0020625a4e8eb5428c2253a07705b71bfb809d8a3fa178032ce06,2,2,ambiguous,"[{""fare_attribute_line"":803402,""fare_id"":""2003405-1-10-11"",""fare_rule_line"":810132,""price"":5.6},{""fare_attribute_line"":803438,""fare_id"":""2003405-2-4-5"",""fare_rule_line"":810168,""price"":4.8}]",ambiguous,A,U,unresolved,official_json_routeSeq_exact_full_stop_pattern_plus_ordered_gtfs_stop_od,conflicting_published_amounts
exact_route_sequence_ordered_stop_od,GMB,line_gmb_2005290,gmb_2005290_1,2005290,1,1,20012951,20012952,unspecified_in_source,unspecified_in_source,unspecified_in_source,unspecified_in_source,unspecified_in_source,,,,pt_fare,,,not_encoded_in_source_revision_cutoff_only,2026-07-14,2026-07-20,,"[""gtfs:fare_rules.txt:826133|fare_attributes.txt:816593|fare_id:2005290-1-6-7"",""gtfs:fare_rules.txt:826213|fare_attributes.txt:817366|fare_id:2005290-2-6-7""]",data/transit/hongkong/PublicTransportGTFS/gtfs.zip,e5ad020b79d0020625a4e8eb5428c2253a07705b71bfb809d8a3fa178032ce06,2,2,ambiguous,"[{""fare_attribute_line"":816593,""fare_id"":""2005290-1-6-7"",""fare_rule_line"":826133,""price"":10.9},{""fare_attribute_line"":817366,""fare_id"":""2005290-2-6-7"",""fare_rule_line"":826213,""price"":6.4}]",ambiguous,A,U,unresolved,official_json_routeSeq_exact_full_stop_pattern_plus_ordered_gtfs_stop_od,conflicting_published_amounts
exact_route_sequence_ordered_stop_od,GMB,line_gmb_2005290,gmb_2005290_1,2005290,1,1,20012951,20012953,unspecified_in_source,unspecified_in_source,unspecified_in_source,unspecified_in_source,unspecified_in_source,,,,pt_fare,,,not_encoded_in_source_revision_cutoff_only,2026-07-14,2026-07-20,,"[""gtfs:fare_rules.txt:826134|fare_attributes.txt:816594|fare_id:2005290-1-6-8"",""gtfs:fare_rules.txt:826214|fare_attributes.txt:817367|fare_id:2005290-2-6-8""]",data/transit/hongkong/PublicTransportGTFS/gtfs.zip,e5ad020b79d0020625a4e8eb5428c2253a07705b71bfb809d8a3fa178032ce06,2,2,ambiguous,"[{""fare_attribute_line"":816594,""fare_id"":""2005290-1-6-8"",""fare_rule_line"":826134,""price"":10.9},{""fare_attribute_line"":817367,""fare_id"":""2005290-2-6-8"",""fare_rule_line"":826214,""price"":6.4}]",ambiguous,A,U,unresolved,official_json_routeSeq_exact_full_stop_pattern_plus_ordered_gtfs_stop_od,conflicting_published_amounts
exact_route_sequence_ordered_stop_od,GMB,line_gmb_2005290,gmb_2005290_1,2005290,1,1,20012952,20012953,unspecified_in_source,unspecified_in_source,unspecified_in_source,unspecified_in_source,unspecified_in_source,,,,pt_fare,,,not_encoded_in_source_revision_cutoff_only,2026-07-14,2026-07-20,,"[""gtfs:fare_rules.txt:826142|fare_attributes.txt:816602|fare_id:2005290-1-7-8"",""gtfs:fare_rules.txt:826217|fare_attributes.txt:817370|fare_id:2005290-2-7-8""]",data/transit/hongkong/PublicTransportGTFS/gtfs.zip,e5ad020b79d0020625a4e8eb5428c2253a07705b71bfb809d8a3fa178032ce06,2,2,ambiguous,"[{""fare_attribute_line"":816602,""fare_id"":""2005290-1-7-8"",""fare_rule_line"":826142,""price"":10.9},{""fare_attribute_line"":817370,""fare_id"":""2005290-2-7-8"",""fare_rule_line"":826217,""price"":6.4}]",ambiguous,A,U,unresolved,official_json_routeSeq_exact_full_stop_pattern_plus_ordered_gtfs_stop_od,conflicting_published_amounts
exact_route_sequence_ordered_stop_od,GMB,line_gmb_2005290,gmb_2005290_2,2005290,2,2,20012951,20012952,unspecified_in_source,unspecified_in_source,unspecified_in_source,unspecified_in_source,unspecified_in_source,,,,pt_fare,,,not_encoded_in_source_revision_cutoff_only,2026-07-14,2026-07-20,,"[""gtfs:fare_rules.txt:826133|fare_attributes.txt:816593|fare_id:2005290-1-6-7"",""gtfs:fare_rules.txt:826213|fare_attributes.txt:817366|fare_id:2005290-2-6-7""]",data/transit/hongkong/PublicTransportGTFS/gtfs.zip,e5ad020b79d0020625a4e8eb5428c2253a07705b71bfb809d8a3fa178032ce06,2,2,ambiguous,"[{""fare_attribute_line"":816593,""fare_id"":""2005290-1-6-7"",""fare_rule_line"":826133,""price"":10.9},{""fare_attribute_line"":817366,""fare_id"":""2005290-2-6-7"",""fare_rule_line"":826213,""price"":6.4}]",ambiguous,A,U,unresolved,official_json_routeSeq_exact_full_stop_pattern_plus_ordered_gtfs_stop_od,conflicting_published_amounts
exact_route_sequence_ordered_stop_od,GMB,line_gmb_2005290,gmb_2005290_2,2005290,2,2,20012951,20012953,unspecified_in_source,unspecified_in_source,unspecified_in_source,unspecified_in_source,unspecified_in_source,,,,pt_fare,,,not_encoded_in_source_revision_cutoff_only,2026-07-14,2026-07-20,,"[""gtfs:fare_rules.txt:826134|fare_attributes.txt:816594|fare_id:2005290-1-6-8"",""gtfs:fare_rules.txt:826214|fare_attributes.txt:817367|fare_id:2005290-2-6-8""]",data/transit/hongkong/PublicTransportGTFS/gtfs.zip,e5ad020b79d0020625a4e8eb5428c2253a07705b71bfb809d8a3fa178032ce06,2,2,ambiguous,"[{""fare_attribute_line"":816594,""fare_id"":""2005290-1-6-8"",""fare_rule_line"":826134,""price"":10.9},{""fare_attribute_line"":817367,""fare_id"":""2005290-2-6-8"",""fare_rule_line"":826214,""price"":6.4}]",ambiguous,A,U,unresolved,official_json_routeSeq_exact_full_stop_pattern_plus_ordered_gtfs_stop_od,conflicting_published_amounts
exact_route_sequence_ordered_stop_od,GMB,line_gmb_2005290,gmb_2005290_2,2005290,2,2,20012952,20012953,unspecified_in_source,unspecified_in_source,unspecified_in_source,unspecified_in_source,unspecified_in_source,,,,pt_fare,,,not_encoded_in_source_revision_cutoff_only,2026-07-14,2026-07-20,,"[""gtfs:fare_rules.txt:826142|fare_attributes.txt:816602|fare_id:2005290-1-7-8"",""gtfs:fare_rules.txt:826217|fare_attributes.txt:817370|fare_id:2005290-2-7-8""]",data/transit/hongkong/PublicTransportGTFS/gtfs.zip,e5ad020b79d0020625a4e8eb5428c2253a07705b71bfb809d8a3fa178032ce06,2,2,ambiguous,"[{""fare_attribute_line"":816602,""fare_id"":""2005290-1-7-8"",""fare_rule_line"":826142,""price"":10.9},{""fare_attribute_line"":817370,""fare_id"":""2005290-2-7-8"",""fare_rule_line"":826217,""price"":6.4}]",ambiguous,A,U,unresolved,official_json_routeSeq_exact_full_stop_pattern_plus_ordered_gtfs_stop_od,conflicting_published_amounts
exact_route_sequence_ordered_stop_od,GMB,line_gmb_2005327,gmb_2005327_1,2005327,1,1,20001384,20013005,unspecified_in_source,unspecified_in_source,unspecified_in_source,unspecified_in_source,unspecified_in_source,,,,pt_fare,,,not_encoded_in_source_revision_cutoff_only,2026-07-14,2026-07-20,,"[""gtfs:fare_rules.txt:827014|fare_attributes.txt:817630|fare_id:2005327-1-1-5"",""gtfs:fare_rules.txt:827019|fare_attributes.txt:864793|fare_id:2005327-1-1-10""]",data/transit/hongkong/PublicTransportGTFS/gtfs.zip,e5ad020b79d0020625a4e8eb5428c2253a07705b71bfb809d8a3fa178032ce06,2,2,ambiguous,"[{""fare_attribute_line"":817630,""fare_id"":""2005327-1-1-5"",""fare_rule_line"":827014,""price"":5.4},{""fare_attribute_line"":864793,""fare_id"":""2005327-1-1-10"",""fare_rule_line"":827019,""price"":8.5}]",ambiguous,A,U,unresolved,official_json_routeSeq_exact_full_stop_pattern_plus_ordered_gtfs_stop_od,conflicting_published_amounts
exact_route_sequence_ordered_stop_od,GMB,line_gmb_2005327,gmb_2005327_1,2005327,1,1,20003205,20013005,unspecified_in_source,unspecified_in_source,unspecified_in_source,unspecified_in_source,unspecified_in_source,,,,pt_fare,,,not_encoded_in_source_revision_cutoff_only,2026-07-14,2026-07-20,,"[""gtfs:fare_rules.txt:827026|fare_attributes.txt:817635|fare_id:2005327-1-2-5"",""gtfs:fare_rules.txt:827031|fare_attributes.txt:864800|fare_id:2005327-1-2-10""]",data/transit/hongkong/PublicTransportGTFS/gtfs.zip,e5ad020b79d0020625a4e8eb5428c2253a07705b71bfb809d8a3fa178032ce06,2,2,ambiguous,"[{""fare_attribute_line"":817635,""fare_id"":""2005327-1-2-5"",""fare_rule_line"":827026,""price"":5.4},{""fare_attribute_line"":864800,""fare_id"":""2005327-1-2-10"",""fare_rule_line"":827031,""price"":8.5}]",ambiguous,A,U,unresolved,official_json_routeSeq_exact_full_stop_pattern_plus_ordered_gtfs_stop_od,conflicting_published_amounts
exact_route_sequence_ordered_stop_od,GMB,line_gmb_2005327,gmb_2005327_1,2005327,1,1,20012274,20013005,unspecified_in_source,unspecified_in_source,unspecified_in_source,unspecified_in_source,unspecified_in_source,,,,pt_fare,,,not_encoded_in_source_revision_cutoff_only,2026-07-14,2026-07-20,,"[""gtfs:fare_rules.txt:827037|fare_attributes.txt:817639|fare_id:2005327-1-3-5"",""gtfs:fare_rules.txt:827042|fare_attributes.txt:864807|fare_id:2005327-1-3-10""]",data/transit/hongkong/PublicTransportGTFS/gtfs.zip,e5ad020b79d0020625a4e8eb5428c2253a07705b71bfb809d8a3fa178032ce06,2,2,ambiguous,"[{""fare_attribute_line"":817639,""fare_id"":""2005327-1-3-5"",""fare_rule_line"":827037,""price"":5.4},{""fare_attribute_line"":864807,""fare_id"":""2005327-1-3-10"",""fare_rule_line"":827042,""price"":8.5}]",ambiguous,A,U,unresolved,official_json_routeSeq_exact_full_stop_pattern_plus_ordered_gtfs_stop_od,conflicting_published_amounts
exact_route_sequence_ordered_stop_od,GMB,line_gmb_2005327,gmb_2005327_1,2005327,1,1,20013004,20013005,unspecified_in_source,unspecified_in_source,unspecified_in_source,unspecified_in_source,unspecified_in_source,,,,pt_fare,,,not_encoded_in_source_revision_cutoff_only,2026-07-14,2026-07-20,,"[""gtfs:fare_rules.txt:827047|fare_attributes.txt:817642|fare_id:2005327-1-4-5"",""gtfs:fare_rules.txt:827052|fare_attributes.txt:864814|fare_id:2005327-1-4-10""]",data/transit/hongkong/PublicTransportGTFS/gtfs.zip,e5ad020b79d0020625a4e8eb5428c2253a07705b71bfb809d8a3fa178032ce06,2,2,ambiguous,"[{""fare_attribute_line"":817642,""fare_id"":""2005327-1-4-5"",""fare_rule_line"":827047,""price"":5.4},{""fare_attribute_line"":864814,""fare_id"":""2005327-1-4-10"",""fare_rule_line"":827052,""price"":8.5}]",ambiguous,A,U,unresolved,official_json_routeSeq_exact_full_stop_pattern_plus_ordered_gtfs_stop_od,conflicting_published_amounts
exact_route_sequence_ordered_stop_od,GMB,line_gmb_2005327,gmb_2005327_1,2005327,1,1,20013005,20001384,unspecified_in_source,unspecified_in_source,unspecified_in_source,unspecified_in_source,unspecified_in_source,,,,pt_fare,,,not_encoded_in_source_revision_cutoff_only,2026-07-14,2026-07-20,,"[""gtfs:fare_rules.txt:827065|fare_attributes.txt:864825|fare_id:2005327-1-5-14"",""gtfs:fare_rules.txt:827095|fare_attributes.txt:817669|fare_id:2005327-1-10-14""]",data/transit/hongkong/PublicTransportGTFS/gtfs.zip,e5ad020b79d0020625a4e8eb5428c2253a07705b71bfb809d8a3fa178032ce06,2,2,ambiguous,"[{""fare_attribute_line"":864825,""fare_id"":""2005327-1-5-14"",""fare_rule_line"":827065,""price"":8.5},{""fare_attribute_line"":817669,""fare_id"":""2005327-1-10-14"",""fare_rule_line"":827095,""price"":5.4}]",ambiguous,A,U,unresolved,official_json_routeSeq_exact_full_stop_pattern_plus_ordered_gtfs_stop_od,conflicting_published_amounts
exact_route_sequence_ordered_stop_od,GMB,line_gmb_2005327,gmb_2005327_1,2005327,1,1,20013005,20007525,unspecified_in_source,unspecified_in_source,unspecified_in_source,unspecified_in_source,unspecified_in_source,,,,pt_fare,,,not_encoded_in_source_revision_cutoff_only,2026-07-14,2026-07-20,,"[""gtfs:fare_rules.txt:827064|fare_attributes.txt:864824|fare_id:2005327-1-5-13"",""gtfs:fare_rules.txt:827094|fare_attributes.txt:817668|fare_id:2005327-1-10-13""]",data/transit/hongkong/PublicTransportGTFS/gtfs.zip,e5ad020b79d0020625a4e8eb5428c2253a07705b71bfb809d8a3fa178032ce06,2,2,ambiguous,"[{""fare_attribute_line"":864824,""fare_id"":""2005327-1-5-13"",""fare_rule_line"":827064,""price"":8.5},{""fare_attribute_line"":817668,""fare_id"":""2005327-1-10-13"",""fare_rule_line"":827094,""price"":5.4}]",ambiguous,A,U,unresolved,official_json_routeSeq_exact_full_stop_pattern_plus_ordered_gtfs_stop_od,conflicting_published_amounts
exact_route_sequence_ordered_stop_od,GMB,line_gmb_2005327,gmb_2005327_1,2005327,1,1,20013005,20012281,unspecified_in_source,unspecified_in_source,unspecified_in_source,unspecified_in_source,unspecified_in_source,,,,pt_fare,,,not_encoded_in_source_revision_cutoff_only,2026-07-14,2026-07-20,,"[""gtfs:fare_rules.txt:827063|fare_attributes.txt:864823|fare_id:2005327-1-5-12"",""gtfs:fare_rules.txt:827093|fare_attributes.txt:817667|fare_id:2005327-1-10-12""]",data/transit/hongkong/PublicTransportGTFS/gtfs.zip,e5ad020b79d0020625a4e8eb5428c2253a07705b71bfb809d8a3fa178032ce06,2,2,ambiguous,"[{""fare_attribute_line"":864823,""fare_id"":""2005327-1-5-12"",""fare_rule_line"":827063,""price"":8.5},{""fare_attribute_line"":817667,""fare_id"":""2005327-1-10-12"",""fare_rule_line"":827093,""price"":5.4}]",ambiguous,A,U,unresolved,official_json_routeSeq_exact_full_stop_pattern_plus_ordered_gtfs_stop_od,conflicting_published_amounts
exact_route_sequence_ordered_stop_od,GMB,line_gmb_2005327,gmb_2005327_1,2005327,1,1,20013005,20013009,unspecified_in_source,unspecified_in_source,unspecified_in_source,unspecified_in_source,unspecified_in_source,,,,pt_fare,,,not_encoded_in_source_revision_cutoff_only,2026-07-14,2026-07-20,,"[""gtfs:fare_rules.txt:827062|fare_attributes.txt:864822|fare_id:2005327-1-5-11"",""gtfs:fare_rules.txt:827092|fare_attributes.txt:817666|fare_id:2005327-1-10-11""]",data/transit/hongkong/PublicTransportGTFS/gtfs.zip,e5ad020b79d0020625a4e8eb5428c2253a07705b71bfb809d8a3fa178032ce06,2,2,ambiguous,"[{""fare_attribute_line"":864822,""fare_id"":""2005327-1-5-11"",""fare_rule_line"":827062,""price"":8.5},{""fare_attribute_line"":817666,""fare_id"":""2005327-1-10-11"",""fare_rule_line"":827092,""price"":5.4}]",ambiguous,A,U,unresolved,official_json_routeSeq_exact_full_stop_pattern_plus_ordered_gtfs_stop_od,conflicting_published_amounts
exact_route_sequence_ordered_stop_od,GMB,line_gmb_2006609,gmb_2006609_1,2006609,1,1,20001162,20001163,unspecified_in_source,unspecified_in_source,unspecified_in_source,unspecified_in_source,unspecified_in_source,,,,pt_fare,,,not_encoded_in_source_revision_cutoff_only,2026-07-14,2026-07-20,,"[""gtfs:fare_rules.txt:835683|fare_attributes.txt:824545|fare_id:2006609-1-3-4"",""gtfs:fare_rules.txt:835758|fare_attributes.txt:824620|fare_id:2006609-2-6-7""]",data/transit/hongkong/PublicTransportGTFS/gtfs.zip,e5ad020b79d0020625a4e8eb5428c2253a07705b71bfb809d8a3fa178032ce06,2,2,ambiguous,"[{""fare_attribute_line"":824545,""fare_id"":""2006609-1-3-4"",""fare_rule_line"":835683,""price"":5.7},{""fare_attribute_line"":824620,""fare_id"":""2006609-2-6-7"",""fare_rule_line"":835758,""price"":5.2}]",ambiguous,A,U,unresolved,official_json_routeSeq_exact_full_stop_pattern_plus_ordered_gtfs_stop_od,conflicting_published_amounts
exact_route_sequence_ordered_stop_od,GMB,line_gmb_2006609,gmb_2006609_2,2006609,2,2,20001162,20001163,unspecified_in_source,unspecified_in_source,unspecified_in_source,unspecified_in_source,unspecified_in_source,,,,pt_fare,,,not_encoded_in_source_revision_cutoff_only,2026-07-14,2026-07-20,,"[""gtfs:fare_rules.txt:835683|fare_attributes.txt:824545|fare_id:2006609-1-3-4"",""gtfs:fare_rules.txt:835758|fare_attributes.txt:824620|fare_id:2006609-2-6-7""]",data/transit/hongkong/PublicTransportGTFS/gtfs.zip,e5ad020b79d0020625a4e8eb5428c2253a07705b71bfb809d8a3fa178032ce06,2,2,ambiguous,"[{""fare_attribute_line"":824545,""fare_id"":""2006609-1-3-4"",""fare_rule_line"":835683,""price"":5.7},{""fare_attribute_line"":824620,""fare_id"":""2006609-2-6-7"",""fare_rule_line"":835758,""price"":5.2}]",ambiguous,A,U,unresolved,official_json_routeSeq_exact_full_stop_pattern_plus_ordered_gtfs_stop_od,conflicting_published_amounts
exact_route_sequence_ordered_stop_od,GMB,line_gmb_2006611,gmb_2006611_1,2006611,1,1,20001162,20001163,unspecified_in_source,unspecified_in_source,unspecified_in_source,unspecified_in_source,unspecified_in_source,,,,pt_fare,,,not_encoded_in_source_revision_cutoff_only,2026-07-14,2026-07-20,,"[""gtfs:fare_rules.txt:835841|fare_attributes.txt:825368|fare_id:2006611-1-3-4"",""gtfs:fare_rules.txt:835858|fare_attributes.txt:825385|fare_id:2006611-2-3-4""]",data/transit/hongkong/PublicTransportGTFS/gtfs.zip,e5ad020b79d0020625a4e8eb5428c2253a07705b71bfb809d8a3fa178032ce06,2,2,ambiguous,"[{""fare_attribute_line"":825368,""fare_id"":""2006611-1-3-4"",""fare_rule_line"":835841,""price"":5.7},{""fare_attribute_line"":825385,""fare_id"":""2006611-2-3-4"",""fare_rule_line"":835858,""price"":5.2}]",ambiguous,A,U,unresolved,official_json_routeSeq_exact_full_stop_pattern_plus_ordered_gtfs_stop_od,conflicting_published_amounts
exact_route_sequence_ordered_stop_od,GMB,line_gmb_2006611,gmb_2006611_2,2006611,2,2,20001162,20001163,unspecified_in_source,unspecified_in_source,unspecified_in_source,unspecified_in_source,unspecified_in_source,,,,pt_fare,,,not_encoded_in_source_revision_cutoff_only,2026-07-14,2026-07-20,,"[""gtfs:fare_rules.txt:835841|fare_attributes.txt:825368|fare_id:2006611-1-3-4"",""gtfs:fare_rules.txt:835858|fare_attributes.txt:825385|fare_id:2006611-2-3-4""]",data/transit/hongkong/PublicTransportGTFS/gtfs.zip,e5ad020b79d0020625a4e8eb5428c2253a07705b71bfb809d8a3fa178032ce06,2,2,ambiguous,"[{""fare_attribute_line"":825368,""fare_id"":""2006611-1-3-4"",""fare_rule_line"":835841,""price"":5.7},{""fare_attribute_line"":825385,""fare_id"":""2006611-2-3-4"",""fare_rule_line"":835858,""price"":5.2}]",ambiguous,A,U,unresolved,official_json_routeSeq_exact_full_stop_pattern_plus_ordered_gtfs_stop_od,conflicting_published_amounts
exact_route_sequence_ordered_stop_od,GMB,line_gmb_2007530,gmb_2007530_1,2007530,1,1,20012949,20020557,unspecified_in_source,unspecified_in_source,unspecified_in_source,unspecified_in_source,unspecified_in_source,,,,pt_fare,,,not_encoded_in_source_revision_cutoff_only,2026-07-14,2026-07-20,,"[""gtfs:fare_rules.txt:844018|fare_attributes.txt:833029|fare_id:2007530-1-2-4"",""gtfs:fare_rules.txt:844039|fare_attributes.txt:833050|fare_id:2007530-2-3-4""]",data/transit/hongkong/PublicTransportGTFS/gtfs.zip,e5ad020b79d0020625a4e8eb5428c2253a07705b71bfb809d8a3fa178032ce06,2,2,ambiguous,"[{""fare_attribute_line"":833029,""fare_id"":""2007530-1-2-4"",""fare_rule_line"":844018,""price"":5.5},{""fare_attribute_line"":833050,""fare_id"":""2007530-2-3-4"",""fare_rule_line"":844039,""price"":3.9}]",ambiguous,A,U,unresolved,official_json_routeSeq_exact_full_stop_pattern_plus_ordered_gtfs_stop_od,conflicting_published_amounts
exact_route_sequence_ordered_stop_od,GMB,line_gmb_2007530,gmb_2007530_2,2007530,2,2,20012949,20020557,unspecified_in_source,unspecified_in_source,unspecified_in_source,unspecified_in_source,unspecified_in_source,,,,pt_fare,,,not_encoded_in_source_revision_cutoff_only,2026-07-14,2026-07-20,,"[""gtfs:fare_rules.txt:844018|fare_attributes.txt:833029|fare_id:2007530-1-2-4"",""gtfs:fare_rules.txt:844039|fare_attributes.txt:833050|fare_id:2007530-2-3-4""]",data/transit/hongkong/PublicTransportGTFS/gtfs.zip,e5ad020b79d0020625a4e8eb5428c2253a07705b71bfb809d8a3fa178032ce06,2,2,ambiguous,"[{""fare_attribute_line"":833029,""fare_id"":""2007530-1-2-4"",""fare_rule_line"":844018,""price"":5.5},{""fare_attribute_line"":833050,""fare_id"":""2007530-2-3-4"",""fare_rule_line"":844039,""price"":3.9}]",ambiguous,A,U,unresolved,official_json_routeSeq_exact_full_stop_pattern_plus_ordered_gtfs_stop_od,conflicting_published_amounts
exact_route_sequence_ordered_stop_od,GMB,line_gmb_2007830,gmb_2007830_1,2007830,1,1,20001231,20001564,unspecified_in_source,unspecified_in_source,unspecified_in_source,unspecified_in_source,unspecified_in_source,,,,pt_fare,,,not_encoded_in_source_revision_cutoff_only,2026-07-14,2026-07-20,,"[""gtfs:fare_rules.txt:846250|fare_attributes.txt:866808|fare_id:2007830-1-11-24"",""gtfs:fare_rules.txt:846319|fare_attributes.txt:834803|fare_id:2007830-1-17-24""]",data/transit/hongkong/PublicTransportGTFS/gtfs.zip,e5ad020b79d0020625a4e8eb5428c2253a07705b71bfb809d8a3fa178032ce06,2,2,ambiguous,"[{""fare_attribute_line"":866808,""fare_id"":""2007830-1-11-24"",""fare_rule_line"":846250,""price"":6.8},{""fare_attribute_line"":834803,""fare_id"":""2007830-1-17-24"",""fare_rule_line"":846319,""price"":11.3}]",ambiguous,A,U,unresolved,official_json_routeSeq_exact_full_stop_pattern_plus_ordered_gtfs_stop_od,conflicting_published_amounts
exact_route_sequence_ordered_stop_od,GMB,line_gmb_2007830,gmb_2007830_1,2007830,1,1,20001231,20002225,unspecified_in_source,unspecified_in_source,unspecified_in_source,unspecified_in_source,unspecified_in_source,,,,pt_fare,,,not_encoded_in_source_revision_cutoff_only,2026-07-14,2026-07-20,,"[""gtfs:fare_rules.txt:846244|fare_attributes.txt:866802|fare_id:2007830-1-11-18"",""gtfs:fare_rules.txt:846313|fare_attributes.txt:834797|fare_id:2007830-1-17-18""]",data/transit/hongkong/PublicTransportGTFS/gtfs.zip,e5ad020b79d0020625a4e8eb5428c2253a07705b71bfb809d8a3fa178032ce06,2,2,ambiguous,"[{""fare_attribute_line"":866802,""fare_id"":""2007830-1-11-18"",""fare_rule_line"":846244,""price"":6.8},{""fare_attribute_line"":834797,""fare_id"":""2007830-1-17-18"",""fare_rule_line"":846313,""price"":11.3}]",ambiguous,A,U,unresolved,official_json_routeSeq_exact_full_stop_pattern_plus_ordered_gtfs_stop_od,conflicting_published_amounts
exact_route_sequence_ordered_stop_od,GMB,line_gmb_2007830,gmb_2007830_1,2007830,1,1,20001231,20002226,unspecified_in_source,unspecified_in_source,unspecified_in_source,unspecified_in_source,unspecified_in_source,,,,pt_fare,,,not_encoded_in_source_revision_cutoff_only,2026-07-14,2026-07-20,,"[""gtfs:fare_rules.txt:846246|fare_attributes.txt:866804|fare_id:2007830-1-11-20"",""gtfs:fare_rules.txt:846315|fare_attributes.txt:834799|fare_id:2007830-1-17-20""]",data/transit/hongkong/PublicTransportGTFS/gtfs.zip,e5ad020b79d0020625a4e8eb5428c2253a07705b71bfb809d8a3fa178032ce06,2,2,ambiguous,"[{""fare_attribute_line"":866804,""fare_id"":""2007830-1-11-20"",""fare_rule_line"":846246,""price"":6.8},{""fare_attribute_line"":834799,""fare_id"":""2007830-1-17-20"",""fare_rule_line"":846315,""price"":11.3}]",ambiguous,A,U,unresolved,official_json_routeSeq_exact_full_stop_pattern_plus_ordered_gtfs_stop_od,conflicting_published_amounts
exact_route_sequence_ordered_stop_od,GMB,line_gmb_2007830,gmb_2007830_1,2007830,1,1,20001231,20002227,unspecified_in_source,unspecified_in_source,unspecified_in_source,unspecified_in_source,unspecified_in_source,,,,pt_fare,,,not_encoded_in_source_revision_cutoff_only,2026-07-14,2026-07-20,,"[""gtfs:fare_rules.txt:846247|fare_attributes.txt:866805|fare_id:2007830-1-11-21"",""gtfs:fare_rules.txt:846316|fare_attributes.txt:834800|fare_id:2007830-1-17-21""]",data/transit/hongkong/PublicTransportGTFS/gtfs.zip,e5ad020b79d0020625a4e8eb5428c2253a07705b71bfb809d8a3fa178032ce06,2,2,ambiguous,"[{""fare_attribute_line"":866805,""fare_id"":""2007830-1-11-21"",""fare_rule_line"":846247,""price"":6.8},{""fare_attribute_line"":834800,""fare_id"":""2007830-1-17-21"",""fare_rule_line"":846316,""price"":11.3}]",ambiguous,A,U,unresolved,official_json_routeSeq_exact_full_stop_pattern_plus_ordered_gtfs_stop_od,conflicting_published_amounts
exact_route_sequence_ordered_stop_od,GMB,line_gmb_2007830,gmb_2007830_1,2007830,1,1,20001231,20002228,unspecified_in_source,unspecified_in_source,unspecified_in_source,unspecified_in_source,unspecified_in_source,,,,pt_fare,,,not_encoded_in_source_revision_cutoff_only,2026-07-14,2026-07-20,,"[""gtfs:fare_rules.txt:846248|fare_attributes.txt:866806|fare_id:2007830-1-11-22"",""gtfs:fare_rules.txt:846317|fare_attributes.txt:834801|fare_id:2007830-1-17-22""]",data/transit/hongkong/PublicTransportGTFS/gtfs.zip,e5ad020b79d0020625a4e8eb5428c2253a07705b71bfb809d8a3fa178032ce06,2,2,ambiguous,"[{""fare_attribute_line"":866806,""fare_id"":""2007830-1-11-22"",""fare_rule_line"":846248,""price"":6.8},{""fare_attribute_line"":834801,""fare_id"":""2007830-1-17-22"",""fare_rule_line"":846317,""price"":11.3}]",ambiguous,A,U,unresolved,official_json_routeSeq_exact_full_stop_pattern_plus_ordered_gtfs_stop_od,conflicting_published_amounts
exact_route_sequence_ordered_stop_od,GMB,line_gmb_2007830,gmb_2007830_1,2007830,1,1,20001231,20002320,unspecified_in_source,unspecified_in_source,unspecified_in_source,unspecified_in_source,unspecified_in_source,,,,pt_fare,,,not_encoded_in_source_revision_cutoff_only,2026-07-14,2026-07-20,,"[""gtfs:fare_rules.txt:846245|fare_attributes.txt:866803|fare_id:2007830-1-11-19"",""gtfs:fare_rules.txt:846314|fare_attributes.txt:834798|fare_id:2007830-1-17-19""]",data/transit/hongkong/PublicTransportGTFS/gtfs.zip,e5ad020b79d0020625a4e8eb5428c2253a07705b71bfb809d8a3fa178032ce06,2,2,ambiguous,"[{""fare_attribute_line"":866803,""fare_id"":""2007830-1-11-19"",""fare_rule_line"":846245,""price"":6.8},{""fare_attribute_line"":834798,""fare_id"":""2007830-1-17-19"",""fare_rule_line"":846314,""price"":11.3}]",ambiguous,A,U,unresolved,official_json_routeSeq_exact_full_stop_pattern_plus_ordered_gtfs_stop_od,conflicting_published_amounts
exact_route_sequence_ordered_stop_od,GMB,line_gmb_2007830,gmb_2007830_1,2007830,1,1,20001231,20015651,unspecified_in_source,unspecified_in_source,unspecified_in_source,unspecified_in_source,unspecified_in_source,,,,pt_fare,,,not_encoded_in_source_revision_cutoff_only,2026-07-14,2026-07-20,,"[""gtfs:fare_rules.txt:846249|fare_attributes.txt:866807|fare_id:2007830-1-11-23"",""gtfs:fare_rules.txt:846318|fare_attributes.txt:834802|fare_id:2007830-1-17-23""]",data/transit/hongkong/PublicTransportGTFS/gtfs.zip,e5ad020b79d0020625a4e8eb5428c2253a07705b71bfb809d8a3fa178032ce06,2,2,ambiguous,"[{""fare_attribute_line"":866807,""fare_id"":""2007830-1-11-23"",""fare_rule_line"":846249,""price"":6.8},{""fare_attribute_line"":834802,""fare_id"":""2007830-1-17-23"",""fare_rule_line"":846318,""price"":11.3}]",ambiguous,A,U,unresolved,official_json_routeSeq_exact_full_stop_pattern_plus_ordered_gtfs_stop_od,conflicting_published_amounts
exact_route_sequence_ordered_stop_od,GMB,line_gmb_2007830,gmb_2007830_1,2007830,1,1,20001231,20015706,unspecified_in_source,unspecified_in_source,unspecified_in_source,unspecified_in_source,unspecified_in_source,,,,pt_fare,,,not_encoded_in_source_revision_cutoff_only,2026-07-14,2026-07-20,,"[""gtfs:fare_rules.txt:846252|fare_attributes.txt:866810|fare_id:2007830-1-11-26"",""gtfs:fare_rules.txt:846321|fare_attributes.txt:834805|fare_id:2007830-1-17-26""]",data/transit/hongkong/PublicTransportGTFS/gtfs.zip,e5ad020b79d0020625a4e8eb5428c2253a07705b71bfb809d8a3fa178032ce06,2,2,ambiguous,"[{""fare_attribute_line"":866810,""fare_id"":""2007830-1-11-26"",""fare_rule_line"":846252,""price"":6.8},{""fare_attribute_line"":834805,""fare_id"":""2007830-1-17-26"",""fare_rule_line"":846321,""price"":11.3}]",ambiguous,A,U,unresolved,official_json_routeSeq_exact_full_stop_pattern_plus_ordered_gtfs_stop_od,conflicting_published_amounts
exact_route_sequence_ordered_stop_od,GMB,line_gmb_2007830,gmb_2007830_1,2007830,1,1,20001231,20015773,unspecified_in_source,unspecified_in_source,unspecified_in_source,unspecified_in_source,unspecified_in_source,,,,pt_fare,,,not_encoded_in_source_revision_cutoff_only,2026-07-14,2026-07-20,,"[""gtfs:fare_rules.txt:846251|fare_attributes.txt:866809|fare_id:2007830-1-11-25"",""gtfs:fare_rules.txt:846320|fare_attributes.txt:834804|fare_id:2007830-1-17-25""]",data/transit/hongkong/PublicTransportGTFS/gtfs.zip,e5ad020b79d0020625a4e8eb5428c2253a07705b71bfb809d8a3fa178032ce06,2,2,ambiguous,"[{""fare_attribute_line"":866809,""fare_id"":""2007830-1-11-25"",""fare_rule_line"":846251,""price"":6.8},{""fare_attribute_line"":834804,""fare_id"":""2007830-1-17-25"",""fare_rule_line"":846320,""price"":11.3}]",ambiguous,A,U,unresolved,official_json_routeSeq_exact_full_stop_pattern_plus_ordered_gtfs_stop_od,conflicting_published_amounts
exact_route_sequence_ordered_stop_od,GMB,line_gmb_2007830,gmb_2007830_1,2007830,1,1,20002297,20001231,unspecified_in_source,unspecified_in_source,unspecified_in_source,unspecified_in_source,unspecified_in_source,,,,pt_fare,,,not_encoded_in_source_revision_cutoff_only,2026-07-14,2026-07-20,,"[""gtfs:fare_rules.txt:846206|fare_attributes.txt:834742|fare_id:2007830-1-9-11"",""gtfs:fare_rules.txt:846212|fare_attributes.txt:866775|fare_id:2007830-1-9-17"",""gtfs:fare_rules.txt:846303|fare_attributes.txt:834787|fare_id:2007830-1-16-17""]",data/transit/hongkong/PublicTransportGTFS/gtfs.zip,e5ad020b79d0020625a4e8eb5428c2253a07705b71bfb809d8a3fa178032ce06,3,2,ambiguous,"[{""fare_attribute_line"":834742,""fare_id"":""2007830-1-9-11"",""fare_rule_line"":846206,""price"":6.8},{""fare_attribute_line"":866775,""fare_id"":""2007830-1-9-17"",""fare_rule_line"":846212,""price"":6.8},{""fare_attribute_line"":834787,""fare_id"":""2007830-1-16-17"",""fare_rule_line"":846303,""price"":11.3}]",ambiguous,A,U,unresolved,official_json_routeSeq_exact_full_stop_pattern_plus_ordered_gtfs_stop_od,conflicting_published_amounts
exact_route_sequence_ordered_stop_od,GMB,line_gmb_2007830,gmb_2007830_1,2007830,1,1,20002297,20001564,unspecified_in_source,unspecified_in_source,unspecified_in_source,unspecified_in_source,unspecified_in_source,,,,pt_fare,,,not_encoded_in_source_revision_cutoff_only,2026-07-14,2026-07-20,,"[""gtfs:fare_rules.txt:846219|fare_attributes.txt:866782|fare_id:2007830-1-9-24"",""gtfs:fare_rules.txt:846310|fare_attributes.txt:834794|fare_id:2007830-1-16-24""]",data/transit/hongkong/PublicTransportGTFS/gtfs.zip,e5ad020b79d0020625a4e8eb5428c2253a07705b71bfb809d8a3fa178032ce06,2,2,ambiguous,"[{""fare_attribute_line"":866782,""fare_id"":""2007830-1-9-24"",""fare_rule_line"":846219,""price"":6.8},{""fare_attribute_line"":834794,""fare_id"":""2007830-1-16-24"",""fare_rule_line"":846310,""price"":11.3}]",ambiguous,A,U,unresolved,official_json_routeSeq_exact_full_stop_pattern_plus_ordered_gtfs_stop_od,conflicting_published_amounts
exact_route_sequence_ordered_stop_od,GMB,line_gmb_2007830,gmb_2007830_1,2007830,1,1,20002297,20002225,unspecified_in_source,unspecified_in_source,unspecified_in_source,unspecified_in_source,unspecified_in_source,,,,pt_fare,,,not_encoded_in_source_revision_cutoff_only,2026-07-14,2026-07-20,,"[""gtfs:fare_rules.txt:846213|fare_attributes.txt:866776|fare_id:2007830-1-9-18"",""gtfs:fare_rules.txt:846304|fare_attributes.txt:834788|fare_id:2007830-1-16-18""]",data/transit/hongkong/PublicTransportGTFS/gtfs.zip,e5ad020b79d0020625a4e8eb5428c2253a07705b71bfb809d8a3fa178032ce06,2,2,ambiguous,"[{""fare_attribute_line"":866776,""fare_id"":""2007830-1-9-18"",""fare_rule_line"":846213,""price"":6.8},{""fare_attribute_line"":834788,""fare_id"":""2007830-1-16-18"",""fare_rule_line"":846304,""price"":11.3}]",ambiguous,A,U,unresolved,official_json_routeSeq_exact_full_stop_pattern_plus_ordered_gtfs_stop_od,conflicting_published_amounts
exact_route_sequence_ordered_stop_od,GMB,line_gmb_2007830,gmb_2007830_1,2007830,1,1,20002297,20002226,unspecified_in_source,unspecified_in_source,unspecified_in_source,unspecified_in_source,unspecified_in_source,,,,pt_fare,,,not_encoded_in_source_revision_cutoff_only,2026-07-14,2026-07-20,,"[""gtfs:fare_rules.txt:846215|fare_attributes.txt:866778|fare_id:2007830-1-9-20"",""gtfs:fare_rules.txt:846306|fare_attributes.txt:834790|fare_id:2007830-1-16-20""]",data/transit/hongkong/PublicTransportGTFS/gtfs.zip,e5ad020b79d0020625a4e8eb5428c2253a07705b71bfb809d8a3fa178032ce06,2,2,ambiguous,"[{""fare_attribute_line"":866778,""fare_id"":""2007830-1-9-20"",""fare_rule_line"":846215,""price"":6.8},{""fare_attribute_line"":834790,""fare_id"":""2007830-1-16-20"",""fare_rule_line"":846306,""price"":11.3}]",ambiguous,A,U,unresolved,official_json_routeSeq_exact_full_stop_pattern_plus_ordered_gtfs_stop_od,conflicting_published_amounts
exact_route_sequence_ordered_stop_od,GMB,line_gmb_2007830,gmb_2007830_1,2007830,1,1,20002297,20002227,unspecified_in_source,unspecified_in_source,unspecified_in_source,unspecified_in_source,unspecified_in_source,,,,pt_fare,,,not_encoded_in_source_revision_cutoff_only,2026-07-14,2026-07-20,,"[""gtfs:fare_rules.txt:846216|fare_attributes.txt:866779|fare_id:2007830-1-9-21"",""gtfs:fare_rules.txt:846307|fare_attributes.txt:834791|fare_id:2007830-1-16-21""]",data/transit/hongkong/PublicTransportGTFS/gtfs.zip,e5ad020b79d0020625a4e8eb5428c2253a07705b71bfb809d8a3fa178032ce06,2,2,ambiguous,"[{""fare_attribute_line"":866779,""fare_id"":""2007830-1-9-21"",""fare_rule_line"":846216,""price"":6.8},{""fare_attribute_line"":834791,""fare_id"":""2007830-1-16-21"",""fare_rule_line"":846307,""price"":11.3}]",ambiguous,A,U,unresolved,official_json_routeSeq_exact_full_stop_pattern_plus_ordered_gtfs_stop_od,conflicting_published_amounts
exact_route_sequence_ordered_stop_od,GMB,line_gmb_2007830,gmb_2007830_1,2007830,1,1,20002297,20002228,unspecified_in_source,unspecified_in_source,unspecified_in_source,unspecified_in_source,unspecified_in_source,,,,pt_fare,,,not_encoded_in_source_revision_cutoff_only,2026-07-14,2026-07-20,,"[""gtfs:fare_rules.txt:846217|fare_attributes.txt:866780|fare_id:2007830-1-9-22"",""gtfs:fare_rules.txt:846308|fare_attributes.txt:834792|fare_id:2007830-1-16-22""]",data/transit/hongkong/PublicTransportGTFS/gtfs.zip,e5ad020b79d0020625a4e8eb5428c2253a07705b71bfb809d8a3fa178032ce06,2,2,ambiguous,"[{""fare_attribute_line"":866780,""fare_id"":""2007830-1-9-22"",""fare_rule_line"":846217,""price"":6.8},{""fare_attribute_line"":834792,""fare_id"":""2007830-1-16-22"",""fare_rule_line"":846308,""price"":11.3}]",ambiguous,A,U,unresolved,official_json_routeSeq_exact_full_stop_pattern_plus_ordered_gtfs_stop_od,conflicting_published_amounts
exact_route_sequence_ordered_stop_od,GMB,line_gmb_2007830,gmb_2007830_1,2007830,1,1,20002297,20002320,unspecified_in_source,unspecified_in_source,unspecified_in_source,unspecified_in_source,unspecified_in_source,,,,pt_fare,,,not_encoded_in_source_revision_cutoff_only,2026-07-14,2026-07-20,,"[""gtfs:fare_rules.txt:846214|fare_attributes.txt:866777|fare_id:2007830-1-9-19"",""gtfs:fare_rules.txt:846305|fare_attributes.txt:834789|fare_id:2007830-1-16-19""]",data/transit/hongkong/PublicTransportGTFS/gtfs.zip,e5ad020b79d0020625a4e8eb5428c2253a07705b71bfb809d8a3fa178032ce06,2,2,ambiguous,"[{""fare_attribute_line"":866777,""fare_id"":""2007830-1-9-19"",""fare_rule_line"":846214,""price"":6.8},{""fare_attribute_line"":834789,""fare_id"":""2007830-1-16-19"",""fare_rule_line"":846305,""price"":11.3}]",ambiguous,A,U,unresolved,official_json_routeSeq_exact_full_stop_pattern_plus_ordered_gtfs_stop_od,conflicting_published_amounts
exact_route_sequence_ordered_stop_od,GMB,line_gmb_2007830,gmb_2007830_1,2007830,1,1,20002297,20015651,unspecified_in_source,unspecified_in_source,unspecified_in_source,unspecified_in_source,unspecified_in_source,,,,pt_fare,,,not_encoded_in_source_revision_cutoff_only,2026-07-14,2026-07-20,,"[""gtfs:fare_rules.txt:846218|fare_attributes.txt:866781|fare_id:2007830-1-9-23"",""gtfs:fare_rules.txt:846309|fare_attributes.txt:834793|fare_id:2007830-1-16-23""]",data/transit/hongkong/PublicTransportGTFS/gtfs.zip,e5ad020b79d0020625a4e8eb5428c2253a07705b71bfb809d8a3fa178032ce06,2,2,ambiguous,"[{""fare_attribute_line"":866781,""fare_id"":""2007830-1-9-23"",""fare_rule_line"":846218,""price"":6.8},{""fare_attribute_line"":834793,""fare_id"":""2007830-1-16-23"",""fare_rule_line"":846309,""price"":11.3}]",ambiguous,A,U,unresolved,official_json_routeSeq_exact_full_stop_pattern_plus_ordered_gtfs_stop_od,conflicting_published_amounts
exact_route_sequence_ordered_stop_od,GMB,line_gmb_2007830,gmb_2007830_1,2007830,1,1,20002297,20015706,unspecified_in_source,unspecified_in_source,unspecified_in_source,unspecified_in_source,unspecified_in_source,,,,pt_fare,,,not_encoded_in_source_revision_cutoff_only,2026-07-14,2026-07-20,,"[""gtfs:fare_rules.txt:846221|fare_attributes.txt:866784|fare_id:2007830-1-9-26"",""gtfs:fare_rules.txt:846312|fare_attributes.txt:834796|fare_id:2007830-1-16-26""]",data/transit/hongkong/PublicTransportGTFS/gtfs.zip,e5ad020b79d0020625a4e8eb5428c2253a07705b71bfb809d8a3fa178032ce06,2,2,ambiguous,"[{""fare_attribute_line"":866784,""fare_id"":""2007830-1-9-26"",""fare_rule_line"":846221,""price"":6.8},{""fare_attribute_line"":834796,""fare_id"":""2007830-1-16-26"",""fare_rule_line"":846312,""price"":11.3}]",ambiguous,A,U,unresolved,official_json_routeSeq_exact_full_stop_pattern_plus_ordered_gtfs_stop_od,conflicting_published_amounts
exact_route_sequence_ordered_stop_od,GMB,line_gmb_2007830,gmb_2007830_1,2007830,1,1,20002297,20015773,unspecified_in_source,unspecified_in_source,unspecified_in_source,unspecified_in_source,unspecified_in_source,,,,pt_fare,,,not_encoded_in_source_revision_cutoff_only,2026-07-14,2026-07-20,,"[""gtfs:fare_rules.txt:846220|fare_attributes.txt:866783|fare_id:2007830-1-9-25"",""gtfs:fare_rules.txt:846311|fare_attributes.txt:834795|fare_id:2007830-1-16-25""]",data/transit/hongkong/PublicTransportGTFS/gtfs.zip,e5ad020b79d0020625a4e8eb5428c2253a07705b71bfb809d8a3fa178032ce06,2,2,ambiguous,"[{""fare_attribute_line"":866783,""fare_id"":""2007830-1-9-25"",""fare_rule_line"":846220,""price"":6.8},{""fare_attribute_line"":834795,""fare_id"":""2007830-1-16-25"",""fare_rule_line"":846311,""price"":11.3}]",ambiguous,A,U,unresolved,official_json_routeSeq_exact_full_stop_pattern_plus_ordered_gtfs_stop_od,conflicting_published_amounts
exact_route_sequence_ordered_stop_od,GMB,line_gmb_2007894,gmb_2007894_1,2007894,1,1,20015875,20015876,unspecified_in_source,unspecified_in_source,unspecified_in_source,unspecified_in_source,unspecified_in_source,,,,pt_fare,,,not_encoded_in_source_revision_cutoff_only,2026-07-14,2026-07-20,,"[""gtfs:fare_rules.txt:846815|fare_attributes.txt:834309|fare_id:2007894-1-8-9"",""gtfs:fare_rules.txt:846874|fare_attributes.txt:835061|fare_id:2007894-2-5-6""]",data/transit/hongkong/PublicTransportGTFS/gtfs.zip,e5ad020b79d0020625a4e8eb5428c2253a07705b71bfb809d8a3fa178032ce06,2,2,ambiguous,"[{""fare_attribute_line"":834309,""fare_id"":""2007894-1-8-9"",""fare_rule_line"":846815,""price"":5.7},{""fare_attribute_line"":835061,""fare_id"":""2007894-2-5-6"",""fare_rule_line"":846874,""price"":7.9}]",ambiguous,A,U,unresolved,official_json_routeSeq_exact_full_stop_pattern_plus_ordered_gtfs_stop_od,conflicting_published_amounts
exact_route_sequence_ordered_stop_od,GMB,line_gmb_2007894,gmb_2007894_2,2007894,2,2,20015875,20015876,unspecified_in_source,unspecified_in_source,unspecified_in_source,unspecified_in_source,unspecified_in_source,,,,pt_fare,,,not_encoded_in_source_revision_cutoff_only,2026-07-14,2026-07-20,,"[""gtfs:fare_rules.txt:846815|fare_attributes.txt:834309|fare_id:2007894-1-8-9"",""gtfs:fare_rules.txt:846874|fare_attributes.txt:835061|fare_id:2007894-2-5-6""]",data/transit/hongkong/PublicTransportGTFS/gtfs.zip,e5ad020b79d0020625a4e8eb5428c2253a07705b71bfb809d8a3fa178032ce06,2,2,ambiguous,"[{""fare_attribute_line"":834309,""fare_id"":""2007894-1-8-9"",""fare_rule_line"":846815,""price"":5.7},{""fare_attribute_line"":835061,""fare_id"":""2007894-2-5-6"",""fare_rule_line"":846874,""price"":7.9}]",ambiguous,A,U,unresolved,official_json_routeSeq_exact_full_stop_pattern_plus_ordered_gtfs_stop_od,conflicting_published_amounts
exact_route_sequence_ordered_stop_od,GMB,line_gmb_2008060,gmb_2008060_1,2008060,1,1,20000263,20016081,unspecified_in_source,unspecified_in_source,unspecified_in_source,unspecified_in_source,unspecified_in_source,,,,pt_fare,,,not_encoded_in_source_revision_cutoff_only,2026-07-14,2026-07-20,,"[""gtfs:fare_rules.txt:848039|fare_attributes.txt:867653|fare_id:2008060-1-4-23"",""gtfs:fare_rules.txt:848207|fare_attributes.txt:836438|fare_id:2008060-1-20-23""]",data/transit/hongkong/PublicTransportGTFS/gtfs.zip,e5ad020b79d0020625a4e8eb5428c2253a07705b71bfb809d8a3fa178032ce06,2,2,ambiguous,"[{""fare_attribute_line"":867653,""fare_id"":""2008060-1-4-23"",""fare_rule_line"":848039,""price"":8.1},{""fare_attribute_line"":836438,""fare_id"":""2008060-1-20-23"",""fare_rule_line"":848207,""price"":5.3}]",ambiguous,A,U,unresolved,official_json_routeSeq_exact_full_stop_pattern_plus_ordered_gtfs_stop_od,conflicting_published_amounts
exact_route_sequence_ordered_stop_od,GMB,line_gmb_2008060,gmb_2008060_1,2008060,1,1,20000263,20016098,unspecified_in_source,unspecified_in_source,unspecified_in_source,unspecified_in_source,unspecified_in_source,,,,pt_fare,,,not_encoded_in_source_revision_cutoff_only,2026-07-14,2026-07-20,,"[""gtfs:fare_rules.txt:848037|fare_attributes.txt:867651|fare_id:2008060-1-4-21"",""gtfs:fare_rules.txt:848205|fare_attributes.txt:836436|fare_id:2008060-1-20-21""]",data/transit/hongkong/PublicTransportGTFS/gtfs.zip,e5ad020b79d0020625a4e8eb5428c2253a07705b71bfb809d8a3fa178032ce06,2,2,ambiguous,"[{""fare_attribute_line"":867651,""fare_id"":""2008060-1-4-21"",""fare_rule_line"":848037,""price"":8.1},{""fare_attribute_line"":836436,""fare_id"":""2008060-1-20-21"",""fare_rule_line"":848205,""price"":5.3}]",ambiguous,A,U,unresolved,official_json_routeSeq_exact_full_stop_pattern_plus_ordered_gtfs_stop_od,conflicting_published_amounts
exact_route_sequence_ordered_stop_od,GMB,line_gmb_2008060,gmb_2008060_1,2008060,1,1,20000263,20016099,unspecified_in_source,unspecified_in_source,unspecified_in_source,unspecified_in_source,unspecified_in_source,,,,pt_fare,,,not_encoded_in_source_revision_cutoff_only,2026-07-14,2026-07-20,,"[""gtfs:fare_rules.txt:848038|fare_attributes.txt:867652|fare_id:2008060-1-4-22"",""gtfs:fare_rules.txt:848206|fare_attributes.txt:836437|fare_id:2008060-1-20-22""]",data/transit/hongkong/PublicTransportGTFS/gtfs.zip,e5ad020b79d0020625a4e8eb5428c2253a07705b71bfb809d8a3fa178032ce06,2,2,ambiguous,"[{""fare_attribute_line"":867652,""fare_id"":""2008060-1-4-22"",""fare_rule_line"":848038,""price"":8.1},{""fare_attribute_line"":836437,""fare_id"":""2008060-1-20-22"",""fare_rule_line"":848206,""price"":5.3}]",ambiguous,A,U,unresolved,official_json_routeSeq_exact_full_stop_pattern_plus_ordered_gtfs_stop_od,conflicting_published_amounts
exact_route_sequence_ordered_stop_od,GMB,line_gmb_2008355,gmb_2008355_1,2008355,1,1,20016437,20016439,unspecified_in_source,unspecified_in_source,unspecified_in_source,unspecified_in_source,unspecified_in_source,,,,pt_fare,,,not_encoded_in_source_revision_cutoff_only,2026-07-14,2026-07-20,,"[""gtfs:fare_rules.txt:849543|fare_attributes.txt:837793|fare_id:2008355-1-3-5"",""gtfs:fare_rules.txt:849597|fare_attributes.txt:837055|fare_id:2008355-2-5-7""]",data/transit/hongkong/PublicTransportGTFS/gtfs.zip,e5ad020b79d0020625a4e8eb5428c2253a07705b71bfb809d8a3fa178032ce06,2,2,ambiguous,"[{""fare_attribute_line"":837793,""fare_id"":""2008355-1-3-5"",""fare_rule_line"":849543,""price"":3.7},{""fare_attribute_line"":837055,""fare_id"":""2008355-2-5-7"",""fare_rule_line"":849597,""price"":4.9}]",ambiguous,A,U,unresolved,official_json_routeSeq_exact_full_stop_pattern_plus_ordered_gtfs_stop_od,conflicting_published_amounts
exact_route_sequence_ordered_stop_od,GMB,line_gmb_2008355,gmb_2008355_2,2008355,2,2,20016437,20016439,unspecified_in_source,unspecified_in_source,unspecified_in_source,unspecified_in_source,unspecified_in_source,,,,pt_fare,,,not_encoded_in_source_revision_cutoff_only,2026-07-14,2026-07-20,,"[""gtfs:fare_rules.txt:849543|fare_attributes.txt:837793|fare_id:2008355-1-3-5"",""gtfs:fare_rules.txt:849597|fare_attributes.txt:837055|fare_id:2008355-2-5-7""]",data/transit/hongkong/PublicTransportGTFS/gtfs.zip,e5ad020b79d0020625a4e8eb5428c2253a07705b71bfb809d8a3fa178032ce06,2,2,ambiguous,"[{""fare_attribute_line"":837793,""fare_id"":""2008355-1-3-5"",""fare_rule_line"":849543,""price"":3.7},{""fare_attribute_line"":837055,""fare_id"":""2008355-2-5-7"",""fare_rule_line"":849597,""price"":4.9}]",ambiguous,A,U,unresolved,official_json_routeSeq_exact_full_stop_pattern_plus_ordered_gtfs_stop_od,conflicting_published_amounts
exact_route_sequence_ordered_stop_od,GMB,line_gmb_2008596,gmb_2008596_1,2008596,1,1,20014982,20016746,unspecified_in_source,unspecified_in_source,unspecified_in_source,unspecified_in_source,unspecified_in_source,,,,pt_fare,,,not_encoded_in_source_revision_cutoff_only,2026-07-14,2026-07-20,,"[""gtfs:fare_rules.txt:852845|fare_attributes.txt:839912|fare_id:2008596-1-2-3"",""gtfs:fare_rules.txt:852855|fare_attributes.txt:868146|fare_id:2008596-1-2-13""]",data/transit/hongkong/PublicTransportGTFS/gtfs.zip,e5ad020b79d0020625a4e8eb5428c2253a07705b71bfb809d8a3fa178032ce06,2,2,ambiguous,"[{""fare_attribute_line"":839912,""fare_id"":""2008596-1-2-3"",""fare_rule_line"":852845,""price"":4.0},{""fare_attribute_line"":868146,""fare_id"":""2008596-1-2-13"",""fare_rule_line"":852855,""price"":4.3}]",ambiguous,A,U,unresolved,official_json_routeSeq_exact_full_stop_pattern_plus_ordered_gtfs_stop_od,conflicting_published_amounts
exact_route_sequence_ordered_stop_od,GMB,line_gmb_2008596,gmb_2008596_1,2008596,1,1,20016745,20016746,unspecified_in_source,unspecified_in_source,unspecified_in_source,unspecified_in_source,unspecified_in_source,,,,pt_fare,,,not_encoded_in_source_revision_cutoff_only,2026-07-14,2026-07-20,,"[""gtfs:fare_rules.txt:852832|fare_attributes.txt:839906|fare_id:2008596-1-1-3"",""gtfs:fare_rules.txt:852842|fare_attributes.txt:868139|fare_id:2008596-1-1-13""]",data/transit/hongkong/PublicTransportGTFS/gtfs.zip,e5ad020b79d0020625a4e8eb5428c2253a07705b71bfb809d8a3fa178032ce06,2,2,ambiguous,"[{""fare_attribute_line"":839906,""fare_id"":""2008596-1-1-3"",""fare_rule_line"":852832,""price"":4.0},{""fare_attribute_line"":868139,""fare_id"":""2008596-1-1-13"",""fare_rule_line"":852842,""price"":4.3}]",ambiguous,A,U,unresolved,official_json_routeSeq_exact_full_stop_pattern_plus_ordered_gtfs_stop_od,conflicting_published_amounts
exact_route_sequence_ordered_stop_od,GMB,line_gmb_2008596,gmb_2008596_1,2008596,1,1,20016746,20016745,unspecified_in_source,unspecified_in_source,unspecified_in_source,unspecified_in_source,unspecified_in_source,,,,pt_fare,,,not_encoded_in_source_revision_cutoff_only,2026-07-14,2026-07-20,,"[""gtfs:fare_rules.txt:852869|fare_attributes.txt:868155|fare_id:2008596-1-3-15"",""gtfs:fare_rules.txt:852934|fare_attributes.txt:839959|fare_id:2008596-1-13-15""]",data/transit/hongkong/PublicTransportGTFS/gtfs.zip,e5ad020b79d0020625a4e8eb5428c2253a07705b71bfb809d8a3fa178032ce06,2,2,ambiguous,"[{""fare_attribute_line"":868155,""fare_id"":""2008596-1-3-15"",""fare_rule_line"":852869,""price"":4.3},{""fare_attribute_line"":839959,""fare_id"":""2008596-1-13-15"",""fare_rule_line"":852934,""price"":4.0}]",ambiguous,A,U,unresolved,official_json_routeSeq_exact_full_stop_pattern_plus_ordered_gtfs_stop_od,conflicting_published_amounts
exact_route_sequence_ordered_stop_od,GMB,line_gmb_2008596,gmb_2008596_1,2008596,1,1,20016746,20016747,unspecified_in_source,unspecified_in_source,unspecified_in_source,unspecified_in_source,unspecified_in_source,,,,pt_fare,,,not_encoded_in_source_revision_cutoff_only,2026-07-14,2026-07-20,,"[""gtfs:fare_rules.txt:852858|fare_attributes.txt:839918|fare_id:2008596-1-3-4"",""gtfs:fare_rules.txt:852868|fare_attributes.txt:868154|fare_id:2008596-1-3-14"",""gtfs:fare_rules.txt:852933|fare_attributes.txt:839958|fare_id:2008596-1-13-14""]",data/transit/hongkong/PublicTransportGTFS/gtfs.zip,e5ad020b79d0020625a4e8eb5428c2253a07705b71bfb809d8a3fa178032ce06,3,2,ambiguous,"[{""fare_attribute_line"":839918,""fare_id"":""2008596-1-3-4"",""fare_rule_line"":852858,""price"":4.3},{""fare_attribute_line"":868154,""fare_id"":""2008596-1-3-14"",""fare_rule_line"":852868,""price"":4.3},{""fare_attribute_line"":839958,""fare_id"":""2008596-1-13-14"",""fare_rule_line"":852933,""price"":4.0}]",ambiguous,A,U,unresolved,official_json_routeSeq_exact_full_stop_pattern_plus_ordered_gtfs_stop_od,conflicting_published_amounts
exact_route_sequence_ordered_stop_od,GMB,line_gmb_2008596,gmb_2008596_1,2008596,1,1,20016747,20016745,unspecified_in_source,unspecified_in_source,unspecified_in_source,unspecified_in_source,unspecified_in_source,,,,pt_fare,,,not_encoded_in_source_revision_cutoff_only,2026-07-14,2026-07-20,,"[""gtfs:fare_rules.txt:852880|fare_attributes.txt:868162|fare_id:2008596-1-4-15"",""gtfs:fare_rules.txt:852935|fare_attributes.txt:839960|fare_id:2008596-1-14-15""]",data/transit/hongkong/PublicTransportGTFS/gtfs.zip,e5ad020b79d0020625a4e8eb5428c2253a07705b71bfb809d8a3fa178032ce06,2,2,ambiguous,"[{""fare_attribute_line"":868162,""fare_id"":""2008596-1-4-15"",""fare_rule_line"":852880,""price"":4.3},{""fare_attribute_line"":839960,""fare_id"":""2008596-1-14-15"",""fare_rule_line"":852935,""price"":4.0}]",ambiguous,A,U,unresolved,official_json_routeSeq_exact_full_stop_pattern_plus_ordered_gtfs_stop_od,conflicting_published_amounts
exact_route_sequence_ordered_stop_od,GMB,line_gmb_2008850,gmb_2008850_1,2008850,1,1,20017039,20017040,unspecified_in_source,unspecified_in_source,unspecified_in_source,unspecified_in_source,unspecified_in_source,,,,pt_fare,,,not_encoded_in_source_revision_cutoff_only,2026-07-14,2026-07-20,,"[""gtfs:fare_rules.txt:855504|fare_attributes.txt:841879|fare_id:2008850-1-22-23"",""gtfs:fare_rules.txt:855533|fare_attributes.txt:841908|fare_id:2008850-2-2-3""]",data/transit/hongkong/PublicTransportGTFS/gtfs.zip,e5ad020b79d0020625a4e8eb5428c2253a07705b71bfb809d8a3fa178032ce06,2,2,ambiguous,"[{""fare_attribute_line"":841879,""fare_id"":""2008850-1-22-23"",""fare_rule_line"":855504,""price"":4.9},{""fare_attribute_line"":841908,""fare_id"":""2008850-2-2-3"",""fare_rule_line"":855533,""price"":6.2}]",ambiguous,A,U,unresolved,official_json_routeSeq_exact_full_stop_pattern_plus_ordered_gtfs_stop_od,conflicting_published_amounts
exact_route_sequence_ordered_stop_od,GMB,line_gmb_2008850,gmb_2008850_2,2008850,2,2,20017039,20017040,unspecified_in_source,unspecified_in_source,unspecified_in_source,unspecified_in_source,unspecified_in_source,,,,pt_fare,,,not_encoded_in_source_revision_cutoff_only,2026-07-14,2026-07-20,,"[""gtfs:fare_rules.txt:855504|fare_attributes.txt:841879|fare_id:2008850-1-22-23"",""gtfs:fare_rules.txt:855533|fare_attributes.txt:841908|fare_id:2008850-2-2-3""]",data/transit/hongkong/PublicTransportGTFS/gtfs.zip,e5ad020b79d0020625a4e8eb5428c2253a07705b71bfb809d8a3fa178032ce06,2,2,ambiguous,"[{""fare_attribute_line"":841879,""fare_id"":""2008850-1-22-23"",""fare_rule_line"":855504,""price"":4.9},{""fare_attribute_line"":841908,""fare_id"":""2008850-2-2-3"",""fare_rule_line"":855533,""price"":6.2}]",ambiguous,A,U,unresolved,official_json_routeSeq_exact_full_stop_pattern_plus_ordered_gtfs_stop_od,conflicting_published_amounts
exact_route_sequence_ordered_stop_od,GMB,line_gmb_2009774,gmb_2009774_1,2009774,1,1,20001615,20007365,unspecified_in_source,unspecified_in_source,unspecified_in_source,unspecified_in_source,unspecified_in_source,,,,pt_fare,,,not_encoded_in_source_revision_cutoff_only,2026-07-14,2026-07-20,,"[""gtfs:fare_rules.txt:859621|fare_attributes.txt:845976|fare_id:2009774-1-7-12"",""gtfs:fare_rules.txt:859631|fare_attributes.txt:868660|fare_id:2009774-1-7-22""]",data/transit/hongkong/PublicTransportGTFS/gtfs.zip,e5ad020b79d0020625a4e8eb5428c2253a07705b71bfb809d8a3fa178032ce06,2,2,ambiguous,"[{""fare_attribute_line"":845976,""fare_id"":""2009774-1-7-12"",""fare_rule_line"":859621,""price"":3.1},{""fare_attribute_line"":868660,""fare_id"":""2009774-1-7-22"",""fare_rule_line"":859631,""price"":6.1}]",ambiguous,A,U,unresolved,official_json_routeSeq_exact_full_stop_pattern_plus_ordered_gtfs_stop_od,conflicting_published_amounts
exact_route_sequence_ordered_stop_od,GMB,line_gmb_2009774,gmb_2009774_1,2009774,1,1,20001616,20007365,unspecified_in_source,unspecified_in_source,unspecified_in_source,unspecified_in_source,unspecified_in_source,,,,pt_fare,,,not_encoded_in_source_revision_cutoff_only,2026-07-14,2026-07-20,,"[""gtfs:fare_rules.txt:859644|fare_attributes.txt:845985|fare_id:2009774-1-8-12"",""gtfs:fare_rules.txt:859654|fare_attributes.txt:868674|fare_id:2009774-1-8-22""]",data/transit/hongkong/PublicTransportGTFS/gtfs.zip,e5ad020b79d0020625a4e8eb5428c2253a07705b71bfb809d8a3fa178032ce06,2,2,ambiguous,"[{""fare_attribute_line"":845985,""fare_id"":""2009774-1-8-12"",""fare_rule_line"":859644,""price"":3.1},{""fare_attribute_line"":868674,""fare_id"":""2009774-1-8-22"",""fare_rule_line"":859654,""price"":6.1}]",ambiguous,A,U,unresolved,official_json_routeSeq_exact_full_stop_pattern_plus_ordered_gtfs_stop_od,conflicting_published_amounts
exact_route_sequence_ordered_stop_od,GMB,line_gmb_2009774,gmb_2009774_1,2009774,1,1,20004201,20007365,unspecified_in_source,unspecified_in_source,unspecified_in_source,unspecified_in_source,unspecified_in_source,,,,pt_fare,,,not_encoded_in_source_revision_cutoff_only,2026-07-14,2026-07-20,,"[""gtfs:fare_rules.txt:859687|fare_attributes.txt:846000|fare_id:2009774-1-10-12"",""gtfs:fare_rules.txt:859697|fare_attributes.txt:869395|fare_id:2009774-1-10-22""]",data/transit/hongkong/PublicTransportGTFS/gtfs.zip,e5ad020b79d0020625a4e8eb5428c2253a07705b71bfb809d8a3fa178032ce06,2,2,ambiguous,"[{""fare_attribute_line"":846000,""fare_id"":""2009774-1-10-12"",""fare_rule_line"":859687,""price"":3.1},{""fare_attribute_line"":869395,""fare_id"":""2009774-1-10-22"",""fare_rule_line"":859697,""price"":6.1}]",ambiguous,A,U,unresolved,official_json_routeSeq_exact_full_stop_pattern_plus_ordered_gtfs_stop_od,conflicting_published_amounts
exact_route_sequence_ordered_stop_od,GMB,line_gmb_2009774,gmb_2009774_1,2009774,1,1,20007365,20001599,unspecified_in_source,unspecified_in_source,unspecified_in_source,unspecified_in_source,unspecified_in_source,,,,pt_fare,,,not_encoded_in_source_revision_cutoff_only,2026-07-14,2026-07-20,,"[""gtfs:fare_rules.txt:859739|fare_attributes.txt:869426|fare_id:2009774-1-12-25"",""gtfs:fare_rules.txt:859874|fare_attributes.txt:845297|fare_id:2009774-1-22-25""]",data/transit/hongkong/PublicTransportGTFS/gtfs.zip,e5ad020b79d0020625a4e8eb5428c2253a07705b71bfb809d8a3fa178032ce06,2,2,ambiguous,"[{""fare_attribute_line"":869426,""fare_id"":""2009774-1-12-25"",""fare_rule_line"":859739,""price"":4.8},{""fare_attribute_line"":845297,""fare_id"":""2009774-1-22-25"",""fare_rule_line"":859874,""price"":6.1}]",ambiguous,A,U,unresolved,official_json_routeSeq_exact_full_stop_pattern_plus_ordered_gtfs_stop_od,conflicting_published_amounts
exact_route_sequence_ordered_stop_od,GMB,line_gmb_2009774,gmb_2009774_1,2009774,1,1,20007365,20001600,unspecified_in_source,unspecified_in_source,unspecified_in_source,unspecified_in_source,unspecified_in_source,,,,pt_fare,,,not_encoded_in_source_revision_cutoff_only,2026-07-14,2026-07-20,,"[""gtfs:fare_rules.txt:859740|fare_attributes.txt:869427|fare_id:2009774-1-12-26"",""gtfs:fare_rules.txt:859875|fare_attributes.txt:845298|fare_id:2009774-1-22-26""]",data/transit/hongkong/PublicTransportGTFS/gtfs.zip,e5ad020b79d0020625a4e8eb5428c2253a07705b71bfb809d8a3fa178032ce06,2,2,ambiguous,"[{""fare_attribute_line"":869427,""fare_id"":""2009774-1-12-26"",""fare_rule_line"":859740,""price"":4.8},{""fare_attribute_line"":845298,""fare_id"":""2009774-1-22-26"",""fare_rule_line"":859875,""price"":6.1}]",ambiguous,A,U,unresolved,official_json_routeSeq_exact_full_stop_pattern_plus_ordered_gtfs_stop_od,conflicting_published_amounts
exact_route_sequence_ordered_stop_od,GMB,line_gmb_2009774,gmb_2009774_1,2009774,1,1,20007365,20001601,unspecified_in_source,unspecified_in_source,unspecified_in_source,unspecified_in_source,unspecified_in_source,,,,pt_fare,,,not_encoded_in_source_revision_cutoff_only,2026-07-14,2026-07-20,,"[""gtfs:fare_rules.txt:859741|fare_attributes.txt:869428|fare_id:2009774-1-12-27"",""gtfs:fare_rules.txt:859876|fare_attributes.txt:845299|fare_id:2009774-1-22-27""]",data/transit/hongkong/PublicTransportGTFS/gtfs.zip,e5ad020b79d0020625a4e8eb5428c2253a07705b71bfb809d8a3fa178032ce06,2,2,ambiguous,"[{""fare_attribute_line"":869428,""fare_id"":""2009774-1-12-27"",""fare_rule_line"":859741,""price"":4.8},{""fare_attribute_line"":845299,""fare_id"":""2009774-1-22-27"",""fare_rule_line"":859876,""price"":6.1}]",ambiguous,A,U,unresolved,official_json_routeSeq_exact_full_stop_pattern_plus_ordered_gtfs_stop_od,conflicting_published_amounts
exact_route_sequence_ordered_stop_od,GMB,line_gmb_2009774,gmb_2009774_1,2009774,1,1,20007365,20002749,unspecified_in_source,unspecified_in_source,unspecified_in_source,unspecified_in_source,unspecified_in_source,,,,pt_fare,,,not_encoded_in_source_revision_cutoff_only,2026-07-14,2026-07-20,,"[""gtfs:fare_rules.txt:859742|fare_attributes.txt:869429|fare_id:2009774-1-12-28"",""gtfs:fare_rules.txt:859877|fare_attributes.txt:845300|fare_id:2009774-1-22-28""]",data/transit/hongkong/PublicTransportGTFS/gtfs.zip,e5ad020b79d0020625a4e8eb5428c2253a07705b71bfb809d8a3fa178032ce06,2,2,ambiguous,"[{""fare_attribute_line"":869429,""fare_id"":""2009774-1-12-28"",""fare_rule_line"":859742,""price"":4.8},{""fare_attribute_line"":845300,""fare_id"":""2009774-1-22-28"",""fare_rule_line"":859877,""price"":6.1}]",ambiguous,A,U,unresolved,official_json_routeSeq_exact_full_stop_pattern_plus_ordered_gtfs_stop_od,conflicting_published_amounts
exact_route_sequence_ordered_stop_od,GMB,line_gmb_2009774,gmb_2009774_1,2009774,1,1,20007365,20003394,unspecified_in_source,unspecified_in_source,unspecified_in_source,unspecified_in_source,unspecified_in_source,,,,pt_fare,,,not_encoded_in_source_revision_cutoff_only,2026-07-14,2026-07-20,,"[""gtfs:fare_rules.txt:859743|fare_attributes.txt:869430|fare_id:2009774-1-12-29"",""gtfs:fare_rules.txt:859878|fare_attributes.txt:845301|fare_id:2009774-1-22-29""]",data/transit/hongkong/PublicTransportGTFS/gtfs.zip,e5ad020b79d0020625a4e8eb5428c2253a07705b71bfb809d8a3fa178032ce06,2,2,ambiguous,"[{""fare_attribute_line"":869430,""fare_id"":""2009774-1-12-29"",""fare_rule_line"":859743,""price"":4.8},{""fare_attribute_line"":845301,""fare_id"":""2009774-1-22-29"",""fare_rule_line"":859878,""price"":6.1}]",ambiguous,A,U,unresolved,official_json_routeSeq_exact_full_stop_pattern_plus_ordered_gtfs_stop_od,conflicting_published_amounts
exact_route_sequence_ordered_stop_od,GMB,line_gmb_2009774,gmb_2009774_1,2009774,1,1,20007365,20007691,unspecified_in_source,unspecified_in_source,unspecified_in_source,unspecified_in_source,unspecified_in_source,,,,pt_fare,,,not_encoded_in_source_revision_cutoff_only,2026-07-14,2026-07-20,,"[""gtfs:fare_rules.txt:859745|fare_attributes.txt:869432|fare_id:2009774-1-12-31"",""gtfs:fare_rules.txt:859880|fare_attributes.txt:845303|fare_id:2009774-1-22-31""]",data/transit/hongkong/PublicTransportGTFS/gtfs.zip,e5ad020b79d0020625a4e8eb5428c2253a07705b71bfb809d8a3fa178032ce06,2,2,ambiguous,"[{""fare_attribute_line"":869432,""fare_id"":""2009774-1-12-31"",""fare_rule_line"":859745,""price"":4.8},{""fare_attribute_line"":845303,""fare_id"":""2009774-1-22-31"",""fare_rule_line"":859880,""price"":6.1}]",ambiguous,A,U,unresolved,official_json_routeSeq_exact_full_stop_pattern_plus_ordered_gtfs_stop_od,conflicting_published_amounts
exact_route_sequence_ordered_stop_od,GMB,line_gmb_2009774,gmb_2009774_1,2009774,1,1,20007365,20007697,unspecified_in_source,unspecified_in_source,unspecified_in_source,unspecified_in_source,unspecified_in_source,,,,pt_fare,,,not_encoded_in_source_revision_cutoff_only,2026-07-14,2026-07-20,,"[""gtfs:fare_rules.txt:859727|fare_attributes.txt:846012|fare_id:2009774-1-12-13"",""gtfs:fare_rules.txt:859737|fare_attributes.txt:869424|fare_id:2009774-1-12-23"",""gtfs:fare_rules.txt:859872|fare_attributes.txt:845295|fare_id:2009774-1-22-23""]",data/transit/hongkong/PublicTransportGTFS/gtfs.zip,e5ad020b79d0020625a4e8eb5428c2253a07705b71bfb809d8a3fa178032ce06,3,2,ambiguous,"[{""fare_attribute_line"":846012,""fare_id"":""2009774-1-12-13"",""fare_rule_line"":859727,""price"":4.8},{""fare_attribute_line"":869424,""fare_id"":""2009774-1-12-23"",""fare_rule_line"":859737,""price"":4.8},{""fare_attribute_line"":845295,""fare_id"":""2009774-1-22-23"",""fare_rule_line"":859872,""price"":6.1}]",ambiguous,A,U,unresolved,official_json_routeSeq_exact_full_stop_pattern_plus_ordered_gtfs_stop_od,conflicting_published_amounts
exact_route_sequence_ordered_stop_od,GMB,line_gmb_2009774,gmb_2009774_1,2009774,1,1,20007365,20007698,unspecified_in_source,unspecified_in_source,unspecified_in_source,unspecified_in_source,unspecified_in_source,,,,pt_fare,,,not_encoded_in_source_revision_cutoff_only,2026-07-14,2026-07-20,,"[""gtfs:fare_rules.txt:859744|fare_attributes.txt:869431|fare_id:2009774-1-12-30"",""gtfs:fare_rules.txt:859879|fare_attributes.txt:845302|fare_id:2009774-1-22-30""]",data/transit/hongkong/PublicTransportGTFS/gtfs.zip,e5ad020b79d0020625a4e8eb5428c2253a07705b71bfb809d8a3fa178032ce06,2,2,ambiguous,"[{""fare_attribute_line"":869431,""fare_id"":""2009774-1-12-30"",""fare_rule_line"":859744,""price"":4.8},{""fare_attribute_line"":845302,""fare_id"":""2009774-1-22-30"",""fare_rule_line"":859879,""price"":6.1}]",ambiguous,A,U,unresolved,official_json_routeSeq_exact_full_stop_pattern_plus_ordered_gtfs_stop_od,conflicting_published_amounts
exact_route_sequence_ordered_stop_od,GMB,line_gmb_2009774,gmb_2009774_1,2009774,1,1,20007365,20019243,unspecified_in_source,unspecified_in_source,unspecified_in_source,unspecified_in_source,unspecified_in_source,,,,pt_fare,,,not_encoded_in_source_revision_cutoff_only,2026-07-14,2026-07-20,,"[""gtfs:fare_rules.txt:859738|fare_attributes.txt:869425|fare_id:2009774-1-12-24"",""gtfs:fare_rules.txt:859873|fare_attributes.txt:845296|fare_id:2009774-1-22-24""]",data/transit/hongkong/PublicTransportGTFS/gtfs.zip,e5ad020b79d0020625a4e8eb5428c2253a07705b71bfb809d8a3fa178032ce06,2,2,ambiguous,"[{""fare_attribute_line"":869425,""fare_id"":""2009774-1-12-24"",""fare_rule_line"":859738,""price"":4.8},{""fare_attribute_line"":845296,""fare_id"":""2009774-1-22-24"",""fare_rule_line"":859873,""price"":6.1}]",ambiguous,A,U,unresolved,official_json_routeSeq_exact_full_stop_pattern_plus_ordered_gtfs_stop_od,conflicting_published_amounts
exact_route_sequence_ordered_stop_od,GMB,line_gmb_2009774,gmb_2009774_1,2009774,1,1,20007696,20007365,unspecified_in_source,unspecified_in_source,unspecified_in_source,unspecified_in_source,unspecified_in_source,,,,pt_fare,,,not_encoded_in_source_revision_cutoff_only,2026-07-14,2026-07-20,,"[""gtfs:fare_rules.txt:859666|fare_attributes.txt:845993|fare_id:2009774-1-9-12"",""gtfs:fare_rules.txt:859676|fare_attributes.txt:868688|fare_id:2009774-1-9-22""]",data/transit/hongkong/PublicTransportGTFS/gtfs.zip,e5ad020b79d0020625a4e8eb5428c2253a07705b71bfb809d8a3fa178032ce06,2,2,ambiguous,"[{""fare_attribute_line"":845993,""fare_id"":""2009774-1-9-12"",""fare_rule_line"":859666,""price"":3.1},{""fare_attribute_line"":868688,""fare_id"":""2009774-1-9-22"",""fare_rule_line"":859676,""price"":6.1}]",ambiguous,A,U,unresolved,official_json_routeSeq_exact_full_stop_pattern_plus_ordered_gtfs_stop_od,conflicting_published_amounts
exact_route_sequence_ordered_stop_od,GMB,line_gmb_2009774,gmb_2009774_1,2009774,1,1,20007697,20001599,unspecified_in_source,unspecified_in_source,unspecified_in_source,unspecified_in_source,unspecified_in_source,,,,pt_fare,,,not_encoded_in_source_revision_cutoff_only,2026-07-14,2026-07-20,,"[""gtfs:fare_rules.txt:859757|fare_attributes.txt:869440|fare_id:2009774-1-13-25"",""gtfs:fare_rules.txt:859882|fare_attributes.txt:845305|fare_id:2009774-1-23-25""]",data/transit/hongkong/PublicTransportGTFS/gtfs.zip,e5ad020b79d0020625a4e8eb5428c2253a07705b71bfb809d8a3fa178032ce06,2,2,ambiguous,"[{""fare_attribute_line"":869440,""fare_id"":""2009774-1-13-25"",""fare_rule_line"":859757,""price"":4.8},{""fare_attribute_line"":845305,""fare_id"":""2009774-1-23-25"",""fare_rule_line"":859882,""price"":6.1}]",ambiguous,A,U,unresolved,official_json_routeSeq_exact_full_stop_pattern_plus_ordered_gtfs_stop_od,conflicting_published_amounts
exact_route_sequence_ordered_stop_od,GMB,line_gmb_2009774,gmb_2009774_1,2009774,1,1,20007697,20001600,unspecified_in_source,unspecified_in_source,unspecified_in_source,unspecified_in_source,unspecified_in_source,,,,pt_fare,,,not_encoded_in_source_revision_cutoff_only,2026-07-14,2026-07-20,,"[""gtfs:fare_rules.txt:859758|fare_attributes.txt:869441|fare_id:2009774-1-13-26"",""gtfs:fare_rules.txt:859883|fare_attributes.txt:845306|fare_id:2009774-1-23-26""]",data/transit/hongkong/PublicTransportGTFS/gtfs.zip,e5ad020b79d0020625a4e8eb5428c2253a07705b71bfb809d8a3fa178032ce06,2,2,ambiguous,"[{""fare_attribute_line"":869441,""fare_id"":""2009774-1-13-26"",""fare_rule_line"":859758,""price"":4.8},{""fare_attribute_line"":845306,""fare_id"":""2009774-1-23-26"",""fare_rule_line"":859883,""price"":6.1}]",ambiguous,A,U,unresolved,official_json_routeSeq_exact_full_stop_pattern_plus_ordered_gtfs_stop_od,conflicting_published_amounts
exact_route_sequence_ordered_stop_od,GMB,line_gmb_2009774,gmb_2009774_1,2009774,1,1,20007697,20001601,unspecified_in_source,unspecified_in_source,unspecified_in_source,unspecified_in_source,unspecified_in_source,,,,pt_fare,,,not_encoded_in_source_revision_cutoff_only,2026-07-14,2026-07-20,,"[""gtfs:fare_rules.txt:859759|fare_attributes.txt:869442|fare_id:2009774-1-13-27"",""gtfs:fare_rules.txt:859884|fare_attributes.txt:845307|fare_id:2009774-1-23-27""]",data/transit/hongkong/PublicTransportGTFS/gtfs.zip,e5ad020b79d0020625a4e8eb5428c2253a07705b71bfb809d8a3fa178032ce06,2,2,ambiguous,"[{""fare_attribute_line"":869442,""fare_id"":""2009774-1-13-27"",""fare_rule_line"":859759,""price"":4.8},{""fare_attribute_line"":845307,""fare_id"":""2009774-1-23-27"",""fare_rule_line"":859884,""price"":6.1}]",ambiguous,A,U,unresolved,official_json_routeSeq_exact_full_stop_pattern_plus_ordered_gtfs_stop_od,conflicting_published_amounts
exact_route_sequence_ordered_stop_od,GMB,line_gmb_2009774,gmb_2009774_1,2009774,1,1,20007697,20002749,unspecified_in_source,unspecified_in_source,unspecified_in_source,unspecified_in_source,unspecified_in_source,,,,pt_fare,,,not_encoded_in_source_revision_cutoff_only,2026-07-14,2026-07-20,,"[""gtfs:fare_rules.txt:859760|fare_attributes.txt:869443|fare_id:2009774-1-13-28"",""gtfs:fare_rules.txt:859885|fare_attributes.txt:845308|fare_id:2009774-1-23-28""]",data/transit/hongkong/PublicTransportGTFS/gtfs.zip,e5ad020b79d0020625a4e8eb5428c2253a07705b71bfb809d8a3fa178032ce06,2,2,ambiguous,"[{""fare_attribute_line"":869443,""fare_id"":""2009774-1-13-28"",""fare_rule_line"":859760,""price"":4.8},{""fare_attribute_line"":845308,""fare_id"":""2009774-1-23-28"",""fare_rule_line"":859885,""price"":6.1}]",ambiguous,A,U,unresolved,official_json_routeSeq_exact_full_stop_pattern_plus_ordered_gtfs_stop_od,conflicting_published_amounts
exact_route_sequence_ordered_stop_od,GMB,line_gmb_2009774,gmb_2009774_1,2009774,1,1,20007697,20003394,unspecified_in_source,unspecified_in_source,unspecified_in_source,unspecified_in_source,unspecified_in_source,,,,pt_fare,,,not_encoded_in_source_revision_cutoff_only,2026-07-14,2026-07-20,,"[""gtfs:fare_rules.txt:859761|fare_attributes.txt:869444|fare_id:2009774-1-13-29"",""gtfs:fare_rules.txt:859886|fare_attributes.txt:845309|fare_id:2009774-1-23-29""]",data/transit/hongkong/PublicTransportGTFS/gtfs.zip,e5ad020b79d0020625a4e8eb5428c2253a07705b71bfb809d8a3fa178032ce06,2,2,ambiguous,"[{""fare_attribute_line"":869444,""fare_id"":""2009774-1-13-29"",""fare_rule_line"":859761,""price"":4.8},{""fare_attribute_line"":845309,""fare_id"":""2009774-1-23-29"",""fare_rule_line"":859886,""price"":6.1}]",ambiguous,A,U,unresolved,official_json_routeSeq_exact_full_stop_pattern_plus_ordered_gtfs_stop_od,conflicting_published_amounts
exact_route_sequence_ordered_stop_od,GMB,line_gmb_2009774,gmb_2009774_1,2009774,1,1,20007697,20007691,unspecified_in_source,unspecified_in_source,unspecified_in_source,unspecified_in_source,unspecified_in_source,,,,pt_fare,,,not_encoded_in_source_revision_cutoff_only,2026-07-14,2026-07-20,,"[""gtfs:fare_rules.txt:859763|fare_attributes.txt:869446|fare_id:2009774-1-13-31"",""gtfs:fare_rules.txt:859888|fare_attributes.txt:845311|fare_id:2009774-1-23-31""]",data/transit/hongkong/PublicTransportGTFS/gtfs.zip,e5ad020b79d0020625a4e8eb5428c2253a07705b71bfb809d8a3fa178032ce06,2,2,ambiguous,"[{""fare_attribute_line"":869446,""fare_id"":""2009774-1-13-31"",""fare_rule_line"":859763,""price"":4.8},{""fare_attribute_line"":845311,""fare_id"":""2009774-1-23-31"",""fare_rule_line"":859888,""price"":6.1}]",ambiguous,A,U,unresolved,official_json_routeSeq_exact_full_stop_pattern_plus_ordered_gtfs_stop_od,conflicting_published_amounts
exact_route_sequence_ordered_stop_od,GMB,line_gmb_2009774,gmb_2009774_1,2009774,1,1,20007697,20007698,unspecified_in_source,unspecified_in_source,unspecified_in_source,unspecified_in_source,unspecified_in_source,,,,pt_fare,,,not_encoded_in_source_revision_cutoff_only,2026-07-14,2026-07-20,,"[""gtfs:fare_rules.txt:859762|fare_attributes.txt:869445|fare_id:2009774-1-13-30"",""gtfs:fare_rules.txt:859887|fare_attributes.txt:845310|fare_id:2009774-1-23-30""]",data/transit/hongkong/PublicTransportGTFS/gtfs.zip,e5ad020b79d0020625a4e8eb5428c2253a07705b71bfb809d8a3fa178032ce06,2,2,ambiguous,"[{""fare_attribute_line"":869445,""fare_id"":""2009774-1-13-30"",""fare_rule_line"":859762,""price"":4.8},{""fare_attribute_line"":845310,""fare_id"":""2009774-1-23-30"",""fare_rule_line"":859887,""price"":6.1}]",ambiguous,A,U,unresolved,official_json_routeSeq_exact_full_stop_pattern_plus_ordered_gtfs_stop_od,conflicting_published_amounts
exact_route_sequence_ordered_stop_od,GMB,line_gmb_2009774,gmb_2009774_1,2009774,1,1,20007697,20019243,unspecified_in_source,unspecified_in_source,unspecified_in_source,unspecified_in_source,unspecified_in_source,,,,pt_fare,,,not_encoded_in_source_revision_cutoff_only,2026-07-14,2026-07-20,,"[""gtfs:fare_rules.txt:859756|fare_attributes.txt:869439|fare_id:2009774-1-13-24"",""gtfs:fare_rules.txt:859881|fare_attributes.txt:845304|fare_id:2009774-1-23-24""]",data/transit/hongkong/PublicTransportGTFS/gtfs.zip,e5ad020b79d0020625a4e8eb5428c2253a07705b71bfb809d8a3fa178032ce06,2,2,ambiguous,"[{""fare_attribute_line"":869439,""fare_id"":""2009774-1-13-24"",""fare_rule_line"":859756,""price"":4.8},{""fare_attribute_line"":845304,""fare_id"":""2009774-1-23-24"",""fare_rule_line"":859881,""price"":6.1}]",ambiguous,A,U,unresolved,official_json_routeSeq_exact_full_stop_pattern_plus_ordered_gtfs_stop_od,conflicting_published_amounts
exact_route_sequence_ordered_stop_od,GMB,line_gmb_2009774,gmb_2009774_1,2009774,1,1,20015612,20007365,unspecified_in_source,unspecified_in_source,unspecified_in_source,unspecified_in_source,unspecified_in_source,,,,pt_fare,,,not_encoded_in_source_revision_cutoff_only,2026-07-14,2026-07-20,,"[""gtfs:fare_rules.txt:859707|fare_attributes.txt:846006|fare_id:2009774-1-11-12"",""gtfs:fare_rules.txt:859717|fare_attributes.txt:869409|fare_id:2009774-1-11-22""]",data/transit/hongkong/PublicTransportGTFS/gtfs.zip,e5ad020b79d0020625a4e8eb5428c2253a07705b71bfb809d8a3fa178032ce06,2,2,ambiguous,"[{""fare_attribute_line"":846006,""fare_id"":""2009774-1-11-12"",""fare_rule_line"":859707,""price"":3.1},{""fare_attribute_line"":869409,""fare_id"":""2009774-1-11-22"",""fare_rule_line"":859717,""price"":6.1}]",ambiguous,A,U,unresolved,official_json_routeSeq_exact_full_stop_pattern_plus_ordered_gtfs_stop_od,conflicting_published_amounts
exact_route_sequence_ordered_stop_od,GMB,line_gmb_2009807,gmb_2009807_1,2009807,1,1,20001615,20007365,unspecified_in_source,unspecified_in_source,unspecified_in_source,unspecified_in_source,unspecified_in_source,,,,pt_fare,,,not_encoded_in_source_revision_cutoff_only,2026-07-14,2026-07-20,,"[""gtfs:fare_rules.txt:860027|fare_attributes.txt:846087|fare_id:2009807-1-5-10"",""gtfs:fare_rules.txt:860037|fare_attributes.txt:868757|fare_id:2009807-1-5-20""]",data/transit/hongkong/PublicTransportGTFS/gtfs.zip,e5ad020b79d0020625a4e8eb5428c2253a07705b71bfb809d8a3fa178032ce06,2,2,ambiguous,"[{""fare_attribute_line"":846087,""fare_id"":""2009807-1-5-10"",""fare_rule_line"":860027,""price"":3.1},{""fare_attribute_line"":868757,""fare_id"":""2009807-1-5-20"",""fare_rule_line"":860037,""price"":6.1}]",ambiguous,A,U,unresolved,official_json_routeSeq_exact_full_stop_pattern_plus_ordered_gtfs_stop_od,conflicting_published_amounts
exact_route_sequence_ordered_stop_od,GMB,line_gmb_2009807,gmb_2009807_1,2009807,1,1,20001616,20007365,unspecified_in_source,unspecified_in_source,unspecified_in_source,unspecified_in_source,unspecified_in_source,,,,pt_fare,,,not_encoded_in_source_revision_cutoff_only,2026-07-14,2026-07-20,,"[""gtfs:fare_rules.txt:860050|fare_attributes.txt:846096|fare_id:2009807-1-6-10"",""gtfs:fare_rules.txt:860060|fare_attributes.txt:868771|fare_id:2009807-1-6-20""]",data/transit/hongkong/PublicTransportGTFS/gtfs.zip,e5ad020b79d0020625a4e8eb5428c2253a07705b71bfb809d8a3fa178032ce06,2,2,ambiguous,"[{""fare_attribute_line"":846096,""fare_id"":""2009807-1-6-10"",""fare_rule_line"":860050,""price"":3.1},{""fare_attribute_line"":868771,""fare_id"":""2009807-1-6-20"",""fare_rule_line"":860060,""price"":6.1}]",ambiguous,A,U,unresolved,official_json_routeSeq_exact_full_stop_pattern_plus_ordered_gtfs_stop_od,conflicting_published_amounts
exact_route_sequence_ordered_stop_od,GMB,line_gmb_2009807,gmb_2009807_1,2009807,1,1,20004201,20007365,unspecified_in_source,unspecified_in_source,unspecified_in_source,unspecified_in_source,unspecified_in_source,,,,pt_fare,,,not_encoded_in_source_revision_cutoff_only,2026-07-14,2026-07-20,,"[""gtfs:fare_rules.txt:860093|fare_attributes.txt:846111|fare_id:2009807-1-8-10"",""gtfs:fare_rules.txt:860103|fare_attributes.txt:869492|fare_id:2009807-1-8-20""]",data/transit/hongkong/PublicTransportGTFS/gtfs.zip,e5ad020b79d0020625a4e8eb5428c2253a07705b71bfb809d8a3fa178032ce06,2,2,ambiguous,"[{""fare_attribute_line"":846111,""fare_id"":""2009807-1-8-10"",""fare_rule_line"":860093,""price"":3.1},{""fare_attribute_line"":869492,""fare_id"":""2009807-1-8-20"",""fare_rule_line"":860103,""price"":6.1}]",ambiguous,A,U,unresolved,official_json_routeSeq_exact_full_stop_pattern_plus_ordered_gtfs_stop_od,conflicting_published_amounts
exact_route_sequence_ordered_stop_od,GMB,line_gmb_2009807,gmb_2009807_1,2009807,1,1,20007365,20001599,unspecified_in_source,unspecified_in_source,unspecified_in_source,unspecified_in_source,unspecified_in_source,,,,pt_fare,,,not_encoded_in_source_revision_cutoff_only,2026-07-14,2026-07-20,,"[""gtfs:fare_rules.txt:860145|fare_attributes.txt:869523|fare_id:2009807-1-10-23"",""gtfs:fare_rules.txt:860280|fare_attributes.txt:845408|fare_id:2009807-1-20-23""]",data/transit/hongkong/PublicTransportGTFS/gtfs.zip,e5ad020b79d0020625a4e8eb5428c2253a07705b71bfb809d8a3fa178032ce06,2,2,ambiguous,"[{""fare_attribute_line"":869523,""fare_id"":""2009807-1-10-23"",""fare_rule_line"":860145,""price"":4.8},{""fare_attribute_line"":845408,""fare_id"":""2009807-1-20-23"",""fare_rule_line"":860280,""price"":6.1}]",ambiguous,A,U,unresolved,official_json_routeSeq_exact_full_stop_pattern_plus_ordered_gtfs_stop_od,conflicting_published_amounts
exact_route_sequence_ordered_stop_od,GMB,line_gmb_2009807,gmb_2009807_1,2009807,1,1,20007365,20001600,unspecified_in_source,unspecified_in_source,unspecified_in_source,unspecified_in_source,unspecified_in_source,,,,pt_fare,,,not_encoded_in_source_revision_cutoff_only,2026-07-14,2026-07-20,,"[""gtfs:fare_rules.txt:860146|fare_attributes.txt:869524|fare_id:2009807-1-10-24"",""gtfs:fare_rules.txt:860281|fare_attributes.txt:845409|fare_id:2009807-1-20-24""]",data/transit/hongkong/PublicTransportGTFS/gtfs.zip,e5ad020b79d0020625a4e8eb5428c2253a07705b71bfb809d8a3fa178032ce06,2,2,ambiguous,"[{""fare_attribute_line"":869524,""fare_id"":""2009807-1-10-24"",""fare_rule_line"":860146,""price"":4.8},{""fare_attribute_line"":845409,""fare_id"":""2009807-1-20-24"",""fare_rule_line"":860281,""price"":6.1}]",ambiguous,A,U,unresolved,official_json_routeSeq_exact_full_stop_pattern_plus_ordered_gtfs_stop_od,conflicting_published_amounts
exact_route_sequence_ordered_stop_od,GMB,line_gmb_2009807,gmb_2009807_1,2009807,1,1,20007365,20001601,unspecified_in_source,unspecified_in_source,unspecified_in_source,unspecified_in_source,unspecified_in_source,,,,pt_fare,,,not_encoded_in_source_revision_cutoff_only,2026-07-14,2026-07-20,,"[""gtfs:fare_rules.txt:860147|fare_attributes.txt:869525|fare_id:2009807-1-10-25"",""gtfs:fare_rules.txt:860282|fare_attributes.txt:845410|fare_id:2009807-1-20-25""]",data/transit/hongkong/PublicTransportGTFS/gtfs.zip,e5ad020b79d0020625a4e8eb5428c2253a07705b71bfb809d8a3fa178032ce06,2,2,ambiguous,"[{""fare_attribute_line"":869525,""fare_id"":""2009807-1-10-25"",""fare_rule_line"":860147,""price"":4.8},{""fare_attribute_line"":845410,""fare_id"":""2009807-1-20-25"",""fare_rule_line"":860282,""price"":6.1}]",ambiguous,A,U,unresolved,official_json_routeSeq_exact_full_stop_pattern_plus_ordered_gtfs_stop_od,conflicting_published_amounts
exact_route_sequence_ordered_stop_od,GMB,line_gmb_2009807,gmb_2009807_1,2009807,1,1,20007365,20002749,unspecified_in_source,unspecified_in_source,unspecified_in_source,unspecified_in_source,unspecified_in_source,,,,pt_fare,,,not_encoded_in_source_revision_cutoff_only,2026-07-14,2026-07-20,,"[""gtfs:fare_rules.txt:860148|fare_attributes.txt:869526|fare_id:2009807-1-10-26"",""gtfs:fare_rules.txt:860283|fare_attributes.txt:845411|fare_id:2009807-1-20-26""]",data/transit/hongkong/PublicTransportGTFS/gtfs.zip,e5ad020b79d0020625a4e8eb5428c2253a07705b71bfb809d8a3fa178032ce06,2,2,ambiguous,"[{""fare_attribute_line"":869526,""fare_id"":""2009807-1-10-26"",""fare_rule_line"":860148,""price"":4.8},{""fare_attribute_line"":845411,""fare_id"":""2009807-1-20-26"",""fare_rule_line"":860283,""price"":6.1}]",ambiguous,A,U,unresolved,official_json_routeSeq_exact_full_stop_pattern_plus_ordered_gtfs_stop_od,conflicting_published_amounts
exact_route_sequence_ordered_stop_od,GMB,line_gmb_2009807,gmb_2009807_1,2009807,1,1,20007365,20003394,unspecified_in_source,unspecified_in_source,unspecified_in_source,unspecified_in_source,unspecified_in_source,,,,pt_fare,,,not_encoded_in_source_revision_cutoff_only,2026-07-14,2026-07-20,,"[""gtfs:fare_rules.txt:860149|fare_attributes.txt:869527|fare_id:2009807-1-10-27"",""gtfs:fare_rules.txt:860284|fare_attributes.txt:845412|fare_id:2009807-1-20-27""]",data/transit/hongkong/PublicTransportGTFS/gtfs.zip,e5ad020b79d0020625a4e8eb5428c2253a07705b71bfb809d8a3fa178032ce06,2,2,ambiguous,"[{""fare_attribute_line"":869527,""fare_id"":""2009807-1-10-27"",""fare_rule_line"":860149,""price"":4.8},{""fare_attribute_line"":845412,""fare_id"":""2009807-1-20-27"",""fare_rule_line"":860284,""price"":6.1}]",ambiguous,A,U,unresolved,official_json_routeSeq_exact_full_stop_pattern_plus_ordered_gtfs_stop_od,conflicting_published_amounts
exact_route_sequence_ordered_stop_od,GMB,line_gmb_2009807,gmb_2009807_1,2009807,1,1,20007365,20007691,unspecified_in_source,unspecified_in_source,unspecified_in_source,unspecified_in_source,unspecified_in_source,,,,pt_fare,,,not_encoded_in_source_revision_cutoff_only,2026-07-14,2026-07-20,,"[""gtfs:fare_rules.txt:860151|fare_attributes.txt:869529|fare_id:2009807-1-10-29"",""gtfs:fare_rules.txt:860286|fare_attributes.txt:845414|fare_id:2009807-1-20-29""]",data/transit/hongkong/PublicTransportGTFS/gtfs.zip,e5ad020b79d0020625a4e8eb5428c2253a07705b71bfb809d8a3fa178032ce06,2,2,ambiguous,"[{""fare_attribute_line"":869529,""fare_id"":""2009807-1-10-29"",""fare_rule_line"":860151,""price"":4.8},{""fare_attribute_line"":845414,""fare_id"":""2009807-1-20-29"",""fare_rule_line"":860286,""price"":6.1}]",ambiguous,A,U,unresolved,official_json_routeSeq_exact_full_stop_pattern_plus_ordered_gtfs_stop_od,conflicting_published_amounts
exact_route_sequence_ordered_stop_od,GMB,line_gmb_2009807,gmb_2009807_1,2009807,1,1,20007365,20007697,unspecified_in_source,unspecified_in_source,unspecified_in_source,unspecified_in_source,unspecified_in_source,,,,pt_fare,,,not_encoded_in_source_revision_cutoff_only,2026-07-14,2026-07-20,,"[""gtfs:fare_rules.txt:860133|fare_attributes.txt:846123|fare_id:2009807-1-10-11"",""gtfs:fare_rules.txt:860143|fare_attributes.txt:869521|fare_id:2009807-1-10-21"",""gtfs:fare_rules.txt:860278|fare_attributes.txt:845406|fare_id:2009807-1-20-21""]",data/transit/hongkong/PublicTransportGTFS/gtfs.zip,e5ad020b79d0020625a4e8eb5428c2253a07705b71bfb809d8a3fa178032ce06,3,2,ambiguous,"[{""fare_attribute_line"":846123,""fare_id"":""2009807-1-10-11"",""fare_rule_line"":860133,""price"":4.8},{""fare_attribute_line"":869521,""fare_id"":""2009807-1-10-21"",""fare_rule_line"":860143,""price"":4.8},{""fare_attribute_line"":845406,""fare_id"":""2009807-1-20-21"",""fare_rule_line"":860278,""price"":6.1}]",ambiguous,A,U,unresolved,official_json_routeSeq_exact_full_stop_pattern_plus_ordered_gtfs_stop_od,conflicting_published_amounts
exact_route_sequence_ordered_stop_od,GMB,line_gmb_2009807,gmb_2009807_1,2009807,1,1,20007365,20007698,unspecified_in_source,unspecified_in_source,unspecified_in_source,unspecified_in_source,unspecified_in_source,,,,pt_fare,,,not_encoded_in_source_revision_cutoff_only,2026-07-14,2026-07-20,,"[""gtfs:fare_rules.txt:860150|fare_attributes.txt:869528|fare_id:2009807-1-10-28"",""gtfs:fare_rules.txt:860285|fare_attributes.txt:845413|fare_id:2009807-1-20-28""]",data/transit/hongkong/PublicTransportGTFS/gtfs.zip,e5ad020b79d0020625a4e8eb5428c2253a07705b71bfb809d8a3fa178032ce06,2,2,ambiguous,"[{""fare_attribute_line"":869528,""fare_id"":""2009807-1-10-28"",""fare_rule_line"":860150,""price"":4.8},{""fare_attribute_line"":845413,""fare_id"":""2009807-1-20-28"",""fare_rule_line"":860285,""price"":6.1}]",ambiguous,A,U,unresolved,official_json_routeSeq_exact_full_stop_pattern_plus_ordered_gtfs_stop_od,conflicting_published_amounts
exact_route_sequence_ordered_stop_od,GMB,line_gmb_2009807,gmb_2009807_1,2009807,1,1,20007365,20019243,unspecified_in_source,unspecified_in_source,unspecified_in_source,unspecified_in_source,unspecified_in_source,,,,pt_fare,,,not_encoded_in_source_revision_cutoff_only,2026-07-14,2026-07-20,,"[""gtfs:fare_rules.txt:860144|fare_attributes.txt:869522|fare_id:2009807-1-10-22"",""gtfs:fare_rules.txt:860279|fare_attributes.txt:845407|fare_id:2009807-1-20-22""]",data/transit/hongkong/PublicTransportGTFS/gtfs.zip,e5ad020b79d0020625a4e8eb5428c2253a07705b71bfb809d8a3fa178032ce06,2,2,ambiguous,"[{""fare_attribute_line"":869522,""fare_id"":""2009807-1-10-22"",""fare_rule_line"":860144,""price"":4.8},{""fare_attribute_line"":845407,""fare_id"":""2009807-1-20-22"",""fare_rule_line"":860279,""price"":6.1}]",ambiguous,A,U,unresolved,official_json_routeSeq_exact_full_stop_pattern_plus_ordered_gtfs_stop_od,conflicting_published_amounts
exact_route_sequence_ordered_stop_od,GMB,line_gmb_2009807,gmb_2009807_1,2009807,1,1,20007696,20007365,unspecified_in_source,unspecified_in_source,unspecified_in_source,unspecified_in_source,unspecified_in_source,,,,pt_fare,,,not_encoded_in_source_revision_cutoff_only,2026-07-14,2026-07-20,,"[""gtfs:fare_rules.txt:860072|fare_attributes.txt:846104|fare_id:2009807-1-7-10"",""gtfs:fare_rules.txt:860082|fare_attributes.txt:868785|fare_id:2009807-1-7-20""]",data/transit/hongkong/PublicTransportGTFS/gtfs.zip,e5ad020b79d0020625a4e8eb5428c2253a07705b71bfb809d8a3fa178032ce06,2,2,ambiguous,"[{""fare_attribute_line"":846104,""fare_id"":""2009807-1-7-10"",""fare_rule_line"":860072,""price"":3.1},{""fare_attribute_line"":868785,""fare_id"":""2009807-1-7-20"",""fare_rule_line"":860082,""price"":6.1}]",ambiguous,A,U,unresolved,official_json_routeSeq_exact_full_stop_pattern_plus_ordered_gtfs_stop_od,conflicting_published_amounts
exact_route_sequence_ordered_stop_od,GMB,line_gmb_2009807,gmb_2009807_1,2009807,1,1,20007697,20001599,unspecified_in_source,unspecified_in_source,unspecified_in_source,unspecified_in_source,unspecified_in_source,,,,pt_fare,,,not_encoded_in_source_revision_cutoff_only,2026-07-14,2026-07-20,,"[""gtfs:fare_rules.txt:860163|fare_attributes.txt:869537|fare_id:2009807-1-11-23"",""gtfs:fare_rules.txt:860288|fare_attributes.txt:845416|fare_id:2009807-1-21-23""]",data/transit/hongkong/PublicTransportGTFS/gtfs.zip,e5ad020b79d0020625a4e8eb5428c2253a07705b71bfb809d8a3fa178032ce06,2,2,ambiguous,"[{""fare_attribute_line"":869537,""fare_id"":""2009807-1-11-23"",""fare_rule_line"":860163,""price"":4.8},{""fare_attribute_line"":845416,""fare_id"":""2009807-1-21-23"",""fare_rule_line"":860288,""price"":6.1}]",ambiguous,A,U,unresolved,official_json_routeSeq_exact_full_stop_pattern_plus_ordered_gtfs_stop_od,conflicting_published_amounts
exact_route_sequence_ordered_stop_od,GMB,line_gmb_2009807,gmb_2009807_1,2009807,1,1,20007697,20001600,unspecified_in_source,unspecified_in_source,unspecified_in_source,unspecified_in_source,unspecified_in_source,,,,pt_fare,,,not_encoded_in_source_revision_cutoff_only,2026-07-14,2026-07-20,,"[""gtfs:fare_rules.txt:860164|fare_attributes.txt:869538|fare_id:2009807-1-11-24"",""gtfs:fare_rules.txt:860289|fare_attributes.txt:845417|fare_id:2009807-1-21-24""]",data/transit/hongkong/PublicTransportGTFS/gtfs.zip,e5ad020b79d0020625a4e8eb5428c2253a07705b71bfb809d8a3fa178032ce06,2,2,ambiguous,"[{""fare_attribute_line"":869538,""fare_id"":""2009807-1-11-24"",""fare_rule_line"":860164,""price"":4.8},{""fare_attribute_line"":845417,""fare_id"":""2009807-1-21-24"",""fare_rule_line"":860289,""price"":6.1}]",ambiguous,A,U,unresolved,official_json_routeSeq_exact_full_stop_pattern_plus_ordered_gtfs_stop_od,conflicting_published_amounts
exact_route_sequence_ordered_stop_od,GMB,line_gmb_2009807,gmb_2009807_1,2009807,1,1,20007697,20001601,unspecified_in_source,unspecified_in_source,unspecified_in_source,unspecified_in_source,unspecified_in_source,,,,pt_fare,,,not_encoded_in_source_revision_cutoff_only,2026-07-14,2026-07-20,,"[""gtfs:fare_rules.txt:860165|fare_attributes.txt:869539|fare_id:2009807-1-11-25"",""gtfs:fare_rules.txt:860290|fare_attributes.txt:845418|fare_id:2009807-1-21-25""]",data/transit/hongkong/PublicTransportGTFS/gtfs.zip,e5ad020b79d0020625a4e8eb5428c2253a07705b71bfb809d8a3fa178032ce06,2,2,ambiguous,"[{""fare_attribute_line"":869539,""fare_id"":""2009807-1-11-25"",""fare_rule_line"":860165,""price"":4.8},{""fare_attribute_line"":845418,""fare_id"":""2009807-1-21-25"",""fare_rule_line"":860290,""price"":6.1}]",ambiguous,A,U,unresolved,official_json_routeSeq_exact_full_stop_pattern_plus_ordered_gtfs_stop_od,conflicting_published_amounts
exact_route_sequence_ordered_stop_od,GMB,line_gmb_2009807,gmb_2009807_1,2009807,1,1,20007697,20002749,unspecified_in_source,unspecified_in_source,unspecified_in_source,unspecified_in_source,unspecified_in_source,,,,pt_fare,,,not_encoded_in_source_revision_cutoff_only,2026-07-14,2026-07-20,,"[""gtfs:fare_rules.txt:860166|fare_attributes.txt:869540|fare_id:2009807-1-11-26"",""gtfs:fare_rules.txt:860291|fare_attributes.txt:845419|fare_id:2009807-1-21-26""]",data/transit/hongkong/PublicTransportGTFS/gtfs.zip,e5ad020b79d0020625a4e8eb5428c2253a07705b71bfb809d8a3fa178032ce06,2,2,ambiguous,"[{""fare_attribute_line"":869540,""fare_id"":""2009807-1-11-26"",""fare_rule_line"":860166,""price"":4.8},{""fare_attribute_line"":845419,""fare_id"":""2009807-1-21-26"",""fare_rule_line"":860291,""price"":6.1}]",ambiguous,A,U,unresolved,official_json_routeSeq_exact_full_stop_pattern_plus_ordered_gtfs_stop_od,conflicting_published_amounts
exact_route_sequence_ordered_stop_od,GMB,line_gmb_2009807,gmb_2009807_1,2009807,1,1,20007697,20003394,unspecified_in_source,unspecified_in_source,unspecified_in_source,unspecified_in_source,unspecified_in_source,,,,pt_fare,,,not_encoded_in_source_revision_cutoff_only,2026-07-14,2026-07-20,,"[""gtfs:fare_rules.txt:860167|fare_attributes.txt:869541|fare_id:2009807-1-11-27"",""gtfs:fare_rules.txt:860292|fare_attributes.txt:845420|fare_id:2009807-1-21-27""]",data/transit/hongkong/PublicTransportGTFS/gtfs.zip,e5ad020b79d0020625a4e8eb5428c2253a07705b71bfb809d8a3fa178032ce06,2,2,ambiguous,"[{""fare_attribute_line"":869541,""fare_id"":""2009807-1-11-27"",""fare_rule_line"":860167,""price"":4.8},{""fare_attribute_line"":845420,""fare_id"":""2009807-1-21-27"",""fare_rule_line"":860292,""price"":6.1}]",ambiguous,A,U,unresolved,official_json_routeSeq_exact_full_stop_pattern_plus_ordered_gtfs_stop_od,conflicting_published_amounts
exact_route_sequence_ordered_stop_od,GMB,line_gmb_2009807,gmb_2009807_1,2009807,1,1,20007697,20007691,unspecified_in_source,unspecified_in_source,unspecified_in_source,unspecified_in_source,unspecified_in_source,,,,pt_fare,,,not_encoded_in_source_revision_cutoff_only,2026-07-14,2026-07-20,,"[""gtfs:fare_rules.txt:860169|fare_attributes.txt:869543|fare_id:2009807-1-11-29"",""gtfs:fare_rules.txt:860294|fare_attributes.txt:845422|fare_id:2009807-1-21-29""]",data/transit/hongkong/PublicTransportGTFS/gtfs.zip,e5ad020b79d0020625a4e8eb5428c2253a07705b71bfb809d8a3fa178032ce06,2,2,ambiguous,"[{""fare_attribute_line"":869543,""fare_id"":""2009807-1-11-29"",""fare_rule_line"":860169,""price"":4.8},{""fare_attribute_line"":845422,""fare_id"":""2009807-1-21-29"",""fare_rule_line"":860294,""price"":6.1}]",ambiguous,A,U,unresolved,official_json_routeSeq_exact_full_stop_pattern_plus_ordered_gtfs_stop_od,conflicting_published_amounts
exact_route_sequence_ordered_stop_od,GMB,line_gmb_2009807,gmb_2009807_1,2009807,1,1,20007697,20007698,unspecified_in_source,unspecified_in_source,unspecified_in_source,unspecified_in_source,unspecified_in_source,,,,pt_fare,,,not_encoded_in_source_revision_cutoff_only,2026-07-14,2026-07-20,,"[""gtfs:fare_rules.txt:860168|fare_attributes.txt:869542|fare_id:2009807-1-11-28"",""gtfs:fare_rules.txt:860293|fare_attributes.txt:845421|fare_id:2009807-1-21-28""]",data/transit/hongkong/PublicTransportGTFS/gtfs.zip,e5ad020b79d0020625a4e8eb5428c2253a07705b71bfb809d8a3fa178032ce06,2,2,ambiguous,"[{""fare_attribute_line"":869542,""fare_id"":""2009807-1-11-28"",""fare_rule_line"":860168,""price"":4.8},{""fare_attribute_line"":845421,""fare_id"":""2009807-1-21-28"",""fare_rule_line"":860293,""price"":6.1}]",ambiguous,A,U,unresolved,official_json_routeSeq_exact_full_stop_pattern_plus_ordered_gtfs_stop_od,conflicting_published_amounts
exact_route_sequence_ordered_stop_od,GMB,line_gmb_2009807,gmb_2009807_1,2009807,1,1,20007697,20019243,unspecified_in_source,unspecified_in_source,unspecified_in_source,unspecified_in_source,unspecified_in_source,,,,pt_fare,,,not_encoded_in_source_revision_cutoff_only,2026-07-14,2026-07-20,,"[""gtfs:fare_rules.txt:860162|fare_attributes.txt:869536|fare_id:2009807-1-11-22"",""gtfs:fare_rules.txt:860287|fare_attributes.txt:845415|fare_id:2009807-1-21-22""]",data/transit/hongkong/PublicTransportGTFS/gtfs.zip,e5ad020b79d0020625a4e8eb5428c2253a07705b71bfb809d8a3fa178032ce06,2,2,ambiguous,"[{""fare_attribute_line"":869536,""fare_id"":""2009807-1-11-22"",""fare_rule_line"":860162,""price"":4.8},{""fare_attribute_line"":845415,""fare_id"":""2009807-1-21-22"",""fare_rule_line"":860287,""price"":6.1}]",ambiguous,A,U,unresolved,official_json_routeSeq_exact_full_stop_pattern_plus_ordered_gtfs_stop_od,conflicting_published_amounts
exact_route_sequence_ordered_stop_od,GMB,line_gmb_2009807,gmb_2009807_1,2009807,1,1,20015612,20007365,unspecified_in_source,unspecified_in_source,unspecified_in_source,unspecified_in_source,unspecified_in_source,,,,pt_fare,,,not_encoded_in_source_revision_cutoff_only,2026-07-14,2026-07-20,,"[""gtfs:fare_rules.txt:860113|fare_attributes.txt:846117|fare_id:2009807-1-9-10"",""gtfs:fare_rules.txt:860123|fare_attributes.txt:869506|fare_id:2009807-1-9-20""]",data/transit/hongkong/PublicTransportGTFS/gtfs.zip,e5ad020b79d0020625a4e8eb5428c2253a07705b71bfb809d8a3fa178032ce06,2,2,ambiguous,"[{""fare_attribute_line"":846117,""fare_id"":""2009807-1-9-10"",""fare_rule_line"":860113,""price"":3.1},{""fare_attribute_line"":869506,""fare_id"":""2009807-1-9-20"",""fare_rule_line"":860123,""price"":6.1}]",ambiguous,A,U,unresolved,official_json_routeSeq_exact_full_stop_pattern_plus_ordered_gtfs_stop_od,conflicting_published_amounts
exact_route_sequence_ordered_stop_od,GMB,line_gmb_2010071,gmb_2010071_1,2010071,1,1,20001193,20006560,unspecified_in_source,unspecified_in_source,unspecified_in_source,unspecified_in_source,unspecified_in_source,,,,pt_fare,,,not_encoded_in_source_revision_cutoff_only,2026-07-14,2026-07-20,,"[""gtfs:fare_rules.txt:860729|fare_attributes.txt:846388|fare_id:2010071-1-1-11"",""gtfs:fare_rules.txt:860743|fare_attributes.txt:868863|fare_id:2010071-1-1-25""]",data/transit/hongkong/PublicTransportGTFS/gtfs.zip,e5ad020b79d0020625a4e8eb5428c2253a07705b71bfb809d8a3fa178032ce06,2,2,ambiguous,"[{""fare_attribute_line"":846388,""fare_id"":""2010071-1-1-11"",""fare_rule_line"":860729,""price"":7.7},{""fare_attribute_line"":868863,""fare_id"":""2010071-1-1-25"",""fare_rule_line"":860743,""price"":10.0}]",ambiguous,A,U,unresolved,official_json_routeSeq_exact_full_stop_pattern_plus_ordered_gtfs_stop_od,conflicting_published_amounts
exact_route_sequence_ordered_stop_od,GMB,line_gmb_2010071,gmb_2010071_1,2010071,1,1,20001200,20006560,unspecified_in_source,unspecified_in_source,unspecified_in_source,unspecified_in_source,unspecified_in_source,,,,pt_fare,,,not_encoded_in_source_revision_cutoff_only,2026-07-14,2026-07-20,,"[""gtfs:fare_rules.txt:860819|fare_attributes.txt:847126|fare_id:2010071-1-4-11"",""gtfs:fare_rules.txt:860833|fare_attributes.txt:869601|fare_id:2010071-1-4-25""]",data/transit/hongkong/PublicTransportGTFS/gtfs.zip,e5ad020b79d0020625a4e8eb5428c2253a07705b71bfb809d8a3fa178032ce06,2,2,ambiguous,"[{""fare_attribute_line"":847126,""fare_id"":""2010071-1-4-11"",""fare_rule_line"":860819,""price"":7.7},{""fare_attribute_line"":869601,""fare_id"":""2010071-1-4-25"",""fare_rule_line"":860833,""price"":10.0}]",ambiguous,A,U,unresolved,official_json_routeSeq_exact_full_stop_pattern_plus_ordered_gtfs_stop_od,conflicting_published_amounts
exact_route_sequence_ordered_stop_od,GMB,line_gmb_2010071,gmb_2010071_1,2010071,1,1,20001222,20006560,unspecified_in_source,unspecified_in_source,unspecified_in_source,unspecified_in_source,unspecified_in_source,,,,pt_fare,,,not_encoded_in_source_revision_cutoff_only,2026-07-14,2026-07-20,,"[""gtfs:fare_rules.txt:860847|fare_attributes.txt:847139|fare_id:2010071-1-5-11"",""gtfs:fare_rules.txt:860861|fare_attributes.txt:869616|fare_id:2010071-1-5-25""]",data/transit/hongkong/PublicTransportGTFS/gtfs.zip,e5ad020b79d0020625a4e8eb5428c2253a07705b71bfb809d8a3fa178032ce06,2,2,ambiguous,"[{""fare_attribute_line"":847139,""fare_id"":""2010071-1-5-11"",""fare_rule_line"":860847,""price"":7.7},{""fare_attribute_line"":869616,""fare_id"":""2010071-1-5-25"",""fare_rule_line"":860861,""price"":10.0}]",ambiguous,A,U,unresolved,official_json_routeSeq_exact_full_stop_pattern_plus_ordered_gtfs_stop_od,conflicting_published_amounts
exact_route_sequence_ordered_stop_od,GMB,line_gmb_2010071,gmb_2010071_1,2010071,1,1,20001224,20006560,unspecified_in_source,unspecified_in_source,unspecified_in_source,unspecified_in_source,unspecified_in_source,,,,pt_fare,,,not_encoded_in_source_revision_cutoff_only,2026-07-14,2026-07-20,,"[""gtfs:fare_rules.txt:860874|fare_attributes.txt:847151|fare_id:2010071-1-6-11"",""gtfs:fare_rules.txt:860888|fare_attributes.txt:869631|fare_id:2010071-1-6-25""]",data/transit/hongkong/PublicTransportGTFS/gtfs.zip,e5ad020b79d0020625a4e8eb5428c2253a07705b71bfb809d8a3fa178032ce06,2,2,ambiguous,"[{""fare_attribute_line"":847151,""fare_id"":""2010071-1-6-11"",""fare_rule_line"":860874,""price"":7.7},{""fare_attribute_line"":869631,""fare_id"":""2010071-1-6-25"",""fare_rule_line"":860888,""price"":10.0}]",ambiguous,A,U,unresolved,official_json_routeSeq_exact_full_stop_pattern_plus_ordered_gtfs_stop_od,conflicting_published_amounts
exact_route_sequence_ordered_stop_od,GMB,line_gmb_2010071,gmb_2010071_1,2010071,1,1,20001225,20006560,unspecified_in_source,unspecified_in_source,unspecified_in_source,unspecified_in_source,unspecified_in_source,,,,pt_fare,,,not_encoded_in_source_revision_cutoff_only,2026-07-14,2026-07-20,,"[""gtfs:fare_rules.txt:860900|fare_attributes.txt:847162|fare_id:2010071-1-7-11"",""gtfs:fare_rules.txt:860914|fare_attributes.txt:869646|fare_id:2010071-1-7-25""]",data/transit/hongkong/PublicTransportGTFS/gtfs.zip,e5ad020b79d0020625a4e8eb5428c2253a07705b71bfb809d8a3fa178032ce06,2,2,ambiguous,"[{""fare_attribute_line"":847162,""fare_id"":""2010071-1-7-11"",""fare_rule_line"":860900,""price"":7.7},{""fare_attribute_line"":869646,""fare_id"":""2010071-1-7-25"",""fare_rule_line"":860914,""price"":10.0}]",ambiguous,A,U,unresolved,official_json_routeSeq_exact_full_stop_pattern_plus_ordered_gtfs_stop_od,conflicting_published_amounts
exact_route_sequence_ordered_stop_od,GMB,line_gmb_2010071,gmb_2010071_1,2010071,1,1,20003029,20006560,unspecified_in_source,unspecified_in_source,unspecified_in_source,unspecified_in_source,unspecified_in_source,,,,pt_fare,,,not_encoded_in_source_revision_cutoff_only,2026-07-14,2026-07-20,,"[""gtfs:fare_rules.txt:860790|fare_attributes.txt:846419|fare_id:2010071-1-3-11"",""gtfs:fare_rules.txt:860804|fare_attributes.txt:868893|fare_id:2010071-1-3-25""]",data/transit/hongkong/PublicTransportGTFS/gtfs.zip,e5ad020b79d0020625a4e8eb5428c2253a07705b71bfb809d8a3fa178032ce06,2,2,ambiguous,"[{""fare_attribute_line"":846419,""fare_id"":""2010071-1-3-11"",""fare_rule_line"":860790,""price"":7.7},{""fare_attribute_line"":868893,""fare_id"":""2010071-1-3-25"",""fare_rule_line"":860804,""price"":10.0}]",ambiguous,A,U,unresolved,official_json_routeSeq_exact_full_stop_pattern_plus_ordered_gtfs_stop_od,conflicting_published_amounts
exact_route_sequence_ordered_stop_od,GMB,line_gmb_2010071,gmb_2010071_1,2010071,1,1,20003188,20007229,unspecified_in_source,unspecified_in_source,unspecified_in_source,unspecified_in_source,unspecified_in_source,,,,pt_fare,,,not_encoded_in_source_revision_cutoff_only,2026-07-14,2026-07-20,,"[""gtfs:fare_rules.txt:861018|fare_attributes.txt:847205|fare_id:2010071-1-12-14"",""gtfs:fare_rules.txt:861026|fare_attributes.txt:868926|fare_id:2010071-1-12-22""]",data/transit/hongkong/PublicTransportGTFS/gtfs.zip,e5ad020b79d0020625a4e8eb5428c2253a07705b71bfb809d8a3fa178032ce06,2,2,ambiguous,"[{""fare_attribute_line"":847205,""fare_id"":""2010071-1-12-14"",""fare_rule_line"":861018,""price"":7.7},{""fare_attribute_line"":868926,""fare_id"":""2010071-1-12-22"",""fare_rule_line"":861026,""price"":10.0}]",ambiguous,A,U,unresolved,official_json_routeSeq_exact_full_stop_pattern_plus_ordered_gtfs_stop_od,conflicting_published_amounts
exact_route_sequence_ordered_stop_od,GMB,line_gmb_2010071,gmb_2010071_1,2010071,1,1,20003191,20006560,unspecified_in_source,unspecified_in_source,unspecified_in_source,unspecified_in_source,unspecified_in_source,,,,pt_fare,,,not_encoded_in_source_revision_cutoff_only,2026-07-14,2026-07-20,,"[""gtfs:fare_rules.txt:860972|fare_attributes.txt:847189|fare_id:2010071-1-10-11"",""gtfs:fare_rules.txt:860986|fare_attributes.txt:868899|fare_id:2010071-1-10-25""]",data/transit/hongkong/PublicTransportGTFS/gtfs.zip,e5ad020b79d0020625a4e8eb5428c2253a07705b71bfb809d8a3fa178032ce06,2,2,ambiguous,"[{""fare_attribute_line"":847189,""fare_id"":""2010071-1-10-11"",""fare_rule_line"":860972,""price"":7.7},{""fare_attribute_line"":868899,""fare_id"":""2010071-1-10-25"",""fare_rule_line"":860986,""price"":10.0}]",ambiguous,A,U,unresolved,official_json_routeSeq_exact_full_stop_pattern_plus_ordered_gtfs_stop_od,conflicting_published_amounts
exact_route_sequence_ordered_stop_od,GMB,line_gmb_2010071,gmb_2010071_1,2010071,1,1,20003191,20007229,unspecified_in_source,unspecified_in_source,unspecified_in_source,unspecified_in_source,unspecified_in_source,,,,pt_fare,,,not_encoded_in_source_revision_cutoff_only,2026-07-14,2026-07-20,,"[""gtfs:fare_rules.txt:860975|fare_attributes.txt:847192|fare_id:2010071-1-10-14"",""gtfs:fare_rules.txt:860983|fare_attributes.txt:868896|fare_id:2010071-1-10-22""]",data/transit/hongkong/PublicTransportGTFS/gtfs.zip,e5ad020b79d0020625a4e8eb5428c2253a07705b71bfb809d8a3fa178032ce06,2,2,ambiguous,"[{""fare_attribute_line"":847192,""fare_id"":""2010071-1-10-14"",""fare_rule_line"":860975,""price"":7.7},{""fare_attribute_line"":868896,""fare_id"":""2010071-1-10-22"",""fare_rule_line"":860983,""price"":10.0}]",ambiguous,A,U,unresolved,official_json_routeSeq_exact_full_stop_pattern_plus_ordered_gtfs_stop_od,conflicting_published_amounts
exact_route_sequence_ordered_stop_od,GMB,line_gmb_2010071,gmb_2010071_1,2010071,1,1,20003192,20006560,unspecified_in_source,unspecified_in_source,unspecified_in_source,unspecified_in_source,unspecified_in_source,,,,pt_fare,,,not_encoded_in_source_revision_cutoff_only,2026-07-14,2026-07-20,,"[""gtfs:fare_rules.txt:860925|fare_attributes.txt:847172|fare_id:2010071-1-8-11"",""gtfs:fare_rules.txt:860939|fare_attributes.txt:869661|fare_id:2010071-1-8-25""]",data/transit/hongkong/PublicTransportGTFS/gtfs.zip,e5ad020b79d0020625a4e8eb5428c2253a07705b71bfb809d8a3fa178032ce06,2,2,ambiguous,"[{""fare_attribute_line"":847172,""fare_id"":""2010071-1-8-11"",""fare_rule_line"":860925,""price"":7.7},{""fare_attribute_line"":869661,""fare_id"":""2010071-1-8-25"",""fare_rule_line"":860939,""price"":10.0}]",ambiguous,A,U,unresolved,official_json_routeSeq_exact_full_stop_pattern_plus_ordered_gtfs_stop_od,conflicting_published_amounts
exact_route_sequence_ordered_stop_od,GMB,line_gmb_2010071,gmb_2010071_1,2010071,1,1,20006560,20001193,unspecified_in_source,unspecified_in_source,unspecified_in_source,unspecified_in_source,unspecified_in_source,,,,pt_fare,,,not_encoded_in_source_revision_cutoff_only,2026-07-14,2026-07-20,,"[""gtfs:fare_rules.txt:861016|fare_attributes.txt:868922|fare_id:2010071-1-11-33"",""gtfs:fare_rules.txt:861219|fare_attributes.txt:847217|fare_id:2010071-1-25-33""]",data/transit/hongkong/PublicTransportGTFS/gtfs.zip,e5ad020b79d0020625a4e8eb5428c2253a07705b71bfb809d8a3fa178032ce06,2,2,ambiguous,"[{""fare_attribute_line"":868922,""fare_id"":""2010071-1-11-33"",""fare_rule_line"":861016,""price"":10.0},{""fare_attribute_line"":847217,""fare_id"":""2010071-1-25-33"",""fare_rule_line"":861219,""price"":7.7}]",ambiguous,A,U,unresolved,official_json_routeSeq_exact_full_stop_pattern_plus_ordered_gtfs_stop_od,conflicting_published_amounts
exact_route_sequence_ordered_stop_od,GMB,line_gmb_2010071,gmb_2010071_1,2010071,1,1,20006560,20003030,unspecified_in_source,unspecified_in_source,unspecified_in_source,unspecified_in_source,unspecified_in_source,,,,pt_fare,,,not_encoded_in_source_revision_cutoff_only,2026-07-14,2026-07-20,,"[""gtfs:fare_rules.txt:861014|fare_attributes.txt:868920|fare_id:2010071-1-11-31"",""gtfs:fare_rules.txt:861217|fare_attributes.txt:847215|fare_id:2010071-1-25-31""]",data/transit/hongkong/PublicTransportGTFS/gtfs.zip,e5ad020b79d0020625a4e8eb5428c2253a07705b71bfb809d8a3fa178032ce06,2,2,ambiguous,"[{""fare_attribute_line"":868920,""fare_id"":""2010071-1-11-31"",""fare_rule_line"":861014,""price"":10.0},{""fare_attribute_line"":847215,""fare_id"":""2010071-1-25-31"",""fare_rule_line"":861217,""price"":7.7}]",ambiguous,A,U,unresolved,official_json_routeSeq_exact_full_stop_pattern_plus_ordered_gtfs_stop_od,conflicting_published_amounts
exact_route_sequence_ordered_stop_od,GMB,line_gmb_2010071,gmb_2010071_1,2010071,1,1,20006560,20003031,unspecified_in_source,unspecified_in_source,unspecified_in_source,unspecified_in_source,unspecified_in_source,,,,pt_fare,,,not_encoded_in_source_revision_cutoff_only,2026-07-14,2026-07-20,,"[""gtfs:fare_rules.txt:861015|fare_attributes.txt:868921|fare_id:2010071-1-11-32"",""gtfs:fare_rules.txt:861218|fare_attributes.txt:847216|fare_id:2010071-1-25-32""]",data/transit/hongkong/PublicTransportGTFS/gtfs.zip,e5ad020b79d0020625a4e8eb5428c2253a07705b71bfb809d8a3fa178032ce06,2,2,ambiguous,"[{""fare_attribute_line"":868921,""fare_id"":""2010071-1-11-32"",""fare_rule_line"":861015,""price"":10.0},{""fare_attribute_line"":847216,""fare_id"":""2010071-1-25-32"",""fare_rule_line"":861218,""price"":7.7}]",ambiguous,A,U,unresolved,official_json_routeSeq_exact_full_stop_pattern_plus_ordered_gtfs_stop_od,conflicting_published_amounts
exact_route_sequence_ordered_stop_od,GMB,line_gmb_2010071,gmb_2010071_1,2010071,1,1,20006560,20003190,unspecified_in_source,unspecified_in_source,unspecified_in_source,unspecified_in_source,unspecified_in_source,,,,pt_fare,,,not_encoded_in_source_revision_cutoff_only,2026-07-14,2026-07-20,,"[""gtfs:fare_rules.txt:861009|fare_attributes.txt:868915|fare_id:2010071-1-11-26"",""gtfs:fare_rules.txt:861212|fare_attributes.txt:846517|fare_id:2010071-1-25-26""]",data/transit/hongkong/PublicTransportGTFS/gtfs.zip,e5ad020b79d0020625a4e8eb5428c2253a07705b71bfb809d8a3fa178032ce06,2,2,ambiguous,"[{""fare_attribute_line"":868915,""fare_id"":""2010071-1-11-26"",""fare_rule_line"":861009,""price"":10.0},{""fare_attribute_line"":846517,""fare_id"":""2010071-1-25-26"",""fare_rule_line"":861212,""price"":7.7}]",ambiguous,A,U,unresolved,official_json_routeSeq_exact_full_stop_pattern_plus_ordered_gtfs_stop_od,conflicting_published_amounts
exact_route_sequence_ordered_stop_od,GMB,line_gmb_2010071,gmb_2010071_1,2010071,1,1,20006560,20003193,unspecified_in_source,unspecified_in_source,unspecified_in_source,unspecified_in_source,unspecified_in_source,,,,pt_fare,,,not_encoded_in_source_revision_cutoff_only,2026-07-14,2026-07-20,,"[""gtfs:fare_rules.txt:861011|fare_attributes.txt:868917|fare_id:2010071-1-11-28"",""gtfs:fare_rules.txt:861214|fare_attributes.txt:846519|fare_id:2010071-1-25-28""]",data/transit/hongkong/PublicTransportGTFS/gtfs.zip,e5ad020b79d0020625a4e8eb5428c2253a07705b71bfb809d8a3fa178032ce06,2,2,ambiguous,"[{""fare_attribute_line"":868917,""fare_id"":""2010071-1-11-28"",""fare_rule_line"":861011,""price"":10.0},{""fare_attribute_line"":846519,""fare_id"":""2010071-1-25-28"",""fare_rule_line"":861214,""price"":7.7}]",ambiguous,A,U,unresolved,official_json_routeSeq_exact_full_stop_pattern_plus_ordered_gtfs_stop_od,conflicting_published_amounts
exact_route_sequence_ordered_stop_od,GMB,line_gmb_2010071,gmb_2010071_1,2010071,1,1,20006560,20007229,unspecified_in_source,unspecified_in_source,unspecified_in_source,unspecified_in_source,unspecified_in_source,,,,pt_fare,,,not_encoded_in_source_revision_cutoff_only,2026-07-14,2026-07-20,,"[""gtfs:fare_rules.txt:860997|fare_attributes.txt:847199|fare_id:2010071-1-11-14"",""gtfs:fare_rules.txt:861005|fare_attributes.txt:868911|fare_id:2010071-1-11-22""]",data/transit/hongkong/PublicTransportGTFS/gtfs.zip,e5ad020b79d0020625a4e8eb5428c2253a07705b71bfb809d8a3fa178032ce06,2,2,ambiguous,"[{""fare_attribute_line"":847199,""fare_id"":""2010071-1-11-14"",""fare_rule_line"":860997,""price"":7.7},{""fare_attribute_line"":868911,""fare_id"":""2010071-1-11-22"",""fare_rule_line"":861005,""price"":10.0}]",ambiguous,A,U,unresolved,official_json_routeSeq_exact_full_stop_pattern_plus_ordered_gtfs_stop_od,conflicting_published_amounts
exact_route_sequence_ordered_stop_od,GMB,line_gmb_2010071,gmb_2010071_1,2010071,1,1,20006560,20007577,unspecified_in_source,unspecified_in_source,unspecified_in_source,unspecified_in_source,unspecified_in_source,,,,pt_fare,,,not_encoded_in_source_revision_cutoff_only,2026-07-14,2026-07-20,,"[""gtfs:fare_rules.txt:861010|fare_attributes.txt:868916|fare_id:2010071-1-11-27"",""gtfs:fare_rules.txt:861213|fare_attributes.txt:846518|fare_id:2010071-1-25-27""]",data/transit/hongkong/PublicTransportGTFS/gtfs.zip,e5ad020b79d0020625a4e8eb5428c2253a07705b71bfb809d8a3fa178032ce06,2,2,ambiguous,"[{""fare_attribute_line"":868916,""fare_id"":""2010071-1-11-27"",""fare_rule_line"":861010,""price"":10.0},{""fare_attribute_line"":846518,""fare_id"":""2010071-1-25-27"",""fare_rule_line"":861213,""price"":7.7}]",ambiguous,A,U,unresolved,official_json_routeSeq_exact_full_stop_pattern_plus_ordered_gtfs_stop_od,conflicting_published_amounts
exact_route_sequence_ordered_stop_od,GMB,line_gmb_2010071,gmb_2010071_1,2010071,1,1,20006560,20008783,unspecified_in_source,unspecified_in_source,unspecified_in_source,unspecified_in_source,unspecified_in_source,,,,pt_fare,,,not_encoded_in_source_revision_cutoff_only,2026-07-14,2026-07-20,,"[""gtfs:fare_rules.txt:861012|fare_attributes.txt:868918|fare_id:2010071-1-11-29"",""gtfs:fare_rules.txt:861215|fare_attributes.txt:846520|fare_id:2010071-1-25-29""]",data/transit/hongkong/PublicTransportGTFS/gtfs.zip,e5ad020b79d0020625a4e8eb5428c2253a07705b71bfb809d8a3fa178032ce06,2,2,ambiguous,"[{""fare_attribute_line"":868918,""fare_id"":""2010071-1-11-29"",""fare_rule_line"":861012,""price"":10.0},{""fare_attribute_line"":846520,""fare_id"":""2010071-1-25-29"",""fare_rule_line"":861215,""price"":7.7}]",ambiguous,A,U,unresolved,official_json_routeSeq_exact_full_stop_pattern_plus_ordered_gtfs_stop_od,conflicting_published_amounts
exact_route_sequence_ordered_stop_od,GMB,line_gmb_2010071,gmb_2010071_1,2010071,1,1,20006560,20008787,unspecified_in_source,unspecified_in_source,unspecified_in_source,unspecified_in_source,unspecified_in_source,,,,pt_fare,,,not_encoded_in_source_revision_cutoff_only,2026-07-14,2026-07-20,,"[""gtfs:fare_rules.txt:861013|fare_attributes.txt:868919|fare_id:2010071-1-11-30"",""gtfs:fare_rules.txt:861216|fare_attributes.txt:846521|fare_id:2010071-1-25-30""]",data/transit/hongkong/PublicTransportGTFS/gtfs.zip,e5ad020b79d0020625a4e8eb5428c2253a07705b71bfb809d8a3fa178032ce06,2,2,ambiguous,"[{""fare_attribute_line"":868919,""fare_id"":""2010071-1-11-30"",""fare_rule_line"":861013,""price"":10.0},{""fare_attribute_line"":846521,""fare_id"":""2010071-1-25-30"",""fare_rule_line"":861216,""price"":7.7}]",ambiguous,A,U,unresolved,official_json_routeSeq_exact_full_stop_pattern_plus_ordered_gtfs_stop_od,conflicting_published_amounts
exact_route_sequence_ordered_stop_od,GMB,line_gmb_2010071,gmb_2010071_1,2010071,1,1,20007228,20006560,unspecified_in_source,unspecified_in_source,unspecified_in_source,unspecified_in_source,unspecified_in_source,,,,pt_fare,,,not_encoded_in_source_revision_cutoff_only,2026-07-14,2026-07-20,,"[""gtfs:fare_rules.txt:860760|fare_attributes.txt:846404|fare_id:2010071-1-2-11"",""gtfs:fare_rules.txt:860774|fare_attributes.txt:868878|fare_id:2010071-1-2-25""]",data/transit/hongkong/PublicTransportGTFS/gtfs.zip,e5ad020b79d0020625a4e8eb5428c2253a07705b71bfb809d8a3fa178032ce06,2,2,ambiguous,"[{""fare_attribute_line"":846404,""fare_id"":""2010071-1-2-11"",""fare_rule_line"":860760,""price"":7.7},{""fare_attribute_line"":868878,""fare_id"":""2010071-1-2-25"",""fare_rule_line"":860774,""price"":10.0}]",ambiguous,A,U,unresolved,official_json_routeSeq_exact_full_stop_pattern_plus_ordered_gtfs_stop_od,conflicting_published_amounts
exact_route_sequence_ordered_stop_od,GMB,line_gmb_2010071,gmb_2010071_1,2010071,1,1,20007229,20003189,unspecified_in_source,unspecified_in_source,unspecified_in_source,unspecified_in_source,unspecified_in_source,,,,pt_fare,,,not_encoded_in_source_revision_cutoff_only,2026-07-14,2026-07-20,,"[""gtfs:fare_rules.txt:861067|fare_attributes.txt:868958|fare_id:2010071-1-14-24"",""gtfs:fare_rules.txt:861183|fare_attributes.txt:846488|fare_id:2010071-1-22-24""]",data/transit/hongkong/PublicTransportGTFS/gtfs.zip,e5ad020b79d0020625a4e8eb5428c2253a07705b71bfb809d8a3fa178032ce06,2,2,ambiguous,"[{""fare_attribute_line"":868958,""fare_id"":""2010071-1-14-24"",""fare_rule_line"":861067,""price"":10.0},{""fare_attribute_line"":846488,""fare_id"":""2010071-1-22-24"",""fare_rule_line"":861183,""price"":7.7}]",ambiguous,A,U,unresolved,official_json_routeSeq_exact_full_stop_pattern_plus_ordered_gtfs_stop_od,conflicting_published_amounts
exact_route_sequence_ordered_stop_od,GMB,line_gmb_2010071,gmb_2010071_1,2010071,1,1,20007229,20003190,unspecified_in_source,unspecified_in_source,unspecified_in_source,unspecified_in_source,unspecified_in_source,,,,pt_fare,,,not_encoded_in_source_revision_cutoff_only,2026-07-14,2026-07-20,,"[""gtfs:fare_rules.txt:861069|fare_attributes.txt:868960|fare_id:2010071-1-14-26"",""gtfs:fare_rules.txt:861185|fare_attributes.txt:846490|fare_id:2010071-1-22-26""]",data/transit/hongkong/PublicTransportGTFS/gtfs.zip,e5ad020b79d0020625a4e8eb5428c2253a07705b71bfb809d8a3fa178032ce06,2,2,ambiguous,"[{""fare_attribute_line"":868960,""fare_id"":""2010071-1-14-26"",""fare_rule_line"":861069,""price"":10.0},{""fare_attribute_line"":846490,""fare_id"":""2010071-1-22-26"",""fare_rule_line"":861185,""price"":7.7}]",ambiguous,A,U,unresolved,official_json_routeSeq_exact_full_stop_pattern_plus_ordered_gtfs_stop_od,conflicting_published_amounts
exact_route_sequence_ordered_stop_od,GMB,line_gmb_2010071,gmb_2010071_1,2010071,1,1,20007229,20006560,unspecified_in_source,unspecified_in_source,unspecified_in_source,unspecified_in_source,unspecified_in_source,,,,pt_fare,,,not_encoded_in_source_revision_cutoff_only,2026-07-14,2026-07-20,,"[""gtfs:fare_rules.txt:861068|fare_attributes.txt:868959|fare_id:2010071-1-14-25"",""gtfs:fare_rules.txt:861184|fare_attributes.txt:846489|fare_id:2010071-1-22-25""]",data/transit/hongkong/PublicTransportGTFS/gtfs.zip,e5ad020b79d0020625a4e8eb5428c2253a07705b71bfb809d8a3fa178032ce06,2,2,ambiguous,"[{""fare_attribute_line"":868959,""fare_id"":""2010071-1-14-25"",""fare_rule_line"":861068,""price"":10.0},{""fare_attribute_line"":846489,""fare_id"":""2010071-1-22-25"",""fare_rule_line"":861184,""price"":7.7}]",ambiguous,A,U,unresolved,official_json_routeSeq_exact_full_stop_pattern_plus_ordered_gtfs_stop_od,conflicting_published_amounts
exact_route_sequence_ordered_stop_od,GMB,line_gmb_2010071,gmb_2010071_1,2010071,1,1,20007229,20007588,unspecified_in_source,unspecified_in_source,unspecified_in_source,unspecified_in_source,unspecified_in_source,,,,pt_fare,,,not_encoded_in_source_revision_cutoff_only,2026-07-14,2026-07-20,,"[""gtfs:fare_rules.txt:861066|fare_attributes.txt:868957|fare_id:2010071-1-14-23"",""gtfs:fare_rules.txt:861182|fare_attributes.txt:846487|fare_id:2010071-1-22-23""]",data/transit/hongkong/PublicTransportGTFS/gtfs.zip,e5ad020b79d0020625a4e8eb5428c2253a07705b71bfb809d8a3fa178032ce06,2,2,ambiguous,"[{""fare_attribute_line"":868957,""fare_id"":""2010071-1-14-23"",""fare_rule_line"":861066,""price"":10.0},{""fare_attribute_line"":846487,""fare_id"":""2010071-1-22-23"",""fare_rule_line"":861182,""price"":7.7}]",ambiguous,A,U,unresolved,official_json_routeSeq_exact_full_stop_pattern_plus_ordered_gtfs_stop_od,conflicting_published_amounts
exact_route_sequence_ordered_stop_od,GMB,line_gmb_2010071,gmb_2010071_1,2010071,1,1,20007576,20006560,unspecified_in_source,unspecified_in_source,unspecified_in_source,unspecified_in_source,unspecified_in_source,,,,pt_fare,,,not_encoded_in_source_revision_cutoff_only,2026-07-14,2026-07-20,,"[""gtfs:fare_rules.txt:860949|fare_attributes.txt:847181|fare_id:2010071-1-9-11"",""gtfs:fare_rules.txt:860963|fare_attributes.txt:869676|fare_id:2010071-1-9-25""]",data/transit/hongkong/PublicTransportGTFS/gtfs.zip,e5ad020b79d0020625a4e8eb5428c2253a07705b71bfb809d8a3fa178032ce06,2,2,ambiguous,"[{""fare_attribute_line"":847181,""fare_id"":""2010071-1-9-11"",""fare_rule_line"":860949,""price"":7.7},{""fare_attribute_line"":869676,""fare_id"":""2010071-1-9-25"",""fare_rule_line"":860963,""price"":10.0}]",ambiguous,A,U,unresolved,official_json_routeSeq_exact_full_stop_pattern_plus_ordered_gtfs_stop_od,conflicting_published_amounts
exact_route_sequence_ordered_stop_od,GMB,line_gmb_2010071,gmb_2010071_1,2010071,1,1,20007587,20007229,unspecified_in_source,unspecified_in_source,unspecified_in_source,unspecified_in_source,unspecified_in_source,,,,pt_fare,,,not_encoded_in_source_revision_cutoff_only,2026-07-14,2026-07-20,,"[""gtfs:fare_rules.txt:861038|fare_attributes.txt:847210|fare_id:2010071-1-13-14"",""gtfs:fare_rules.txt:861046|fare_attributes.txt:868941|fare_id:2010071-1-13-22""]",data/transit/hongkong/PublicTransportGTFS/gtfs.zip,e5ad020b79d0020625a4e8eb5428c2253a07705b71bfb809d8a3fa178032ce06,2,2,ambiguous,"[{""fare_attribute_line"":847210,""fare_id"":""2010071-1-13-14"",""fare_rule_line"":861038,""price"":7.7},{""fare_attribute_line"":868941,""fare_id"":""2010071-1-13-22"",""fare_rule_line"":861046,""price"":10.0}]",ambiguous,A,U,unresolved,official_json_routeSeq_exact_full_stop_pattern_plus_ordered_gtfs_stop_od,conflicting_published_amounts
exact_route_sequence_ordered_stop_od,GMB,line_gmb_2010076,gmb_2010076_1,2010076,1,1,20003188,20007229,unspecified_in_source,unspecified_in_source,unspecified_in_source,unspecified_in_source,unspecified_in_source,,,,pt_fare,,,not_encoded_in_source_revision_cutoff_only,2026-07-14,2026-07-20,,"[""gtfs:fare_rules.txt:861516|fare_attributes.txt:847343|fare_id:2010076-1-7-9"",""gtfs:fare_rules.txt:861524|fare_attributes.txt:869781|fare_id:2010076-1-7-17""]",data/transit/hongkong/PublicTransportGTFS/gtfs.zip,e5ad020b79d0020625a4e8eb5428c2253a07705b71bfb809d8a3fa178032ce06,2,2,ambiguous,"[{""fare_attribute_line"":847343,""fare_id"":""2010076-1-7-9"",""fare_rule_line"":861516,""price"":7.7},{""fare_attribute_line"":869781,""fare_id"":""2010076-1-7-17"",""fare_rule_line"":861524,""price"":10.0}]",ambiguous,A,U,unresolved,official_json_routeSeq_exact_full_stop_pattern_plus_ordered_gtfs_stop_od,conflicting_published_amounts
exact_route_sequence_ordered_stop_od,GMB,line_gmb_2010076,gmb_2010076_1,2010076,1,1,20003191,20006560,unspecified_in_source,unspecified_in_source,unspecified_in_source,unspecified_in_source,unspecified_in_source,,,,pt_fare,,,not_encoded_in_source_revision_cutoff_only,2026-07-14,2026-07-20,,"[""gtfs:fare_rules.txt:861476|fare_attributes.txt:847327|fare_id:2010076-1-5-6"",""gtfs:fare_rules.txt:861490|fare_attributes.txt:869760|fare_id:2010076-1-5-20""]",data/transit/hongkong/PublicTransportGTFS/gtfs.zip,e5ad020b79d0020625a4e8eb5428c2253a07705b71bfb809d8a3fa178032ce06,2,2,ambiguous,"[{""fare_attribute_line"":847327,""fare_id"":""2010076-1-5-6"",""fare_rule_line"":861476,""price"":7.7},{""fare_attribute_line"":869760,""fare_id"":""2010076-1-5-20"",""fare_rule_line"":861490,""price"":10.0}]",ambiguous,A,U,unresolved,official_json_routeSeq_exact_full_stop_pattern_plus_ordered_gtfs_stop_od,conflicting_published_amounts
exact_route_sequence_ordered_stop_od,GMB,line_gmb_2010076,gmb_2010076_1,2010076,1,1,20003191,20007229,unspecified_in_source,unspecified_in_source,unspecified_in_source,unspecified_in_source,unspecified_in_source,,,,pt_fare,,,not_encoded_in_source_revision_cutoff_only,2026-07-14,2026-07-20,,"[""gtfs:fare_rules.txt:861479|fare_attributes.txt:847330|fare_id:2010076-1-5-9"",""gtfs:fare_rules.txt:861487|fare_attributes.txt:869757|fare_id:2010076-1-5-17""]",data/transit/hongkong/PublicTransportGTFS/gtfs.zip,e5ad020b79d0020625a4e8eb5428c2253a07705b71bfb809d8a3fa178032ce06,2,2,ambiguous,"[{""fare_attribute_line"":847330,""fare_id"":""2010076-1-5-9"",""fare_rule_line"":861479,""price"":7.7},{""fare_attribute_line"":869757,""fare_id"":""2010076-1-5-17"",""fare_rule_line"":861487,""price"":10.0}]",ambiguous,A,U,unresolved,official_json_routeSeq_exact_full_stop_pattern_plus_ordered_gtfs_stop_od,conflicting_published_amounts
exact_route_sequence_ordered_stop_od,GMB,line_gmb_2010076,gmb_2010076_1,2010076,1,1,20006560,20003190,unspecified_in_source,unspecified_in_source,unspecified_in_source,unspecified_in_source,unspecified_in_source,,,,pt_fare,,,not_encoded_in_source_revision_cutoff_only,2026-07-14,2026-07-20,,"[""gtfs:fare_rules.txt:861510|fare_attributes.txt:869773|fare_id:2010076-1-6-21"",""gtfs:fare_rules.txt:861671|fare_attributes.txt:846634|fare_id:2010076-1-20-21""]",data/transit/hongkong/PublicTransportGTFS/gtfs.zip,e5ad020b79d0020625a4e8eb5428c2253a07705b71bfb809d8a3fa178032ce06,2,2,ambiguous,"[{""fare_attribute_line"":869773,""fare_id"":""2010076-1-6-21"",""fare_rule_line"":861510,""price"":10.0},{""fare_attribute_line"":846634,""fare_id"":""2010076-1-20-21"",""fare_rule_line"":861671,""price"":7.7}]",ambiguous,A,U,unresolved,official_json_routeSeq_exact_full_stop_pattern_plus_ordered_gtfs_stop_od,conflicting_published_amounts
exact_route_sequence_ordered_stop_od,GMB,line_gmb_2010076,gmb_2010076_1,2010076,1,1,20006560,20007091,unspecified_in_source,unspecified_in_source,unspecified_in_source,unspecified_in_source,unspecified_in_source,,,,pt_fare,,,not_encoded_in_source_revision_cutoff_only,2026-07-14,2026-07-20,,"[""gtfs:fare_rules.txt:861514|fare_attributes.txt:869777|fare_id:2010076-1-6-25"",""gtfs:fare_rules.txt:861675|fare_attributes.txt:846638|fare_id:2010076-1-20-25""]",data/transit/hongkong/PublicTransportGTFS/gtfs.zip,e5ad020b79d0020625a4e8eb5428c2253a07705b71bfb809d8a3fa178032ce06,2,2,ambiguous,"[{""fare_attribute_line"":869777,""fare_id"":""2010076-1-6-25"",""fare_rule_line"":861514,""price"":10.0},{""fare_attribute_line"":846638,""fare_id"":""2010076-1-20-25"",""fare_rule_line"":861675,""price"":7.7}]",ambiguous,A,U,unresolved,official_json_routeSeq_exact_full_stop_pattern_plus_ordered_gtfs_stop_od,conflicting_published_amounts
exact_route_sequence_ordered_stop_od,GMB,line_gmb_2010076,gmb_2010076_1,2010076,1,1,20006560,20007097,unspecified_in_source,unspecified_in_source,unspecified_in_source,unspecified_in_source,unspecified_in_source,,,,pt_fare,,,not_encoded_in_source_revision_cutoff_only,2026-07-14,2026-07-20,,"[""gtfs:fare_rules.txt:861513|fare_attributes.txt:869776|fare_id:2010076-1-6-24"",""gtfs:fare_rules.txt:861674|fare_attributes.txt:846637|fare_id:2010076-1-20-24""]",data/transit/hongkong/PublicTransportGTFS/gtfs.zip,e5ad020b79d0020625a4e8eb5428c2253a07705b71bfb809d8a3fa178032ce06,2,2,ambiguous,"[{""fare_attribute_line"":869776,""fare_id"":""2010076-1-6-24"",""fare_rule_line"":861513,""price"":10.0},{""fare_attribute_line"":846637,""fare_id"":""2010076-1-20-24"",""fare_rule_line"":861674,""price"":7.7}]",ambiguous,A,U,unresolved,official_json_routeSeq_exact_full_stop_pattern_plus_ordered_gtfs_stop_od,conflicting_published_amounts
exact_route_sequence_ordered_stop_od,GMB,line_gmb_2010076,gmb_2010076_1,2010076,1,1,20006560,20007229,unspecified_in_source,unspecified_in_source,unspecified_in_source,unspecified_in_source,unspecified_in_source,,,,pt_fare,,,not_encoded_in_source_revision_cutoff_only,2026-07-14,2026-07-20,,"[""gtfs:fare_rules.txt:861498|fare_attributes.txt:847337|fare_id:2010076-1-6-9"",""gtfs:fare_rules.txt:861506|fare_attributes.txt:869769|fare_id:2010076-1-6-17""]",data/transit/hongkong/PublicTransportGTFS/gtfs.zip,e5ad020b79d0020625a4e8eb5428c2253a07705b71bfb809d8a3fa178032ce06,2,2,ambiguous,"[{""fare_attribute_line"":847337,""fare_id"":""2010076-1-6-9"",""fare_rule_line"":861498,""price"":7.7},{""fare_attribute_line"":869769,""fare_id"":""2010076-1-6-17"",""fare_rule_line"":861506,""price"":10.0}]",ambiguous,A,U,unresolved,official_json_routeSeq_exact_full_stop_pattern_plus_ordered_gtfs_stop_od,conflicting_published_amounts
exact_route_sequence_ordered_stop_od,GMB,line_gmb_2010076,gmb_2010076_1,2010076,1,1,20006560,20007310,unspecified_in_source,unspecified_in_source,unspecified_in_source,unspecified_in_source,unspecified_in_source,,,,pt_fare,,,not_encoded_in_source_revision_cutoff_only,2026-07-14,2026-07-20,,"[""gtfs:fare_rules.txt:861512|fare_attributes.txt:869775|fare_id:2010076-1-6-23"",""gtfs:fare_rules.txt:861673|fare_attributes.txt:846636|fare_id:2010076-1-20-23""]",data/transit/hongkong/PublicTransportGTFS/gtfs.zip,e5ad020b79d0020625a4e8eb5428c2253a07705b71bfb809d8a3fa178032ce06,2,2,ambiguous,"[{""fare_attribute_line"":869775,""fare_id"":""2010076-1-6-23"",""fare_rule_line"":861512,""price"":10.0},{""fare_attribute_line"":846636,""fare_id"":""2010076-1-20-23"",""fare_rule_line"":861673,""price"":7.7}]",ambiguous,A,U,unresolved,official_json_routeSeq_exact_full_stop_pattern_plus_ordered_gtfs_stop_od,conflicting_published_amounts
exact_route_sequence_ordered_stop_od,GMB,line_gmb_2010076,gmb_2010076_1,2010076,1,1,20006560,20009539,unspecified_in_source,unspecified_in_source,unspecified_in_source,unspecified_in_source,unspecified_in_source,,,,pt_fare,,,not_encoded_in_source_revision_cutoff_only,2026-07-14,2026-07-20,,"[""gtfs:fare_rules.txt:861511|fare_attributes.txt:869774|fare_id:2010076-1-6-22"",""gtfs:fare_rules.txt:861672|fare_attributes.txt:846635|fare_id:2010076-1-20-22""]",data/transit/hongkong/PublicTransportGTFS/gtfs.zip,e5ad020b79d0020625a4e8eb5428c2253a07705b71bfb809d8a3fa178032ce06,2,2,ambiguous,"[{""fare_attribute_line"":869774,""fare_id"":""2010076-1-6-22"",""fare_rule_line"":861511,""price"":10.0},{""fare_attribute_line"":846635,""fare_id"":""2010076-1-20-22"",""fare_rule_line"":861672,""price"":7.7}]",ambiguous,A,U,unresolved,official_json_routeSeq_exact_full_stop_pattern_plus_ordered_gtfs_stop_od,conflicting_published_amounts
exact_route_sequence_ordered_stop_od,GMB,line_gmb_2010076,gmb_2010076_1,2010076,1,1,20007091,20007310,unspecified_in_source,unspecified_in_source,unspecified_in_source,unspecified_in_source,unspecified_in_source,,,,pt_fare,,,not_encoded_in_source_revision_cutoff_only,2026-07-14,2026-07-20,,"[""gtfs:fare_rules.txt:861387|fare_attributes.txt:846593|fare_id:2010076-1-1-3"",""gtfs:fare_rules.txt:861407|fare_attributes.txt:869715|fare_id:2010076-1-1-23""]",data/transit/hongkong/PublicTransportGTFS/gtfs.zip,e5ad020b79d0020625a4e8eb5428c2253a07705b71bfb809d8a3fa178032ce06,2,2,ambiguous,"[{""fare_attribute_line"":846593,""fare_id"":""2010076-1-1-3"",""fare_rule_line"":861387,""price"":7.7},{""fare_attribute_line"":869715,""fare_id"":""2010076-1-1-23"",""fare_rule_line"":861407,""price"":10.0}]",ambiguous,A,U,unresolved,official_json_routeSeq_exact_full_stop_pattern_plus_ordered_gtfs_stop_od,conflicting_published_amounts
exact_route_sequence_ordered_stop_od,GMB,line_gmb_2010076,gmb_2010076_1,2010076,1,1,20007091,20009539,unspecified_in_source,unspecified_in_source,unspecified_in_source,unspecified_in_source,unspecified_in_source,,,,pt_fare,,,not_encoded_in_source_revision_cutoff_only,2026-07-14,2026-07-20,,"[""gtfs:fare_rules.txt:861388|fare_attributes.txt:846594|fare_id:2010076-1-1-4"",""gtfs:fare_rules.txt:861406|fare_attributes.txt:869714|fare_id:2010076-1-1-22""]",data/transit/hongkong/PublicTransportGTFS/gtfs.zip,e5ad020b79d0020625a4e8eb5428c2253a07705b71bfb809d8a3fa178032ce06,2,2,ambiguous,"[{""fare_attribute_line"":846594,""fare_id"":""2010076-1-1-4"",""fare_rule_line"":861388,""price"":7.7},{""fare_attribute_line"":869714,""fare_id"":""2010076-1-1-22"",""fare_rule_line"":861406,""price"":10.0}]",ambiguous,A,U,unresolved,official_json_routeSeq_exact_full_stop_pattern_plus_ordered_gtfs_stop_od,conflicting_published_amounts
exact_route_sequence_ordered_stop_od,GMB,line_gmb_2010076,gmb_2010076_1,2010076,1,1,20007092,20007310,unspecified_in_source,unspecified_in_source,unspecified_in_source,unspecified_in_source,unspecified_in_source,,,,pt_fare,,,not_encoded_in_source_revision_cutoff_only,2026-07-14,2026-07-20,,"[""gtfs:fare_rules.txt:861410|fare_attributes.txt:846604|fare_id:2010076-1-2-3"",""gtfs:fare_rules.txt:861430|fare_attributes.txt:869727|fare_id:2010076-1-2-23""]",data/transit/hongkong/PublicTransportGTFS/gtfs.zip,e5ad020b79d0020625a4e8eb5428c2253a07705b71bfb809d8a3fa178032ce06,2,2,ambiguous,"[{""fare_attribute_line"":846604,""fare_id"":""2010076-1-2-3"",""fare_rule_line"":861410,""price"":7.7},{""fare_attribute_line"":869727,""fare_id"":""2010076-1-2-23"",""fare_rule_line"":861430,""price"":10.0}]",ambiguous,A,U,unresolved,official_json_routeSeq_exact_full_stop_pattern_plus_ordered_gtfs_stop_od,conflicting_published_amounts
exact_route_sequence_ordered_stop_od,GMB,line_gmb_2010076,gmb_2010076_1,2010076,1,1,20007092,20009539,unspecified_in_source,unspecified_in_source,unspecified_in_source,unspecified_in_source,unspecified_in_source,,,,pt_fare,,,not_encoded_in_source_revision_cutoff_only,2026-07-14,2026-07-20,,"[""gtfs:fare_rules.txt:861411|fare_attributes.txt:846605|fare_id:2010076-1-2-4"",""gtfs:fare_rules.txt:861429|fare_attributes.txt:869726|fare_id:2010076-1-2-22""]",data/transit/hongkong/PublicTransportGTFS/gtfs.zip,e5ad020b79d0020625a4e8eb5428c2253a07705b71bfb809d8a3fa178032ce06,2,2,ambiguous,"[{""fare_attribute_line"":846605,""fare_id"":""2010076-1-2-4"",""fare_rule_line"":861411,""price"":7.7},{""fare_attribute_line"":869726,""fare_id"":""2010076-1-2-22"",""fare_rule_line"":861429,""price"":10.0}]",ambiguous,A,U,unresolved,official_json_routeSeq_exact_full_stop_pattern_plus_ordered_gtfs_stop_od,conflicting_published_amounts
exact_route_sequence_ordered_stop_od,GMB,line_gmb_2010076,gmb_2010076_1,2010076,1,1,20007229,20003189,unspecified_in_source,unspecified_in_source,unspecified_in_source,unspecified_in_source,unspecified_in_source,,,,pt_fare,,,not_encoded_in_source_revision_cutoff_only,2026-07-14,2026-07-20,,"[""gtfs:fare_rules.txt:861559|fare_attributes.txt:869015|fare_id:2010076-1-9-19"",""gtfs:fare_rules.txt:861651|fare_attributes.txt:847406|fare_id:2010076-1-17-19""]",data/transit/hongkong/PublicTransportGTFS/gtfs.zip,e5ad020b79d0020625a4e8eb5428c2253a07705b71bfb809d8a3fa178032ce06,2,2,ambiguous,"[{""fare_attribute_line"":869015,""fare_id"":""2010076-1-9-19"",""fare_rule_line"":861559,""price"":10.0},{""fare_attribute_line"":847406,""fare_id"":""2010076-1-17-19"",""fare_rule_line"":861651,""price"":7.7}]",ambiguous,A,U,unresolved,official_json_routeSeq_exact_full_stop_pattern_plus_ordered_gtfs_stop_od,conflicting_published_amounts
exact_route_sequence_ordered_stop_od,GMB,line_gmb_2010076,gmb_2010076_1,2010076,1,1,20007229,20006560,unspecified_in_source,unspecified_in_source,unspecified_in_source,unspecified_in_source,unspecified_in_source,,,,pt_fare,,,not_encoded_in_source_revision_cutoff_only,2026-07-14,2026-07-20,,"[""gtfs:fare_rules.txt:861560|fare_attributes.txt:869016|fare_id:2010076-1-9-20"",""gtfs:fare_rules.txt:861652|fare_attributes.txt:847407|fare_id:2010076-1-17-20""]",data/transit/hongkong/PublicTransportGTFS/gtfs.zip,e5ad020b79d0020625a4e8eb5428c2253a07705b71bfb809d8a3fa178032ce06,2,2,ambiguous,"[{""fare_attribute_line"":869016,""fare_id"":""2010076-1-9-20"",""fare_rule_line"":861560,""price"":10.0},{""fare_attribute_line"":847407,""fare_id"":""2010076-1-17-20"",""fare_rule_line"":861652,""price"":7.7}]",ambiguous,A,U,unresolved,official_json_routeSeq_exact_full_stop_pattern_plus_ordered_gtfs_stop_od,conflicting_published_amounts
exact_route_sequence_ordered_stop_od,GMB,line_gmb_2010076,gmb_2010076_1,2010076,1,1,20007229,20007588,unspecified_in_source,unspecified_in_source,unspecified_in_source,unspecified_in_source,unspecified_in_source,,,,pt_fare,,,not_encoded_in_source_revision_cutoff_only,2026-07-14,2026-07-20,,"[""gtfs:fare_rules.txt:861558|fare_attributes.txt:869014|fare_id:2010076-1-9-18"",""gtfs:fare_rules.txt:861650|fare_attributes.txt:847405|fare_id:2010076-1-17-18""]",data/transit/hongkong/PublicTransportGTFS/gtfs.zip,e5ad020b79d0020625a4e8eb5428c2253a07705b71bfb809d8a3fa178032ce06,2,2,ambiguous,"[{""fare_attribute_line"":869014,""fare_id"":""2010076-1-9-18"",""fare_rule_line"":861558,""price"":10.0},{""fare_attribute_line"":847405,""fare_id"":""2010076-1-17-18"",""fare_rule_line"":861650,""price"":7.7}]",ambiguous,A,U,unresolved,official_json_routeSeq_exact_full_stop_pattern_plus_ordered_gtfs_stop_od,conflicting_published_amounts
exact_route_sequence_ordered_stop_od,GMB,line_gmb_2010076,gmb_2010076_1,2010076,1,1,20007310,20007091,unspecified_in_source,unspecified_in_source,unspecified_in_source,unspecified_in_source,unspecified_in_source,,,,pt_fare,,,not_encoded_in_source_revision_cutoff_only,2026-07-14,2026-07-20,,"[""gtfs:fare_rules.txt:861454|fare_attributes.txt:869741|fare_id:2010076-1-3-25"",""gtfs:fare_rules.txt:861684|fare_attributes.txt:846647|fare_id:2010076-1-23-25""]",data/transit/hongkong/PublicTransportGTFS/gtfs.zip,e5ad020b79d0020625a4e8eb5428c2253a07705b71bfb809d8a3fa178032ce06,2,2,ambiguous,"[{""fare_attribute_line"":869741,""fare_id"":""2010076-1-3-25"",""fare_rule_line"":861454,""price"":10.0},{""fare_attribute_line"":846647,""fare_id"":""2010076-1-23-25"",""fare_rule_line"":861684,""price"":7.7}]",ambiguous,A,U,unresolved,official_json_routeSeq_exact_full_stop_pattern_plus_ordered_gtfs_stop_od,conflicting_published_amounts
exact_route_sequence_ordered_stop_od,GMB,line_gmb_2010076,gmb_2010076_1,2010076,1,1,20007310,20007097,unspecified_in_source,unspecified_in_source,unspecified_in_source,unspecified_in_source,unspecified_in_source,,,,pt_fare,,,not_encoded_in_source_revision_cutoff_only,2026-07-14,2026-07-20,,"[""gtfs:fare_rules.txt:861453|fare_attributes.txt:869740|fare_id:2010076-1-3-24"",""gtfs:fare_rules.txt:861683|fare_attributes.txt:846646|fare_id:2010076-1-23-24""]",data/transit/hongkong/PublicTransportGTFS/gtfs.zip,e5ad020b79d0020625a4e8eb5428c2253a07705b71bfb809d8a3fa178032ce06,2,2,ambiguous,"[{""fare_attribute_line"":869740,""fare_id"":""2010076-1-3-24"",""fare_rule_line"":861453,""price"":10.0},{""fare_attribute_line"":846646,""fare_id"":""2010076-1-23-24"",""fare_rule_line"":861683,""price"":7.7}]",ambiguous,A,U,unresolved,official_json_routeSeq_exact_full_stop_pattern_plus_ordered_gtfs_stop_od,conflicting_published_amounts
exact_route_sequence_ordered_stop_od,GMB,line_gmb_2010076,gmb_2010076_1,2010076,1,1,20007310,20009539,unspecified_in_source,unspecified_in_source,unspecified_in_source,unspecified_in_source,unspecified_in_source,,,,pt_fare,,,not_encoded_in_source_revision_cutoff_only,2026-07-14,2026-07-20,,"[""gtfs:fare_rules.txt:861433|fare_attributes.txt:846615|fare_id:2010076-1-3-4"",""gtfs:fare_rules.txt:861451|fare_attributes.txt:869738|fare_id:2010076-1-3-22""]",data/transit/hongkong/PublicTransportGTFS/gtfs.zip,e5ad020b79d0020625a4e8eb5428c2253a07705b71bfb809d8a3fa178032ce06,2,2,ambiguous,"[{""fare_attribute_line"":846615,""fare_id"":""2010076-1-3-4"",""fare_rule_line"":861433,""price"":7.7},{""fare_attribute_line"":869738,""fare_id"":""2010076-1-3-22"",""fare_rule_line"":861451,""price"":10.0}]",ambiguous,A,U,unresolved,official_json_routeSeq_exact_full_stop_pattern_plus_ordered_gtfs_stop_od,conflicting_published_amounts
exact_route_sequence_ordered_stop_od,GMB,line_gmb_2010076,gmb_2010076_1,2010076,1,1,20007587,20007229,unspecified_in_source,unspecified_in_source,unspecified_in_source,unspecified_in_source,unspecified_in_source,,,,pt_fare,,,not_encoded_in_source_revision_cutoff_only,2026-07-14,2026-07-20,,"[""gtfs:fare_rules.txt:861533|fare_attributes.txt:847348|fare_id:2010076-1-8-9"",""gtfs:fare_rules.txt:861541|fare_attributes.txt:869001|fare_id:2010076-1-8-17""]",data/transit/hongkong/PublicTransportGTFS/gtfs.zip,e5ad020b79d0020625a4e8eb5428c2253a07705b71bfb809d8a3fa178032ce06,2,2,ambiguous,"[{""fare_attribute_line"":847348,""fare_id"":""2010076-1-8-9"",""fare_rule_line"":861533,""price"":7.7},{""fare_attribute_line"":869001,""fare_id"":""2010076-1-8-17"",""fare_rule_line"":861541,""price"":10.0}]",ambiguous,A,U,unresolved,official_json_routeSeq_exact_full_stop_pattern_plus_ordered_gtfs_stop_od,conflicting_published_amounts
exact_route_sequence_ordered_stop_od,GMB,line_gmb_2010076,gmb_2010076_1,2010076,1,1,20009539,20007091,unspecified_in_source,unspecified_in_source,unspecified_in_source,unspecified_in_source,unspecified_in_source,,,,pt_fare,,,not_encoded_in_source_revision_cutoff_only,2026-07-14,2026-07-20,,"[""gtfs:fare_rules.txt:861475|fare_attributes.txt:869753|fare_id:2010076-1-4-25"",""gtfs:fare_rules.txt:861682|fare_attributes.txt:846645|fare_id:2010076-1-22-25""]",data/transit/hongkong/PublicTransportGTFS/gtfs.zip,e5ad020b79d0020625a4e8eb5428c2253a07705b71bfb809d8a3fa178032ce06,2,2,ambiguous,"[{""fare_attribute_line"":869753,""fare_id"":""2010076-1-4-25"",""fare_rule_line"":861475,""price"":10.0},{""fare_attribute_line"":846645,""fare_id"":""2010076-1-22-25"",""fare_rule_line"":861682,""price"":7.7}]",ambiguous,A,U,unresolved,official_json_routeSeq_exact_full_stop_pattern_plus_ordered_gtfs_stop_od,conflicting_published_amounts
exact_route_sequence_ordered_stop_od,GMB,line_gmb_2010076,gmb_2010076_1,2010076,1,1,20009539,20007097,unspecified_in_source,unspecified_in_source,unspecified_in_source,unspecified_in_source,unspecified_in_source,,,,pt_fare,,,not_encoded_in_source_revision_cutoff_only,2026-07-14,2026-07-20,,"[""gtfs:fare_rules.txt:861474|fare_attributes.txt:869752|fare_id:2010076-1-4-24"",""gtfs:fare_rules.txt:861681|fare_attributes.txt:846644|fare_id:2010076-1-22-24""]",data/transit/hongkong/PublicTransportGTFS/gtfs.zip,e5ad020b79d0020625a4e8eb5428c2253a07705b71bfb809d8a3fa178032ce06,2,2,ambiguous,"[{""fare_attribute_line"":869752,""fare_id"":""2010076-1-4-24"",""fare_rule_line"":861474,""price"":10.0},{""fare_attribute_line"":846644,""fare_id"":""2010076-1-22-24"",""fare_rule_line"":861681,""price"":7.7}]",ambiguous,A,U,unresolved,official_json_routeSeq_exact_full_stop_pattern_plus_ordered_gtfs_stop_od,conflicting_published_amounts
exact_route_sequence_ordered_stop_od,GMB,line_gmb_2010076,gmb_2010076_1,2010076,1,1,20009539,20007310,unspecified_in_source,unspecified_in_source,unspecified_in_source,unspecified_in_source,unspecified_in_source,,,,pt_fare,,,not_encoded_in_source_revision_cutoff_only,2026-07-14,2026-07-20,,"[""gtfs:fare_rules.txt:861473|fare_attributes.txt:869751|fare_id:2010076-1-4-23"",""gtfs:fare_rules.txt:861680|fare_attributes.txt:846643|fare_id:2010076-1-22-23""]",data/transit/hongkong/PublicTransportGTFS/gtfs.zip,e5ad020b79d0020625a4e8eb5428c2253a07705b71bfb809d8a3fa178032ce06,2,2,ambiguous,"[{""fare_attribute_line"":869751,""fare_id"":""2010076-1-4-23"",""fare_rule_line"":861473,""price"":10.0},{""fare_attribute_line"":846643,""fare_id"":""2010076-1-22-23"",""fare_rule_line"":861680,""price"":7.7}]",ambiguous,A,U,unresolved,official_json_routeSeq_exact_full_stop_pattern_plus_ordered_gtfs_stop_od,conflicting_published_amounts
exact_route_sequence_ordered_stop_od,GMB,line_gmb_2010698,gmb_2010698_1,2010698,1,1,20002551,20007401,unspecified_in_source,unspecified_in_source,unspecified_in_source,unspecified_in_source,unspecified_in_source,,,,pt_fare,,,not_encoded_in_source_revision_cutoff_only,2026-07-14,2026-07-20,,"[""gtfs:fare_rules.txt:865765|fare_attributes.txt:850526|fare_id:2010698-1-2-8"",""gtfs:fare_rules.txt:866360|fare_attributes.txt:850824|fare_id:2010698-2-16-22""]",data/transit/hongkong/PublicTransportGTFS/gtfs.zip,e5ad020b79d0020625a4e8eb5428c2253a07705b71bfb809d8a3fa178032ce06,2,2,ambiguous,"[{""fare_attribute_line"":850526,""fare_id"":""2010698-1-2-8"",""fare_rule_line"":865765,""price"":13.0},{""fare_attribute_line"":850824,""fare_id"":""2010698-2-16-22"",""fare_rule_line"":866360,""price"":6.0}]",ambiguous,A,U,unresolved,official_json_routeSeq_exact_full_stop_pattern_plus_ordered_gtfs_stop_od,conflicting_published_amounts
exact_route_sequence_ordered_stop_od,GMB,line_gmb_2010698,gmb_2010698_1,2010698,1,1,20002551,20007435,unspecified_in_source,unspecified_in_source,unspecified_in_source,unspecified_in_source,unspecified_in_source,,,,pt_fare,,,not_encoded_in_source_revision_cutoff_only,2026-07-14,2026-07-20,,"[""gtfs:fare_rules.txt:865763|fare_attributes.txt:850524|fare_id:2010698-1-2-6"",""gtfs:fare_rules.txt:866358|fare_attributes.txt:850822|fare_id:2010698-2-16-20""]",data/transit/hongkong/PublicTransportGTFS/gtfs.zip,e5ad020b79d0020625a4e8eb5428c2253a07705b71bfb809d8a3fa178032ce06,2,2,ambiguous,"[{""fare_attribute_line"":850524,""fare_id"":""2010698-1-2-6"",""fare_rule_line"":865763,""price"":13.0},{""fare_attribute_line"":850822,""fare_id"":""2010698-2-16-20"",""fare_rule_line"":866358,""price"":6.0}]",ambiguous,A,U,unresolved,official_json_routeSeq_exact_full_stop_pattern_plus_ordered_gtfs_stop_od,conflicting_published_amounts
exact_route_sequence_ordered_stop_od,GMB,line_gmb_2010698,gmb_2010698_1,2010698,1,1,20002551,20014147,unspecified_in_source,unspecified_in_source,unspecified_in_source,unspecified_in_source,unspecified_in_source,,,,pt_fare,,,not_encoded_in_source_revision_cutoff_only,2026-07-14,2026-07-20,,"[""gtfs:fare_rules.txt:865764|fare_attributes.txt:850525|fare_id:2010698-1-2-7"",""gtfs:fare_rules.txt:866359|fare_attributes.txt:850823|fare_id:2010698-2-16-21""]",data/transit/hongkong/PublicTransportGTFS/gtfs.zip,e5ad020b79d0020625a4e8eb5428c2253a07705b71bfb809d8a3fa178032ce06,2,2,ambiguous,"[{""fare_attribute_line"":850525,""fare_id"":""2010698-1-2-7"",""fare_rule_line"":865764,""price"":13.0},{""fare_attribute_line"":850823,""fare_id"":""2010698-2-16-21"",""fare_rule_line"":866359,""price"":6.0}]",ambiguous,A,U,unresolved,official_json_routeSeq_exact_full_stop_pattern_plus_ordered_gtfs_stop_od,conflicting_published_amounts
exact_route_sequence_ordered_stop_od,GMB,line_gmb_2010698,gmb_2010698_1,2010698,1,1,20002551,20015055,unspecified_in_source,unspecified_in_source,unspecified_in_source,unspecified_in_source,unspecified_in_source,,,,pt_fare,,,not_encoded_in_source_revision_cutoff_only,2026-07-14,2026-07-20,,"[""gtfs:fare_rules.txt:865760|fare_attributes.txt:850521|fare_id:2010698-1-2-3"",""gtfs:fare_rules.txt:866355|fare_attributes.txt:850819|fare_id:2010698-2-16-17""]",data/transit/hongkong/PublicTransportGTFS/gtfs.zip,e5ad020b79d0020625a4e8eb5428c2253a07705b71bfb809d8a3fa178032ce06,2,2,ambiguous,"[{""fare_attribute_line"":850521,""fare_id"":""2010698-1-2-3"",""fare_rule_line"":865760,""price"":13.0},{""fare_attribute_line"":850819,""fare_id"":""2010698-2-16-17"",""fare_rule_line"":866355,""price"":6.0}]",ambiguous,A,U,unresolved,official_json_routeSeq_exact_full_stop_pattern_plus_ordered_gtfs_stop_od,conflicting_published_amounts
exact_route_sequence_ordered_stop_od,GMB,line_gmb_2010698,gmb_2010698_1,2010698,1,1,20002551,20017257,unspecified_in_source,unspecified_in_source,unspecified_in_source,unspecified_in_source,unspecified_in_source,,,,pt_fare,,,not_encoded_in_source_revision_cutoff_only,2026-07-14,2026-07-20,,"[""gtfs:fare_rules.txt:865761|fare_attributes.txt:850522|fare_id:2010698-1-2-4"",""gtfs:fare_rules.txt:866356|fare_attributes.txt:850820|fare_id:2010698-2-16-18""]",data/transit/hongkong/PublicTransportGTFS/gtfs.zip,e5ad020b79d0020625a4e8eb5428c2253a07705b71bfb809d8a3fa178032ce06,2,2,ambiguous,"[{""fare_attribute_line"":850522,""fare_id"":""2010698-1-2-4"",""fare_rule_line"":865761,""price"":13.0},{""fare_attribute_line"":850820,""fare_id"":""2010698-2-16-18"",""fare_rule_line"":866356,""price"":6.0}]",ambiguous,A,U,unresolved,official_json_routeSeq_exact_full_stop_pattern_plus_ordered_gtfs_stop_od,conflicting_published_amounts
exact_route_sequence_ordered_stop_od,GMB,line_gmb_2010698,gmb_2010698_1,2010698,1,1,20002551,20017818,unspecified_in_source,unspecified_in_source,unspecified_in_source,unspecified_in_source,unspecified_in_source,,,,pt_fare,,,not_encoded_in_source_revision_cutoff_only,2026-07-14,2026-07-20,,"[""gtfs:fare_rules.txt:865762|fare_attributes.txt:850523|fare_id:2010698-1-2-5"",""gtfs:fare_rules.txt:866357|fare_attributes.txt:850821|fare_id:2010698-2-16-19""]",data/transit/hongkong/PublicTransportGTFS/gtfs.zip,e5ad020b79d0020625a4e8eb5428c2253a07705b71bfb809d8a3fa178032ce06,2,2,ambiguous,"[{""fare_attribute_line"":850523,""fare_id"":""2010698-1-2-5"",""fare_rule_line"":865762,""price"":13.0},{""fare_attribute_line"":850821,""fare_id"":""2010698-2-16-19"",""fare_rule_line"":866357,""price"":6.0}]",ambiguous,A,U,unresolved,official_json_routeSeq_exact_full_stop_pattern_plus_ordered_gtfs_stop_od,conflicting_published_amounts
exact_route_sequence_ordered_stop_od,GMB,line_gmb_2010698,gmb_2010698_1,2010698,1,1,20002551,20017819,unspecified_in_source,unspecified_in_source,unspecified_in_source,unspecified_in_source,unspecified_in_source,,,,pt_fare,,,not_encoded_in_source_revision_cutoff_only,2026-07-14,2026-07-20,,"[""gtfs:fare_rules.txt:865766|fare_attributes.txt:850527|fare_id:2010698-1-2-9"",""gtfs:fare_rules.txt:866361|fare_attributes.txt:850825|fare_id:2010698-2-16-23""]",data/transit/hongkong/PublicTransportGTFS/gtfs.zip,e5ad020b79d0020625a4e8eb5428c2253a07705b71bfb809d8a3fa178032ce06,2,2,ambiguous,"[{""fare_attribute_line"":850527,""fare_id"":""2010698-1-2-9"",""fare_rule_line"":865766,""price"":13.0},{""fare_attribute_line"":850825,""fare_id"":""2010698-2-16-23"",""fare_rule_line"":866361,""price"":6.0}]",ambiguous,A,U,unresolved,official_json_routeSeq_exact_full_stop_pattern_plus_ordered_gtfs_stop_od,conflicting_published_amounts
exact_route_sequence_ordered_stop_od,GMB,line_gmb_2010698,gmb_2010698_1,2010698,1,1,20002551,20021317,unspecified_in_source,unspecified_in_source,unspecified_in_source,unspecified_in_source,unspecified_in_source,,,,pt_fare,,,not_encoded_in_source_revision_cutoff_only,2026-07-14,2026-07-20,,"[""gtfs:fare_rules.txt:865767|fare_attributes.txt:850528|fare_id:2010698-1-2-10"",""gtfs:fare_rules.txt:866362|fare_attributes.txt:850826|fare_id:2010698-2-16-24""]",data/transit/hongkong/PublicTransportGTFS/gtfs.zip,e5ad020b79d0020625a4e8eb5428c2253a07705b71bfb809d8a3fa178032ce06,2,2,ambiguous,"[{""fare_attribute_line"":850528,""fare_id"":""2010698-1-2-10"",""fare_rule_line"":865767,""price"":13.0},{""fare_attribute_line"":850826,""fare_id"":""2010698-2-16-24"",""fare_rule_line"":866362,""price"":6.0}]",ambiguous,A,U,unresolved,official_json_routeSeq_exact_full_stop_pattern_plus_ordered_gtfs_stop_od,conflicting_published_amounts
exact_route_sequence_ordered_stop_od,GMB,line_gmb_2010698,gmb_2010698_1,2010698,1,1,20002551,20021318,unspecified_in_source,unspecified_in_source,unspecified_in_source,unspecified_in_source,unspecified_in_source,,,,pt_fare,,,not_encoded_in_source_revision_cutoff_only,2026-07-14,2026-07-20,,"[""gtfs:fare_rules.txt:865768|fare_attributes.txt:850529|fare_id:2010698-1-2-11"",""gtfs:fare_rules.txt:866363|fare_attributes.txt:850827|fare_id:2010698-2-16-25""]",data/transit/hongkong/PublicTransportGTFS/gtfs.zip,e5ad020b79d0020625a4e8eb5428c2253a07705b71bfb809d8a3fa178032ce06,2,2,ambiguous,"[{""fare_attribute_line"":850529,""fare_id"":""2010698-1-2-11"",""fare_rule_line"":865768,""price"":13.0},{""fare_attribute_line"":850827,""fare_id"":""2010698-2-16-25"",""fare_rule_line"":866363,""price"":6.0}]",ambiguous,A,U,unresolved,official_json_routeSeq_exact_full_stop_pattern_plus_ordered_gtfs_stop_od,conflicting_published_amounts
exact_route_sequence_ordered_stop_od,GMB,line_gmb_2010698,gmb_2010698_1,2010698,1,1,20007401,20017819,unspecified_in_source,unspecified_in_source,unspecified_in_source,unspecified_in_source,unspecified_in_source,,,,pt_fare,,,not_encoded_in_source_revision_cutoff_only,2026-07-14,2026-07-20,,"[""gtfs:fare_rules.txt:865895|fare_attributes.txt:849864|fare_id:2010698-1-8-9"",""gtfs:fare_rules.txt:866400|fare_attributes.txt:850864|fare_id:2010698-2-22-23""]",data/transit/hongkong/PublicTransportGTFS/gtfs.zip,e5ad020b79d0020625a4e8eb5428c2253a07705b71bfb809d8a3fa178032ce06,2,2,ambiguous,"[{""fare_attribute_line"":849864,""fare_id"":""2010698-1-8-9"",""fare_rule_line"":865895,""price"":13.0},{""fare_attribute_line"":850864,""fare_id"":""2010698-2-22-23"",""fare_rule_line"":866400,""price"":6.0}]",ambiguous,A,U,unresolved,official_json_routeSeq_exact_full_stop_pattern_plus_ordered_gtfs_stop_od,conflicting_published_amounts
exact_route_sequence_ordered_stop_od,GMB,line_gmb_2010698,gmb_2010698_1,2010698,1,1,20007401,20021317,unspecified_in_source,unspecified_in_source,unspecified_in_source,unspecified_in_source,unspecified_in_source,,,,pt_fare,,,not_encoded_in_source_revision_cutoff_only,2026-07-14,2026-07-20,,"[""gtfs:fare_rules.txt:865896|fare_attributes.txt:849865|fare_id:2010698-1-8-10"",""gtfs:fare_rules.txt:866401|fare_attributes.txt:850865|fare_id:2010698-2-22-24""]",data/transit/hongkong/PublicTransportGTFS/gtfs.zip,e5ad020b79d0020625a4e8eb5428c2253a07705b71bfb809d8a3fa178032ce06,2,2,ambiguous,"[{""fare_attribute_line"":849865,""fare_id"":""2010698-1-8-10"",""fare_rule_line"":865896,""price"":13.0},{""fare_attribute_line"":850865,""fare_id"":""2010698-2-22-24"",""fare_rule_line"":866401,""price"":6.0}]",ambiguous,A,U,unresolved,official_json_routeSeq_exact_full_stop_pattern_plus_ordered_gtfs_stop_od,conflicting_published_amounts
exact_route_sequence_ordered_stop_od,GMB,line_gmb_2010698,gmb_2010698_1,2010698,1,1,20007401,20021318,unspecified_in_source,unspecified_in_source,unspecified_in_source,unspecified_in_source,unspecified_in_source,,,,pt_fare,,,not_encoded_in_source_revision_cutoff_only,2026-07-14,2026-07-20,,"[""gtfs:fare_rules.txt:865897|fare_attributes.txt:849866|fare_id:2010698-1-8-11"",""gtfs:fare_rules.txt:866402|fare_attributes.txt:850866|fare_id:2010698-2-22-25""]",data/transit/hongkong/PublicTransportGTFS/gtfs.zip,e5ad020b79d0020625a4e8eb5428c2253a07705b71bfb809d8a3fa178032ce06,2,2,ambiguous,"[{""fare_attribute_line"":849866,""fare_id"":""2010698-1-8-11"",""fare_rule_line"":865897,""price"":13.0},{""fare_attribute_line"":850866,""fare_id"":""2010698-2-22-25"",""fare_rule_line"":866402,""price"":6.0}]",ambiguous,A,U,unresolved,official_json_routeSeq_exact_full_stop_pattern_plus_ordered_gtfs_stop_od,conflicting_published_amounts
exact_route_sequence_ordered_stop_od,GMB,line_gmb_2010698,gmb_2010698_1,2010698,1,1,20007435,20007401,unspecified_in_source,unspecified_in_source,unspecified_in_source,unspecified_in_source,unspecified_in_source,,,,pt_fare,,,not_encoded_in_source_revision_cutoff_only,2026-07-14,2026-07-20,,"[""gtfs:fare_rules.txt:865855|fare_attributes.txt:849824|fare_id:2010698-1-6-8"",""gtfs:fare_rules.txt:866390|fare_attributes.txt:850854|fare_id:2010698-2-20-22""]",data/transit/hongkong/PublicTransportGTFS/gtfs.zip,e5ad020b79d0020625a4e8eb5428c2253a07705b71bfb809d8a3fa178032ce06,2,2,ambiguous,"[{""fare_attribute_line"":849824,""fare_id"":""2010698-1-6-8"",""fare_rule_line"":865855,""price"":13.0},{""fare_attribute_line"":850854,""fare_id"":""2010698-2-20-22"",""fare_rule_line"":866390,""price"":6.0}]",ambiguous,A,U,unresolved,official_json_routeSeq_exact_full_stop_pattern_plus_ordered_gtfs_stop_od,conflicting_published_amounts
exact_route_sequence_ordered_stop_od,GMB,line_gmb_2010698,gmb_2010698_1,2010698,1,1,20007435,20014147,unspecified_in_source,unspecified_in_source,unspecified_in_source,unspecified_in_source,unspecified_in_source,,,,pt_fare,,,not_encoded_in_source_revision_cutoff_only,2026-07-14,2026-07-20,,"[""gtfs:fare_rules.txt:865854|fare_attributes.txt:849823|fare_id:2010698-1-6-7"",""gtfs:fare_rules.txt:866389|fare_attributes.txt:850853|fare_id:2010698-2-20-21""]",data/transit/hongkong/PublicTransportGTFS/gtfs.zip,e5ad020b79d0020625a4e8eb5428c2253a07705b71bfb809d8a3fa178032ce06,2,2,ambiguous,"[{""fare_attribute_line"":849823,""fare_id"":""2010698-1-6-7"",""fare_rule_line"":865854,""price"":13.0},{""fare_attribute_line"":850853,""fare_id"":""2010698-2-20-21"",""fare_rule_line"":866389,""price"":6.0}]",ambiguous,A,U,unresolved,official_json_routeSeq_exact_full_stop_pattern_plus_ordered_gtfs_stop_od,conflicting_published_amounts
exact_route_sequence_ordered_stop_od,GMB,line_gmb_2010698,gmb_2010698_1,2010698,1,1,20007435,20017819,unspecified_in_source,unspecified_in_source,unspecified_in_source,unspecified_in_source,unspecified_in_source,,,,pt_fare,,,not_encoded_in_source_revision_cutoff_only,2026-07-14,2026-07-20,,"[""gtfs:fare_rules.txt:865856|fare_attributes.txt:849825|fare_id:2010698-1-6-9"",""gtfs:fare_rules.txt:866391|fare_attributes.txt:850855|fare_id:2010698-2-20-23""]",data/transit/hongkong/PublicTransportGTFS/gtfs.zip,e5ad020b79d0020625a4e8eb5428c2253a07705b71bfb809d8a3fa178032ce06,2,2,ambiguous,"[{""fare_attribute_line"":849825,""fare_id"":""2010698-1-6-9"",""fare_rule_line"":865856,""price"":13.0},{""fare_attribute_line"":850855,""fare_id"":""2010698-2-20-23"",""fare_rule_line"":866391,""price"":6.0}]",ambiguous,A,U,unresolved,official_json_routeSeq_exact_full_stop_pattern_plus_ordered_gtfs_stop_od,conflicting_published_amounts
exact_route_sequence_ordered_stop_od,GMB,line_gmb_2010698,gmb_2010698_1,2010698,1,1,20007435,20021317,unspecified_in_source,unspecified_in_source,unspecified_in_source,unspecified_in_source,unspecified_in_source,,,,pt_fare,,,not_encoded_in_source_revision_cutoff_only,2026-07-14,2026-07-20,,"[""gtfs:fare_rules.txt:865857|fare_attributes.txt:849826|fare_id:2010698-1-6-10"",""gtfs:fare_rules.txt:866392|fare_attributes.txt:850856|fare_id:2010698-2-20-24""]",data/transit/hongkong/PublicTransportGTFS/gtfs.zip,e5ad020b79d0020625a4e8eb5428c2253a07705b71bfb809d8a3fa178032ce06,2,2,ambiguous,"[{""fare_attribute_line"":849826,""fare_id"":""2010698-1-6-10"",""fare_rule_line"":865857,""price"":13.0},{""fare_attribute_line"":850856,""fare_id"":""2010698-2-20-24"",""fare_rule_line"":866392,""price"":6.0}]",ambiguous,A,U,unresolved,official_json_routeSeq_exact_full_stop_pattern_plus_ordered_gtfs_stop_od,conflicting_published_amounts
exact_route_sequence_ordered_stop_od,GMB,line_gmb_2010698,gmb_2010698_1,2010698,1,1,20007435,20021318,unspecified_in_source,unspecified_in_source,unspecified_in_source,unspecified_in_source,unspecified_in_source,,,,pt_fare,,,not_encoded_in_source_revision_cutoff_only,2026-07-14,2026-07-20,,"[""gtfs:fare_rules.txt:865858|fare_attributes.txt:849827|fare_id:2010698-1-6-11"",""gtfs:fare_rules.txt:866393|fare_attributes.txt:850857|fare_id:2010698-2-20-25""]",data/transit/hongkong/PublicTransportGTFS/gtfs.zip,e5ad020b79d0020625a4e8eb5428c2253a07705b71bfb809d8a3fa178032ce06,2,2,ambiguous,"[{""fare_attribute_line"":849827,""fare_id"":""2010698-1-6-11"",""fare_rule_line"":865858,""price"":13.0},{""fare_attribute_line"":850857,""fare_id"":""2010698-2-20-25"",""fare_rule_line"":866393,""price"":6.0}]",ambiguous,A,U,unresolved,official_json_routeSeq_exact_full_stop_pattern_plus_ordered_gtfs_stop_od,conflicting_published_amounts
exact_route_sequence_ordered_stop_od,GMB,line_gmb_2010698,gmb_2010698_1,2010698,1,1,20014147,20007401,unspecified_in_source,unspecified_in_source,unspecified_in_source,unspecified_in_source,unspecified_in_source,,,,pt_fare,,,not_encoded_in_source_revision_cutoff_only,2026-07-14,2026-07-20,,"[""gtfs:fare_rules.txt:865875|fare_attributes.txt:849844|fare_id:2010698-1-7-8"",""gtfs:fare_rules.txt:866395|fare_attributes.txt:850859|fare_id:2010698-2-21-22""]",data/transit/hongkong/PublicTransportGTFS/gtfs.zip,e5ad020b79d0020625a4e8eb5428c2253a07705b71bfb809d8a3fa178032ce06,2,2,ambiguous,"[{""fare_attribute_line"":849844,""fare_id"":""2010698-1-7-8"",""fare_rule_line"":865875,""price"":13.0},{""fare_attribute_line"":850859,""fare_id"":""2010698-2-21-22"",""fare_rule_line"":866395,""price"":6.0}]",ambiguous,A,U,unresolved,official_json_routeSeq_exact_full_stop_pattern_plus_ordered_gtfs_stop_od,conflicting_published_amounts
exact_route_sequence_ordered_stop_od,GMB,line_gmb_2010698,gmb_2010698_1,2010698,1,1,20014147,20017819,unspecified_in_source,unspecified_in_source,unspecified_in_source,unspecified_in_source,unspecified_in_source,,,,pt_fare,,,not_encoded_in_source_revision_cutoff_only,2026-07-14,2026-07-20,,"[""gtfs:fare_rules.txt:865876|fare_attributes.txt:849845|fare_id:2010698-1-7-9"",""gtfs:fare_rules.txt:866396|fare_attributes.txt:850860|fare_id:2010698-2-21-23""]",data/transit/hongkong/PublicTransportGTFS/gtfs.zip,e5ad020b79d0020625a4e8eb5428c2253a07705b71bfb809d8a3fa178032ce06,2,2,ambiguous,"[{""fare_attribute_line"":849845,""fare_id"":""2010698-1-7-9"",""fare_rule_line"":865876,""price"":13.0},{""fare_attribute_line"":850860,""fare_id"":""2010698-2-21-23"",""fare_rule_line"":866396,""price"":6.0}]",ambiguous,A,U,unresolved,official_json_routeSeq_exact_full_stop_pattern_plus_ordered_gtfs_stop_od,conflicting_published_amounts
exact_route_sequence_ordered_stop_od,GMB,line_gmb_2010698,gmb_2010698_1,2010698,1,1,20014147,20021317,unspecified_in_source,unspecified_in_source,unspecified_in_source,unspecified_in_source,unspecified_in_source,,,,pt_fare,,,not_encoded_in_source_revision_cutoff_only,2026-07-14,2026-07-20,,"[""gtfs:fare_rules.txt:865877|fare_attributes.txt:849846|fare_id:2010698-1-7-10"",""gtfs:fare_rules.txt:866397|fare_attributes.txt:850861|fare_id:2010698-2-21-24""]",data/transit/hongkong/PublicTransportGTFS/gtfs.zip,e5ad020b79d0020625a4e8eb5428c2253a07705b71bfb809d8a3fa178032ce06,2,2,ambiguous,"[{""fare_attribute_line"":849846,""fare_id"":""2010698-1-7-10"",""fare_rule_line"":865877,""price"":13.0},{""fare_attribute_line"":850861,""fare_id"":""2010698-2-21-24"",""fare_rule_line"":866397,""price"":6.0}]",ambiguous,A,U,unresolved,official_json_routeSeq_exact_full_stop_pattern_plus_ordered_gtfs_stop_od,conflicting_published_amounts
exact_route_sequence_ordered_stop_od,GMB,line_gmb_2010698,gmb_2010698_1,2010698,1,1,20014147,20021318,unspecified_in_source,unspecified_in_source,unspecified_in_source,unspecified_in_source,unspecified_in_source,,,,pt_fare,,,not_encoded_in_source_revision_cutoff_only,2026-07-14,2026-07-20,,"[""gtfs:fare_rules.txt:865878|fare_attributes.txt:849847|fare_id:2010698-1-7-11"",""gtfs:fare_rules.txt:866398|fare_attributes.txt:850862|fare_id:2010698-2-21-25""]",data/transit/hongkong/PublicTransportGTFS/gtfs.zip,e5ad020b79d0020625a4e8eb5428c2253a07705b71bfb809d8a3fa178032ce06,2,2,ambiguous,"[{""fare_attribute_line"":849847,""fare_id"":""2010698-1-7-11"",""fare_rule_line"":865878,""price"":13.0},{""fare_attribute_line"":850862,""fare_id"":""2010698-2-21-25"",""fare_rule_line"":866398,""price"":6.0}]",ambiguous,A,U,unresolved,official_json_routeSeq_exact_full_stop_pattern_plus_ordered_gtfs_stop_od,conflicting_published_amounts
exact_route_sequence_ordered_stop_od,GMB,line_gmb_2010698,gmb_2010698_1,2010698,1,1,20015055,20007401,unspecified_in_source,unspecified_in_source,unspecified_in_source,unspecified_in_source,unspecified_in_source,,,,pt_fare,,,not_encoded_in_source_revision_cutoff_only,2026-07-14,2026-07-20,,"[""gtfs:fare_rules.txt:865789|fare_attributes.txt:850550|fare_id:2010698-1-3-8"",""gtfs:fare_rules.txt:866369|fare_attributes.txt:850833|fare_id:2010698-2-17-22""]",data/transit/hongkong/PublicTransportGTFS/gtfs.zip,e5ad020b79d0020625a4e8eb5428c2253a07705b71bfb809d8a3fa178032ce06,2,2,ambiguous,"[{""fare_attribute_line"":850550,""fare_id"":""2010698-1-3-8"",""fare_rule_line"":865789,""price"":13.0},{""fare_attribute_line"":850833,""fare_id"":""2010698-2-17-22"",""fare_rule_line"":866369,""price"":6.0}]",ambiguous,A,U,unresolved,official_json_routeSeq_exact_full_stop_pattern_plus_ordered_gtfs_stop_od,conflicting_published_amounts
exact_route_sequence_ordered_stop_od,GMB,line_gmb_2010698,gmb_2010698_1,2010698,1,1,20015055,20007435,unspecified_in_source,unspecified_in_source,unspecified_in_source,unspecified_in_source,unspecified_in_source,,,,pt_fare,,,not_encoded_in_source_revision_cutoff_only,2026-07-14,2026-07-20,,"[""gtfs:fare_rules.txt:865787|fare_attributes.txt:850548|fare_id:2010698-1-3-6"",""gtfs:fare_rules.txt:866367|fare_attributes.txt:850831|fare_id:2010698-2-17-20""]",data/transit/hongkong/PublicTransportGTFS/gtfs.zip,e5ad020b79d0020625a4e8eb5428c2253a07705b71bfb809d8a3fa178032ce06,2,2,ambiguous,"[{""fare_attribute_line"":850548,""fare_id"":""2010698-1-3-6"",""fare_rule_line"":865787,""price"":13.0},{""fare_attribute_line"":850831,""fare_id"":""2010698-2-17-20"",""fare_rule_line"":866367,""price"":6.0}]",ambiguous,A,U,unresolved,official_json_routeSeq_exact_full_stop_pattern_plus_ordered_gtfs_stop_od,conflicting_published_amounts
exact_route_sequence_ordered_stop_od,GMB,line_gmb_2010698,gmb_2010698_1,2010698,1,1,20015055,20014147,unspecified_in_source,unspecified_in_source,unspecified_in_source,unspecified_in_source,unspecified_in_source,,,,pt_fare,,,not_encoded_in_source_revision_cutoff_only,2026-07-14,2026-07-20,,"[""gtfs:fare_rules.txt:865788|fare_attributes.txt:850549|fare_id:2010698-1-3-7"",""gtfs:fare_rules.txt:866368|fare_attributes.txt:850832|fare_id:2010698-2-17-21""]",data/transit/hongkong/PublicTransportGTFS/gtfs.zip,e5ad020b79d0020625a4e8eb5428c2253a07705b71bfb809d8a3fa178032ce06,2,2,ambiguous,"[{""fare_attribute_line"":850549,""fare_id"":""2010698-1-3-7"",""fare_rule_line"":865788,""price"":13.0},{""fare_attribute_line"":850832,""fare_id"":""2010698-2-17-21"",""fare_rule_line"":866368,""price"":6.0}]",ambiguous,A,U,unresolved,official_json_routeSeq_exact_full_stop_pattern_plus_ordered_gtfs_stop_od,conflicting_published_amounts
exact_route_sequence_ordered_stop_od,GMB,line_gmb_2010698,gmb_2010698_1,2010698,1,1,20015055,20017257,unspecified_in_source,unspecified_in_source,unspecified_in_source,unspecified_in_source,unspecified_in_source,,,,pt_fare,,,not_encoded_in_source_revision_cutoff_only,2026-07-14,2026-07-20,,"[""gtfs:fare_rules.txt:865785|fare_attributes.txt:850546|fare_id:2010698-1-3-4"",""gtfs:fare_rules.txt:866365|fare_attributes.txt:850829|fare_id:2010698-2-17-18""]",data/transit/hongkong/PublicTransportGTFS/gtfs.zip,e5ad020b79d0020625a4e8eb5428c2253a07705b71bfb809d8a3fa178032ce06,2,2,ambiguous,"[{""fare_attribute_line"":850546,""fare_id"":""2010698-1-3-4"",""fare_rule_line"":865785,""price"":13.0},{""fare_attribute_line"":850829,""fare_id"":""2010698-2-17-18"",""fare_rule_line"":866365,""price"":6.0}]",ambiguous,A,U,unresolved,official_json_routeSeq_exact_full_stop_pattern_plus_ordered_gtfs_stop_od,conflicting_published_amounts
exact_route_sequence_ordered_stop_od,GMB,line_gmb_2010698,gmb_2010698_1,2010698,1,1,20015055,20017818,unspecified_in_source,unspecified_in_source,unspecified_in_source,unspecified_in_source,unspecified_in_source,,,,pt_fare,,,not_encoded_in_source_revision_cutoff_only,2026-07-14,2026-07-20,,"[""gtfs:fare_rules.txt:865786|fare_attributes.txt:850547|fare_id:2010698-1-3-5"",""gtfs:fare_rules.txt:866366|fare_attributes.txt:850830|fare_id:2010698-2-17-19""]",data/transit/hongkong/PublicTransportGTFS/gtfs.zip,e5ad020b79d0020625a4e8eb5428c2253a07705b71bfb809d8a3fa178032ce06,2,2,ambiguous,"[{""fare_attribute_line"":850547,""fare_id"":""2010698-1-3-5"",""fare_rule_line"":865786,""price"":13.0},{""fare_attribute_line"":850830,""fare_id"":""2010698-2-17-19"",""fare_rule_line"":866366,""price"":6.0}]",ambiguous,A,U,unresolved,official_json_routeSeq_exact_full_stop_pattern_plus_ordered_gtfs_stop_od,conflicting_published_amounts
exact_route_sequence_ordered_stop_od,GMB,line_gmb_2010698,gmb_2010698_1,2010698,1,1,20015055,20017819,unspecified_in_source,unspecified_in_source,unspecified_in_source,unspecified_in_source,unspecified_in_source,,,,pt_fare,,,not_encoded_in_source_revision_cutoff_only,2026-07-14,2026-07-20,,"[""gtfs:fare_rules.txt:865790|fare_attributes.txt:850551|fare_id:2010698-1-3-9"",""gtfs:fare_rules.txt:866370|fare_attributes.txt:850834|fare_id:2010698-2-17-23""]",data/transit/hongkong/PublicTransportGTFS/gtfs.zip,e5ad020b79d0020625a4e8eb5428c2253a07705b71bfb809d8a3fa178032ce06,2,2,ambiguous,"[{""fare_attribute_line"":850551,""fare_id"":""2010698-1-3-9"",""fare_rule_line"":865790,""price"":13.0},{""fare_attribute_line"":850834,""fare_id"":""2010698-2-17-23"",""fare_rule_line"":866370,""price"":6.0}]",ambiguous,A,U,unresolved,official_json_routeSeq_exact_full_stop_pattern_plus_ordered_gtfs_stop_od,conflicting_published_amounts
exact_route_sequence_ordered_stop_od,GMB,line_gmb_2010698,gmb_2010698_1,2010698,1,1,20015055,20021317,unspecified_in_source,unspecified_in_source,unspecified_in_source,unspecified_in_source,unspecified_in_source,,,,pt_fare,,,not_encoded_in_source_revision_cutoff_only,2026-07-14,2026-07-20,,"[""gtfs:fare_rules.txt:865791|fare_attributes.txt:850552|fare_id:2010698-1-3-10"",""gtfs:fare_rules.txt:866371|fare_attributes.txt:850835|fare_id:2010698-2-17-24""]",data/transit/hongkong/PublicTransportGTFS/gtfs.zip,e5ad020b79d0020625a4e8eb5428c2253a07705b71bfb809d8a3fa178032ce06,2,2,ambiguous,"[{""fare_attribute_line"":850552,""fare_id"":""2010698-1-3-10"",""fare_rule_line"":865791,""price"":13.0},{""fare_attribute_line"":850835,""fare_id"":""2010698-2-17-24"",""fare_rule_line"":866371,""price"":6.0}]",ambiguous,A,U,unresolved,official_json_routeSeq_exact_full_stop_pattern_plus_ordered_gtfs_stop_od,conflicting_published_amounts
exact_route_sequence_ordered_stop_od,GMB,line_gmb_2010698,gmb_2010698_1,2010698,1,1,20015055,20021318,unspecified_in_source,unspecified_in_source,unspecified_in_source,unspecified_in_source,unspecified_in_source,,,,pt_fare,,,not_encoded_in_source_revision_cutoff_only,2026-07-14,2026-07-20,,"[""gtfs:fare_rules.txt:865792|fare_attributes.txt:850553|fare_id:2010698-1-3-11"",""gtfs:fare_rules.txt:866372|fare_attributes.txt:850836|fare_id:2010698-2-17-25""]",data/transit/hongkong/PublicTransportGTFS/gtfs.zip,e5ad020b79d0020625a4e8eb5428c2253a07705b71bfb809d8a3fa178032ce06,2,2,ambiguous,"[{""fare_attribute_line"":850553,""fare_id"":""2010698-1-3-11"",""fare_rule_line"":865792,""price"":13.0},{""fare_attribute_line"":850836,""fare_id"":""2010698-2-17-25"",""fare_rule_line"":866372,""price"":6.0}]",ambiguous,A,U,unresolved,official_json_routeSeq_exact_full_stop_pattern_plus_ordered_gtfs_stop_od,conflicting_published_amounts
exact_route_sequence_ordered_stop_od,GMB,line_gmb_2010698,gmb_2010698_1,2010698,1,1,20017257,20007401,unspecified_in_source,unspecified_in_source,unspecified_in_source,unspecified_in_source,unspecified_in_source,,,,pt_fare,,,not_encoded_in_source_revision_cutoff_only,2026-07-14,2026-07-20,,"[""gtfs:fare_rules.txt:865812|fare_attributes.txt:850573|fare_id:2010698-1-4-8"",""gtfs:fare_rules.txt:866377|fare_attributes.txt:850841|fare_id:2010698-2-18-22""]",data/transit/hongkong/PublicTransportGTFS/gtfs.zip,e5ad020b79d0020625a4e8eb5428c2253a07705b71bfb809d8a3fa178032ce06,2,2,ambiguous,"[{""fare_attribute_line"":850573,""fare_id"":""2010698-1-4-8"",""fare_rule_line"":865812,""price"":13.0},{""fare_attribute_line"":850841,""fare_id"":""2010698-2-18-22"",""fare_rule_line"":866377,""price"":6.0}]",ambiguous,A,U,unresolved,official_json_routeSeq_exact_full_stop_pattern_plus_ordered_gtfs_stop_od,conflicting_published_amounts
exact_route_sequence_ordered_stop_od,GMB,line_gmb_2010698,gmb_2010698_1,2010698,1,1,20017257,20007435,unspecified_in_source,unspecified_in_source,unspecified_in_source,unspecified_in_source,unspecified_in_source,,,,pt_fare,,,not_encoded_in_source_revision_cutoff_only,2026-07-14,2026-07-20,,"[""gtfs:fare_rules.txt:865810|fare_attributes.txt:850571|fare_id:2010698-1-4-6"",""gtfs:fare_rules.txt:866375|fare_attributes.txt:850839|fare_id:2010698-2-18-20""]",data/transit/hongkong/PublicTransportGTFS/gtfs.zip,e5ad020b79d0020625a4e8eb5428c2253a07705b71bfb809d8a3fa178032ce06,2,2,ambiguous,"[{""fare_attribute_line"":850571,""fare_id"":""2010698-1-4-6"",""fare_rule_line"":865810,""price"":13.0},{""fare_attribute_line"":850839,""fare_id"":""2010698-2-18-20"",""fare_rule_line"":866375,""price"":6.0}]",ambiguous,A,U,unresolved,official_json_routeSeq_exact_full_stop_pattern_plus_ordered_gtfs_stop_od,conflicting_published_amounts
exact_route_sequence_ordered_stop_od,GMB,line_gmb_2010698,gmb_2010698_1,2010698,1,1,20017257,20014147,unspecified_in_source,unspecified_in_source,unspecified_in_source,unspecified_in_source,unspecified_in_source,,,,pt_fare,,,not_encoded_in_source_revision_cutoff_only,2026-07-14,2026-07-20,,"[""gtfs:fare_rules.txt:865811|fare_attributes.txt:850572|fare_id:2010698-1-4-7"",""gtfs:fare_rules.txt:866376|fare_attributes.txt:850840|fare_id:2010698-2-18-21""]",data/transit/hongkong/PublicTransportGTFS/gtfs.zip,e5ad020b79d0020625a4e8eb5428c2253a07705b71bfb809d8a3fa178032ce06,2,2,ambiguous,"[{""fare_attribute_line"":850572,""fare_id"":""2010698-1-4-7"",""fare_rule_line"":865811,""price"":13.0},{""fare_attribute_line"":850840,""fare_id"":""2010698-2-18-21"",""fare_rule_line"":866376,""price"":6.0}]",ambiguous,A,U,unresolved,official_json_routeSeq_exact_full_stop_pattern_plus_ordered_gtfs_stop_od,conflicting_published_amounts
exact_route_sequence_ordered_stop_od,GMB,line_gmb_2010698,gmb_2010698_1,2010698,1,1,20017257,20017818,unspecified_in_source,unspecified_in_source,unspecified_in_source,unspecified_in_source,unspecified_in_source,,,,pt_fare,,,not_encoded_in_source_revision_cutoff_only,2026-07-14,2026-07-20,,"[""gtfs:fare_rules.txt:865809|fare_attributes.txt:850570|fare_id:2010698-1-4-5"",""gtfs:fare_rules.txt:866374|fare_attributes.txt:850838|fare_id:2010698-2-18-19""]",data/transit/hongkong/PublicTransportGTFS/gtfs.zip,e5ad020b79d0020625a4e8eb5428c2253a07705b71bfb809d8a3fa178032ce06,2,2,ambiguous,"[{""fare_attribute_line"":850570,""fare_id"":""2010698-1-4-5"",""fare_rule_line"":865809,""price"":13.0},{""fare_attribute_line"":850838,""fare_id"":""2010698-2-18-19"",""fare_rule_line"":866374,""price"":6.0}]",ambiguous,A,U,unresolved,official_json_routeSeq_exact_full_stop_pattern_plus_ordered_gtfs_stop_od,conflicting_published_amounts
exact_route_sequence_ordered_stop_od,GMB,line_gmb_2010698,gmb_2010698_1,2010698,1,1,20017257,20017819,unspecified_in_source,unspecified_in_source,unspecified_in_source,unspecified_in_source,unspecified_in_source,,,,pt_fare,,,not_encoded_in_source_revision_cutoff_only,2026-07-14,2026-07-20,,"[""gtfs:fare_rules.txt:865813|fare_attributes.txt:850574|fare_id:2010698-1-4-9"",""gtfs:fare_rules.txt:866378|fare_attributes.txt:850842|fare_id:2010698-2-18-23""]",data/transit/hongkong/PublicTransportGTFS/gtfs.zip,e5ad020b79d0020625a4e8eb5428c2253a07705b71bfb809d8a3fa178032ce06,2,2,ambiguous,"[{""fare_attribute_line"":850574,""fare_id"":""2010698-1-4-9"",""fare_rule_line"":865813,""price"":13.0},{""fare_attribute_line"":850842,""fare_id"":""2010698-2-18-23"",""fare_rule_line"":866378,""price"":6.0}]",ambiguous,A,U,unresolved,official_json_routeSeq_exact_full_stop_pattern_plus_ordered_gtfs_stop_od,conflicting_published_amounts
exact_route_sequence_ordered_stop_od,GMB,line_gmb_2010698,gmb_2010698_1,2010698,1,1,20017257,20021317,unspecified_in_source,unspecified_in_source,unspecified_in_source,unspecified_in_source,unspecified_in_source,,,,pt_fare,,,not_encoded_in_source_revision_cutoff_only,2026-07-14,2026-07-20,,"[""gtfs:fare_rules.txt:865814|fare_attributes.txt:850575|fare_id:2010698-1-4-10"",""gtfs:fare_rules.txt:866379|fare_attributes.txt:850843|fare_id:2010698-2-18-24""]",data/transit/hongkong/PublicTransportGTFS/gtfs.zip,e5ad020b79d0020625a4e8eb5428c2253a07705b71bfb809d8a3fa178032ce06,2,2,ambiguous,"[{""fare_attribute_line"":850575,""fare_id"":""2010698-1-4-10"",""fare_rule_line"":865814,""price"":13.0},{""fare_attribute_line"":850843,""fare_id"":""2010698-2-18-24"",""fare_rule_line"":866379,""price"":6.0}]",ambiguous,A,U,unresolved,official_json_routeSeq_exact_full_stop_pattern_plus_ordered_gtfs_stop_od,conflicting_published_amounts
exact_route_sequence_ordered_stop_od,GMB,line_gmb_2010698,gmb_2010698_1,2010698,1,1,20017257,20021318,unspecified_in_source,unspecified_in_source,unspecified_in_source,unspecified_in_source,unspecified_in_source,,,,pt_fare,,,not_encoded_in_source_revision_cutoff_only,2026-07-14,2026-07-20,,"[""gtfs:fare_rules.txt:865815|fare_attributes.txt:850576|fare_id:2010698-1-4-11"",""gtfs:fare_rules.txt:866380|fare_attributes.txt:850844|fare_id:2010698-2-18-25""]",data/transit/hongkong/PublicTransportGTFS/gtfs.zip,e5ad020b79d0020625a4e8eb5428c2253a07705b71bfb809d8a3fa178032ce06,2,2,ambiguous,"[{""fare_attribute_line"":850576,""fare_id"":""2010698-1-4-11"",""fare_rule_line"":865815,""price"":13.0},{""fare_attribute_line"":850844,""fare_id"":""2010698-2-18-25"",""fare_rule_line"":866380,""price"":6.0}]",ambiguous,A,U,unresolved,official_json_routeSeq_exact_full_stop_pattern_plus_ordered_gtfs_stop_od,conflicting_published_amounts
exact_route_sequence_ordered_stop_od,GMB,line_gmb_2010698,gmb_2010698_1,2010698,1,1,20017818,20007401,unspecified_in_source,unspecified_in_source,unspecified_in_source,unspecified_in_source,unspecified_in_source,,,,pt_fare,,,not_encoded_in_source_revision_cutoff_only,2026-07-14,2026-07-20,,"[""gtfs:fare_rules.txt:865834|fare_attributes.txt:849803|fare_id:2010698-1-5-8"",""gtfs:fare_rules.txt:866384|fare_attributes.txt:850848|fare_id:2010698-2-19-22""]",data/transit/hongkong/PublicTransportGTFS/gtfs.zip,e5ad020b79d0020625a4e8eb5428c2253a07705b71bfb809d8a3fa178032ce06,2,2,ambiguous,"[{""fare_attribute_line"":849803,""fare_id"":""2010698-1-5-8"",""fare_rule_line"":865834,""price"":13.0},{""fare_attribute_line"":850848,""fare_id"":""2010698-2-19-22"",""fare_rule_line"":866384,""price"":6.0}]",ambiguous,A,U,unresolved,official_json_routeSeq_exact_full_stop_pattern_plus_ordered_gtfs_stop_od,conflicting_published_amounts
exact_route_sequence_ordered_stop_od,GMB,line_gmb_2010698,gmb_2010698_1,2010698,1,1,20017818,20007435,unspecified_in_source,unspecified_in_source,unspecified_in_source,unspecified_in_source,unspecified_in_source,,,,pt_fare,,,not_encoded_in_source_revision_cutoff_only,2026-07-14,2026-07-20,,"[""gtfs:fare_rules.txt:865832|fare_attributes.txt:849801|fare_id:2010698-1-5-6"",""gtfs:fare_rules.txt:866382|fare_attributes.txt:850846|fare_id:2010698-2-19-20""]",data/transit/hongkong/PublicTransportGTFS/gtfs.zip,e5ad020b79d0020625a4e8eb5428c2253a07705b71bfb809d8a3fa178032ce06,2,2,ambiguous,"[{""fare_attribute_line"":849801,""fare_id"":""2010698-1-5-6"",""fare_rule_line"":865832,""price"":13.0},{""fare_attribute_line"":850846,""fare_id"":""2010698-2-19-20"",""fare_rule_line"":866382,""price"":6.0}]",ambiguous,A,U,unresolved,official_json_routeSeq_exact_full_stop_pattern_plus_ordered_gtfs_stop_od,conflicting_published_amounts
exact_route_sequence_ordered_stop_od,GMB,line_gmb_2010698,gmb_2010698_1,2010698,1,1,20017818,20014147,unspecified_in_source,unspecified_in_source,unspecified_in_source,unspecified_in_source,unspecified_in_source,,,,pt_fare,,,not_encoded_in_source_revision_cutoff_only,2026-07-14,2026-07-20,,"[""gtfs:fare_rules.txt:865833|fare_attributes.txt:849802|fare_id:2010698-1-5-7"",""gtfs:fare_rules.txt:866383|fare_attributes.txt:850847|fare_id:2010698-2-19-21""]",data/transit/hongkong/PublicTransportGTFS/gtfs.zip,e5ad020b79d0020625a4e8eb5428c2253a07705b71bfb809d8a3fa178032ce06,2,2,ambiguous,"[{""fare_attribute_line"":849802,""fare_id"":""2010698-1-5-7"",""fare_rule_line"":865833,""price"":13.0},{""fare_attribute_line"":850847,""fare_id"":""2010698-2-19-21"",""fare_rule_line"":866383,""price"":6.0}]",ambiguous,A,U,unresolved,official_json_routeSeq_exact_full_stop_pattern_plus_ordered_gtfs_stop_od,conflicting_published_amounts
exact_route_sequence_ordered_stop_od,GMB,line_gmb_2010698,gmb_2010698_1,2010698,1,1,20017818,20017819,unspecified_in_source,unspecified_in_source,unspecified_in_source,unspecified_in_source,unspecified_in_source,,,,pt_fare,,,not_encoded_in_source_revision_cutoff_only,2026-07-14,2026-07-20,,"[""gtfs:fare_rules.txt:865835|fare_attributes.txt:849804|fare_id:2010698-1-5-9"",""gtfs:fare_rules.txt:866385|fare_attributes.txt:850849|fare_id:2010698-2-19-23""]",data/transit/hongkong/PublicTransportGTFS/gtfs.zip,e5ad020b79d0020625a4e8eb5428c2253a07705b71bfb809d8a3fa178032ce06,2,2,ambiguous,"[{""fare_attribute_line"":849804,""fare_id"":""2010698-1-5-9"",""fare_rule_line"":865835,""price"":13.0},{""fare_attribute_line"":850849,""fare_id"":""2010698-2-19-23"",""fare_rule_line"":866385,""price"":6.0}]",ambiguous,A,U,unresolved,official_json_routeSeq_exact_full_stop_pattern_plus_ordered_gtfs_stop_od,conflicting_published_amounts
exact_route_sequence_ordered_stop_od,GMB,line_gmb_2010698,gmb_2010698_1,2010698,1,1,20017818,20021317,unspecified_in_source,unspecified_in_source,unspecified_in_source,unspecified_in_source,unspecified_in_source,,,,pt_fare,,,not_encoded_in_source_revision_cutoff_only,2026-07-14,2026-07-20,,"[""gtfs:fare_rules.txt:865836|fare_attributes.txt:849805|fare_id:2010698-1-5-10"",""gtfs:fare_rules.txt:866386|fare_attributes.txt:850850|fare_id:2010698-2-19-24""]",data/transit/hongkong/PublicTransportGTFS/gtfs.zip,e5ad020b79d0020625a4e8eb5428c2253a07705b71bfb809d8a3fa178032ce06,2,2,ambiguous,"[{""fare_attribute_line"":849805,""fare_id"":""2010698-1-5-10"",""fare_rule_line"":865836,""price"":13.0},{""fare_attribute_line"":850850,""fare_id"":""2010698-2-19-24"",""fare_rule_line"":866386,""price"":6.0}]",ambiguous,A,U,unresolved,official_json_routeSeq_exact_full_stop_pattern_plus_ordered_gtfs_stop_od,conflicting_published_amounts
exact_route_sequence_ordered_stop_od,GMB,line_gmb_2010698,gmb_2010698_1,2010698,1,1,20017818,20021318,unspecified_in_source,unspecified_in_source,unspecified_in_source,unspecified_in_source,unspecified_in_source,,,,pt_fare,,,not_encoded_in_source_revision_cutoff_only,2026-07-14,2026-07-20,,"[""gtfs:fare_rules.txt:865837|fare_attributes.txt:849806|fare_id:2010698-1-5-11"",""gtfs:fare_rules.txt:866387|fare_attributes.txt:850851|fare_id:2010698-2-19-25""]",data/transit/hongkong/PublicTransportGTFS/gtfs.zip,e5ad020b79d0020625a4e8eb5428c2253a07705b71bfb809d8a3fa178032ce06,2,2,ambiguous,"[{""fare_attribute_line"":849806,""fare_id"":""2010698-1-5-11"",""fare_rule_line"":865837,""price"":13.0},{""fare_attribute_line"":850851,""fare_id"":""2010698-2-19-25"",""fare_rule_line"":866387,""price"":6.0}]",ambiguous,A,U,unresolved,official_json_routeSeq_exact_full_stop_pattern_plus_ordered_gtfs_stop_od,conflicting_published_amounts
exact_route_sequence_ordered_stop_od,GMB,line_gmb_2010698,gmb_2010698_1,2010698,1,1,20017819,20021317,unspecified_in_source,unspecified_in_source,unspecified_in_source,unspecified_in_source,unspecified_in_source,,,,pt_fare,,,not_encoded_in_source_revision_cutoff_only,2026-07-14,2026-07-20,,"[""gtfs:fare_rules.txt:865914|fare_attributes.txt:849883|fare_id:2010698-1-9-10"",""gtfs:fare_rules.txt:866404|fare_attributes.txt:850868|fare_id:2010698-2-23-24""]",data/transit/hongkong/PublicTransportGTFS/gtfs.zip,e5ad020b79d0020625a4e8eb5428c2253a07705b71bfb809d8a3fa178032ce06,2,2,ambiguous,"[{""fare_attribute_line"":849883,""fare_id"":""2010698-1-9-10"",""fare_rule_line"":865914,""price"":13.0},{""fare_attribute_line"":850868,""fare_id"":""2010698-2-23-24"",""fare_rule_line"":866404,""price"":6.0}]",ambiguous,A,U,unresolved,official_json_routeSeq_exact_full_stop_pattern_plus_ordered_gtfs_stop_od,conflicting_published_amounts
exact_route_sequence_ordered_stop_od,GMB,line_gmb_2010698,gmb_2010698_1,2010698,1,1,20017819,20021318,unspecified_in_source,unspecified_in_source,unspecified_in_source,unspecified_in_source,unspecified_in_source,,,,pt_fare,,,not_encoded_in_source_revision_cutoff_only,2026-07-14,2026-07-20,,"[""gtfs:fare_rules.txt:865915|fare_attributes.txt:849884|fare_id:2010698-1-9-11"",""gtfs:fare_rules.txt:866405|fare_attributes.txt:850869|fare_id:2010698-2-23-25""]",data/transit/hongkong/PublicTransportGTFS/gtfs.zip,e5ad020b79d0020625a4e8eb5428c2253a07705b71bfb809d8a3fa178032ce06,2,2,ambiguous,"[{""fare_attribute_line"":849884,""fare_id"":""2010698-1-9-11"",""fare_rule_line"":865915,""price"":13.0},{""fare_attribute_line"":850869,""fare_id"":""2010698-2-23-25"",""fare_rule_line"":866405,""price"":6.0}]",ambiguous,A,U,unresolved,official_json_routeSeq_exact_full_stop_pattern_plus_ordered_gtfs_stop_od,conflicting_published_amounts
exact_route_sequence_ordered_stop_od,GMB,line_gmb_2010698,gmb_2010698_1,2010698,1,1,20021316,20002551,unspecified_in_source,unspecified_in_source,unspecified_in_source,unspecified_in_source,unspecified_in_source,,,,pt_fare,,,not_encoded_in_source_revision_cutoff_only,2026-07-14,2026-07-20,,"[""gtfs:fare_rules.txt:865734|fare_attributes.txt:850495|fare_id:2010698-1-1-2"",""gtfs:fare_rules.txt:866344|fare_attributes.txt:850808|fare_id:2010698-2-15-16""]",data/transit/hongkong/PublicTransportGTFS/gtfs.zip,e5ad020b79d0020625a4e8eb5428c2253a07705b71bfb809d8a3fa178032ce06,2,2,ambiguous,"[{""fare_attribute_line"":850495,""fare_id"":""2010698-1-1-2"",""fare_rule_line"":865734,""price"":13.0},{""fare_attribute_line"":850808,""fare_id"":""2010698-2-15-16"",""fare_rule_line"":866344,""price"":6.0}]",ambiguous,A,U,unresolved,official_json_routeSeq_exact_full_stop_pattern_plus_ordered_gtfs_stop_od,conflicting_published_amounts
exact_route_sequence_ordered_stop_od,GMB,line_gmb_2010698,gmb_2010698_1,2010698,1,1,20021316,20007401,unspecified_in_source,unspecified_in_source,unspecified_in_source,unspecified_in_source,unspecified_in_source,,,,pt_fare,,,not_encoded_in_source_revision_cutoff_only,2026-07-14,2026-07-20,,"[""gtfs:fare_rules.txt:865740|fare_attributes.txt:850501|fare_id:2010698-1-1-8"",""gtfs:fare_rules.txt:866350|fare_attributes.txt:850814|fare_id:2010698-2-15-22""]",data/transit/hongkong/PublicTransportGTFS/gtfs.zip,e5ad020b79d0020625a4e8eb5428c2253a07705b71bfb809d8a3fa178032ce06,2,2,ambiguous,"[{""fare_attribute_line"":850501,""fare_id"":""2010698-1-1-8"",""fare_rule_line"":865740,""price"":13.0},{""fare_attribute_line"":850814,""fare_id"":""2010698-2-15-22"",""fare_rule_line"":866350,""price"":6.0}]",ambiguous,A,U,unresolved,official_json_routeSeq_exact_full_stop_pattern_plus_ordered_gtfs_stop_od,conflicting_published_amounts
exact_route_sequence_ordered_stop_od,GMB,line_gmb_2010698,gmb_2010698_1,2010698,1,1,20021316,20007435,unspecified_in_source,unspecified_in_source,unspecified_in_source,unspecified_in_source,unspecified_in_source,,,,pt_fare,,,not_encoded_in_source_revision_cutoff_only,2026-07-14,2026-07-20,,"[""gtfs:fare_rules.txt:865738|fare_attributes.txt:850499|fare_id:2010698-1-1-6"",""gtfs:fare_rules.txt:866348|fare_attributes.txt:850812|fare_id:2010698-2-15-20""]",data/transit/hongkong/PublicTransportGTFS/gtfs.zip,e5ad020b79d0020625a4e8eb5428c2253a07705b71bfb809d8a3fa178032ce06,2,2,ambiguous,"[{""fare_attribute_line"":850499,""fare_id"":""2010698-1-1-6"",""fare_rule_line"":865738,""price"":13.0},{""fare_attribute_line"":850812,""fare_id"":""2010698-2-15-20"",""fare_rule_line"":866348,""price"":6.0}]",ambiguous,A,U,unresolved,official_json_routeSeq_exact_full_stop_pattern_plus_ordered_gtfs_stop_od,conflicting_published_amounts
exact_route_sequence_ordered_stop_od,GMB,line_gmb_2010698,gmb_2010698_1,2010698,1,1,20021316,20014147,unspecified_in_source,unspecified_in_source,unspecified_in_source,unspecified_in_source,unspecified_in_source,,,,pt_fare,,,not_encoded_in_source_revision_cutoff_only,2026-07-14,2026-07-20,,"[""gtfs:fare_rules.txt:865739|fare_attributes.txt:850500|fare_id:2010698-1-1-7"",""gtfs:fare_rules.txt:866349|fare_attributes.txt:850813|fare_id:2010698-2-15-21""]",data/transit/hongkong/PublicTransportGTFS/gtfs.zip,e5ad020b79d0020625a4e8eb5428c2253a07705b71bfb809d8a3fa178032ce06,2,2,ambiguous,"[{""fare_attribute_line"":850500,""fare_id"":""2010698-1-1-7"",""fare_rule_line"":865739,""price"":13.0},{""fare_attribute_line"":850813,""fare_id"":""2010698-2-15-21"",""fare_rule_line"":866349,""price"":6.0}]",ambiguous,A,U,unresolved,official_json_routeSeq_exact_full_stop_pattern_plus_ordered_gtfs_stop_od,conflicting_published_amounts
exact_route_sequence_ordered_stop_od,GMB,line_gmb_2010698,gmb_2010698_1,2010698,1,1,20021316,20015055,unspecified_in_source,unspecified_in_source,unspecified_in_source,unspecified_in_source,unspecified_in_source,,,,pt_fare,,,not_encoded_in_source_revision_cutoff_only,2026-07-14,2026-07-20,,"[""gtfs:fare_rules.txt:865735|fare_attributes.txt:850496|fare_id:2010698-1-1-3"",""gtfs:fare_rules.txt:866345|fare_attributes.txt:850809|fare_id:2010698-2-15-17""]",data/transit/hongkong/PublicTransportGTFS/gtfs.zip,e5ad020b79d0020625a4e8eb5428c2253a07705b71bfb809d8a3fa178032ce06,2,2,ambiguous,"[{""fare_attribute_line"":850496,""fare_id"":""2010698-1-1-3"",""fare_rule_line"":865735,""price"":13.0},{""fare_attribute_line"":850809,""fare_id"":""2010698-2-15-17"",""fare_rule_line"":866345,""price"":6.0}]",ambiguous,A,U,unresolved,official_json_routeSeq_exact_full_stop_pattern_plus_ordered_gtfs_stop_od,conflicting_published_amounts
exact_route_sequence_ordered_stop_od,GMB,line_gmb_2010698,gmb_2010698_1,2010698,1,1,20021316,20017257,unspecified_in_source,unspecified_in_source,unspecified_in_source,unspecified_in_source,unspecified_in_source,,,,pt_fare,,,not_encoded_in_source_revision_cutoff_only,2026-07-14,2026-07-20,,"[""gtfs:fare_rules.txt:865736|fare_attributes.txt:850497|fare_id:2010698-1-1-4"",""gtfs:fare_rules.txt:866346|fare_attributes.txt:850810|fare_id:2010698-2-15-18""]",data/transit/hongkong/PublicTransportGTFS/gtfs.zip,e5ad020b79d0020625a4e8eb5428c2253a07705b71bfb809d8a3fa178032ce06,2,2,ambiguous,"[{""fare_attribute_line"":850497,""fare_id"":""2010698-1-1-4"",""fare_rule_line"":865736,""price"":13.0},{""fare_attribute_line"":850810,""fare_id"":""2010698-2-15-18"",""fare_rule_line"":866346,""price"":6.0}]",ambiguous,A,U,unresolved,official_json_routeSeq_exact_full_stop_pattern_plus_ordered_gtfs_stop_od,conflicting_published_amounts
exact_route_sequence_ordered_stop_od,GMB,line_gmb_2010698,gmb_2010698_1,2010698,1,1,20021316,20017818,unspecified_in_source,unspecified_in_source,unspecified_in_source,unspecified_in_source,unspecified_in_source,,,,pt_fare,,,not_encoded_in_source_revision_cutoff_only,2026-07-14,2026-07-20,,"[""gtfs:fare_rules.txt:865737|fare_attributes.txt:850498|fare_id:2010698-1-1-5"",""gtfs:fare_rules.txt:866347|fare_attributes.txt:850811|fare_id:2010698-2-15-19""]",data/transit/hongkong/PublicTransportGTFS/gtfs.zip,e5ad020b79d0020625a4e8eb5428c2253a07705b71bfb809d8a3fa178032ce06,2,2,ambiguous,"[{""fare_attribute_line"":850498,""fare_id"":""2010698-1-1-5"",""fare_rule_line"":865737,""price"":13.0},{""fare_attribute_line"":850811,""fare_id"":""2010698-2-15-19"",""fare_rule_line"":866347,""price"":6.0}]",ambiguous,A,U,unresolved,official_json_routeSeq_exact_full_stop_pattern_plus_ordered_gtfs_stop_od,conflicting_published_amounts
exact_route_sequence_ordered_stop_od,GMB,line_gmb_2010698,gmb_2010698_1,2010698,1,1,20021316,20017819,unspecified_in_source,unspecified_in_source,unspecified_in_source,unspecified_in_source,unspecified_in_source,,,,pt_fare,,,not_encoded_in_source_revision_cutoff_only,2026-07-14,2026-07-20,,"[""gtfs:fare_rules.txt:865741|fare_attributes.txt:850502|fare_id:2010698-1-1-9"",""gtfs:fare_rules.txt:866351|fare_attributes.txt:850815|fare_id:2010698-2-15-23""]",data/transit/hongkong/PublicTransportGTFS/gtfs.zip,e5ad020b79d0020625a4e8eb5428c2253a07705b71bfb809d8a3fa178032ce06,2,2,ambiguous,"[{""fare_attribute_line"":850502,""fare_id"":""2010698-1-1-9"",""fare_rule_line"":865741,""price"":13.0},{""fare_attribute_line"":850815,""fare_id"":""2010698-2-15-23"",""fare_rule_line"":866351,""price"":6.0}]",ambiguous,A,U,unresolved,official_json_routeSeq_exact_full_stop_pattern_plus_ordered_gtfs_stop_od,conflicting_published_amounts
exact_route_sequence_ordered_stop_od,GMB,line_gmb_2010698,gmb_2010698_1,2010698,1,1,20021316,20021317,unspecified_in_source,unspecified_in_source,unspecified_in_source,unspecified_in_source,unspecified_in_source,,,,pt_fare,,,not_encoded_in_source_revision_cutoff_only,2026-07-14,2026-07-20,,"[""gtfs:fare_rules.txt:865742|fare_attributes.txt:850503|fare_id:2010698-1-1-10"",""gtfs:fare_rules.txt:866352|fare_attributes.txt:850816|fare_id:2010698-2-15-24""]",data/transit/hongkong/PublicTransportGTFS/gtfs.zip,e5ad020b79d0020625a4e8eb5428c2253a07705b71bfb809d8a3fa178032ce06,2,2,ambiguous,"[{""fare_attribute_line"":850503,""fare_id"":""2010698-1-1-10"",""fare_rule_line"":865742,""price"":13.0},{""fare_attribute_line"":850816,""fare_id"":""2010698-2-15-24"",""fare_rule_line"":866352,""price"":6.0}]",ambiguous,A,U,unresolved,official_json_routeSeq_exact_full_stop_pattern_plus_ordered_gtfs_stop_od,conflicting_published_amounts
exact_route_sequence_ordered_stop_od,GMB,line_gmb_2010698,gmb_2010698_1,2010698,1,1,20021316,20021318,unspecified_in_source,unspecified_in_source,unspecified_in_source,unspecified_in_source,unspecified_in_source,,,,pt_fare,,,not_encoded_in_source_revision_cutoff_only,2026-07-14,2026-07-20,,"[""gtfs:fare_rules.txt:865743|fare_attributes.txt:850504|fare_id:2010698-1-1-11"",""gtfs:fare_rules.txt:866353|fare_attributes.txt:850817|fare_id:2010698-2-15-25""]",data/transit/hongkong/PublicTransportGTFS/gtfs.zip,e5ad020b79d0020625a4e8eb5428c2253a07705b71bfb809d8a3fa178032ce06,2,2,ambiguous,"[{""fare_attribute_line"":850504,""fare_id"":""2010698-1-1-11"",""fare_rule_line"":865743,""price"":13.0},{""fare_attribute_line"":850817,""fare_id"":""2010698-2-15-25"",""fare_rule_line"":866353,""price"":6.0}]",ambiguous,A,U,unresolved,official_json_routeSeq_exact_full_stop_pattern_plus_ordered_gtfs_stop_od,conflicting_published_amounts
exact_route_sequence_ordered_stop_od,GMB,line_gmb_2010698,gmb_2010698_1,2010698,1,1,20021317,20021318,unspecified_in_source,unspecified_in_source,unspecified_in_source,unspecified_in_source,unspecified_in_source,,,,pt_fare,,,not_encoded_in_source_revision_cutoff_only,2026-07-14,2026-07-20,,"[""gtfs:fare_rules.txt:865932|fare_attributes.txt:850594|fare_id:2010698-1-10-11"",""gtfs:fare_rules.txt:866407|fare_attributes.txt:850871|fare_id:2010698-2-24-25""]",data/transit/hongkong/PublicTransportGTFS/gtfs.zip,e5ad020b79d0020625a4e8eb5428c2253a07705b71bfb809d8a3fa178032ce06,2,2,ambiguous,"[{""fare_attribute_line"":850594,""fare_id"":""2010698-1-10-11"",""fare_rule_line"":865932,""price"":13.0},{""fare_attribute_line"":850871,""fare_id"":""2010698-2-24-25"",""fare_rule_line"":866407,""price"":6.0}]",ambiguous,A,U,unresolved,official_json_routeSeq_exact_full_stop_pattern_plus_ordered_gtfs_stop_od,conflicting_published_amounts
exact_route_sequence_ordered_stop_od,GMB,line_gmb_2010698,gmb_2010698_2,2010698,2,2,20002551,20007401,unspecified_in_source,unspecified_in_source,unspecified_in_source,unspecified_in_source,unspecified_in_source,,,,pt_fare,,,not_encoded_in_source_revision_cutoff_only,2026-07-14,2026-07-20,,"[""gtfs:fare_rules.txt:865765|fare_attributes.txt:850526|fare_id:2010698-1-2-8"",""gtfs:fare_rules.txt:866360|fare_attributes.txt:850824|fare_id:2010698-2-16-22""]",data/transit/hongkong/PublicTransportGTFS/gtfs.zip,e5ad020b79d0020625a4e8eb5428c2253a07705b71bfb809d8a3fa178032ce06,2,2,ambiguous,"[{""fare_attribute_line"":850526,""fare_id"":""2010698-1-2-8"",""fare_rule_line"":865765,""price"":13.0},{""fare_attribute_line"":850824,""fare_id"":""2010698-2-16-22"",""fare_rule_line"":866360,""price"":6.0}]",ambiguous,A,U,unresolved,official_json_routeSeq_exact_full_stop_pattern_plus_ordered_gtfs_stop_od,conflicting_published_amounts
exact_route_sequence_ordered_stop_od,GMB,line_gmb_2010698,gmb_2010698_2,2010698,2,2,20002551,20007435,unspecified_in_source,unspecified_in_source,unspecified_in_source,unspecified_in_source,unspecified_in_source,,,,pt_fare,,,not_encoded_in_source_revision_cutoff_only,2026-07-14,2026-07-20,,"[""gtfs:fare_rules.txt:865763|fare_attributes.txt:850524|fare_id:2010698-1-2-6"",""gtfs:fare_rules.txt:866358|fare_attributes.txt:850822|fare_id:2010698-2-16-20""]",data/transit/hongkong/PublicTransportGTFS/gtfs.zip,e5ad020b79d0020625a4e8eb5428c2253a07705b71bfb809d8a3fa178032ce06,2,2,ambiguous,"[{""fare_attribute_line"":850524,""fare_id"":""2010698-1-2-6"",""fare_rule_line"":865763,""price"":13.0},{""fare_attribute_line"":850822,""fare_id"":""2010698-2-16-20"",""fare_rule_line"":866358,""price"":6.0}]",ambiguous,A,U,unresolved,official_json_routeSeq_exact_full_stop_pattern_plus_ordered_gtfs_stop_od,conflicting_published_amounts
exact_route_sequence_ordered_stop_od,GMB,line_gmb_2010698,gmb_2010698_2,2010698,2,2,20002551,20014147,unspecified_in_source,unspecified_in_source,unspecified_in_source,unspecified_in_source,unspecified_in_source,,,,pt_fare,,,not_encoded_in_source_revision_cutoff_only,2026-07-14,2026-07-20,,"[""gtfs:fare_rules.txt:865764|fare_attributes.txt:850525|fare_id:2010698-1-2-7"",""gtfs:fare_rules.txt:866359|fare_attributes.txt:850823|fare_id:2010698-2-16-21""]",data/transit/hongkong/PublicTransportGTFS/gtfs.zip,e5ad020b79d0020625a4e8eb5428c2253a07705b71bfb809d8a3fa178032ce06,2,2,ambiguous,"[{""fare_attribute_line"":850525,""fare_id"":""2010698-1-2-7"",""fare_rule_line"":865764,""price"":13.0},{""fare_attribute_line"":850823,""fare_id"":""2010698-2-16-21"",""fare_rule_line"":866359,""price"":6.0}]",ambiguous,A,U,unresolved,official_json_routeSeq_exact_full_stop_pattern_plus_ordered_gtfs_stop_od,conflicting_published_amounts
exact_route_sequence_ordered_stop_od,GMB,line_gmb_2010698,gmb_2010698_2,2010698,2,2,20002551,20015055,unspecified_in_source,unspecified_in_source,unspecified_in_source,unspecified_in_source,unspecified_in_source,,,,pt_fare,,,not_encoded_in_source_revision_cutoff_only,2026-07-14,2026-07-20,,"[""gtfs:fare_rules.txt:865760|fare_attributes.txt:850521|fare_id:2010698-1-2-3"",""gtfs:fare_rules.txt:866355|fare_attributes.txt:850819|fare_id:2010698-2-16-17""]",data/transit/hongkong/PublicTransportGTFS/gtfs.zip,e5ad020b79d0020625a4e8eb5428c2253a07705b71bfb809d8a3fa178032ce06,2,2,ambiguous,"[{""fare_attribute_line"":850521,""fare_id"":""2010698-1-2-3"",""fare_rule_line"":865760,""price"":13.0},{""fare_attribute_line"":850819,""fare_id"":""2010698-2-16-17"",""fare_rule_line"":866355,""price"":6.0}]",ambiguous,A,U,unresolved,official_json_routeSeq_exact_full_stop_pattern_plus_ordered_gtfs_stop_od,conflicting_published_amounts
exact_route_sequence_ordered_stop_od,GMB,line_gmb_2010698,gmb_2010698_2,2010698,2,2,20002551,20017257,unspecified_in_source,unspecified_in_source,unspecified_in_source,unspecified_in_source,unspecified_in_source,,,,pt_fare,,,not_encoded_in_source_revision_cutoff_only,2026-07-14,2026-07-20,,"[""gtfs:fare_rules.txt:865761|fare_attributes.txt:850522|fare_id:2010698-1-2-4"",""gtfs:fare_rules.txt:866356|fare_attributes.txt:850820|fare_id:2010698-2-16-18""]",data/transit/hongkong/PublicTransportGTFS/gtfs.zip,e5ad020b79d0020625a4e8eb5428c2253a07705b71bfb809d8a3fa178032ce06,2,2,ambiguous,"[{""fare_attribute_line"":850522,""fare_id"":""2010698-1-2-4"",""fare_rule_line"":865761,""price"":13.0},{""fare_attribute_line"":850820,""fare_id"":""2010698-2-16-18"",""fare_rule_line"":866356,""price"":6.0}]",ambiguous,A,U,unresolved,official_json_routeSeq_exact_full_stop_pattern_plus_ordered_gtfs_stop_od,conflicting_published_amounts
exact_route_sequence_ordered_stop_od,GMB,line_gmb_2010698,gmb_2010698_2,2010698,2,2,20002551,20017818,unspecified_in_source,unspecified_in_source,unspecified_in_source,unspecified_in_source,unspecified_in_source,,,,pt_fare,,,not_encoded_in_source_revision_cutoff_only,2026-07-14,2026-07-20,,"[""gtfs:fare_rules.txt:865762|fare_attributes.txt:850523|fare_id:2010698-1-2-5"",""gtfs:fare_rules.txt:866357|fare_attributes.txt:850821|fare_id:2010698-2-16-19""]",data/transit/hongkong/PublicTransportGTFS/gtfs.zip,e5ad020b79d0020625a4e8eb5428c2253a07705b71bfb809d8a3fa178032ce06,2,2,ambiguous,"[{""fare_attribute_line"":850523,""fare_id"":""2010698-1-2-5"",""fare_rule_line"":865762,""price"":13.0},{""fare_attribute_line"":850821,""fare_id"":""2010698-2-16-19"",""fare_rule_line"":866357,""price"":6.0}]",ambiguous,A,U,unresolved,official_json_routeSeq_exact_full_stop_pattern_plus_ordered_gtfs_stop_od,conflicting_published_amounts
exact_route_sequence_ordered_stop_od,GMB,line_gmb_2010698,gmb_2010698_2,2010698,2,2,20002551,20017819,unspecified_in_source,unspecified_in_source,unspecified_in_source,unspecified_in_source,unspecified_in_source,,,,pt_fare,,,not_encoded_in_source_revision_cutoff_only,2026-07-14,2026-07-20,,"[""gtfs:fare_rules.txt:865766|fare_attributes.txt:850527|fare_id:2010698-1-2-9"",""gtfs:fare_rules.txt:866361|fare_attributes.txt:850825|fare_id:2010698-2-16-23""]",data/transit/hongkong/PublicTransportGTFS/gtfs.zip,e5ad020b79d0020625a4e8eb5428c2253a07705b71bfb809d8a3fa178032ce06,2,2,ambiguous,"[{""fare_attribute_line"":850527,""fare_id"":""2010698-1-2-9"",""fare_rule_line"":865766,""price"":13.0},{""fare_attribute_line"":850825,""fare_id"":""2010698-2-16-23"",""fare_rule_line"":866361,""price"":6.0}]",ambiguous,A,U,unresolved,official_json_routeSeq_exact_full_stop_pattern_plus_ordered_gtfs_stop_od,conflicting_published_amounts
exact_route_sequence_ordered_stop_od,GMB,line_gmb_2010698,gmb_2010698_2,2010698,2,2,20002551,20021317,unspecified_in_source,unspecified_in_source,unspecified_in_source,unspecified_in_source,unspecified_in_source,,,,pt_fare,,,not_encoded_in_source_revision_cutoff_only,2026-07-14,2026-07-20,,"[""gtfs:fare_rules.txt:865767|fare_attributes.txt:850528|fare_id:2010698-1-2-10"",""gtfs:fare_rules.txt:866362|fare_attributes.txt:850826|fare_id:2010698-2-16-24""]",data/transit/hongkong/PublicTransportGTFS/gtfs.zip,e5ad020b79d0020625a4e8eb5428c2253a07705b71bfb809d8a3fa178032ce06,2,2,ambiguous,"[{""fare_attribute_line"":850528,""fare_id"":""2010698-1-2-10"",""fare_rule_line"":865767,""price"":13.0},{""fare_attribute_line"":850826,""fare_id"":""2010698-2-16-24"",""fare_rule_line"":866362,""price"":6.0}]",ambiguous,A,U,unresolved,official_json_routeSeq_exact_full_stop_pattern_plus_ordered_gtfs_stop_od,conflicting_published_amounts
exact_route_sequence_ordered_stop_od,GMB,line_gmb_2010698,gmb_2010698_2,2010698,2,2,20002551,20021318,unspecified_in_source,unspecified_in_source,unspecified_in_source,unspecified_in_source,unspecified_in_source,,,,pt_fare,,,not_encoded_in_source_revision_cutoff_only,2026-07-14,2026-07-20,,"[""gtfs:fare_rules.txt:865768|fare_attributes.txt:850529|fare_id:2010698-1-2-11"",""gtfs:fare_rules.txt:866363|fare_attributes.txt:850827|fare_id:2010698-2-16-25""]",data/transit/hongkong/PublicTransportGTFS/gtfs.zip,e5ad020b79d0020625a4e8eb5428c2253a07705b71bfb809d8a3fa178032ce06,2,2,ambiguous,"[{""fare_attribute_line"":850529,""fare_id"":""2010698-1-2-11"",""fare_rule_line"":865768,""price"":13.0},{""fare_attribute_line"":850827,""fare_id"":""2010698-2-16-25"",""fare_rule_line"":866363,""price"":6.0}]",ambiguous,A,U,unresolved,official_json_routeSeq_exact_full_stop_pattern_plus_ordered_gtfs_stop_od,conflicting_published_amounts
exact_route_sequence_ordered_stop_od,GMB,line_gmb_2010698,gmb_2010698_2,2010698,2,2,20007401,20017819,unspecified_in_source,unspecified_in_source,unspecified_in_source,unspecified_in_source,unspecified_in_source,,,,pt_fare,,,not_encoded_in_source_revision_cutoff_only,2026-07-14,2026-07-20,,"[""gtfs:fare_rules.txt:865895|fare_attributes.txt:849864|fare_id:2010698-1-8-9"",""gtfs:fare_rules.txt:866400|fare_attributes.txt:850864|fare_id:2010698-2-22-23""]",data/transit/hongkong/PublicTransportGTFS/gtfs.zip,e5ad020b79d0020625a4e8eb5428c2253a07705b71bfb809d8a3fa178032ce06,2,2,ambiguous,"[{""fare_attribute_line"":849864,""fare_id"":""2010698-1-8-9"",""fare_rule_line"":865895,""price"":13.0},{""fare_attribute_line"":850864,""fare_id"":""2010698-2-22-23"",""fare_rule_line"":866400,""price"":6.0}]",ambiguous,A,U,unresolved,official_json_routeSeq_exact_full_stop_pattern_plus_ordered_gtfs_stop_od,conflicting_published_amounts
exact_route_sequence_ordered_stop_od,GMB,line_gmb_2010698,gmb_2010698_2,2010698,2,2,20007401,20021317,unspecified_in_source,unspecified_in_source,unspecified_in_source,unspecified_in_source,unspecified_in_source,,,,pt_fare,,,not_encoded_in_source_revision_cutoff_only,2026-07-14,2026-07-20,,"[""gtfs:fare_rules.txt:865896|fare_attributes.txt:849865|fare_id:2010698-1-8-10"",""gtfs:fare_rules.txt:866401|fare_attributes.txt:850865|fare_id:2010698-2-22-24""]",data/transit/hongkong/PublicTransportGTFS/gtfs.zip,e5ad020b79d0020625a4e8eb5428c2253a07705b71bfb809d8a3fa178032ce06,2,2,ambiguous,"[{""fare_attribute_line"":849865,""fare_id"":""2010698-1-8-10"",""fare_rule_line"":865896,""price"":13.0},{""fare_attribute_line"":850865,""fare_id"":""2010698-2-22-24"",""fare_rule_line"":866401,""price"":6.0}]",ambiguous,A,U,unresolved,official_json_routeSeq_exact_full_stop_pattern_plus_ordered_gtfs_stop_od,conflicting_published_amounts
exact_route_sequence_ordered_stop_od,GMB,line_gmb_2010698,gmb_2010698_2,2010698,2,2,20007401,20021318,unspecified_in_source,unspecified_in_source,unspecified_in_source,unspecified_in_source,unspecified_in_source,,,,pt_fare,,,not_encoded_in_source_revision_cutoff_only,2026-07-14,2026-07-20,,"[""gtfs:fare_rules.txt:865897|fare_attributes.txt:849866|fare_id:2010698-1-8-11"",""gtfs:fare_rules.txt:866402|fare_attributes.txt:850866|fare_id:2010698-2-22-25""]",data/transit/hongkong/PublicTransportGTFS/gtfs.zip,e5ad020b79d0020625a4e8eb5428c2253a07705b71bfb809d8a3fa178032ce06,2,2,ambiguous,"[{""fare_attribute_line"":849866,""fare_id"":""2010698-1-8-11"",""fare_rule_line"":865897,""price"":13.0},{""fare_attribute_line"":850866,""fare_id"":""2010698-2-22-25"",""fare_rule_line"":866402,""price"":6.0}]",ambiguous,A,U,unresolved,official_json_routeSeq_exact_full_stop_pattern_plus_ordered_gtfs_stop_od,conflicting_published_amounts
exact_route_sequence_ordered_stop_od,GMB,line_gmb_2010698,gmb_2010698_2,2010698,2,2,20007435,20007401,unspecified_in_source,unspecified_in_source,unspecified_in_source,unspecified_in_source,unspecified_in_source,,,,pt_fare,,,not_encoded_in_source_revision_cutoff_only,2026-07-14,2026-07-20,,"[""gtfs:fare_rules.txt:865855|fare_attributes.txt:849824|fare_id:2010698-1-6-8"",""gtfs:fare_rules.txt:866390|fare_attributes.txt:850854|fare_id:2010698-2-20-22""]",data/transit/hongkong/PublicTransportGTFS/gtfs.zip,e5ad020b79d0020625a4e8eb5428c2253a07705b71bfb809d8a3fa178032ce06,2,2,ambiguous,"[{""fare_attribute_line"":849824,""fare_id"":""2010698-1-6-8"",""fare_rule_line"":865855,""price"":13.0},{""fare_attribute_line"":850854,""fare_id"":""2010698-2-20-22"",""fare_rule_line"":866390,""price"":6.0}]",ambiguous,A,U,unresolved,official_json_routeSeq_exact_full_stop_pattern_plus_ordered_gtfs_stop_od,conflicting_published_amounts
exact_route_sequence_ordered_stop_od,GMB,line_gmb_2010698,gmb_2010698_2,2010698,2,2,20007435,20014147,unspecified_in_source,unspecified_in_source,unspecified_in_source,unspecified_in_source,unspecified_in_source,,,,pt_fare,,,not_encoded_in_source_revision_cutoff_only,2026-07-14,2026-07-20,,"[""gtfs:fare_rules.txt:865854|fare_attributes.txt:849823|fare_id:2010698-1-6-7"",""gtfs:fare_rules.txt:866389|fare_attributes.txt:850853|fare_id:2010698-2-20-21""]",data/transit/hongkong/PublicTransportGTFS/gtfs.zip,e5ad020b79d0020625a4e8eb5428c2253a07705b71bfb809d8a3fa178032ce06,2,2,ambiguous,"[{""fare_attribute_line"":849823,""fare_id"":""2010698-1-6-7"",""fare_rule_line"":865854,""price"":13.0},{""fare_attribute_line"":850853,""fare_id"":""2010698-2-20-21"",""fare_rule_line"":866389,""price"":6.0}]",ambiguous,A,U,unresolved,official_json_routeSeq_exact_full_stop_pattern_plus_ordered_gtfs_stop_od,conflicting_published_amounts
exact_route_sequence_ordered_stop_od,GMB,line_gmb_2010698,gmb_2010698_2,2010698,2,2,20007435,20017819,unspecified_in_source,unspecified_in_source,unspecified_in_source,unspecified_in_source,unspecified_in_source,,,,pt_fare,,,not_encoded_in_source_revision_cutoff_only,2026-07-14,2026-07-20,,"[""gtfs:fare_rules.txt:865856|fare_attributes.txt:849825|fare_id:2010698-1-6-9"",""gtfs:fare_rules.txt:866391|fare_attributes.txt:850855|fare_id:2010698-2-20-23""]",data/transit/hongkong/PublicTransportGTFS/gtfs.zip,e5ad020b79d0020625a4e8eb5428c2253a07705b71bfb809d8a3fa178032ce06,2,2,ambiguous,"[{""fare_attribute_line"":849825,""fare_id"":""2010698-1-6-9"",""fare_rule_line"":865856,""price"":13.0},{""fare_attribute_line"":850855,""fare_id"":""2010698-2-20-23"",""fare_rule_line"":866391,""price"":6.0}]",ambiguous,A,U,unresolved,official_json_routeSeq_exact_full_stop_pattern_plus_ordered_gtfs_stop_od,conflicting_published_amounts
exact_route_sequence_ordered_stop_od,GMB,line_gmb_2010698,gmb_2010698_2,2010698,2,2,20007435,20021317,unspecified_in_source,unspecified_in_source,unspecified_in_source,unspecified_in_source,unspecified_in_source,,,,pt_fare,,,not_encoded_in_source_revision_cutoff_only,2026-07-14,2026-07-20,,"[""gtfs:fare_rules.txt:865857|fare_attributes.txt:849826|fare_id:2010698-1-6-10"",""gtfs:fare_rules.txt:866392|fare_attributes.txt:850856|fare_id:2010698-2-20-24""]",data/transit/hongkong/PublicTransportGTFS/gtfs.zip,e5ad020b79d0020625a4e8eb5428c2253a07705b71bfb809d8a3fa178032ce06,2,2,ambiguous,"[{""fare_attribute_line"":849826,""fare_id"":""2010698-1-6-10"",""fare_rule_line"":865857,""price"":13.0},{""fare_attribute_line"":850856,""fare_id"":""2010698-2-20-24"",""fare_rule_line"":866392,""price"":6.0}]",ambiguous,A,U,unresolved,official_json_routeSeq_exact_full_stop_pattern_plus_ordered_gtfs_stop_od,conflicting_published_amounts
exact_route_sequence_ordered_stop_od,GMB,line_gmb_2010698,gmb_2010698_2,2010698,2,2,20007435,20021318,unspecified_in_source,unspecified_in_source,unspecified_in_source,unspecified_in_source,unspecified_in_source,,,,pt_fare,,,not_encoded_in_source_revision_cutoff_only,2026-07-14,2026-07-20,,"[""gtfs:fare_rules.txt:865858|fare_attributes.txt:849827|fare_id:2010698-1-6-11"",""gtfs:fare_rules.txt:866393|fare_attributes.txt:850857|fare_id:2010698-2-20-25""]",data/transit/hongkong/PublicTransportGTFS/gtfs.zip,e5ad020b79d0020625a4e8eb5428c2253a07705b71bfb809d8a3fa178032ce06,2,2,ambiguous,"[{""fare_attribute_line"":849827,""fare_id"":""2010698-1-6-11"",""fare_rule_line"":865858,""price"":13.0},{""fare_attribute_line"":850857,""fare_id"":""2010698-2-20-25"",""fare_rule_line"":866393,""price"":6.0}]",ambiguous,A,U,unresolved,official_json_routeSeq_exact_full_stop_pattern_plus_ordered_gtfs_stop_od,conflicting_published_amounts
exact_route_sequence_ordered_stop_od,GMB,line_gmb_2010698,gmb_2010698_2,2010698,2,2,20014147,20007401,unspecified_in_source,unspecified_in_source,unspecified_in_source,unspecified_in_source,unspecified_in_source,,,,pt_fare,,,not_encoded_in_source_revision_cutoff_only,2026-07-14,2026-07-20,,"[""gtfs:fare_rules.txt:865875|fare_attributes.txt:849844|fare_id:2010698-1-7-8"",""gtfs:fare_rules.txt:866395|fare_attributes.txt:850859|fare_id:2010698-2-21-22""]",data/transit/hongkong/PublicTransportGTFS/gtfs.zip,e5ad020b79d0020625a4e8eb5428c2253a07705b71bfb809d8a3fa178032ce06,2,2,ambiguous,"[{""fare_attribute_line"":849844,""fare_id"":""2010698-1-7-8"",""fare_rule_line"":865875,""price"":13.0},{""fare_attribute_line"":850859,""fare_id"":""2010698-2-21-22"",""fare_rule_line"":866395,""price"":6.0}]",ambiguous,A,U,unresolved,official_json_routeSeq_exact_full_stop_pattern_plus_ordered_gtfs_stop_od,conflicting_published_amounts
exact_route_sequence_ordered_stop_od,GMB,line_gmb_2010698,gmb_2010698_2,2010698,2,2,20014147,20017819,unspecified_in_source,unspecified_in_source,unspecified_in_source,unspecified_in_source,unspecified_in_source,,,,pt_fare,,,not_encoded_in_source_revision_cutoff_only,2026-07-14,2026-07-20,,"[""gtfs:fare_rules.txt:865876|fare_attributes.txt:849845|fare_id:2010698-1-7-9"",""gtfs:fare_rules.txt:866396|fare_attributes.txt:850860|fare_id:2010698-2-21-23""]",data/transit/hongkong/PublicTransportGTFS/gtfs.zip,e5ad020b79d0020625a4e8eb5428c2253a07705b71bfb809d8a3fa178032ce06,2,2,ambiguous,"[{""fare_attribute_line"":849845,""fare_id"":""2010698-1-7-9"",""fare_rule_line"":865876,""price"":13.0},{""fare_attribute_line"":850860,""fare_id"":""2010698-2-21-23"",""fare_rule_line"":866396,""price"":6.0}]",ambiguous,A,U,unresolved,official_json_routeSeq_exact_full_stop_pattern_plus_ordered_gtfs_stop_od,conflicting_published_amounts
exact_route_sequence_ordered_stop_od,GMB,line_gmb_2010698,gmb_2010698_2,2010698,2,2,20014147,20021317,unspecified_in_source,unspecified_in_source,unspecified_in_source,unspecified_in_source,unspecified_in_source,,,,pt_fare,,,not_encoded_in_source_revision_cutoff_only,2026-07-14,2026-07-20,,"[""gtfs:fare_rules.txt:865877|fare_attributes.txt:849846|fare_id:2010698-1-7-10"",""gtfs:fare_rules.txt:866397|fare_attributes.txt:850861|fare_id:2010698-2-21-24""]",data/transit/hongkong/PublicTransportGTFS/gtfs.zip,e5ad020b79d0020625a4e8eb5428c2253a07705b71bfb809d8a3fa178032ce06,2,2,ambiguous,"[{""fare_attribute_line"":849846,""fare_id"":""2010698-1-7-10"",""fare_rule_line"":865877,""price"":13.0},{""fare_attribute_line"":850861,""fare_id"":""2010698-2-21-24"",""fare_rule_line"":866397,""price"":6.0}]",ambiguous,A,U,unresolved,official_json_routeSeq_exact_full_stop_pattern_plus_ordered_gtfs_stop_od,conflicting_published_amounts
exact_route_sequence_ordered_stop_od,GMB,line_gmb_2010698,gmb_2010698_2,2010698,2,2,20014147,20021318,unspecified_in_source,unspecified_in_source,unspecified_in_source,unspecified_in_source,unspecified_in_source,,,,pt_fare,,,not_encoded_in_source_revision_cutoff_only,2026-07-14,2026-07-20,,"[""gtfs:fare_rules.txt:865878|fare_attributes.txt:849847|fare_id:2010698-1-7-11"",""gtfs:fare_rules.txt:866398|fare_attributes.txt:850862|fare_id:2010698-2-21-25""]",data/transit/hongkong/PublicTransportGTFS/gtfs.zip,e5ad020b79d0020625a4e8eb5428c2253a07705b71bfb809d8a3fa178032ce06,2,2,ambiguous,"[{""fare_attribute_line"":849847,""fare_id"":""2010698-1-7-11"",""fare_rule_line"":865878,""price"":13.0},{""fare_attribute_line"":850862,""fare_id"":""2010698-2-21-25"",""fare_rule_line"":866398,""price"":6.0}]",ambiguous,A,U,unresolved,official_json_routeSeq_exact_full_stop_pattern_plus_ordered_gtfs_stop_od,conflicting_published_amounts
exact_route_sequence_ordered_stop_od,GMB,line_gmb_2010698,gmb_2010698_2,2010698,2,2,20015055,20007401,unspecified_in_source,unspecified_in_source,unspecified_in_source,unspecified_in_source,unspecified_in_source,,,,pt_fare,,,not_encoded_in_source_revision_cutoff_only,2026-07-14,2026-07-20,,"[""gtfs:fare_rules.txt:865789|fare_attributes.txt:850550|fare_id:2010698-1-3-8"",""gtfs:fare_rules.txt:866369|fare_attributes.txt:850833|fare_id:2010698-2-17-22""]",data/transit/hongkong/PublicTransportGTFS/gtfs.zip,e5ad020b79d0020625a4e8eb5428c2253a07705b71bfb809d8a3fa178032ce06,2,2,ambiguous,"[{""fare_attribute_line"":850550,""fare_id"":""2010698-1-3-8"",""fare_rule_line"":865789,""price"":13.0},{""fare_attribute_line"":850833,""fare_id"":""2010698-2-17-22"",""fare_rule_line"":866369,""price"":6.0}]",ambiguous,A,U,unresolved,official_json_routeSeq_exact_full_stop_pattern_plus_ordered_gtfs_stop_od,conflicting_published_amounts
exact_route_sequence_ordered_stop_od,GMB,line_gmb_2010698,gmb_2010698_2,2010698,2,2,20015055,20007435,unspecified_in_source,unspecified_in_source,unspecified_in_source,unspecified_in_source,unspecified_in_source,,,,pt_fare,,,not_encoded_in_source_revision_cutoff_only,2026-07-14,2026-07-20,,"[""gtfs:fare_rules.txt:865787|fare_attributes.txt:850548|fare_id:2010698-1-3-6"",""gtfs:fare_rules.txt:866367|fare_attributes.txt:850831|fare_id:2010698-2-17-20""]",data/transit/hongkong/PublicTransportGTFS/gtfs.zip,e5ad020b79d0020625a4e8eb5428c2253a07705b71bfb809d8a3fa178032ce06,2,2,ambiguous,"[{""fare_attribute_line"":850548,""fare_id"":""2010698-1-3-6"",""fare_rule_line"":865787,""price"":13.0},{""fare_attribute_line"":850831,""fare_id"":""2010698-2-17-20"",""fare_rule_line"":866367,""price"":6.0}]",ambiguous,A,U,unresolved,official_json_routeSeq_exact_full_stop_pattern_plus_ordered_gtfs_stop_od,conflicting_published_amounts
exact_route_sequence_ordered_stop_od,GMB,line_gmb_2010698,gmb_2010698_2,2010698,2,2,20015055,20014147,unspecified_in_source,unspecified_in_source,unspecified_in_source,unspecified_in_source,unspecified_in_source,,,,pt_fare,,,not_encoded_in_source_revision_cutoff_only,2026-07-14,2026-07-20,,"[""gtfs:fare_rules.txt:865788|fare_attributes.txt:850549|fare_id:2010698-1-3-7"",""gtfs:fare_rules.txt:866368|fare_attributes.txt:850832|fare_id:2010698-2-17-21""]",data/transit/hongkong/PublicTransportGTFS/gtfs.zip,e5ad020b79d0020625a4e8eb5428c2253a07705b71bfb809d8a3fa178032ce06,2,2,ambiguous,"[{""fare_attribute_line"":850549,""fare_id"":""2010698-1-3-7"",""fare_rule_line"":865788,""price"":13.0},{""fare_attribute_line"":850832,""fare_id"":""2010698-2-17-21"",""fare_rule_line"":866368,""price"":6.0}]",ambiguous,A,U,unresolved,official_json_routeSeq_exact_full_stop_pattern_plus_ordered_gtfs_stop_od,conflicting_published_amounts
exact_route_sequence_ordered_stop_od,GMB,line_gmb_2010698,gmb_2010698_2,2010698,2,2,20015055,20017257,unspecified_in_source,unspecified_in_source,unspecified_in_source,unspecified_in_source,unspecified_in_source,,,,pt_fare,,,not_encoded_in_source_revision_cutoff_only,2026-07-14,2026-07-20,,"[""gtfs:fare_rules.txt:865785|fare_attributes.txt:850546|fare_id:2010698-1-3-4"",""gtfs:fare_rules.txt:866365|fare_attributes.txt:850829|fare_id:2010698-2-17-18""]",data/transit/hongkong/PublicTransportGTFS/gtfs.zip,e5ad020b79d0020625a4e8eb5428c2253a07705b71bfb809d8a3fa178032ce06,2,2,ambiguous,"[{""fare_attribute_line"":850546,""fare_id"":""2010698-1-3-4"",""fare_rule_line"":865785,""price"":13.0},{""fare_attribute_line"":850829,""fare_id"":""2010698-2-17-18"",""fare_rule_line"":866365,""price"":6.0}]",ambiguous,A,U,unresolved,official_json_routeSeq_exact_full_stop_pattern_plus_ordered_gtfs_stop_od,conflicting_published_amounts
exact_route_sequence_ordered_stop_od,GMB,line_gmb_2010698,gmb_2010698_2,2010698,2,2,20015055,20017818,unspecified_in_source,unspecified_in_source,unspecified_in_source,unspecified_in_source,unspecified_in_source,,,,pt_fare,,,not_encoded_in_source_revision_cutoff_only,2026-07-14,2026-07-20,,"[""gtfs:fare_rules.txt:865786|fare_attributes.txt:850547|fare_id:2010698-1-3-5"",""gtfs:fare_rules.txt:866366|fare_attributes.txt:850830|fare_id:2010698-2-17-19""]",data/transit/hongkong/PublicTransportGTFS/gtfs.zip,e5ad020b79d0020625a4e8eb5428c2253a07705b71bfb809d8a3fa178032ce06,2,2,ambiguous,"[{""fare_attribute_line"":850547,""fare_id"":""2010698-1-3-5"",""fare_rule_line"":865786,""price"":13.0},{""fare_attribute_line"":850830,""fare_id"":""2010698-2-17-19"",""fare_rule_line"":866366,""price"":6.0}]",ambiguous,A,U,unresolved,official_json_routeSeq_exact_full_stop_pattern_plus_ordered_gtfs_stop_od,conflicting_published_amounts
exact_route_sequence_ordered_stop_od,GMB,line_gmb_2010698,gmb_2010698_2,2010698,2,2,20015055,20017819,unspecified_in_source,unspecified_in_source,unspecified_in_source,unspecified_in_source,unspecified_in_source,,,,pt_fare,,,not_encoded_in_source_revision_cutoff_only,2026-07-14,2026-07-20,,"[""gtfs:fare_rules.txt:865790|fare_attributes.txt:850551|fare_id:2010698-1-3-9"",""gtfs:fare_rules.txt:866370|fare_attributes.txt:850834|fare_id:2010698-2-17-23""]",data/transit/hongkong/PublicTransportGTFS/gtfs.zip,e5ad020b79d0020625a4e8eb5428c2253a07705b71bfb809d8a3fa178032ce06,2,2,ambiguous,"[{""fare_attribute_line"":850551,""fare_id"":""2010698-1-3-9"",""fare_rule_line"":865790,""price"":13.0},{""fare_attribute_line"":850834,""fare_id"":""2010698-2-17-23"",""fare_rule_line"":866370,""price"":6.0}]",ambiguous,A,U,unresolved,official_json_routeSeq_exact_full_stop_pattern_plus_ordered_gtfs_stop_od,conflicting_published_amounts
exact_route_sequence_ordered_stop_od,GMB,line_gmb_2010698,gmb_2010698_2,2010698,2,2,20015055,20021317,unspecified_in_source,unspecified_in_source,unspecified_in_source,unspecified_in_source,unspecified_in_source,,,,pt_fare,,,not_encoded_in_source_revision_cutoff_only,2026-07-14,2026-07-20,,"[""gtfs:fare_rules.txt:865791|fare_attributes.txt:850552|fare_id:2010698-1-3-10"",""gtfs:fare_rules.txt:866371|fare_attributes.txt:850835|fare_id:2010698-2-17-24""]",data/transit/hongkong/PublicTransportGTFS/gtfs.zip,e5ad020b79d0020625a4e8eb5428c2253a07705b71bfb809d8a3fa178032ce06,2,2,ambiguous,"[{""fare_attribute_line"":850552,""fare_id"":""2010698-1-3-10"",""fare_rule_line"":865791,""price"":13.0},{""fare_attribute_line"":850835,""fare_id"":""2010698-2-17-24"",""fare_rule_line"":866371,""price"":6.0}]",ambiguous,A,U,unresolved,official_json_routeSeq_exact_full_stop_pattern_plus_ordered_gtfs_stop_od,conflicting_published_amounts
exact_route_sequence_ordered_stop_od,GMB,line_gmb_2010698,gmb_2010698_2,2010698,2,2,20015055,20021318,unspecified_in_source,unspecified_in_source,unspecified_in_source,unspecified_in_source,unspecified_in_source,,,,pt_fare,,,not_encoded_in_source_revision_cutoff_only,2026-07-14,2026-07-20,,"[""gtfs:fare_rules.txt:865792|fare_attributes.txt:850553|fare_id:2010698-1-3-11"",""gtfs:fare_rules.txt:866372|fare_attributes.txt:850836|fare_id:2010698-2-17-25""]",data/transit/hongkong/PublicTransportGTFS/gtfs.zip,e5ad020b79d0020625a4e8eb5428c2253a07705b71bfb809d8a3fa178032ce06,2,2,ambiguous,"[{""fare_attribute_line"":850553,""fare_id"":""2010698-1-3-11"",""fare_rule_line"":865792,""price"":13.0},{""fare_attribute_line"":850836,""fare_id"":""2010698-2-17-25"",""fare_rule_line"":866372,""price"":6.0}]",ambiguous,A,U,unresolved,official_json_routeSeq_exact_full_stop_pattern_plus_ordered_gtfs_stop_od,conflicting_published_amounts
exact_route_sequence_ordered_stop_od,GMB,line_gmb_2010698,gmb_2010698_2,2010698,2,2,20017257,20007401,unspecified_in_source,unspecified_in_source,unspecified_in_source,unspecified_in_source,unspecified_in_source,,,,pt_fare,,,not_encoded_in_source_revision_cutoff_only,2026-07-14,2026-07-20,,"[""gtfs:fare_rules.txt:865812|fare_attributes.txt:850573|fare_id:2010698-1-4-8"",""gtfs:fare_rules.txt:866377|fare_attributes.txt:850841|fare_id:2010698-2-18-22""]",data/transit/hongkong/PublicTransportGTFS/gtfs.zip,e5ad020b79d0020625a4e8eb5428c2253a07705b71bfb809d8a3fa178032ce06,2,2,ambiguous,"[{""fare_attribute_line"":850573,""fare_id"":""2010698-1-4-8"",""fare_rule_line"":865812,""price"":13.0},{""fare_attribute_line"":850841,""fare_id"":""2010698-2-18-22"",""fare_rule_line"":866377,""price"":6.0}]",ambiguous,A,U,unresolved,official_json_routeSeq_exact_full_stop_pattern_plus_ordered_gtfs_stop_od,conflicting_published_amounts
exact_route_sequence_ordered_stop_od,GMB,line_gmb_2010698,gmb_2010698_2,2010698,2,2,20017257,20007435,unspecified_in_source,unspecified_in_source,unspecified_in_source,unspecified_in_source,unspecified_in_source,,,,pt_fare,,,not_encoded_in_source_revision_cutoff_only,2026-07-14,2026-07-20,,"[""gtfs:fare_rules.txt:865810|fare_attributes.txt:850571|fare_id:2010698-1-4-6"",""gtfs:fare_rules.txt:866375|fare_attributes.txt:850839|fare_id:2010698-2-18-20""]",data/transit/hongkong/PublicTransportGTFS/gtfs.zip,e5ad020b79d0020625a4e8eb5428c2253a07705b71bfb809d8a3fa178032ce06,2,2,ambiguous,"[{""fare_attribute_line"":850571,""fare_id"":""2010698-1-4-6"",""fare_rule_line"":865810,""price"":13.0},{""fare_attribute_line"":850839,""fare_id"":""2010698-2-18-20"",""fare_rule_line"":866375,""price"":6.0}]",ambiguous,A,U,unresolved,official_json_routeSeq_exact_full_stop_pattern_plus_ordered_gtfs_stop_od,conflicting_published_amounts
exact_route_sequence_ordered_stop_od,GMB,line_gmb_2010698,gmb_2010698_2,2010698,2,2,20017257,20014147,unspecified_in_source,unspecified_in_source,unspecified_in_source,unspecified_in_source,unspecified_in_source,,,,pt_fare,,,not_encoded_in_source_revision_cutoff_only,2026-07-14,2026-07-20,,"[""gtfs:fare_rules.txt:865811|fare_attributes.txt:850572|fare_id:2010698-1-4-7"",""gtfs:fare_rules.txt:866376|fare_attributes.txt:850840|fare_id:2010698-2-18-21""]",data/transit/hongkong/PublicTransportGTFS/gtfs.zip,e5ad020b79d0020625a4e8eb5428c2253a07705b71bfb809d8a3fa178032ce06,2,2,ambiguous,"[{""fare_attribute_line"":850572,""fare_id"":""2010698-1-4-7"",""fare_rule_line"":865811,""price"":13.0},{""fare_attribute_line"":850840,""fare_id"":""2010698-2-18-21"",""fare_rule_line"":866376,""price"":6.0}]",ambiguous,A,U,unresolved,official_json_routeSeq_exact_full_stop_pattern_plus_ordered_gtfs_stop_od,conflicting_published_amounts
exact_route_sequence_ordered_stop_od,GMB,line_gmb_2010698,gmb_2010698_2,2010698,2,2,20017257,20017818,unspecified_in_source,unspecified_in_source,unspecified_in_source,unspecified_in_source,unspecified_in_source,,,,pt_fare,,,not_encoded_in_source_revision_cutoff_only,2026-07-14,2026-07-20,,"[""gtfs:fare_rules.txt:865809|fare_attributes.txt:850570|fare_id:2010698-1-4-5"",""gtfs:fare_rules.txt:866374|fare_attributes.txt:850838|fare_id:2010698-2-18-19""]",data/transit/hongkong/PublicTransportGTFS/gtfs.zip,e5ad020b79d0020625a4e8eb5428c2253a07705b71bfb809d8a3fa178032ce06,2,2,ambiguous,"[{""fare_attribute_line"":850570,""fare_id"":""2010698-1-4-5"",""fare_rule_line"":865809,""price"":13.0},{""fare_attribute_line"":850838,""fare_id"":""2010698-2-18-19"",""fare_rule_line"":866374,""price"":6.0}]",ambiguous,A,U,unresolved,official_json_routeSeq_exact_full_stop_pattern_plus_ordered_gtfs_stop_od,conflicting_published_amounts
exact_route_sequence_ordered_stop_od,GMB,line_gmb_2010698,gmb_2010698_2,2010698,2,2,20017257,20017819,unspecified_in_source,unspecified_in_source,unspecified_in_source,unspecified_in_source,unspecified_in_source,,,,pt_fare,,,not_encoded_in_source_revision_cutoff_only,2026-07-14,2026-07-20,,"[""gtfs:fare_rules.txt:865813|fare_attributes.txt:850574|fare_id:2010698-1-4-9"",""gtfs:fare_rules.txt:866378|fare_attributes.txt:850842|fare_id:2010698-2-18-23""]",data/transit/hongkong/PublicTransportGTFS/gtfs.zip,e5ad020b79d0020625a4e8eb5428c2253a07705b71bfb809d8a3fa178032ce06,2,2,ambiguous,"[{""fare_attribute_line"":850574,""fare_id"":""2010698-1-4-9"",""fare_rule_line"":865813,""price"":13.0},{""fare_attribute_line"":850842,""fare_id"":""2010698-2-18-23"",""fare_rule_line"":866378,""price"":6.0}]",ambiguous,A,U,unresolved,official_json_routeSeq_exact_full_stop_pattern_plus_ordered_gtfs_stop_od,conflicting_published_amounts
exact_route_sequence_ordered_stop_od,GMB,line_gmb_2010698,gmb_2010698_2,2010698,2,2,20017257,20021317,unspecified_in_source,unspecified_in_source,unspecified_in_source,unspecified_in_source,unspecified_in_source,,,,pt_fare,,,not_encoded_in_source_revision_cutoff_only,2026-07-14,2026-07-20,,"[""gtfs:fare_rules.txt:865814|fare_attributes.txt:850575|fare_id:2010698-1-4-10"",""gtfs:fare_rules.txt:866379|fare_attributes.txt:850843|fare_id:2010698-2-18-24""]",data/transit/hongkong/PublicTransportGTFS/gtfs.zip,e5ad020b79d0020625a4e8eb5428c2253a07705b71bfb809d8a3fa178032ce06,2,2,ambiguous,"[{""fare_attribute_line"":850575,""fare_id"":""2010698-1-4-10"",""fare_rule_line"":865814,""price"":13.0},{""fare_attribute_line"":850843,""fare_id"":""2010698-2-18-24"",""fare_rule_line"":866379,""price"":6.0}]",ambiguous,A,U,unresolved,official_json_routeSeq_exact_full_stop_pattern_plus_ordered_gtfs_stop_od,conflicting_published_amounts
exact_route_sequence_ordered_stop_od,GMB,line_gmb_2010698,gmb_2010698_2,2010698,2,2,20017257,20021318,unspecified_in_source,unspecified_in_source,unspecified_in_source,unspecified_in_source,unspecified_in_source,,,,pt_fare,,,not_encoded_in_source_revision_cutoff_only,2026-07-14,2026-07-20,,"[""gtfs:fare_rules.txt:865815|fare_attributes.txt:850576|fare_id:2010698-1-4-11"",""gtfs:fare_rules.txt:866380|fare_attributes.txt:850844|fare_id:2010698-2-18-25""]",data/transit/hongkong/PublicTransportGTFS/gtfs.zip,e5ad020b79d0020625a4e8eb5428c2253a07705b71bfb809d8a3fa178032ce06,2,2,ambiguous,"[{""fare_attribute_line"":850576,""fare_id"":""2010698-1-4-11"",""fare_rule_line"":865815,""price"":13.0},{""fare_attribute_line"":850844,""fare_id"":""2010698-2-18-25"",""fare_rule_line"":866380,""price"":6.0}]",ambiguous,A,U,unresolved,official_json_routeSeq_exact_full_stop_pattern_plus_ordered_gtfs_stop_od,conflicting_published_amounts
exact_route_sequence_ordered_stop_od,GMB,line_gmb_2010698,gmb_2010698_2,2010698,2,2,20017818,20007401,unspecified_in_source,unspecified_in_source,unspecified_in_source,unspecified_in_source,unspecified_in_source,,,,pt_fare,,,not_encoded_in_source_revision_cutoff_only,2026-07-14,2026-07-20,,"[""gtfs:fare_rules.txt:865834|fare_attributes.txt:849803|fare_id:2010698-1-5-8"",""gtfs:fare_rules.txt:866384|fare_attributes.txt:850848|fare_id:2010698-2-19-22""]",data/transit/hongkong/PublicTransportGTFS/gtfs.zip,e5ad020b79d0020625a4e8eb5428c2253a07705b71bfb809d8a3fa178032ce06,2,2,ambiguous,"[{""fare_attribute_line"":849803,""fare_id"":""2010698-1-5-8"",""fare_rule_line"":865834,""price"":13.0},{""fare_attribute_line"":850848,""fare_id"":""2010698-2-19-22"",""fare_rule_line"":866384,""price"":6.0}]",ambiguous,A,U,unresolved,official_json_routeSeq_exact_full_stop_pattern_plus_ordered_gtfs_stop_od,conflicting_published_amounts
exact_route_sequence_ordered_stop_od,GMB,line_gmb_2010698,gmb_2010698_2,2010698,2,2,20017818,20007435,unspecified_in_source,unspecified_in_source,unspecified_in_source,unspecified_in_source,unspecified_in_source,,,,pt_fare,,,not_encoded_in_source_revision_cutoff_only,2026-07-14,2026-07-20,,"[""gtfs:fare_rules.txt:865832|fare_attributes.txt:849801|fare_id:2010698-1-5-6"",""gtfs:fare_rules.txt:866382|fare_attributes.txt:850846|fare_id:2010698-2-19-20""]",data/transit/hongkong/PublicTransportGTFS/gtfs.zip,e5ad020b79d0020625a4e8eb5428c2253a07705b71bfb809d8a3fa178032ce06,2,2,ambiguous,"[{""fare_attribute_line"":849801,""fare_id"":""2010698-1-5-6"",""fare_rule_line"":865832,""price"":13.0},{""fare_attribute_line"":850846,""fare_id"":""2010698-2-19-20"",""fare_rule_line"":866382,""price"":6.0}]",ambiguous,A,U,unresolved,official_json_routeSeq_exact_full_stop_pattern_plus_ordered_gtfs_stop_od,conflicting_published_amounts
exact_route_sequence_ordered_stop_od,GMB,line_gmb_2010698,gmb_2010698_2,2010698,2,2,20017818,20014147,unspecified_in_source,unspecified_in_source,unspecified_in_source,unspecified_in_source,unspecified_in_source,,,,pt_fare,,,not_encoded_in_source_revision_cutoff_only,2026-07-14,2026-07-20,,"[""gtfs:fare_rules.txt:865833|fare_attributes.txt:849802|fare_id:2010698-1-5-7"",""gtfs:fare_rules.txt:866383|fare_attributes.txt:850847|fare_id:2010698-2-19-21""]",data/transit/hongkong/PublicTransportGTFS/gtfs.zip,e5ad020b79d0020625a4e8eb5428c2253a07705b71bfb809d8a3fa178032ce06,2,2,ambiguous,"[{""fare_attribute_line"":849802,""fare_id"":""2010698-1-5-7"",""fare_rule_line"":865833,""price"":13.0},{""fare_attribute_line"":850847,""fare_id"":""2010698-2-19-21"",""fare_rule_line"":866383,""price"":6.0}]",ambiguous,A,U,unresolved,official_json_routeSeq_exact_full_stop_pattern_plus_ordered_gtfs_stop_od,conflicting_published_amounts
exact_route_sequence_ordered_stop_od,GMB,line_gmb_2010698,gmb_2010698_2,2010698,2,2,20017818,20017819,unspecified_in_source,unspecified_in_source,unspecified_in_source,unspecified_in_source,unspecified_in_source,,,,pt_fare,,,not_encoded_in_source_revision_cutoff_only,2026-07-14,2026-07-20,,"[""gtfs:fare_rules.txt:865835|fare_attributes.txt:849804|fare_id:2010698-1-5-9"",""gtfs:fare_rules.txt:866385|fare_attributes.txt:850849|fare_id:2010698-2-19-23""]",data/transit/hongkong/PublicTransportGTFS/gtfs.zip,e5ad020b79d0020625a4e8eb5428c2253a07705b71bfb809d8a3fa178032ce06,2,2,ambiguous,"[{""fare_attribute_line"":849804,""fare_id"":""2010698-1-5-9"",""fare_rule_line"":865835,""price"":13.0},{""fare_attribute_line"":850849,""fare_id"":""2010698-2-19-23"",""fare_rule_line"":866385,""price"":6.0}]",ambiguous,A,U,unresolved,official_json_routeSeq_exact_full_stop_pattern_plus_ordered_gtfs_stop_od,conflicting_published_amounts
exact_route_sequence_ordered_stop_od,GMB,line_gmb_2010698,gmb_2010698_2,2010698,2,2,20017818,20021317,unspecified_in_source,unspecified_in_source,unspecified_in_source,unspecified_in_source,unspecified_in_source,,,,pt_fare,,,not_encoded_in_source_revision_cutoff_only,2026-07-14,2026-07-20,,"[""gtfs:fare_rules.txt:865836|fare_attributes.txt:849805|fare_id:2010698-1-5-10"",""gtfs:fare_rules.txt:866386|fare_attributes.txt:850850|fare_id:2010698-2-19-24""]",data/transit/hongkong/PublicTransportGTFS/gtfs.zip,e5ad020b79d0020625a4e8eb5428c2253a07705b71bfb809d8a3fa178032ce06,2,2,ambiguous,"[{""fare_attribute_line"":849805,""fare_id"":""2010698-1-5-10"",""fare_rule_line"":865836,""price"":13.0},{""fare_attribute_line"":850850,""fare_id"":""2010698-2-19-24"",""fare_rule_line"":866386,""price"":6.0}]",ambiguous,A,U,unresolved,official_json_routeSeq_exact_full_stop_pattern_plus_ordered_gtfs_stop_od,conflicting_published_amounts
exact_route_sequence_ordered_stop_od,GMB,line_gmb_2010698,gmb_2010698_2,2010698,2,2,20017818,20021318,unspecified_in_source,unspecified_in_source,unspecified_in_source,unspecified_in_source,unspecified_in_source,,,,pt_fare,,,not_encoded_in_source_revision_cutoff_only,2026-07-14,2026-07-20,,"[""gtfs:fare_rules.txt:865837|fare_attributes.txt:849806|fare_id:2010698-1-5-11"",""gtfs:fare_rules.txt:866387|fare_attributes.txt:850851|fare_id:2010698-2-19-25""]",data/transit/hongkong/PublicTransportGTFS/gtfs.zip,e5ad020b79d0020625a4e8eb5428c2253a07705b71bfb809d8a3fa178032ce06,2,2,ambiguous,"[{""fare_attribute_line"":849806,""fare_id"":""2010698-1-5-11"",""fare_rule_line"":865837,""price"":13.0},{""fare_attribute_line"":850851,""fare_id"":""2010698-2-19-25"",""fare_rule_line"":866387,""price"":6.0}]",ambiguous,A,U,unresolved,official_json_routeSeq_exact_full_stop_pattern_plus_ordered_gtfs_stop_od,conflicting_published_amounts
exact_route_sequence_ordered_stop_od,GMB,line_gmb_2010698,gmb_2010698_2,2010698,2,2,20017819,20021317,unspecified_in_source,unspecified_in_source,unspecified_in_source,unspecified_in_source,unspecified_in_source,,,,pt_fare,,,not_encoded_in_source_revision_cutoff_only,2026-07-14,2026-07-20,,"[""gtfs:fare_rules.txt:865914|fare_attributes.txt:849883|fare_id:2010698-1-9-10"",""gtfs:fare_rules.txt:866404|fare_attributes.txt:850868|fare_id:2010698-2-23-24""]",data/transit/hongkong/PublicTransportGTFS/gtfs.zip,e5ad020b79d0020625a4e8eb5428c2253a07705b71bfb809d8a3fa178032ce06,2,2,ambiguous,"[{""fare_attribute_line"":849883,""fare_id"":""2010698-1-9-10"",""fare_rule_line"":865914,""price"":13.0},{""fare_attribute_line"":850868,""fare_id"":""2010698-2-23-24"",""fare_rule_line"":866404,""price"":6.0}]",ambiguous,A,U,unresolved,official_json_routeSeq_exact_full_stop_pattern_plus_ordered_gtfs_stop_od,conflicting_published_amounts
exact_route_sequence_ordered_stop_od,GMB,line_gmb_2010698,gmb_2010698_2,2010698,2,2,20017819,20021318,unspecified_in_source,unspecified_in_source,unspecified_in_source,unspecified_in_source,unspecified_in_source,,,,pt_fare,,,not_encoded_in_source_revision_cutoff_only,2026-07-14,2026-07-20,,"[""gtfs:fare_rules.txt:865915|fare_attributes.txt:849884|fare_id:2010698-1-9-11"",""gtfs:fare_rules.txt:866405|fare_attributes.txt:850869|fare_id:2010698-2-23-25""]",data/transit/hongkong/PublicTransportGTFS/gtfs.zip,e5ad020b79d0020625a4e8eb5428c2253a07705b71bfb809d8a3fa178032ce06,2,2,ambiguous,"[{""fare_attribute_line"":849884,""fare_id"":""2010698-1-9-11"",""fare_rule_line"":865915,""price"":13.0},{""fare_attribute_line"":850869,""fare_id"":""2010698-2-23-25"",""fare_rule_line"":866405,""price"":6.0}]",ambiguous,A,U,unresolved,official_json_routeSeq_exact_full_stop_pattern_plus_ordered_gtfs_stop_od,conflicting_published_amounts
exact_route_sequence_ordered_stop_od,GMB,line_gmb_2010698,gmb_2010698_2,2010698,2,2,20021316,20002551,unspecified_in_source,unspecified_in_source,unspecified_in_source,unspecified_in_source,unspecified_in_source,,,,pt_fare,,,not_encoded_in_source_revision_cutoff_only,2026-07-14,2026-07-20,,"[""gtfs:fare_rules.txt:865734|fare_attributes.txt:850495|fare_id:2010698-1-1-2"",""gtfs:fare_rules.txt:866344|fare_attributes.txt:850808|fare_id:2010698-2-15-16""]",data/transit/hongkong/PublicTransportGTFS/gtfs.zip,e5ad020b79d0020625a4e8eb5428c2253a07705b71bfb809d8a3fa178032ce06,2,2,ambiguous,"[{""fare_attribute_line"":850495,""fare_id"":""2010698-1-1-2"",""fare_rule_line"":865734,""price"":13.0},{""fare_attribute_line"":850808,""fare_id"":""2010698-2-15-16"",""fare_rule_line"":866344,""price"":6.0}]",ambiguous,A,U,unresolved,official_json_routeSeq_exact_full_stop_pattern_plus_ordered_gtfs_stop_od,conflicting_published_amounts
exact_route_sequence_ordered_stop_od,GMB,line_gmb_2010698,gmb_2010698_2,2010698,2,2,20021316,20007401,unspecified_in_source,unspecified_in_source,unspecified_in_source,unspecified_in_source,unspecified_in_source,,,,pt_fare,,,not_encoded_in_source_revision_cutoff_only,2026-07-14,2026-07-20,,"[""gtfs:fare_rules.txt:865740|fare_attributes.txt:850501|fare_id:2010698-1-1-8"",""gtfs:fare_rules.txt:866350|fare_attributes.txt:850814|fare_id:2010698-2-15-22""]",data/transit/hongkong/PublicTransportGTFS/gtfs.zip,e5ad020b79d0020625a4e8eb5428c2253a07705b71bfb809d8a3fa178032ce06,2,2,ambiguous,"[{""fare_attribute_line"":850501,""fare_id"":""2010698-1-1-8"",""fare_rule_line"":865740,""price"":13.0},{""fare_attribute_line"":850814,""fare_id"":""2010698-2-15-22"",""fare_rule_line"":866350,""price"":6.0}]",ambiguous,A,U,unresolved,official_json_routeSeq_exact_full_stop_pattern_plus_ordered_gtfs_stop_od,conflicting_published_amounts
exact_route_sequence_ordered_stop_od,GMB,line_gmb_2010698,gmb_2010698_2,2010698,2,2,20021316,20007435,unspecified_in_source,unspecified_in_source,unspecified_in_source,unspecified_in_source,unspecified_in_source,,,,pt_fare,,,not_encoded_in_source_revision_cutoff_only,2026-07-14,2026-07-20,,"[""gtfs:fare_rules.txt:865738|fare_attributes.txt:850499|fare_id:2010698-1-1-6"",""gtfs:fare_rules.txt:866348|fare_attributes.txt:850812|fare_id:2010698-2-15-20""]",data/transit/hongkong/PublicTransportGTFS/gtfs.zip,e5ad020b79d0020625a4e8eb5428c2253a07705b71bfb809d8a3fa178032ce06,2,2,ambiguous,"[{""fare_attribute_line"":850499,""fare_id"":""2010698-1-1-6"",""fare_rule_line"":865738,""price"":13.0},{""fare_attribute_line"":850812,""fare_id"":""2010698-2-15-20"",""fare_rule_line"":866348,""price"":6.0}]",ambiguous,A,U,unresolved,official_json_routeSeq_exact_full_stop_pattern_plus_ordered_gtfs_stop_od,conflicting_published_amounts
exact_route_sequence_ordered_stop_od,GMB,line_gmb_2010698,gmb_2010698_2,2010698,2,2,20021316,20014147,unspecified_in_source,unspecified_in_source,unspecified_in_source,unspecified_in_source,unspecified_in_source,,,,pt_fare,,,not_encoded_in_source_revision_cutoff_only,2026-07-14,2026-07-20,,"[""gtfs:fare_rules.txt:865739|fare_attributes.txt:850500|fare_id:2010698-1-1-7"",""gtfs:fare_rules.txt:866349|fare_attributes.txt:850813|fare_id:2010698-2-15-21""]",data/transit/hongkong/PublicTransportGTFS/gtfs.zip,e5ad020b79d0020625a4e8eb5428c2253a07705b71bfb809d8a3fa178032ce06,2,2,ambiguous,"[{""fare_attribute_line"":850500,""fare_id"":""2010698-1-1-7"",""fare_rule_line"":865739,""price"":13.0},{""fare_attribute_line"":850813,""fare_id"":""2010698-2-15-21"",""fare_rule_line"":866349,""price"":6.0}]",ambiguous,A,U,unresolved,official_json_routeSeq_exact_full_stop_pattern_plus_ordered_gtfs_stop_od,conflicting_published_amounts
exact_route_sequence_ordered_stop_od,GMB,line_gmb_2010698,gmb_2010698_2,2010698,2,2,20021316,20015055,unspecified_in_source,unspecified_in_source,unspecified_in_source,unspecified_in_source,unspecified_in_source,,,,pt_fare,,,not_encoded_in_source_revision_cutoff_only,2026-07-14,2026-07-20,,"[""gtfs:fare_rules.txt:865735|fare_attributes.txt:850496|fare_id:2010698-1-1-3"",""gtfs:fare_rules.txt:866345|fare_attributes.txt:850809|fare_id:2010698-2-15-17""]",data/transit/hongkong/PublicTransportGTFS/gtfs.zip,e5ad020b79d0020625a4e8eb5428c2253a07705b71bfb809d8a3fa178032ce06,2,2,ambiguous,"[{""fare_attribute_line"":850496,""fare_id"":""2010698-1-1-3"",""fare_rule_line"":865735,""price"":13.0},{""fare_attribute_line"":850809,""fare_id"":""2010698-2-15-17"",""fare_rule_line"":866345,""price"":6.0}]",ambiguous,A,U,unresolved,official_json_routeSeq_exact_full_stop_pattern_plus_ordered_gtfs_stop_od,conflicting_published_amounts
exact_route_sequence_ordered_stop_od,GMB,line_gmb_2010698,gmb_2010698_2,2010698,2,2,20021316,20017257,unspecified_in_source,unspecified_in_source,unspecified_in_source,unspecified_in_source,unspecified_in_source,,,,pt_fare,,,not_encoded_in_source_revision_cutoff_only,2026-07-14,2026-07-20,,"[""gtfs:fare_rules.txt:865736|fare_attributes.txt:850497|fare_id:2010698-1-1-4"",""gtfs:fare_rules.txt:866346|fare_attributes.txt:850810|fare_id:2010698-2-15-18""]",data/transit/hongkong/PublicTransportGTFS/gtfs.zip,e5ad020b79d0020625a4e8eb5428c2253a07705b71bfb809d8a3fa178032ce06,2,2,ambiguous,"[{""fare_attribute_line"":850497,""fare_id"":""2010698-1-1-4"",""fare_rule_line"":865736,""price"":13.0},{""fare_attribute_line"":850810,""fare_id"":""2010698-2-15-18"",""fare_rule_line"":866346,""price"":6.0}]",ambiguous,A,U,unresolved,official_json_routeSeq_exact_full_stop_pattern_plus_ordered_gtfs_stop_od,conflicting_published_amounts
exact_route_sequence_ordered_stop_od,GMB,line_gmb_2010698,gmb_2010698_2,2010698,2,2,20021316,20017818,unspecified_in_source,unspecified_in_source,unspecified_in_source,unspecified_in_source,unspecified_in_source,,,,pt_fare,,,not_encoded_in_source_revision_cutoff_only,2026-07-14,2026-07-20,,"[""gtfs:fare_rules.txt:865737|fare_attributes.txt:850498|fare_id:2010698-1-1-5"",""gtfs:fare_rules.txt:866347|fare_attributes.txt:850811|fare_id:2010698-2-15-19""]",data/transit/hongkong/PublicTransportGTFS/gtfs.zip,e5ad020b79d0020625a4e8eb5428c2253a07705b71bfb809d8a3fa178032ce06,2,2,ambiguous,"[{""fare_attribute_line"":850498,""fare_id"":""2010698-1-1-5"",""fare_rule_line"":865737,""price"":13.0},{""fare_attribute_line"":850811,""fare_id"":""2010698-2-15-19"",""fare_rule_line"":866347,""price"":6.0}]",ambiguous,A,U,unresolved,official_json_routeSeq_exact_full_stop_pattern_plus_ordered_gtfs_stop_od,conflicting_published_amounts
exact_route_sequence_ordered_stop_od,GMB,line_gmb_2010698,gmb_2010698_2,2010698,2,2,20021316,20017819,unspecified_in_source,unspecified_in_source,unspecified_in_source,unspecified_in_source,unspecified_in_source,,,,pt_fare,,,not_encoded_in_source_revision_cutoff_only,2026-07-14,2026-07-20,,"[""gtfs:fare_rules.txt:865741|fare_attributes.txt:850502|fare_id:2010698-1-1-9"",""gtfs:fare_rules.txt:866351|fare_attributes.txt:850815|fare_id:2010698-2-15-23""]",data/transit/hongkong/PublicTransportGTFS/gtfs.zip,e5ad020b79d0020625a4e8eb5428c2253a07705b71bfb809d8a3fa178032ce06,2,2,ambiguous,"[{""fare_attribute_line"":850502,""fare_id"":""2010698-1-1-9"",""fare_rule_line"":865741,""price"":13.0},{""fare_attribute_line"":850815,""fare_id"":""2010698-2-15-23"",""fare_rule_line"":866351,""price"":6.0}]",ambiguous,A,U,unresolved,official_json_routeSeq_exact_full_stop_pattern_plus_ordered_gtfs_stop_od,conflicting_published_amounts
exact_route_sequence_ordered_stop_od,GMB,line_gmb_2010698,gmb_2010698_2,2010698,2,2,20021316,20021317,unspecified_in_source,unspecified_in_source,unspecified_in_source,unspecified_in_source,unspecified_in_source,,,,pt_fare,,,not_encoded_in_source_revision_cutoff_only,2026-07-14,2026-07-20,,"[""gtfs:fare_rules.txt:865742|fare_attributes.txt:850503|fare_id:2010698-1-1-10"",""gtfs:fare_rules.txt:866352|fare_attributes.txt:850816|fare_id:2010698-2-15-24""]",data/transit/hongkong/PublicTransportGTFS/gtfs.zip,e5ad020b79d0020625a4e8eb5428c2253a07705b71bfb809d8a3fa178032ce06,2,2,ambiguous,"[{""fare_attribute_line"":850503,""fare_id"":""2010698-1-1-10"",""fare_rule_line"":865742,""price"":13.0},{""fare_attribute_line"":850816,""fare_id"":""2010698-2-15-24"",""fare_rule_line"":866352,""price"":6.0}]",ambiguous,A,U,unresolved,official_json_routeSeq_exact_full_stop_pattern_plus_ordered_gtfs_stop_od,conflicting_published_amounts
exact_route_sequence_ordered_stop_od,GMB,line_gmb_2010698,gmb_2010698_2,2010698,2,2,20021316,20021318,unspecified_in_source,unspecified_in_source,unspecified_in_source,unspecified_in_source,unspecified_in_source,,,,pt_fare,,,not_encoded_in_source_revision_cutoff_only,2026-07-14,2026-07-20,,"[""gtfs:fare_rules.txt:865743|fare_attributes.txt:850504|fare_id:2010698-1-1-11"",""gtfs:fare_rules.txt:866353|fare_attributes.txt:850817|fare_id:2010698-2-15-25""]",data/transit/hongkong/PublicTransportGTFS/gtfs.zip,e5ad020b79d0020625a4e8eb5428c2253a07705b71bfb809d8a3fa178032ce06,2,2,ambiguous,"[{""fare_attribute_line"":850504,""fare_id"":""2010698-1-1-11"",""fare_rule_line"":865743,""price"":13.0},{""fare_attribute_line"":850817,""fare_id"":""2010698-2-15-25"",""fare_rule_line"":866353,""price"":6.0}]",ambiguous,A,U,unresolved,official_json_routeSeq_exact_full_stop_pattern_plus_ordered_gtfs_stop_od,conflicting_published_amounts
exact_route_sequence_ordered_stop_od,GMB,line_gmb_2010698,gmb_2010698_2,2010698,2,2,20021317,20021318,unspecified_in_source,unspecified_in_source,unspecified_in_source,unspecified_in_source,unspecified_in_source,,,,pt_fare,,,not_encoded_in_source_revision_cutoff_only,2026-07-14,2026-07-20,,"[""gtfs:fare_rules.txt:865932|fare_attributes.txt:850594|fare_id:2010698-1-10-11"",""gtfs:fare_rules.txt:866407|fare_attributes.txt:850871|fare_id:2010698-2-24-25""]",data/transit/hongkong/PublicTransportGTFS/gtfs.zip,e5ad020b79d0020625a4e8eb5428c2253a07705b71bfb809d8a3fa178032ce06,2,2,ambiguous,"[{""fare_attribute_line"":850594,""fare_id"":""2010698-1-10-11"",""fare_rule_line"":865932,""price"":13.0},{""fare_attribute_line"":850871,""fare_id"":""2010698-2-24-25"",""fare_rule_line"":866407,""price"":6.0}]",ambiguous,A,U,unresolved,official_json_routeSeq_exact_full_stop_pattern_plus_ordered_gtfs_stop_od,conflicting_published_amounts
exact_route_sequence_ordered_stop_od,GMB,line_gmb_2010797,gmb_2010797_1,2010797,1,1,20021382,20021400,unspecified_in_source,unspecified_in_source,unspecified_in_source,unspecified_in_source,unspecified_in_source,,,,pt_fare,,,not_encoded_in_source_revision_cutoff_only,2026-07-14,2026-07-20,,"[""gtfs:fare_rules.txt:867611|fare_attributes.txt:851295|fare_id:2010797-1-1-5"",""gtfs:fare_rules.txt:867627|fare_attributes.txt:870542|fare_id:2010797-1-1-21""]",data/transit/hongkong/PublicTransportGTFS/gtfs.zip,e5ad020b79d0020625a4e8eb5428c2253a07705b71bfb809d8a3fa178032ce06,2,2,ambiguous,"[{""fare_attribute_line"":851295,""fare_id"":""2010797-1-1-5"",""fare_rule_line"":867611,""price"":4.9},{""fare_attribute_line"":870542,""fare_id"":""2010797-1-1-21"",""fare_rule_line"":867627,""price"":8.8}]",ambiguous,A,U,unresolved,official_json_routeSeq_exact_full_stop_pattern_plus_ordered_gtfs_stop_od,conflicting_published_amounts
exact_route_sequence_ordered_stop_od,GMB,line_gmb_2010797,gmb_2010797_1,2010797,1,1,20021383,20021400,unspecified_in_source,unspecified_in_source,unspecified_in_source,unspecified_in_source,unspecified_in_source,,,,pt_fare,,,not_encoded_in_source_revision_cutoff_only,2026-07-14,2026-07-20,,"[""gtfs:fare_rules.txt:867633|fare_attributes.txt:851306|fare_id:2010797-1-2-5"",""gtfs:fare_rules.txt:867649|fare_attributes.txt:870553|fare_id:2010797-1-2-21""]",data/transit/hongkong/PublicTransportGTFS/gtfs.zip,e5ad020b79d0020625a4e8eb5428c2253a07705b71bfb809d8a3fa178032ce06,2,2,ambiguous,"[{""fare_attribute_line"":851306,""fare_id"":""2010797-1-2-5"",""fare_rule_line"":867633,""price"":4.9},{""fare_attribute_line"":870553,""fare_id"":""2010797-1-2-21"",""fare_rule_line"":867649,""price"":8.8}]",ambiguous,A,U,unresolved,official_json_routeSeq_exact_full_stop_pattern_plus_ordered_gtfs_stop_od,conflicting_published_amounts
exact_route_sequence_ordered_stop_od,GMB,line_gmb_2010797,gmb_2010797_1,2010797,1,1,20021384,20021400,unspecified_in_source,unspecified_in_source,unspecified_in_source,unspecified_in_source,unspecified_in_source,,,,pt_fare,,,not_encoded_in_source_revision_cutoff_only,2026-07-14,2026-07-20,,"[""gtfs:fare_rules.txt:867654|fare_attributes.txt:851316|fare_id:2010797-1-3-5"",""gtfs:fare_rules.txt:867670|fare_attributes.txt:870564|fare_id:2010797-1-3-21""]",data/transit/hongkong/PublicTransportGTFS/gtfs.zip,e5ad020b79d0020625a4e8eb5428c2253a07705b71bfb809d8a3fa178032ce06,2,2,ambiguous,"[{""fare_attribute_line"":851316,""fare_id"":""2010797-1-3-5"",""fare_rule_line"":867654,""price"":4.9},{""fare_attribute_line"":870564,""fare_id"":""2010797-1-3-21"",""fare_rule_line"":867670,""price"":8.8}]",ambiguous,A,U,unresolved,official_json_routeSeq_exact_full_stop_pattern_plus_ordered_gtfs_stop_od,conflicting_published_amounts
exact_route_sequence_ordered_stop_od,GMB,line_gmb_2010797,gmb_2010797_1,2010797,1,1,20021385,20021400,unspecified_in_source,unspecified_in_source,unspecified_in_source,unspecified_in_source,unspecified_in_source,,,,pt_fare,,,not_encoded_in_source_revision_cutoff_only,2026-07-14,2026-07-20,,"[""gtfs:fare_rules.txt:867674|fare_attributes.txt:851325|fare_id:2010797-1-4-5"",""gtfs:fare_rules.txt:867690|fare_attributes.txt:870575|fare_id:2010797-1-4-21""]",data/transit/hongkong/PublicTransportGTFS/gtfs.zip,e5ad020b79d0020625a4e8eb5428c2253a07705b71bfb809d8a3fa178032ce06,2,2,ambiguous,"[{""fare_attribute_line"":851325,""fare_id"":""2010797-1-4-5"",""fare_rule_line"":867674,""price"":4.9},{""fare_attribute_line"":870575,""fare_id"":""2010797-1-4-21"",""fare_rule_line"":867690,""price"":8.8}]",ambiguous,A,U,unresolved,official_json_routeSeq_exact_full_stop_pattern_plus_ordered_gtfs_stop_od,conflicting_published_amounts
exact_route_sequence_ordered_stop_od,GMB,line_gmb_2010797,gmb_2010797_1,2010797,1,1,20021400,20021382,unspecified_in_source,unspecified_in_source,unspecified_in_source,unspecified_in_source,unspecified_in_source,,,,pt_fare,,,not_encoded_in_source_revision_cutoff_only,2026-07-14,2026-07-20,,"[""gtfs:fare_rules.txt:867712|fare_attributes.txt:871282|fare_id:2010797-1-5-24"",""gtfs:fare_rules.txt:867880|fare_attributes.txt:852125|fare_id:2010797-1-21-24""]",data/transit/hongkong/PublicTransportGTFS/gtfs.zip,e5ad020b79d0020625a4e8eb5428c2253a07705b71bfb809d8a3fa178032ce06,2,2,ambiguous,"[{""fare_attribute_line"":871282,""fare_id"":""2010797-1-5-24"",""fare_rule_line"":867712,""price"":8.8},{""fare_attribute_line"":852125,""fare_id"":""2010797-1-21-24"",""fare_rule_line"":867880,""price"":4.9}]",ambiguous,A,U,unresolved,official_json_routeSeq_exact_full_stop_pattern_plus_ordered_gtfs_stop_od,conflicting_published_amounts
exact_route_sequence_ordered_stop_od,GMB,line_gmb_2010797,gmb_2010797_1,2010797,1,1,20021400,20021401,unspecified_in_source,unspecified_in_source,unspecified_in_source,unspecified_in_source,unspecified_in_source,,,,pt_fare,,,not_encoded_in_source_revision_cutoff_only,2026-07-14,2026-07-20,,"[""gtfs:fare_rules.txt:867710|fare_attributes.txt:871280|fare_id:2010797-1-5-22"",""gtfs:fare_rules.txt:867878|fare_attributes.txt:852123|fare_id:2010797-1-21-22""]",data/transit/hongkong/PublicTransportGTFS/gtfs.zip,e5ad020b79d0020625a4e8eb5428c2253a07705b71bfb809d8a3fa178032ce06,2,2,ambiguous,"[{""fare_attribute_line"":871280,""fare_id"":""2010797-1-5-22"",""fare_rule_line"":867710,""price"":8.8},{""fare_attribute_line"":852123,""fare_id"":""2010797-1-21-22"",""fare_rule_line"":867878,""price"":4.9}]",ambiguous,A,U,unresolved,official_json_routeSeq_exact_full_stop_pattern_plus_ordered_gtfs_stop_od,conflicting_published_amounts
exact_route_sequence_ordered_stop_od,GMB,line_gmb_2010797,gmb_2010797_1,2010797,1,1,20021400,20021402,unspecified_in_source,unspecified_in_source,unspecified_in_source,unspecified_in_source,unspecified_in_source,,,,pt_fare,,,not_encoded_in_source_revision_cutoff_only,2026-07-14,2026-07-20,,"[""gtfs:fare_rules.txt:867711|fare_attributes.txt:871281|fare_id:2010797-1-5-23"",""gtfs:fare_rules.txt:867879|fare_attributes.txt:852124|fare_id:2010797-1-21-23""]",data/transit/hongkong/PublicTransportGTFS/gtfs.zip,e5ad020b79d0020625a4e8eb5428c2253a07705b71bfb809d8a3fa178032ce06,2,2,ambiguous,"[{""fare_attribute_line"":871281,""fare_id"":""2010797-1-5-23"",""fare_rule_line"":867711,""price"":8.8},{""fare_attribute_line"":852124,""fare_id"":""2010797-1-21-23"",""fare_rule_line"":867879,""price"":4.9}]",ambiguous,A,U,unresolved,official_json_routeSeq_exact_full_stop_pattern_plus_ordered_gtfs_stop_od,conflicting_published_amounts
