mode,operator,official_route_id,official_route_sequence,route_name,adult_octopus_fare_hkd,source_record_last_update,source_id
bus,KMB,1001,1,1,6.7,2026-05-22,td_bus_route_fares_20260720
bus,KMB,1001,2,1,6.7,2026-05-22,td_bus_route_fares_20260720
bus,KMB,1002,1,10,5.6,2026-04-30,td_bus_route_fares_20260720
bus,KMB+CTB,1006,1,102P,12.9,2025-01-05,td_bus_route_fares_20260720
bus,KMB+CTB,1006,2,102P,12.9,2025-01-05,td_bus_route_fares_20260720
bus,KMB+CTB,1008,1,103,12.9,2025-01-05,td_bus_route_fares_20260720
bus,KMB+CTB,1008,2,103,12.9,2025-01-05,td_bus_route_fares_20260720
bus,KMB+CTB,1010,1,106,12.9,2026-07-06,td_bus_route_fares_20260720
bus,KMB+CTB,1010,2,106,12.9,2026-07-06,td_bus_route_fares_20260720
bus,KMB,1014,1,108,12.4,2025-01-05,td_bus_route_fares_20260720
bus,KMB,1014,2,108,12.4,2025-01-05,td_bus_route_fares_20260720
bus,KMB+CTB,1015,1,109,12.2,2025-01-05,td_bus_route_fares_20260720
bus,KMB+CTB,1015,2,109,12.2,2025-01-05,td_bus_route_fares_20260720
bus,KMB,1016,1,11,5.8,2025-01-05,td_bus_route_fares_20260720
bus,KMB,1016,2,11,5.8,2025-01-05,td_bus_route_fares_20260720
bus,KMB+CTB,1017,1,110,12.2,2025-07-18,td_bus_route_fares_20260720
bus,KMB+CTB,1019,1,112,12.2,2026-05-07,td_bus_route_fares_20260720
bus,KMB+CTB,1019,2,112,12.2,2026-05-07,td_bus_route_fares_20260720
bus,KMB+CTB,1021,1,115,12.2,2026-01-14,td_bus_route_fares_20260720
bus,KMB+CTB,1021,2,115,12.2,2026-01-14,td_bus_route_fares_20260720
bus,KMB+CTB,1022,1,115P,12.2,2026-01-14,td_bus_route_fares_20260720
bus,KMB+CTB,1023,1,116,12.9,2026-06-18,td_bus_route_fares_20260720
bus,KMB+CTB,1023,2,116,12.9,2026-06-18,td_bus_route_fares_20260720
bus,KMB+CTB,1024,1,117,12.2,2025-01-05,td_bus_route_fares_20260720
bus,KMB+CTB,1024,2,117,12.2,2025-01-05,td_bus_route_fares_20260720
bus,KMB,1027,1,11B,5.8,2026-03-20,td_bus_route_fares_20260720
bus,KMB,1027,2,11B,5.8,2026-03-20,td_bus_route_fares_20260720
bus,KMB,1028,1,11C,6.7,2026-05-15,td_bus_route_fares_20260720
bus,KMB,1028,2,11C,6.7,2026-05-15,td_bus_route_fares_20260720
bus,KMB,1029,1,11D,5.8,2026-05-08,td_bus_route_fares_20260720
bus,KMB,1029,2,11D,5.8,2026-05-08,td_bus_route_fares_20260720
bus,KMB,1030,1,11K,5.8,2025-01-05,td_bus_route_fares_20260720
bus,KMB,1030,2,11K,5.8,2025-01-05,td_bus_route_fares_20260720
bus,KMB,1031,1,11X,8.6,2025-01-05,td_bus_route_fares_20260720
bus,KMB,1031,2,11X,8.6,2025-01-05,td_bus_route_fares_20260720
bus,KMB,1032,1,12,5.6,2025-01-05,td_bus_route_fares_20260720
bus,KMB,1032,2,12,5.6,2025-01-05,td_bus_route_fares_20260720
bus,KMB,1033,1,12A,5.8,2026-05-08,td_bus_route_fares_20260720
bus,KMB,1033,2,12A,5.8,2026-05-08,td_bus_route_fares_20260720
bus,KMB,1034,1,13D,7.8,2026-05-15,td_bus_route_fares_20260720
bus,KMB,1034,2,13D,7.8,2026-05-15,td_bus_route_fares_20260720
bus,KMB,1035,1,13M,5.1,2026-06-29,td_bus_route_fares_20260720
bus,KMB,1036,1,13P,7.8,2025-01-05,td_bus_route_fares_20260720
bus,KMB,1037,1,13X,8.6,2026-05-08,td_bus_route_fares_20260720
bus,KMB,1037,2,13X,8.6,2026-05-08,td_bus_route_fares_20260720
bus,KMB,1038,1,14,7.8,2026-05-04,td_bus_route_fares_20260720
bus,KMB,1038,2,14,7.8,2026-05-04,td_bus_route_fares_20260720
bus,KMB,1039,1,14B,5.8,2025-01-05,td_bus_route_fares_20260720
bus,KMB,1039,2,14B,5.8,2025-01-05,td_bus_route_fares_20260720
bus,KMB,1040,1,14X,8.6,2025-06-02,td_bus_route_fares_20260720
bus,KMB,1041,1,15,7.8,2026-04-30,td_bus_route_fares_20260720
bus,KMB,1041,2,15,7.8,2026-04-30,td_bus_route_fares_20260720
bus,KMB,1042,1,15A,6.7,2026-05-08,td_bus_route_fares_20260720
bus,KMB,1042,2,15A,6.7,2026-05-08,td_bus_route_fares_20260720
bus,KMB,1044,1,16,7.8,2026-05-08,td_bus_route_fares_20260720
bus,KMB,1044,2,16,7.8,2026-05-08,td_bus_route_fares_20260720
bus,KMB,1045,1,16M,5.2,2026-06-29,td_bus_route_fares_20260720
bus,KMB,1046,1,17,6.7,2026-05-15,td_bus_route_fares_20260720
bus,KMB,1046,2,17,6.7,2026-05-15,td_bus_route_fares_20260720
bus,KMB+CTB,1047,1,170,20.8,2025-05-14,td_bus_route_fares_20260720
bus,KMB+CTB,1047,2,170,20.8,2025-05-14,td_bus_route_fares_20260720
bus,KMB,1050,1,18,5.6,2025-01-05,td_bus_route_fares_20260720
bus,KMB+CTB,1051,1,182,20.8,2026-01-14,td_bus_route_fares_20260720
bus,KMB+CTB,1051,2,182,20.8,2026-01-14,td_bus_route_fares_20260720
bus,KMB,1053,1,1A,8.2,2026-04-22,td_bus_route_fares_20260720
bus,KMB,1053,2,1A,8.2,2026-04-22,td_bus_route_fares_20260720
bus,KMB,1054,1,2,5.6,2026-04-17,td_bus_route_fares_20260720
bus,KMB,1054,2,2,5.6,2026-04-17,td_bus_route_fares_20260720
bus,KMB,1056,1,203E,6.7,2026-05-04,td_bus_route_fares_20260720
bus,KMB,1056,2,203E,6.7,2026-05-04,td_bus_route_fares_20260720
bus,KMB,1057,1,208,9.3,2025-01-05,td_bus_route_fares_20260720
bus,KMB,1057,2,208,9.3,2025-01-05,td_bus_route_fares_20260720
bus,KMB,1058,1,21,5.6,2025-01-17,td_bus_route_fares_20260720
bus,KMB,1058,2,21,5.6,2025-01-17,td_bus_route_fares_20260720
bus,KMB,1059,1,211,4.6,2025-01-05,td_bus_route_fares_20260720
bus,KMB,1061,1,215X,8.6,2026-02-23,td_bus_route_fares_20260720
bus,KMB,1061,2,215X,8.6,2026-02-23,td_bus_route_fares_20260720
bus,KMB,1062,1,216M,4.0,2026-05-04,td_bus_route_fares_20260720
bus,KMB,1064,1,219X,8.6,2026-04-10,td_bus_route_fares_20260720
bus,KMB,1066,1,224X,8.6,2025-06-02,td_bus_route_fares_20260720
bus,KMB,1067,1,23,5.6,2025-12-24,td_bus_route_fares_20260720
bus,KMB,1068,1,230X,11.0,2025-01-05,td_bus_route_fares_20260720
bus,KMB,1069,1,234A,7.1,2025-01-05,td_bus_route_fares_20260720
bus,KMB,1069,2,234A,7.1,2025-01-05,td_bus_route_fares_20260720
bus,KMB,1070,1,234B,5.8,2025-01-05,td_bus_route_fares_20260720
bus,KMB,1070,2,234B,5.8,2025-01-05,td_bus_route_fares_20260720
bus,KMB,1071,1,234P,10.2,2025-01-05,td_bus_route_fares_20260720
bus,KMB,1073,1,234X,10.2,2026-06-29,td_bus_route_fares_20260720
bus,KMB,1073,2,234X,10.2,2026-06-29,td_bus_route_fares_20260720
bus,KMB,1074,1,235,5.1,2026-06-26,td_bus_route_fares_20260720
bus,KMB,1075,1,235M,4.8,2025-01-05,td_bus_route_fares_20260720
bus,KMB,1075,2,235M,4.8,2025-01-05,td_bus_route_fares_20260720
bus,KMB,1077,1,238M,4.3,2025-01-05,td_bus_route_fares_20260720
bus,KMB,1077,2,238M,4.3,2025-01-05,td_bus_route_fares_20260720
bus,KMB,1078,1,238P,9.3,2026-05-08,td_bus_route_fares_20260720
bus,KMB,1079,1,238X,9.3,2026-05-08,td_bus_route_fares_20260720
bus,KMB,1079,2,238X,9.3,2026-05-08,td_bus_route_fares_20260720
bus,KMB,1081,1,24,5.8,2025-12-15,td_bus_route_fares_20260720
bus,KMB,1083,1,243M,5.8,2026-06-22,td_bus_route_fares_20260720
bus,KMB,1083,2,243M,5.8,2026-06-22,td_bus_route_fares_20260720
bus,KMB,1084,1,243P,5.8,2025-01-05,td_bus_route_fares_20260720
bus,KMB,1085,1,248M,4.8,2025-04-25,td_bus_route_fares_20260720
bus,KMB,1087,1,249M,4.8,2025-07-07,td_bus_route_fares_20260720
bus,KMB,1088,1,249X,10.4,2026-06-15,td_bus_route_fares_20260720
bus,KMB,1088,2,249X,10.4,2026-06-15,td_bus_route_fares_20260720
bus,KMB,1089,1,252B,14.7,2026-01-19,td_bus_route_fares_20260720
bus,KMB,1090,1,258P,18.8,2026-01-19,td_bus_route_fares_20260720
bus,KMB,1091,1,258D,18.8,2026-04-30,td_bus_route_fares_20260720
bus,KMB,1091,2,258D,18.8,2026-04-30,td_bus_route_fares_20260720
bus,KMB,1092,1,259B,16.3,2026-01-19,td_bus_route_fares_20260720
bus,KMB,1093,1,259C,15.5,2026-01-19,td_bus_route_fares_20260720
bus,KMB,1094,1,259D,18.8,2026-05-15,td_bus_route_fares_20260720
bus,KMB,1094,2,259D,18.8,2026-05-15,td_bus_route_fares_20260720
bus,KMB,1095,1,259E,10.2,2025-11-07,td_bus_route_fares_20260720
bus,KMB,1096,1,26,7.8,2026-06-30,td_bus_route_fares_20260720
bus,KMB,1096,2,26,7.8,2026-06-30,td_bus_route_fares_20260720
bus,KMB,1098,1,260B,15.5,2026-01-19,td_bus_route_fares_20260720
bus,KMB,1099,1,260C,11.0,2026-01-19,td_bus_route_fares_20260720
bus,KMB,1099,2,260C,11.0,2026-01-19,td_bus_route_fares_20260720
bus,KMB,1101,1,260X,17.2,2025-09-05,td_bus_route_fares_20260720
bus,KMB,1101,2,260X,17.2,2025-09-05,td_bus_route_fares_20260720
bus,KMB,1102,1,261,15.4,2026-01-19,td_bus_route_fares_20260720
bus,KMB,1102,2,261,15.4,2026-01-19,td_bus_route_fares_20260720
bus,KMB,1103,1,261B,15.5,2026-01-19,td_bus_route_fares_20260720
bus,KMB,1104,1,261P,15.4,2025-03-21,td_bus_route_fares_20260720
bus,KMB,1105,1,263,16.9,2025-09-05,td_bus_route_fares_20260720
bus,KMB,1105,2,263,16.9,2025-09-05,td_bus_route_fares_20260720
bus,KMB,1108,1,265B,17.2,2025-01-05,td_bus_route_fares_20260720
bus,KMB,1108,2,265B,17.2,2025-01-05,td_bus_route_fares_20260720
bus,KMB,1109,1,265M,12.5,2026-01-19,td_bus_route_fares_20260720
bus,KMB,1109,2,265M,12.5,2026-01-19,td_bus_route_fares_20260720
bus,KMB,1111,1,265S,17.2,2026-01-19,td_bus_route_fares_20260720
bus,KMB,1113,1,268B,20.8,2025-09-23,td_bus_route_fares_20260720
bus,KMB,1113,2,268B,20.8,2025-09-23,td_bus_route_fares_20260720
bus,KMB,1114,1,268C,20.8,2025-01-05,td_bus_route_fares_20260720
bus,KMB,1114,2,268C,20.8,2025-01-05,td_bus_route_fares_20260720
bus,KMB,1115,1,269B,20.8,2025-01-05,td_bus_route_fares_20260720
bus,KMB,1115,2,269B,20.8,2025-01-05,td_bus_route_fares_20260720
bus,KMB,1116,1,269C,20.8,2025-01-05,td_bus_route_fares_20260720
bus,KMB,1116,2,269C,20.8,2025-01-05,td_bus_route_fares_20260720
bus,KMB,1117,1,269D,18.5,2025-09-26,td_bus_route_fares_20260720
bus,KMB,1117,2,269D,18.5,2025-09-26,td_bus_route_fares_20260720
bus,KMB,1118,1,269M,12.5,2025-11-10,td_bus_route_fares_20260720
bus,KMB,1118,2,269M,12.5,2025-11-10,td_bus_route_fares_20260720
bus,KMB,1119,1,26M,5.6,2026-02-27,td_bus_route_fares_20260720
bus,KMB,1120,1,27,5.6,2026-07-03,td_bus_route_fares_20260720
bus,KMB,1121,1,270,4.3,2025-01-05,td_bus_route_fares_20260720
bus,KMB,1122,1,270A,16.9,2025-01-05,td_bus_route_fares_20260720
bus,KMB,1122,2,270A,16.9,2025-01-05,td_bus_route_fares_20260720
bus,KMB,1123,1,271,12.5,2025-01-06,td_bus_route_fares_20260720
bus,KMB,1123,2,271,12.5,2025-01-06,td_bus_route_fares_20260720
bus,KMB,1124,1,272K,4.6,2025-01-17,td_bus_route_fares_20260720
bus,KMB,1125,1,272P,12.5,2025-01-05,td_bus_route_fares_20260720
bus,KMB,1125,2,272P,12.5,2025-01-05,td_bus_route_fares_20260720
bus,KMB,1126,1,272S,8.6,2025-12-22,td_bus_route_fares_20260720
bus,KMB,1126,2,272S,8.6,2025-12-22,td_bus_route_fares_20260720
bus,KMB,1127,1,273,4.3,2026-07-10,td_bus_route_fares_20260720
bus,KMB,1128,1,273A,5.1,2026-01-06,td_bus_route_fares_20260720
bus,KMB,1129,1,273B,4.3,2026-05-07,td_bus_route_fares_20260720
bus,KMB,1130,1,273C,14.7,2025-12-15,td_bus_route_fares_20260720
bus,KMB,1131,1,273P,11.5,2025-08-22,td_bus_route_fares_20260720
bus,KMB,1132,1,273S,4.3,2025-07-04,td_bus_route_fares_20260720
bus,KMB,1133,1,274P,9.1,2025-12-19,td_bus_route_fares_20260720
bus,KMB,1133,2,274P,9.1,2025-12-19,td_bus_route_fares_20260720
bus,KMB,1135,1,275R,12.7,2025-01-05,td_bus_route_fares_20260720
bus,KMB,1135,2,275R,12.7,2025-01-05,td_bus_route_fares_20260720
bus,KMB,1137,1,276,10.5,2026-03-13,td_bus_route_fares_20260720
bus,KMB,1137,2,276,10.5,2026-03-13,td_bus_route_fares_20260720
bus,KMB,1138,1,276A,10.5,2026-02-27,td_bus_route_fares_20260720
bus,KMB,1138,2,276A,10.5,2026-02-27,td_bus_route_fares_20260720
bus,KMB,1139,1,276B,10.5,2025-01-05,td_bus_route_fares_20260720
bus,KMB,1139,2,276B,10.5,2025-01-05,td_bus_route_fares_20260720
bus,KMB,1140,1,276P,10.5,2026-03-13,td_bus_route_fares_20260720
bus,KMB,1140,2,276P,10.5,2026-03-13,td_bus_route_fares_20260720
bus,KMB,1141,1,273D,5.1,2026-06-10,td_bus_route_fares_20260720
bus,KMB,1142,1,277X,16.9,2026-04-13,td_bus_route_fares_20260720
bus,KMB,1142,2,277X,16.9,2026-04-13,td_bus_route_fares_20260720
bus,KMB,1143,1,278K,4.3,2025-09-16,td_bus_route_fares_20260720
bus,KMB,1144,1,278P,14.7,2025-09-26,td_bus_route_fares_20260720
bus,KMB,1145,1,278X,14.7,2025-01-05,td_bus_route_fares_20260720
bus,KMB,1145,2,278X,14.7,2025-01-05,td_bus_route_fares_20260720
bus,KMB,1146,1,279X,17.1,2026-04-13,td_bus_route_fares_20260720
bus,KMB,1146,2,279X,17.1,2026-04-13,td_bus_route_fares_20260720
bus,KMB,1147,1,28,6.7,2026-05-04,td_bus_route_fares_20260720
bus,KMB,1147,2,28,6.7,2026-05-04,td_bus_route_fares_20260720
bus,KMB,1149,1,281A,9.0,2026-01-06,td_bus_route_fares_20260720
bus,KMB,1149,2,281A,9.0,2026-01-06,td_bus_route_fares_20260720
bus,KMB,1150,1,282,4.6,2025-01-05,td_bus_route_fares_20260720
bus,KMB,1151,1,283,5.1,2025-01-05,td_bus_route_fares_20260720
bus,KMB,1152,1,284,4.6,2026-05-04,td_bus_route_fares_20260720
bus,KMB,1154,1,289K,5.3,2026-05-04,td_bus_route_fares_20260720
bus,KMB,1156,1,292P,9.0,2025-01-05,td_bus_route_fares_20260720
bus,KMB,1157,1,296A,5.8,2025-01-05,td_bus_route_fares_20260720
bus,KMB,1158,1,296C,9.6,2025-12-15,td_bus_route_fares_20260720
bus,KMB,1158,2,296C,9.6,2025-12-15,td_bus_route_fares_20260720
bus,KMB,1160,1,296M,5.8,2025-05-23,td_bus_route_fares_20260720
bus,KMB,1160,2,296M,5.8,2025-05-23,td_bus_route_fares_20260720
bus,KMB,1161,1,297,11.3,2025-12-15,td_bus_route_fares_20260720
bus,KMB,1161,2,297,11.3,2025-12-15,td_bus_route_fares_20260720
bus,KMB,1162,1,298E,5.8,2025-12-18,td_bus_route_fares_20260720
bus,KMB,1163,1,299X,11.7,2026-06-18,td_bus_route_fares_20260720
bus,KMB,1163,2,299X,11.7,2026-06-18,td_bus_route_fares_20260720
bus,KMB,1164,1,29M,5.1,2026-06-22,td_bus_route_fares_20260720
bus,KMB,1165,1,2A,6.7,2026-05-22,td_bus_route_fares_20260720
bus,KMB,1165,2,2A,6.7,2026-05-22,td_bus_route_fares_20260720
bus,KMB,1166,1,2B,5.6,2025-01-05,td_bus_route_fares_20260720
bus,KMB,1166,2,2B,5.6,2025-01-05,td_bus_route_fares_20260720
bus,KMB,1168,1,2D,5.6,2025-01-05,td_bus_route_fares_20260720
bus,KMB,1168,2,2D,5.6,2025-01-05,td_bus_route_fares_20260720
bus,KMB,1169,1,2E,5.8,2026-03-27,td_bus_route_fares_20260720
bus,KMB,1169,2,2E,5.8,2026-03-27,td_bus_route_fares_20260720
bus,KMB,1170,1,2F,6.7,2026-04-17,td_bus_route_fares_20260720
bus,KMB,1170,2,2F,6.7,2026-04-17,td_bus_route_fares_20260720
bus,KMB,1171,1,30,7.4,2025-06-27,td_bus_route_fares_20260720
bus,KMB,1171,2,30,7.4,2025-06-27,td_bus_route_fares_20260720
bus,KMB+CTB,1174,1,985,20.8,2025-01-05,td_bus_route_fares_20260720
bus,KMB,1176,1,30X,10.2,2025-05-19,td_bus_route_fares_20260720
bus,KMB,1176,2,30X,10.2,2025-05-19,td_bus_route_fares_20260720
bus,KMB,1177,1,31,5.1,2026-06-22,td_bus_route_fares_20260720
bus,KMB,1178,1,31B,6.7,2025-01-05,td_bus_route_fares_20260720
bus,KMB,1178,2,31B,6.7,2025-01-05,td_bus_route_fares_20260720
bus,KMB,1179,1,31M,4.8,2025-01-05,td_bus_route_fares_20260720
bus,KMB,1179,2,31M,4.8,2025-01-05,td_bus_route_fares_20260720
bus,KMB,1180,1,32,7.8,2025-01-05,td_bus_route_fares_20260720
bus,KMB,1180,2,32,7.8,2025-01-05,td_bus_route_fares_20260720
bus,KMB,1182,1,32M,5.4,2025-09-05,td_bus_route_fares_20260720
bus,KMB,1184,1,33A,7.4,2025-01-05,td_bus_route_fares_20260720
bus,KMB,1184,2,33A,7.4,2025-01-05,td_bus_route_fares_20260720
bus,KMB,1185,1,34,5.7,2026-06-22,td_bus_route_fares_20260720
bus,KMB,1185,2,34,5.7,2026-06-22,td_bus_route_fares_20260720
bus,KMB,1186,1,34M,4.6,2025-11-06,td_bus_route_fares_20260720
bus,KMB,1187,1,35A,8.8,2026-06-12,td_bus_route_fares_20260720
bus,KMB,1187,2,35A,8.8,2026-06-12,td_bus_route_fares_20260720
bus,KMB,1189,1,36,5.1,2025-07-04,td_bus_route_fares_20260720
bus,KMB,1191,1,36B,7.8,2026-02-06,td_bus_route_fares_20260720
bus,KMB,1191,2,36B,7.8,2026-02-06,td_bus_route_fares_20260720
bus,KMB,1192,1,36M,4.8,2026-05-15,td_bus_route_fares_20260720
bus,KMB,1192,2,36M,4.8,2026-05-15,td_bus_route_fares_20260720
bus,KMB,1193,1,37,6.7,2026-06-26,td_bus_route_fares_20260720
bus,KMB,1193,2,37,6.7,2026-06-26,td_bus_route_fares_20260720
bus,KMB,1194,1,373,27.9,2025-01-28,td_bus_route_fares_20260720
bus,KMB,1194,2,373,27.9,2025-01-28,td_bus_route_fares_20260720
bus,KMB,1195,1,978,27.9,2025-03-28,td_bus_route_fares_20260720
bus,KMB,1195,2,978,27.9,2025-03-28,td_bus_route_fares_20260720
bus,KMB,1196,1,37M,4.6,2026-06-12,td_bus_route_fares_20260720
bus,KMB,1197,1,38,10.0,2026-05-11,td_bus_route_fares_20260720
bus,KMB,1197,2,38,10.0,2026-05-11,td_bus_route_fares_20260720
bus,KMB,1198,1,38A,5.4,2025-07-04,td_bus_route_fares_20260720
bus,KMB,1198,2,38A,5.4,2025-07-04,td_bus_route_fares_20260720
bus,KMB,1200,1,39A,5.1,2025-01-05,td_bus_route_fares_20260720
bus,KMB,1201,1,39M,4.3,2026-03-27,td_bus_route_fares_20260720
bus,KMB,1202,1,3B,5.8,2025-04-25,td_bus_route_fares_20260720
bus,KMB,1202,2,3B,5.8,2025-04-25,td_bus_route_fares_20260720
bus,KMB,1203,1,3C,6.7,2025-01-05,td_bus_route_fares_20260720
bus,KMB,1203,2,3C,6.7,2025-01-05,td_bus_route_fares_20260720
bus,KMB,1204,1,3D,5.8,2026-06-05,td_bus_route_fares_20260720
bus,KMB,1204,2,3D,5.8,2026-06-05,td_bus_route_fares_20260720
bus,KMB,1205,1,3M,5.1,2025-01-05,td_bus_route_fares_20260720
bus,KMB,1205,2,3M,5.1,2025-01-05,td_bus_route_fares_20260720
bus,KMB,1207,1,40,10.1,2025-12-19,td_bus_route_fares_20260720
bus,KMB,1207,2,40,10.1,2025-12-19,td_bus_route_fares_20260720
bus,KMB,1208,1,40X,10.4,2026-01-05,td_bus_route_fares_20260720
bus,KMB,1208,2,40X,10.4,2026-01-05,td_bus_route_fares_20260720
bus,KMB,1210,1,41A,10.2,2025-01-05,td_bus_route_fares_20260720
bus,KMB,1210,2,41A,10.2,2025-01-05,td_bus_route_fares_20260720
bus,KMB,1211,1,41M,5.4,2026-06-15,td_bus_route_fares_20260720
bus,KMB,1211,2,41M,5.4,2026-06-15,td_bus_route_fares_20260720
bus,KMB,1213,1,42,9.3,2025-01-05,td_bus_route_fares_20260720
bus,KMB,1213,2,42,9.3,2025-01-05,td_bus_route_fares_20260720
bus,KMB,1214,1,42A,7.8,2026-02-06,td_bus_route_fares_20260720
bus,KMB,1214,2,42A,7.8,2026-02-06,td_bus_route_fares_20260720
bus,KMB,1215,1,42C,11.0,2025-10-10,td_bus_route_fares_20260720
bus,KMB,1215,2,42C,11.0,2025-10-10,td_bus_route_fares_20260720
bus,KMB,1216,1,42M,5.4,2025-03-14,td_bus_route_fares_20260720
bus,KMB,1216,2,42M,5.4,2025-03-14,td_bus_route_fares_20260720
bus,KMB,1217,1,43,5.4,2026-06-15,td_bus_route_fares_20260720
bus,KMB,1217,2,43,5.4,2026-06-15,td_bus_route_fares_20260720
bus,KMB,1218,1,43A,5.4,2025-07-04,td_bus_route_fares_20260720
bus,KMB,1218,2,43A,5.4,2025-07-04,td_bus_route_fares_20260720
bus,KMB,1219,1,43B,5.4,2025-03-21,td_bus_route_fares_20260720
bus,KMB,1219,2,43B,5.4,2025-03-21,td_bus_route_fares_20260720
bus,KMB,1220,1,43C,7.8,2026-01-05,td_bus_route_fares_20260720
bus,KMB,1221,1,43M,5.1,2025-06-27,td_bus_route_fares_20260720
bus,KMB,1222,1,43P,10.4,2025-10-20,td_bus_route_fares_20260720
bus,KMB,1222,2,43P,10.4,2025-10-20,td_bus_route_fares_20260720
bus,KMB,1223,1,43X,10.4,2025-01-05,td_bus_route_fares_20260720
bus,KMB,1223,2,43X,10.4,2025-01-05,td_bus_route_fares_20260720
bus,KMB,1224,1,44,7.4,2026-06-22,td_bus_route_fares_20260720
bus,KMB,1224,2,44,7.4,2026-06-22,td_bus_route_fares_20260720
bus,KMB,1225,1,44M,5.4,2025-02-28,td_bus_route_fares_20260720
bus,KMB,1225,2,44M,5.4,2025-02-28,td_bus_route_fares_20260720
bus,KMB,1228,1,45,7.9,2026-05-22,td_bus_route_fares_20260720
bus,KMB,1228,2,45,7.9,2026-05-22,td_bus_route_fares_20260720
bus,KMB,1229,1,46,6.7,2025-01-05,td_bus_route_fares_20260720
bus,KMB,1229,2,46,6.7,2025-01-05,td_bus_route_fares_20260720
bus,KMB,1232,1,46X,9.3,2025-12-29,td_bus_route_fares_20260720
bus,KMB,1232,2,46X,9.3,2025-12-29,td_bus_route_fares_20260720
bus,KMB,1233,1,47X,9.3,2025-01-05,td_bus_route_fares_20260720
bus,KMB,1233,2,47X,9.3,2025-01-05,td_bus_route_fares_20260720
bus,KMB,1234,1,48X,9.3,2026-02-27,td_bus_route_fares_20260720
bus,KMB,1234,2,48X,9.3,2026-02-27,td_bus_route_fares_20260720
bus,KMB,1235,1,49P,10.4,2025-01-05,td_bus_route_fares_20260720
bus,KMB,1236,1,49X,10.4,2026-01-06,td_bus_route_fares_20260720
bus,KMB,1236,2,49X,10.4,2026-01-06,td_bus_route_fares_20260720
bus,KMB,1237,1,5,6.7,2026-05-08,td_bus_route_fares_20260720
bus,KMB,1237,2,5,6.7,2026-05-08,td_bus_route_fares_20260720
bus,KMB,1238,1,51,10.2,2025-01-05,td_bus_route_fares_20260720
bus,KMB,1239,1,52X,14.6,2026-02-27,td_bus_route_fares_20260720
bus,KMB,1239,2,52X,14.6,2026-02-27,td_bus_route_fares_20260720
bus,KMB,1240,1,53,12.2,2025-07-25,td_bus_route_fares_20260720
bus,KMB,1240,2,53,12.2,2025-07-25,td_bus_route_fares_20260720
bus,KMB,1242,1,57M,10.8,2026-05-04,td_bus_route_fares_20260720
bus,KMB,1242,2,57M,10.8,2026-05-04,td_bus_route_fares_20260720
bus,KMB,1243,1,58M,10.8,2025-11-21,td_bus_route_fares_20260720
bus,KMB,1243,2,58M,10.8,2025-11-21,td_bus_route_fares_20260720
bus,KMB,1244,1,58P,10.8,2025-09-26,td_bus_route_fares_20260720
bus,KMB,1245,1,58X,14.6,2026-05-08,td_bus_route_fares_20260720
bus,KMB,1245,2,58X,14.6,2026-05-08,td_bus_route_fares_20260720
bus,KMB,1246,1,59A,10.8,2026-01-19,td_bus_route_fares_20260720
bus,KMB,1246,2,59A,10.8,2026-01-19,td_bus_route_fares_20260720
bus,KMB,1247,1,59M,9.6,2026-05-22,td_bus_route_fares_20260720
bus,KMB,1247,2,59M,9.6,2026-05-22,td_bus_route_fares_20260720
bus,KMB,1249,1,59X,14.6,2026-03-30,td_bus_route_fares_20260720
bus,KMB,1249,2,59X,14.6,2026-03-30,td_bus_route_fares_20260720
bus,KMB,1250,1,5A,5.1,2025-01-05,td_bus_route_fares_20260720
bus,KMB,1250,2,5A,5.1,2025-01-05,td_bus_route_fares_20260720
bus,KMB,1251,1,5C,6.7,2025-07-25,td_bus_route_fares_20260720
bus,KMB,1251,2,5C,6.7,2025-07-25,td_bus_route_fares_20260720
bus,KMB,1252,1,5D,6.7,2025-12-18,td_bus_route_fares_20260720
bus,KMB,1253,1,6,5.8,2026-07-03,td_bus_route_fares_20260720
bus,KMB,1253,2,6,5.8,2026-07-03,td_bus_route_fares_20260720
bus,KMB,1256,1,603,13.9,2025-01-17,td_bus_route_fares_20260720
bus,KMB,1256,2,603,13.9,2025-01-17,td_bus_route_fares_20260720
bus,KMB,1257,1,603P,13.9,2025-06-20,td_bus_route_fares_20260720
bus,KMB,1258,1,603S,13.9,2025-01-17,td_bus_route_fares_20260720
bus,KMB+CTB,1259,1,606,12.9,2025-05-08,td_bus_route_fares_20260720
bus,KMB+CTB,1259,2,606,12.9,2025-05-08,td_bus_route_fares_20260720
bus,KMB,1261,1,60M,9.6,2026-05-08,td_bus_route_fares_20260720
bus,KMB,1261,2,60M,9.6,2026-05-08,td_bus_route_fares_20260720
bus,KMB,1262,1,60X,14.6,2026-02-27,td_bus_route_fares_20260720
bus,KMB,1262,2,60X,14.6,2026-02-27,td_bus_route_fares_20260720
bus,KMB+CTB,1263,1,619,12.9,2026-05-15,td_bus_route_fares_20260720
bus,KMB+CTB,1263,2,619,12.9,2026-05-15,td_bus_route_fares_20260720
bus,KMB+CTB,1264,1,619P,12.9,2026-01-14,td_bus_route_fares_20260720
bus,KMB,1265,1,61M,10.4,2026-05-29,td_bus_route_fares_20260720
bus,KMB,1265,2,61M,10.4,2026-05-29,td_bus_route_fares_20260720
bus,KMB,1266,1,61X,15.8,2026-03-20,td_bus_route_fares_20260720
bus,KMB,1266,2,61X,15.8,2026-03-20,td_bus_route_fares_20260720
bus,KMB+CTB,1267,1,621,13.8,2025-01-05,td_bus_route_fares_20260720
bus,KMB+CTB,1267,2,621,13.8,2025-01-05,td_bus_route_fares_20260720
bus,KMB,1268,1,62X,18.8,2026-01-19,td_bus_route_fares_20260720
bus,KMB,1268,2,62X,18.8,2026-01-19,td_bus_route_fares_20260720
bus,KMB,1269,1,63X,16.2,2025-01-05,td_bus_route_fares_20260720
bus,KMB,1269,2,63X,16.2,2025-01-05,td_bus_route_fares_20260720
bus,KMB+CTB,1270,1,641,13.8,2026-01-14,td_bus_route_fares_20260720
bus,KMB+CTB,1270,2,641,13.8,2026-01-14,td_bus_route_fares_20260720
bus,KMB+CTB,1271,1,619X,12.9,2026-01-14,td_bus_route_fares_20260720
bus,KMB+CTB,1271,2,619X,12.9,2026-01-14,td_bus_route_fares_20260720
bus,KMB,1273,1,65K,6.7,2025-01-05,td_bus_route_fares_20260720
bus,KMB,1275,1,66M,9.6,2025-10-31,td_bus_route_fares_20260720
bus,KMB,1275,2,66M,9.6,2025-10-31,td_bus_route_fares_20260720
bus,KMB,1277,1,66X,14.6,2026-05-11,td_bus_route_fares_20260720
bus,KMB,1277,2,66X,14.6,2026-05-11,td_bus_route_fares_20260720
bus,KMB+CTB,1278,1,671,14.7,2025-01-05,td_bus_route_fares_20260720
bus,KMB+CTB,1278,2,671,14.7,2025-01-05,td_bus_route_fares_20260720
bus,KMB,1279,1,67M,10.8,2025-01-05,td_bus_route_fares_20260720
bus,KMB,1279,2,67M,10.8,2025-01-05,td_bus_route_fares_20260720
bus,KMB,1280,1,67X,14.6,2026-05-15,td_bus_route_fares_20260720
bus,KMB,1280,2,67X,14.6,2026-05-15,td_bus_route_fares_20260720
bus,KMB+CTB,1284,1,681,24.4,2025-01-05,td_bus_route_fares_20260720
bus,KMB+CTB,1284,2,681,24.4,2025-01-05,td_bus_route_fares_20260720
bus,KMB+CTB,1285,1,681P,24.4,2025-01-05,td_bus_route_fares_20260720
bus,KMB+CTB,1285,2,681P,24.4,2025-01-05,td_bus_route_fares_20260720
bus,KMB,1286,1,68A,12.6,2026-05-15,td_bus_route_fares_20260720
bus,KMB,1286,2,68A,12.6,2026-05-15,td_bus_route_fares_20260720
bus,KMB,1287,1,68M,11.5,2026-01-19,td_bus_route_fares_20260720
bus,KMB,1287,2,68M,11.5,2026-01-19,td_bus_route_fares_20260720
bus,KMB,1288,1,68X,16.2,2026-05-15,td_bus_route_fares_20260720
bus,KMB,1288,2,68X,16.2,2026-05-15,td_bus_route_fares_20260720
bus,KMB+CTB,1289,1,690,17.8,2025-01-05,td_bus_route_fares_20260720
bus,KMB+CTB,1289,2,690,17.8,2025-01-05,td_bus_route_fares_20260720
bus,KMB+CTB,1290,1,690P,17.8,2025-01-05,td_bus_route_fares_20260720
bus,KMB,1293,1,69M,12.5,2025-09-26,td_bus_route_fares_20260720
bus,KMB,1293,2,69M,12.5,2025-09-26,td_bus_route_fares_20260720
bus,KMB,1294,1,69P,11.5,2026-01-19,td_bus_route_fares_20260720
bus,KMB,1295,1,69X,17.2,2025-01-05,td_bus_route_fares_20260720
bus,KMB,1295,2,69X,17.2,2025-01-05,td_bus_route_fares_20260720
bus,KMB,1297,1,6C,6.7,2026-04-20,td_bus_route_fares_20260720
bus,KMB,1297,2,6C,6.7,2026-04-20,td_bus_route_fares_20260720
bus,KMB,1298,1,6D,6.7,2026-05-08,td_bus_route_fares_20260720
bus,KMB,1298,2,6D,6.7,2026-05-08,td_bus_route_fares_20260720
bus,KMB,1299,1,6F,5.6,2026-03-27,td_bus_route_fares_20260720
bus,KMB,1299,2,6F,5.6,2026-03-27,td_bus_route_fares_20260720
bus,KMB,1300,1,7,5.6,2026-03-30,td_bus_route_fares_20260720
bus,KMB,1300,2,7,5.6,2026-03-30,td_bus_route_fares_20260720
bus,KMB,1302,1,70K,5.6,2025-05-06,td_bus_route_fares_20260720
bus,KMB,1304,1,71A,4.8,2025-01-05,td_bus_route_fares_20260720
bus,KMB,1304,2,71A,4.8,2025-01-05,td_bus_route_fares_20260720
bus,KMB,1305,1,71B,2.6,2025-07-04,td_bus_route_fares_20260720
bus,KMB,1306,1,71K,5.4,2025-01-05,td_bus_route_fares_20260720
bus,KMB,1306,2,71K,5.4,2025-01-05,td_bus_route_fares_20260720
bus,KMB,1307,1,71S,5.1,2026-04-24,td_bus_route_fares_20260720
bus,KMB,1308,1,72,11.0,2025-01-05,td_bus_route_fares_20260720
bus,KMB,1308,2,72,11.0,2025-01-05,td_bus_route_fares_20260720
bus,KMB,1309,1,72A,9.6,2025-03-14,td_bus_route_fares_20260720
bus,KMB,1309,2,72A,9.6,2025-03-14,td_bus_route_fares_20260720
bus,KMB,1310,1,72X,11.5,2025-11-24,td_bus_route_fares_20260720
bus,KMB,1310,2,72X,11.5,2025-11-24,td_bus_route_fares_20260720
bus,KMB,1311,1,73,7.8,2025-01-05,td_bus_route_fares_20260720
bus,KMB,1311,2,73,7.8,2025-01-05,td_bus_route_fares_20260720
bus,KMB,1312,1,73A,12.1,2025-01-05,td_bus_route_fares_20260720
bus,KMB,1312,2,73A,12.1,2025-01-05,td_bus_route_fares_20260720
bus,KMB,1313,1,73K,5.1,2025-05-30,td_bus_route_fares_20260720
bus,KMB,1313,2,73K,5.1,2025-05-30,td_bus_route_fares_20260720
bus,KMB,1314,1,73X,11.5,2025-08-29,td_bus_route_fares_20260720
bus,KMB,1314,2,73X,11.5,2025-08-29,td_bus_route_fares_20260720
bus,KMB,1315,1,74A,12.1,2025-01-05,td_bus_route_fares_20260720
bus,KMB,1315,2,74A,12.1,2025-01-05,td_bus_route_fares_20260720
bus,KMB,1316,1,74K,5.6,2025-05-26,td_bus_route_fares_20260720
bus,KMB,1317,1,74X,11.5,2025-12-17,td_bus_route_fares_20260720
bus,KMB,1317,2,74X,11.5,2025-12-17,td_bus_route_fares_20260720
bus,KMB,1318,1,75K,6.7,2025-01-05,td_bus_route_fares_20260720
bus,KMB,1318,2,75K,6.7,2025-01-05,td_bus_route_fares_20260720
bus,KMB,1319,1,75X,11.5,2026-04-20,td_bus_route_fares_20260720
bus,KMB,1319,2,75X,11.5,2026-04-20,td_bus_route_fares_20260720
bus,KMB,1320,1,76K,9.6,2026-04-10,td_bus_route_fares_20260720
bus,KMB,1320,2,76K,9.6,2026-04-10,td_bus_route_fares_20260720
bus,KMB,1322,1,78K,8.6,2026-04-13,td_bus_route_fares_20260720
bus,KMB,1322,2,78K,8.6,2026-04-13,td_bus_route_fares_20260720
bus,KMB,1323,1,79K,6.9,2026-01-06,td_bus_route_fares_20260720
bus,KMB,1323,2,79K,6.9,2026-01-06,td_bus_route_fares_20260720
bus,KMB,1324,1,7B,6.7,2026-04-30,td_bus_route_fares_20260720
bus,KMB,1324,2,7B,6.7,2026-04-30,td_bus_route_fares_20260720
bus,KMB,1325,1,7M,4.6,2026-01-23,td_bus_route_fares_20260720
bus,KMB,1326,1,8,5.8,2026-04-21,td_bus_route_fares_20260720
bus,KMB,1326,2,8,5.8,2026-04-21,td_bus_route_fares_20260720
bus,KMB,1327,1,80,8.4,2025-12-17,td_bus_route_fares_20260720
bus,KMB,1327,2,80,8.4,2025-12-17,td_bus_route_fares_20260720
bus,KMB,1330,1,80K,5.8,2025-07-21,td_bus_route_fares_20260720
bus,KMB,1330,2,80K,5.8,2025-07-21,td_bus_route_fares_20260720
bus,KMB,1332,1,80P,8.4,2025-12-23,td_bus_route_fares_20260720
bus,KMB,1333,1,80X,8.1,2025-12-17,td_bus_route_fares_20260720
bus,KMB,1333,2,80X,8.1,2025-12-17,td_bus_route_fares_20260720
bus,KMB,1334,1,81,7.8,2026-01-23,td_bus_route_fares_20260720
bus,KMB,1334,2,81,7.8,2026-01-23,td_bus_route_fares_20260720
bus,KMB,1336,1,81C,10.2,2025-08-11,td_bus_route_fares_20260720
bus,KMB,1336,2,81C,10.2,2025-08-11,td_bus_route_fares_20260720
bus,KMB,1337,1,81K,5.2,2025-11-24,td_bus_route_fares_20260720
bus,KMB,1337,2,81K,5.2,2025-11-24,td_bus_route_fares_20260720
bus,KMB,1341,1,82K,6.5,2025-01-05,td_bus_route_fares_20260720
bus,KMB,1341,2,82K,6.5,2025-01-05,td_bus_route_fares_20260720
bus,KMB,1345,1,82X,6.5,2025-09-02,td_bus_route_fares_20260720
bus,KMB,1346,1,83K,5.2,2025-01-05,td_bus_route_fares_20260720
bus,KMB,1347,1,83S,5.2,2025-01-05,td_bus_route_fares_20260720
bus,KMB,1347,2,83S,5.2,2025-01-05,td_bus_route_fares_20260720
bus,KMB,1348,1,83X,8.1,2025-12-17,td_bus_route_fares_20260720
bus,KMB,1348,2,83X,8.1,2025-12-17,td_bus_route_fares_20260720
bus,KMB,1349,1,84M,7.5,2025-12-23,td_bus_route_fares_20260720
bus,KMB,1349,2,84M,7.5,2025-12-23,td_bus_route_fares_20260720
bus,KMB,1350,1,85,7.8,2026-01-30,td_bus_route_fares_20260720
bus,KMB,1350,2,85,7.8,2026-01-30,td_bus_route_fares_20260720
bus,KMB,1351,1,85A,7.8,2026-06-05,td_bus_route_fares_20260720
bus,KMB,1351,2,85A,7.8,2026-06-05,td_bus_route_fares_20260720
bus,KMB,1352,1,85B,7.8,2025-12-23,td_bus_route_fares_20260720
bus,KMB,1354,1,85K,5.8,2026-06-05,td_bus_route_fares_20260720
bus,KMB,1354,2,85K,5.8,2026-06-05,td_bus_route_fares_20260720
bus,KMB,1355,1,85M,9.0,2026-06-22,td_bus_route_fares_20260720
bus,KMB,1356,1,85S,9.8,2025-01-05,td_bus_route_fares_20260720
bus,KMB,1357,1,85X,9.8,2026-05-29,td_bus_route_fares_20260720
bus,KMB,1357,2,85X,9.8,2026-05-29,td_bus_route_fares_20260720
bus,KMB,1358,1,86,10.2,2026-06-15,td_bus_route_fares_20260720
bus,KMB,1358,2,86,10.2,2026-06-15,td_bus_route_fares_20260720
bus,KMB,1361,1,86A,7.8,2025-06-13,td_bus_route_fares_20260720
bus,KMB,1361,2,86A,7.8,2025-06-13,td_bus_route_fares_20260720
bus,KMB,1363,1,86C,10.2,2026-02-27,td_bus_route_fares_20260720
bus,KMB,1363,2,86C,10.2,2026-02-27,td_bus_route_fares_20260720
bus,KMB,1364,1,86K,7.1,2025-01-05,td_bus_route_fares_20260720
bus,KMB,1364,2,86K,7.1,2025-01-05,td_bus_route_fares_20260720
bus,KMB,1366,1,86S,7.1,2025-01-05,td_bus_route_fares_20260720
bus,KMB,1366,2,86S,7.1,2025-01-05,td_bus_route_fares_20260720
bus,KMB,1370,1,87B,7.8,2025-03-14,td_bus_route_fares_20260720
bus,KMB,1370,2,87B,7.8,2025-03-14,td_bus_route_fares_20260720
bus,KMB,1371,1,87D,10.8,2025-04-11,td_bus_route_fares_20260720
bus,KMB,1371,2,87D,10.8,2025-04-11,td_bus_route_fares_20260720
bus,KMB,1372,1,87K,5.1,2026-06-30,td_bus_route_fares_20260720
bus,KMB,1373,1,87P,5.1,2025-01-05,td_bus_route_fares_20260720
bus,KMB,1374,1,87S,5.1,2025-12-29,td_bus_route_fares_20260720
bus,KMB,1380,1,88K,5.4,2026-06-15,td_bus_route_fares_20260720
bus,KMB,1380,2,88K,5.4,2026-06-15,td_bus_route_fares_20260720
bus,KMB,1382,1,89,7.8,2025-12-22,td_bus_route_fares_20260720
bus,KMB,1382,2,89,7.8,2025-12-22,td_bus_route_fares_20260720
bus,KMB,1385,1,89B,7.8,2025-01-05,td_bus_route_fares_20260720
bus,KMB,1385,2,89B,7.8,2025-01-05,td_bus_route_fares_20260720
bus,KMB,1386,1,89C,9.8,2025-10-21,td_bus_route_fares_20260720
bus,KMB,1386,2,89C,9.8,2025-10-21,td_bus_route_fares_20260720
bus,KMB,1387,1,89D,10.2,2026-01-05,td_bus_route_fares_20260720
bus,KMB,1387,2,89D,10.2,2026-01-05,td_bus_route_fares_20260720
bus,KMB,1388,1,89P,10.2,2025-01-05,td_bus_route_fares_20260720
bus,KMB,1389,1,89X,8.6,2026-06-01,td_bus_route_fares_20260720
bus,KMB,1389,2,89X,8.6,2026-06-01,td_bus_route_fares_20260720
bus,KMB,1390,1,8A,5.1,2026-04-24,td_bus_route_fares_20260720
bus,KMB,1391,1,8P,5.1,2026-04-24,td_bus_route_fares_20260720
bus,KMB,1392,1,9,6.7,2026-02-20,td_bus_route_fares_20260720
bus,KMB,1392,2,9,6.7,2026-02-20,td_bus_route_fares_20260720
bus,KMB+CTB,1393,1,904,12.9,2025-01-05,td_bus_route_fares_20260720
bus,KMB+CTB,1393,2,904,12.9,2025-01-05,td_bus_route_fares_20260720
bus,KMB+CTB,1394,1,905,12.9,2025-01-05,td_bus_route_fares_20260720
bus,KMB+CTB,1394,2,905,12.9,2025-01-05,td_bus_route_fares_20260720
bus,KMB,1395,1,91,8.4,2025-03-28,td_bus_route_fares_20260720
bus,KMB,1395,2,91,8.4,2025-03-28,td_bus_route_fares_20260720
bus,KMB+CTB,1396,1,914,12.2,2025-02-07,td_bus_route_fares_20260720
bus,KMB+CTB,1396,2,914,12.2,2025-02-07,td_bus_route_fares_20260720
bus,KMB+CTB,1397,1,914X,12.2,2025-08-08,td_bus_route_fares_20260720
bus,KMB,1398,1,91M,7.1,2026-01-06,td_bus_route_fares_20260720
bus,KMB,1398,2,91M,7.1,2026-01-06,td_bus_route_fares_20260720
bus,KMB,1399,1,92,7.8,2026-05-05,td_bus_route_fares_20260720
bus,KMB,1399,2,92,7.8,2026-05-05,td_bus_route_fares_20260720
bus,KMB,1400,1,934,20.6,2026-02-24,td_bus_route_fares_20260720
bus,KMB,1400,2,934,20.6,2026-02-24,td_bus_route_fares_20260720
bus,KMB,1401,1,935,20.6,2026-01-09,td_bus_route_fares_20260720
bus,KMB,1401,2,935,20.6,2026-01-09,td_bus_route_fares_20260720
bus,KMB,1402,1,93A,5.6,2025-12-22,td_bus_route_fares_20260720
bus,KMB,1402,2,93A,5.6,2025-12-22,td_bus_route_fares_20260720
bus,KMB,1403,1,93K,10.2,2025-12-15,td_bus_route_fares_20260720
bus,KMB,1403,2,93K,10.2,2025-12-15,td_bus_route_fares_20260720
bus,KMB,1404,1,93M,7.1,2025-01-05,td_bus_route_fares_20260720
bus,KMB,1405,1,94,7.8,2025-08-08,td_bus_route_fares_20260720
bus,KMB,1405,2,94,7.8,2025-08-08,td_bus_route_fares_20260720
bus,KMB+CTB,1407,1,948P,20.8,2025-01-05,td_bus_route_fares_20260720
bus,KMB,1408,1,95,8.4,2026-03-23,td_bus_route_fares_20260720
bus,KMB,1408,2,95,8.4,2026-03-23,td_bus_route_fares_20260720
bus,KMB,1409,1,95M,5.6,2025-01-05,td_bus_route_fares_20260720
bus,KMB,1409,2,95M,5.6,2025-01-05,td_bus_route_fares_20260720
bus,KMB,1410,1,960,24.0,2025-11-28,td_bus_route_fares_20260720
bus,KMB,1410,2,960,24.0,2025-11-28,td_bus_route_fares_20260720
bus,KMB,1411,1,960A,24.0,2025-10-03,td_bus_route_fares_20260720
bus,KMB,1412,1,960P,24.0,2025-01-05,td_bus_route_fares_20260720
bus,KMB,1413,1,960S,24.0,2025-11-28,td_bus_route_fares_20260720
bus,KMB,1414,1,961,24.0,2026-04-08,td_bus_route_fares_20260720
bus,KMB,1414,2,961,24.0,2026-04-08,td_bus_route_fares_20260720
bus,KMB,1415,1,968,27.0,2026-05-15,td_bus_route_fares_20260720
bus,KMB,1415,2,968,27.0,2026-05-15,td_bus_route_fares_20260720
bus,KMB,1416,1,96R,22.3,2025-08-08,td_bus_route_fares_20260720
bus,KMB,1416,2,96R,22.3,2025-08-08,td_bus_route_fares_20260720
bus,KMB,1417,1,98A,7.1,2025-08-25,td_bus_route_fares_20260720
bus,KMB,1418,1,98C,12.1,2025-01-05,td_bus_route_fares_20260720
bus,KMB,1418,2,98C,12.1,2025-01-05,td_bus_route_fares_20260720
bus,KMB,1419,1,98D,11.3,2025-08-25,td_bus_route_fares_20260720
bus,KMB,1419,2,98D,11.3,2025-08-25,td_bus_route_fares_20260720
bus,KMB,1420,1,98P,11.3,2025-11-14,td_bus_route_fares_20260720
bus,KMB,1421,1,98S,12.1,2025-11-14,td_bus_route_fares_20260720
bus,KMB,1421,2,98S,12.1,2025-11-14,td_bus_route_fares_20260720
bus,KMB,1422,1,99,7.8,2025-01-28,td_bus_route_fares_20260720
bus,KMB,1422,2,99,7.8,2025-01-28,td_bus_route_fares_20260720
bus,KMB,1423,1,98D,11.3,2025-01-05,td_bus_route_fares_20260720
bus,KMB,1424,1,K12,4.8,2025-01-05,td_bus_route_fares_20260720
bus,KMB,1424,2,K12,4.8,2025-01-05,td_bus_route_fares_20260720
bus,KMB,1425,1,K14,4.8,2025-01-05,td_bus_route_fares_20260720
bus,KMB,1427,1,K17,4.8,2025-01-05,td_bus_route_fares_20260720
bus,KMB,1427,2,K17,4.8,2025-01-05,td_bus_route_fares_20260720
bus,KMB,1428,1,K18,4.8,2026-07-10,td_bus_route_fares_20260720
bus,KMB,1428,2,K18,4.8,2026-07-10,td_bus_route_fares_20260720
bus,KMB+CTB,1430,1,N121,17.7,2026-05-05,td_bus_route_fares_20260720
bus,KMB+CTB,1430,2,N121,17.7,2026-05-05,td_bus_route_fares_20260720
bus,KMB+CTB,1431,1,N122,17.7,2025-01-05,td_bus_route_fares_20260720
bus,KMB+CTB,1431,2,N122,17.7,2025-01-05,td_bus_route_fares_20260720
bus,KMB+CTB,1432,1,N170,31.2,2025-01-05,td_bus_route_fares_20260720
bus,KMB+CTB,1432,2,N170,31.2,2025-01-05,td_bus_route_fares_20260720
bus,KMB+CTB,1433,1,N171,21.7,2025-01-05,td_bus_route_fares_20260720
bus,KMB+CTB,1433,2,N171,21.7,2025-01-05,td_bus_route_fares_20260720
bus,KMB+CTB,1434,1,N182,31.2,2026-01-14,td_bus_route_fares_20260720
bus,KMB+CTB,1434,2,N182,31.2,2026-01-14,td_bus_route_fares_20260720
bus,KMB,1435,1,N216,15.4,2025-01-05,td_bus_route_fares_20260720
bus,KMB,1435,2,N216,15.4,2025-01-05,td_bus_route_fares_20260720
bus,KMB,1436,1,N237,10.4,2025-01-05,td_bus_route_fares_20260720
bus,KMB,1437,1,N241,17.9,2025-03-07,td_bus_route_fares_20260720
bus,KMB,1437,2,N241,17.9,2025-03-07,td_bus_route_fares_20260720
bus,KMB,1438,1,N260,12.7,2025-01-05,td_bus_route_fares_20260720
bus,KMB,1438,2,N260,12.7,2025-01-05,td_bus_route_fares_20260720
bus,KMB,1439,1,N269,14.3,2026-01-27,td_bus_route_fares_20260720
bus,KMB,1439,2,N269,14.3,2026-01-27,td_bus_route_fares_20260720
bus,KMB,1441,1,N271,21.8,2025-01-05,td_bus_route_fares_20260720
bus,KMB,1441,2,N271,21.8,2025-01-05,td_bus_route_fares_20260720
bus,KMB,1443,1,N281,19.4,2025-01-05,td_bus_route_fares_20260720
bus,KMB,1443,2,N281,19.4,2025-01-05,td_bus_route_fares_20260720
bus,KMB,1444,1,N293,19.0,2025-01-05,td_bus_route_fares_20260720
bus,KMB,1444,2,N293,19.0,2025-01-05,td_bus_route_fares_20260720
bus,KMB+CTB,1445,1,N619,17.8,2026-01-14,td_bus_route_fares_20260720
bus,KMB+CTB,1445,2,N619,17.8,2026-01-14,td_bus_route_fares_20260720
bus,LWB,1450,1,S64P,3.8,2026-06-30,td_bus_route_fares_20260720
bus,LWB,1451,1,S64,3.8,2021-09-29,td_bus_route_fares_20260720
bus,LWB+CTB,1452,1,S1,3.7,2025-03-07,td_bus_route_fares_20260720
bus,LWB+CTB,1453,1,R8,7.4,2026-03-25,td_bus_route_fares_20260720
bus,LWB,1457,1,N42A,31.1,2023-01-31,td_bus_route_fares_20260720
bus,LWB,1457,2,N42A,31.1,2023-01-31,td_bus_route_fares_20260720
bus,LWB,1458,1,N42,27.9,2025-01-02,td_bus_route_fares_20260720
bus,LWB,1458,2,N42,27.9,2025-01-02,td_bus_route_fares_20260720
bus,LWB,1459,1,N31,22.3,2023-09-22,td_bus_route_fares_20260720
bus,LWB,1459,2,N31,22.3,2023-09-22,td_bus_route_fares_20260720
bus,LWB,1460,1,N30,29.0,2025-01-02,td_bus_route_fares_20260720
bus,LWB,1460,2,N30,29.0,2025-01-02,td_bus_route_fares_20260720
bus,LWB,1461,1,E42,14.4,2024-08-26,td_bus_route_fares_20260720
bus,LWB,1461,2,E42,14.4,2024-08-26,td_bus_route_fares_20260720
bus,LWB,1462,1,E41,14.4,2023-11-23,td_bus_route_fares_20260720
bus,LWB,1462,2,E41,14.4,2023-11-23,td_bus_route_fares_20260720
bus,LWB,1466,1,E33,12.4,2023-06-10,td_bus_route_fares_20260720
bus,LWB,1466,2,E33,12.4,2023-06-10,td_bus_route_fares_20260720
bus,LWB,1467,1,E32,11.2,2023-11-24,td_bus_route_fares_20260720
bus,LWB,1467,2,E32,11.2,2023-11-24,td_bus_route_fares_20260720
bus,LWB,1468,1,E31,11.2,2023-06-10,td_bus_route_fares_20260720
bus,LWB,1468,2,E31,11.2,2023-06-10,td_bus_route_fares_20260720
bus,LWB,1469,1,A43,32.4,2026-05-26,td_bus_route_fares_20260720
bus,LWB,1469,2,A43,32.4,2026-05-26,td_bus_route_fares_20260720
bus,LWB,1470,1,A41P,29.0,2026-05-26,td_bus_route_fares_20260720
bus,LWB,1470,2,A41P,29.0,2026-05-26,td_bus_route_fares_20260720
bus,LWB,1473,1,A31,19.8,2026-05-26,td_bus_route_fares_20260720
bus,LWB,1473,2,A31,19.8,2026-05-26,td_bus_route_fares_20260720
bus,LWB,1474,1,E33P,12.4,2023-06-10,td_bus_route_fares_20260720
bus,LWB,1474,2,E33P,12.4,2023-06-10,td_bus_route_fares_20260720
bus,CTB,1475,1,H1,47.6,2026-06-08,td_bus_route_fares_20260720
bus,CTB,1480,1,1,4.8,2026-01-09,td_bus_route_fares_20260720
bus,CTB,1480,2,1,4.8,2026-01-09,td_bus_route_fares_20260720
bus,KMB+CTB,1482,1,101,12.9,2025-05-16,td_bus_route_fares_20260720
bus,KMB+CTB,1482,2,101,12.9,2025-05-16,td_bus_route_fares_20260720
bus,KMB+CTB,1484,1,102,12.9,2026-06-05,td_bus_route_fares_20260720
bus,KMB+CTB,1484,2,102,12.9,2026-06-05,td_bus_route_fares_20260720
bus,KMB+CTB,1490,1,106P,12.9,2025-01-05,td_bus_route_fares_20260720
bus,KMB+CTB,1490,2,106P,12.9,2025-01-05,td_bus_route_fares_20260720
bus,KMB+CTB,1491,1,107,14.7,2025-05-19,td_bus_route_fares_20260720
bus,KMB+CTB,1491,2,107,14.7,2025-05-19,td_bus_route_fares_20260720
bus,KMB+CTB,1492,1,107P,14.7,2025-05-19,td_bus_route_fares_20260720
bus,KMB+CTB,1492,2,107P,14.7,2025-05-19,td_bus_route_fares_20260720
bus,KMB+CTB,1493,1,106A,12.9,2025-01-05,td_bus_route_fares_20260720
bus,CTB,1495,1,11,8.6,2025-06-04,td_bus_route_fares_20260720
bus,KMB+CTB,1497,1,111,12.2,2026-06-05,td_bus_route_fares_20260720
bus,KMB+CTB,1497,2,111,12.2,2026-06-05,td_bus_route_fares_20260720
bus,KMB+CTB,1498,1,111P,12.2,2026-01-14,td_bus_route_fares_20260720
bus,KMB+CTB,1498,2,111P,12.2,2026-01-14,td_bus_route_fares_20260720
bus,KMB+CTB,1499,1,113,12.9,2025-01-05,td_bus_route_fares_20260720
bus,KMB+CTB,1499,2,113,12.9,2025-01-05,td_bus_route_fares_20260720
bus,KMB+CTB,1505,1,118P,12.9,2025-01-05,td_bus_route_fares_20260720
bus,KMB+CTB,1505,2,118P,12.9,2025-01-05,td_bus_route_fares_20260720
bus,KMB+CTB,1506,1,118P,12.9,2025-01-05,td_bus_route_fares_20260720
bus,CTB,1507,1,12A,6.1,2025-06-04,td_bus_route_fares_20260720
bus,CTB,1508,1,12M,6.1,2025-06-06,td_bus_route_fares_20260720
bus,CTB,1509,1,13,6.8,2025-01-05,td_bus_route_fares_20260720
bus,CTB,1509,2,13,6.8,2025-01-05,td_bus_route_fares_20260720
bus,CTB,1511,1,15C,6.1,2025-01-20,td_bus_route_fares_20260720
bus,CTB,1511,2,15C,6.1,2025-01-20,td_bus_route_fares_20260720
bus,KMB+CTB,1513,1,171,14.7,2025-03-21,td_bus_route_fares_20260720
bus,KMB+CTB,1513,2,171,14.7,2025-03-21,td_bus_route_fares_20260720
bus,KMB+CTB,1514,1,171P,14.7,2025-03-21,td_bus_route_fares_20260720
bus,KMB+CTB,1515,1,171A,14.7,2026-06-05,td_bus_route_fares_20260720
bus,CTB,1516,1,18,7.0,2026-05-11,td_bus_route_fares_20260720
bus,CTB,1519,1,2,5.5,2026-01-08,td_bus_route_fares_20260720
bus,CTB,1519,2,2,5.5,2026-01-08,td_bus_route_fares_20260720
bus,CTB,1520,1,23,9.4,2025-05-16,td_bus_route_fares_20260720
bus,CTB,1520,2,23,9.4,2025-05-16,td_bus_route_fares_20260720
bus,CTB,1522,1,25,9.4,2025-06-06,td_bus_route_fares_20260720
bus,CTB,1523,1,25A,5.6,2025-07-07,td_bus_route_fares_20260720
bus,CTB,1525,1,26,6.8,2026-05-08,td_bus_route_fares_20260720
bus,CTB,1526,1,260,15.1,2025-01-05,td_bus_route_fares_20260720
bus,CTB,1526,2,260,15.1,2025-01-05,td_bus_route_fares_20260720
bus,CTB,1527,1,27,5.9,2025-06-04,td_bus_route_fares_20260720
bus,CTB,1528,1,2A,5.5,2026-05-11,td_bus_route_fares_20260720
bus,CTB,1528,2,2A,5.5,2026-05-11,td_bus_route_fares_20260720
bus,CTB,1529,1,2X,7.7,2026-05-11,td_bus_route_fares_20260720
bus,CTB,1529,2,2X,7.7,2026-05-11,td_bus_route_fares_20260720
bus,KMB+CTB,1531,1,302,13.8,2025-01-05,td_bus_route_fares_20260720
bus,CTB,1534,1,314,10.1,2025-05-29,td_bus_route_fares_20260720
bus,CTB,1537,1,37A,6.6,2025-06-04,td_bus_route_fares_20260720
bus,CTB,1538,1,37B,6.6,2026-04-14,td_bus_route_fares_20260720
bus,CTB,1539,1,37X,6.6,2025-01-05,td_bus_route_fares_20260720
bus,CTB,1540,1,38,9.4,2025-01-05,td_bus_route_fares_20260720
bus,CTB,1540,2,38,9.4,2025-01-05,td_bus_route_fares_20260720
bus,CTB,1543,1,3A,7.7,2025-01-05,td_bus_route_fares_20260720
bus,CTB,1543,2,3A,7.7,2025-01-05,td_bus_route_fares_20260720
bus,CTB,1545,1,4,7.1,2025-04-11,td_bus_route_fares_20260720
bus,CTB,1546,1,40M,7.5,2025-01-05,td_bus_route_fares_20260720
bus,CTB,1547,1,42,9.4,2025-01-05,td_bus_route_fares_20260720
bus,CTB,1547,2,42,9.4,2025-01-05,td_bus_route_fares_20260720
bus,CTB,1550,1,47P,7.1,2025-01-05,td_bus_route_fares_20260720
bus,CTB,1552,1,511,8.6,2025-01-05,td_bus_route_fares_20260720
bus,CTB,1553,1,85P,7.7,2025-01-05,td_bus_route_fares_20260720
bus,CTB,1555,1,592,6.6,2025-09-22,td_bus_route_fares_20260720
bus,CTB,1555,2,592,6.6,2025-09-22,td_bus_route_fares_20260720
bus,CTB,1556,1,595,4.2,2025-01-05,td_bus_route_fares_20260720
bus,CTB,1557,1,5B,4.8,2025-01-05,td_bus_route_fares_20260720
bus,CTB,1557,2,5B,4.8,2025-01-05,td_bus_route_fares_20260720
bus,CTB,1561,1,5X,6.1,2025-01-05,td_bus_route_fares_20260720
bus,CTB,1562,1,702A,5.0,2025-01-05,td_bus_route_fares_20260720
bus,KMB+CTB,1563,1,606,12.9,2025-05-06,td_bus_route_fares_20260720
bus,KMB+CTB,1564,1,680,24.4,2025-01-05,td_bus_route_fares_20260720
bus,KMB+CTB,1565,1,601P,12.9,2026-05-04,td_bus_route_fares_20260720
bus,KMB+CTB,1566,1,601P,12.9,2025-01-05,td_bus_route_fares_20260720
bus,KMB+CTB,1569,1,118,12.9,2025-01-05,td_bus_route_fares_20260720
bus,CTB,1571,1,4,7.1,2025-04-11,td_bus_route_fares_20260720
bus,CTB,1572,1,42C,9.4,2025-01-05,td_bus_route_fares_20260720
bus,CTB,1572,2,42C,9.4,2025-01-05,td_bus_route_fares_20260720
bus,CTB,1573,1,63,12.1,2025-04-11,td_bus_route_fares_20260720
bus,CTB,1573,2,63,12.1,2025-04-11,td_bus_route_fares_20260720
bus,CTB,1576,1,66,11.7,2025-05-19,td_bus_route_fares_20260720
bus,CTB,1576,2,66,11.7,2025-05-19,td_bus_route_fares_20260720
bus,KMB+CTB,1579,1,680P,24.4,2025-01-05,td_bus_route_fares_20260720
bus,KMB+CTB,1580,1,680X,24.4,2026-01-14,td_bus_route_fares_20260720
bus,KMB+CTB,1580,2,680X,24.4,2026-01-14,td_bus_route_fares_20260720
bus,CTB,1583,1,682,24.4,2025-01-05,td_bus_route_fares_20260720
bus,CTB,1585,1,40P,6.6,2025-11-07,td_bus_route_fares_20260720
bus,CTB,1586,1,40P,7.5,2025-02-07,td_bus_route_fares_20260720
bus,CTB,1587,1,40P,7.5,2026-02-27,td_bus_route_fares_20260720
bus,CTB,1589,1,694,17.8,2025-11-14,td_bus_route_fares_20260720
bus,CTB,1589,2,694,17.8,2025-11-14,td_bus_route_fares_20260720
bus,CTB,1591,1,6A,11.7,2025-01-05,td_bus_route_fares_20260720
bus,CTB,1592,1,6X,11.7,2025-01-05,td_bus_route_fares_20260720
bus,CTB,1592,2,6X,11.7,2025-01-05,td_bus_route_fares_20260720
bus,CTB,1593,1,7,7.4,2025-04-11,td_bus_route_fares_20260720
bus,CTB,1593,2,7,7.4,2025-04-11,td_bus_route_fares_20260720
bus,CTB,1594,1,70,6.6,2025-01-05,td_bus_route_fares_20260720
bus,CTB,1594,2,70,6.6,2025-01-05,td_bus_route_fares_20260720
bus,CTB,1595,1,701,5.0,2025-12-16,td_bus_route_fares_20260720
bus,CTB,1596,1,702,5.0,2025-12-18,td_bus_route_fares_20260720
bus,CTB,1598,1,702S,4.7,2025-06-04,td_bus_route_fares_20260720
bus,CTB,1600,1,71,7.3,2025-01-05,td_bus_route_fares_20260720
bus,CTB,1600,2,71,7.3,2025-01-05,td_bus_route_fares_20260720
bus,CTB,1601,1,71P,7.3,2025-01-05,td_bus_route_fares_20260720
bus,CTB,1602,1,72,6.6,2025-01-05,td_bus_route_fares_20260720
bus,CTB,1602,2,72,6.6,2025-01-05,td_bus_route_fares_20260720
bus,CTB,1603,1,720P,8.7,2025-08-22,td_bus_route_fares_20260720
bus,CTB,1604,1,72A,6.3,2025-01-05,td_bus_route_fares_20260720
bus,CTB,1604,2,72A,6.3,2025-01-05,td_bus_route_fares_20260720
bus,CTB,1605,1,73,8.0,2025-01-05,td_bus_route_fares_20260720
bus,CTB,1605,2,73,8.0,2025-01-05,td_bus_route_fares_20260720
bus,CTB,1606,1,73P,4.2,2025-01-05,td_bus_route_fares_20260720
bus,CTB,1607,1,75,6.6,2025-01-05,td_bus_route_fares_20260720
bus,CTB,1607,2,75,6.6,2025-01-05,td_bus_route_fares_20260720
bus,CTB,1608,1,76,7.0,2025-01-05,td_bus_route_fares_20260720
bus,CTB,1609,1,77,9.7,2025-09-22,td_bus_route_fares_20260720
bus,CTB,1609,2,77,9.7,2025-09-22,td_bus_route_fares_20260720
bus,CTB,1610,1,78,4.2,2025-01-05,td_bus_route_fares_20260720
bus,CTB,1611,1,780,8.7,2026-05-11,td_bus_route_fares_20260720
bus,CTB,1611,2,780,8.7,2026-05-11,td_bus_route_fares_20260720
bus,CTB,1612,1,780P,8.7,2025-01-05,td_bus_route_fares_20260720
bus,CTB,1613,1,788,8.7,2026-01-14,td_bus_route_fares_20260720
bus,CTB,1613,2,788,8.7,2026-01-14,td_bus_route_fares_20260720
bus,CTB,1614,1,789,8.7,2025-01-05,td_bus_route_fares_20260720
bus,CTB,1614,2,789,8.7,2025-01-05,td_bus_route_fares_20260720
bus,CTB,1616,1,792M,9.4,2025-01-05,td_bus_route_fares_20260720
bus,CTB,1616,2,792M,9.4,2025-01-05,td_bus_route_fares_20260720
bus,CTB,1619,1,796S,6.2,2026-04-14,td_bus_route_fares_20260720
bus,CTB,1620,1,796X,10.3,2026-01-30,td_bus_route_fares_20260720
bus,CTB,1620,2,796X,10.3,2026-01-30,td_bus_route_fares_20260720
bus,CTB,1621,1,798,13.1,2026-01-30,td_bus_route_fares_20260720
bus,CTB,1621,2,798,13.1,2026-01-30,td_bus_route_fares_20260720
bus,CTB,1622,1,8,8.1,2025-05-19,td_bus_route_fares_20260720
bus,CTB,1622,2,8,8.1,2025-05-19,td_bus_route_fares_20260720
bus,CTB,1625,1,81,6.2,2026-05-22,td_bus_route_fares_20260720
bus,CTB,1625,2,81,6.2,2026-05-22,td_bus_route_fares_20260720
bus,CTB,1627,1,81A,6.2,2025-01-05,td_bus_route_fares_20260720
bus,CTB,1627,2,81A,6.2,2025-01-05,td_bus_route_fares_20260720
bus,CTB,1629,1,82,5.5,2026-05-11,td_bus_route_fares_20260720
bus,CTB,1629,2,82,5.5,2026-05-11,td_bus_route_fares_20260720
bus,CTB,1631,1,85,5.2,2025-06-04,td_bus_route_fares_20260720
bus,CTB,1632,1,82X,7.5,2025-01-05,td_bus_route_fares_20260720
bus,CTB,1634,1,8P,8.1,2025-05-19,td_bus_route_fares_20260720
bus,CTB,1634,2,8P,8.1,2025-05-19,td_bus_route_fares_20260720
bus,CTB,1636,1,8X,8.1,2025-01-05,td_bus_route_fares_20260720
bus,CTB,1636,2,8X,8.1,2025-01-05,td_bus_route_fares_20260720
bus,CTB,1637,1,9,9.4,2025-05-16,td_bus_route_fares_20260720
bus,CTB,1637,2,9,9.4,2025-05-16,td_bus_route_fares_20260720
bus,CTB,1638,1,90,6.6,2025-01-05,td_bus_route_fares_20260720
bus,CTB,1638,2,90,6.6,2025-01-05,td_bus_route_fares_20260720
bus,CTB,1639,1,B3,16.5,2025-08-22,td_bus_route_fares_20260720
bus,CTB,1639,2,B3,16.5,2025-08-22,td_bus_route_fares_20260720
bus,CTB,1640,1,B3X,16.5,2025-05-02,td_bus_route_fares_20260720
bus,CTB,1640,2,B3X,16.5,2025-05-02,td_bus_route_fares_20260720
bus,CTB,1641,1,90B,8.0,2025-09-22,td_bus_route_fares_20260720
bus,CTB,1641,2,90B,8.0,2025-09-22,td_bus_route_fares_20260720
bus,CTB,1642,1,90C,6.6,2025-01-05,td_bus_route_fares_20260720
bus,CTB,1646,1,930,20.8,2025-01-05,td_bus_route_fares_20260720
bus,CTB,1647,1,93A,9.4,2025-01-05,td_bus_route_fares_20260720
bus,CTB,1650,1,94A,4.2,2026-01-05,td_bus_route_fares_20260720
bus,CTB,1652,1,95C,4.2,2025-01-05,td_bus_route_fares_20260720
bus,CTB,1653,1,95P,4.2,2025-01-05,td_bus_route_fares_20260720
bus,CTB,1655,1,962,24.2,2025-05-09,td_bus_route_fares_20260720
bus,CTB,1655,2,962,24.2,2025-05-09,td_bus_route_fares_20260720
bus,CTB,1656,1,962A,24.2,2025-01-05,td_bus_route_fares_20260720
bus,CTB,1657,1,952,24.2,2025-05-09,td_bus_route_fares_20260720
bus,CTB,1657,2,952,24.2,2025-05-09,td_bus_route_fares_20260720
bus,CTB,1658,1,962P,24.2,2025-08-26,td_bus_route_fares_20260720
bus,CTB,1659,1,952P,24.2,2025-05-09,td_bus_route_fares_20260720
bus,CTB,1660,1,962X,24.2,2025-01-05,td_bus_route_fares_20260720
bus,CTB,1660,2,962X,24.2,2025-01-05,td_bus_route_fares_20260720
bus,CTB,1661,1,967,27.3,2025-05-13,td_bus_route_fares_20260720
bus,CTB,1661,2,967,27.3,2025-05-13,td_bus_route_fares_20260720
bus,CTB,1663,1,969X,27.3,2025-05-13,td_bus_route_fares_20260720
bus,CTB,1664,1,97,6.6,2025-01-05,td_bus_route_fares_20260720
bus,CTB,1664,2,97,6.6,2025-01-05,td_bus_route_fares_20260720
bus,CTB,1665,1,970,14.5,2025-01-05,td_bus_route_fares_20260720
bus,CTB,1665,2,970,14.5,2025-01-05,td_bus_route_fares_20260720
bus,CTB,1667,1,973,18.1,2025-01-05,td_bus_route_fares_20260720
bus,CTB,1667,2,973,18.1,2025-01-05,td_bus_route_fares_20260720
bus,CTB,1669,1,98,3.5,2025-01-05,td_bus_route_fares_20260720
bus,CTB,1669,2,98,3.5,2025-01-05,td_bus_route_fares_20260720
bus,CTB,1670,1,99,9.7,2025-09-22,td_bus_route_fares_20260720
bus,CTB,1670,2,99,9.7,2025-09-22,td_bus_route_fares_20260720
bus,CTB,1671,1,A10,49.7,2026-05-25,td_bus_route_fares_20260720
bus,CTB,1671,2,A10,49.7,2026-05-25,td_bus_route_fares_20260720
bus,CTB,1672,1,A11,41.9,2026-05-25,td_bus_route_fares_20260720
bus,CTB,1672,2,A11,41.9,2026-05-25,td_bus_route_fares_20260720
bus,CTB,1673,1,A21,34.6,2026-05-25,td_bus_route_fares_20260720
bus,CTB,1673,2,A21,34.6,2026-05-25,td_bus_route_fares_20260720
bus,CTB,1674,1,E11,21.7,2025-01-02,td_bus_route_fares_20260720
bus,CTB,1674,2,E11,21.7,2025-01-02,td_bus_route_fares_20260720
bus,CTB,1675,1,E21,14.5,2025-01-02,td_bus_route_fares_20260720
bus,CTB,1675,2,E21,14.5,2025-01-02,td_bus_route_fares_20260720
bus,CTB,1676,1,E21A,14.5,2025-01-02,td_bus_route_fares_20260720
bus,CTB,1676,2,E21A,14.5,2025-01-02,td_bus_route_fares_20260720
bus,CTB,1677,1,E21X,17.6,2023-08-28,td_bus_route_fares_20260720
bus,CTB,1678,1,E22,18.6,2025-01-02,td_bus_route_fares_20260720
bus,CTB,1678,2,E22,18.6,2025-01-02,td_bus_route_fares_20260720
bus,CTB,1679,1,E22A,24.8,2025-01-02,td_bus_route_fares_20260720
bus,CTB,1679,2,E22A,24.8,2025-01-02,td_bus_route_fares_20260720
bus,CTB,1680,1,A29,44.0,2026-05-25,td_bus_route_fares_20260720
bus,CTB,1680,2,A29,44.0,2026-05-25,td_bus_route_fares_20260720
bus,CTB,1681,1,E22P,18.6,2025-01-02,td_bus_route_fares_20260720
bus,CTB,1681,2,E22P,18.6,2025-01-02,td_bus_route_fares_20260720
bus,CTB,1682,1,E23,18.6,2025-01-02,td_bus_route_fares_20260720
bus,CTB,1682,2,E23,18.6,2025-01-02,td_bus_route_fares_20260720
bus,CTB,1683,1,E22S,24.8,2026-05-08,td_bus_route_fares_20260720
bus,CTB,1683,2,E22S,24.8,2026-05-08,td_bus_route_fares_20260720
bus,CTB,1686,1,722,8.7,2026-05-11,td_bus_route_fares_20260720
bus,CTB,1687,1,722,8.7,2026-05-11,td_bus_route_fares_20260720
bus,CTB,1688,1,N11,32.1,2026-02-20,td_bus_route_fares_20260720
bus,CTB,1688,2,N11,32.1,2026-02-20,td_bus_route_fares_20260720
bus,KMB+CTB,1689,1,N118,17.8,2025-01-05,td_bus_route_fares_20260720
bus,KMB+CTB,1689,2,N118,17.8,2025-01-05,td_bus_route_fares_20260720
bus,CTB,1690,1,B3A,16.5,2026-05-19,td_bus_route_fares_20260720
bus,CTB,1690,2,B3A,16.5,2026-05-19,td_bus_route_fares_20260720
bus,CTB,1695,1,N21,23.8,2023-06-10,td_bus_route_fares_20260720
bus,CTB,1695,2,N21,23.8,2023-06-10,td_bus_route_fares_20260720
bus,CTB,1696,1,N21A,23.8,2023-06-10,td_bus_route_fares_20260720
bus,CTB,1696,2,N21A,23.8,2023-06-10,td_bus_route_fares_20260720
bus,CTB,1697,1,N23,23.8,2026-01-30,td_bus_route_fares_20260720
bus,CTB,1697,2,N23,23.8,2026-01-30,td_bus_route_fares_20260720
bus,CTB,1698,1,N26,23.8,2026-01-30,td_bus_route_fares_20260720
bus,CTB,1698,2,N26,23.8,2026-01-30,td_bus_route_fares_20260720
bus,KMB+CTB,1701,1,N680,33.1,2026-01-14,td_bus_route_fares_20260720
bus,KMB+CTB,1701,2,N680,33.1,2026-01-14,td_bus_route_fares_20260720
bus,KMB+CTB,1702,1,N691,27.3,2026-01-14,td_bus_route_fares_20260720
bus,KMB+CTB,1702,2,N691,27.3,2026-01-14,td_bus_route_fares_20260720
bus,CTB,1703,1,N72,11.0,2025-01-05,td_bus_route_fares_20260720
bus,CTB,1703,2,N72,11.0,2025-01-05,td_bus_route_fares_20260720
bus,CTB,1707,1,N8P,9.7,2025-01-05,td_bus_route_fares_20260720
bus,CTB,1708,1,N8X,16.9,2025-03-07,td_bus_route_fares_20260720
bus,CTB,1708,2,N8X,16.9,2025-03-07,td_bus_route_fares_20260720
bus,CTB,1709,1,N90,11.0,2026-01-09,td_bus_route_fares_20260720
bus,CTB,1709,2,N90,11.0,2026-01-09,td_bus_route_fares_20260720
bus,CTB,1710,1,N962,36.7,2026-01-30,td_bus_route_fares_20260720
bus,CTB,1710,2,N962,36.7,2026-01-30,td_bus_route_fares_20260720
bus,CTB,1711,1,N969,41.5,2025-05-19,td_bus_route_fares_20260720
bus,CTB,1711,2,N969,41.5,2025-05-19,td_bus_route_fares_20260720
bus,CTB,1716,1,629,15.9,2025-01-05,td_bus_route_fares_20260720
bus,CTB,1722,1,X962,24.2,2025-01-05,td_bus_route_fares_20260720
bus,NLB,1723,1,1,21.4,2025-10-30,td_bus_route_fares_20260720
bus,NLB,1723,2,1,21.4,2025-10-30,td_bus_route_fares_20260720
bus,NLB,1724,1,11,23.3,2025-02-04,td_bus_route_fares_20260720
bus,NLB,1724,2,11,23.3,2025-02-04,td_bus_route_fares_20260720
bus,NLB,1725,1,2,37.0,2026-05-08,td_bus_route_fares_20260720
bus,NLB,1725,2,2,37.0,2026-05-08,td_bus_route_fares_20260720
bus,NLB,1726,1,21,19.2,2025-01-05,td_bus_route_fares_20260720
bus,NLB,1726,2,21,19.2,2025-01-05,td_bus_route_fares_20260720
bus,NLB,1727,1,23,37.0,2025-10-31,td_bus_route_fares_20260720
bus,NLB,1727,2,23,37.0,2025-10-31,td_bus_route_fares_20260720
bus,NLB,1728,1,34,5.1,2025-01-05,td_bus_route_fares_20260720
bus,NLB,1728,2,34,5.1,2025-01-05,td_bus_route_fares_20260720
bus,NLB,1729,1,36,10.7,2025-01-05,td_bus_route_fares_20260720
bus,NLB,1729,2,36,10.7,2025-01-05,td_bus_route_fares_20260720
bus,NLB,1731,1,38,3.8,2025-06-05,td_bus_route_fares_20260720
bus,NLB,1732,1,3M,19.6,2025-02-04,td_bus_route_fares_20260720
bus,NLB,1732,2,3M,19.6,2025-02-04,td_bus_route_fares_20260720
bus,NLB,1733,1,4,13.0,2025-11-04,td_bus_route_fares_20260720
bus,NLB,1733,2,4,13.0,2025-11-04,td_bus_route_fares_20260720
bus,NLB,1734,1,A35,32.4,2025-11-03,td_bus_route_fares_20260720
bus,NLB,1734,2,A35,32.4,2025-11-03,td_bus_route_fares_20260720
bus,NLB,1735,1,B2,15.8,2025-01-05,td_bus_route_fares_20260720
bus,NLB,1735,2,B2,15.8,2025-01-05,td_bus_route_fares_20260720
bus,NLB,1736,1,N1,32.8,2025-10-31,td_bus_route_fares_20260720
bus,NLB,1737,1,N35,47.9,2025-01-05,td_bus_route_fares_20260720
bus,NLB,1737,2,N35,47.9,2025-01-05,td_bus_route_fares_20260720
bus,NLB,1738,1,N38,5.4,2025-01-05,td_bus_route_fares_20260720
bus,NLB,1738,2,N38,5.4,2025-01-05,td_bus_route_fares_20260720
bus,CTB,1739,1,6,11.4,2025-05-19,td_bus_route_fares_20260720
bus,CTB,1739,2,6,11.4,2025-05-19,td_bus_route_fares_20260720
bus,CTB,1740,1,6,11.4,2025-05-19,td_bus_route_fares_20260720
bus,CTB,1740,2,6,11.4,2025-05-19,td_bus_route_fares_20260720
bus,CTB,1741,1,14,12.1,2025-01-05,td_bus_route_fares_20260720
bus,CTB,1741,2,14,12.1,2025-01-05,td_bus_route_fares_20260720
bus,CTB,1743,1,15,13.0,2025-01-05,td_bus_route_fares_20260720
bus,CTB,1743,2,15,13.0,2025-01-05,td_bus_route_fares_20260720
bus,CTB,1744,1,15,13.0,2025-01-05,td_bus_route_fares_20260720
bus,CTB,1744,2,15,13.0,2025-01-05,td_bus_route_fares_20260720
bus,KMB+CTB,1745,1,104,12.9,2026-06-18,td_bus_route_fares_20260720
bus,KMB+CTB,1745,2,104,12.9,2026-06-18,td_bus_route_fares_20260720
bus,KMB+CTB,1747,1,118,12.9,2026-06-05,td_bus_route_fares_20260720
bus,KMB+CTB,1747,2,118,12.9,2026-06-05,td_bus_route_fares_20260720
bus,CTB,1749,1,12,6.1,2025-06-04,td_bus_route_fares_20260720
bus,CTB,1750,1,12,6.1,2025-06-05,td_bus_route_fares_20260720
bus,CTB,1751,1,18P,7.0,2025-05-19,td_bus_route_fares_20260720
bus,CTB,1751,2,18P,7.0,2025-05-19,td_bus_route_fares_20260720
bus,CTB,1755,1,23B,9.4,2025-01-05,td_bus_route_fares_20260720
bus,CTB,1755,2,23B,9.4,2025-01-05,td_bus_route_fares_20260720
bus,KMB+CTB,1757,1,307,27.3,2025-01-05,td_bus_route_fares_20260720
bus,KMB+CTB,1757,2,307,27.3,2025-01-05,td_bus_route_fares_20260720
bus,KMB+CTB,1758,1,307A,27.3,2025-01-05,td_bus_route_fares_20260720
bus,KMB+CTB,1760,1,307P,27.3,2025-01-05,td_bus_route_fares_20260720
bus,KMB+CTB,1760,2,307P,27.3,2025-01-05,td_bus_route_fares_20260720
bus,CTB,1762,1,40,7.5,2025-01-05,td_bus_route_fares_20260720
bus,CTB,1762,2,40,7.5,2025-01-05,td_bus_route_fares_20260720
bus,CTB,1763,1,41A,9.6,2025-01-05,td_bus_route_fares_20260720
bus,CTB,1763,2,41A,9.6,2025-01-05,td_bus_route_fares_20260720
bus,CTB,1764,1,41A,9.6,2025-01-05,td_bus_route_fares_20260720
bus,CTB,1764,2,41A,9.6,2025-01-05,td_bus_route_fares_20260720
bus,CTB,1765,1,48,4.2,2025-01-05,td_bus_route_fares_20260720
bus,CTB,1766,1,48,4.2,2025-01-05,td_bus_route_fares_20260720
bus,CTB,1768,1,85A,5.2,2025-01-05,td_bus_route_fares_20260720
bus,KMB+CTB,1769,1,601,12.9,2026-05-04,td_bus_route_fares_20260720
bus,KMB+CTB,1769,2,601,12.9,2026-05-04,td_bus_route_fares_20260720
bus,KMB+CTB,1773,1,680,24.4,2025-01-05,td_bus_route_fares_20260720
bus,KMB+CTB,1773,2,680,24.4,2025-01-05,td_bus_route_fares_20260720
bus,CTB,1775,1,720,8.7,2025-08-25,td_bus_route_fares_20260720
bus,CTB,1776,1,720,8.7,2026-05-11,td_bus_route_fares_20260720
bus,CTB,1776,2,720,8.7,2026-05-11,td_bus_route_fares_20260720
bus,CTB,1777,1,720A,8.7,2025-01-05,td_bus_route_fares_20260720
bus,CTB,1781,1,91,8.0,2025-01-05,td_bus_route_fares_20260720
bus,CTB,1782,1,91,8.0,2025-09-22,td_bus_route_fares_20260720
bus,CTB,1782,2,91,8.0,2025-09-22,td_bus_route_fares_20260720
bus,CTB,1785,1,91A,4.2,2025-01-05,td_bus_route_fares_20260720
bus,CTB,1785,2,91A,4.2,2025-01-05,td_bus_route_fares_20260720
bus,CTB,1786,1,93,9.4,2025-01-05,td_bus_route_fares_20260720
bus,CTB,1787,1,93,9.4,2025-01-05,td_bus_route_fares_20260720
bus,CTB,1788,1,93C,7.5,2025-01-05,td_bus_route_fares_20260720
bus,CTB,1789,1,93C,7.5,2025-01-05,td_bus_route_fares_20260720
bus,KMB+CTB,1790,1,948,20.8,2025-05-23,td_bus_route_fares_20260720
bus,KMB+CTB,1790,2,948,20.8,2025-05-23,td_bus_route_fares_20260720
bus,KMB+CTB,1791,1,948X,20.8,2025-01-05,td_bus_route_fares_20260720
bus,CTB,1795,1,967X,27.3,2025-05-13,td_bus_route_fares_20260720
bus,CTB,1796,1,969,27.3,2026-01-02,td_bus_route_fares_20260720
bus,CTB,1796,2,969,27.3,2026-01-02,td_bus_route_fares_20260720
bus,CTB,1799,1,969B,27.3,2025-10-17,td_bus_route_fares_20260720
bus,CTB,1799,2,969B,27.3,2025-10-17,td_bus_route_fares_20260720
bus,CTB,1800,1,969B,27.3,2026-01-02,td_bus_route_fares_20260720
bus,CTB,1801,1,970X,14.5,2025-01-05,td_bus_route_fares_20260720
bus,CTB,1802,1,970X,14.5,2025-01-05,td_bus_route_fares_20260720
bus,CTB,1802,2,970X,14.5,2025-01-05,td_bus_route_fares_20260720
bus,CTB,1805,1,A12,47.1,2026-05-25,td_bus_route_fares_20260720
bus,CTB,1805,2,A12,47.1,2026-05-25,td_bus_route_fares_20260720
bus,CTB,1806,1,A12,47.1,2026-05-25,td_bus_route_fares_20260720
bus,CTB,1806,2,A12,47.1,2026-05-25,td_bus_route_fares_20260720
bus,CTB,1807,1,A22,40.8,2026-05-25,td_bus_route_fares_20260720
bus,CTB,1807,2,A22,40.8,2026-05-25,td_bus_route_fares_20260720
bus,CTB,1808,1,A22,40.8,2026-05-25,td_bus_route_fares_20260720
bus,LWB,1815,1,E42P,14.4,2023-06-10,td_bus_route_fares_20260720
bus,LWB,1815,2,E42P,14.4,2023-06-10,td_bus_route_fares_20260720
bus,LWB,1816,1,N64,5.4,2021-09-29,td_bus_route_fares_20260720
bus,LWB,1817,1,A43,32.4,2026-05-26,td_bus_route_fares_20260720
bus,KMB,1818,1,271P,16.9,2025-12-15,td_bus_route_fares_20260720
bus,KMB,1850,1,64K,9.6,2025-12-19,td_bus_route_fares_20260720
bus,KMB,1850,2,64K,9.6,2025-12-19,td_bus_route_fares_20260720
bus,KMB,1851,1,77K,8.4,2025-08-29,td_bus_route_fares_20260720
bus,KMB,1851,2,77K,8.4,2025-08-29,td_bus_route_fares_20260720
bus,KMB,1852,1,251M,11.5,2025-01-05,td_bus_route_fares_20260720
bus,KMB,1854,1,251A,6.7,2026-06-22,td_bus_route_fares_20260720
bus,KMB,1855,1,B1,15.3,2026-07-10,td_bus_route_fares_20260720
bus,KMB,1855,2,B1,15.3,2026-07-10,td_bus_route_fares_20260720
bus,CTB,1861,1,701S,7.2,2025-12-16,td_bus_route_fares_20260720
bus,LRTFeeder,1862,1,506,5.1,2026-01-01,td_bus_route_fares_20260720
bus,LRTFeeder,1862,2,506,5.1,2026-01-01,td_bus_route_fares_20260720
bus,LRTFeeder,1870,1,K75S,5.1,2025-11-24,td_bus_route_fares_20260720
bus,LRTFeeder,1871,1,K51,5.1,2025-07-14,td_bus_route_fares_20260720
bus,LRTFeeder,1871,2,K51,5.1,2025-07-14,td_bus_route_fares_20260720
bus,LRTFeeder,1874,1,K53,5.1,2025-10-03,td_bus_route_fares_20260720
bus,LRTFeeder,1875,1,K58,5.1,2025-01-13,td_bus_route_fares_20260720
bus,LRTFeeder,1875,2,K58,5.1,2025-01-13,td_bus_route_fares_20260720
bus,LRTFeeder,1876,1,K65,5.1,2025-01-02,td_bus_route_fares_20260720
bus,LRTFeeder,1876,2,K65,5.1,2025-01-02,td_bus_route_fares_20260720
bus,LRTFeeder,1877,1,K66,5.1,2025-01-02,td_bus_route_fares_20260720
bus,LRTFeeder,1877,2,K66,5.1,2025-01-02,td_bus_route_fares_20260720
bus,LRTFeeder,1878,1,K68,5.1,2025-12-05,td_bus_route_fares_20260720
bus,LRTFeeder,1879,1,K73,5.1,2024-06-24,td_bus_route_fares_20260720
bus,LRTFeeder,1879,2,K73,5.1,2024-06-24,td_bus_route_fares_20260720
bus,LRTFeeder,1880,1,K73,5.1,2025-12-03,td_bus_route_fares_20260720
bus,LRTFeeder,1881,1,K74,5.1,2024-06-24,td_bus_route_fares_20260720
bus,LRTFeeder,1883,1,K75P,5.1,2024-06-24,td_bus_route_fares_20260720
bus,LRTFeeder,1884,1,K76,5.1,2025-01-02,td_bus_route_fares_20260720
bus,LRTFeeder,1884,2,K76,5.1,2025-01-02,td_bus_route_fares_20260720
bus,CTB,1887,1,967X,27.3,2025-08-11,td_bus_route_fares_20260720
bus,CTB,1890,1,30X,9.4,2025-06-27,td_bus_route_fares_20260720
bus,CTB,1890,2,30X,9.4,2025-06-27,td_bus_route_fares_20260720
bus,CTB,1891,1,4X,7.1,2025-01-05,td_bus_route_fares_20260720
bus,KMB,1892,1,N368,39.0,2026-01-14,td_bus_route_fares_20260720
bus,KMB,1892,2,N368,39.0,2026-01-14,td_bus_route_fares_20260720
bus,CTB,1893,1,N29,24.8,2026-01-30,td_bus_route_fares_20260720
bus,CTB,1893,2,N29,24.8,2026-01-30,td_bus_route_fares_20260720
bus,CTB,1894,1,S52,4.2,2024-11-04,td_bus_route_fares_20260720
bus,CTB,1894,2,S52,4.2,2024-11-04,td_bus_route_fares_20260720
bus,CTB,1895,1,S52P,3.1,2020-05-06,td_bus_route_fares_20260720
bus,CTB,1897,1,930A,20.8,2025-01-05,td_bus_route_fares_20260720
bus,CTB,1898,1,65,12.8,2025-01-05,td_bus_route_fares_20260720
bus,CTB,1898,2,65,12.8,2025-01-05,td_bus_route_fares_20260720
bus,KMB,1951,1,960B,27.0,2025-11-28,td_bus_route_fares_20260720
bus,KMB,1951,2,960B,27.0,2025-11-28,td_bus_route_fares_20260720
bus,KMB,1952,1,54,6.7,2025-04-17,td_bus_route_fares_20260720
bus,KMB,1953,1,40P,10.0,2025-09-15,td_bus_route_fares_20260720
bus,KMB,1953,2,40P,10.0,2025-09-15,td_bus_route_fares_20260720
bus,KMB,1955,1,23M,5.6,2026-06-29,td_bus_route_fares_20260720
bus,CTB,1956,1,70P,6.6,2025-01-05,td_bus_route_fares_20260720
bus,CTB,1956,2,70P,6.6,2025-01-05,td_bus_route_fares_20260720
bus,CTB,1957,1,962C,27.3,2025-01-05,td_bus_route_fares_20260720
bus,CTB,1958,1,969C,28.2,2025-01-05,td_bus_route_fares_20260720
bus,NLB,1959,1,37P,3.9,2025-01-05,td_bus_route_fares_20260720
bus,NLB,1961,1,38X,3.8,2025-01-05,td_bus_route_fares_20260720
bus,XB,1970,1,Kwun Tong - Huanggang,48.0,2025-07-29,td_bus_route_fares_20260720
bus,XB,1970,2,Kwun Tong - Huanggang,48.0,2025-07-29,td_bus_route_fares_20260720
bus,XB,1971,1,Kwun Tong - Huanggang,55.0,2025-07-29,td_bus_route_fares_20260720
bus,XB,1972,1,Tsuen Wan - Huanggang,45.0,2025-07-29,td_bus_route_fares_20260720
bus,XB,1972,2,Tsuen Wan - Huanggang,45.0,2025-07-29,td_bus_route_fares_20260720
bus,XB,1973,1,Tsuen Wan - Huanggang,48.0,2025-07-29,td_bus_route_fares_20260720
bus,XB,1973,2,Tsuen Wan - Huanggang,48.0,2025-07-29,td_bus_route_fares_20260720
bus,DB,1979,1,DB03RP,17.6,2026-07-02,td_bus_route_fares_20260720
bus,DB,1979,2,DB03RP,17.6,2026-07-02,td_bus_route_fares_20260720
bus,DB,1980,1,DB02RA,59.1,2026-07-02,td_bus_route_fares_20260720
bus,DB,1981,1,DB01R,17.6,2026-07-02,td_bus_route_fares_20260720
bus,DB,1981,2,DB01R,17.6,2026-07-02,td_bus_route_fares_20260720
bus,DB,1982,1,DB02R,59.1,2026-07-02,td_bus_route_fares_20260720
bus,DB,1983,1,DB03R,17.6,2026-07-02,td_bus_route_fares_20260720
bus,DB,1983,2,DB03R,17.6,2026-07-02,td_bus_route_fares_20260720
bus,PI,1984,1,NR330,13.8,2026-02-10,td_bus_route_fares_20260720
bus,PI,1984,2,NR330,13.8,2026-02-10,td_bus_route_fares_20260720
bus,PI,1985,1,NR331,15.6,2026-05-29,td_bus_route_fares_20260720
bus,PI,1985,2,NR331,15.6,2026-05-29,td_bus_route_fares_20260720
bus,PI,1986,1,NR332,14.5,2026-02-10,td_bus_route_fares_20260720
bus,PI,1986,2,NR332,14.5,2026-02-10,td_bus_route_fares_20260720
bus,XB,1991,1,Mong Kok - Huanggang,45.0,2025-07-29,td_bus_route_fares_20260720
bus,XB,1991,2,Mong Kok - Huanggang,45.0,2025-07-29,td_bus_route_fares_20260720
bus,XB,1992,1,Yau Tsim - Huanggang,38.0,2025-07-29,td_bus_route_fares_20260720
bus,XB,1992,2,Yau Tsim - Huanggang,38.0,2025-07-29,td_bus_route_fares_20260720
bus,XB,1993,1,Wan Chai - Huanggang,57.0,2026-05-22,td_bus_route_fares_20260720
bus,XB,1993,2,Wan Chai - Huanggang,57.0,2026-05-22,td_bus_route_fares_20260720
bus,XB,1994,1,Wan Chai - Huanggang,63.0,2026-05-22,td_bus_route_fares_20260720
bus,XB,1994,2,Wan Chai - Huanggang,63.0,2026-05-22,td_bus_route_fares_20260720
bus,XB,1997,1,Lok Ma Chau - Huanggang,10.0,2025-07-29,td_bus_route_fares_20260720
bus,XB,1997,2,Lok Ma Chau - Huanggang,10.0,2025-07-29,td_bus_route_fares_20260720
bus,KMB,8009,1,203S,9.3,2025-01-05,td_bus_route_fares_20260720
bus,KMB,8012,1,242X,10.2,2025-01-05,td_bus_route_fares_20260720
bus,KMB,8012,2,242X,10.2,2025-01-05,td_bus_route_fares_20260720
bus,CTB,8043,1,77X,9.7,2025-01-05,td_bus_route_fares_20260720
bus,KMB,8064,1,16,7.8,2025-01-05,td_bus_route_fares_20260720
bus,KMB+CTB,8066,1,118,12.9,2025-01-05,td_bus_route_fares_20260720
bus,NLB,8068,1,B2P,11.3,2025-12-12,td_bus_route_fares_20260720
bus,NLB,8068,2,B2P,11.3,2025-12-12,td_bus_route_fares_20260720
bus,NLB,8071,1,1R,56.5,2026-01-15,td_bus_route_fares_20260720
bus,KMB,8073,1,935,20.6,2025-08-15,td_bus_route_fares_20260720
bus,CTB,8090,1,796X,10.3,2026-01-30,td_bus_route_fares_20260720
bus,CTB,8090,2,796X,10.3,2026-01-30,td_bus_route_fares_20260720
bus,CTB,8091,1,796P,10.3,2025-01-05,td_bus_route_fares_20260720
bus,KMB,8092,1,14D,6.7,2025-01-05,td_bus_route_fares_20260720
bus,KMB,8092,2,14D,6.7,2025-01-05,td_bus_route_fares_20260720
bus,KMB,8093,1,91P,7.1,2025-08-22,td_bus_route_fares_20260720
bus,KMB,8094,1,961P,24.0,2025-01-05,td_bus_route_fares_20260720
bus,KMB,8096,1,14D,6.7,2025-01-05,td_bus_route_fares_20260720
bus,KMB,8097,1,270P,16.9,2026-01-05,td_bus_route_fares_20260720
bus,KMB,8099,1,258S,18.8,2026-01-19,td_bus_route_fares_20260720
bus,KMB,8100,1,960X,27.0,2025-11-28,td_bus_route_fares_20260720
bus,CTB,8101,1,E11S,23.8,2026-05-08,td_bus_route_fares_20260720
bus,CTB,8102,1,99X,9.7,2025-01-05,td_bus_route_fares_20260720
bus,KMB+CTB,8104,1,982X,20.8,2026-06-12,td_bus_route_fares_20260720
bus,CTB,8108,1,14,12.1,2025-06-05,td_bus_route_fares_20260720
bus,CTB,8109,1,6,11.4,2025-01-05,td_bus_route_fares_20260720
bus,CTB,8109,2,6,11.4,2025-01-05,td_bus_route_fares_20260720
bus,CTB,8110,1,14,12.1,2025-01-05,td_bus_route_fares_20260720
bus,CTB,8110,2,14,12.1,2025-01-05,td_bus_route_fares_20260720
bus,CTB,8111,1,14,12.1,2025-01-05,td_bus_route_fares_20260720
bus,CTB,8111,2,14,12.1,2025-01-05,td_bus_route_fares_20260720
bus,CTB,8112,1,14,12.1,2025-01-05,td_bus_route_fares_20260720
bus,CTB,8113,1,14,12.1,2025-12-18,td_bus_route_fares_20260720
bus,KMB,8114,1,5P,6.7,2025-07-25,td_bus_route_fares_20260720
bus,KMB,8114,2,5P,6.7,2025-07-25,td_bus_route_fares_20260720
bus,KMB,8115,1,215P,8.6,2025-01-05,td_bus_route_fares_20260720
bus,CTB,8116,1,702,5.0,2026-05-08,td_bus_route_fares_20260720
bus,CTB,8118,1,702S,4.7,2025-03-07,td_bus_route_fares_20260720
bus,CTB,8122,1,702,4.4,2026-05-08,td_bus_route_fares_20260720
bus,KMB+CTB,8124,1,914P,12.2,2025-01-05,td_bus_route_fares_20260720
bus,KMB,8126,1,281B,9.0,2025-08-08,td_bus_route_fares_20260720
bus,KMB,8127,1,281X,10.2,2025-08-08,td_bus_route_fares_20260720
bus,KMB,8128,1,286X,8.1,2026-05-11,td_bus_route_fares_20260720
bus,KMB,8130,1,15X,8.6,2025-01-05,td_bus_route_fares_20260720
bus,KMB,8130,2,15X,8.6,2025-01-05,td_bus_route_fares_20260720
bus,KMB,8131,1,968X,27.0,2025-12-12,td_bus_route_fares_20260720
bus,KMB,8131,2,968X,27.0,2025-12-12,td_bus_route_fares_20260720
bus,CTB,8133,1,19P,6.6,2025-01-05,td_bus_route_fares_20260720
bus,KMB,8134,1,272A,5.1,2025-04-01,td_bus_route_fares_20260720
bus,KMB,8136,1,68E,12.5,2026-04-17,td_bus_route_fares_20260720
bus,KMB,8136,2,68E,12.5,2026-04-17,td_bus_route_fares_20260720
bus,KMB,8137,1,268C,20.8,2025-01-05,td_bus_route_fares_20260720
bus,CTB,8138,1,85,5.2,2025-01-05,td_bus_route_fares_20260720
bus,CTB,8138,2,85,5.2,2025-01-05,td_bus_route_fares_20260720
bus,CTB,8139,1,85A,5.2,2025-01-05,td_bus_route_fares_20260720
bus,CTB,8141,1,18X,10.8,2025-05-19,td_bus_route_fares_20260720
bus,CTB,8141,2,18X,10.8,2025-05-19,td_bus_route_fares_20260720
bus,CTB,8142,1,720,8.7,2026-05-11,td_bus_route_fares_20260720
bus,CTB,8143,1,B3M,16.5,2025-01-05,td_bus_route_fares_20260720
bus,KMB,8144,1,5M,4.6,2026-05-04,td_bus_route_fares_20260720
bus,KMB,8145,1,28B,5.8,2025-02-21,td_bus_route_fares_20260720
bus,KMB,8145,2,28B,5.8,2025-02-21,td_bus_route_fares_20260720
bus,KMB,8146,1,28S,4.6,2025-01-05,td_bus_route_fares_20260720
bus,KMB,8148,1,259D,18.8,2025-01-05,td_bus_route_fares_20260720
bus,KMB,8149,1,270B,16.9,2025-01-05,td_bus_route_fares_20260720
bus,KMB,8150,1,270S,20.8,2025-01-05,td_bus_route_fares_20260720
bus,KMB,8151,1,78K,8.6,2025-01-05,td_bus_route_fares_20260720
bus,KMB,8152,1,73,7.8,2025-01-05,td_bus_route_fares_20260720
bus,KMB,8152,2,73,7.8,2025-01-05,td_bus_route_fares_20260720
bus,KMB,8153,1,74C,16.9,2025-12-23,td_bus_route_fares_20260720
bus,KMB,8154,1,77K,8.4,2025-01-05,td_bus_route_fares_20260720
bus,KMB,8155,1,277E,17.6,2026-07-03,td_bus_route_fares_20260720
bus,KMB,8155,2,277E,17.6,2026-07-03,td_bus_route_fares_20260720
bus,KMB,8156,1,277P,17.6,2026-01-06,td_bus_route_fares_20260720
bus,KMB,8156,2,277P,17.6,2026-01-06,td_bus_route_fares_20260720
bus,KMB,8157,1,277X,16.9,2025-08-06,td_bus_route_fares_20260720
bus,KMB,8158,1,277X,16.9,2025-01-05,td_bus_route_fares_20260720
bus,KMB,8159,1,297P,11.3,2025-01-05,td_bus_route_fares_20260720
bus,CTB,8161,1,952,24.2,2026-01-02,td_bus_route_fares_20260720
bus,KMB,8163,1,234C,11.5,2026-02-24,td_bus_route_fares_20260720
bus,KMB,8163,2,234C,11.5,2026-02-24,td_bus_route_fares_20260720
bus,KMB,8164,1,75P,7.9,2025-01-05,td_bus_route_fares_20260720
bus,KMB+CTB,8165,1,302A,14.4,2025-01-05,td_bus_route_fares_20260720
bus,KMB,8166,1,76K,9.6,2026-04-10,td_bus_route_fares_20260720
bus,KMB,8167,1,273A,5.1,2026-01-06,td_bus_route_fares_20260720
bus,CTB,8168,1,682A,24.4,2025-01-05,td_bus_route_fares_20260720
bus,KMB,8169,1,5R,8.1,2025-12-12,td_bus_route_fares_20260720
bus,KMB+CTB,8170,1,680B,24.4,2025-01-05,td_bus_route_fares_20260720
bus,KMB+CTB,8172,1,678,27.8,2025-01-05,td_bus_route_fares_20260720
bus,KMB+CTB,8172,2,678,27.8,2025-01-05,td_bus_route_fares_20260720
bus,KMB+CTB,8173,1,606X,14.4,2025-01-05,td_bus_route_fares_20260720
bus,KMB+CTB,8174,1,606A,12.9,2025-05-08,td_bus_route_fares_20260720
bus,KMB+CTB,8174,2,606A,12.9,2025-05-08,td_bus_route_fares_20260720
bus,KMB+CTB,8175,1,606X,14.4,2025-05-08,td_bus_route_fares_20260720
bus,KMB+CTB,8175,2,606X,14.4,2025-05-08,td_bus_route_fares_20260720
bus,KMB+CTB,8177,1,110,12.2,2025-07-18,td_bus_route_fares_20260720
bus,KMB,8178,1,46P,9.3,2025-01-05,td_bus_route_fares_20260720
bus,CTB,8179,1,99X,9.7,2025-01-05,td_bus_route_fares_20260720
bus,KMB+CTB,8180,1,690,17.8,2025-01-05,td_bus_route_fares_20260720
bus,CTB,8181,1,682P,24.4,2025-09-12,td_bus_route_fares_20260720
bus,CTB,8182,1,682B,24.4,2025-01-05,td_bus_route_fares_20260720
bus,CTB,8182,2,682B,24.4,2025-01-05,td_bus_route_fares_20260720
bus,KMB,8183,1,N73,22.6,2025-01-05,td_bus_route_fares_20260720
bus,KMB,8183,2,N73,22.6,2025-01-05,td_bus_route_fares_20260720
bus,KMB,8185,1,82B,4.9,2025-01-05,td_bus_route_fares_20260720
bus,NLB,8186,1,B2X,11.3,2025-01-05,td_bus_route_fares_20260720
bus,NLB,8186,2,B2X,11.3,2025-01-05,td_bus_route_fares_20260720
bus,KMB,8189,1,99R,18.2,2025-01-28,td_bus_route_fares_20260720
bus,KMB,8189,2,99R,18.2,2025-01-28,td_bus_route_fares_20260720
bus,KMB,8191,1,17,6.7,2025-01-05,td_bus_route_fares_20260720
bus,KMB,8192,1,74B,11.5,2025-01-05,td_bus_route_fares_20260720
bus,KMB+CTB,8194,1,101X,14.4,2025-01-05,td_bus_route_fares_20260720
bus,KMB+CTB,8194,2,101X,14.4,2025-01-05,td_bus_route_fares_20260720
bus,KMB,8195,1,88X,11.6,2025-05-23,td_bus_route_fares_20260720
bus,KMB,8195,2,88X,11.6,2025-05-23,td_bus_route_fares_20260720
bus,KMB,8196,1,88X,11.6,2025-01-05,td_bus_route_fares_20260720
bus,KMB,8196,2,88X,11.6,2025-01-05,td_bus_route_fares_20260720
bus,KMB,8197,1,82C,8.3,2025-01-05,td_bus_route_fares_20260720
bus,KMB,8197,2,82C,8.3,2025-01-05,td_bus_route_fares_20260720
bus,KMB,8198,1,287X,8.1,2025-11-07,td_bus_route_fares_20260720
bus,KMB,8199,1,T270,18.0,2025-01-05,td_bus_route_fares_20260720
bus,KMB,8199,2,T270,18.0,2025-01-05,td_bus_route_fares_20260720
bus,KMB,8200,1,T277,18.0,2025-01-05,td_bus_route_fares_20260720
bus,KMB,8200,2,T277,18.0,2025-01-05,td_bus_route_fares_20260720
bus,KMB,8201,1,2F,6.7,2025-01-05,td_bus_route_fares_20260720
bus,KMB,8202,1,273D,5.1,2026-06-10,td_bus_route_fares_20260720
bus,KMB,8203,1,268X,16.2,2025-01-05,td_bus_route_fares_20260720
bus,KMB,8203,2,268X,16.2,2025-01-05,td_bus_route_fares_20260720
bus,KMB,8204,1,270,4.3,2025-01-05,td_bus_route_fares_20260720
bus,NLB,8205,1,37,3.9,2025-01-05,td_bus_route_fares_20260720
bus,NLB,8205,2,37,3.9,2025-01-05,td_bus_route_fares_20260720
bus,CTB,8206,1,682,24.4,2025-01-05,td_bus_route_fares_20260720
bus,CTB,8206,2,682,24.4,2025-01-05,td_bus_route_fares_20260720
bus,KMB,8207,1,64S,6.7,2025-01-05,td_bus_route_fares_20260720
bus,KMB,8208,1,251B,6.7,2026-06-22,td_bus_route_fares_20260720
bus,KMB,8209,1,274X,11.5,2025-01-05,td_bus_route_fares_20260720
bus,KMB,8210,1,299X,11.7,2025-08-29,td_bus_route_fares_20260720
bus,KMB,8213,1,269P,12.5,2026-01-19,td_bus_route_fares_20260720
bus,KMB,8214,1,269P,12.5,2025-08-22,td_bus_route_fares_20260720
bus,KMB,8215,1,286C,11.3,2026-06-15,td_bus_route_fares_20260720
bus,KMB,8215,2,286C,11.3,2026-06-15,td_bus_route_fares_20260720
bus,CTB,8220,1,H1,47.6,2026-06-08,td_bus_route_fares_20260720
bus,CTB,8221,1,H2,47.6,2026-06-08,td_bus_route_fares_20260720
bus,KMB,8222,1,240X,11.3,2025-01-05,td_bus_route_fares_20260720
bus,KMB,8222,2,240X,11.3,2025-01-05,td_bus_route_fares_20260720
bus,KMB,8224,1,74D,16.9,2025-12-17,td_bus_route_fares_20260720
bus,KMB,8224,2,74D,16.9,2025-12-17,td_bus_route_fares_20260720
bus,KMB,8225,1,74P,11.5,2025-01-05,td_bus_route_fares_20260720
bus,KMB,8225,2,74P,11.5,2025-01-05,td_bus_route_fares_20260720
bus,KMB,8226,1,72C,6.7,2025-01-05,td_bus_route_fares_20260720
bus,KMB+CTB,8228,1,101X,14.4,2025-01-05,td_bus_route_fares_20260720
bus,KMB,8229,1,280X,10.2,2026-05-04,td_bus_route_fares_20260720
bus,KMB,8229,2,280X,10.2,2026-05-04,td_bus_route_fares_20260720
bus,KMB,8230,1,X42C,12.1,2025-10-24,td_bus_route_fares_20260720
bus,KMB,8230,2,X42C,12.1,2025-10-24,td_bus_route_fares_20260720
bus,KMB,8231,1,28B,5.8,2025-02-21,td_bus_route_fares_20260720
bus,NLB,8232,1,11A,17.6,2025-01-05,td_bus_route_fares_20260720
bus,NLB,8232,2,11A,17.6,2025-01-05,td_bus_route_fares_20260720
bus,CTB,8236,1,E22X,18.6,2025-01-02,td_bus_route_fares_20260720
bus,CTB,8236,2,E22X,18.6,2025-01-02,td_bus_route_fares_20260720
bus,XB,8239,1,Yau Tsim - Huanggang,38.0,2025-07-29,td_bus_route_fares_20260720
bus,XB,8239,2,Yau Tsim - Huanggang,38.0,2025-07-29,td_bus_route_fares_20260720
bus,KMB,8240,1,87D,10.8,2025-01-05,td_bus_route_fares_20260720
bus,KMB,8242,1,87D,10.8,2025-01-05,td_bus_route_fares_20260720
bus,KMB,8243,1,35X,10.1,2025-01-05,td_bus_route_fares_20260720
bus,KMB,8243,2,35X,10.1,2025-01-05,td_bus_route_fares_20260720
bus,KMB,8244,1,290,12.1,2025-08-25,td_bus_route_fares_20260720
bus,KMB,8244,2,290,12.1,2025-08-25,td_bus_route_fares_20260720
bus,KMB,8245,1,290A,12.1,2026-05-08,td_bus_route_fares_20260720
bus,KMB,8245,2,290A,12.1,2026-05-08,td_bus_route_fares_20260720
bus,KMB,8247,1,98D,11.3,2025-01-05,td_bus_route_fares_20260720
bus,KMB,8248,1,98D,11.3,2025-01-05,td_bus_route_fares_20260720
bus,KMB,8249,1,98P,11.3,2025-11-14,td_bus_route_fares_20260720
bus,XB,8250,1,Mong Kok - Huanggang,50.0,2025-07-29,td_bus_route_fares_20260720
bus,XB,8250,2,Mong Kok - Huanggang,50.0,2025-07-29,td_bus_route_fares_20260720
bus,KMB,8251,1,288,5.1,2026-04-13,td_bus_route_fares_20260720
bus,CTB,8252,1,1P,4.8,2025-01-05,td_bus_route_fares_20260720
bus,CTB,8254,1,4,7.7,2025-04-11,td_bus_route_fares_20260720
bus,CTB,8256,1,4X,7.1,2025-01-05,td_bus_route_fares_20260720
bus,CTB,8257,1,4X,7.1,2025-01-05,td_bus_route_fares_20260720
bus,CTB,8258,1,70,6.6,2025-01-05,td_bus_route_fares_20260720
bus,KMB,8261,1,286X,8.1,2026-05-11,td_bus_route_fares_20260720
bus,KMB,8262,1,286P,8.1,2025-01-05,td_bus_route_fares_20260720
bus,KMB,8263,1,91R,12.5,2026-07-10,td_bus_route_fares_20260720
bus,KMB,8264,1,36X,9.0,2025-01-05,td_bus_route_fares_20260720
bus,KMB,8264,2,36X,9.0,2025-01-05,td_bus_route_fares_20260720
bus,CTB,8266,1,930X,20.8,2025-12-29,td_bus_route_fares_20260720
bus,CTB,8266,2,930X,20.8,2025-12-29,td_bus_route_fares_20260720
bus,CTB,8267,1,NA29,54.4,2026-05-25,td_bus_route_fares_20260720
bus,CTB,8267,2,NA29,54.4,2026-05-25,td_bus_route_fares_20260720
bus,CTB,8269,1,37B,6.6,2025-01-05,td_bus_route_fares_20260720
bus,CTB,8270,1,7,7.4,2025-04-11,td_bus_route_fares_20260720
bus,CTB,8271,1,7,7.4,2025-04-11,td_bus_route_fares_20260720
bus,CTB,8271,2,7,7.4,2025-04-11,td_bus_route_fares_20260720
bus,CTB,8272,1,9,9.4,2025-05-19,td_bus_route_fares_20260720
bus,KMB,8273,1,978A,27.9,2025-01-05,td_bus_route_fares_20260720
bus,KMB,8273,2,978A,27.9,2025-01-05,td_bus_route_fares_20260720
bus,KMB,8274,1,978B,27.9,2025-03-28,td_bus_route_fares_20260720
bus,CTB,8276,1,682A,24.4,2025-01-05,td_bus_route_fares_20260720
bus,CTB,8277,1,796P,10.3,2025-01-05,td_bus_route_fares_20260720
bus,KMB,8278,1,673,27.9,2025-01-05,td_bus_route_fares_20260720
bus,KMB,8278,2,673,27.9,2025-01-05,td_bus_route_fares_20260720
bus,CTB,8279,1,E11A,21.7,2025-01-02,td_bus_route_fares_20260720
bus,CTB,8279,2,E11A,21.7,2025-01-02,td_bus_route_fares_20260720
bus,KMB,8281,1,268P,20.8,2026-01-19,td_bus_route_fares_20260720
bus,KMB,8282,1,69C,20.8,2026-01-19,td_bus_route_fares_20260720
bus,KMB,8282,2,69C,20.8,2026-01-19,td_bus_route_fares_20260720
bus,KMB,8283,1,269C,20.8,2025-11-28,td_bus_route_fares_20260720
bus,CTB,8287,1,E22C,28.5,2026-04-30,td_bus_route_fares_20260720
bus,CTB,8287,2,E22C,28.5,2026-04-30,td_bus_route_fares_20260720
bus,KMB,8288,1,83A,8.1,2025-12-23,td_bus_route_fares_20260720
bus,NLB,8290,1,37H,3.9,2025-01-05,td_bus_route_fares_20260720
bus,KMB,8291,1,934A,20.6,2026-01-09,td_bus_route_fares_20260720
bus,KMB,8291,2,934A,20.6,2026-01-09,td_bus_route_fares_20260720
bus,CTB,8292,1,962C,27.3,2025-01-05,td_bus_route_fares_20260720
bus,LWB,8293,1,A43P,32.4,2026-05-26,td_bus_route_fares_20260720
bus,LWB,8293,2,A43P,32.4,2026-05-26,td_bus_route_fares_20260720
bus,LWB,8295,1,A36,19.8,2026-05-26,td_bus_route_fares_20260720
bus,LWB,8295,2,A36,19.8,2026-05-26,td_bus_route_fares_20260720
bus,CTB,8299,1,798A,13.1,2025-05-16,td_bus_route_fares_20260720
bus,CTB,8299,2,798A,13.1,2025-05-16,td_bus_route_fares_20260720
bus,LWB,8302,1,NA33,29.3,2026-05-25,td_bus_route_fares_20260720
bus,LWB,8302,2,NA33,29.3,2026-05-25,td_bus_route_fares_20260720
bus,KMB,8306,1,264R,18.9,2025-01-05,td_bus_route_fares_20260720
bus,KMB,8306,2,264R,18.9,2025-01-05,td_bus_route_fares_20260720
bus,KMB+CTB,8307,1,182X,20.8,2026-01-14,td_bus_route_fares_20260720
bus,KMB+CTB,8308,1,982X,20.8,2026-06-12,td_bus_route_fares_20260720
bus,KMB,8309,1,2X,7.8,2025-01-05,td_bus_route_fares_20260720
bus,KMB,8309,2,2X,7.8,2025-01-05,td_bus_route_fares_20260720
bus,CTB,8310,1,85A,5.2,2025-01-05,td_bus_route_fares_20260720
bus,KMB,8311,1,259X,20.8,2026-01-30,td_bus_route_fares_20260720
bus,KMB,8311,2,259X,20.8,2026-01-30,td_bus_route_fares_20260720
bus,KMB,8312,1,16X,8.6,2025-01-05,td_bus_route_fares_20260720
bus,KMB,8312,2,16X,8.6,2025-01-05,td_bus_route_fares_20260720
bus,KMB,8313,1,N36,7.7,2025-01-05,td_bus_route_fares_20260720
bus,KMB,8314,1,N39,5.5,2025-01-05,td_bus_route_fares_20260720
bus,KMB,8317,1,603,13.9,2025-01-17,td_bus_route_fares_20260720
bus,KMB,8318,1,87E,14.3,2025-01-05,td_bus_route_fares_20260720
bus,KMB,8319,1,298,5.8,2025-12-18,td_bus_route_fares_20260720
bus,LWB,8320,1,S64C,3.8,2022-10-10,td_bus_route_fares_20260720
bus,LWB,8321,1,S64X,3.8,2025-01-23,td_bus_route_fares_20260720
bus,LWB,8322,1,S64X,3.8,2025-01-23,td_bus_route_fares_20260720
bus,CTB,8324,1,S56,3.7,2026-03-17,td_bus_route_fares_20260720
bus,CTB,8326,1,S56,3.7,2023-11-27,td_bus_route_fares_20260720
bus,NLB,8327,1,34,5.1,2025-01-05,td_bus_route_fares_20260720
bus,NLB,8327,2,34,5.1,2025-01-05,td_bus_route_fares_20260720
bus,KMB,8328,1,40,10.1,2025-12-19,td_bus_route_fares_20260720
bus,LRTFeeder,8329,1,K75A,5.1,2024-06-24,td_bus_route_fares_20260720
bus,CTB,8330,1,789,8.7,2025-01-05,td_bus_route_fares_20260720
bus,NLB,8331,1,37M,3.9,2026-01-29,td_bus_route_fares_20260720
bus,KMB,8332,1,270C,16.9,2025-01-05,td_bus_route_fares_20260720
bus,KMB,8332,2,270C,16.9,2025-01-05,td_bus_route_fares_20260720
bus,CTB,8336,1,5B,4.8,2025-01-05,td_bus_route_fares_20260720
bus,CTB,8337,1,5B,4.8,2025-01-05,td_bus_route_fares_20260720
bus,CTB,8338,1,5B,4.8,2025-01-05,td_bus_route_fares_20260720
bus,CTB,8339,1,5B,4.8,2025-01-05,td_bus_route_fares_20260720
bus,KMB+CTB,8340,1,101,12.9,2025-01-05,td_bus_route_fares_20260720
bus,KMB+CTB,8341,1,101,12.9,2025-01-05,td_bus_route_fares_20260720
bus,KMB,8343,1,213M,5.1,2026-04-21,td_bus_route_fares_20260720
bus,KMB,8345,1,270D,16.9,2026-01-05,td_bus_route_fares_20260720
bus,CTB,8346,1,NA11,54.4,2026-05-25,td_bus_route_fares_20260720
bus,CTB,8346,2,NA11,54.4,2026-05-25,td_bus_route_fares_20260720
bus,LWB,8347,1,S64P,3.8,2026-06-30,td_bus_route_fares_20260720
bus,KMB,8348,1,68F,6.7,2025-01-05,td_bus_route_fares_20260720
bus,LWB,8349,1,A37,19.8,2026-05-26,td_bus_route_fares_20260720
bus,LWB,8349,2,A37,19.8,2026-05-26,td_bus_route_fares_20260720
bus,KMB,8352,1,213X,9.8,2025-09-05,td_bus_route_fares_20260720
bus,KMB,8353,1,6P,7.4,2026-02-06,td_bus_route_fares_20260720
bus,KMB,8353,2,6P,7.4,2026-02-06,td_bus_route_fares_20260720
bus,KMB,8354,1,214,9.1,2025-09-26,td_bus_route_fares_20260720
bus,KMB,8354,2,214,9.1,2025-09-26,td_bus_route_fares_20260720
bus,CTB,8355,1,88X,12.2,2025-01-05,td_bus_route_fares_20260720
bus,CTB,8355,2,88X,12.2,2025-01-05,td_bus_route_fares_20260720
bus,KMB,8357,1,213D,9.0,2025-09-12,td_bus_route_fares_20260720
bus,CTB,8358,1,E21C,23.8,2021-09-29,td_bus_route_fares_20260720
bus,CTB,8358,2,E21C,23.8,2021-09-29,td_bus_route_fares_20260720
bus,KMB,8359,1,288A,5.1,2025-01-05,td_bus_route_fares_20260720
bus,CTB,8360,1,930,20.8,2025-01-05,td_bus_route_fares_20260720
bus,LWB,8361,1,A47X,29.0,2026-05-26,td_bus_route_fares_20260720
bus,LWB,8361,2,A47X,29.0,2026-05-26,td_bus_route_fares_20260720
bus,KMB,8363,1,91S,8.4,2026-01-06,td_bus_route_fares_20260720
bus,KMB+CTB,8364,1,905P,12.9,2025-01-05,td_bus_route_fares_20260720
bus,KMB,8365,1,269S,20.8,2026-02-02,td_bus_route_fares_20260720
bus,KMB,8365,2,269S,20.8,2026-02-02,td_bus_route_fares_20260720
bus,KMB+CTB,8367,1,948A,20.8,2025-01-05,td_bus_route_fares_20260720
bus,LWB,8368,1,E32,11.2,2023-11-24,td_bus_route_fares_20260720
bus,LWB,8368,2,E32,11.2,2023-11-24,td_bus_route_fares_20260720
bus,LWB,8369,1,A36,19.8,2026-05-26,td_bus_route_fares_20260720
bus,LWB,8372,1,A33X,15.7,2026-05-28,td_bus_route_fares_20260720
bus,LWB,8372,2,A33X,15.7,2026-05-28,td_bus_route_fares_20260720
bus,LWB,8373,1,A33X,15.7,2026-05-26,td_bus_route_fares_20260720
bus,KMB,8374,1,44M,5.4,2025-02-28,td_bus_route_fares_20260720
bus,KMB,8376,1,258X,20.8,2026-01-19,td_bus_route_fares_20260720
bus,KMB,8376,2,258X,20.8,2026-01-19,td_bus_route_fares_20260720
bus,KMB,8377,1,267X,18.8,2026-01-19,td_bus_route_fares_20260720
bus,KMB,8377,2,267X,18.8,2026-01-19,td_bus_route_fares_20260720
bus,KMB,8378,1,673P,27.9,2025-01-05,td_bus_route_fares_20260720
bus,KMB,8379,1,3X,7.8,2025-08-22,td_bus_route_fares_20260720
bus,KMB,8380,1,43C,7.8,2026-01-05,td_bus_route_fares_20260720
bus,LWB,8381,1,A32,19.8,2026-05-26,td_bus_route_fares_20260720
bus,LWB,8381,2,A32,19.8,2026-05-26,td_bus_route_fares_20260720
bus,KMB,8382,1,47X,9.3,2025-01-05,td_bus_route_fares_20260720
bus,CTB,8383,1,82,5.5,2026-05-11,td_bus_route_fares_20260720
bus,KMB,8384,1,74E,16.9,2025-01-05,td_bus_route_fares_20260720
bus,KMB,8384,2,74E,16.9,2025-01-05,td_bus_route_fares_20260720
bus,KMB,8385,1,74B,11.5,2025-01-05,td_bus_route_fares_20260720
bus,CTB,8386,1,48,4.2,2025-01-05,td_bus_route_fares_20260720
bus,CTB,8387,1,48,4.2,2025-01-05,td_bus_route_fares_20260720
bus,CTB,8388,1,48,4.2,2025-01-05,td_bus_route_fares_20260720
bus,CTB,8389,1,78,4.2,2025-01-05,td_bus_route_fares_20260720
bus,KMB,8390,1,74X,11.5,2025-12-17,td_bus_route_fares_20260720
bus,KMB,8391,1,74X,11.5,2025-12-17,td_bus_route_fares_20260720
bus,KMB,8393,1,968,27.0,2025-12-12,td_bus_route_fares_20260720
bus,LWB,8394,1,A38,19.8,2026-05-26,td_bus_route_fares_20260720
bus,LWB,8394,2,A38,19.8,2026-05-26,td_bus_route_fares_20260720
bus,LWB,8396,1,A47X,29.0,2026-05-26,td_bus_route_fares_20260720
bus,LWB,8397,1,NA43,47.2,2026-05-25,td_bus_route_fares_20260720
bus,LWB,8397,2,NA43,47.2,2026-05-25,td_bus_route_fares_20260720
bus,LWB,8398,1,NA41,41.9,2026-05-25,td_bus_route_fares_20260720
bus,LWB,8398,2,NA41,41.9,2026-05-25,td_bus_route_fares_20260720
bus,LWB,8399,1,NA40,41.9,2026-05-25,td_bus_route_fares_20260720
bus,LWB,8399,2,NA40,41.9,2026-05-25,td_bus_route_fares_20260720
bus,KMB,8400,1,N283,19.3,2025-01-05,td_bus_route_fares_20260720
bus,KMB,8401,1,47A,9.3,2025-09-19,td_bus_route_fares_20260720
bus,KMB,8401,2,47A,9.3,2025-09-19,td_bus_route_fares_20260720
bus,KMB+CTB,8402,1,980X,24.4,2025-12-12,td_bus_route_fares_20260720
bus,KMB+CTB,8403,1,980X,24.4,2025-12-12,td_bus_route_fares_20260720
bus,KMB+CTB,8404,1,981P,24.4,2026-05-29,td_bus_route_fares_20260720
bus,KMB+CTB,8405,1,981P,24.4,2026-05-29,td_bus_route_fares_20260720
bus,PI,8406,1,NR331S,16.3,2026-05-29,td_bus_route_fares_20260720
bus,PI,8406,2,NR331S,16.3,2026-05-29,td_bus_route_fares_20260720
bus,KMB,8409,1,290X,12.1,2026-03-13,td_bus_route_fares_20260720
bus,KMB,8409,2,290X,12.1,2026-03-13,td_bus_route_fares_20260720
bus,KMB,8413,1,271B,12.5,2025-01-05,td_bus_route_fares_20260720
bus,KMB,8413,2,271B,12.5,2025-01-05,td_bus_route_fares_20260720
bus,KMB,8414,1,271X,13.6,2025-01-06,td_bus_route_fares_20260720
bus,KMB,8415,1,271,12.5,2025-01-06,td_bus_route_fares_20260720
bus,CTB,8419,1,722,8.7,2026-05-11,td_bus_route_fares_20260720
bus,KMB,8420,1,296M,5.8,2025-05-23,td_bus_route_fares_20260720
bus,LRTFeeder,8421,1,K73,5.1,2024-06-24,td_bus_route_fares_20260720
bus,LRTFeeder,8422,1,506,5.1,2024-06-24,td_bus_route_fares_20260720
bus,NLB,8424,1,37S,3.9,2025-01-05,td_bus_route_fares_20260720
bus,KMB,8425,1,91M,5.1,2025-01-05,td_bus_route_fares_20260720
bus,KMB,8426,1,91P,7.1,2025-08-22,td_bus_route_fares_20260720
bus,CTB,8427,1,A20,34.6,2026-05-25,td_bus_route_fares_20260720
bus,CTB,8427,2,A20,34.6,2026-05-25,td_bus_route_fares_20260720
bus,CTB,8428,1,N796,19.6,2026-01-30,td_bus_route_fares_20260720
bus,LWB,8431,1,E32A,11.2,2024-12-02,td_bus_route_fares_20260720
bus,LWB,8431,2,E32A,11.2,2024-12-02,td_bus_route_fares_20260720
bus,KMB,8432,1,75X,11.5,2026-04-20,td_bus_route_fares_20260720
bus,KMB,8435,1,613,11.4,2025-01-05,td_bus_route_fares_20260720
bus,KMB,8435,2,613,11.4,2025-01-05,td_bus_route_fares_20260720
bus,KMB,8436,1,3D,5.8,2026-06-05,td_bus_route_fares_20260720
bus,KMB,8436,2,3D,5.8,2026-06-05,td_bus_route_fares_20260720
bus,KMB,8437,1,3D,5.8,2026-06-05,td_bus_route_fares_20260720
bus,KMB,8440,1,3M,5.1,2025-01-05,td_bus_route_fares_20260720
bus,CTB,8445,1,11,8.6,2026-05-08,td_bus_route_fares_20260720
bus,CTB,8446,1,11,8.6,2026-05-08,td_bus_route_fares_20260720
bus,CTB,8447,1,11,8.6,2025-01-05,td_bus_route_fares_20260720
bus,KMB+CTB,8448,1,171,14.7,2025-03-21,td_bus_route_fares_20260720
bus,KMB+CTB,8448,2,171,14.7,2025-03-21,td_bus_route_fares_20260720
bus,KMB+CTB,8449,1,171,14.7,2025-03-21,td_bus_route_fares_20260720
bus,KMB+CTB,8449,2,171,14.7,2025-03-21,td_bus_route_fares_20260720
bus,CTB,8455,1,592,6.6,2025-09-22,td_bus_route_fares_20260720
bus,KMB,8459,1,48P,14.9,2025-01-05,td_bus_route_fares_20260720
bus,KMB,8459,2,48P,14.9,2025-01-05,td_bus_route_fares_20260720
bus,KMB+CTB,8468,1,107,14.7,2025-05-19,td_bus_route_fares_20260720
bus,KMB+CTB,8468,2,107,14.7,2025-05-19,td_bus_route_fares_20260720
bus,KMB,8469,1,B1,15.3,2026-07-10,td_bus_route_fares_20260720
bus,KMB,8469,2,B1,15.3,2026-07-10,td_bus_route_fares_20260720
bus,KMB+CTB,8470,1,170,20.8,2025-05-14,td_bus_route_fares_20260720
bus,KMB+CTB,8470,2,170,20.8,2025-05-14,td_bus_route_fares_20260720
bus,KMB,8472,1,213S,5.1,2026-04-21,td_bus_route_fares_20260720
bus,KMB,8473,1,88,8.6,2025-05-19,td_bus_route_fares_20260720
bus,KMB,8473,2,88,8.6,2025-05-19,td_bus_route_fares_20260720
bus,CTB,8474,1,NA12,60.7,2026-05-25,td_bus_route_fares_20260720
bus,CTB,8475,1,969C,28.2,2026-01-02,td_bus_route_fares_20260720
bus,CTB,8476,1,973,18.1,2025-01-05,td_bus_route_fares_20260720
bus,CTB,8477,1,973,18.1,2025-01-05,td_bus_route_fares_20260720
bus,CTB,8477,2,973,18.1,2025-01-05,td_bus_route_fares_20260720
bus,CTB,8478,1,8H,7.0,2025-05-16,td_bus_route_fares_20260720
bus,CTB,8478,2,8H,7.0,2025-05-16,td_bus_route_fares_20260720
bus,KMB,8480,1,278A,14.7,2025-05-09,td_bus_route_fares_20260720
bus,KMB,8480,2,278A,14.7,2025-05-09,td_bus_route_fares_20260720
bus,KMB,8482,1,224X,8.6,2025-01-05,td_bus_route_fares_20260720
bus,CTB,8483,1,12A,6.1,2025-06-04,td_bus_route_fares_20260720
bus,CTB,8484,1,12A,6.1,2025-01-05,td_bus_route_fares_20260720
bus,CTB,8486,1,9,9.4,2025-05-16,td_bus_route_fares_20260720
bus,CTB,8486,2,9,9.4,2025-05-16,td_bus_route_fares_20260720
bus,CTB,8487,1,9,9.4,2025-05-16,td_bus_route_fares_20260720
bus,CTB,8487,2,9,9.4,2025-05-16,td_bus_route_fares_20260720
bus,CTB,8488,1,9,9.4,2025-05-16,td_bus_route_fares_20260720
bus,CTB,8490,1,682B,24.4,2025-01-05,td_bus_route_fares_20260720
bus,KMB,8491,1,279A,17.1,2026-01-05,td_bus_route_fares_20260720
bus,KMB,8492,1,83X,8.1,2025-12-17,td_bus_route_fares_20260720
bus,KMB,8492,2,83X,8.1,2025-12-17,td_bus_route_fares_20260720
bus,KMB,8493,1,49X,10.4,2025-01-05,td_bus_route_fares_20260720
bus,KMB,8494,1,49X,10.4,2026-01-06,td_bus_route_fares_20260720
bus,KMB,8496,1,214,9.1,2025-01-05,td_bus_route_fares_20260720
bus,KMB,8497,1,80,8.4,2025-12-17,td_bus_route_fares_20260720
bus,KMB,8498,1,80A,8.4,2025-02-07,td_bus_route_fares_20260720
bus,KMB,8500,1,43D,5.4,2025-01-05,td_bus_route_fares_20260720
bus,CTB,8501,1,18X,12.2,2025-05-19,td_bus_route_fares_20260720
bus,KMB,8503,1,252X,18.8,2026-01-19,td_bus_route_fares_20260720
bus,KMB,8504,1,87S,5.1,2025-12-29,td_bus_route_fares_20260720
bus,KMB,8505,1,272E,14.9,2025-07-18,td_bus_route_fares_20260720
bus,KMB,8505,2,272E,14.9,2025-07-18,td_bus_route_fares_20260720
bus,KMB,8509,1,288B,5.1,2025-05-23,td_bus_route_fares_20260720
bus,KMB,8510,1,280X,10.2,2025-01-05,td_bus_route_fares_20260720
bus,KMB,8511,1,N41X,19.3,2025-03-07,td_bus_route_fares_20260720
bus,KMB,8512,1,296P,9.6,2025-12-15,td_bus_route_fares_20260720
bus,KMB,8512,2,296P,9.6,2025-12-15,td_bus_route_fares_20260720
bus,KMB,8513,1,N287,19.3,2025-01-05,td_bus_route_fares_20260720
bus,KMB,8514,1,64K,6.7,2025-01-05,td_bus_route_fares_20260720
bus,KMB,8517,1,89D,10.2,2025-01-05,td_bus_route_fares_20260720
bus,KMB,8518,1,89S,7.4,2026-01-05,td_bus_route_fares_20260720
bus,KMB,8518,2,89S,7.4,2026-01-05,td_bus_route_fares_20260720
bus,KMB,8519,1,89S,7.4,2025-01-05,td_bus_route_fares_20260720
bus,KMB,8520,1,89P,10.2,2025-01-05,td_bus_route_fares_20260720
bus,KMB,8521,1,936,20.6,2026-01-30,td_bus_route_fares_20260720
bus,KMB,8521,2,936,20.6,2026-01-30,td_bus_route_fares_20260720
bus,KMB,8522,1,293S,19.8,2025-01-05,td_bus_route_fares_20260720
bus,KMB,8522,2,293S,19.8,2025-01-05,td_bus_route_fares_20260720
bus,KMB,8523,1,968A,27.0,2026-04-17,td_bus_route_fares_20260720
bus,KMB,8524,1,40A,10.1,2025-01-05,td_bus_route_fares_20260720
bus,KMB,8525,1,234D,12.2,2025-01-05,td_bus_route_fares_20260720
bus,KMB,8525,2,234D,12.2,2025-01-05,td_bus_route_fares_20260720
bus,KMB,8526,1,268A,20.8,2026-01-19,td_bus_route_fares_20260720
bus,KMB,8526,2,268A,20.8,2026-01-19,td_bus_route_fares_20260720
bus,LWB,8527,1,NA47,44.5,2026-05-25,td_bus_route_fares_20260720
bus,LWB,8527,2,NA47,44.5,2026-05-25,td_bus_route_fares_20260720
bus,KMB,8532,1,X42P,12.1,2025-01-05,td_bus_route_fares_20260720
bus,NLB,8533,1,4,13.0,2025-11-04,td_bus_route_fares_20260720
bus,NLB,8533,2,4,13.0,2025-11-04,td_bus_route_fares_20260720
bus,KMB,8534,1,603A,13.9,2025-01-17,td_bus_route_fares_20260720
bus,KMB+CTB,8535,1,980A,24.4,2025-01-05,td_bus_route_fares_20260720
bus,KMB,8537,1,38B,9.3,2025-01-05,td_bus_route_fares_20260720
bus,KMB,8537,2,38B,9.3,2025-01-05,td_bus_route_fares_20260720
bus,KMB,8538,1,271S,21.8,2025-01-05,td_bus_route_fares_20260720
bus,KMB,8539,1,X89D,12.1,2025-01-05,td_bus_route_fares_20260720
bus,KMB,8539,2,X89D,12.1,2025-01-05,td_bus_route_fares_20260720
bus,KMB,8540,1,X42C,12.1,2025-01-05,td_bus_route_fares_20260720
bus,KMB,8543,1,38P,11.1,2025-01-05,td_bus_route_fares_20260720
bus,KMB,8543,2,38P,11.1,2025-01-05,td_bus_route_fares_20260720
bus,KMB,8544,1,5C,6.7,2025-01-05,td_bus_route_fares_20260720
bus,CTB,8545,1,N796,19.6,2026-01-30,td_bus_route_fares_20260720
bus,KMB,8546,1,52P,14.6,2026-01-19,td_bus_route_fares_20260720
bus,KMB,8548,1,261B,15.5,2026-01-19,td_bus_route_fares_20260720
bus,KMB,8549,1,3B,5.8,2025-04-25,td_bus_route_fares_20260720
bus,KMB,8551,1,5C,6.7,2025-07-25,td_bus_route_fares_20260720
bus,KMB,8552,1,263A,20.8,2026-01-19,td_bus_route_fares_20260720
bus,KMB,8552,2,263A,20.8,2026-01-19,td_bus_route_fares_20260720
bus,KMB,8553,1,14H,6.7,2025-01-05,td_bus_route_fares_20260720
bus,CTB,8554,1,952C,27.3,2025-01-05,td_bus_route_fares_20260720
bus,CTB,8555,1,952C,27.3,2026-01-02,td_bus_route_fares_20260720
bus,KMB,8556,1,32H,7.4,2025-01-05,td_bus_route_fares_20260720
bus,KMB,8556,2,32H,7.4,2025-01-05,td_bus_route_fares_20260720
bus,KMB,8557,1,258A,18.8,2026-01-19,td_bus_route_fares_20260720
bus,KMB,8558,1,258P,18.8,2025-01-05,td_bus_route_fares_20260720
bus,KMB,8559,1,960C,24.0,2025-01-05,td_bus_route_fares_20260720
bus,NLB,8560,1,11,23.3,2025-02-04,td_bus_route_fares_20260720
bus,NLB,8560,2,11,23.3,2025-02-04,td_bus_route_fares_20260720
bus,NLB,8561,1,11,23.3,2025-02-04,td_bus_route_fares_20260720
bus,NLB,8561,2,11,23.3,2025-02-04,td_bus_route_fares_20260720
bus,NLB,8562,1,11,23.3,2025-02-04,td_bus_route_fares_20260720
bus,NLB,8562,2,11,23.3,2025-02-04,td_bus_route_fares_20260720
bus,NLB,8563,1,11,7.1,2025-02-04,td_bus_route_fares_20260720
bus,NLB,8564,1,11,7.1,2025-01-05,td_bus_route_fares_20260720
bus,NLB,8565,1,11A,17.6,2025-01-05,td_bus_route_fares_20260720
bus,NLB,8565,2,11A,17.6,2025-01-05,td_bus_route_fares_20260720
bus,NLB,8566,1,11,23.3,2025-02-04,td_bus_route_fares_20260720
bus,NLB,8566,2,11,23.3,2025-02-04,td_bus_route_fares_20260720
bus,NLB,8567,1,1,21.4,2025-10-30,td_bus_route_fares_20260720
bus,NLB,8567,2,1,21.4,2025-10-30,td_bus_route_fares_20260720
bus,NLB,8568,1,1,21.4,2025-10-31,td_bus_route_fares_20260720
bus,NLB,8568,2,1,21.4,2025-10-31,td_bus_route_fares_20260720
bus,NLB,8569,1,1,21.4,2025-10-30,td_bus_route_fares_20260720
bus,NLB,8569,2,1,21.4,2025-10-30,td_bus_route_fares_20260720
bus,NLB,8570,1,1,21.4,2025-10-31,td_bus_route_fares_20260720
bus,NLB,8571,1,3M,19.6,2025-02-04,td_bus_route_fares_20260720
bus,NLB,8571,2,3M,19.6,2025-02-04,td_bus_route_fares_20260720
bus,NLB,8572,1,3M,16.9,2025-02-04,td_bus_route_fares_20260720
bus,NLB,8573,1,4,6.7,2025-11-04,td_bus_route_fares_20260720
bus,NLB,8574,1,A35,32.4,2025-11-03,td_bus_route_fares_20260720
bus,NLB,8574,2,A35,32.4,2025-11-03,td_bus_route_fares_20260720
bus,NLB,8575,1,A35,32.4,2025-11-03,td_bus_route_fares_20260720
bus,CTB,8576,1,20,6.4,2025-09-19,td_bus_route_fares_20260720
bus,CTB,8576,2,20,6.4,2025-09-19,td_bus_route_fares_20260720
bus,KMB,8578,1,268P,20.8,2025-12-19,td_bus_route_fares_20260720
bus,KMB,8579,1,3X,7.8,2025-08-22,td_bus_route_fares_20260720
bus,CTB,8580,1,4,7.1,2025-04-11,td_bus_route_fares_20260720
bus,CTB,8581,1,4,7.1,2025-04-11,td_bus_route_fares_20260720
bus,CTB,8582,1,30X,8.8,2025-01-05,td_bus_route_fares_20260720
bus,CTB,8583,1,6,11.4,2025-01-05,td_bus_route_fares_20260720
bus,CTB,8584,1,6,11.4,2025-01-05,td_bus_route_fares_20260720
bus,CTB,8585,1,6,11.4,2025-05-19,td_bus_route_fares_20260720
bus,CTB,8586,1,6X,11.7,2025-01-05,td_bus_route_fares_20260720
bus,CTB,8587,1,73,8.0,2025-01-05,td_bus_route_fares_20260720
bus,CTB,8587,2,73,8.0,2025-01-05,td_bus_route_fares_20260720
bus,CTB,8588,1,73,8.0,2025-01-05,td_bus_route_fares_20260720
bus,CTB,8589,1,73,8.0,2025-01-05,td_bus_route_fares_20260720
bus,CTB,8590,1,260,15.1,2025-01-05,td_bus_route_fares_20260720
bus,KMB+CTB,8591,1,118,12.9,2025-01-05,td_bus_route_fares_20260720
bus,CTB,8593,1,22,6.4,2025-12-12,td_bus_route_fares_20260720
bus,CTB,8593,2,22,6.4,2025-12-12,td_bus_route_fares_20260720
bus,CTB,8594,1,63,12.1,2025-04-11,td_bus_route_fares_20260720
bus,KMB,8595,1,252,6.0,2026-04-10,td_bus_route_fares_20260720
bus,CTB,8596,1,788,8.7,2026-01-14,td_bus_route_fares_20260720
bus,CTB,8597,1,788,8.7,2026-01-14,td_bus_route_fares_20260720
bus,CTB,8598,1,788,8.7,2026-01-14,td_bus_route_fares_20260720
bus,CTB,8600,1,NA20,39.3,2026-05-25,td_bus_route_fares_20260720
bus,CTB,8600,2,NA20,39.3,2026-05-25,td_bus_route_fares_20260720
bus,CTB,8601,1,15,13.0,2025-01-05,td_bus_route_fares_20260720
bus,CTB,8601,2,15,13.0,2025-01-05,td_bus_route_fares_20260720
bus,CTB,8602,1,15,13.0,2025-01-05,td_bus_route_fares_20260720
bus,CTB,8602,2,15,13.0,2025-01-05,td_bus_route_fares_20260720
bus,KMB+CTB,8603,1,606X,14.4,2025-01-05,td_bus_route_fares_20260720
bus,KMB,8605,1,211A,4.6,2025-01-05,td_bus_route_fares_20260720
bus,CTB,8606,1,X970,17.7,2025-01-05,td_bus_route_fares_20260720
bus,KMB,8607,1,N290,21.0,2025-01-05,td_bus_route_fares_20260720
bus,KMB,8607,2,N290,21.0,2025-01-05,td_bus_route_fares_20260720
bus,KMB,8608,1,261P,15.4,2025-01-05,td_bus_route_fares_20260720
bus,CTB,8609,1,26,6.8,2026-05-08,td_bus_route_fares_20260720
bus,KMB,8610,1,58M,10.8,2026-04-10,td_bus_route_fares_20260720
bus,KMB,8611,1,58M,10.8,2025-06-20,td_bus_route_fares_20260720
bus,KMB,8612,1,59M,9.6,2025-01-05,td_bus_route_fares_20260720
bus,KMB,8613,1,59M,9.6,2025-01-05,td_bus_route_fares_20260720
bus,KMB,8614,1,59X,14.6,2025-01-05,td_bus_route_fares_20260720
bus,KMB,8615,1,59X,14.6,2025-01-05,td_bus_route_fares_20260720
bus,KMB,8617,1,269B,20.8,2025-01-05,td_bus_route_fares_20260720
bus,KMB,8618,1,260X,17.2,2025-01-05,td_bus_route_fares_20260720
bus,KMB,8619,1,69X,17.2,2025-01-05,td_bus_route_fares_20260720
bus,CTB,8623,1,2A,5.5,2026-05-11,td_bus_route_fares_20260720
bus,CTB,8625,1,608,12.2,2025-11-03,td_bus_route_fares_20260720
bus,CTB,8625,2,608,12.2,2025-11-03,td_bus_route_fares_20260720
bus,KMB,8626,1,N373,45.5,2026-01-14,td_bus_route_fares_20260720
bus,KMB,8626,2,N373,45.5,2026-01-14,td_bus_route_fares_20260720
bus,KMB,8627,1,N3D,7.7,2025-01-05,td_bus_route_fares_20260720
bus,KMB,8627,2,N3D,7.7,2025-01-05,td_bus_route_fares_20260720
bus,KMB,8628,1,274,14.9,2025-06-27,td_bus_route_fares_20260720
bus,CTB,8629,1,77A,9.7,2025-01-05,td_bus_route_fares_20260720
bus,KMB+CTB,8631,1,102P,12.2,2025-01-05,td_bus_route_fares_20260720
bus,NLB,8633,1,B4,9.8,2026-06-01,td_bus_route_fares_20260720
bus,CTB,8634,1,B5,6.1,2025-01-02,td_bus_route_fares_20260720
bus,CTB,8634,2,B5,6.1,2025-01-02,td_bus_route_fares_20260720
bus,NLB,8635,1,B6,9.8,2025-10-17,td_bus_route_fares_20260720
bus,NLB,8635,2,B6,9.8,2025-10-17,td_bus_route_fares_20260720
bus,CTB,8636,1,B5,6.1,2025-01-02,td_bus_route_fares_20260720
bus,CTB,8636,2,B5,6.1,2025-01-02,td_bus_route_fares_20260720
bus,KMB,8637,1,936A,20.6,2025-01-05,td_bus_route_fares_20260720
bus,LWB,8638,1,NA31,34.6,2026-05-25,td_bus_route_fares_20260720
bus,LWB,8638,2,NA31,34.6,2026-05-25,td_bus_route_fares_20260720
bus,LWB,8639,1,NA32,34.6,2026-05-25,td_bus_route_fares_20260720
bus,LWB,8639,2,NA32,34.6,2026-05-25,td_bus_route_fares_20260720
bus,LWB,8640,1,A36,19.8,2026-05-26,td_bus_route_fares_20260720
bus,KMB,8642,1,26X,8.6,2025-01-05,td_bus_route_fares_20260720
bus,KMB,8642,2,26X,8.6,2025-01-05,td_bus_route_fares_20260720
bus,KMB,8643,1,213X,9.8,2025-01-05,td_bus_route_fares_20260720
bus,KMB+CTB,8644,1,982X,20.8,2025-01-05,td_bus_route_fares_20260720
bus,NLB,8645,1,39M,3.9,2025-05-23,td_bus_route_fares_20260720
bus,LWB,8649,1,E33P,12.4,2023-06-15,td_bus_route_fares_20260720
bus,LWB,8650,1,S64C,3.3,2022-10-10,td_bus_route_fares_20260720
bus,KMB,8652,1,68,6.7,2025-01-05,td_bus_route_fares_20260720
bus,CTB,8653,1,99,9.7,2025-09-22,td_bus_route_fares_20260720
bus,CTB,8653,2,99,9.7,2025-09-22,td_bus_route_fares_20260720
bus,CTB,8654,1,720P,8.7,2025-01-05,td_bus_route_fares_20260720
bus,CTB,8655,1,27,5.9,2025-01-05,td_bus_route_fares_20260720
bus,KMB+CTB,8656,1,307,27.3,2025-01-05,td_bus_route_fares_20260720
bus,KMB,8657,1,73X,11.5,2025-07-28,td_bus_route_fares_20260720
bus,KMB+CTB,8661,1,101,12.2,2025-01-05,td_bus_route_fares_20260720
bus,KMB+CTB,8663,1,101,12.2,2025-01-05,td_bus_route_fares_20260720
bus,CTB,8666,1,E23A,18.6,2025-01-02,td_bus_route_fares_20260720
bus,CTB,8666,2,E23A,18.6,2025-01-02,td_bus_route_fares_20260720
bus,CTB,8667,1,930,20.8,2025-01-05,td_bus_route_fares_20260720
bus,KMB,8668,1,73B,9.6,2025-01-05,td_bus_route_fares_20260720
bus,KMB,8669,1,270B,16.9,2025-01-05,td_bus_route_fares_20260720
bus,KMB,8669,2,270B,16.9,2025-01-05,td_bus_route_fares_20260720
bus,KMB,8670,1,270B,16.9,2025-01-05,td_bus_route_fares_20260720
bus,KMB,8677,1,261X,16.9,2025-01-05,td_bus_route_fares_20260720
bus,KMB,8677,2,261X,16.9,2025-01-05,td_bus_route_fares_20260720
bus,CTB,8678,1,720X,8.7,2025-01-05,td_bus_route_fares_20260720
bus,KMB,8679,1,31P,4.8,2025-01-05,td_bus_route_fares_20260720
bus,KMB,8680,1,290X,12.1,2025-12-08,td_bus_route_fares_20260720
bus,KMB,8681,1,290A,10.1,2025-01-05,td_bus_route_fares_20260720
bus,KMB,8683,1,98A,7.1,2025-05-16,td_bus_route_fares_20260720
bus,CTB,8684,1,40M,7.5,2025-01-05,td_bus_route_fares_20260720
bus,KMB+CTB,8685,1,948B,20.8,2025-01-05,td_bus_route_fares_20260720
bus,CTB,8686,1,969P,27.3,2026-01-02,td_bus_route_fares_20260720
bus,CTB,8687,1,962C,27.3,2025-01-05,td_bus_route_fares_20260720
bus,CTB,8688,1,969B,27.3,2026-01-02,td_bus_route_fares_20260720
bus,KMB,8689,1,213A,6.4,2025-01-05,td_bus_route_fares_20260720
bus,CTB,8691,1,701A,5.0,2025-09-19,td_bus_route_fares_20260720
bus,CTB,8693,1,962G,24.2,2025-05-09,td_bus_route_fares_20260720
bus,KMB,8694,1,64P,6.7,2025-01-05,td_bus_route_fares_20260720
bus,KMB,8695,1,289R,25.6,2025-08-08,td_bus_route_fares_20260720
bus,KMB,8695,2,289R,25.6,2025-08-08,td_bus_route_fares_20260720
bus,KMB,8696,1,213B,5.1,2025-01-05,td_bus_route_fares_20260720
bus,KMB+CTB,8697,1,985,20.8,2025-04-03,td_bus_route_fares_20260720
bus,CTB,8698,1,33X,14.5,2026-01-16,td_bus_route_fares_20260720
bus,KMB,8699,1,N252,12.7,2025-01-05,td_bus_route_fares_20260720
bus,CTB,8700,1,X15,16.8,2026-03-27,td_bus_route_fares_20260720
bus,CTB,8700,2,X15,16.8,2026-03-27,td_bus_route_fares_20260720
bus,KMB,8703,1,263C,20.8,2026-01-19,td_bus_route_fares_20260720
bus,KMB,8703,2,263C,20.8,2026-01-19,td_bus_route_fares_20260720
bus,KMB+CTB,8704,1,985A,20.8,2025-04-03,td_bus_route_fares_20260720
bus,KMB+CTB,8705,1,985B,20.8,2025-04-03,td_bus_route_fares_20260720
bus,CTB,8706,1,S52A,5.3,2023-07-28,td_bus_route_fares_20260720
bus,CTB,8706,2,S52A,5.3,2023-07-28,td_bus_route_fares_20260720
bus,NLB,8707,1,N37,5.4,2025-01-05,td_bus_route_fares_20260720
bus,KMB,8708,1,47X,9.3,2025-01-05,td_bus_route_fares_20260720
bus,KMB,8709,1,47A,9.3,2025-09-19,td_bus_route_fares_20260720
bus,KMB,8710,1,291P,10.8,2025-09-04,td_bus_route_fares_20260720
bus,KMB,8711,1,77K,8.4,2025-05-02,td_bus_route_fares_20260720
bus,CTB,8715,1,970,14.5,2025-01-05,td_bus_route_fares_20260720
bus,KMB,8716,1,33,11.0,2026-06-12,td_bus_route_fares_20260720
bus,KMB,8716,2,33,11.0,2026-06-12,td_bus_route_fares_20260720
bus,KMB,8717,1,261S,16.9,2025-01-05,td_bus_route_fares_20260720
bus,KMB,8718,1,252X,18.8,2026-01-19,td_bus_route_fares_20260720
bus,KMB,8720,1,288C,7.4,2025-01-05,td_bus_route_fares_20260720
bus,KMB,8721,1,24,5.8,2025-11-14,td_bus_route_fares_20260720
bus,XB,8722,1,Tsuen Wan - Huanggang,45.0,2025-07-29,td_bus_route_fares_20260720
bus,XB,8722,2,Tsuen Wan - Huanggang,45.0,2025-07-29,td_bus_route_fares_20260720
bus,XB,8724,1,Kwun Tong - Huanggang,55.0,2025-07-29,td_bus_route_fares_20260720
bus,XB,8725,1,Kwun Tong - Huanggang,55.0,2025-07-29,td_bus_route_fares_20260720
bus,XB,8726,1,Kwun Tong - Huanggang,48.0,2025-07-29,td_bus_route_fares_20260720
bus,CTB,8727,1,N952,36.7,2026-01-30,td_bus_route_fares_20260720
bus,CTB,8727,2,N952,36.7,2026-01-30,td_bus_route_fares_20260720
bus,KMB,8728,1,T74,14.9,2025-03-14,td_bus_route_fares_20260720
bus,KMB,8729,1,69C,20.8,2026-01-19,td_bus_route_fares_20260720
bus,CTB,8730,1,N930,31.2,2026-02-02,td_bus_route_fares_20260720
bus,CTB,8730,2,N930,31.2,2026-02-02,td_bus_route_fares_20260720
bus,KMB,8731,1,269D,18.5,2025-01-05,td_bus_route_fares_20260720
bus,KMB,8732,1,61A,6.0,2025-08-18,td_bus_route_fares_20260720
bus,KMB,8733,1,277A,20.8,2025-01-05,td_bus_route_fares_20260720
bus,KMB,8733,2,277A,20.8,2025-01-05,td_bus_route_fares_20260720
bus,KMB,8734,1,98B,7.1,2025-05-23,td_bus_route_fares_20260720
bus,KMB,8736,1,N213,15.4,2025-01-05,td_bus_route_fares_20260720
bus,KMB,8738,1,214P,8.2,2025-01-05,td_bus_route_fares_20260720
bus,CTB,8740,1,930,20.8,2025-01-05,td_bus_route_fares_20260720
bus,KMB,8743,1,92R,20.1,2025-01-05,td_bus_route_fares_20260720
bus,KMB,8743,2,92R,20.1,2025-01-05,td_bus_route_fares_20260720
bus,KMB,8744,1,73P,16.9,2025-01-05,td_bus_route_fares_20260720
bus,KMB,8744,2,73P,16.9,2025-01-05,td_bus_route_fares_20260720
bus,KMB+CTB,8745,1,905A,12.9,2025-01-05,td_bus_route_fares_20260720
bus,KMB,8747,1,82D,8.3,2025-01-05,td_bus_route_fares_20260720
bus,KMB,8747,2,82D,8.3,2025-01-05,td_bus_route_fares_20260720
bus,CTB,8748,1,18,7.0,2026-05-11,td_bus_route_fares_20260720
bus,CTB,8748,2,18,7.0,2026-05-11,td_bus_route_fares_20260720
bus,KMB,8749,1,74F,16.9,2025-01-05,td_bus_route_fares_20260720
bus,KMB,8749,2,74F,16.9,2025-01-05,td_bus_route_fares_20260720
bus,CTB,8750,1,969C,28.2,2026-01-02,td_bus_route_fares_20260720
bus,CTB,8751,1,A23,40.8,2026-05-25,td_bus_route_fares_20260720
bus,CTB,8751,2,A23,40.8,2026-05-25,td_bus_route_fares_20260720
bus,CTB,8752,1,S52,4.2,2021-12-01,td_bus_route_fares_20260720
bus,CTB,8753,1,S52,4.2,2024-10-02,td_bus_route_fares_20260720
bus,CTB,8754,1,S52,4.2,2021-12-01,td_bus_route_fares_20260720
bus,CTB,8755,1,A17,47.1,2026-05-25,td_bus_route_fares_20260720
bus,CTB,8755,2,A17,47.1,2026-05-25,td_bus_route_fares_20260720
bus,KMB,8756,1,W3,14.3,2026-03-20,td_bus_route_fares_20260720
bus,KMB,8756,2,W3,14.3,2026-03-20,td_bus_route_fares_20260720
bus,KMB,8758,1,276C,10.5,2026-01-19,td_bus_route_fares_20260720
bus,KMB,8758,2,276C,10.5,2026-01-19,td_bus_route_fares_20260720
bus,KMB+CTB,8759,1,N307,42.9,2025-01-05,td_bus_route_fares_20260720
bus,KMB,8760,1,23M,5.6,2025-01-05,td_bus_route_fares_20260720
bus,KMB+CTB,8762,1,907C,27.3,2025-01-05,td_bus_route_fares_20260720
bus,KMB+CTB,8763,1,907C,27.3,2025-01-05,td_bus_route_fares_20260720
bus,LWB,8764,1,NA37,34.6,2026-05-25,td_bus_route_fares_20260720
bus,LWB,8764,2,NA37,34.6,2026-05-25,td_bus_route_fares_20260720
bus,CTB,8765,1,22M,6.4,2025-12-18,td_bus_route_fares_20260720
bus,KMB,8768,1,73D,11.5,2025-07-18,td_bus_route_fares_20260720
bus,LWB+CTB,8769,1,R8,7.4,2026-03-20,td_bus_route_fares_20260720
bus,KMB,8771,1,46S,9.3,2025-12-24,td_bus_route_fares_20260720
bus,KMB,8771,2,46S,9.3,2025-12-24,td_bus_route_fares_20260720
bus,KMB,8772,1,83P,5.2,2025-01-05,td_bus_route_fares_20260720
bus,KMB,8773,1,108,11.3,2025-01-05,td_bus_route_fares_20260720
bus,KMB+CTB,8774,1,102,12.2,2025-01-05,td_bus_route_fares_20260720
bus,LWB,8778,1,A33,15.7,2026-07-06,td_bus_route_fares_20260720
bus,LWB,8778,2,A33,15.7,2026-07-06,td_bus_route_fares_20260720
bus,LWB,8779,1,A37,19.8,2026-07-06,td_bus_route_fares_20260720
bus,LWB,8779,2,A37,19.8,2026-07-06,td_bus_route_fares_20260720
bus,KMB,8781,1,287D,11.8,2025-06-27,td_bus_route_fares_20260720
bus,CTB,8782,1,702B,5.0,2025-06-05,td_bus_route_fares_20260720
bus,CTB,8784,1,N20,13.5,2025-01-05,td_bus_route_fares_20260720
bus,CTB,8785,1,608,12.2,2025-11-03,td_bus_route_fares_20260720
bus,KMB,8786,1,73D,11.5,2025-07-18,td_bus_route_fares_20260720
bus,KMB,8787,1,285,5.2,2026-06-29,td_bus_route_fares_20260720
bus,KMB,8788,1,285A,4.9,2025-03-24,td_bus_route_fares_20260720
bus,CTB,8789,1,85P,7.7,2025-01-05,td_bus_route_fares_20260720
bus,KMB+CTB,8790,1,671X,14.7,2025-01-05,td_bus_route_fares_20260720
bus,KMB,8791,1,98,8.2,2025-01-05,td_bus_route_fares_20260720
bus,CTB,8792,1,970X,14.5,2025-01-05,td_bus_route_fares_20260720
bus,CTB,8793,1,970X,14.5,2025-01-05,td_bus_route_fares_20260720
bus,CTB,8794,1,797,10.3,2025-12-15,td_bus_route_fares_20260720
bus,CTB,8795,1,797,10.3,2025-12-16,td_bus_route_fares_20260720
bus,CTB,8796,1,49X,16.4,2025-01-05,td_bus_route_fares_20260720
bus,KMB,8797,1,12P,5.8,2025-01-05,td_bus_route_fares_20260720
bus,KMB,8798,1,13D,7.8,2026-05-15,td_bus_route_fares_20260720
bus,KMB,8799,1,13M,5.1,2025-01-05,td_bus_route_fares_20260720
bus,KMB,8800,1,13X,8.6,2026-05-08,td_bus_route_fares_20260720
bus,KMB,8800,2,13X,8.6,2026-05-08,td_bus_route_fares_20260720
bus,KMB,8801,1,13X,8.6,2025-01-05,td_bus_route_fares_20260720
bus,KMB,8802,1,13X,8.6,2025-01-05,td_bus_route_fares_20260720
bus,LWB,8803,1,A34,15.7,2026-05-26,td_bus_route_fares_20260720
bus,LWB,8803,2,A34,15.7,2026-05-26,td_bus_route_fares_20260720
bus,LWB,8804,1,A34,15.7,2026-05-26,td_bus_route_fares_20260720
bus,LWB,8805,1,A33,15.7,2026-05-26,td_bus_route_fares_20260720
bus,LWB,8805,2,A33,15.7,2026-05-26,td_bus_route_fares_20260720
bus,KMB,1000001,1,43S,10.4,2025-10-20,td_bus_route_fares_20260720
bus,KMB,1000001,2,43S,10.4,2025-10-20,td_bus_route_fares_20260720
bus,KMB,1000002,1,74P,11.5,2025-01-05,td_bus_route_fares_20260720
bus,CTB,1000006,1,5B,4.8,2025-01-05,td_bus_route_fares_20260720
bus,KMB,1000007,1,215X,8.6,2026-02-23,td_bus_route_fares_20260720
bus,KMB,1000008,1,3X,7.8,2025-08-22,td_bus_route_fares_20260720
bus,CTB,1000009,1,952P,24.2,2026-01-02,td_bus_route_fares_20260720
bus,KMB+CTB,1000010,1,948E,24.4,2025-01-05,td_bus_route_fares_20260720
bus,KMB+CTB,1000010,2,948E,24.4,2025-01-05,td_bus_route_fares_20260720
bus,LWB,1000011,1,A43P,32.4,2025-08-22,td_bus_route_fares_20260720
bus,CTB,1000013,1,933,20.8,2025-01-05,td_bus_route_fares_20260720
bus,CTB,1000013,2,933,20.8,2025-01-05,td_bus_route_fares_20260720
bus,CTB,1000014,1,976,27.6,2025-01-05,td_bus_route_fares_20260720
bus,CTB,1000014,2,976,27.6,2025-01-05,td_bus_route_fares_20260720
bus,CTB,1000015,1,989,20.3,2025-01-05,td_bus_route_fares_20260720
bus,KMB,1000016,1,900,22.0,2026-03-20,td_bus_route_fares_20260720
bus,KMB,1000016,2,900,22.0,2026-03-20,td_bus_route_fares_20260720
bus,KMB,1000021,1,298F,5.8,2025-12-18,td_bus_route_fares_20260720
bus,LWB,1000022,1,E43,14.8,2023-06-26,td_bus_route_fares_20260720
bus,LWB,1000022,2,E43,14.8,2023-06-26,td_bus_route_fares_20260720
bus,LWB,1000023,1,A41P,29.0,2026-07-06,td_bus_route_fares_20260720
bus,LWB,1000023,2,A41P,29.0,2026-07-06,td_bus_route_fares_20260720
bus,KMB,1000024,1,249X,10.4,2026-06-15,td_bus_route_fares_20260720
bus,LWB,1000025,1,E36,14.4,2025-12-19,td_bus_route_fares_20260720
bus,LWB,1000025,2,E36,14.4,2025-12-19,td_bus_route_fares_20260720
bus,LWB,1000026,1,E36A,14.4,2025-03-28,td_bus_route_fares_20260720
bus,LWB,1000026,2,E36A,14.4,2025-03-28,td_bus_route_fares_20260720
bus,LWB,1000027,1,E36P,14.4,2025-12-19,td_bus_route_fares_20260720
bus,LWB,1000027,2,E36P,14.4,2025-12-19,td_bus_route_fares_20260720
bus,LWB,1000028,1,E37,14.4,2024-02-19,td_bus_route_fares_20260720
bus,LWB,1000028,2,E37,14.4,2024-02-19,td_bus_route_fares_20260720
bus,LWB,1000029,1,NA36,34.6,2026-05-25,td_bus_route_fares_20260720
bus,LWB,1000029,2,NA36,34.6,2026-05-25,td_bus_route_fares_20260720
bus,LWB,1000031,1,E37,14.4,2024-02-19,td_bus_route_fares_20260720
bus,LWB,1000033,1,E37,14.4,2024-09-26,td_bus_route_fares_20260720
bus,KMB,1000035,1,287P,8.1,2025-01-05,td_bus_route_fares_20260720
bus,KMB,1000037,1,N214,15.4,2025-01-05,td_bus_route_fares_20260720
bus,KMB,1000044,1,P960,35.7,2025-08-13,td_bus_route_fares_20260720
bus,KMB,1000044,2,P960,35.7,2025-08-13,td_bus_route_fares_20260720
bus,KMB,1000045,1,P968,39.9,2025-08-13,td_bus_route_fares_20260720
bus,KMB,1000045,2,P968,39.9,2025-08-13,td_bus_route_fares_20260720
bus,KMB,1000046,1,P968,39.9,2025-08-13,td_bus_route_fares_20260720
bus,LWB,1000047,1,A34,15.7,2026-07-06,td_bus_route_fares_20260720
bus,LWB,1000047,2,A34,15.7,2026-07-06,td_bus_route_fares_20260720
bus,KMB,1000048,1,87E,14.3,2025-01-05,td_bus_route_fares_20260720
bus,LWB,1000049,1,A34,15.7,2026-07-06,td_bus_route_fares_20260720
bus,CTB,1000051,1,97,6.6,2025-01-05,td_bus_route_fares_20260720
bus,CTB,1000052,1,969C,28.2,2026-01-02,td_bus_route_fares_20260720
bus,CTB,1000053,1,967X,27.3,2025-08-08,td_bus_route_fares_20260720
bus,CTB,1000054,1,969,27.3,2026-01-02,td_bus_route_fares_20260720
bus,CTB,1000055,1,969N,41.5,2025-01-05,td_bus_route_fares_20260720
bus,KMB,1000059,1,X6C,7.8,2026-02-20,td_bus_route_fares_20260720
bus,KMB,1000059,2,X6C,7.8,2026-02-20,td_bus_route_fares_20260720
bus,CTB,1000061,1,969,27.3,2026-01-02,td_bus_route_fares_20260720
bus,KMB,1000063,1,613A,11.4,2025-01-05,td_bus_route_fares_20260720
bus,KMB,1000063,2,613A,11.4,2025-01-05,td_bus_route_fares_20260720
bus,KMB,1000064,1,265S,17.2,2026-01-19,td_bus_route_fares_20260720
bus,LWB,1000065,1,E36S,14.4,2025-01-02,td_bus_route_fares_20260720
bus,LWB,1000065,2,E36S,14.4,2025-01-02,td_bus_route_fares_20260720
bus,LRTFeeder,1000066,1,K76S,5.1,2026-05-18,td_bus_route_fares_20260720
bus,LRTFeeder,1000066,2,K76S,5.1,2026-05-18,td_bus_route_fares_20260720
bus,LRTFeeder,1000067,1,K75P,5.1,2025-01-02,td_bus_route_fares_20260720
bus,KMB,1000068,1,14B,5.8,2025-01-05,td_bus_route_fares_20260720
bus,NLB,1000069,1,11,17.6,2025-02-04,td_bus_route_fares_20260720
bus,NLB,1000070,1,11,17.6,2025-02-04,td_bus_route_fares_20260720
bus,CTB,1000071,1,25,9.4,2025-01-05,td_bus_route_fares_20260720
bus,CTB,1000073,1,82X,6.0,2025-01-05,td_bus_route_fares_20260720
bus,CTB,1000074,1,E11B,21.7,2025-01-02,td_bus_route_fares_20260720
bus,CTB,1000074,2,E11B,21.7,2025-01-02,td_bus_route_fares_20260720
bus,KMB,1000075,1,961S,24.0,2025-01-05,td_bus_route_fares_20260720
bus,LRTFeeder,1000076,1,K52A,10.1,2024-06-24,td_bus_route_fares_20260720
bus,LRTFeeder,1000076,2,K52A,10.1,2024-06-24,td_bus_route_fares_20260720
bus,KMB,1000077,1,603A,13.9,2025-01-17,td_bus_route_fares_20260720
bus,CTB,1000079,1,A29,44.0,2026-07-06,td_bus_route_fares_20260720
bus,CTB,1000079,2,A29,44.0,2026-07-06,td_bus_route_fares_20260720
bus,KMB,1000081,1,281,4.9,2025-01-05,td_bus_route_fares_20260720
bus,CTB,1000082,1,6X,11.7,2025-01-05,td_bus_route_fares_20260720
bus,CTB,1000083,1,4,7.1,2025-04-11,td_bus_route_fares_20260720
bus,CTB,1000084,1,4,7.1,2025-04-11,td_bus_route_fares_20260720
bus,KMB,1000085,1,33B,11.0,2026-06-12,td_bus_route_fares_20260720
bus,KMB,1000085,2,33B,11.0,2026-06-12,td_bus_route_fares_20260720
bus,KMB,1000086,1,78,8.6,2025-01-05,td_bus_route_fares_20260720
bus,LWB,1000088,1,A31,19.8,2026-07-06,td_bus_route_fares_20260720
bus,LWB,1000088,2,A31,19.8,2026-07-06,td_bus_route_fares_20260720
bus,CTB,1000089,1,608P,16.1,2025-08-08,td_bus_route_fares_20260720
bus,CTB,1000089,2,608P,16.1,2025-08-08,td_bus_route_fares_20260720
bus,CTB,1000090,1,X8,8.1,2025-01-05,td_bus_route_fares_20260720
bus,CTB,1000091,1,NR61,11.0,2025-02-18,td_bus_route_fares_20260720
bus,CTB,1000091,2,NR61,11.0,2025-02-18,td_bus_route_fares_20260720
bus,CTB,1000093,1,NR88,23.6,2025-02-18,td_bus_route_fares_20260720
bus,CTB,1000093,2,NR88,23.6,2025-02-18,td_bus_route_fares_20260720
bus,CTB,1000094,1,NR88,23.6,2025-02-18,td_bus_route_fares_20260720
bus,KMB,1000095,1,5R,8.1,2025-11-21,td_bus_route_fares_20260720
bus,KMB,1000096,1,36,5.1,2025-01-05,td_bus_route_fares_20260720
bus,KMB,1000097,1,43X,10.4,2025-01-05,td_bus_route_fares_20260720
bus,KMB,1000099,1,58X,14.6,2025-01-05,td_bus_route_fares_20260720
bus,KMB,1000100,1,74K,5.6,2025-05-26,td_bus_route_fares_20260720
bus,KMB,1000102,1,80X,8.1,2025-12-18,td_bus_route_fares_20260720
bus,KMB,1000103,1,86S,7.1,2025-01-05,td_bus_route_fares_20260720
bus,KMB,1000104,1,87K,5.1,2026-06-30,td_bus_route_fares_20260720
bus,KMB,1000105,1,87K,5.1,2025-01-05,td_bus_route_fares_20260720
bus,KMB,1000106,1,87K,5.1,2025-12-29,td_bus_route_fares_20260720
bus,KMB,1000116,1,89C,9.8,2025-01-05,td_bus_route_fares_20260720
bus,KMB,1000117,1,91,8.4,2025-01-05,td_bus_route_fares_20260720
bus,KMB+CTB,1000124,1,106P,12.9,2025-01-05,td_bus_route_fares_20260720
bus,KMB+CTB,1000132,1,116,12.2,2026-06-18,td_bus_route_fares_20260720
bus,KMB,1000142,1,224X,8.6,2025-06-02,td_bus_route_fares_20260720
bus,KMB,1000149,1,273A,5.1,2025-01-05,td_bus_route_fares_20260720
bus,KMB,1000150,1,276A,10.5,2025-01-05,td_bus_route_fares_20260720
bus,KMB,1000152,1,289K,5.3,2025-01-05,td_bus_route_fares_20260720
bus,KMB+CTB,1000154,1,601P,12.9,2026-05-04,td_bus_route_fares_20260720
bus,KMB,1000190,1,87K,5.1,2025-12-29,td_bus_route_fares_20260720
bus,KMB,1000192,1,296D,10.8,2025-12-15,td_bus_route_fares_20260720
bus,KMB,1000192,2,296D,10.8,2025-12-15,td_bus_route_fares_20260720
bus,DB,1000193,1,DB08R,71.4,2026-07-02,td_bus_route_fares_20260720
bus,DB,1000193,2,DB08R,71.4,2026-07-02,td_bus_route_fares_20260720
bus,KMB,1000195,1,X89D,12.1,2025-01-05,td_bus_route_fares_20260720
bus,KMB,1000196,1,40E,14.3,2026-06-18,td_bus_route_fares_20260720
bus,KMB,1000196,2,40E,14.3,2026-06-18,td_bus_route_fares_20260720
bus,KMB,1000197,1,78A,6.0,2025-01-24,td_bus_route_fares_20260720
bus,CTB,1000198,1,78X,19.6,2026-01-30,td_bus_route_fares_20260720
bus,CTB,1000199,1,79X,17.2,2026-01-30,td_bus_route_fares_20260720
bus,CTB,1000199,2,79X,17.2,2026-01-30,td_bus_route_fares_20260720
bus,KMB,1000200,1,N78,16.6,2025-01-24,td_bus_route_fares_20260720
bus,KMB,1000200,2,N78,16.6,2025-01-24,td_bus_route_fares_20260720
bus,KMB,1000201,1,5R,8.1,2025-12-12,td_bus_route_fares_20260720
bus,KMB,1000203,1,279B,17.1,2026-01-05,td_bus_route_fares_20260720
bus,CTB,1000204,1,930B,20.8,2025-01-05,td_bus_route_fares_20260720
bus,CTB,1000205,1,930X,20.8,2025-01-05,td_bus_route_fares_20260720
bus,KMB,1000206,1,62P,18.8,2026-01-19,td_bus_route_fares_20260720
bus,NLB,1000207,1,36,5.1,2025-01-05,td_bus_route_fares_20260720
bus,NLB,1000208,1,36X,10.7,2025-01-05,td_bus_route_fares_20260720
bus,LWB,1000209,1,E37C,14.8,2024-02-02,td_bus_route_fares_20260720
bus,LWB,1000209,2,E37C,14.8,2024-02-02,td_bus_route_fares_20260720
bus,LWB,1000210,1,E42C,14.8,2024-10-02,td_bus_route_fares_20260720
bus,LWB,1000210,2,E42C,14.8,2024-10-02,td_bus_route_fares_20260720
bus,CTB,1000211,1,797,10.3,2025-12-16,td_bus_route_fares_20260720
bus,KMB,1000212,1,64X,16.9,2025-01-05,td_bus_route_fares_20260720
bus,KMB,1000213,1,65X,17.2,2025-01-05,td_bus_route_fares_20260720
bus,KMB,1000215,1,31A,6.0,2025-01-05,td_bus_route_fares_20260720
bus,CTB,1000216,1,679,27.7,2025-11-21,td_bus_route_fares_20260720
bus,CTB,1000217,1,979,27.8,2025-11-21,td_bus_route_fares_20260720
bus,PI,1000218,1,NR334,32.5,2026-06-11,td_bus_route_fares_20260720
bus,PI,1000219,1,NR338,32.0,2026-02-10,td_bus_route_fares_20260720
bus,KMB,1000220,1,281E,10.1,2025-01-05,td_bus_route_fares_20260720
bus,LWB,1000221,1,A36,19.8,2025-12-19,td_bus_route_fares_20260720
bus,CTB,1000223,1,795X,12.8,2025-01-10,td_bus_route_fares_20260720
bus,CTB,1000223,2,795X,12.8,2025-01-10,td_bus_route_fares_20260720
bus,KMB,1000225,1,24,5.8,2025-11-14,td_bus_route_fares_20260720
bus,KMB,1000228,1,259S,20.8,2026-01-19,td_bus_route_fares_20260720
bus,CTB,1000229,1,982C,24.4,2025-09-12,td_bus_route_fares_20260720
bus,CTB,1000230,1,1M,7.5,2025-01-05,td_bus_route_fares_20260720
bus,KMB,1000231,1,269X,17.2,2026-01-19,td_bus_route_fares_20260720
bus,KMB,1000231,2,269X,17.2,2026-01-19,td_bus_route_fares_20260720
bus,KMB,1000233,1,78A,6.0,2025-01-24,td_bus_route_fares_20260720
bus,KMB,1000234,1,78A,6.0,2025-01-05,td_bus_route_fares_20260720
bus,LRTFeeder,1000235,1,K65A,5.1,2024-06-24,td_bus_route_fares_20260720
bus,LRTFeeder,1000235,2,K65A,5.1,2024-06-24,td_bus_route_fares_20260720
bus,CTB,1000236,1,973,18.1,2025-01-05,td_bus_route_fares_20260720
bus,CTB,1000236,2,973,18.1,2025-01-05,td_bus_route_fares_20260720
bus,KMB,1000237,1,73B,9.6,2025-01-05,td_bus_route_fares_20260720
bus,KMB,1000238,1,73B,9.6,2025-01-05,td_bus_route_fares_20260720
bus,KMB,1000239,1,61P,9.6,2026-01-19,td_bus_route_fares_20260720
bus,KMB,1000239,2,61P,9.6,2026-01-19,td_bus_route_fares_20260720
bus,KMB,1000240,1,960X,27.0,2025-01-05,td_bus_route_fares_20260720
bus,CTB,1000241,1,50M,5.6,2025-01-05,td_bus_route_fares_20260720
bus,KMB,1000242,1,67A,10.8,2025-09-08,td_bus_route_fares_20260720
bus,KMB,1000242,2,67A,10.8,2025-09-08,td_bus_route_fares_20260720
bus,CTB,1000243,1,50,17.7,2026-01-12,td_bus_route_fares_20260720
bus,CTB,1000243,2,50,17.7,2026-01-12,td_bus_route_fares_20260720
bus,CTB,1000244,1,55,19.4,2026-01-30,td_bus_route_fares_20260720
bus,CTB,1000244,2,55,19.4,2026-01-30,td_bus_route_fares_20260720
bus,CTB,1000245,1,56,16.0,2026-01-12,td_bus_route_fares_20260720
bus,CTB,1000245,2,56,16.0,2026-01-12,td_bus_route_fares_20260720
bus,CTB,1000246,1,952,24.2,2026-01-02,td_bus_route_fares_20260720
bus,CTB,1000248,1,962,24.2,2025-01-05,td_bus_route_fares_20260720
bus,CTB,1000249,1,952P,24.2,2025-05-09,td_bus_route_fares_20260720
bus,LRTFeeder,1000250,1,K54,5.1,2025-12-18,td_bus_route_fares_20260720
bus,CTB,1000251,1,976A,27.6,2025-01-05,td_bus_route_fares_20260720
bus,CTB,1000251,2,976A,27.6,2025-01-05,td_bus_route_fares_20260720
bus,CTB,1000252,1,930A,20.8,2025-01-05,td_bus_route_fares_20260720
bus,CTB,1000254,1,13,6.8,2025-01-05,td_bus_route_fares_20260720
bus,CTB,1000256,1,793,12.8,2025-12-08,td_bus_route_fares_20260720
bus,CTB,1000256,2,793,12.8,2025-12-08,td_bus_route_fares_20260720
bus,CTB,1000257,1,8X,8.1,2025-01-05,td_bus_route_fares_20260720
bus,CTB,1000258,1,8X,6.2,2025-01-05,td_bus_route_fares_20260720
bus,CTB,1000259,1,15C,6.1,2025-01-20,td_bus_route_fares_20260720
bus,KMB,1000260,1,268C,20.8,2025-01-05,td_bus_route_fares_20260720
bus,CTB,1000261,1,E21B,14.5,2025-01-02,td_bus_route_fares_20260720
bus,CTB,1000261,2,E21B,14.5,2025-01-02,td_bus_route_fares_20260720
bus,CTB,1000262,1,E21D,14.5,2025-01-02,td_bus_route_fares_20260720
bus,CTB,1000262,2,E21D,14.5,2025-01-02,td_bus_route_fares_20260720
bus,CTB,1000263,1,91,8.0,2025-01-05,td_bus_route_fares_20260720
bus,CTB,1000264,1,91,8.0,2025-01-05,td_bus_route_fares_20260720
bus,KMB,1000265,1,93P,10.2,2025-01-05,td_bus_route_fares_20260720
bus,KMB,1000265,2,93P,10.2,2025-01-05,td_bus_route_fares_20260720
bus,NLB,1000267,1,37,3.9,2025-01-05,td_bus_route_fares_20260720
bus,LRTFeeder,1000268,1,K51A,5.1,2025-01-02,td_bus_route_fares_20260720
bus,LRTFeeder,1000268,2,K51A,5.1,2025-01-02,td_bus_route_fares_20260720
bus,KMB,1000269,1,81K,5.2,2025-01-05,td_bus_route_fares_20260720
bus,KMB,1000270,1,83K,5.2,2025-01-05,td_bus_route_fares_20260720
bus,KMB,1000271,1,961,24.0,2026-04-08,td_bus_route_fares_20260720
bus,KMB,1000271,2,961,24.0,2026-04-08,td_bus_route_fares_20260720
bus,CTB,1000272,1,23X,13.0,2025-01-05,td_bus_route_fares_20260720
bus,KMB,1000273,1,78B,6.7,2025-10-31,td_bus_route_fares_20260720
bus,KMB,1000273,2,78B,6.7,2025-10-31,td_bus_route_fares_20260720
bus,CTB,1000274,1,76,7.0,2025-06-05,td_bus_route_fares_20260720
bus,CTB,1000275,1,25,9.4,2025-01-05,td_bus_route_fares_20260720
bus,CTB,1000276,1,11,8.6,2025-06-05,td_bus_route_fares_20260720
bus,CTB,1000277,1,76,7.0,2025-01-05,td_bus_route_fares_20260720
bus,CTB,1000278,1,76,7.0,2025-01-05,td_bus_route_fares_20260720
bus,CTB,1000279,1,720A,8.7,2025-01-05,td_bus_route_fares_20260720
bus,CTB,1000281,1,720,8.7,2025-01-05,td_bus_route_fares_20260720
bus,CTB,1000283,1,950,24.2,2026-01-12,td_bus_route_fares_20260720
bus,CTB,1000283,2,950,24.2,2026-01-12,td_bus_route_fares_20260720
bus,CTB,1000284,1,56A,16.0,2026-01-12,td_bus_route_fares_20260720
bus,CTB,1000284,2,56A,16.0,2026-01-12,td_bus_route_fares_20260720
bus,KMB,1000285,1,90,9.2,2026-01-05,td_bus_route_fares_20260720
bus,KMB,1000285,2,90,9.2,2026-01-05,td_bus_route_fares_20260720
bus,KMB,1000286,1,97,9.2,2026-01-05,td_bus_route_fares_20260720
bus,KMB,1000286,2,97,9.2,2026-01-05,td_bus_route_fares_20260720
bus,CTB,1000287,1,798P,13.1,2025-12-09,td_bus_route_fares_20260720
bus,CTB,1000287,2,798P,13.1,2025-12-09,td_bus_route_fares_20260720
bus,CTB,1000288,1,798X,13.1,2025-12-08,td_bus_route_fares_20260720
bus,CTB,1000288,2,798X,13.1,2025-12-08,td_bus_route_fares_20260720
bus,CTB,1000289,1,986,19.7,2025-01-05,td_bus_route_fares_20260720
bus,KMB,1000290,1,272X,11.5,2026-01-30,td_bus_route_fares_20260720
bus,KMB,1000290,2,272X,11.5,2026-01-30,td_bus_route_fares_20260720
bus,NLB,1000291,1,37H,3.9,2025-01-05,td_bus_route_fares_20260720
bus,KMB,1000292,1,252X,18.8,2025-01-05,td_bus_route_fares_20260720
bus,CTB,1000293,1,967,27.3,2026-01-05,td_bus_route_fares_20260720
bus,KMB,1000294,1,263B,16.9,2026-03-13,td_bus_route_fares_20260720
bus,KMB,1000294,2,263B,16.9,2026-03-13,td_bus_route_fares_20260720
bus,CTB,1000295,1,10,4.8,2026-05-08,td_bus_route_fares_20260720
bus,CTB,1000296,1,10,4.8,2026-05-08,td_bus_route_fares_20260720
bus,CTB,1000296,2,10,4.8,2026-05-08,td_bus_route_fares_20260720
bus,CTB,1000300,1,955,27.3,2026-01-12,td_bus_route_fares_20260720
bus,CTB,1000300,2,955,27.3,2026-01-12,td_bus_route_fares_20260720
bus,CTB,1000304,1,38,9.4,2026-02-20,td_bus_route_fares_20260720
bus,CTB,1000304,2,38,9.4,2026-02-20,td_bus_route_fares_20260720
bus,CTB,1000305,1,38,7.4,2025-01-05,td_bus_route_fares_20260720
bus,KMB,1000306,1,78A,6.0,2025-01-24,td_bus_route_fares_20260720
bus,CTB,1000307,1,42,9.4,2025-05-19,td_bus_route_fares_20260720
bus,CTB,1000308,1,22X,7.3,2025-01-05,td_bus_route_fares_20260720
bus,LWB,1000309,1,R33,21.1,2026-07-02,td_bus_route_fares_20260720
bus,LWB,1000309,2,R33,21.1,2026-07-02,td_bus_route_fares_20260720
bus,LWB,1000310,1,R33,21.1,2023-09-25,td_bus_route_fares_20260720
bus,LWB,1000310,2,R33,21.1,2023-09-25,td_bus_route_fares_20260720
bus,LWB,1000311,1,R42,23.5,2026-07-02,td_bus_route_fares_20260720
bus,LWB,1000311,2,R42,23.5,2026-07-02,td_bus_route_fares_20260720
bus,CTB,1000312,1,790,11.7,2026-01-30,td_bus_route_fares_20260720
bus,CTB,1000312,2,790,11.7,2026-01-30,td_bus_route_fares_20260720
bus,CTB,1000313,1,795,14.6,2026-01-30,td_bus_route_fares_20260720
bus,CTB,1000313,2,795,14.6,2026-01-30,td_bus_route_fares_20260720
bus,KMB,1000314,1,96,10.3,2025-02-14,td_bus_route_fares_20260720
bus,KMB,1000314,2,96,10.3,2025-02-14,td_bus_route_fares_20260720
bus,KMB,1000315,1,290E,12.1,2026-01-05,td_bus_route_fares_20260720
bus,KMB,1000315,2,290E,12.1,2026-01-05,td_bus_route_fares_20260720
bus,KMB,1000316,1,298X,13.1,2026-01-05,td_bus_route_fares_20260720
bus,KMB,1000316,2,298X,13.1,2026-01-05,td_bus_route_fares_20260720
bus,KMB,1000322,1,74R,25.6,2025-08-08,td_bus_route_fares_20260720
bus,KMB,1000322,2,74R,25.6,2025-08-08,td_bus_route_fares_20260720
bus,KMB,1000323,1,33R,25.6,2025-08-08,td_bus_route_fares_20260720
bus,KMB,1000323,2,33R,25.6,2025-08-08,td_bus_route_fares_20260720
bus,KMB,1000324,1,69,5.2,2026-06-05,td_bus_route_fares_20260720
bus,KMB,1000324,2,69,5.2,2026-06-05,td_bus_route_fares_20260720
bus,CTB,1000325,1,NA10,60.7,2026-05-25,td_bus_route_fares_20260720
bus,CTB,1000325,2,NA10,60.7,2026-05-25,td_bus_route_fares_20260720
bus,CTB,1000326,1,1,4.8,2026-01-09,td_bus_route_fares_20260720
bus,KMB,1000327,1,288B,5.1,2025-09-11,td_bus_route_fares_20260720
bus,KMB,1000329,1,W2,6.4,2025-09-08,td_bus_route_fares_20260720
bus,KMB,1000330,1,W2,6.4,2025-09-08,td_bus_route_fares_20260720
bus,KMB,1000331,1,W2,6.4,2025-05-23,td_bus_route_fares_20260720
bus,KMB,1000332,1,68X,16.2,2025-01-05,td_bus_route_fares_20260720
bus,KMB,1000333,1,268X,16.2,2025-01-05,td_bus_route_fares_20260720
bus,KMB,1000334,1,203C,5.6,2025-06-20,td_bus_route_fares_20260720
bus,KMB,1000334,2,203C,5.6,2025-06-20,td_bus_route_fares_20260720
bus,KMB,1000335,1,203C,5.6,2025-06-20,td_bus_route_fares_20260720
bus,KMB,1000337,1,17,6.7,2025-01-05,td_bus_route_fares_20260720
bus,KMB+CTB,1000338,1,N307,42.9,2026-01-14,td_bus_route_fares_20260720
bus,CTB,1000339,1,B7,11.3,2025-05-02,td_bus_route_fares_20260720
bus,CTB,1000339,2,B7,11.3,2025-05-02,td_bus_route_fares_20260720
bus,CTB,1000340,1,B8,18.1,2025-09-19,td_bus_route_fares_20260720
bus,CTB,1000340,2,B8,18.1,2025-09-19,td_bus_route_fares_20260720
bus,KMB,1000341,1,B9,21.3,2026-05-29,td_bus_route_fares_20260720
bus,KMB,1000341,2,B9,21.3,2026-05-29,td_bus_route_fares_20260720
bus,KMB,1000342,1,64K,6.7,2025-01-05,td_bus_route_fares_20260720
bus,CTB,1000343,1,94A,4.2,2026-01-02,td_bus_route_fares_20260720
bus,CTB,1000344,1,20,6.4,2025-01-05,td_bus_route_fares_20260720
bus,CTB,1000345,1,5X,6.1,2025-01-05,td_bus_route_fares_20260720
bus,CTB,1000346,1,5X,6.1,2025-01-05,td_bus_route_fares_20260720
bus,CTB,1000349,1,8P,8.1,2025-05-19,td_bus_route_fares_20260720
bus,CTB,1000350,1,8P,8.1,2025-05-19,td_bus_route_fares_20260720
bus,KMB,1000351,1,273S,4.3,2025-01-05,td_bus_route_fares_20260720
bus,KMB,1000352,1,2P,7.8,2025-01-05,td_bus_route_fares_20260720
bus,KMB,1000353,1,68X,16.2,2025-01-05,td_bus_route_fares_20260720
bus,CTB,1000354,1,694S,17.8,2025-11-14,td_bus_route_fares_20260720
bus,CTB,1000354,2,694S,17.8,2025-11-14,td_bus_route_fares_20260720
bus,KMB+CTB,1000355,1,690S,17.8,2025-01-05,td_bus_route_fares_20260720
bus,KMB+CTB,1000355,2,690S,17.8,2025-01-05,td_bus_route_fares_20260720
bus,KMB,1000356,1,49M,4.8,2025-01-05,td_bus_route_fares_20260720
bus,KMB,1000357,1,269D,18.5,2025-09-26,td_bus_route_fares_20260720
bus,NLB,1000358,1,37M,3.9,2025-10-20,td_bus_route_fares_20260720
bus,NLB,1000359,1,37A,3.9,2026-06-26,td_bus_route_fares_20260720
bus,CTB,1000360,1,A25,40.8,2026-05-25,td_bus_route_fares_20260720
bus,CTB,1000360,2,A25,40.8,2026-05-25,td_bus_route_fares_20260720
bus,KMB,1000365,1,960C,24.0,2026-01-23,td_bus_route_fares_20260720
bus,KMB,1000366,1,960P,24.0,2025-08-15,td_bus_route_fares_20260720
bus,KMB,1000367,1,960S,24.0,2025-08-15,td_bus_route_fares_20260720
bus,KMB,1000368,1,241X,10.2,2025-01-05,td_bus_route_fares_20260720
bus,KMB,1000368,2,241X,10.2,2025-01-05,td_bus_route_fares_20260720
bus,KMB,1000369,1,673A,27.9,2025-01-05,td_bus_route_fares_20260720
bus,KMB,1000370,1,673A,27.9,2025-01-05,td_bus_route_fares_20260720
bus,KMB,1000371,1,900,22.0,2026-03-20,td_bus_route_fares_20260720
bus,KMB,1000372,1,N960,39.0,2025-09-08,td_bus_route_fares_20260720
bus,KMB,1000372,2,N960,39.0,2025-09-08,td_bus_route_fares_20260720
bus,KMB,1000373,1,80X,8.1,2025-12-17,td_bus_route_fares_20260720
bus,CTB,1000374,1,22D,7.3,2025-09-22,td_bus_route_fares_20260720
bus,KMB,1000376,1,252,6.0,2025-01-05,td_bus_route_fares_20260720
bus,KMB,1000377,1,252,6.0,2026-04-10,td_bus_route_fares_20260720
bus,CTB,1000378,1,25,9.4,2025-01-05,td_bus_route_fares_20260720
bus,CTB,1000381,1,73,8.0,2025-01-05,td_bus_route_fares_20260720
bus,KMB,1000382,1,98,8.2,2025-01-05,td_bus_route_fares_20260720
bus,LWB,1000383,1,A30,19.8,2026-05-26,td_bus_route_fares_20260720
bus,LWB,1000383,2,A30,19.8,2026-05-26,td_bus_route_fares_20260720
bus,LWB,1000384,1,A30,19.8,2026-07-06,td_bus_route_fares_20260720
bus,LWB,1000384,2,A30,19.8,2026-07-06,td_bus_route_fares_20260720
bus,KMB,1000385,1,936A,20.6,2026-01-09,td_bus_route_fares_20260720
bus,KMB,1000386,1,98E,13.1,2026-01-06,td_bus_route_fares_20260720
bus,KMB,1000386,2,98E,13.1,2026-01-06,td_bus_route_fares_20260720
bus,KMB,1000388,1,272A,5.1,2025-01-05,td_bus_route_fares_20260720
bus,KMB,1000389,1,272A,5.1,2025-03-02,td_bus_route_fares_20260720
bus,KMB,1000390,1,36A,6.7,2025-01-05,td_bus_route_fares_20260720
bus,KMB,1000392,1,275X,11.5,2025-01-05,td_bus_route_fares_20260720
bus,KMB,1000392,2,275X,11.5,2025-01-05,td_bus_route_fares_20260720
bus,CTB,1000393,1,15,13.0,2025-01-05,td_bus_route_fares_20260720
bus,CTB,1000394,1,15,13.0,2025-01-05,td_bus_route_fares_20260720
bus,CTB,1000395,1,789,8.7,2025-01-05,td_bus_route_fares_20260720
bus,CTB,1000396,1,789,8.7,2025-01-05,td_bus_route_fares_20260720
bus,CTB,1000397,1,788,8.7,2026-01-14,td_bus_route_fares_20260720
bus,CTB,1000398,1,788,8.7,2026-01-14,td_bus_route_fares_20260720
bus,CTB,1000399,1,788,8.7,2026-01-14,td_bus_route_fares_20260720
bus,CTB,1000402,1,78C,19.6,2026-01-30,td_bus_route_fares_20260720
bus,CTB,1000402,2,78C,19.6,2026-01-30,td_bus_route_fares_20260720
bus,CTB,1000403,1,79P,17.2,2025-05-12,td_bus_route_fares_20260720
bus,CTB,1000403,2,79P,17.2,2025-05-12,td_bus_route_fares_20260720
bus,CTB,1000405,1,20A,7.5,2025-12-16,td_bus_route_fares_20260720
bus,CTB,1000405,2,20A,7.5,2025-12-16,td_bus_route_fares_20260720
bus,CTB,1000406,1,20A,7.5,2025-12-16,td_bus_route_fares_20260720
bus,CTB,1000406,2,20A,7.5,2025-12-16,td_bus_route_fares_20260720
bus,KMB,1000408,1,78B,6.7,2025-10-31,td_bus_route_fares_20260720
bus,KMB,1000409,1,79K,6.9,2025-01-05,td_bus_route_fares_20260720
bus,CTB,1000410,1,50M,5.6,2025-01-05,td_bus_route_fares_20260720
bus,KMB,1000412,1,49,14.7,2025-09-26,td_bus_route_fares_20260720
bus,KMB,1000412,2,49,14.7,2025-09-26,td_bus_route_fares_20260720
bus,CTB,1000413,1,33X,14.5,2025-11-14,td_bus_route_fares_20260720
bus,KMB,1000418,1,251C,6.7,2025-12-19,td_bus_route_fares_20260720
bus,CTB,1000419,1,B3,16.5,2025-05-02,td_bus_route_fares_20260720
bus,KMB,1000420,1,285A,4.9,2025-01-05,td_bus_route_fares_20260720
bus,KMB,1000421,1,285A,4.9,2025-09-11,td_bus_route_fares_20260720
bus,CTB,1000425,1,82S,5.5,2025-01-05,td_bus_route_fares_20260720
bus,CTB,1000425,2,82S,5.5,2025-01-05,td_bus_route_fares_20260720
bus,CTB,1000437,1,H2K,47.6,2026-06-08,td_bus_route_fares_20260720
bus,KMB,1000439,1,219X,8.6,2025-06-02,td_bus_route_fares_20260720
bus,KMB,1000441,1,16P,8.6,2025-01-05,td_bus_route_fares_20260720
bus,KMB,1000441,2,16P,8.6,2025-01-05,td_bus_route_fares_20260720
bus,NLB,1000442,1,X11R,43.9,2025-01-24,td_bus_route_fares_20260720
bus,NLB,1000442,2,X11R,43.9,2025-01-24,td_bus_route_fares_20260720
bus,KMB,1000443,1,79K,6.9,2025-01-05,td_bus_route_fares_20260720
bus,LWB,1000444,1,A41,23.4,2026-05-26,td_bus_route_fares_20260720
bus,LWB,1000444,2,A41,23.4,2026-05-26,td_bus_route_fares_20260720
bus,LWB,1000445,1,A41,23.4,2026-05-26,td_bus_route_fares_20260720
bus,LWB,1000446,1,A41,23.4,2024-12-03,td_bus_route_fares_20260720
bus,LWB,1000447,1,A42,23.4,2026-05-26,td_bus_route_fares_20260720
bus,LWB,1000447,2,A42,23.4,2026-05-26,td_bus_route_fares_20260720
bus,LWB,1000448,1,A46,23.4,2026-05-26,td_bus_route_fares_20260720
bus,LWB,1000448,2,A46,23.4,2026-05-26,td_bus_route_fares_20260720
bus,KMB,1000450,1,46P,9.3,2025-01-05,td_bus_route_fares_20260720
bus,NLB,1000451,1,39M,3.9,2025-01-05,td_bus_route_fares_20260720
bus,LWB,1000452,1,A33X,15.7,2026-05-26,td_bus_route_fares_20260720
bus,KMB,1000453,1,73F,16.9,2025-01-05,td_bus_route_fares_20260720
bus,KMB,1000453,2,73F,16.9,2025-01-05,td_bus_route_fares_20260720
bus,CTB,1000454,1,N50,32.4,2026-01-30,td_bus_route_fares_20260720
bus,CTB,1000454,2,N50,32.4,2026-01-30,td_bus_route_fares_20260720
bus,CTB,1000455,1,A28,44.0,2026-05-25,td_bus_route_fares_20260720
bus,CTB,1000455,2,A28,44.0,2026-05-25,td_bus_route_fares_20260720
bus,CTB,1000456,1,A28,44.0,2026-05-25,td_bus_route_fares_20260720
bus,CTB,1000457,1,A28,44.0,2026-07-06,td_bus_route_fares_20260720
bus,CTB,1000458,1,A28,44.0,2026-07-06,td_bus_route_fares_20260720
bus,CTB,1000459,1,A26,44.0,2026-05-25,td_bus_route_fares_20260720
bus,CTB,1000459,2,A26,44.0,2026-05-25,td_bus_route_fares_20260720
bus,CTB,1000460,1,A26,44.0,2026-07-06,td_bus_route_fares_20260720
bus,CTB,1000460,2,A26,44.0,2026-07-06,td_bus_route_fares_20260720
bus,KMB,1000461,1,30X,10.2,2025-01-06,td_bus_route_fares_20260720
bus,CTB,1000462,1,A26,44.0,2026-05-25,td_bus_route_fares_20260720
bus,CTB,1000463,1,A26,44.0,2026-07-06,td_bus_route_fares_20260720
bus,KMB,1000466,1,78S,10.8,2026-04-30,td_bus_route_fares_20260720
bus,KMB,1000466,2,78S,10.8,2026-04-30,td_bus_route_fares_20260720
bus,KMB,1000467,1,27X,6.7,2025-01-05,td_bus_route_fares_20260720
bus,KMB,1000467,2,27X,6.7,2025-01-05,td_bus_route_fares_20260720
bus,LRTFeeder,1000471,1,K52P,5.1,2024-06-24,td_bus_route_fares_20260720
bus,LRTFeeder,1000472,1,K52,5.1,2025-01-02,td_bus_route_fares_20260720
bus,LRTFeeder,1000472,2,K52,5.1,2025-01-02,td_bus_route_fares_20260720
bus,KMB,1000473,1,230R,15.5,2025-11-28,td_bus_route_fares_20260720
bus,KMB,1000473,2,230R,15.5,2025-11-28,td_bus_route_fares_20260720
bus,DB,1000484,1,DB02RP,59.1,2026-07-02,td_bus_route_fares_20260720
bus,CTB,1000485,1,78P,19.6,2025-01-05,td_bus_route_fares_20260720
bus,KMB,1000487,1,72K,4.5,2025-01-22,td_bus_route_fares_20260720
bus,KMB,1000490,1,40B,10.1,2025-01-05,td_bus_route_fares_20260720
bus,KMB,1000492,1,259X,20.8,2026-01-30,td_bus_route_fares_20260720
bus,CTB,1000493,1,95C,4.2,2025-01-05,td_bus_route_fares_20260720
bus,CTB,1000494,1,95C,4.2,2025-01-05,td_bus_route_fares_20260720
bus,CTB,1000495,1,95C,4.2,2025-01-05,td_bus_route_fares_20260720
bus,CTB,1000496,1,95C,4.2,2025-01-05,td_bus_route_fares_20260720
bus,CTB,1000497,1,95C,4.2,2025-01-05,td_bus_route_fares_20260720
bus,CTB,1000499,1,581,5.1,2025-12-01,td_bus_route_fares_20260720
bus,CTB,1000499,2,581,5.1,2025-12-01,td_bus_route_fares_20260720
bus,CTB,1000500,1,582,12.3,2025-12-18,td_bus_route_fares_20260720
bus,KMB,1000505,1,B9A,17.2,2025-01-05,td_bus_route_fares_20260720
bus,KMB,1000505,2,B9A,17.2,2025-01-05,td_bus_route_fares_20260720
bus,KMB,1000506,1,286A,7.8,2025-06-13,td_bus_route_fares_20260720
bus,KMB,1000512,1,290X,12.1,2026-03-13,td_bus_route_fares_20260720
bus,CTB,1000513,1,962P,24.2,2025-08-15,td_bus_route_fares_20260720
bus,KMB,1000514,1,961S,24.0,2026-04-08,td_bus_route_fares_20260720
bus,KMB,1000519,1,74,15.1,2025-05-19,td_bus_route_fares_20260720
bus,KMB,1000519,2,74,15.1,2025-05-19,td_bus_route_fares_20260720
bus,KMB,1000522,1,271A,12.1,2026-03-13,td_bus_route_fares_20260720
bus,KMB,1000522,2,271A,12.1,2026-03-13,td_bus_route_fares_20260720
bus,CTB,1000523,1,NA21,39.3,2026-05-25,td_bus_route_fares_20260720
bus,PI,1000524,1,NR332,14.5,2026-02-10,td_bus_route_fares_20260720
bus,PI,1000525,1,NR334,32.5,2026-06-11,td_bus_route_fares_20260720
bus,CTB,1000527,1,A12,47.1,2025-01-02,td_bus_route_fares_20260720
bus,KMB,1000529,1,269S,20.8,2026-02-02,td_bus_route_fares_20260720
bus,KMB,1000529,2,269S,20.8,2026-02-02,td_bus_route_fares_20260720
bus,KMB,1000530,1,92,7.8,2025-01-05,td_bus_route_fares_20260720
bus,KMB,1000530,2,92,7.8,2025-01-05,td_bus_route_fares_20260720
bus,KMB,1000532,1,37X,9.3,2025-12-19,td_bus_route_fares_20260720
bus,KMB,1000533,1,85P,10.9,2026-03-20,td_bus_route_fares_20260720
bus,KMB,1000533,2,85P,10.9,2026-03-20,td_bus_route_fares_20260720
bus,KMB,1000534,1,40X,10.4,2026-01-05,td_bus_route_fares_20260720
bus,CTB,1000535,1,987,20.3,2025-01-05,td_bus_route_fares_20260720
bus,CTB,1000536,1,79,14.6,2026-01-30,td_bus_route_fares_20260720
bus,CTB,1000536,2,79,14.6,2026-01-30,td_bus_route_fares_20260720
bus,KMB,1000537,1,272P,12.5,2025-04-17,td_bus_route_fares_20260720
bus,KMB,1000537,2,272P,12.5,2025-04-17,td_bus_route_fares_20260720
bus,KMB+CTB,1000538,1,307P,27.3,2026-03-31,td_bus_route_fares_20260720
bus,KMB+CTB,1000538,2,307P,27.3,2026-03-31,td_bus_route_fares_20260720
bus,KMB,1000539,1,273B,4.3,2025-01-05,td_bus_route_fares_20260720
bus,LRTFeeder,1000540,1,K53S,5.1,2026-01-26,td_bus_route_fares_20260720
bus,KMB,1000542,1,HK1,40.0,2025-12-15,td_bus_route_fares_20260720
bus,KMB,1000543,1,96,10.3,2025-01-05,td_bus_route_fares_20260720
bus,KMB,1000545,1,265P,11.5,2025-12-12,td_bus_route_fares_20260720
bus,KMB,1000545,2,265P,11.5,2025-12-12,td_bus_route_fares_20260720
bus,KMB,1000546,1,265S,17.2,2025-01-05,td_bus_route_fares_20260720
bus,CTB,1000547,1,85,5.2,2025-01-05,td_bus_route_fares_20260720
bus,CTB,1000550,1,X9,22.8,2026-04-10,td_bus_route_fares_20260720
bus,KMB,1000551,1,6E,7.4,2025-01-05,td_bus_route_fares_20260720
bus,KMB,1000551,2,6E,7.4,2025-01-05,td_bus_route_fares_20260720
bus,CTB,1000552,1,15B,16.2,2025-01-05,td_bus_route_fares_20260720
bus,CTB,1000553,1,90,6.6,2025-01-05,td_bus_route_fares_20260720
bus,CTB,1000553,2,90,6.6,2025-01-05,td_bus_route_fares_20260720
bus,LWB,1000554,1,A47X,29.0,2026-05-26,td_bus_route_fares_20260720
bus,LWB,1000554,2,A47X,29.0,2026-05-26,td_bus_route_fares_20260720
bus,LWB,1000555,1,A47X,29.0,2024-12-13,td_bus_route_fares_20260720
bus,DB,1000556,1,DB01RA,17.6,2026-07-02,td_bus_route_fares_20260720
bus,DB,1000556,2,DB01RA,17.6,2026-07-02,td_bus_route_fares_20260720
bus,DB,1000557,1,DB01RP,17.6,2026-07-02,td_bus_route_fares_20260720
bus,DB,1000557,2,DB01RP,17.6,2026-07-02,td_bus_route_fares_20260720
bus,DB,1000558,1,DB02R,59.1,2026-07-02,td_bus_route_fares_20260720
bus,DB,1000559,1,DB02R,59.1,2026-07-02,td_bus_route_fares_20260720
bus,DB,1000561,1,DB02RA,59.1,2026-07-02,td_bus_route_fares_20260720
bus,KMB+CTB,1000562,1,907D,27.8,2025-01-05,td_bus_route_fares_20260720
bus,KMB+CTB,1000562,2,907D,27.8,2025-01-05,td_bus_route_fares_20260720
bus,KMB,1000563,1,268M,11.5,2025-01-05,td_bus_route_fares_20260720
bus,KMB,1000563,2,268M,11.5,2025-01-05,td_bus_route_fares_20260720
bus,KMB,1000564,1,49A,5.8,2025-01-05,td_bus_route_fares_20260720
bus,KMB,1000564,2,49A,5.8,2025-01-05,td_bus_route_fares_20260720
bus,KMB,1000566,1,234A,7.1,2025-01-05,td_bus_route_fares_20260720
bus,LWB,1000567,1,NA30,34.6,2026-05-25,td_bus_route_fares_20260720
bus,LWB,1000567,2,NA30,34.6,2026-05-25,td_bus_route_fares_20260720
bus,NLB,1000568,1,B6S,9.8,2025-01-05,td_bus_route_fares_20260720
bus,KMB,1000569,1,40P,10.0,2025-01-05,td_bus_route_fares_20260720
bus,KMB,1000570,1,89P,10.2,2025-01-05,td_bus_route_fares_20260720
bus,LRTFeeder,1000572,1,K53,5.1,2025-01-13,td_bus_route_fares_20260720
bus,LRTFeeder,1000573,1,K54A,5.1,2026-01-01,td_bus_route_fares_20260720
bus,LRTFeeder,1000573,2,K54A,5.1,2026-01-01,td_bus_route_fares_20260720
bus,LWB,1000574,1,E36C,14.8,2025-01-16,td_bus_route_fares_20260720
bus,LWB,1000574,2,E36C,14.8,2025-01-16,td_bus_route_fares_20260720
bus,KMB,1000575,1,272A,5.1,2025-04-01,td_bus_route_fares_20260720
bus,KMB,1000587,1,270B,16.9,2025-01-27,td_bus_route_fares_20260720
bus,KMB,1000588,1,T80,9.6,2025-02-07,td_bus_route_fares_20260720
bus,KMB,1000589,1,T80,9.6,2025-02-07,td_bus_route_fares_20260720
bus,KMB,1000590,1,270D,16.9,2025-02-12,td_bus_route_fares_20260720
bus,NLB,1000591,1,36M,10.7,2026-06-26,td_bus_route_fares_20260720
bus,KMB,1000592,1,268B,20.8,2025-02-24,td_bus_route_fares_20260720
bus,CTB,1000594,1,N8,8.2,2025-03-10,td_bus_route_fares_20260720
bus,CTB,1000595,1,N8,8.2,2025-03-10,td_bus_route_fares_20260720
bus,CTB,1000596,1,N8,8.2,2025-03-10,td_bus_route_fares_20260720
bus,KMB,1000597,1,81X,9.0,2025-03-17,td_bus_route_fares_20260720
bus,KMB,1000598,1,T74,14.9,2025-03-13,td_bus_route_fares_20260720
bus,KMB,1000601,1,19,5.2,2026-05-15,td_bus_route_fares_20260720
bus,KMB,1000601,2,19,5.2,2026-05-15,td_bus_route_fares_20260720
bus,KMB,1000602,1,600,12.6,2026-06-26,td_bus_route_fares_20260720
bus,KMB,1000602,2,600,12.6,2026-06-26,td_bus_route_fares_20260720
bus,CTB,1000603,1,580,8.1,2026-06-16,td_bus_route_fares_20260720
bus,CTB,1000603,2,580,8.1,2026-06-16,td_bus_route_fares_20260720
bus,KMB,1000606,1,76,8.4,2025-11-14,td_bus_route_fares_20260720
bus,KMB,1000607,1,268,6.7,2025-12-19,td_bus_route_fares_20260720
bus,KMB,1000607,2,268,6.7,2025-12-19,td_bus_route_fares_20260720
bus,CTB,1000608,1,H3,49.7,2025-12-19,td_bus_route_fares_20260720
bus,CTB,1000609,1,H4,49.7,2025-03-28,td_bus_route_fares_20260720
bus,KMB,1000612,1,87C,10.8,2025-04-10,td_bus_route_fares_20260720
bus,KMB,1000612,2,87C,10.8,2025-04-10,td_bus_route_fares_20260720
bus,KMB,1000614,1,286D,11.3,2025-09-19,td_bus_route_fares_20260720
bus,KMB,1000614,2,286D,11.3,2025-09-19,td_bus_route_fares_20260720
bus,LWB,1000615,1,E37C,14.8,2025-05-30,td_bus_route_fares_20260720
bus,XB,1000618,1,Kwun Tong - Huanggang,55.0,2025-07-29,td_bus_route_fares_20260720
bus,CTB,1000619,1,NA12,60.7,2025-07-11,td_bus_route_fares_20260720
bus,NLB,1000620,1,XB2,15.8,2026-04-20,td_bus_route_fares_20260720
bus,NLB,1000620,2,XB2,15.8,2026-04-20,td_bus_route_fares_20260720
bus,KMB+CTB,1000621,1,110,12.2,2025-07-30,td_bus_route_fares_20260720
bus,KMB+CTB,1000622,1,110,12.2,2025-07-18,td_bus_route_fares_20260720
bus,KMB,1000623,1,900X,22.0,2026-03-20,td_bus_route_fares_20260720
bus,KMB,1000624,1,81K,5.2,2025-07-31,td_bus_route_fares_20260720
bus,KMB,1000625,1,277E,17.6,2026-06-05,td_bus_route_fares_20260720
bus,KMB,1000626,1,HK1,40.0,2025-12-15,td_bus_route_fares_20260720
bus,PI,1000628,1,NR338S,39.0,2026-02-10,td_bus_route_fares_20260720
bus,KMB,1000632,1,13,8.3,2025-08-14,td_bus_route_fares_20260720
bus,KMB,1000632,2,13,8.3,2025-08-14,td_bus_route_fares_20260720
bus,KMB,1000633,1,213E,8.3,2025-08-14,td_bus_route_fares_20260720
bus,KMB,1000633,2,213E,8.3,2025-08-14,td_bus_route_fares_20260720
bus,KMB,1000634,1,84M,7.5,2025-12-17,td_bus_route_fares_20260720
bus,LWB,1000635,1,A43P,32.4,2026-05-26,td_bus_route_fares_20260720
bus,LWB,1000636,1,A43P,32.4,2025-08-22,td_bus_route_fares_20260720
bus,CTB,1000637,1,B3A,13.6,2025-10-09,td_bus_route_fares_20260720
bus,KMB,1000638,1,278K,4.3,2025-12-22,td_bus_route_fares_20260720
bus,KMB,1000639,1,278K,4.3,2025-12-22,td_bus_route_fares_20260720
bus,CTB,1000640,1,382,27.3,2025-09-12,td_bus_route_fares_20260720
bus,CTB,1000640,2,382,27.3,2025-09-12,td_bus_route_fares_20260720
bus,KMB,1000641,1,W4,5.7,2026-01-02,td_bus_route_fares_20260720
bus,KMB,1000642,1,269D,18.5,2026-01-19,td_bus_route_fares_20260720
bus,LWB,1000643,1,NA52,29.3,2026-05-25,td_bus_route_fares_20260720
bus,LWB,1000643,2,NA52,29.3,2026-05-25,td_bus_route_fares_20260720
bus,KMB,1000645,1,X42C,12.1,2025-10-24,td_bus_route_fares_20260720
bus,KMB,1000647,1,270E,16.9,2025-11-17,td_bus_route_fares_20260720
bus,CTB,1000648,1,55,19.4,2026-01-30,td_bus_route_fares_20260720
bus,CTB,1000648,2,55,19.4,2026-01-30,td_bus_route_fares_20260720
bus,CTB,1000650,1,979,27.8,2025-11-21,td_bus_route_fares_20260720
bus,KMB,1000651,1,290X,12.1,2026-03-13,td_bus_route_fares_20260720
bus,LWB,1000653,1,A41P,29.0,2026-05-26,td_bus_route_fares_20260720
bus,LWB,1000653,2,A41P,29.0,2026-05-26,td_bus_route_fares_20260720
bus,CTB,1000654,1,586,13.8,2025-12-01,td_bus_route_fares_20260720
bus,CTB,1000654,2,586,13.8,2025-12-01,td_bus_route_fares_20260720
bus,CTB,1000655,1,587,13.6,2026-06-12,td_bus_route_fares_20260720
bus,CTB,1000655,2,587,13.6,2026-06-12,td_bus_route_fares_20260720
bus,CTB,1000656,1,589,11.2,2026-06-12,td_bus_route_fares_20260720
bus,CTB,1000656,2,589,11.2,2026-06-12,td_bus_route_fares_20260720
bus,LRTFeeder,1000657,1,K51,5.1,2026-01-01,td_bus_route_fares_20260720
bus,LRTFeeder,1000658,1,K66,5.1,2025-12-15,td_bus_route_fares_20260720
bus,LRTFeeder,1000659,1,K66,5.1,2025-12-03,td_bus_route_fares_20260720
bus,LRTFeeder,1000660,1,K68,5.1,2025-12-03,td_bus_route_fares_20260720
bus,LRTFeeder,1000661,1,K68,5.1,2025-12-15,td_bus_route_fares_20260720
bus,CTB,1000662,1,798X,13.1,2025-12-08,td_bus_route_fares_20260720
bus,KMB,1000663,1,33X,15.0,2026-06-12,td_bus_route_fares_20260720
bus,KMB,1000663,2,33X,15.0,2026-06-12,td_bus_route_fares_20260720
bus,KMB,1000664,1,252S,20.8,2025-12-22,td_bus_route_fares_20260720
bus,CTB,1000665,1,A28X,44.0,2026-05-25,td_bus_route_fares_20260720
bus,KMB,1000666,1,259S,20.8,2025-12-19,td_bus_route_fares_20260720
bus,KMB,1000667,1,B1,15.3,2026-07-10,td_bus_route_fares_20260720
bus,KMB+CTB,1000668,1,980X,24.4,2025-12-16,td_bus_route_fares_20260720
bus,KMB+CTB,1000669,1,980X,24.4,2025-12-16,td_bus_route_fares_20260720
bus,KMB,1000671,1,252S,20.8,2025-12-22,td_bus_route_fares_20260720
bus,KMB,1000672,1,251C,6.7,2025-12-24,td_bus_route_fares_20260720
bus,KMB,1000674,1,288D,6.5,2026-01-02,td_bus_route_fares_20260720
bus,KMB,1000676,1,273A,5.1,2026-01-06,td_bus_route_fares_20260720
bus,KMB,1000677,1,273A,5.1,2026-01-06,td_bus_route_fares_20260720
bus,KMB,1000678,1,287,9.3,2026-01-26,td_bus_route_fares_20260720
bus,KMB,1000678,2,287,9.3,2026-01-26,td_bus_route_fares_20260720
bus,KMB,1000679,1,277B,20.8,2026-07-03,td_bus_route_fares_20260720
bus,KMB,1000679,2,277B,20.8,2026-07-03,td_bus_route_fares_20260720
bus,KMB,1000680,1,73K,5.1,2026-01-23,td_bus_route_fares_20260720
bus,KMB,1000680,2,73K,5.1,2026-01-23,td_bus_route_fares_20260720
bus,CTB,1000682,1,S56,3.7,2026-03-17,td_bus_route_fares_20260720
bus,KMB,1000684,1,63,10.2,2026-04-13,td_bus_route_fares_20260720
bus,KMB,1000684,2,63,10.2,2026-04-13,td_bus_route_fares_20260720
bus,KMB,1000685,1,63,10.2,2026-04-13,td_bus_route_fares_20260720
bus,KMB,1000685,2,63,10.2,2026-04-13,td_bus_route_fares_20260720
bus,CTB,1000687,1,971,14.5,2026-04-17,td_bus_route_fares_20260720
bus,CTB,1000687,2,971,14.5,2026-04-17,td_bus_route_fares_20260720
bus,CTB,1000688,1,795X,12.8,2026-04-17,td_bus_route_fares_20260720
bus,KMB,1000689,1,HK2,58.4,2026-06-26,td_bus_route_fares_20260720
bus,CTB,1000690,1,E18,23.8,2026-06-26,td_bus_route_fares_20260720
bus,CTB,1000691,1,E28,24.8,2026-06-26,td_bus_route_fares_20260720
bus,CTB,1000692,1,702A,5.0,2026-05-08,td_bus_route_fares_20260720
bus,CTB,1000693,1,47P,7.1,2026-06-01,td_bus_route_fares_20260720
bus,CTB,1000695,1,73X,8.0,2026-06-25,td_bus_route_fares_20260720
bus,CTB,1000695,2,73X,8.0,2026-06-25,td_bus_route_fares_20260720
bus,LWB,1000697,1,A32,19.8,2026-07-06,td_bus_route_fares_20260720
bus,LWB,1000698,1,A47X,29.0,2026-07-06,td_bus_route_fares_20260720
gmb,GMB,2000410,1,69,14.5,2026-07-13,td_gmb_route_fares_20260720
gmb,GMB,2000511,1,69X,12.5,2026-06-10,td_gmb_route_fares_20260720
gmb,GMB,2000511,2,69X,12.5,2026-06-10,td_gmb_route_fares_20260720
gmb,GMB,2000819,1,69A,8.5,2026-06-10,td_gmb_route_fares_20260720
gmb,GMB,2000819,2,69A,8.5,2026-06-10,td_gmb_route_fares_20260720
gmb,GMB,2000961,1,69X,12.5,2026-06-10,td_gmb_route_fares_20260720
gmb,GMB,2000961,2,69X,12.5,2026-06-10,td_gmb_route_fares_20260720
gmb,GMB,2000964,1,84,4.9,2026-04-17,td_gmb_route_fares_20260720
gmb,GMB,2000964,2,84,4.9,2026-04-17,td_gmb_route_fares_20260720
gmb,GMB,2000967,1,21A,5.0,2026-07-13,td_gmb_route_fares_20260720
gmb,GMB,2000968,1,21M,5.5,2026-07-13,td_gmb_route_fares_20260720
gmb,GMB,2000970,1,14M,6.7,2026-04-28,td_gmb_route_fares_20260720
gmb,GMB,2000971,1,14M,6.7,2026-04-28,td_gmb_route_fares_20260720
gmb,GMB,2000972,1,14M,5.0,2026-04-28,td_gmb_route_fares_20260720
gmb,GMB,2000973,1,14M,5.0,2026-04-28,td_gmb_route_fares_20260720
gmb,GMB,2000974,1,89B,8.8,2026-06-19,td_gmb_route_fares_20260720
gmb,GMB,2000974,2,89B,8.8,2026-06-19,td_gmb_route_fares_20260720
gmb,GMB,2000976,1,43M,4.5,2026-07-10,td_gmb_route_fares_20260720
gmb,GMB,2000977,1,43M,4.5,2026-04-21,td_gmb_route_fares_20260720
gmb,GMB,2000978,1,43M,4.5,2026-04-21,td_gmb_route_fares_20260720
gmb,GMB,2000981,1,43M,4.5,2025-02-21,td_gmb_route_fares_20260720
gmb,GMB,2000982,1,43M,4.5,2026-04-21,td_gmb_route_fares_20260720
gmb,GMB,2000983,1,43M,4.5,2025-06-01,td_gmb_route_fares_20260720
gmb,GMB,2000985,1,43M,4.5,2025-02-21,td_gmb_route_fares_20260720
gmb,GMB,2000986,1,43M,4.5,2025-06-01,td_gmb_route_fares_20260720
gmb,GMB,2000987,1,901,9.8,2025-03-29,td_gmb_route_fares_20260720
gmb,GMB,2000988,1,49M,6.3,2026-07-13,td_gmb_route_fares_20260720
gmb,GMB,2000989,1,49M,6.3,2026-07-13,td_gmb_route_fares_20260720
gmb,GMB,2000990,1,50,4.5,2025-06-27,td_gmb_route_fares_20260720
gmb,GMB,2000992,1,32M,6.2,2026-04-28,td_gmb_route_fares_20260720
gmb,GMB,2000993,1,108A,7.1,2026-04-30,td_gmb_route_fares_20260720
gmb,GMB,2000993,2,108A,7.1,2026-04-30,td_gmb_route_fares_20260720
gmb,GMB,2000995,1,30B,5.2,2026-03-31,td_gmb_route_fares_20260720
gmb,GMB,2000996,1,30A,8.2,2026-07-13,td_gmb_route_fares_20260720
gmb,GMB,2000996,2,30A,8.2,2026-07-13,td_gmb_route_fares_20260720
gmb,GMB,2000997,1,22,9.2,2026-07-13,td_gmb_route_fares_20260720
gmb,GMB,2000997,2,22,9.2,2026-07-13,td_gmb_route_fares_20260720
gmb,GMB,2000998,1,27M,9.3,2026-07-10,td_gmb_route_fares_20260720
gmb,GMB,2000998,2,27M,9.3,2026-07-10,td_gmb_route_fares_20260720
gmb,GMB,2000999,1,22S,9.2,2026-07-13,td_gmb_route_fares_20260720
gmb,GMB,2000999,2,22S,9.2,2026-07-13,td_gmb_route_fares_20260720
gmb,GMB,2001000,1,27M,9.3,2026-07-10,td_gmb_route_fares_20260720
gmb,GMB,2001001,1,27MS,6.2,2026-07-10,td_gmb_route_fares_20260720
gmb,GMB,2001002,1,27MS,6.2,2026-07-10,td_gmb_route_fares_20260720
gmb,GMB,2001003,1,28M,9.3,2026-06-30,td_gmb_route_fares_20260720
gmb,GMB,2001003,2,28M,9.3,2026-06-30,td_gmb_route_fares_20260720
gmb,GMB,2001004,1,22S,9.2,2026-07-13,td_gmb_route_fares_20260720
gmb,GMB,2001005,1,28MS,6.2,2026-04-17,td_gmb_route_fares_20260720
gmb,GMB,2001006,1,29A,6.2,2026-04-13,td_gmb_route_fares_20260720
gmb,GMB,2001007,1,29B,6.2,2026-04-13,td_gmb_route_fares_20260720
gmb,GMB,2001008,1,33A,4.8,2026-07-10,td_gmb_route_fares_20260720
gmb,GMB,2001008,2,33A,4.8,2026-07-10,td_gmb_route_fares_20260720
gmb,GMB,2001010,1,33M,4.8,2026-05-18,td_gmb_route_fares_20260720
gmb,GMB,2001010,2,33M,4.8,2026-05-18,td_gmb_route_fares_20260720
gmb,GMB,2001012,1,42,5.8,2026-03-31,td_gmb_route_fares_20260720
gmb,GMB,2001013,1,55K,11.5,2025-09-29,td_gmb_route_fares_20260720
gmb,GMB,2001013,2,55K,11.5,2025-09-29,td_gmb_route_fares_20260720
gmb,GMB,2001015,1,55K,11.5,2025-09-29,td_gmb_route_fares_20260720
gmb,GMB,2001015,2,55K,11.5,2025-09-29,td_gmb_route_fares_20260720
gmb,GMB,2001019,1,55K,11.5,2025-06-19,td_gmb_route_fares_20260720
gmb,GMB,2001020,1,56A,4.2,2025-09-29,td_gmb_route_fares_20260720
gmb,GMB,2001020,2,56A,4.2,2025-09-29,td_gmb_route_fares_20260720
gmb,GMB,2001023,1,56B,9.9,2026-07-10,td_gmb_route_fares_20260720
gmb,GMB,2001023,2,56B,9.9,2026-07-10,td_gmb_route_fares_20260720
gmb,GMB,2001025,1,56C,6.7,2025-09-29,td_gmb_route_fares_20260720
gmb,GMB,2001025,2,56C,6.7,2025-09-29,td_gmb_route_fares_20260720
gmb,GMB,2001027,1,56K,10.5,2026-07-10,td_gmb_route_fares_20260720
gmb,GMB,2001027,2,56K,10.5,2026-07-10,td_gmb_route_fares_20260720
gmb,GMB,2001029,1,56K,8.2,2026-07-10,td_gmb_route_fares_20260720
gmb,GMB,2001031,1,89A,6.1,2026-07-01,td_gmb_route_fares_20260720
gmb,GMB,2001031,2,89A,6.1,2026-07-01,td_gmb_route_fares_20260720
gmb,GMB,2001033,1,89C,6.1,2026-07-01,td_gmb_route_fares_20260720
gmb,GMB,2001033,2,89C,6.1,2026-07-01,td_gmb_route_fares_20260720
gmb,GMB,2001035,1,89C,6.1,2026-07-01,td_gmb_route_fares_20260720
gmb,GMB,2001035,2,89C,6.1,2026-07-01,td_gmb_route_fares_20260720
gmb,GMB,2001038,1,501A,5.8,2025-09-29,td_gmb_route_fares_20260720
gmb,GMB,2001095,1,501C,5.8,2026-07-10,td_gmb_route_fares_20260720
gmb,GMB,2001128,1,501S,28.7,2026-07-10,td_gmb_route_fares_20260720
gmb,GMB,2001128,2,501S,28.7,2026-07-10,td_gmb_route_fares_20260720
gmb,GMB,2001129,1,56,11.7,2026-07-13,td_gmb_route_fares_20260720
gmb,GMB,2001129,2,56,11.7,2026-07-13,td_gmb_route_fares_20260720
gmb,GMB,2001130,1,56A,11.7,2026-07-13,td_gmb_route_fares_20260720
gmb,GMB,2001130,2,56A,11.7,2026-07-13,td_gmb_route_fares_20260720
gmb,GMB,2001131,1,56A,11.7,2026-07-13,td_gmb_route_fares_20260720
gmb,GMB,2001133,1,56A,11.7,2026-07-13,td_gmb_route_fares_20260720
gmb,GMB,2001161,1,610S,25.8,2026-03-31,td_gmb_route_fares_20260720
gmb,GMB,2001161,2,610S,25.8,2026-03-31,td_gmb_route_fares_20260720
gmb,GMB,2001194,1,608,7.8,2026-07-13,td_gmb_route_fares_20260720
gmb,GMB,2001195,1,608,6.3,2026-06-27,td_gmb_route_fares_20260720
gmb,GMB,2001196,1,609,5.5,2026-07-13,td_gmb_route_fares_20260720
gmb,GMB,2001197,1,609B,5.5,2026-07-13,td_gmb_route_fares_20260720
gmb,GMB,2001200,1,609B,5.5,2026-07-13,td_gmb_route_fares_20260720
gmb,GMB,2001201,1,308M,10.3,2026-04-28,td_gmb_route_fares_20260720
gmb,GMB,2001204,1,308M,10.3,2026-04-28,td_gmb_route_fares_20260720
gmb,GMB,2001206,1,308A,10.3,2026-04-28,td_gmb_route_fares_20260720
gmb,GMB,2001206,2,308A,10.3,2026-04-28,td_gmb_route_fares_20260720
gmb,GMB,2001208,1,609S,5.5,2026-07-13,td_gmb_route_fares_20260720
gmb,GMB,2001209,1,609S,5.5,2026-07-13,td_gmb_route_fares_20260720
gmb,GMB,2001227,1,807K,9.3,2025-08-27,td_gmb_route_fares_20260720
gmb,GMB,2001227,2,807K,9.3,2025-08-27,td_gmb_route_fares_20260720
gmb,GMB,2001228,1,807K,9.3,2025-08-14,td_gmb_route_fares_20260720
gmb,GMB,2001229,1,807K,9.3,2025-08-27,td_gmb_route_fares_20260720
gmb,GMB,2001229,2,807K,9.3,2025-08-27,td_gmb_route_fares_20260720
gmb,GMB,2001230,1,807A,5.6,2026-04-17,td_gmb_route_fares_20260720
gmb,GMB,2001230,2,807A,5.6,2026-04-17,td_gmb_route_fares_20260720
gmb,GMB,2001231,1,807B,7.9,2025-08-27,td_gmb_route_fares_20260720
gmb,GMB,2001232,1,807C,5.6,2026-04-17,td_gmb_route_fares_20260720
gmb,GMB,2001232,2,807C,5.6,2026-04-17,td_gmb_route_fares_20260720
gmb,GMB,2001233,1,807X,5.7,2025-08-14,td_gmb_route_fares_20260720
gmb,GMB,2001234,1,807S,9.3,2025-08-14,td_gmb_route_fares_20260720
gmb,GMB,2001234,2,807S,9.3,2025-08-14,td_gmb_route_fares_20260720
gmb,GMB,2001260,1,39C,4.2,2026-04-11,td_gmb_route_fares_20260720
gmb,GMB,2001261,1,39M,9.8,2026-07-13,td_gmb_route_fares_20260720
gmb,GMB,2001261,2,39M,9.8,2026-07-13,td_gmb_route_fares_20260720
gmb,GMB,2001262,1,40,12.3,2026-07-13,td_gmb_route_fares_20260720
gmb,GMB,2001262,2,40,12.3,2026-07-13,td_gmb_route_fares_20260720
gmb,GMB,2001263,1,40,12.3,2026-07-13,td_gmb_route_fares_20260720
gmb,GMB,2001264,1,N40,16.5,2026-07-13,td_gmb_route_fares_20260720
gmb,GMB,2001264,2,N40,16.5,2026-07-13,td_gmb_route_fares_20260720
gmb,GMB,2001265,1,40X,12.3,2026-07-13,td_gmb_route_fares_20260720
gmb,GMB,2001265,2,40X,12.3,2026-07-13,td_gmb_route_fares_20260720
gmb,GMB,2001266,1,403,12.3,2026-05-11,td_gmb_route_fares_20260720
gmb,GMB,2001267,1,403P,12.3,2026-05-11,td_gmb_route_fares_20260720
gmb,GMB,2001268,1,403P,12.3,2026-05-11,td_gmb_route_fares_20260720
gmb,GMB,2001269,1,403P,12.3,2026-05-11,td_gmb_route_fares_20260720
gmb,GMB,2001270,1,403A,12.3,2026-05-11,td_gmb_route_fares_20260720
gmb,GMB,2001271,1,403A,12.3,2026-05-11,td_gmb_route_fares_20260720
gmb,GMB,2001272,1,403X,12.3,2026-05-11,td_gmb_route_fares_20260720
gmb,GMB,2001273,1,403X,12.3,2026-05-11,td_gmb_route_fares_20260720
gmb,GMB,2001274,1,403X,12.3,2026-05-11,td_gmb_route_fares_20260720
gmb,GMB,2001275,1,22K,3.9,2024-07-29,td_gmb_route_fares_20260720
gmb,GMB,2001275,2,22K,3.9,2024-07-29,td_gmb_route_fares_20260720
gmb,GMB,2001276,1,21K,6.9,2026-07-10,td_gmb_route_fares_20260720
gmb,GMB,2001277,1,21K,6.9,2026-05-30,td_gmb_route_fares_20260720
gmb,GMB,2001278,1,21A,5.2,2026-05-30,td_gmb_route_fares_20260720
gmb,GMB,2001278,2,21A,5.2,2026-05-30,td_gmb_route_fares_20260720
gmb,GMB,2001326,1,23K,5.7,2026-04-28,td_gmb_route_fares_20260720
gmb,GMB,2001327,1,23K,5.7,2026-04-28,td_gmb_route_fares_20260720
gmb,GMB,2001359,1,23K,5.7,2026-04-28,td_gmb_route_fares_20260720
gmb,GMB,2001360,1,23S,6.2,2026-04-28,td_gmb_route_fares_20260720
gmb,GMB,2001360,2,23S,6.2,2026-04-28,td_gmb_route_fares_20260720
gmb,GMB,2001361,1,20A,6.5,2026-05-30,td_gmb_route_fares_20260720
gmb,GMB,2001392,1,20X,6.5,2026-04-28,td_gmb_route_fares_20260720
gmb,GMB,2001392,2,20X,6.5,2026-04-28,td_gmb_route_fares_20260720
gmb,GMB,2001458,1,56A,4.2,2025-09-29,td_gmb_route_fares_20260720
gmb,GMB,2001459,1,56A,4.2,2026-04-28,td_gmb_route_fares_20260720
gmb,GMB,2001460,1,20S,5.2,2026-04-28,td_gmb_route_fares_20260720
gmb,GMB,2001461,1,20P,6.5,2026-04-28,td_gmb_route_fares_20260720
gmb,GMB,2001462,1,20P,6.5,2026-04-28,td_gmb_route_fares_20260720
gmb,GMB,2001463,1,20M,5.9,2026-04-28,td_gmb_route_fares_20260720
gmb,GMB,2001464,1,20K,7.2,2026-07-10,td_gmb_route_fares_20260720
gmb,GMB,2001464,2,20K,7.2,2026-07-10,td_gmb_route_fares_20260720
gmb,GMB,2001465,1,20K,7.2,2026-04-28,td_gmb_route_fares_20260720
gmb,GMB,2001465,2,20K,7.2,2026-04-28,td_gmb_route_fares_20260720
gmb,GMB,2001467,1,20K,7.2,2026-07-10,td_gmb_route_fares_20260720
gmb,GMB,2001467,2,20K,7.2,2026-07-10,td_gmb_route_fares_20260720
gmb,GMB,2001468,1,20B,8.3,2026-07-10,td_gmb_route_fares_20260720
gmb,GMB,2001469,1,20B,8.3,2026-07-10,td_gmb_route_fares_20260720
gmb,GMB,2001470,1,20C,8.8,2026-07-10,td_gmb_route_fares_20260720
gmb,GMB,2001470,2,20C,8.8,2026-07-10,td_gmb_route_fares_20260720
gmb,GMB,2001471,1,20C,8.8,2026-04-28,td_gmb_route_fares_20260720
gmb,GMB,2001471,2,20C,8.8,2026-04-28,td_gmb_route_fares_20260720
gmb,GMB,2001472,1,20C,8.8,2026-07-10,td_gmb_route_fares_20260720
gmb,GMB,2001472,2,20C,8.8,2026-07-10,td_gmb_route_fares_20260720
gmb,GMB,2001473,1,20E,8.8,2026-07-10,td_gmb_route_fares_20260720
gmb,GMB,2001474,1,20E,8.8,2026-07-10,td_gmb_route_fares_20260720
gmb,GMB,2001475,1,20R,11.7,2026-07-10,td_gmb_route_fares_20260720
gmb,GMB,2001475,2,20R,11.7,2026-07-10,td_gmb_route_fares_20260720
gmb,GMB,2001476,1,20T,8.3,2026-04-28,td_gmb_route_fares_20260720
gmb,GMB,2001476,2,20T,8.3,2026-04-28,td_gmb_route_fares_20260720
gmb,GMB,2001478,1,20K,7.2,2026-07-10,td_gmb_route_fares_20260720
gmb,GMB,2001524,1,56,6.8,2026-07-10,td_gmb_route_fares_20260720
gmb,GMB,2001524,2,56,6.8,2026-07-10,td_gmb_route_fares_20260720
gmb,GMB,2001557,1,80M,5.1,2026-06-09,td_gmb_route_fares_20260720
gmb,GMB,2001558,1,82,4.5,2026-06-09,td_gmb_route_fares_20260720
gmb,GMB,2001558,2,82,4.5,2026-06-09,td_gmb_route_fares_20260720
gmb,GMB,2001591,1,623,4.2,2026-06-27,td_gmb_route_fares_20260720
gmb,GMB,2001591,2,623,4.2,2026-06-27,td_gmb_route_fares_20260720
gmb,GMB,2001635,1,405,7.6,2026-05-11,td_gmb_route_fares_20260720
gmb,GMB,2001636,1,43C,5.8,2026-03-31,td_gmb_route_fares_20260720
gmb,GMB,2001636,2,43C,5.8,2026-03-31,td_gmb_route_fares_20260720
gmb,GMB,2001656,1,43S,8.5,2026-03-31,td_gmb_route_fares_20260720
gmb,GMB,2001689,1,301,4.6,2026-04-17,td_gmb_route_fares_20260720
gmb,GMB,2001690,1,43,8.5,2026-03-31,td_gmb_route_fares_20260720
gmb,GMB,2001723,1,43A,6.2,2026-03-31,td_gmb_route_fares_20260720
gmb,GMB,2001723,2,43A,6.2,2026-03-31,td_gmb_route_fares_20260720
gmb,GMB,2001740,1,43B,9.3,2026-03-31,td_gmb_route_fares_20260720
gmb,GMB,2001741,1,43,8.5,2026-03-31,td_gmb_route_fares_20260720
gmb,GMB,2001755,1,81K,5.1,2026-06-03,td_gmb_route_fares_20260720
gmb,GMB,2001788,1,413,9.2,2026-05-11,td_gmb_route_fares_20260720
gmb,GMB,2001788,2,413,9.2,2026-05-11,td_gmb_route_fares_20260720
gmb,GMB,2001821,1,806A,13.8,2026-05-28,td_gmb_route_fares_20260720
gmb,GMB,2001821,2,806A,13.8,2026-05-28,td_gmb_route_fares_20260720
gmb,GMB,2001823,1,806B,13.8,2026-07-10,td_gmb_route_fares_20260720
gmb,GMB,2001823,2,806B,13.8,2026-07-10,td_gmb_route_fares_20260720
gmb,GMB,2001825,1,806C,10.5,2026-05-13,td_gmb_route_fares_20260720
gmb,GMB,2001825,2,806C,10.5,2026-05-13,td_gmb_route_fares_20260720
gmb,GMB,2001855,1,29,9.2,2026-05-13,td_gmb_route_fares_20260720
gmb,GMB,2001855,2,29,9.2,2026-05-13,td_gmb_route_fares_20260720
gmb,GMB,2001887,1,404M,6.4,2026-05-11,td_gmb_route_fares_20260720
gmb,GMB,2001888,1,404M,6.4,2026-05-11,td_gmb_route_fares_20260720
gmb,GMB,2001889,1,301M,4.6,2026-04-17,td_gmb_route_fares_20260720
gmb,GMB,2001890,1,302,10.1,2026-04-25,td_gmb_route_fares_20260720
gmb,GMB,2001891,1,302,7.1,2026-04-25,td_gmb_route_fares_20260720
gmb,GMB,2001920,1,502,14.2,2026-05-30,td_gmb_route_fares_20260720
gmb,GMB,2001920,2,502,14.2,2026-05-30,td_gmb_route_fares_20260720
gmb,GMB,2001955,1,502,14.2,2025-11-26,td_gmb_route_fares_20260720
gmb,GMB,2001986,1,502,14.2,2025-11-26,td_gmb_route_fares_20260720
gmb,GMB,2001987,1,502,14.2,2026-05-30,td_gmb_route_fares_20260720
gmb,GMB,2002019,1,502,14.2,2025-11-26,td_gmb_route_fares_20260720
gmb,GMB,2002020,1,25,5.6,2026-04-09,td_gmb_route_fares_20260720
gmb,GMB,2002021,1,24A,5.7,2026-07-13,td_gmb_route_fares_20260720
gmb,GMB,2002052,1,24M,7.8,2026-07-13,td_gmb_route_fares_20260720
gmb,GMB,2002052,2,24M,7.8,2026-07-13,td_gmb_route_fares_20260720
gmb,GMB,2002053,1,24M,7.8,2026-07-13,td_gmb_route_fares_20260720
gmb,GMB,2002053,2,24M,7.8,2026-07-13,td_gmb_route_fares_20260720
gmb,GMB,2002085,1,18M,4.7,2026-07-13,td_gmb_route_fares_20260720
gmb,GMB,2002085,2,18M,4.7,2026-07-13,td_gmb_route_fares_20260720
gmb,GMB,2002087,1,19,6.2,2026-07-13,td_gmb_route_fares_20260720
gmb,GMB,2002087,2,19,6.2,2026-07-13,td_gmb_route_fares_20260720
gmb,GMB,2002091,1,19A,4.3,2026-07-10,td_gmb_route_fares_20260720
gmb,GMB,2002092,1,19M,5.0,2026-07-13,td_gmb_route_fares_20260720
gmb,GMB,2002092,2,19M,5.0,2026-07-13,td_gmb_route_fares_20260720
gmb,GMB,2002118,1,19S,5.0,2026-07-13,td_gmb_route_fares_20260720
gmb,GMB,2002118,2,19S,5.0,2026-07-13,td_gmb_route_fares_20260720
gmb,GMB,2002151,1,19,6.2,2026-07-10,td_gmb_route_fares_20260720
gmb,GMB,2002217,1,44M,5.0,2026-04-28,td_gmb_route_fares_20260720
gmb,GMB,2002250,1,43M,3.5,2026-04-28,td_gmb_route_fares_20260720
gmb,GMB,2002283,1,9,8.1,2026-07-13,td_gmb_route_fares_20260720
gmb,GMB,2002285,1,12,5.7,2026-06-23,td_gmb_route_fares_20260720
gmb,GMB,2002286,1,13,4.6,2026-06-23,td_gmb_route_fares_20260720
gmb,GMB,2002287,1,16A,14.5,2025-02-20,td_gmb_route_fares_20260720
gmb,GMB,2002287,2,16A,14.5,2025-02-20,td_gmb_route_fares_20260720
gmb,GMB,2002289,1,16M,14.5,2025-02-20,td_gmb_route_fares_20260720
gmb,GMB,2002289,2,16M,14.5,2025-02-20,td_gmb_route_fares_20260720
gmb,GMB,2002291,1,16X,11.0,2025-02-20,td_gmb_route_fares_20260720
gmb,GMB,2002291,2,16X,11.0,2025-02-20,td_gmb_route_fares_20260720
gmb,GMB,2002317,1,18M,8.7,2026-04-28,td_gmb_route_fares_20260720
gmb,GMB,2002317,2,18M,8.7,2026-04-28,td_gmb_route_fares_20260720
gmb,GMB,2002319,1,20,7.2,2026-04-28,td_gmb_route_fares_20260720
gmb,GMB,2002320,1,20,7.2,2026-04-17,td_gmb_route_fares_20260720
gmb,GMB,2002321,1,33,13.7,2026-02-11,td_gmb_route_fares_20260720
gmb,GMB,2002321,2,33,13.7,2026-02-11,td_gmb_route_fares_20260720
gmb,GMB,2002325,1,35,11.1,2026-02-11,td_gmb_route_fares_20260720
gmb,GMB,2002325,2,35,11.1,2026-02-11,td_gmb_route_fares_20260720
gmb,GMB,2002327,1,35,11.1,2026-04-16,td_gmb_route_fares_20260720
gmb,GMB,2002327,2,35,11.1,2026-04-16,td_gmb_route_fares_20260720
gmb,GMB,2002329,1,12,6.2,2026-06-11,td_gmb_route_fares_20260720
gmb,GMB,2002329,2,12,6.2,2026-06-11,td_gmb_route_fares_20260720
gmb,GMB,2002331,1,12A,5.7,2026-07-10,td_gmb_route_fares_20260720
gmb,GMB,2002331,2,12A,5.7,2026-07-10,td_gmb_route_fares_20260720
gmb,GMB,2002333,1,12B,5.7,2026-07-10,td_gmb_route_fares_20260720
gmb,GMB,2002333,2,12B,5.7,2026-07-10,td_gmb_route_fares_20260720
gmb,GMB,2002335,1,12B,5.0,2025-06-01,td_gmb_route_fares_20260720
gmb,GMB,2002336,1,12S,6.2,2026-07-10,td_gmb_route_fares_20260720
gmb,GMB,2002337,1,1,10.9,2026-05-18,td_gmb_route_fares_20260720
gmb,GMB,2002337,2,1,10.9,2026-05-18,td_gmb_route_fares_20260720
gmb,GMB,2002339,1,7,14.5,2026-06-30,td_gmb_route_fares_20260720
gmb,GMB,2002339,2,7,14.5,2026-06-30,td_gmb_route_fares_20260720
gmb,GMB,2002342,1,2,5.9,2025-06-09,td_gmb_route_fares_20260720
gmb,GMB,2002342,2,2,5.9,2025-06-09,td_gmb_route_fares_20260720
gmb,GMB,2002344,1,2,7.2,2025-06-09,td_gmb_route_fares_20260720
gmb,GMB,2002349,1,2,7.2,2025-02-07,td_gmb_route_fares_20260720
gmb,GMB,2002350,1,109M,4.4,2026-04-30,td_gmb_route_fares_20260720
gmb,GMB,2002350,2,109M,4.4,2026-04-30,td_gmb_route_fares_20260720
gmb,GMB,2002352,1,1S,12.7,2026-05-18,td_gmb_route_fares_20260720
gmb,GMB,2002352,2,1S,12.7,2026-05-18,td_gmb_route_fares_20260720
gmb,GMB,2002355,1,1A,10.9,2026-05-18,td_gmb_route_fares_20260720
gmb,GMB,2002355,2,1A,10.9,2026-05-18,td_gmb_route_fares_20260720
gmb,GMB,2002357,1,1A,10.9,2026-05-18,td_gmb_route_fares_20260720
gmb,GMB,2002358,1,1A,10.9,2026-05-18,td_gmb_route_fares_20260720
gmb,GMB,2002359,1,1A,10.9,2026-05-18,td_gmb_route_fares_20260720
gmb,GMB,2002382,1,34A,8.1,2026-04-28,td_gmb_route_fares_20260720
gmb,GMB,2002382,2,34A,8.1,2026-04-28,td_gmb_route_fares_20260720
gmb,GMB,2002415,1,20M,5.1,2026-04-28,td_gmb_route_fares_20260720
gmb,GMB,2002448,1,20M,5.1,2026-04-28,td_gmb_route_fares_20260720
gmb,GMB,2002547,1,9,8.4,2025-06-09,td_gmb_route_fares_20260720
gmb,GMB,2002547,2,9,8.4,2025-06-09,td_gmb_route_fares_20260720
gmb,GMB,2002548,1,9,5.2,2025-06-09,td_gmb_route_fares_20260720
gmb,GMB,2002549,1,9A,12.8,2026-06-30,td_gmb_route_fares_20260720
gmb,GMB,2002549,2,9A,12.8,2026-06-30,td_gmb_route_fares_20260720
gmb,GMB,2002580,1,58,7.5,2026-06-23,td_gmb_route_fares_20260720
gmb,GMB,2002580,2,58,7.5,2026-06-23,td_gmb_route_fares_20260720
gmb,GMB,2002582,1,58A,7.5,2026-06-23,td_gmb_route_fares_20260720
gmb,GMB,2002582,2,58A,7.5,2026-06-23,td_gmb_route_fares_20260720
gmb,GMB,2002614,1,58M,7.5,2026-06-23,td_gmb_route_fares_20260720
gmb,GMB,2002614,2,58M,7.5,2026-06-23,td_gmb_route_fares_20260720
gmb,GMB,2002646,1,58,6.4,2026-06-23,td_gmb_route_fares_20260720
gmb,GMB,2002679,1,58,7.5,2026-06-10,td_gmb_route_fares_20260720
gmb,GMB,2002712,1,59,8.5,2026-06-23,td_gmb_route_fares_20260720
gmb,GMB,2002712,2,59,8.5,2026-06-23,td_gmb_route_fares_20260720
gmb,GMB,2002714,1,59B,4.5,2026-04-17,td_gmb_route_fares_20260720
gmb,GMB,2002745,1,59X,10.1,2026-05-29,td_gmb_route_fares_20260720
gmb,GMB,2002746,1,59A,4.5,2026-04-17,td_gmb_route_fares_20260720
gmb,GMB,2002746,2,59A,4.5,2026-04-17,td_gmb_route_fares_20260720
gmb,GMB,2002748,1,59A,4.5,2026-04-11,td_gmb_route_fares_20260720
gmb,GMB,2002748,2,59A,4.5,2026-04-11,td_gmb_route_fares_20260720
gmb,GMB,2002811,1,51S,4.1,2026-04-01,td_gmb_route_fares_20260720
gmb,GMB,2002812,1,51A,3.6,2026-04-01,td_gmb_route_fares_20260720
gmb,GMB,2002813,1,51,3.6,2026-04-01,td_gmb_route_fares_20260720
gmb,GMB,2002814,1,N51S,5.2,2026-04-01,td_gmb_route_fares_20260720
gmb,GMB,2002815,1,26,7.5,2026-07-02,td_gmb_route_fares_20260720
gmb,GMB,2002815,2,26,7.5,2026-07-02,td_gmb_route_fares_20260720
gmb,GMB,2002844,1,26W,6.0,2026-07-02,td_gmb_route_fares_20260720
gmb,GMB,2002845,1,26W,6.0,2026-07-02,td_gmb_route_fares_20260720
gmb,GMB,2002846,1,26A,7.9,2026-07-02,td_gmb_route_fares_20260720
gmb,GMB,2002849,1,26H,6.0,2026-07-02,td_gmb_route_fares_20260720
gmb,GMB,2002850,1,26X,7.5,2026-07-02,td_gmb_route_fares_20260720
gmb,GMB,2002910,1,107,8.7,2026-06-29,td_gmb_route_fares_20260720
gmb,GMB,2002943,1,115,9.5,2026-06-29,td_gmb_route_fares_20260720
gmb,GMB,2002943,2,115,9.5,2026-06-29,td_gmb_route_fares_20260720
gmb,GMB,2002945,1,106,11.4,2026-07-10,td_gmb_route_fares_20260720
gmb,GMB,2002945,2,106,11.4,2026-07-10,td_gmb_route_fares_20260720
gmb,GMB,2003010,1,106,11.4,2026-06-19,td_gmb_route_fares_20260720
gmb,GMB,2003042,1,23,7.1,2026-06-10,td_gmb_route_fares_20260720
gmb,GMB,2003043,1,23M,7.1,2026-06-10,td_gmb_route_fares_20260720
gmb,GMB,2003043,2,23M,7.1,2026-06-10,td_gmb_route_fares_20260720
gmb,GMB,2003045,1,22,9.2,2026-07-13,td_gmb_route_fares_20260720
gmb,GMB,2003045,2,22,9.2,2026-07-13,td_gmb_route_fares_20260720
gmb,GMB,2003048,1,22X,9.2,2026-06-23,td_gmb_route_fares_20260720
gmb,GMB,2003048,2,22X,9.2,2026-06-23,td_gmb_route_fares_20260720
gmb,GMB,2003050,1,22S,9.2,2026-07-13,td_gmb_route_fares_20260720
gmb,GMB,2003051,1,22S,9.2,2026-07-13,td_gmb_route_fares_20260720
gmb,GMB,2003075,1,22X,9.2,2026-06-23,td_gmb_route_fares_20260720
gmb,GMB,2003108,1,27M,9.3,2026-07-10,td_gmb_route_fares_20260720
gmb,GMB,2003174,1,54,10.2,2026-05-18,td_gmb_route_fares_20260720
gmb,GMB,2003174,2,54,10.2,2026-05-18,td_gmb_route_fares_20260720
gmb,GMB,2003177,1,54M,5.5,2026-05-18,td_gmb_route_fares_20260720
gmb,GMB,2003179,1,54S,8.5,2026-07-10,td_gmb_route_fares_20260720
gmb,GMB,2003207,1,482,16.9,2025-12-25,td_gmb_route_fares_20260720
gmb,GMB,2003207,2,482,16.9,2025-12-25,td_gmb_route_fares_20260720
gmb,GMB,2003209,1,481,12.3,2026-04-02,td_gmb_route_fares_20260720
gmb,GMB,2003209,2,481,12.3,2026-04-02,td_gmb_route_fares_20260720
gmb,GMB,2003211,1,481A,12.3,2025-12-25,td_gmb_route_fares_20260720
gmb,GMB,2003211,2,481A,12.3,2025-12-25,td_gmb_route_fares_20260720
gmb,GMB,2003212,1,481X,12.3,2025-12-25,td_gmb_route_fares_20260720
gmb,GMB,2003212,2,481X,12.3,2025-12-25,td_gmb_route_fares_20260720
gmb,GMB,2003214,1,481B,12.3,2025-12-25,td_gmb_route_fares_20260720
gmb,GMB,2003214,2,481B,12.3,2025-12-25,td_gmb_route_fares_20260720
gmb,GMB,2003240,1,101M,10.9,2026-04-30,td_gmb_route_fares_20260720
gmb,GMB,2003240,2,101M,10.9,2026-04-30,td_gmb_route_fares_20260720
gmb,GMB,2003242,1,101M,10.9,2025-08-18,td_gmb_route_fares_20260720
gmb,GMB,2003243,1,101M,10.9,2026-04-30,td_gmb_route_fares_20260720
gmb,GMB,2003273,1,401,8.2,2026-05-11,td_gmb_route_fares_20260720
gmb,GMB,2003273,2,401,8.2,2026-05-11,td_gmb_route_fares_20260720
gmb,GMB,2003306,1,402S,9.9,2026-04-28,td_gmb_route_fares_20260720
gmb,GMB,2003306,2,402S,9.9,2026-04-28,td_gmb_route_fares_20260720
gmb,GMB,2003307,1,401,8.2,2026-05-11,td_gmb_route_fares_20260720
gmb,GMB,2003339,1,77M,7.6,2026-07-02,td_gmb_route_fares_20260720
gmb,GMB,2003372,1,75,5.8,2026-07-14,td_gmb_route_fares_20260720
gmb,GMB,2003373,1,75A,4.4,2026-07-14,td_gmb_route_fares_20260720
gmb,GMB,2003405,1,63,7.6,2026-06-23,td_gmb_route_fares_20260720
gmb,GMB,2003405,2,63,7.6,2026-06-23,td_gmb_route_fares_20260720
gmb,GMB,2003408,1,63A,4.8,2026-06-10,td_gmb_route_fares_20260720
gmb,GMB,2003438,1,78,8.3,2026-07-10,td_gmb_route_fares_20260720
gmb,GMB,2003471,1,78A,8.3,2026-07-10,td_gmb_route_fares_20260720
gmb,GMB,2003472,1,30,5.6,2026-04-28,td_gmb_route_fares_20260720
gmb,GMB,2003472,2,30,5.6,2026-04-28,td_gmb_route_fares_20260720
gmb,GMB,2003504,1,37A,5.1,2026-07-13,td_gmb_route_fares_20260720
gmb,GMB,2003504,2,37A,5.1,2026-07-13,td_gmb_route_fares_20260720
gmb,GMB,2003505,1,37M,5.1,2026-07-13,td_gmb_route_fares_20260720
gmb,GMB,2003537,1,5M,6.2,2026-07-13,td_gmb_route_fares_20260720
gmb,GMB,2003538,1,5M,6.2,2026-07-13,td_gmb_route_fares_20260720
gmb,GMB,2003570,1,5M,6.2,2026-07-13,td_gmb_route_fares_20260720
gmb,GMB,2003571,1,13,8.8,2026-07-02,td_gmb_route_fares_20260720
gmb,GMB,2003571,2,13,8.8,2026-07-02,td_gmb_route_fares_20260720
gmb,GMB,2003603,1,13M,5.2,2026-03-26,td_gmb_route_fares_20260720
gmb,GMB,2003604,1,13A,4.8,2026-05-18,td_gmb_route_fares_20260720
gmb,GMB,2003604,2,13A,4.8,2026-05-18,td_gmb_route_fares_20260720
gmb,GMB,2003606,1,13A,4.8,2025-06-01,td_gmb_route_fares_20260720
gmb,GMB,2003606,2,13A,4.8,2025-06-01,td_gmb_route_fares_20260720
gmb,GMB,2003636,1,54,9.5,2026-06-23,td_gmb_route_fares_20260720
gmb,GMB,2003637,1,54,9.5,2026-06-23,td_gmb_route_fares_20260720
gmb,GMB,2003669,1,60K,6.1,2026-07-10,td_gmb_route_fares_20260720
gmb,GMB,2003669,2,60K,6.1,2026-07-10,td_gmb_route_fares_20260720
gmb,GMB,2003671,1,60P,6.1,2026-04-28,td_gmb_route_fares_20260720
gmb,GMB,2003671,2,60P,6.1,2026-04-28,td_gmb_route_fares_20260720
gmb,GMB,2003673,1,60R,6.1,2024-06-18,td_gmb_route_fares_20260720
gmb,GMB,2003673,2,60R,6.1,2024-06-18,td_gmb_route_fares_20260720
gmb,GMB,2003675,1,61M,10.5,2026-04-28,td_gmb_route_fares_20260720
gmb,GMB,2003675,2,61M,10.5,2026-04-28,td_gmb_route_fares_20260720
gmb,GMB,2003677,1,61M,5.0,2025-12-25,td_gmb_route_fares_20260720
gmb,GMB,2003677,2,61M,5.0,2025-12-25,td_gmb_route_fares_20260720
gmb,GMB,2003679,1,62K,6.1,2026-07-10,td_gmb_route_fares_20260720
gmb,GMB,2003679,2,62K,6.1,2026-07-10,td_gmb_route_fares_20260720
gmb,GMB,2003681,1,61S,18.8,2026-07-10,td_gmb_route_fares_20260720
gmb,GMB,2003681,2,61S,18.8,2026-07-10,td_gmb_route_fares_20260720
gmb,GMB,2003683,1,61S,15.3,2026-07-10,td_gmb_route_fares_20260720
gmb,GMB,2003683,2,61S,15.3,2026-07-10,td_gmb_route_fares_20260720
gmb,GMB,2003685,1,54M,7.1,2026-06-23,td_gmb_route_fares_20260720
gmb,GMB,2003685,2,54M,7.1,2026-06-23,td_gmb_route_fares_20260720
gmb,GMB,2003702,1,78,9.7,2026-06-27,td_gmb_route_fares_20260720
gmb,GMB,2003702,2,78,9.7,2026-06-27,td_gmb_route_fares_20260720
gmb,GMB,2003704,1,78A,6.7,2026-06-27,td_gmb_route_fares_20260720
gmb,GMB,2003704,2,78A,6.7,2026-06-27,td_gmb_route_fares_20260720
gmb,GMB,2003735,1,54S,7.1,2026-06-23,td_gmb_route_fares_20260720
gmb,GMB,2003768,1,54S,7.1,2026-06-23,td_gmb_route_fares_20260720
gmb,GMB,2003771,1,55,9.1,2026-06-23,td_gmb_route_fares_20260720
gmb,GMB,2003801,1,102,10.8,2026-06-09,td_gmb_route_fares_20260720
gmb,GMB,2003801,2,102,10.8,2026-06-09,td_gmb_route_fares_20260720
gmb,GMB,2003834,1,102,10.8,2025-06-14,td_gmb_route_fares_20260720
gmb,GMB,2003835,1,102B,10.8,2026-06-09,td_gmb_route_fares_20260720
gmb,GMB,2003867,1,111,10.8,2026-07-10,td_gmb_route_fares_20260720
gmb,GMB,2003867,2,111,10.8,2026-07-10,td_gmb_route_fares_20260720
gmb,GMB,2003900,1,102S,12.9,2026-06-09,td_gmb_route_fares_20260720
gmb,GMB,2003900,2,102S,12.9,2026-06-09,td_gmb_route_fares_20260720
gmb,GMB,2003902,1,48M,4.4,2025-05-07,td_gmb_route_fares_20260720
gmb,GMB,2003902,2,48M,4.4,2025-05-07,td_gmb_route_fares_20260720
gmb,GMB,2003903,1,60K,8.4,2026-07-10,td_gmb_route_fares_20260720
gmb,GMB,2003903,2,60K,8.4,2026-07-10,td_gmb_route_fares_20260720
gmb,GMB,2003966,1,44,18.1,2026-04-08,td_gmb_route_fares_20260720
gmb,GMB,2003966,2,44,18.1,2026-04-08,td_gmb_route_fares_20260720
gmb,GMB,2003999,1,44A,18.1,2026-07-10,td_gmb_route_fares_20260720
gmb,GMB,2003999,2,44A,18.1,2026-07-10,td_gmb_route_fares_20260720
gmb,GMB,2004001,1,44A,18.1,2026-03-31,td_gmb_route_fares_20260720
gmb,GMB,2004032,1,45,3.9,2026-03-31,td_gmb_route_fares_20260720
gmb,GMB,2004033,1,49S,28.6,2026-06-03,td_gmb_route_fares_20260720
gmb,GMB,2004033,2,49S,28.6,2026-06-03,td_gmb_route_fares_20260720
gmb,GMB,2004036,1,44A1,18.1,2026-03-31,td_gmb_route_fares_20260720
gmb,GMB,2004067,1,25K,7.1,2026-05-30,td_gmb_route_fares_20260720
gmb,GMB,2004067,2,25K,7.1,2026-05-30,td_gmb_route_fares_20260720
gmb,GMB,2004068,1,47M,4.4,2026-04-28,td_gmb_route_fares_20260720
gmb,GMB,2004070,1,25A,7.1,2026-05-30,td_gmb_route_fares_20260720
gmb,GMB,2004071,1,47M,4.4,2026-04-28,td_gmb_route_fares_20260720
gmb,GMB,2004072,1,47M,4.4,2025-05-07,td_gmb_route_fares_20260720
gmb,GMB,2004074,1,47S,4.4,2026-04-28,td_gmb_route_fares_20260720
gmb,GMB,2004075,1,25A,7.1,2026-05-30,td_gmb_route_fares_20260720
gmb,GMB,2004076,1,47E,8.8,2026-04-28,td_gmb_route_fares_20260720
gmb,GMB,2004077,1,5M,4.9,2026-07-01,td_gmb_route_fares_20260720
gmb,GMB,2004077,2,5M,4.9,2026-07-01,td_gmb_route_fares_20260720
gmb,GMB,2004078,1,25B,7.7,2026-05-13,td_gmb_route_fares_20260720
gmb,GMB,2004080,1,25B,7.7,2026-05-13,td_gmb_route_fares_20260720
gmb,GMB,2004081,1,5,11.0,2026-04-17,td_gmb_route_fares_20260720
gmb,GMB,2004081,2,5,11.0,2026-04-17,td_gmb_route_fares_20260720
gmb,GMB,2004082,1,25B,7.7,2026-05-13,td_gmb_route_fares_20260720
gmb,GMB,2004083,1,25B,7.7,2026-05-13,td_gmb_route_fares_20260720
gmb,GMB,2004084,1,61,25.0,2026-07-13,td_gmb_route_fares_20260720
gmb,GMB,2004084,2,61,25.0,2026-07-13,td_gmb_route_fares_20260720
gmb,GMB,2004085,1,8,11.1,2026-07-13,td_gmb_route_fares_20260720
gmb,GMB,2004086,1,N4A,11.7,2026-04-17,td_gmb_route_fares_20260720
gmb,GMB,2004087,1,8X,11.1,2026-06-18,td_gmb_route_fares_20260720
gmb,GMB,2004087,2,8X,11.1,2026-06-18,td_gmb_route_fares_20260720
gmb,GMB,2004088,1,47E,8.8,2026-04-28,td_gmb_route_fares_20260720
gmb,GMB,2004089,1,N4C,11.7,2026-04-17,td_gmb_route_fares_20260720
gmb,GMB,2004089,2,N4C,11.7,2026-04-17,td_gmb_route_fares_20260720
gmb,GMB,2004090,1,62,4.3,2026-04-28,td_gmb_route_fares_20260720
gmb,GMB,2004091,1,62A,4.3,2026-04-28,td_gmb_route_fares_20260720
gmb,GMB,2004091,2,62A,4.3,2026-04-28,td_gmb_route_fares_20260720
gmb,GMB,2004092,1,35M,10.2,2026-07-13,td_gmb_route_fares_20260720
gmb,GMB,2004092,2,35M,10.2,2026-07-13,td_gmb_route_fares_20260720
gmb,GMB,2004093,1,N4X,11.7,2026-04-17,td_gmb_route_fares_20260720
gmb,GMB,2004095,1,4A,10.2,2026-04-17,td_gmb_route_fares_20260720
gmb,GMB,2004095,2,4A,10.2,2026-04-17,td_gmb_route_fares_20260720
gmb,GMB,2004096,1,4B,10.2,2026-04-17,td_gmb_route_fares_20260720
gmb,GMB,2004097,1,4C,10.2,2026-04-17,td_gmb_route_fares_20260720
gmb,GMB,2004097,2,4C,10.2,2026-04-17,td_gmb_route_fares_20260720
gmb,GMB,2004098,1,4M,4.9,2026-04-11,td_gmb_route_fares_20260720
gmb,GMB,2004098,2,4M,4.9,2026-04-11,td_gmb_route_fares_20260720
gmb,GMB,2004099,1,4S,3.3,2026-04-11,td_gmb_route_fares_20260720
gmb,GMB,2004100,1,4M,4.9,2026-04-11,td_gmb_route_fares_20260720
gmb,GMB,2004100,2,4M,4.9,2026-04-11,td_gmb_route_fares_20260720
gmb,GMB,2004131,1,4M,4.9,2026-04-11,td_gmb_route_fares_20260720
gmb,GMB,2004164,1,44B,15.7,2026-03-31,td_gmb_route_fares_20260720
gmb,GMB,2004164,2,44B,15.7,2026-03-31,td_gmb_route_fares_20260720
gmb,GMB,2004165,1,N44B,15.7,2026-06-30,td_gmb_route_fares_20260720
gmb,GMB,2004165,2,N44B,15.7,2026-06-30,td_gmb_route_fares_20260720
gmb,GMB,2004197,1,44B1,15.7,2026-03-31,td_gmb_route_fares_20260720
gmb,GMB,2004197,2,44B1,15.7,2026-03-31,td_gmb_route_fares_20260720
gmb,GMB,2004263,1,312,8.0,2026-04-25,td_gmb_route_fares_20260720
gmb,GMB,2004263,2,312,8.0,2026-04-25,td_gmb_route_fares_20260720
gmb,GMB,2004296,1,313,9.9,2026-05-11,td_gmb_route_fares_20260720
gmb,GMB,2004296,2,313,9.9,2026-05-11,td_gmb_route_fares_20260720
gmb,GMB,2004329,1,94,7.2,2026-05-11,td_gmb_route_fares_20260720
gmb,GMB,2004329,2,94,7.2,2026-05-11,td_gmb_route_fares_20260720
gmb,GMB,2004330,1,94S,7.5,2026-04-25,td_gmb_route_fares_20260720
gmb,GMB,2004330,2,94S,7.5,2026-04-25,td_gmb_route_fares_20260720
gmb,GMB,2004331,1,94A,7.2,2026-05-11,td_gmb_route_fares_20260720
gmb,GMB,2004331,2,94A,7.2,2026-05-11,td_gmb_route_fares_20260720
gmb,GMB,2004362,1,9M,4.6,2026-07-10,td_gmb_route_fares_20260720
gmb,GMB,2004395,1,62S,14.3,2026-07-10,td_gmb_route_fares_20260720
gmb,GMB,2004395,2,62S,14.3,2026-07-10,td_gmb_route_fares_20260720
gmb,GMB,2004396,1,63,5.9,2026-06-29,td_gmb_route_fares_20260720
gmb,GMB,2004397,1,59,4.5,2025-06-01,td_gmb_route_fares_20260720
gmb,GMB,2004398,1,59M,3.5,2023-07-31,td_gmb_route_fares_20260720
gmb,GMB,2004428,1,88,5.5,2026-07-10,td_gmb_route_fares_20260720
gmb,GMB,2004461,1,503,7.9,2026-07-10,td_gmb_route_fares_20260720
gmb,GMB,2004461,2,503,7.9,2026-07-10,td_gmb_route_fares_20260720
gmb,GMB,2004462,1,504,4.8,2025-06-01,td_gmb_route_fares_20260720
gmb,GMB,2004462,2,504,4.8,2025-06-01,td_gmb_route_fares_20260720
gmb,GMB,2004463,1,57M,4.9,2026-05-28,td_gmb_route_fares_20260720
gmb,GMB,2004463,2,57M,4.9,2026-05-28,td_gmb_route_fares_20260720
gmb,GMB,2004527,1,26,7.5,2025-06-01,td_gmb_route_fares_20260720
gmb,GMB,2004593,1,44M,7.0,2026-04-11,td_gmb_route_fares_20260720
gmb,GMB,2004593,2,44M,7.0,2026-04-11,td_gmb_route_fares_20260720
gmb,GMB,2004594,1,310M,5.6,2026-04-28,td_gmb_route_fares_20260720
gmb,GMB,2004595,1,44M,7.0,2026-04-28,td_gmb_route_fares_20260720
gmb,GMB,2004598,1,140M,15.4,2026-04-25,td_gmb_route_fares_20260720
gmb,GMB,2004598,2,140M,15.4,2026-04-25,td_gmb_route_fares_20260720
gmb,GMB,2004599,1,44A,4.7,2026-06-03,td_gmb_route_fares_20260720
gmb,GMB,2004599,2,44A,4.7,2026-06-03,td_gmb_route_fares_20260720
gmb,GMB,2004626,1,44A,4.7,2026-06-03,td_gmb_route_fares_20260720
gmb,GMB,2004627,1,44S,6.0,2026-06-03,td_gmb_route_fares_20260720
gmb,GMB,2004629,1,16,3.8,2025-01-30,td_gmb_route_fares_20260720
gmb,GMB,2004630,1,16A,4.3,2025-01-30,td_gmb_route_fares_20260720
gmb,GMB,2004631,1,16S,4.3,2024-11-16,td_gmb_route_fares_20260720
gmb,GMB,2004632,1,16B,4.3,2026-04-28,td_gmb_route_fares_20260720
gmb,GMB,2004632,2,16B,4.3,2026-04-28,td_gmb_route_fares_20260720
gmb,GMB,2004659,1,38M,4.8,2026-07-13,td_gmb_route_fares_20260720
gmb,GMB,2004659,2,38M,4.8,2026-07-13,td_gmb_route_fares_20260720
gmb,GMB,2004660,1,39M,4.8,2026-07-10,td_gmb_route_fares_20260720
gmb,GMB,2004661,1,39M,4.8,2026-07-10,td_gmb_route_fares_20260720
gmb,GMB,2004692,1,809K,6.1,2026-04-28,td_gmb_route_fares_20260720
gmb,GMB,2004725,1,79K,6.1,2026-06-29,td_gmb_route_fares_20260720
gmb,GMB,2004758,1,808,8.7,2026-05-28,td_gmb_route_fares_20260720
gmb,GMB,2004758,2,808,8.7,2026-05-28,td_gmb_route_fares_20260720
gmb,GMB,2004759,1,79M,4.7,2026-07-10,td_gmb_route_fares_20260720
gmb,GMB,2004759,2,79M,4.7,2026-07-10,td_gmb_route_fares_20260720
gmb,GMB,2004760,1,79S,4.7,2026-07-10,td_gmb_route_fares_20260720
gmb,GMB,2004761,1,808P,8.7,2026-05-28,td_gmb_route_fares_20260720
gmb,GMB,2004761,2,808P,8.7,2026-05-28,td_gmb_route_fares_20260720
gmb,GMB,2004762,1,616S,28.5,2026-06-30,td_gmb_route_fares_20260720
gmb,GMB,2004762,2,616S,28.5,2026-06-30,td_gmb_route_fares_20260720
gmb,GMB,2004763,1,12,8.4,2026-06-19,td_gmb_route_fares_20260720
gmb,GMB,2004764,1,12,13.4,2026-06-19,td_gmb_route_fares_20260720
gmb,GMB,2004764,2,12,13.4,2026-06-19,td_gmb_route_fares_20260720
gmb,GMB,2004791,1,11,8.8,2026-05-18,td_gmb_route_fares_20260720
gmb,GMB,2004791,2,11,8.8,2026-05-18,td_gmb_route_fares_20260720
gmb,GMB,2004824,1,11A,4.0,2025-08-18,td_gmb_route_fares_20260720
gmb,GMB,2004824,2,11A,4.0,2025-08-18,td_gmb_route_fares_20260720
gmb,GMB,2004825,1,11M,6.5,2026-04-30,td_gmb_route_fares_20260720
gmb,GMB,2004825,2,11M,6.5,2026-04-30,td_gmb_route_fares_20260720
gmb,GMB,2004826,1,11S,10.7,2026-05-18,td_gmb_route_fares_20260720
gmb,GMB,2004826,2,11S,10.7,2026-05-18,td_gmb_route_fares_20260720
gmb,GMB,2004827,1,11B,8.8,2026-05-18,td_gmb_route_fares_20260720
gmb,GMB,2004827,2,11B,8.8,2026-05-18,td_gmb_route_fares_20260720
gmb,GMB,2004828,1,11B,8.8,2026-05-18,td_gmb_route_fares_20260720
gmb,GMB,2004857,1,59,4.5,2025-06-01,td_gmb_route_fares_20260720
gmb,GMB,2004891,1,808,4.3,2025-08-14,td_gmb_route_fares_20260720
gmb,GMB,2004891,2,808,4.3,2025-08-14,td_gmb_route_fares_20260720
gmb,GMB,2004892,1,808,6.6,2026-05-28,td_gmb_route_fares_20260720
gmb,GMB,2004893,1,808,6.6,2026-05-28,td_gmb_route_fares_20260720
gmb,GMB,2004923,1,41,7.0,2026-03-31,td_gmb_route_fares_20260720
gmb,GMB,2004923,2,41,7.0,2026-03-31,td_gmb_route_fares_20260720
gmb,GMB,2004956,1,40,7.3,2026-03-31,td_gmb_route_fares_20260720
gmb,GMB,2004989,1,20,6.1,2026-07-13,td_gmb_route_fares_20260720
gmb,GMB,2004990,1,20M,4.5,2026-07-10,td_gmb_route_fares_20260720
gmb,GMB,2004990,2,20M,4.5,2026-07-10,td_gmb_route_fares_20260720
gmb,GMB,2005022,1,44M,7.0,2026-04-28,td_gmb_route_fares_20260720
gmb,GMB,2005055,1,97A,8.7,2026-05-11,td_gmb_route_fares_20260720
gmb,GMB,2005055,2,97A,8.7,2026-05-11,td_gmb_route_fares_20260720
gmb,GMB,2005056,1,410,11.0,2026-05-11,td_gmb_route_fares_20260720
gmb,GMB,2005056,2,410,11.0,2026-05-11,td_gmb_route_fares_20260720
gmb,GMB,2005088,1,88,5.7,2026-04-25,td_gmb_route_fares_20260720
gmb,GMB,2005088,2,88,5.7,2026-04-25,td_gmb_route_fares_20260720
gmb,GMB,2005121,1,88B,5.7,2025-06-01,td_gmb_route_fares_20260720
gmb,GMB,2005121,2,88B,5.7,2025-06-01,td_gmb_route_fares_20260720
gmb,GMB,2005122,1,114A,5.0,2026-04-28,td_gmb_route_fares_20260720
gmb,GMB,2005155,1,114A,5.0,2026-04-30,td_gmb_route_fares_20260720
gmb,GMB,2005187,1,114B,5.0,2026-04-28,td_gmb_route_fares_20260720
gmb,GMB,2005220,1,52,10.1,2026-04-17,td_gmb_route_fares_20260720
gmb,GMB,2005220,2,52,10.1,2026-04-17,td_gmb_route_fares_20260720
gmb,GMB,2005221,1,20X,6.5,2026-04-28,td_gmb_route_fares_20260720
gmb,GMB,2005222,1,26A,7.0,2026-05-13,td_gmb_route_fares_20260720
gmb,GMB,2005253,1,26,15.0,2026-05-13,td_gmb_route_fares_20260720
gmb,GMB,2005253,2,26,15.0,2026-05-13,td_gmb_route_fares_20260720
gmb,GMB,2005254,1,26,15.0,2026-07-10,td_gmb_route_fares_20260720
gmb,GMB,2005286,1,52,10.1,2026-04-11,td_gmb_route_fares_20260720
gmb,GMB,2005287,1,52,10.1,2026-04-11,td_gmb_route_fares_20260720
gmb,GMB,2005288,1,52,10.1,2026-04-11,td_gmb_route_fares_20260720
gmb,GMB,2005289,1,37,6.4,2026-04-17,td_gmb_route_fares_20260720
gmb,GMB,2005290,1,36X,10.9,2026-04-11,td_gmb_route_fares_20260720
gmb,GMB,2005290,2,36X,10.9,2026-04-11,td_gmb_route_fares_20260720
gmb,GMB,2005291,1,45A,6.3,2026-07-13,td_gmb_route_fares_20260720
gmb,GMB,2005292,1,45S,6.3,2026-07-13,td_gmb_route_fares_20260720
gmb,GMB,2005293,1,66,7.2,2026-04-15,td_gmb_route_fares_20260720
gmb,GMB,2005294,1,66A,7.2,2026-04-11,td_gmb_route_fares_20260720
gmb,GMB,2005295,1,68,5.7,2026-07-13,td_gmb_route_fares_20260720
gmb,GMB,2005319,1,86,7.1,2026-04-21,td_gmb_route_fares_20260720
gmb,GMB,2005322,1,50A,7.0,2026-07-10,td_gmb_route_fares_20260720
gmb,GMB,2005322,2,50A,7.0,2026-07-10,td_gmb_route_fares_20260720
gmb,GMB,2005323,1,50K,7.0,2026-07-10,td_gmb_route_fares_20260720
gmb,GMB,2005323,2,50K,7.0,2026-07-10,td_gmb_route_fares_20260720
gmb,GMB,2005325,1,51K,7.4,2026-07-10,td_gmb_route_fares_20260720
gmb,GMB,2005325,2,51K,7.4,2026-07-10,td_gmb_route_fares_20260720
gmb,GMB,2005326,1,812,5.9,2026-05-28,td_gmb_route_fares_20260720
gmb,GMB,2005326,2,812,5.9,2026-05-28,td_gmb_route_fares_20260720
gmb,GMB,2005327,1,51K,8.5,2026-07-10,td_gmb_route_fares_20260720
gmb,GMB,2005328,1,812,5.9,2026-05-28,td_gmb_route_fares_20260720
gmb,GMB,2005329,1,812A,4.1,2026-04-17,td_gmb_route_fares_20260720
gmb,GMB,2005330,1,812A,4.1,2026-04-17,td_gmb_route_fares_20260720
gmb,GMB,2005331,1,51B,9.5,2026-07-10,td_gmb_route_fares_20260720
gmb,GMB,2005331,2,51B,9.5,2026-07-10,td_gmb_route_fares_20260720
gmb,GMB,2005332,1,813,5.9,2026-05-28,td_gmb_route_fares_20260720
gmb,GMB,2005332,2,813,5.9,2026-05-28,td_gmb_route_fares_20260720
gmb,GMB,2005333,1,51B,8.3,2025-06-01,td_gmb_route_fares_20260720
gmb,GMB,2005334,1,813A,5.9,2026-05-28,td_gmb_route_fares_20260720
gmb,GMB,2005451,1,101M,10.9,2026-04-30,td_gmb_route_fares_20260720
gmb,GMB,2005452,1,101M,10.9,2026-04-30,td_gmb_route_fares_20260720
gmb,GMB,2005453,1,101M,10.9,2026-04-30,td_gmb_route_fares_20260720
gmb,GMB,2005484,1,20B,8.3,2026-05-30,td_gmb_route_fares_20260720
gmb,GMB,2005517,1,81,6.4,2026-04-28,td_gmb_route_fares_20260720
gmb,GMB,2005517,2,81,6.4,2026-04-28,td_gmb_route_fares_20260720
gmb,GMB,2005550,1,81,6.4,2026-04-28,td_gmb_route_fares_20260720
gmb,GMB,2005550,2,81,6.4,2026-04-28,td_gmb_route_fares_20260720
gmb,GMB,2005551,1,81M,4.4,2026-04-28,td_gmb_route_fares_20260720
gmb,GMB,2005551,2,81M,4.4,2026-04-28,td_gmb_route_fares_20260720
gmb,GMB,2005583,1,82,6.4,2026-04-28,td_gmb_route_fares_20260720
gmb,GMB,2005583,2,82,6.4,2026-04-28,td_gmb_route_fares_20260720
gmb,GMB,2005616,1,82M,5.0,2026-04-28,td_gmb_route_fares_20260720
gmb,GMB,2005616,2,82M,5.0,2026-04-28,td_gmb_route_fares_20260720
gmb,GMB,2005649,1,90P,6.0,2026-05-11,td_gmb_route_fares_20260720
gmb,GMB,2005649,2,90P,6.0,2026-05-11,td_gmb_route_fares_20260720
gmb,GMB,2005650,1,90A,6.0,2026-06-03,td_gmb_route_fares_20260720
gmb,GMB,2005650,2,90A,6.0,2026-06-03,td_gmb_route_fares_20260720
gmb,GMB,2005651,1,91A,6.8,2026-05-11,td_gmb_route_fares_20260720
gmb,GMB,2005651,2,91A,6.8,2026-05-11,td_gmb_route_fares_20260720
gmb,GMB,2005682,1,91A,6.8,2026-05-11,td_gmb_route_fares_20260720
gmb,GMB,2005682,2,91A,6.8,2026-05-11,td_gmb_route_fares_20260720
gmb,GMB,2005683,1,91,7.5,2026-05-11,td_gmb_route_fares_20260720
gmb,GMB,2005683,2,91,7.5,2026-05-11,td_gmb_route_fares_20260720
gmb,GMB,2005684,1,33M,4.3,2026-07-13,td_gmb_route_fares_20260720
gmb,GMB,2005685,1,33,6.1,2026-07-13,td_gmb_route_fares_20260720
gmb,GMB,2005685,2,33,6.1,2026-07-13,td_gmb_route_fares_20260720
gmb,GMB,2005686,1,41M,5.4,2026-04-28,td_gmb_route_fares_20260720
gmb,GMB,2005687,1,41A,5.4,2026-04-28,td_gmb_route_fares_20260720
gmb,GMB,2005688,1,32A,4.3,2026-07-13,td_gmb_route_fares_20260720
gmb,GMB,2005689,1,32,6.1,2026-07-13,td_gmb_route_fares_20260720
gmb,GMB,2005689,2,32,6.1,2026-07-13,td_gmb_route_fares_20260720
gmb,GMB,2005690,1,42,7.6,2026-03-31,td_gmb_route_fares_20260720
gmb,GMB,2005690,2,42,7.6,2026-03-31,td_gmb_route_fares_20260720
gmb,GMB,2005715,1,46,5.4,2026-03-31,td_gmb_route_fares_20260720
gmb,GMB,2005748,1,46X,5.4,2026-03-31,td_gmb_route_fares_20260720
gmb,GMB,2005749,1,46A,5.4,2026-03-31,td_gmb_route_fares_20260720
gmb,GMB,2005782,1,22A,6.6,2026-07-01,td_gmb_route_fares_20260720
gmb,GMB,2005783,1,22A,6.6,2026-07-01,td_gmb_route_fares_20260720
gmb,GMB,2005814,1,35,4.8,2026-06-29,td_gmb_route_fares_20260720
gmb,GMB,2005814,2,35,4.8,2026-06-29,td_gmb_route_fares_20260720
gmb,GMB,2005847,1,411,10.3,2026-04-17,td_gmb_route_fares_20260720
gmb,GMB,2005880,1,72,7.5,2026-07-10,td_gmb_route_fares_20260720
gmb,GMB,2005880,2,72,7.5,2026-07-10,td_gmb_route_fares_20260720
gmb,GMB,2005913,1,36A,4.4,2025-10-01,td_gmb_route_fares_20260720
gmb,GMB,2005914,1,36A,4.4,2025-10-01,td_gmb_route_fares_20260720
gmb,GMB,2005946,1,34M,4.4,2025-05-19,td_gmb_route_fares_20260720
gmb,GMB,2005947,1,34S,4.4,2026-06-06,td_gmb_route_fares_20260720
gmb,GMB,2005949,1,34S,4.4,2026-06-06,td_gmb_route_fares_20260720
gmb,GMB,2005979,1,88D,5.8,2026-04-28,td_gmb_route_fares_20260720
gmb,GMB,2005979,2,88D,5.8,2026-04-28,td_gmb_route_fares_20260720
gmb,GMB,2006012,1,60,6.1,2026-06-29,td_gmb_route_fares_20260720
gmb,GMB,2006045,1,25A,6.9,2026-04-28,td_gmb_route_fares_20260720
gmb,GMB,2006045,2,25A,6.9,2026-04-28,td_gmb_route_fares_20260720
gmb,GMB,2006078,1,25B,7.9,2026-07-10,td_gmb_route_fares_20260720
gmb,GMB,2006078,2,25B,7.9,2026-07-10,td_gmb_route_fares_20260720
gmb,GMB,2006079,1,25M,6.9,2026-07-10,td_gmb_route_fares_20260720
gmb,GMB,2006079,2,25M,6.9,2026-07-10,td_gmb_route_fares_20260720
gmb,GMB,2006111,1,25M,6.9,2026-04-28,td_gmb_route_fares_20260720
gmb,GMB,2006112,1,25MS,5.6,2026-04-28,td_gmb_route_fares_20260720
gmb,GMB,2006244,1,64A,4.1,2025-06-01,td_gmb_route_fares_20260720
gmb,GMB,2006276,1,3,7.5,2026-07-10,td_gmb_route_fares_20260720
gmb,GMB,2006276,2,3,7.5,2026-07-10,td_gmb_route_fares_20260720
gmb,GMB,2006277,1,59K,9.9,2025-12-09,td_gmb_route_fares_20260720
gmb,GMB,2006277,2,59K,9.9,2025-12-09,td_gmb_route_fares_20260720
gmb,GMB,2006279,1,59K,9.1,2025-12-09,td_gmb_route_fares_20260720
gmb,GMB,2006279,2,59K,9.1,2025-12-09,td_gmb_route_fares_20260720
gmb,GMB,2006281,1,59K,9.1,2025-12-09,td_gmb_route_fares_20260720
gmb,GMB,2006281,2,59K,9.1,2025-12-09,td_gmb_route_fares_20260720
gmb,GMB,2006283,1,3,7.5,2026-07-10,td_gmb_route_fares_20260720
gmb,GMB,2006309,1,8,8.0,2026-07-02,td_gmb_route_fares_20260720
gmb,GMB,2006309,2,8,8.0,2026-07-02,td_gmb_route_fares_20260720
gmb,GMB,2006312,1,8,8.0,2026-07-02,td_gmb_route_fares_20260720
gmb,GMB,2006312,2,8,8.0,2026-07-02,td_gmb_route_fares_20260720
gmb,GMB,2006314,1,8,8.0,2026-07-02,td_gmb_route_fares_20260720
gmb,GMB,2006315,1,8S,8.0,2026-07-02,td_gmb_route_fares_20260720
gmb,GMB,2006315,2,8S,8.0,2026-07-02,td_gmb_route_fares_20260720
gmb,GMB,2006317,1,8S,8.0,2026-07-02,td_gmb_route_fares_20260720
gmb,GMB,2006318,1,8M,5.5,2026-04-17,td_gmb_route_fares_20260720
gmb,GMB,2006318,2,8M,5.5,2026-04-17,td_gmb_route_fares_20260720
gmb,GMB,2006342,1,52A,4.2,2025-09-29,td_gmb_route_fares_20260720
gmb,GMB,2006342,2,52A,4.2,2025-09-29,td_gmb_route_fares_20260720
gmb,GMB,2006343,1,52A,4.2,2025-09-29,td_gmb_route_fares_20260720
gmb,GMB,2006375,1,52K,7.1,2025-09-29,td_gmb_route_fares_20260720
gmb,GMB,2006375,2,52K,7.1,2025-09-29,td_gmb_route_fares_20260720
gmb,GMB,2006408,1,1,11.8,2026-07-13,td_gmb_route_fares_20260720
gmb,GMB,2006408,2,1,11.8,2026-07-13,td_gmb_route_fares_20260720
gmb,GMB,2006441,1,1A,5.7,2026-07-13,td_gmb_route_fares_20260720
gmb,GMB,2006474,1,2,7.5,2026-07-13,td_gmb_route_fares_20260720
gmb,GMB,2006475,1,2,7.5,2026-07-13,td_gmb_route_fares_20260720
gmb,GMB,2006476,1,28,11.5,2026-07-13,td_gmb_route_fares_20260720
gmb,GMB,2006476,2,28,11.5,2026-07-13,td_gmb_route_fares_20260720
gmb,GMB,2006507,1,28,11.5,2026-07-13,td_gmb_route_fares_20260720
gmb,GMB,2006508,1,28S,11.5,2026-07-13,td_gmb_route_fares_20260720
gmb,GMB,2006509,1,28M,8.5,2026-06-18,td_gmb_route_fares_20260720
gmb,GMB,2006510,1,3,7.6,2026-07-13,td_gmb_route_fares_20260720
gmb,GMB,2006510,2,3,7.6,2026-07-13,td_gmb_route_fares_20260720
gmb,GMB,2006511,1,3,7.6,2026-07-13,td_gmb_route_fares_20260720
gmb,GMB,2006540,1,3A,7.6,2026-07-13,td_gmb_route_fares_20260720
gmb,GMB,2006540,2,3A,7.6,2026-07-13,td_gmb_route_fares_20260720
gmb,GMB,2006541,1,3A,7.6,2026-07-13,td_gmb_route_fares_20260720
gmb,GMB,2006542,1,52K,8.0,2026-04-28,td_gmb_route_fares_20260720
gmb,GMB,2006542,2,52K,8.0,2026-04-28,td_gmb_route_fares_20260720
gmb,GMB,2006543,1,52K,6.7,2026-04-28,td_gmb_route_fares_20260720
gmb,GMB,2006543,2,52K,6.7,2026-04-28,td_gmb_route_fares_20260720
gmb,GMB,2006573,1,52B,7.1,2026-04-28,td_gmb_route_fares_20260720
gmb,GMB,2006573,2,52B,7.1,2026-04-28,td_gmb_route_fares_20260720
gmb,GMB,2006574,1,31,5.9,2026-02-11,td_gmb_route_fares_20260720
gmb,GMB,2006575,1,31,5.9,2026-02-11,td_gmb_route_fares_20260720
gmb,GMB,2006576,1,31A,5.9,2026-02-11,td_gmb_route_fares_20260720
gmb,GMB,2006577,1,32,6.4,2026-02-11,td_gmb_route_fares_20260720
gmb,GMB,2006577,2,32,6.4,2026-02-11,td_gmb_route_fares_20260720
gmb,GMB,2006606,1,105,12.4,2026-07-10,td_gmb_route_fares_20260720
gmb,GMB,2006606,2,105,12.4,2026-07-10,td_gmb_route_fares_20260720
gmb,GMB,2006609,1,15,5.7,2026-04-30,td_gmb_route_fares_20260720
gmb,GMB,2006609,2,15,5.7,2026-04-30,td_gmb_route_fares_20260720
gmb,GMB,2006610,1,15,5.2,2026-04-30,td_gmb_route_fares_20260720
gmb,GMB,2006611,1,15A,5.7,2026-06-29,td_gmb_route_fares_20260720
gmb,GMB,2006611,2,15A,5.7,2026-06-29,td_gmb_route_fares_20260720
gmb,GMB,2006612,1,15A,0.0,2026-04-30,td_gmb_route_fares_20260720
gmb,GMB,2006612,2,15A,0.0,2026-04-30,td_gmb_route_fares_20260720
gmb,GMB,2006639,1,15M,5.6,2026-04-30,td_gmb_route_fares_20260720
gmb,GMB,2006639,2,15M,5.6,2026-04-30,td_gmb_route_fares_20260720
gmb,GMB,2006640,1,15M,5.1,2026-04-30,td_gmb_route_fares_20260720
gmb,GMB,2006641,1,16,11.4,2026-04-30,td_gmb_route_fares_20260720
gmb,GMB,2006641,2,16,11.4,2026-04-30,td_gmb_route_fares_20260720
gmb,GMB,2006672,1,16,10.4,2026-04-30,td_gmb_route_fares_20260720
gmb,GMB,2006672,2,16,10.4,2026-04-30,td_gmb_route_fares_20260720
gmb,GMB,2006673,1,17,8.2,2026-06-29,td_gmb_route_fares_20260720
gmb,GMB,2006673,2,17,8.2,2026-06-29,td_gmb_route_fares_20260720
gmb,GMB,2006674,1,17A,4.9,2026-04-30,td_gmb_route_fares_20260720
gmb,GMB,2006674,2,17A,4.9,2026-04-30,td_gmb_route_fares_20260720
gmb,GMB,2006675,1,17M,4.9,2026-06-29,td_gmb_route_fares_20260720
gmb,GMB,2006675,2,17M,4.9,2026-06-29,td_gmb_route_fares_20260720
gmb,GMB,2006676,1,17M,4.5,2025-08-18,td_gmb_route_fares_20260720
gmb,GMB,2006677,1,17M,5.9,2026-07-10,td_gmb_route_fares_20260720
gmb,GMB,2006678,1,87,5.7,2026-05-11,td_gmb_route_fares_20260720
gmb,GMB,2006678,2,87,5.7,2026-05-11,td_gmb_route_fares_20260720
gmb,GMB,2006679,1,17M,5.9,2026-07-10,td_gmb_route_fares_20260720
gmb,GMB,2006680,1,87A,7.0,2026-04-28,td_gmb_route_fares_20260720
gmb,GMB,2006680,2,87A,7.0,2026-04-28,td_gmb_route_fares_20260720
gmb,GMB,2006681,1,87M,6.3,2026-04-28,td_gmb_route_fares_20260720
gmb,GMB,2006681,2,87M,6.3,2026-04-28,td_gmb_route_fares_20260720
gmb,GMB,2006705,1,87K,5.7,2026-05-11,td_gmb_route_fares_20260720
gmb,GMB,2006705,2,87K,5.7,2026-05-11,td_gmb_route_fares_20260720
gmb,GMB,2006706,1,10,14.0,2026-07-13,td_gmb_route_fares_20260720
gmb,GMB,2006706,2,10,14.0,2026-07-13,td_gmb_route_fares_20260720
gmb,GMB,2006738,1,31,12.4,2026-07-13,td_gmb_route_fares_20260720
gmb,GMB,2006738,2,31,12.4,2026-07-13,td_gmb_route_fares_20260720
gmb,GMB,2006739,1,10P,14.0,2026-07-13,td_gmb_route_fares_20260720
gmb,GMB,2006739,2,10P,14.0,2026-07-13,td_gmb_route_fares_20260720
gmb,GMB,2006772,1,N31,17.7,2026-07-13,td_gmb_route_fares_20260720
gmb,GMB,2006772,2,N31,17.7,2026-07-13,td_gmb_route_fares_20260720
gmb,GMB,2006837,1,406,10.1,2026-05-11,td_gmb_route_fares_20260720
gmb,GMB,2006870,1,407,11.5,2026-05-11,td_gmb_route_fares_20260720
gmb,GMB,2006870,2,407,11.5,2026-05-11,td_gmb_route_fares_20260720
gmb,GMB,2006903,1,407,11.5,2026-05-11,td_gmb_route_fares_20260720
gmb,GMB,2006904,1,407A,6.6,2026-05-11,td_gmb_route_fares_20260720
gmb,GMB,2006904,2,407A,6.6,2026-05-11,td_gmb_route_fares_20260720
gmb,GMB,2006906,1,407B,8.1,2026-05-11,td_gmb_route_fares_20260720
gmb,GMB,2006907,1,407B,8.1,2026-05-11,td_gmb_route_fares_20260720
gmb,GMB,2006936,1,69,9.8,2026-07-10,td_gmb_route_fares_20260720
gmb,GMB,2006936,2,69,9.8,2026-07-10,td_gmb_route_fares_20260720
gmb,GMB,2006969,1,76A,7.2,2026-06-19,td_gmb_route_fares_20260720
gmb,GMB,2007002,1,76B,7.2,2026-06-19,td_gmb_route_fares_20260720
gmb,GMB,2007002,2,76B,7.2,2026-06-19,td_gmb_route_fares_20260720
gmb,GMB,2007035,1,69,9.8,2026-06-06,td_gmb_route_fares_20260720
gmb,GMB,2007068,1,69A,10.6,2026-07-10,td_gmb_route_fares_20260720
gmb,GMB,2007068,2,69A,10.6,2026-07-10,td_gmb_route_fares_20260720
gmb,GMB,2007134,1,103,11.1,2026-06-29,td_gmb_route_fares_20260720
gmb,GMB,2007134,2,103,11.1,2026-06-29,td_gmb_route_fares_20260720
gmb,GMB,2007168,1,69A,10.6,2026-07-10,td_gmb_route_fares_20260720
gmb,GMB,2007169,1,69,6.0,2026-07-01,td_gmb_route_fares_20260720
gmb,GMB,2007169,2,69,6.0,2026-07-01,td_gmb_route_fares_20260720
gmb,GMB,2007200,1,104,8.8,2026-07-01,td_gmb_route_fares_20260720
gmb,GMB,2007201,1,103M,9.9,2026-05-05,td_gmb_route_fares_20260720
gmb,GMB,2007201,2,103M,9.9,2026-05-05,td_gmb_route_fares_20260720
gmb,GMB,2007233,1,46,8.3,2026-07-10,td_gmb_route_fares_20260720
gmb,GMB,2007233,2,46,8.3,2026-07-10,td_gmb_route_fares_20260720
gmb,GMB,2007234,1,46,8.3,2026-07-10,td_gmb_route_fares_20260720
gmb,GMB,2007266,1,99,4.5,2026-04-25,td_gmb_route_fares_20260720
gmb,GMB,2007266,2,99,4.5,2026-04-25,td_gmb_route_fares_20260720
gmb,GMB,2007267,1,48,7.8,2026-07-02,td_gmb_route_fares_20260720
gmb,GMB,2007299,1,49,8.2,2026-05-18,td_gmb_route_fares_20260720
gmb,GMB,2007300,1,49M,5.4,2026-05-18,td_gmb_route_fares_20260720
gmb,GMB,2007332,1,48,7.8,2026-07-01,td_gmb_route_fares_20260720
gmb,GMB,2007365,1,112M,5.5,2026-04-28,td_gmb_route_fares_20260720
gmb,GMB,2007365,2,112M,5.5,2026-04-28,td_gmb_route_fares_20260720
gmb,GMB,2007366,1,112A,4.1,2026-04-28,td_gmb_route_fares_20260720
gmb,GMB,2007366,2,112A,4.1,2026-04-28,td_gmb_route_fares_20260720
gmb,GMB,2007367,1,112S,7.0,2026-05-05,td_gmb_route_fares_20260720
gmb,GMB,2007367,2,112S,7.0,2026-05-05,td_gmb_route_fares_20260720
gmb,GMB,2007368,1,113,6.5,2026-05-05,td_gmb_route_fares_20260720
gmb,GMB,2007398,1,75,11.0,2026-07-13,td_gmb_route_fares_20260720
gmb,GMB,2007398,2,75,11.0,2026-07-13,td_gmb_route_fares_20260720
gmb,GMB,2007431,1,75,8.7,2026-07-13,td_gmb_route_fares_20260720
gmb,GMB,2007431,2,75,8.7,2026-07-13,td_gmb_route_fares_20260720
gmb,GMB,2007432,1,54A,4.2,2025-09-29,td_gmb_route_fares_20260720
gmb,GMB,2007432,2,54A,4.2,2025-09-29,td_gmb_route_fares_20260720
gmb,GMB,2007433,1,66S,14.0,2026-07-10,td_gmb_route_fares_20260720
gmb,GMB,2007433,2,66S,14.0,2026-07-10,td_gmb_route_fares_20260720
gmb,GMB,2007434,1,54A,4.2,2026-04-28,td_gmb_route_fares_20260720
gmb,GMB,2007435,1,54K,6.2,2025-09-29,td_gmb_route_fares_20260720
gmb,GMB,2007436,1,75,8.7,2026-07-13,td_gmb_route_fares_20260720
gmb,GMB,2007437,1,75,6.6,2026-07-13,td_gmb_route_fares_20260720
gmb,GMB,2007437,2,75,6.6,2026-07-13,td_gmb_route_fares_20260720
gmb,GMB,2007438,1,618,15.1,2026-07-13,td_gmb_route_fares_20260720
gmb,GMB,2007438,2,618,15.1,2026-07-13,td_gmb_route_fares_20260720
gmb,GMB,2007464,1,76,8.0,2026-07-13,td_gmb_route_fares_20260720
gmb,GMB,2007464,2,76,8.0,2026-07-13,td_gmb_route_fares_20260720
gmb,GMB,2007498,1,27,3.8,2026-01-07,td_gmb_route_fares_20260720
gmb,GMB,2007498,2,27,3.8,2026-01-07,td_gmb_route_fares_20260720
gmb,GMB,2007499,1,29,3.9,2026-04-17,td_gmb_route_fares_20260720
gmb,GMB,2007500,1,51M,4.0,2026-04-28,td_gmb_route_fares_20260720
gmb,GMB,2007501,1,27A,4.0,2026-04-17,td_gmb_route_fares_20260720
gmb,GMB,2007502,1,N27,6.0,2026-04-17,td_gmb_route_fares_20260720
gmb,GMB,2007530,1,29A,5.5,2026-04-17,td_gmb_route_fares_20260720
gmb,GMB,2007530,2,29A,5.5,2026-04-17,td_gmb_route_fares_20260720
gmb,GMB,2007532,1,39,7.8,2026-06-27,td_gmb_route_fares_20260720
gmb,GMB,2007532,2,39,7.8,2026-06-27,td_gmb_route_fares_20260720
gmb,GMB,2007533,1,39A,7.8,2026-04-28,td_gmb_route_fares_20260720
gmb,GMB,2007563,1,39,7.8,2026-06-27,td_gmb_route_fares_20260720
gmb,GMB,2007563,2,39,7.8,2026-06-27,td_gmb_route_fares_20260720
gmb,GMB,2007596,1,10M,7.6,2026-06-29,td_gmb_route_fares_20260720
gmb,GMB,2007596,2,10M,7.6,2026-06-29,td_gmb_route_fares_20260720
gmb,GMB,2007629,1,13,6.8,2026-06-29,td_gmb_route_fares_20260720
gmb,GMB,2007629,2,13,6.8,2026-06-29,td_gmb_route_fares_20260720
gmb,GMB,2007630,1,79S,14.6,2026-07-13,td_gmb_route_fares_20260720
gmb,GMB,2007630,2,79S,14.6,2026-07-13,td_gmb_route_fares_20260720
gmb,GMB,2007761,1,811,8.3,2026-05-28,td_gmb_route_fares_20260720
gmb,GMB,2007761,2,811,8.3,2026-05-28,td_gmb_route_fares_20260720
gmb,GMB,2007762,1,68K,6.4,2025-12-25,td_gmb_route_fares_20260720
gmb,GMB,2007762,2,68K,6.4,2025-12-25,td_gmb_route_fares_20260720
gmb,GMB,2007763,1,811A,10.2,2026-05-28,td_gmb_route_fares_20260720
gmb,GMB,2007763,2,811A,10.2,2026-05-28,td_gmb_route_fares_20260720
gmb,GMB,2007764,1,68S,4.3,2026-04-28,td_gmb_route_fares_20260720
gmb,GMB,2007764,2,68S,4.3,2026-04-28,td_gmb_route_fares_20260720
gmb,GMB,2007765,1,68K,4.3,2025-12-25,td_gmb_route_fares_20260720
gmb,GMB,2007765,2,68K,4.3,2025-12-25,td_gmb_route_fares_20260720
gmb,GMB,2007766,1,69K,7.6,2026-04-10,td_gmb_route_fares_20260720
gmb,GMB,2007766,2,69K,7.6,2026-04-10,td_gmb_route_fares_20260720
gmb,GMB,2007767,1,811A,10.2,2026-05-28,td_gmb_route_fares_20260720
gmb,GMB,2007767,2,811A,10.2,2026-05-28,td_gmb_route_fares_20260720
gmb,GMB,2007768,1,46M,5.6,2026-05-11,td_gmb_route_fares_20260720
gmb,GMB,2007769,1,47M,6.2,2026-05-11,td_gmb_route_fares_20260720
gmb,GMB,2007770,1,90M,7.0,2026-05-11,td_gmb_route_fares_20260720
gmb,GMB,2007771,1,92M,7.0,2026-05-11,td_gmb_route_fares_20260720
gmb,GMB,2007772,1,93,7.0,2026-05-11,td_gmb_route_fares_20260720
gmb,GMB,2007772,2,93,7.0,2026-05-11,td_gmb_route_fares_20260720
gmb,GMB,2007773,1,93A,10.1,2026-05-11,td_gmb_route_fares_20260720
gmb,GMB,2007773,2,93A,10.1,2026-05-11,td_gmb_route_fares_20260720
gmb,GMB,2007794,1,811P,5.7,2026-05-28,td_gmb_route_fares_20260720
gmb,GMB,2007794,2,811P,5.7,2026-05-28,td_gmb_route_fares_20260720
gmb,GMB,2007795,1,811B,11.7,2026-05-28,td_gmb_route_fares_20260720
gmb,GMB,2007827,1,811K,5.7,2026-04-10,td_gmb_route_fares_20260720
gmb,GMB,2007828,1,811K,5.7,2026-04-10,td_gmb_route_fares_20260720
gmb,GMB,2007830,1,811S,11.3,2026-05-28,td_gmb_route_fares_20260720
gmb,GMB,2007860,1,27,8.6,2026-05-13,td_gmb_route_fares_20260720
gmb,GMB,2007860,2,27,8.6,2026-05-13,td_gmb_route_fares_20260720
gmb,GMB,2007861,1,27A,9.2,2026-05-13,td_gmb_route_fares_20260720
gmb,GMB,2007861,2,27A,9.2,2026-05-13,td_gmb_route_fares_20260720
gmb,GMB,2007862,1,27A,8.5,2026-05-13,td_gmb_route_fares_20260720
gmb,GMB,2007862,2,27A,8.5,2026-05-13,td_gmb_route_fares_20260720
gmb,GMB,2007893,1,27A,8.5,2024-08-01,td_gmb_route_fares_20260720
gmb,GMB,2007893,2,27A,8.5,2024-08-01,td_gmb_route_fares_20260720
gmb,GMB,2007894,1,27A,8.5,2024-08-01,td_gmb_route_fares_20260720
gmb,GMB,2007894,2,27A,8.5,2024-08-01,td_gmb_route_fares_20260720
gmb,GMB,2007895,1,27B,9.2,2026-05-13,td_gmb_route_fares_20260720
gmb,GMB,2007895,2,27B,9.2,2026-05-13,td_gmb_route_fares_20260720
gmb,GMB,2007959,1,89,5.8,2025-11-12,td_gmb_route_fares_20260720
gmb,GMB,2007959,2,89,5.8,2025-11-12,td_gmb_route_fares_20260720
gmb,GMB,2007992,1,89A,5.8,2025-11-12,td_gmb_route_fares_20260720
gmb,GMB,2007992,2,89A,5.8,2025-11-12,td_gmb_route_fares_20260720
gmb,GMB,2007993,1,89B,5.8,2026-05-11,td_gmb_route_fares_20260720
gmb,GMB,2007993,2,89B,5.8,2026-05-11,td_gmb_route_fares_20260720
gmb,GMB,2007994,1,89P,5.8,2026-05-11,td_gmb_route_fares_20260720
gmb,GMB,2007995,1,89M,5.5,2026-05-11,td_gmb_route_fares_20260720
gmb,GMB,2007996,1,89S,5.5,2026-05-11,td_gmb_route_fares_20260720
gmb,GMB,2007997,1,98,5.5,2026-05-11,td_gmb_route_fares_20260720
gmb,GMB,2007997,2,98,5.5,2026-05-11,td_gmb_route_fares_20260720
gmb,GMB,2007998,1,98,5.5,2026-05-11,td_gmb_route_fares_20260720
gmb,GMB,2007999,1,80,7.8,2025-11-14,td_gmb_route_fares_20260720
gmb,GMB,2007999,2,80,7.8,2025-11-14,td_gmb_route_fares_20260720
gmb,GMB,2008000,1,52,6.6,2026-03-27,td_gmb_route_fares_20260720
gmb,GMB,2008000,2,52,6.6,2026-03-27,td_gmb_route_fares_20260720
gmb,GMB,2008001,1,53M,4.0,2026-05-18,td_gmb_route_fares_20260720
gmb,GMB,2008002,1,95,4.8,2026-04-25,td_gmb_route_fares_20260720
gmb,GMB,2008002,2,95,4.8,2026-04-25,td_gmb_route_fares_20260720
gmb,GMB,2008003,1,96,7.8,2026-04-25,td_gmb_route_fares_20260720
gmb,GMB,2008003,2,96,7.8,2026-04-25,td_gmb_route_fares_20260720
gmb,GMB,2008004,1,95K,4.7,2026-04-25,td_gmb_route_fares_20260720
gmb,GMB,2008004,2,95K,4.7,2026-04-25,td_gmb_route_fares_20260720
gmb,GMB,2008005,1,95A,4.2,2026-04-17,td_gmb_route_fares_20260720
gmb,GMB,2008025,1,65,8.1,2026-04-28,td_gmb_route_fares_20260720
gmb,GMB,2008025,2,65,8.1,2026-04-28,td_gmb_route_fares_20260720
gmb,GMB,2008058,1,95M,4.2,2026-04-17,td_gmb_route_fares_20260720
gmb,GMB,2008058,2,95M,4.2,2026-04-17,td_gmb_route_fares_20260720
gmb,GMB,2008059,1,96P,4.7,2026-04-17,td_gmb_route_fares_20260720
gmb,GMB,2008060,1,65A,8.1,2026-07-13,td_gmb_route_fares_20260720
gmb,GMB,2008061,1,96A,5.4,2026-04-17,td_gmb_route_fares_20260720
gmb,GMB,2008062,1,96B,4.7,2026-04-17,td_gmb_route_fares_20260720
gmb,GMB,2008091,1,96M,7.8,2026-04-17,td_gmb_route_fares_20260720
gmb,GMB,2008091,2,96M,7.8,2026-04-17,td_gmb_route_fares_20260720
gmb,GMB,2008092,1,65X,8.1,2026-04-02,td_gmb_route_fares_20260720
gmb,GMB,2008092,2,65X,8.1,2026-04-02,td_gmb_route_fares_20260720
gmb,GMB,2008093,1,96C,7.8,2026-04-17,td_gmb_route_fares_20260720
gmb,GMB,2008093,2,96C,7.8,2026-04-17,td_gmb_route_fares_20260720
gmb,GMB,2008094,1,76,8.0,2026-07-13,td_gmb_route_fares_20260720
gmb,GMB,2008157,1,94A,7.2,2026-05-11,td_gmb_route_fares_20260720
gmb,GMB,2008223,1,63K,3.9,2025-06-01,td_gmb_route_fares_20260720
gmb,GMB,2008223,2,63K,3.9,2025-06-01,td_gmb_route_fares_20260720
gmb,GMB,2008224,1,63A,3.9,2025-01-02,td_gmb_route_fares_20260720
gmb,GMB,2008224,2,63A,3.9,2025-01-02,td_gmb_route_fares_20260720
gmb,GMB,2008225,1,63B,3.9,2025-01-02,td_gmb_route_fares_20260720
gmb,GMB,2008225,2,63B,3.9,2025-01-02,td_gmb_route_fares_20260720
gmb,GMB,2008226,1,63S,14.2,2026-07-10,td_gmb_route_fares_20260720
gmb,GMB,2008226,2,63S,14.2,2026-07-10,td_gmb_route_fares_20260720
gmb,GMB,2008227,1,64K,4.1,2026-04-28,td_gmb_route_fares_20260720
gmb,GMB,2008227,2,64K,4.1,2026-04-28,td_gmb_route_fares_20260720
gmb,GMB,2008256,1,806M,13.8,2026-05-28,td_gmb_route_fares_20260720
gmb,GMB,2008289,1,71A,4.9,2026-06-15,td_gmb_route_fares_20260720
gmb,GMB,2008290,1,71,8.7,2026-07-13,td_gmb_route_fares_20260720
gmb,GMB,2008290,2,71,8.7,2026-07-13,td_gmb_route_fares_20260720
gmb,GMB,2008291,1,71B,4.9,2026-06-09,td_gmb_route_fares_20260720
gmb,GMB,2008291,2,71B,4.9,2026-06-09,td_gmb_route_fares_20260720
gmb,GMB,2008322,1,23,3.7,2025-06-01,td_gmb_route_fares_20260720
gmb,GMB,2008322,2,23,3.7,2025-06-01,td_gmb_route_fares_20260720
gmb,GMB,2008355,1,23B,4.9,2026-06-29,td_gmb_route_fares_20260720
gmb,GMB,2008355,2,23B,4.9,2026-06-29,td_gmb_route_fares_20260720
gmb,GMB,2008388,1,71A,7.0,2026-06-27,td_gmb_route_fares_20260720
gmb,GMB,2008388,2,71A,7.0,2026-06-27,td_gmb_route_fares_20260720
gmb,GMB,2008389,1,23M,3.7,2026-06-29,td_gmb_route_fares_20260720
gmb,GMB,2008389,2,23M,3.7,2026-06-29,td_gmb_route_fares_20260720
gmb,GMB,2008390,1,72,8.7,2026-07-13,td_gmb_route_fares_20260720
gmb,GMB,2008390,2,72,8.7,2026-07-13,td_gmb_route_fares_20260720
gmb,GMB,2008391,1,23C,3.7,2026-06-29,td_gmb_route_fares_20260720
gmb,GMB,2008392,1,72,7.0,2026-06-27,td_gmb_route_fares_20260720
gmb,GMB,2008392,2,72,7.0,2026-06-27,td_gmb_route_fares_20260720
gmb,GMB,2008393,1,23S,3.4,2026-06-29,td_gmb_route_fares_20260720
gmb,GMB,2008421,1,24,4.7,2026-06-19,td_gmb_route_fares_20260720
gmb,GMB,2008454,1,24M,4.3,2026-06-19,td_gmb_route_fares_20260720
gmb,GMB,2008454,2,24M,4.3,2026-06-19,td_gmb_route_fares_20260720
gmb,GMB,2008487,1,50,3.7,2025-10-21,td_gmb_route_fares_20260720
gmb,GMB,2008520,1,87,12.0,2026-07-01,td_gmb_route_fares_20260720
gmb,GMB,2008553,1,73,6.6,2026-07-13,td_gmb_route_fares_20260720
gmb,GMB,2008553,2,73,6.6,2026-07-13,td_gmb_route_fares_20260720
gmb,GMB,2008554,1,74,6.6,2026-07-13,td_gmb_route_fares_20260720
gmb,GMB,2008554,2,74,6.6,2026-07-13,td_gmb_route_fares_20260720
gmb,GMB,2008555,1,74A,5.8,2026-07-13,td_gmb_route_fares_20260720
gmb,GMB,2008555,2,74A,5.8,2026-07-13,td_gmb_route_fares_20260720
gmb,GMB,2008586,1,90A,7.1,2026-06-29,td_gmb_route_fares_20260720
gmb,GMB,2008586,2,90A,7.1,2026-06-29,td_gmb_route_fares_20260720
gmb,GMB,2008587,1,83A,7.1,2026-04-25,td_gmb_route_fares_20260720
gmb,GMB,2008587,2,83A,7.1,2026-04-25,td_gmb_route_fares_20260720
gmb,GMB,2008589,1,85,7.1,2025-11-14,td_gmb_route_fares_20260720
gmb,GMB,2008589,2,85,7.1,2025-11-14,td_gmb_route_fares_20260720
gmb,GMB,2008590,1,90A,7.1,2026-06-29,td_gmb_route_fares_20260720
gmb,GMB,2008591,1,86,7.1,2026-05-11,td_gmb_route_fares_20260720
gmb,GMB,2008591,2,86,7.1,2026-05-11,td_gmb_route_fares_20260720
gmb,GMB,2008592,1,90B,7.1,2026-07-01,td_gmb_route_fares_20260720
gmb,GMB,2008592,2,90B,7.1,2026-07-01,td_gmb_route_fares_20260720
gmb,GMB,2008593,1,86A,9.4,2026-05-11,td_gmb_route_fares_20260720
gmb,GMB,2008593,2,86A,9.4,2026-05-11,td_gmb_route_fares_20260720
gmb,GMB,2008594,1,86M,7.1,2026-05-11,td_gmb_route_fares_20260720
gmb,GMB,2008594,2,86M,7.1,2026-05-11,td_gmb_route_fares_20260720
gmb,GMB,2008595,1,611,5.7,2026-06-27,td_gmb_route_fares_20260720
gmb,GMB,2008596,1,88A,4.3,2026-05-18,td_gmb_route_fares_20260720
gmb,GMB,2008597,1,611A,4.4,2026-07-13,td_gmb_route_fares_20260720
gmb,GMB,2008598,1,611B,4.4,2026-01-14,td_gmb_route_fares_20260720
gmb,GMB,2008599,1,611B,5.7,2026-06-27,td_gmb_route_fares_20260720
gmb,GMB,2008600,1,88A,4.3,2026-05-18,td_gmb_route_fares_20260720
gmb,GMB,2008601,1,88A,4.0,2026-05-18,td_gmb_route_fares_20260720
gmb,GMB,2008602,1,88A,4.3,2026-05-18,td_gmb_route_fares_20260720
gmb,GMB,2008602,2,88A,4.3,2026-05-18,td_gmb_route_fares_20260720
gmb,GMB,2008603,1,611P,5.7,2026-07-13,td_gmb_route_fares_20260720
gmb,GMB,2008604,1,88F,4.3,2026-05-18,td_gmb_route_fares_20260720
gmb,GMB,2008604,2,88F,4.3,2026-05-18,td_gmb_route_fares_20260720
gmb,GMB,2008619,1,88F,4.3,2026-05-18,td_gmb_route_fares_20260720
gmb,GMB,2008619,2,88F,4.3,2026-05-18,td_gmb_route_fares_20260720
gmb,GMB,2008620,1,611S,4.4,2026-06-27,td_gmb_route_fares_20260720
gmb,GMB,2008621,1,88M,8.9,2026-05-18,td_gmb_route_fares_20260720
gmb,GMB,2008621,2,88M,8.9,2026-05-18,td_gmb_route_fares_20260720
gmb,GMB,2008622,1,36,9.0,2026-07-13,td_gmb_route_fares_20260720
gmb,GMB,2008622,2,36,9.0,2026-07-13,td_gmb_route_fares_20260720
gmb,GMB,2008623,1,88M,8.9,2026-05-18,td_gmb_route_fares_20260720
gmb,GMB,2008623,2,88M,8.9,2026-05-18,td_gmb_route_fares_20260720
gmb,GMB,2008624,1,88M,4.8,2026-05-18,td_gmb_route_fares_20260720
gmb,GMB,2008624,2,88M,4.8,2026-05-18,td_gmb_route_fares_20260720
gmb,GMB,2008625,1,88M,8.9,2026-05-18,td_gmb_route_fares_20260720
gmb,GMB,2008627,1,88M,8.9,2026-05-18,td_gmb_route_fares_20260720
gmb,GMB,2008628,1,88M,8.9,2026-05-18,td_gmb_route_fares_20260720
gmb,GMB,2008629,1,88G,4.8,2026-05-18,td_gmb_route_fares_20260720
gmb,GMB,2008629,2,88G,4.8,2026-05-18,td_gmb_route_fares_20260720
gmb,GMB,2008630,1,36,9.0,2026-07-13,td_gmb_route_fares_20260720
gmb,GMB,2008631,1,88C,4.8,2026-05-18,td_gmb_route_fares_20260720
gmb,GMB,2008631,2,88C,4.8,2026-05-18,td_gmb_route_fares_20260720
gmb,GMB,2008632,1,37,9.0,2026-07-13,td_gmb_route_fares_20260720
gmb,GMB,2008632,2,37,9.0,2026-07-13,td_gmb_route_fares_20260720
gmb,GMB,2008633,1,37,9.0,2026-07-13,td_gmb_route_fares_20260720
gmb,GMB,2008652,1,38,9.0,2026-07-13,td_gmb_route_fares_20260720
gmb,GMB,2008652,2,38,9.0,2026-07-13,td_gmb_route_fares_20260720
gmb,GMB,2008653,1,409,8.0,2026-04-25,td_gmb_route_fares_20260720
gmb,GMB,2008654,1,409K,8.0,2026-04-25,td_gmb_route_fares_20260720
gmb,GMB,2008655,1,409S,8.0,2026-04-25,td_gmb_route_fares_20260720
gmb,GMB,2008685,1,601,7.8,2026-07-13,td_gmb_route_fares_20260720
gmb,GMB,2008685,2,601,7.8,2026-07-13,td_gmb_route_fares_20260720
gmb,GMB,2008686,1,38,9.0,2026-07-13,td_gmb_route_fares_20260720
gmb,GMB,2008718,1,601B,5.6,2026-04-28,td_gmb_route_fares_20260720
gmb,GMB,2008719,1,601C,6.0,2026-07-13,td_gmb_route_fares_20260720
gmb,GMB,2008751,1,602,7.8,2026-07-13,td_gmb_route_fares_20260720
gmb,GMB,2008751,2,602,7.8,2026-07-13,td_gmb_route_fares_20260720
gmb,GMB,2008752,1,602C,6.0,2025-06-01,td_gmb_route_fares_20260720
gmb,GMB,2008753,1,603,7.8,2026-07-13,td_gmb_route_fares_20260720
gmb,GMB,2008753,2,603,7.8,2026-07-13,td_gmb_route_fares_20260720
gmb,GMB,2008754,1,604,6.0,2026-07-13,td_gmb_route_fares_20260720
gmb,GMB,2008754,2,604,6.0,2026-07-13,td_gmb_route_fares_20260720
gmb,GMB,2008784,1,605,7.8,2025-06-01,td_gmb_route_fares_20260720
gmb,GMB,2008784,2,605,7.8,2025-06-01,td_gmb_route_fares_20260720
gmb,GMB,2008785,1,620,6.4,2026-06-27,td_gmb_route_fares_20260720
gmb,GMB,2008785,2,620,6.4,2026-06-27,td_gmb_route_fares_20260720
gmb,GMB,2008786,1,606S,25.0,2026-06-27,td_gmb_route_fares_20260720
gmb,GMB,2008786,2,606S,25.0,2026-06-27,td_gmb_route_fares_20260720
gmb,GMB,2008817,1,83M,4.5,2026-01-21,td_gmb_route_fares_20260720
gmb,GMB,2008817,2,83M,4.5,2026-01-21,td_gmb_route_fares_20260720
gmb,GMB,2008818,1,83A,4.5,2025-06-01,td_gmb_route_fares_20260720
gmb,GMB,2008818,2,83A,4.5,2025-06-01,td_gmb_route_fares_20260720
gmb,GMB,2008850,1,70,10.4,2026-07-10,td_gmb_route_fares_20260720
gmb,GMB,2008850,2,70,10.4,2026-07-10,td_gmb_route_fares_20260720
gmb,GMB,2008851,1,48S,28.0,2026-03-31,td_gmb_route_fares_20260720
gmb,GMB,2008851,2,48S,28.0,2026-03-31,td_gmb_route_fares_20260720
gmb,GMB,2008852,1,47S,28.0,2025-02-20,td_gmb_route_fares_20260720
gmb,GMB,2008852,2,47S,28.0,2025-02-20,td_gmb_route_fares_20260720
gmb,GMB,2008883,1,70A,10.4,2026-07-10,td_gmb_route_fares_20260720
gmb,GMB,2008883,2,70A,10.4,2026-07-10,td_gmb_route_fares_20260720
gmb,GMB,2008916,1,73,7.9,2026-07-13,td_gmb_route_fares_20260720
gmb,GMB,2009015,1,3A,5.7,2025-01-02,td_gmb_route_fares_20260720
gmb,GMB,2009015,2,3A,5.7,2025-01-02,td_gmb_route_fares_20260720
gmb,GMB,2009016,1,3,4.2,2024-04-22,td_gmb_route_fares_20260720
gmb,GMB,2009016,2,3,4.2,2024-04-22,td_gmb_route_fares_20260720
gmb,GMB,2009017,1,4A,4.6,2024-04-22,td_gmb_route_fares_20260720
gmb,GMB,2009017,2,4A,4.6,2024-04-22,td_gmb_route_fares_20260720
gmb,GMB,2009018,1,4,4.1,2024-04-22,td_gmb_route_fares_20260720
gmb,GMB,2009018,2,4,4.1,2024-04-22,td_gmb_route_fares_20260720
gmb,GMB,2009048,1,22M,5.0,2026-07-01,td_gmb_route_fares_20260720
gmb,GMB,2009048,2,22M,5.0,2026-07-01,td_gmb_route_fares_20260720
gmb,GMB,2009081,1,65K,8.0,2026-05-13,td_gmb_route_fares_20260720
gmb,GMB,2009082,1,65A,6.6,2026-05-28,td_gmb_route_fares_20260720
gmb,GMB,2009082,2,65A,6.6,2026-05-28,td_gmb_route_fares_20260720
gmb,GMB,2009114,1,65A,6.6,2026-05-28,td_gmb_route_fares_20260720
gmb,GMB,2009114,2,65A,6.6,2026-05-28,td_gmb_route_fares_20260720
gmb,GMB,2009115,1,65M,5.8,2026-05-13,td_gmb_route_fares_20260720
gmb,GMB,2009115,2,65M,5.8,2026-05-13,td_gmb_route_fares_20260720
gmb,GMB,2009116,1,65S,16.0,2026-07-10,td_gmb_route_fares_20260720
gmb,GMB,2009117,1,66K,8.0,2026-04-28,td_gmb_route_fares_20260720
gmb,GMB,2009118,1,67K,7.2,2026-05-28,td_gmb_route_fares_20260720
gmb,GMB,2009118,2,67K,7.2,2026-05-28,td_gmb_route_fares_20260720
gmb,GMB,2009119,1,67A,5.1,2026-05-28,td_gmb_route_fares_20260720
gmb,GMB,2009119,2,67A,5.1,2026-05-28,td_gmb_route_fares_20260720
gmb,GMB,2009147,1,505,19.1,2026-04-28,td_gmb_route_fares_20260720
gmb,GMB,2009147,2,505,19.1,2026-04-28,td_gmb_route_fares_20260720
gmb,GMB,2009180,1,59S,9.9,2026-07-10,td_gmb_route_fares_20260720
gmb,GMB,2009180,2,59S,9.9,2026-07-10,td_gmb_route_fares_20260720
gmb,GMB,2009246,1,2,9.0,2026-07-10,td_gmb_route_fares_20260720
gmb,GMB,2009246,2,2,9.0,2026-07-10,td_gmb_route_fares_20260720
gmb,GMB,2009247,1,2A,9.0,2026-07-10,td_gmb_route_fares_20260720
gmb,GMB,2009247,2,2A,9.0,2026-07-10,td_gmb_route_fares_20260720
gmb,GMB,2009312,1,59A,5.6,2025-12-09,td_gmb_route_fares_20260720
gmb,GMB,2009378,1,73A,6.6,2026-07-13,td_gmb_route_fares_20260720
gmb,GMB,2009378,2,73A,6.6,2026-07-13,td_gmb_route_fares_20260720
gmb,GMB,2009477,1,23P,3.7,2026-06-29,td_gmb_route_fares_20260720
gmb,GMB,2009477,2,23P,3.7,2026-06-29,td_gmb_route_fares_20260720
gmb,GMB,2009543,1,54K,6.2,2026-04-28,td_gmb_route_fares_20260720
gmb,GMB,2009576,1,503K,7.9,2026-04-28,td_gmb_route_fares_20260720
gmb,GMB,2009576,2,503K,7.9,2026-04-28,td_gmb_route_fares_20260720
gmb,GMB,2009609,1,116,8.2,2026-05-05,td_gmb_route_fares_20260720
gmb,GMB,2009642,1,CX1,5.0,2026-07-02,td_gmb_route_fares_20260720
gmb,GMB,2009675,1,506,5.0,2026-04-28,td_gmb_route_fares_20260720
gmb,GMB,2009708,1,507,4.0,2026-04-28,td_gmb_route_fares_20260720
gmb,GMB,2009741,1,31X,12.4,2026-07-13,td_gmb_route_fares_20260720
gmb,GMB,2009774,1,621,6.1,2026-04-28,td_gmb_route_fares_20260720
gmb,GMB,2009807,1,621,6.1,2026-04-28,td_gmb_route_fares_20260720
gmb,GMB,2009840,1,54,9.5,2026-06-23,td_gmb_route_fares_20260720
gmb,GMB,2009842,1,54,9.5,2026-06-23,td_gmb_route_fares_20260720
gmb,GMB,2009873,1,24,7.4,2025-11-26,td_gmb_route_fares_20260720
gmb,GMB,2009906,1,618A,15.1,2026-07-13,td_gmb_route_fares_20260720
gmb,GMB,2009939,1,20G,8.3,2026-04-28,td_gmb_route_fares_20260720
gmb,GMB,2009972,1,88D,5.3,2025-06-01,td_gmb_route_fares_20260720
gmb,GMB,2010005,1,55S,12.0,2025-06-19,td_gmb_route_fares_20260720
gmb,GMB,2010005,2,55S,12.0,2025-06-19,td_gmb_route_fares_20260720
gmb,GMB,2010038,1,82,4.0,2025-06-01,td_gmb_route_fares_20260720
gmb,GMB,2010071,1,28K,10.0,2026-05-30,td_gmb_route_fares_20260720
gmb,GMB,2010073,1,28K,10.0,2025-06-01,td_gmb_route_fares_20260720
gmb,GMB,2010074,1,28K,6.7,2026-04-28,td_gmb_route_fares_20260720
gmb,GMB,2010075,1,28K,10.0,2026-04-28,td_gmb_route_fares_20260720
gmb,GMB,2010076,1,28S,10.0,2026-05-13,td_gmb_route_fares_20260720
gmb,GMB,2010077,1,814,7.9,2026-07-10,td_gmb_route_fares_20260720
gmb,GMB,2010104,1,44,6.6,2025-05-01,td_gmb_route_fares_20260720
gmb,GMB,2010137,1,44,6.6,2025-05-01,td_gmb_route_fares_20260720
gmb,GMB,2010170,1,57K,8.5,2026-07-10,td_gmb_route_fares_20260720
gmb,GMB,2010170,2,57K,8.5,2026-07-10,td_gmb_route_fares_20260720
gmb,GMB,2010171,1,57K,8.5,2026-07-10,td_gmb_route_fares_20260720
gmb,GMB,2010171,2,57K,8.5,2026-07-10,td_gmb_route_fares_20260720
gmb,GMB,2010203,1,58K,7.7,2026-07-10,td_gmb_route_fares_20260720
gmb,GMB,2010203,2,58K,7.7,2026-07-10,td_gmb_route_fares_20260720
gmb,GMB,2010236,1,608S,6.3,2026-06-27,td_gmb_route_fares_20260720
gmb,GMB,2010269,1,803,8.9,2026-07-10,td_gmb_route_fares_20260720
gmb,GMB,2010269,2,803,8.9,2026-07-10,td_gmb_route_fares_20260720
gmb,GMB,2010270,1,803,8.9,2026-07-10,td_gmb_route_fares_20260720
gmb,GMB,2010270,2,803,8.9,2026-07-10,td_gmb_route_fares_20260720
gmb,GMB,2010274,1,803K,4.2,2026-05-28,td_gmb_route_fares_20260720
gmb,GMB,2010274,2,803K,4.2,2026-05-28,td_gmb_route_fares_20260720
gmb,GMB,2010275,1,804,6.5,2026-07-10,td_gmb_route_fares_20260720
gmb,GMB,2010275,2,804,6.5,2026-07-10,td_gmb_route_fares_20260720
gmb,GMB,2010277,1,805S,18.7,2026-04-17,td_gmb_route_fares_20260720
gmb,GMB,2010277,2,805S,18.7,2026-04-17,td_gmb_route_fares_20260720
gmb,GMB,2010278,1,805S,18.7,2026-04-17,td_gmb_route_fares_20260720
gmb,GMB,2010279,1,810,7.5,2026-07-10,td_gmb_route_fares_20260720
gmb,GMB,2010280,1,810,7.5,2026-07-10,td_gmb_route_fares_20260720
gmb,GMB,2010281,1,810A,7.5,2026-07-10,td_gmb_route_fares_20260720
gmb,GMB,2010281,2,810A,7.5,2026-07-10,td_gmb_route_fares_20260720
gmb,GMB,2010335,1,76A,7.2,2026-06-29,td_gmb_route_fares_20260720
gmb,GMB,2010368,1,47,6.6,2026-07-01,td_gmb_route_fares_20260720
gmb,GMB,2010368,2,47,6.6,2026-07-01,td_gmb_route_fares_20260720
gmb,GMB,2010401,1,28A,7.7,2026-05-30,td_gmb_route_fares_20260720
gmb,GMB,2010401,2,28A,7.7,2026-05-30,td_gmb_route_fares_20260720
gmb,GMB,2010434,1,618B,15.1,2026-07-13,td_gmb_route_fares_20260720
gmb,GMB,2010500,1,55K,8.2,2025-09-29,td_gmb_route_fares_20260720
gmb,GMB,2010501,1,55K,11.5,2025-09-29,td_gmb_route_fares_20260720
gmb,GMB,2010635,1,624,7.0,2026-06-27,td_gmb_route_fares_20260720
gmb,GMB,2010698,1,91,13.0,2026-07-01,td_gmb_route_fares_20260720
gmb,GMB,2010698,2,91,13.0,2026-07-01,td_gmb_route_fares_20260720
gmb,GMB,2010731,1,91,13.0,2026-07-01,td_gmb_route_fares_20260720
gmb,GMB,2010764,1,91,13.0,2026-07-10,td_gmb_route_fares_20260720
gmb,GMB,2010797,1,88A,8.8,2026-04-28,td_gmb_route_fares_20260720
gmb,GMB,2010798,1,88A,6.1,2026-04-28,td_gmb_route_fares_20260720
gmb,GMB,2010830,1,36A,9.0,2026-07-13,td_gmb_route_fares_20260720
gmb,GMB,2010830,2,36A,9.0,2026-07-13,td_gmb_route_fares_20260720
gmb,GMB,2010863,1,36A,9.0,2026-07-13,td_gmb_route_fares_20260720
gmb,GMB,2010896,1,117A,9.6,2026-06-19,td_gmb_route_fares_20260720
gmb,GMB,2010896,2,117A,9.6,2026-06-19,td_gmb_route_fares_20260720
gmb,GMB,2010929,1,508,7.7,2026-04-28,td_gmb_route_fares_20260720
gmb,GMB,2010929,2,508,7.7,2026-04-28,td_gmb_route_fares_20260720
gmb,GMB,2010962,1,83B,4.5,2026-04-28,td_gmb_route_fares_20260720
gmb,GMB,2010962,2,83B,4.5,2026-04-28,td_gmb_route_fares_20260720
gmb,GMB,2010995,1,N4M,6.9,2026-04-11,td_gmb_route_fares_20260720
gmb,GMB,2010995,2,N4M,6.9,2026-04-11,td_gmb_route_fares_20260720
gmb,GMB,2011028,1,54A,4.2,2026-04-28,td_gmb_route_fares_20260720
gmb,GMB,2011094,1,60C,6.1,2026-04-28,td_gmb_route_fares_20260720
gmb,GMB,2011127,1,116M,8.2,2026-05-05,td_gmb_route_fares_20260720
gmb,GMB,2011160,1,65X,4.8,2026-05-13,td_gmb_route_fares_20260720
gmb,GMB,2011193,1,36,9.0,2026-07-13,td_gmb_route_fares_20260720
gmb,GMB,2011226,1,806X,13.8,2026-05-28,td_gmb_route_fares_20260720
gmb,GMB,2011226,2,806X,13.8,2026-05-28,td_gmb_route_fares_20260720
gmb,GMB,2011259,1,116H,8.2,2026-05-05,td_gmb_route_fares_20260720
gmb,GMB,2011292,1,59B,3.8,2026-04-28,td_gmb_route_fares_20260720
gmb,GMB,2011327,1,45M,7.9,2026-03-31,td_gmb_route_fares_20260720
gmb,GMB,2011327,2,45M,7.9,2026-03-31,td_gmb_route_fares_20260720
gmb,GMB,2011358,1,68,13.2,2026-07-01,td_gmb_route_fares_20260720
gmb,GMB,2011391,1,75X,5.8,2026-07-14,td_gmb_route_fares_20260720
gmb,GMB,2011424,1,74,7.8,2026-07-02,td_gmb_route_fares_20260720
gmb,GMB,2011457,1,313,9.9,2026-05-11,td_gmb_route_fares_20260720
gmb,GMB,2011457,2,313,9.9,2026-05-11,td_gmb_route_fares_20260720
gmb,GMB,2011490,1,811B,11.7,2026-05-28,td_gmb_route_fares_20260720
gmb,GMB,2011523,1,56B,11.7,2026-07-13,td_gmb_route_fares_20260720
gmb,GMB,2011556,1,117B,12.5,2026-07-13,td_gmb_route_fares_20260720
ferry,FERRY,7001,1,Po Toi Island - Aberdeen/Stanley,30.0,2024-09-02,td_ferry_route_fares_20260720
ferry,FERRY,7003,1,Aberdeen - Sok Kwu Wan,22.4,2025-09-19,td_ferry_route_fares_20260720
ferry,FERRY,7003,2,Aberdeen - Sok Kwu Wan,22.4,2025-09-19,td_ferry_route_fares_20260720
ferry,FERRY,7004,1,Aberdeen - Yung Shue Wan,21.0,2022-12-16,td_ferry_route_fares_20260720
ferry,FERRY,7004,2,Aberdeen - Yung Shue Wan,21.0,2022-12-16,td_ferry_route_fares_20260720
ferry,FERRY,7005,1,Central - Cheung Chau,24.8,2026-03-31,td_ferry_route_fares_20260720
ferry,FERRY,7005,2,Central - Cheung Chau,24.8,2026-03-31,td_ferry_route_fares_20260720
ferry,FERRY,7006,1,Central - Mui Wo,48.5,2026-04-15,td_ferry_route_fares_20260720
ferry,FERRY,7006,2,Central - Mui Wo,48.5,2026-04-15,td_ferry_route_fares_20260720
ferry,FERRY,7007,1,Central - Peng Chau,46.6,2026-04-15,td_ferry_route_fares_20260720
ferry,FERRY,7007,2,Central - Peng Chau,46.6,2026-04-15,td_ferry_route_fares_20260720
ferry,FERRY,7008,1,Central - Sok Kwu Wan,43.5,2026-03-31,td_ferry_route_fares_20260720
ferry,FERRY,7008,2,Central - Sok Kwu Wan,43.5,2026-03-31,td_ferry_route_fares_20260720
ferry,FERRY,7009,1,Central - Yung Shue Wan,34.7,2026-03-31,td_ferry_route_fares_20260720
ferry,FERRY,7009,2,Central - Yung Shue Wan,34.7,2026-03-31,td_ferry_route_fares_20260720
ferry,FERRY,7010,1,Central - Discovery Bay,55.8,2026-05-22,td_ferry_route_fares_20260720
ferry,FERRY,7010,2,Central - Discovery Bay,55.8,2026-05-22,td_ferry_route_fares_20260720
ferry,FERRY,7014,1,Central - Peng Chau - Hei Ling Chau,67.6,2026-04-01,td_ferry_route_fares_20260720
ferry,FERRY,7014,2,Central - Peng Chau - Hei Ling Chau,67.6,2026-04-01,td_ferry_route_fares_20260720
ferry,FERRY,7015,1,Peng Chau - Mui Wo - Chi Ma Wan - Cheung Chau,16.3,2026-03-31,td_ferry_route_fares_20260720
ferry,FERRY,7015,2,Peng Chau - Mui Wo - Chi Ma Wan - Cheung Chau,16.3,2026-03-31,td_ferry_route_fares_20260720
ferry,FERRY,7016,1,Ma Liu Shui - Tung Ping Chau,50.0,2025-01-02,td_ferry_route_fares_20260720
ferry,FERRY,7016,2,Ma Liu Shui - Tung Ping Chau,50.0,2025-01-02,td_ferry_route_fares_20260720
ferry,FERRY,7017,1,Ma Wan - Central,36.0,2025-08-15,td_ferry_route_fares_20260720
ferry,FERRY,7017,2,Ma Wan - Central,36.0,2025-08-15,td_ferry_route_fares_20260720
ferry,FERRY,7018,1,Ma Wan - Tsuen Wan,12.0,2025-08-15,td_ferry_route_fares_20260720
ferry,FERRY,7018,2,Ma Wan - Tsuen Wan,12.0,2025-08-15,td_ferry_route_fares_20260720
ferry,FERRY,7019,1,North Point - Hung Hom,10.0,2025-01-24,td_ferry_route_fares_20260720
ferry,FERRY,7019,2,North Point - Hung Hom,10.0,2025-01-24,td_ferry_route_fares_20260720
ferry,FERRY,7020,1,North Point - Kowloon City,10.0,2025-01-24,td_ferry_route_fares_20260720
ferry,FERRY,7020,2,North Point - Kowloon City,10.0,2025-01-24,td_ferry_route_fares_20260720
ferry,FERRY,7021,1,North Point - Kwun Tong - Kai Tak,8.3,2023-09-04,td_ferry_route_fares_20260720
ferry,FERRY,7021,2,North Point - Kwun Tong - Kai Tak,8.3,2023-09-04,td_ferry_route_fares_20260720
ferry,FERRY,7022,1,Sai Wan Ho - Kwun Tong,9.0,2021-08-11,td_ferry_route_fares_20260720
ferry,FERRY,7022,2,Sai Wan Ho - Kwun Tong,9.0,2021-08-11,td_ferry_route_fares_20260720
ferry,FERRY,7023,1,Sai Wan Ho - Sam Ka Tsuen,9.0,2026-07-06,td_ferry_route_fares_20260720
ferry,FERRY,7023,2,Sai Wan Ho - Sam Ka Tsuen,9.0,2026-07-06,td_ferry_route_fares_20260720
ferry,FERRY,7025,1,Tuen Mun - Tung Chung - Sha Lo Wan - Tai O,27.0,2025-12-12,td_ferry_route_fares_20260720
ferry,FERRY,7025,2,Tuen Mun - Tung Chung - Sha Lo Wan - Tai O,27.0,2025-12-12,td_ferry_route_fares_20260720
ferry,FERRY,7026,1,Ma Liu Shui - Tap Mun,30.0,2026-03-02,td_ferry_route_fares_20260720
ferry,FERRY,7026,2,Ma Liu Shui - Tap Mun,30.0,2026-03-02,td_ferry_route_fares_20260720
ferry,FERRY,7027,1,Tap Mun - Wong Shek Pier,16.0,2022-07-13,td_ferry_route_fares_20260720
ferry,FERRY,7027,2,Tap Mun - Wong Shek Pier,16.0,2022-07-13,td_ferry_route_fares_20260720
ferry,FERRY,7030,1,Tsim Sha Tsui - Central,6.5,2023-03-31,td_ferry_route_fares_20260720
ferry,FERRY,7030,2,Tsim Sha Tsui - Central,6.5,2023-03-31,td_ferry_route_fares_20260720
ferry,FERRY,7031,1,Tsim Sha Tsui - Wan Chai,6.5,2023-03-31,td_ferry_route_fares_20260720
ferry,FERRY,7031,2,Tsim Sha Tsui - Wan Chai,6.5,2023-03-31,td_ferry_route_fares_20260720
ferry,FERRY,7032,1,Peng Chau - Trappist Monastery - Discovery Bay,9.0,2025-01-17,td_ferry_route_fares_20260720
ferry,FERRY,7032,2,Peng Chau - Trappist Monastery - Discovery Bay,9.0,2025-01-17,td_ferry_route_fares_20260720
ferry,FERRY,7035,1,Sam Ka Tsuen - Tung Lung Island,22.5,2026-02-10,td_ferry_route_fares_20260720
ferry,FERRY,7035,2,Sam Ka Tsuen - Tung Lung Island,22.5,2026-02-10,td_ferry_route_fares_20260720
ferry,FERRY,7036,1,Sha Tau Kok - Lai Chi Wo/Kat O/Ap Chau,40.0,2026-02-11,td_ferry_route_fares_20260720
ferry,FERRY,7041,1,Discovery Bay - Mui Wo,15.0,2023-01-26,td_ferry_route_fares_20260720
ferry,FERRY,7041,2,Discovery Bay - Mui Wo,15.0,2023-01-26,td_ferry_route_fares_20260720
ferry,FERRY,7051,1,Aberdeen - Ap Lei Chau,3.0,2026-01-30,td_ferry_route_fares_20260720
ferry,FERRY,7051,2,Aberdeen - Ap Lei Chau,3.0,2026-01-30,td_ferry_route_fares_20260720
ferry,FERRY,7052,1,Aberdeen - Ap Lei Chau,3.0,2026-01-30,td_ferry_route_fares_20260720
ferry,FERRY,7052,2,Aberdeen - Ap Lei Chau,3.0,2026-01-30,td_ferry_route_fares_20260720
ferry,FERRY,7053,1,Sai Wan Ho - Tung Lung Island,60.0,2026-05-12,td_ferry_route_fares_20260720
ferry,FERRY,7053,2,Sai Wan Ho - Tung Lung Island,60.0,2026-05-12,td_ferry_route_fares_20260720
ferry,FERRY,7055,1,Ma Liu Shui – Lai Chi Wo,45.0,2025-01-02,td_ferry_route_fares_20260720
ferry,FERRY,7055,2,Ma Liu Shui – Lai Chi Wo,45.0,2025-01-02,td_ferry_route_fares_20260720
ferry,FERRY,7056,1,North Point - Kwun Tong,8.3,2024-04-11,td_ferry_route_fares_20260720
ferry,FERRY,7056,2,North Point - Kwun Tong,8.3,2024-04-11,td_ferry_route_fares_20260720
ferry,FERRY,7057,1,Aberdeen - Po Toi Island,30.0,2026-01-12,td_ferry_route_fares_20260720
ferry,FERRY,7057,2,Aberdeen - Po Toi Island,30.0,2026-01-12,td_ferry_route_fares_20260720
ferry,FERRY,7058,1,Stanley - Po Toi Island,30.0,2024-09-02,td_ferry_route_fares_20260720
ferry,FERRY,7058,2,Stanley - Po Toi Island,30.0,2024-09-02,td_ferry_route_fares_20260720
ferry,FERRY,7059,1,Central - Hung Hom,10.7,2023-09-04,td_ferry_route_fares_20260720
ferry,FERRY,7059,2,Central - Hung Hom,10.7,2023-09-04,td_ferry_route_fares_20260720
ferry,FERRY,7000003,1,Tuen Mun - Tung Chung,16.2,2026-02-03,td_ferry_route_fares_20260720
ferry,FERRY,7000003,2,Tuen Mun - Tung Chung,16.2,2026-02-03,td_ferry_route_fares_20260720
ferry,FERRY,7000004,1,Tung Chung - Sha Lo Wan - Tai O,27.0,2025-12-12,td_ferry_route_fares_20260720
ferry,FERRY,7000004,2,Tung Chung - Sha Lo Wan - Tai O,27.0,2025-12-12,td_ferry_route_fares_20260720
ferry,FERRY,7000005,1,Sai Kung - Fo Tau Fan Chau,80.0,2025-01-02,td_ferry_route_fares_20260720
ferry,FERRY,7000005,2,Sai Kung - Fo Tau Fan Chau,80.0,2025-01-02,td_ferry_route_fares_20260720
ferry,FERRY,7000006,1,Ma Liu Shui – Kat O,45.0,2025-01-02,td_ferry_route_fares_20260720
ferry,FERRY,7000006,2,Ma Liu Shui – Kat O,45.0,2025-01-02,td_ferry_route_fares_20260720
ferry,FERRY,7000008,1,Peng Chau - Mui Wo - Cheung Chau,16.3,2026-03-31,td_ferry_route_fares_20260720
ferry,FERRY,7000008,2,Peng Chau - Mui Wo - Cheung Chau,16.3,2026-03-31,td_ferry_route_fares_20260720
ferry,FERRY,7000009,1,Mui Wo - Cheung Chau,14.0,2021-11-26,td_ferry_route_fares_20260720
ferry,FERRY,7000010,1,Peng Chau - Mui Wo,16.3,2026-03-31,td_ferry_route_fares_20260720
ferry,FERRY,7000013,1,Peng Chau - Discovery Bay,9.0,2026-02-03,td_ferry_route_fares_20260720
ferry,FERRY,7000013,2,Peng Chau - Discovery Bay,9.0,2026-02-03,td_ferry_route_fares_20260720
ferry,FERRY,7000014,1,Ma Liu Shui - Tap Mun,30.0,2026-02-11,td_ferry_route_fares_20260720
ferry,FERRY,7000014,2,Ma Liu Shui - Tap Mun,30.0,2026-02-11,td_ferry_route_fares_20260720
ferry,FERRY,7000016,1,Discovery Bay - Peng Chau - Mui Wo,12.0,2026-06-30,td_ferry_route_fares_20260720
ferry,FERRY,7000016,2,Discovery Bay - Peng Chau - Mui Wo,12.0,2026-06-30,td_ferry_route_fares_20260720
ferry,FERRY,7000020,1,Sai Kung - Kau Sai Village/High Island,65.0,2026-02-10,td_ferry_route_fares_20260720
ferry,FERRY,7000023,1,Central - Discovery Bay,55.8,2026-05-22,td_ferry_route_fares_20260720
ferry,FERRY,7000023,2,Central - Discovery Bay,55.8,2026-05-22,td_ferry_route_fares_20260720
ferry,FERRY,7000025,1,Sha Tau Kok - Lai Chi Wo/Kat O/Ap Chau,40.0,2026-01-02,td_ferry_route_fares_20260720
ferry,FERRY,7000025,2,Sha Tau Kok - Lai Chi Wo/Kat O/Ap Chau,40.0,2026-01-02,td_ferry_route_fares_20260720
ferry,FERRY,7000027,1,Tseung Kwan O (South) – Sai Wan Ho,16.8,2026-04-28,td_ferry_route_fares_20260720
ferry,FERRY,7000027,2,Tseung Kwan O (South) – Sai Wan Ho,16.8,2026-04-28,td_ferry_route_fares_20260720
ferry,FERRY,7000028,1,Sai Kung - Kau Sai Village/High Island,65.0,2026-02-10,td_ferry_route_fares_20260720
ferry,FERRY,7000028,2,Sai Kung - Kau Sai Village/High Island,65.0,2026-02-10,td_ferry_route_fares_20260720
ferry,FERRY,7000029,1,Tai Shui Hang - Lai Chi Wo/Kat O/Ap Chau,80.0,2025-05-29,td_ferry_route_fares_20260720
ferry,FERRY,7000029,2,Tai Shui Hang - Lai Chi Wo/Kat O/Ap Chau,80.0,2025-05-29,td_ferry_route_fares_20260720
ferry,FERRY,7000030,1,Sha Tau Kok - Ap Chau/Kat O/Lai Chi Wo,40.0,2026-01-02,td_ferry_route_fares_20260720
ferry,FERRY,7000030,2,Sha Tau Kok - Ap Chau/Kat O/Lai Chi Wo,40.0,2026-01-02,td_ferry_route_fares_20260720
ferry,FERRY,7000031,1,Aberdeen/Stanley - Po Toi Island,30.0,2026-01-12,td_ferry_route_fares_20260720
