person_id,leg_sequence,mode,cost_component,cost_hkd,cost_source,cost_effective_date,cost_quality,mapping_status,unresolved_reason,required_missing_fields,population_group,role,origin_type,destination_type,origin_facility_id,destination_facility_id,departure_time_s,is_discretionary,serialized_leg_mode,serialized_route_type,serialized_route_attribute_names,serialized_route_has_text,serialized_start_link_id,serialized_end_link_id,serialized_route_distance_m,serialized_route_travel_time,actual_transport_mode,actual_line_id,actual_route_id,actual_direction,boarding_stop_id,alighting_stop_id,transfer_chain,source_record_id,fare_scope,transfer_concession_hkd,transfer_concession_status,transfer_concession_source,fare_passenger_type,fare_payment_medium,estimation_method
hk_collective_000000,0,pt,pt_fare_chargeability_audit,,,,U,unresolved,generic_pt_leg_missing_actual_mode_line_route_boarding_alighting_transfer_chain,actual_transport_mode;actual_line_id;actual_route_id;actual_direction;boarding_stop_id;alighting_stop_id;transfer_chain,resident,fixed_worker,home,work,home_hk_collective_000000,work_poi_igeocom:531363,23071.0,False,pt,generic,distance;end_link;start_link;trav_time;type,False,road_8166_0_r,road_101609_0_f,63624.36599999999,01:59:46,,,,,,,,,,,not_modelled_no_serialized_transfer_chain_or_eligibility,,adult_reference_not_applied,Octopus_reference_not_applied,audit_only_no_fare_estimation
hk_collective_000000,1,pt,pt_fare_chargeability_audit,,,,U,unresolved,generic_pt_leg_missing_actual_mode_line_route_boarding_alighting_transfer_chain,actual_transport_mode;actual_line_id;actual_route_id;actual_direction;boarding_stop_id;alighting_stop_id;transfer_chain,resident,fixed_worker,work,home,work_poi_igeocom:531363,home_hk_collective_000000,63451.0,False,pt,generic,distance;end_link;start_link;trav_time;type,False,road_101609_0_f,road_8166_0_r,63662.18900000001,02:00:17,,,,,,,,,,,not_modelled_no_serialized_transfer_chain_or_eligibility,,adult_reference_not_applied,Octopus_reference_not_applied,audit_only_no_fare_estimation
hk_collective_000002,0,pt,pt_fare_chargeability_audit,,,,U,unresolved,generic_pt_leg_missing_actual_mode_line_route_boarding_alighting_transfer_chain,actual_transport_mode;actual_line_id;actual_route_id;actual_direction;boarding_stop_id;alighting_stop_id;transfer_chain,resident,work_mobile,home,work_mobile,home_hk_collective_000002,work_mobile_grid_23,27301.0,False,pt,generic,distance;end_link;start_link;trav_time;type,False,road_284489_0_f,road_9203_0_f,6639.999,00:15:55,,,,,,,,,,,not_modelled_no_serialized_transfer_chain_or_eligibility,,adult_reference_not_applied,Octopus_reference_not_applied,audit_only_no_fare_estimation
hk_collective_000002,1,pt,pt_fare_chargeability_audit,,,,U,unresolved,generic_pt_leg_missing_actual_mode_line_route_boarding_alighting_transfer_chain,actual_transport_mode;actual_line_id;actual_route_id;actual_direction;boarding_stop_id;alighting_stop_id;transfer_chain,resident,work_mobile,work_mobile,home,work_mobile_grid_23,home_hk_collective_000002,57364.0,False,pt,generic,distance;end_link;start_link;trav_time;type,False,road_9203_0_f,road_284489_0_f,6488.849000000003,00:15:33,,,,,,,,,,,not_modelled_no_serialized_transfer_chain_or_eligibility,,adult_reference_not_applied,Octopus_reference_not_applied,audit_only_no_fare_estimation
hk_collective_000004,0,pt,pt_fare_chargeability_audit,,,,U,unresolved,generic_pt_leg_missing_actual_mode_line_route_boarding_alighting_transfer_chain,actual_transport_mode;actual_line_id;actual_route_id;actual_direction;boarding_stop_id;alighting_stop_id;transfer_chain,resident,fixed_worker,home,work,home_hk_collective_000004,work_grid_814,31972.0,False,pt,generic,distance;end_link;start_link;trav_time;type,False,road_274383_0_r,road_64134_0_f,61502.71899999997,02:00:03,,,,,,,,,,,not_modelled_no_serialized_transfer_chain_or_eligibility,,adult_reference_not_applied,Octopus_reference_not_applied,audit_only_no_fare_estimation
hk_collective_000004,1,pt,pt_fare_chargeability_audit,,,,U,unresolved,generic_pt_leg_missing_actual_mode_line_route_boarding_alighting_transfer_chain,actual_transport_mode;actual_line_id;actual_route_id;actual_direction;boarding_stop_id;alighting_stop_id;transfer_chain,resident,fixed_worker,work,home,work_grid_814,home_hk_collective_000004,58440.0,False,pt,generic,distance;end_link;start_link;trav_time;type,False,road_64134_0_f,road_274383_0_r,60840.233,01:58:24,,,,,,,,,,,not_modelled_no_serialized_transfer_chain_or_eligibility,,adult_reference_not_applied,Octopus_reference_not_applied,audit_only_no_fare_estimation
hk_collective_000005,0,pt,pt_fare_chargeability_audit,,,,U,unresolved,generic_pt_leg_missing_actual_mode_line_route_boarding_alighting_transfer_chain,actual_transport_mode;actual_line_id;actual_route_id;actual_direction;boarding_stop_id;alighting_stop_id;transfer_chain,resident,fixed_worker,home,work,home_hk_collective_000005,work_poi_igeocom:21128864,27460.0,False,pt,generic,distance;end_link;start_link;trav_time;type,False,road_274363_0_f,road_266886_0_f,47352.42199999998,01:31:33,,,,,,,,,,,not_modelled_no_serialized_transfer_chain_or_eligibility,,adult_reference_not_applied,Octopus_reference_not_applied,audit_only_no_fare_estimation
hk_collective_000005,1,pt,pt_fare_chargeability_audit,,,,U,unresolved,generic_pt_leg_missing_actual_mode_line_route_boarding_alighting_transfer_chain,actual_transport_mode;actual_line_id;actual_route_id;actual_direction;boarding_stop_id;alighting_stop_id;transfer_chain,resident,fixed_worker,work,home,work_poi_igeocom:21128864,home_hk_collective_000005,54777.0,False,pt,generic,distance;end_link;start_link;trav_time;type,False,road_266886_0_f,road_274363_0_f,46376.22400000001,01:30:44,,,,,,,,,,,not_modelled_no_serialized_transfer_chain_or_eligibility,,adult_reference_not_applied,Octopus_reference_not_applied,audit_only_no_fare_estimation
hk_collective_000008,0,pt,pt_fare_chargeability_audit,,,,U,unresolved,generic_pt_leg_missing_actual_mode_line_route_boarding_alighting_transfer_chain,actual_transport_mode;actual_line_id;actual_route_id;actual_direction;boarding_stop_id;alighting_stop_id;transfer_chain,resident,fixed_worker,home,work,home_hk_collective_000008,work_grid_1146,26893.0,False,pt,generic,distance;end_link;start_link;trav_time;type,False,road_284489_0_f,road_4357_0_r,71612.19099999999,02:17:05,,,,,,,,,,,not_modelled_no_serialized_transfer_chain_or_eligibility,,adult_reference_not_applied,Octopus_reference_not_applied,audit_only_no_fare_estimation
hk_collective_000008,1,pt,pt_fare_chargeability_audit,,,,U,unresolved,generic_pt_leg_missing_actual_mode_line_route_boarding_alighting_transfer_chain,actual_transport_mode;actual_line_id;actual_route_id;actual_direction;boarding_stop_id;alighting_stop_id;transfer_chain,resident,fixed_worker,work,home,work_grid_1146,home_hk_collective_000008,61848.0,False,pt,generic,distance;end_link;start_link;trav_time;type,False,road_4357_0_r,road_284489_0_f,65996.21900000001,02:04:09,,,,,,,,,,,not_modelled_no_serialized_transfer_chain_or_eligibility,,adult_reference_not_applied,Octopus_reference_not_applied,audit_only_no_fare_estimation
hk_collective_000011,0,pt,pt_fare_chargeability_audit,,,,U,unresolved,generic_pt_leg_missing_actual_mode_line_route_boarding_alighting_transfer_chain,actual_transport_mode;actual_line_id;actual_route_id;actual_direction;boarding_stop_id;alighting_stop_id;transfer_chain,resident,fixed_worker,home,work,home_hk_collective_000011,work_poi_osm:missing:52110,27810.0,False,pt,generic,distance;end_link;start_link;trav_time;type,False,road_7625_0_r,road_116794_0_r,61904.63299999999,01:55:49,,,,,,,,,,,not_modelled_no_serialized_transfer_chain_or_eligibility,,adult_reference_not_applied,Octopus_reference_not_applied,audit_only_no_fare_estimation
hk_collective_000011,1,pt,pt_fare_chargeability_audit,,,,U,unresolved,generic_pt_leg_missing_actual_mode_line_route_boarding_alighting_transfer_chain,actual_transport_mode;actual_line_id;actual_route_id;actual_direction;boarding_stop_id;alighting_stop_id;transfer_chain,resident,fixed_worker,work,home,work_poi_osm:missing:52110,home_hk_collective_000011,51588.0,False,pt,generic,distance;end_link;start_link;trav_time;type,False,road_116794_0_r,road_7625_0_r,61838.21100000002,01:55:52,,,,,,,,,,,not_modelled_no_serialized_transfer_chain_or_eligibility,,adult_reference_not_applied,Octopus_reference_not_applied,audit_only_no_fare_estimation
hk_collective_000012,0,pt,pt_fare_chargeability_audit,,,,U,unresolved,generic_pt_leg_missing_actual_mode_line_route_boarding_alighting_transfer_chain,actual_transport_mode;actual_line_id;actual_route_id;actual_direction;boarding_stop_id;alighting_stop_id;transfer_chain,resident,fixed_worker,home,work,home_hk_collective_000012,work_poi_igeocom:21172204,27991.0,False,pt,generic,distance;end_link;start_link;trav_time;type,False,road_7596_0_f,road_551_0_f,59452.82499999999,01:56:11,,,,,,,,,,,not_modelled_no_serialized_transfer_chain_or_eligibility,,adult_reference_not_applied,Octopus_reference_not_applied,audit_only_no_fare_estimation
hk_collective_000012,1,pt,pt_fare_chargeability_audit,,,,U,unresolved,generic_pt_leg_missing_actual_mode_line_route_boarding_alighting_transfer_chain,actual_transport_mode;actual_line_id;actual_route_id;actual_direction;boarding_stop_id;alighting_stop_id;transfer_chain,resident,fixed_worker,work,home,work_poi_igeocom:21172204,home_hk_collective_000012,65948.0,False,pt,generic,distance;end_link;start_link;trav_time;type,False,road_551_0_f,road_7596_0_f,58924.019,01:54:46,,,,,,,,,,,not_modelled_no_serialized_transfer_chain_or_eligibility,,adult_reference_not_applied,Octopus_reference_not_applied,audit_only_no_fare_estimation
hk_collective_000013,0,pt,pt_fare_chargeability_audit,,,,U,unresolved,generic_pt_leg_missing_actual_mode_line_route_boarding_alighting_transfer_chain,actual_transport_mode;actual_line_id;actual_route_id;actual_direction;boarding_stop_id;alighting_stop_id;transfer_chain,resident,fixed_worker,home,work,home_hk_collective_000013,work_poi_osm:12560825759:45055,26708.0,False,pt,generic,distance;end_link;start_link;trav_time;type,False,road_9301_0_f,road_115850_0_f,52087.515,01:40:35,,,,,,,,,,,not_modelled_no_serialized_transfer_chain_or_eligibility,,adult_reference_not_applied,Octopus_reference_not_applied,audit_only_no_fare_estimation
hk_collective_000013,1,pt,pt_fare_chargeability_audit,,,,U,unresolved,generic_pt_leg_missing_actual_mode_line_route_boarding_alighting_transfer_chain,actual_transport_mode;actual_line_id;actual_route_id;actual_direction;boarding_stop_id;alighting_stop_id;transfer_chain,resident,fixed_worker,work,home,work_poi_osm:12560825759:45055,home_hk_collective_000013,61650.0,False,pt,generic,distance;end_link;start_link;trav_time;type,False,road_115850_0_f,road_9301_0_f,52220.07900000002,01:40:52,,,,,,,,,,,not_modelled_no_serialized_transfer_chain_or_eligibility,,adult_reference_not_applied,Octopus_reference_not_applied,audit_only_no_fare_estimation
hk_collective_000014,0,pt,pt_fare_chargeability_audit,,,,U,unresolved,generic_pt_leg_missing_actual_mode_line_route_boarding_alighting_transfer_chain,actual_transport_mode;actual_line_id;actual_route_id;actual_direction;boarding_stop_id;alighting_stop_id;transfer_chain,resident,fixed_worker,home,work,home_hk_collective_000014,work_poi_igeocom:21133551,32145.0,False,pt,generic,distance;end_link;start_link;trav_time;type,False,road_9557_0_f,road_106541_0_f,48050.43999999999,01:33:57,,,,,,,,,,,not_modelled_no_serialized_transfer_chain_or_eligibility,,adult_reference_not_applied,Octopus_reference_not_applied,audit_only_no_fare_estimation
hk_collective_000014,1,pt,pt_fare_chargeability_audit,,,,U,unresolved,generic_pt_leg_missing_actual_mode_line_route_boarding_alighting_transfer_chain,actual_transport_mode;actual_line_id;actual_route_id;actual_direction;boarding_stop_id;alighting_stop_id;transfer_chain,resident,fixed_worker,work,home,work_poi_igeocom:21133551,home_hk_collective_000014,65629.0,False,pt,generic,distance;end_link;start_link;trav_time;type,False,road_106541_0_f,road_9557_0_f,48576.89900000001,01:34:33,,,,,,,,,,,not_modelled_no_serialized_transfer_chain_or_eligibility,,adult_reference_not_applied,Octopus_reference_not_applied,audit_only_no_fare_estimation
hk_collective_000015,0,pt,pt_fare_chargeability_audit,,,,U,unresolved,generic_pt_leg_missing_actual_mode_line_route_boarding_alighting_transfer_chain,actual_transport_mode;actual_line_id;actual_route_id;actual_direction;boarding_stop_id;alighting_stop_id;transfer_chain,resident,fixed_worker,home,work,home_hk_collective_000015,work_poi_igeocom:545329,31557.0,False,pt,generic,distance;end_link;start_link;trav_time;type,False,road_8600_0_f,road_106982_0_f,49012.09299999998,01:35:05,,,,,,,,,,,not_modelled_no_serialized_transfer_chain_or_eligibility,,adult_reference_not_applied,Octopus_reference_not_applied,audit_only_no_fare_estimation
hk_collective_000015,1,pt,pt_fare_chargeability_audit,,,,U,unresolved,generic_pt_leg_missing_actual_mode_line_route_boarding_alighting_transfer_chain,actual_transport_mode;actual_line_id;actual_route_id;actual_direction;boarding_stop_id;alighting_stop_id;transfer_chain,resident,fixed_worker,work,home,work_poi_igeocom:545329,home_hk_collective_000015,67573.0,False,pt,generic,distance;end_link;start_link;trav_time;type,False,road_106982_0_f,road_8600_0_f,48889.70600000002,01:35:18,,,,,,,,,,,not_modelled_no_serialized_transfer_chain_or_eligibility,,adult_reference_not_applied,Octopus_reference_not_applied,audit_only_no_fare_estimation
hk_collective_000017,0,pt,pt_fare_chargeability_audit,,,,U,unresolved,generic_pt_leg_missing_actual_mode_line_route_boarding_alighting_transfer_chain,actual_transport_mode;actual_line_id;actual_route_id;actual_direction;boarding_stop_id;alighting_stop_id;transfer_chain,resident,fixed_worker,home,work,home_hk_collective_000017,work_poi_osm:missing:70359,31851.0,False,pt,generic,distance;end_link;start_link;trav_time;type,False,road_9261_0_f,road_61538_0_f,53708.313999999984,01:45:26,,,,,,,,,,,not_modelled_no_serialized_transfer_chain_or_eligibility,,adult_reference_not_applied,Octopus_reference_not_applied,audit_only_no_fare_estimation
hk_collective_000017,1,pt,pt_fare_chargeability_audit,,,,U,unresolved,generic_pt_leg_missing_actual_mode_line_route_boarding_alighting_transfer_chain,actual_transport_mode;actual_line_id;actual_route_id;actual_direction;boarding_stop_id;alighting_stop_id;transfer_chain,resident,fixed_worker,work,home,work_poi_osm:missing:70359,home_hk_collective_000017,59035.0,False,pt,generic,distance;end_link;start_link;trav_time;type,False,road_61538_0_f,road_9261_0_f,52943.01000000001,01:44:45,,,,,,,,,,,not_modelled_no_serialized_transfer_chain_or_eligibility,,adult_reference_not_applied,Octopus_reference_not_applied,audit_only_no_fare_estimation
hk_collective_000018,0,pt,pt_fare_chargeability_audit,,,,U,unresolved,generic_pt_leg_missing_actual_mode_line_route_boarding_alighting_transfer_chain,actual_transport_mode;actual_line_id;actual_route_id;actual_direction;boarding_stop_id;alighting_stop_id;transfer_chain,resident,usual_resident_border,home,border,home_hk_collective_000018,border_2,21757.0,False,pt,generic,distance;end_link;start_link;trav_time;type,False,road_7625_0_r,road_112015_0_f,59713.47299999999,01:51:01,,,,,,,,,,,not_modelled_no_serialized_transfer_chain_or_eligibility,,adult_reference_not_applied,Octopus_reference_not_applied,audit_only_no_fare_estimation
hk_collective_000018,1,pt,pt_fare_chargeability_audit,,,,U,unresolved,generic_pt_leg_missing_actual_mode_line_route_boarding_alighting_transfer_chain,actual_transport_mode;actual_line_id;actual_route_id;actual_direction;boarding_stop_id;alighting_stop_id;transfer_chain,resident,usual_resident_border,border,home,border_2,home_hk_collective_000018,71381.0,False,pt,generic,distance;end_link;start_link;trav_time;type,False,road_112015_0_f,road_7625_0_r,59800.03800000001,01:51:04,,,,,,,,,,,not_modelled_no_serialized_transfer_chain_or_eligibility,,adult_reference_not_applied,Octopus_reference_not_applied,audit_only_no_fare_estimation
hk_collective_000020,0,pt,pt_fare_chargeability_audit,,,,U,unresolved,generic_pt_leg_missing_actual_mode_line_route_boarding_alighting_transfer_chain,actual_transport_mode;actual_line_id;actual_route_id;actual_direction;boarding_stop_id;alighting_stop_id;transfer_chain,resident,work_mobile,home,work_mobile,home_hk_collective_000020,work_mobile_poi_igeocom:553055,31291.0,False,pt,generic,distance;end_link;start_link;trav_time;type,False,road_9879_0_r,road_7960_0_f,15209.230999999998,00:40:05,,,,,,,,,,,not_modelled_no_serialized_transfer_chain_or_eligibility,,adult_reference_not_applied,Octopus_reference_not_applied,audit_only_no_fare_estimation
hk_collective_000020,1,pt,pt_fare_chargeability_audit,,,,U,unresolved,generic_pt_leg_missing_actual_mode_line_route_boarding_alighting_transfer_chain,actual_transport_mode;actual_line_id;actual_route_id;actual_direction;boarding_stop_id;alighting_stop_id;transfer_chain,resident,work_mobile,work_mobile,home,work_mobile_poi_igeocom:553055,home_hk_collective_000020,62113.0,False,pt,generic,distance;end_link;start_link;trav_time;type,False,road_7960_0_f,road_9879_0_r,14168.924,00:37:34,,,,,,,,,,,not_modelled_no_serialized_transfer_chain_or_eligibility,,adult_reference_not_applied,Octopus_reference_not_applied,audit_only_no_fare_estimation
hk_collective_000022,0,pt,pt_fare_chargeability_audit,,,,U,unresolved,generic_pt_leg_missing_actual_mode_line_route_boarding_alighting_transfer_chain,actual_transport_mode;actual_line_id;actual_route_id;actual_direction;boarding_stop_id;alighting_stop_id;transfer_chain,resident,fixed_worker,home,work,home_hk_collective_000022,work_grid_1146,28129.0,False,pt,generic,distance;end_link;start_link;trav_time;type,False,road_9568_0_f,road_4357_0_r,67186.666,02:06:29,,,,,,,,,,,not_modelled_no_serialized_transfer_chain_or_eligibility,,adult_reference_not_applied,Octopus_reference_not_applied,audit_only_no_fare_estimation
hk_collective_000022,1,pt,pt_fare_chargeability_audit,,,,U,unresolved,generic_pt_leg_missing_actual_mode_line_route_boarding_alighting_transfer_chain,actual_transport_mode;actual_line_id;actual_route_id;actual_direction;boarding_stop_id;alighting_stop_id;transfer_chain,resident,fixed_worker,work,home,work_grid_1146,home_hk_collective_000022,59207.0,False,pt,generic,distance;end_link;start_link;trav_time;type,False,road_4357_0_r,road_9568_0_f,61758.22800000001,01:54:00,,,,,,,,,,,not_modelled_no_serialized_transfer_chain_or_eligibility,,adult_reference_not_applied,Octopus_reference_not_applied,audit_only_no_fare_estimation
hk_collective_000024,0,pt,pt_fare_chargeability_audit,,,,U,unresolved,generic_pt_leg_missing_actual_mode_line_route_boarding_alighting_transfer_chain,actual_transport_mode;actual_line_id;actual_route_id;actual_direction;boarding_stop_id;alighting_stop_id;transfer_chain,resident,fixed_worker,home,work,home_hk_collective_000024,work_poi_igeocom:21074465,30511.0,False,pt,generic,distance;end_link;start_link;trav_time;type,False,road_7922_0_f,road_836_0_r,67242.965,02:06:36,,,,,,,,,,,not_modelled_no_serialized_transfer_chain_or_eligibility,,adult_reference_not_applied,Octopus_reference_not_applied,audit_only_no_fare_estimation
hk_collective_000024,1,pt,pt_fare_chargeability_audit,,,,U,unresolved,generic_pt_leg_missing_actual_mode_line_route_boarding_alighting_transfer_chain,actual_transport_mode;actual_line_id;actual_route_id;actual_direction;boarding_stop_id;alighting_stop_id;transfer_chain,resident,fixed_worker,work,home,work_poi_igeocom:21074465,home_hk_collective_000024,64691.0,False,pt,generic,distance;end_link;start_link;trav_time;type,False,road_836_0_r,road_7922_0_f,67137.80500000002,02:06:53,,,,,,,,,,,not_modelled_no_serialized_transfer_chain_or_eligibility,,adult_reference_not_applied,Octopus_reference_not_applied,audit_only_no_fare_estimation
hk_collective_000026,0,pt,pt_fare_chargeability_audit,,,,U,unresolved,generic_pt_leg_missing_actual_mode_line_route_boarding_alighting_transfer_chain,actual_transport_mode;actual_line_id;actual_route_id;actual_direction;boarding_stop_id;alighting_stop_id;transfer_chain,resident,tertiary_student,home,education_tertiary,home_hk_collective_000026,education_tertiary_poi_igeocom:21105525,31732.0,False,pt,generic,distance;end_link;start_link;trav_time;type,False,road_94775_0_f,road_95027_0_f,17535.791000000005,00:31:42,,,,,,,,,,,not_modelled_no_serialized_transfer_chain_or_eligibility,,adult_reference_not_applied,Octopus_reference_not_applied,audit_only_no_fare_estimation
hk_collective_000026,1,pt,pt_fare_chargeability_audit,,,,U,unresolved,generic_pt_leg_missing_actual_mode_line_route_boarding_alighting_transfer_chain,actual_transport_mode;actual_line_id;actual_route_id;actual_direction;boarding_stop_id;alighting_stop_id;transfer_chain,resident,tertiary_student,education_tertiary,home,education_tertiary_poi_igeocom:21105525,home_hk_collective_000026,55259.0,False,pt,generic,distance;end_link;start_link;trav_time;type,False,road_95027_0_f,road_94775_0_f,19423.749,00:38:27,,,,,,,,,,,not_modelled_no_serialized_transfer_chain_or_eligibility,,adult_reference_not_applied,Octopus_reference_not_applied,audit_only_no_fare_estimation
hk_collective_000026,2,pt,pt_fare_chargeability_audit,,,,U,unresolved,generic_pt_leg_missing_actual_mode_line_route_boarding_alighting_transfer_chain,actual_transport_mode;actual_line_id;actual_route_id;actual_direction;boarding_stop_id;alighting_stop_id;transfer_chain,resident,tertiary_student,home,dining,home_hk_collective_000026,resident_dining_osm_6925197167_30290,55883.0,True,pt,generic,distance;end_link;start_link;trav_time;type,False,road_94775_0_f,road_116058_0_r,11003.492999999997,00:21:06,,,,,,,,,,,not_modelled_no_serialized_transfer_chain_or_eligibility,,adult_reference_not_applied,Octopus_reference_not_applied,audit_only_no_fare_estimation
hk_collective_000026,3,pt,pt_fare_chargeability_audit,,,,U,unresolved,generic_pt_leg_missing_actual_mode_line_route_boarding_alighting_transfer_chain,actual_transport_mode;actual_line_id;actual_route_id;actual_direction;boarding_stop_id;alighting_stop_id;transfer_chain,resident,tertiary_student,dining,home,resident_dining_osm_6925197167_30290,home_hk_collective_000026,62483.0,True,pt,generic,distance;end_link;start_link;trav_time;type,False,road_116058_0_r,road_94775_0_f,12691.707,00:26:33,,,,,,,,,,,not_modelled_no_serialized_transfer_chain_or_eligibility,,adult_reference_not_applied,Octopus_reference_not_applied,audit_only_no_fare_estimation
hk_collective_000028,0,pt,pt_fare_chargeability_audit,,,,U,unresolved,generic_pt_leg_missing_actual_mode_line_route_boarding_alighting_transfer_chain,actual_transport_mode;actual_line_id;actual_route_id;actual_direction;boarding_stop_id;alighting_stop_id;transfer_chain,resident,home_only,home,leisure,home_hk_collective_000028,resident_leisure_igeocom_528559,39572.0,True,pt,generic,distance;end_link;start_link;trav_time;type,False,road_96123_0_f,road_269743_0_r,13862.990999999998,00:24:45,,,,,,,,,,,not_modelled_no_serialized_transfer_chain_or_eligibility,,adult_reference_not_applied,Octopus_reference_not_applied,audit_only_no_fare_estimation
hk_collective_000028,1,pt,pt_fare_chargeability_audit,,,,U,unresolved,generic_pt_leg_missing_actual_mode_line_route_boarding_alighting_transfer_chain,actual_transport_mode;actual_line_id;actual_route_id;actual_direction;boarding_stop_id;alighting_stop_id;transfer_chain,resident,home_only,leisure,dining,resident_leisure_igeocom_528559,resident_dining_osm_12404728797_44426,50972.0,True,pt,generic,distance;end_link;start_link;trav_time;type,False,road_269743_0_r,road_98710_0_f,8119.892999999998,00:15:32,,,,,,,,,,,not_modelled_no_serialized_transfer_chain_or_eligibility,,adult_reference_not_applied,Octopus_reference_not_applied,audit_only_no_fare_estimation
hk_collective_000028,2,pt,pt_fare_chargeability_audit,,,,U,unresolved,generic_pt_leg_missing_actual_mode_line_route_boarding_alighting_transfer_chain,actual_transport_mode;actual_line_id;actual_route_id;actual_direction;boarding_stop_id;alighting_stop_id;transfer_chain,resident,home_only,dining,home,resident_dining_osm_12404728797_44426,home_hk_collective_000028,57572.0,True,pt,generic,distance;end_link;start_link;trav_time;type,False,road_98710_0_f,road_96123_0_f,6576.049999999998,00:12:49,,,,,,,,,,,not_modelled_no_serialized_transfer_chain_or_eligibility,,adult_reference_not_applied,Octopus_reference_not_applied,audit_only_no_fare_estimation
hk_collective_000030,0,pt,pt_fare_chargeability_audit,,,,U,unresolved,generic_pt_leg_missing_actual_mode_line_route_boarding_alighting_transfer_chain,actual_transport_mode;actual_line_id;actual_route_id;actual_direction;boarding_stop_id;alighting_stop_id;transfer_chain,resident,fixed_worker,home,work,home_hk_collective_000030,work_poi_igeocom:539399,31457.0,False,pt,generic,distance;end_link;start_link;trav_time;type,False,road_7932_0_r,road_2340_0_f,57380.12900000001,01:42:56,,,,,,,,,,,not_modelled_no_serialized_transfer_chain_or_eligibility,,adult_reference_not_applied,Octopus_reference_not_applied,audit_only_no_fare_estimation
hk_collective_000030,1,pt,pt_fare_chargeability_audit,,,,U,unresolved,generic_pt_leg_missing_actual_mode_line_route_boarding_alighting_transfer_chain,actual_transport_mode;actual_line_id;actual_route_id;actual_direction;boarding_stop_id;alighting_stop_id;transfer_chain,resident,fixed_worker,work,home,work_poi_igeocom:539399,home_hk_collective_000030,62327.0,False,pt,generic,distance;end_link;start_link;trav_time;type,False,road_2340_0_f,road_7932_0_r,57239.47900000002,01:43:09,,,,,,,,,,,not_modelled_no_serialized_transfer_chain_or_eligibility,,adult_reference_not_applied,Octopus_reference_not_applied,audit_only_no_fare_estimation
hk_collective_000032,0,pt,pt_fare_chargeability_audit,,,,U,unresolved,generic_pt_leg_missing_actual_mode_line_route_boarding_alighting_transfer_chain,actual_transport_mode;actual_line_id;actual_route_id;actual_direction;boarding_stop_id;alighting_stop_id;transfer_chain,resident,fixed_worker,home,work,home_hk_collective_000032,work_poi_igeocom:21079254,29014.0,False,pt,generic,distance;end_link;start_link;trav_time;type,False,road_9590_0_f,road_1699_0_f,42827.55799999999,01:12:31,,,,,,,,,,,not_modelled_no_serialized_transfer_chain_or_eligibility,,adult_reference_not_applied,Octopus_reference_not_applied,audit_only_no_fare_estimation
hk_collective_000032,1,pt,pt_fare_chargeability_audit,,,,U,unresolved,generic_pt_leg_missing_actual_mode_line_route_boarding_alighting_transfer_chain,actual_transport_mode;actual_line_id;actual_route_id;actual_direction;boarding_stop_id;alighting_stop_id;transfer_chain,resident,fixed_worker,work,home,work_poi_igeocom:21079254,home_hk_collective_000032,69877.0,False,pt,generic,distance;end_link;start_link;trav_time;type,False,road_1699_0_f,road_9590_0_f,42346.368,01:12:01,,,,,,,,,,,not_modelled_no_serialized_transfer_chain_or_eligibility,,adult_reference_not_applied,Octopus_reference_not_applied,audit_only_no_fare_estimation
hk_collective_000036,0,pt,pt_fare_chargeability_audit,,,,U,unresolved,generic_pt_leg_missing_actual_mode_line_route_boarding_alighting_transfer_chain,actual_transport_mode;actual_line_id;actual_route_id;actual_direction;boarding_stop_id;alighting_stop_id;transfer_chain,resident,home_only,home,shopping,home_hk_collective_000036,resident_shopping_osm_6320858129_28098,37913.0,True,pt,generic,distance;end_link;start_link;trav_time;type,False,road_260948_0_f,road_272733_0_f,46526.072999999975,01:17:51,,,,,,,,,,,not_modelled_no_serialized_transfer_chain_or_eligibility,,adult_reference_not_applied,Octopus_reference_not_applied,audit_only_no_fare_estimation
hk_collective_000036,1,pt,pt_fare_chargeability_audit,,,,U,unresolved,generic_pt_leg_missing_actual_mode_line_route_boarding_alighting_transfer_chain,actual_transport_mode;actual_line_id;actual_route_id;actual_direction;boarding_stop_id;alighting_stop_id;transfer_chain,resident,home_only,shopping,home,resident_shopping_osm_6320858129_28098,home_hk_collective_000036,44813.0,True,pt,generic,distance;end_link;start_link;trav_time;type,False,road_272733_0_f,road_260948_0_f,47107.65499999999,01:20:49,,,,,,,,,,,not_modelled_no_serialized_transfer_chain_or_eligibility,,adult_reference_not_applied,Octopus_reference_not_applied,audit_only_no_fare_estimation
hk_collective_000037,0,pt,pt_fare_chargeability_audit,,,,U,unresolved,generic_pt_leg_missing_actual_mode_line_route_boarding_alighting_transfer_chain,actual_transport_mode;actual_line_id;actual_route_id;actual_direction;boarding_stop_id;alighting_stop_id;transfer_chain,resident,work_mobile,home,work_mobile,home_hk_collective_000037,work_mobile_poi_igeocom:21133106,28910.0,False,pt,generic,distance;end_link;start_link;trav_time;type,False,road_96462_0_f,road_267590_0_f,39990.82499999999,01:08:53,,,,,,,,,,,not_modelled_no_serialized_transfer_chain_or_eligibility,,adult_reference_not_applied,Octopus_reference_not_applied,audit_only_no_fare_estimation
hk_collective_000037,1,pt,pt_fare_chargeability_audit,,,,U,unresolved,generic_pt_leg_missing_actual_mode_line_route_boarding_alighting_transfer_chain,actual_transport_mode;actual_line_id;actual_route_id;actual_direction;boarding_stop_id;alighting_stop_id;transfer_chain,resident,work_mobile,work_mobile,home,work_mobile_poi_igeocom:21133106,home_hk_collective_000037,60655.0,False,pt,generic,distance;end_link;start_link;trav_time;type,False,road_267590_0_f,road_96462_0_f,39444.00100000001,01:09:23,,,,,,,,,,,not_modelled_no_serialized_transfer_chain_or_eligibility,,adult_reference_not_applied,Octopus_reference_not_applied,audit_only_no_fare_estimation
hk_collective_000038,0,pt,pt_fare_chargeability_audit,,,,U,unresolved,generic_pt_leg_missing_actual_mode_line_route_boarding_alighting_transfer_chain,actual_transport_mode;actual_line_id;actual_route_id;actual_direction;boarding_stop_id;alighting_stop_id;transfer_chain,resident,work_mobile,home,work_mobile,home_hk_collective_000038,work_mobile_poi_osm:missing:64175,28465.0,False,pt,generic,distance;end_link;start_link;trav_time;type,False,road_131755_0_r,road_134956_0_f,1470.87,00:03:31,,,,,,,,,,,not_modelled_no_serialized_transfer_chain_or_eligibility,,adult_reference_not_applied,Octopus_reference_not_applied,audit_only_no_fare_estimation
hk_collective_000038,1,pt,pt_fare_chargeability_audit,,,,U,unresolved,generic_pt_leg_missing_actual_mode_line_route_boarding_alighting_transfer_chain,actual_transport_mode;actual_line_id;actual_route_id;actual_direction;boarding_stop_id;alighting_stop_id;transfer_chain,resident,work_mobile,work_mobile,home,work_mobile_poi_osm:missing:64175,home_hk_collective_000038,67705.0,False,pt,generic,distance;end_link;start_link;trav_time;type,False,road_134956_0_f,road_131755_0_r,1469.177,00:03:31,,,,,,,,,,,not_modelled_no_serialized_transfer_chain_or_eligibility,,adult_reference_not_applied,Octopus_reference_not_applied,audit_only_no_fare_estimation
hk_collective_000040,0,pt,pt_fare_chargeability_audit,,,,U,unresolved,generic_pt_leg_missing_actual_mode_line_route_boarding_alighting_transfer_chain,actual_transport_mode;actual_line_id;actual_route_id;actual_direction;boarding_stop_id;alighting_stop_id;transfer_chain,resident,work_mobile,home,work_mobile,home_hk_collective_000040,work_mobile_poi_igeocom:539374,29386.0,False,pt,generic,distance;end_link;start_link;trav_time;type,False,road_8849_0_f,road_7928_0_f,3687.236,00:07:56,,,,,,,,,,,not_modelled_no_serialized_transfer_chain_or_eligibility,,adult_reference_not_applied,Octopus_reference_not_applied,audit_only_no_fare_estimation
hk_collective_000040,1,pt,pt_fare_chargeability_audit,,,,U,unresolved,generic_pt_leg_missing_actual_mode_line_route_boarding_alighting_transfer_chain,actual_transport_mode;actual_line_id;actual_route_id;actual_direction;boarding_stop_id;alighting_stop_id;transfer_chain,resident,work_mobile,work_mobile,home,work_mobile_poi_igeocom:539374,home_hk_collective_000040,66567.0,False,pt,generic,distance;end_link;start_link;trav_time;type,False,road_7928_0_f,road_8849_0_f,9896.176,00:14:56,,,,,,,,,,,not_modelled_no_serialized_transfer_chain_or_eligibility,,adult_reference_not_applied,Octopus_reference_not_applied,audit_only_no_fare_estimation
hk_collective_000041,0,pt,pt_fare_chargeability_audit,,,,U,unresolved,generic_pt_leg_missing_actual_mode_line_route_boarding_alighting_transfer_chain,actual_transport_mode;actual_line_id;actual_route_id;actual_direction;boarding_stop_id;alighting_stop_id;transfer_chain,resident,fixed_worker,home,work,home_hk_collective_000041,work_grid_1499,23856.0,False,pt,generic,distance;end_link;start_link;trav_time;type,False,road_7901_0_f,road_60486_0_f,59817.368,01:49:39,,,,,,,,,,,not_modelled_no_serialized_transfer_chain_or_eligibility,,adult_reference_not_applied,Octopus_reference_not_applied,audit_only_no_fare_estimation
hk_collective_000041,1,pt,pt_fare_chargeability_audit,,,,U,unresolved,generic_pt_leg_missing_actual_mode_line_route_boarding_alighting_transfer_chain,actual_transport_mode;actual_line_id;actual_route_id;actual_direction;boarding_stop_id;alighting_stop_id;transfer_chain,resident,fixed_worker,work,home,work_grid_1499,home_hk_collective_000041,55613.0,False,pt,generic,distance;end_link;start_link;trav_time;type,False,road_60486_0_f,road_7901_0_f,60819.394,01:52:06,,,,,,,,,,,not_modelled_no_serialized_transfer_chain_or_eligibility,,adult_reference_not_applied,Octopus_reference_not_applied,audit_only_no_fare_estimation
hk_collective_000045,0,pt,pt_fare_chargeability_audit,,,,U,unresolved,generic_pt_leg_missing_actual_mode_line_route_boarding_alighting_transfer_chain,actual_transport_mode;actual_line_id;actual_route_id;actual_direction;boarding_stop_id;alighting_stop_id;transfer_chain,resident,fixed_worker,home,work,home_hk_collective_000045,work_poi_osm:missing:70717,26772.0,False,pt,generic,distance;end_link;start_link;trav_time;type,False,road_7901_0_f,road_270387_0_r,57882.691000000006,01:37:33,,,,,,,,,,,not_modelled_no_serialized_transfer_chain_or_eligibility,,adult_reference_not_applied,Octopus_reference_not_applied,audit_only_no_fare_estimation
hk_collective_000045,1,pt,pt_fare_chargeability_audit,,,,U,unresolved,generic_pt_leg_missing_actual_mode_line_route_boarding_alighting_transfer_chain,actual_transport_mode;actual_line_id;actual_route_id;actual_direction;boarding_stop_id;alighting_stop_id;transfer_chain,resident,fixed_worker,work,home,work_poi_osm:missing:70717,home_hk_collective_000045,61842.0,False,pt,generic,distance;end_link;start_link;trav_time;type,False,road_270387_0_r,road_7901_0_f,58106.902999999984,01:41:02,,,,,,,,,,,not_modelled_no_serialized_transfer_chain_or_eligibility,,adult_reference_not_applied,Octopus_reference_not_applied,audit_only_no_fare_estimation
hk_collective_000046,0,pt,pt_fare_chargeability_audit,,,,U,unresolved,generic_pt_leg_missing_actual_mode_line_route_boarding_alighting_transfer_chain,actual_transport_mode;actual_line_id;actual_route_id;actual_direction;boarding_stop_id;alighting_stop_id;transfer_chain,resident,usual_resident_border,home,border,home_hk_collective_000046,border_0,19815.0,False,pt,generic,distance;end_link;start_link;trav_time;type,False,road_8186_0_f,road_273545_0_f,5385.906999999998,00:13:02,,,,,,,,,,,not_modelled_no_serialized_transfer_chain_or_eligibility,,adult_reference_not_applied,Octopus_reference_not_applied,audit_only_no_fare_estimation
hk_collective_000046,1,pt,pt_fare_chargeability_audit,,,,U,unresolved,generic_pt_leg_missing_actual_mode_line_route_boarding_alighting_transfer_chain,actual_transport_mode;actual_line_id;actual_route_id;actual_direction;boarding_stop_id;alighting_stop_id;transfer_chain,resident,usual_resident_border,border,home,border_0,home_hk_collective_000046,66199.0,False,pt,generic,distance;end_link;start_link;trav_time;type,False,road_273545_0_f,road_8186_0_f,6751.685,00:14:59,,,,,,,,,,,not_modelled_no_serialized_transfer_chain_or_eligibility,,adult_reference_not_applied,Octopus_reference_not_applied,audit_only_no_fare_estimation
hk_collective_000048,0,pt,pt_fare_chargeability_audit,,,,U,unresolved,generic_pt_leg_missing_actual_mode_line_route_boarding_alighting_transfer_chain,actual_transport_mode;actual_line_id;actual_route_id;actual_direction;boarding_stop_id;alighting_stop_id;transfer_chain,resident,work_mobile,home,work_mobile,home_hk_collective_000048,work_mobile_poi_igeocom:558364,33577.0,False,pt,generic,distance;end_link;start_link;trav_time;type,False,road_9243_0_f,road_1769_0_f,34248.48,00:52:02,,,,,,,,,,,not_modelled_no_serialized_transfer_chain_or_eligibility,,adult_reference_not_applied,Octopus_reference_not_applied,audit_only_no_fare_estimation
hk_collective_000048,1,pt,pt_fare_chargeability_audit,,,,U,unresolved,generic_pt_leg_missing_actual_mode_line_route_boarding_alighting_transfer_chain,actual_transport_mode;actual_line_id;actual_route_id;actual_direction;boarding_stop_id;alighting_stop_id;transfer_chain,resident,work_mobile,work_mobile,home,work_mobile_poi_igeocom:558364,home_hk_collective_000048,64888.0,False,pt,generic,distance;end_link;start_link;trav_time;type,False,road_1769_0_f,road_9243_0_f,34845.05599999999,00:54:38,,,,,,,,,,,not_modelled_no_serialized_transfer_chain_or_eligibility,,adult_reference_not_applied,Octopus_reference_not_applied,audit_only_no_fare_estimation
hk_collective_000049,0,pt,pt_fare_chargeability_audit,,,,U,unresolved,generic_pt_leg_missing_actual_mode_line_route_boarding_alighting_transfer_chain,actual_transport_mode;actual_line_id;actual_route_id;actual_direction;boarding_stop_id;alighting_stop_id;transfer_chain,resident,tertiary_student,home,education_tertiary,home_hk_collective_000049,education_tertiary_poi_igeocom:550218,33786.0,False,pt,generic,distance;end_link;start_link;trav_time;type,False,road_8849_0_f,road_1767_0_f,47313.81000000002,01:23:16,,,,,,,,,,,not_modelled_no_serialized_transfer_chain_or_eligibility,,adult_reference_not_applied,Octopus_reference_not_applied,audit_only_no_fare_estimation
hk_collective_000049,1,pt,pt_fare_chargeability_audit,,,,U,unresolved,generic_pt_leg_missing_actual_mode_line_route_boarding_alighting_transfer_chain,actual_transport_mode;actual_line_id;actual_route_id;actual_direction;boarding_stop_id;alighting_stop_id;transfer_chain,resident,tertiary_student,education_tertiary,home,education_tertiary_poi_igeocom:550218,home_hk_collective_000049,64233.0,False,pt,generic,distance;end_link;start_link;trav_time;type,False,road_1767_0_f,road_8849_0_f,46710.00799999999,01:21:46,,,,,,,,,,,not_modelled_no_serialized_transfer_chain_or_eligibility,,adult_reference_not_applied,Octopus_reference_not_applied,audit_only_no_fare_estimation
hk_collective_000049,2,pt,pt_fare_chargeability_audit,,,,U,unresolved,generic_pt_leg_missing_actual_mode_line_route_boarding_alighting_transfer_chain,actual_transport_mode;actual_line_id;actual_route_id;actual_direction;boarding_stop_id;alighting_stop_id;transfer_chain,resident,tertiary_student,home,leisure,home_hk_collective_000049,resident_leisure_igeocom_557051,65344.0,True,pt,generic,distance;end_link;start_link;trav_time;type,False,road_8849_0_f,road_9566_0_r,3714.761999999999,00:08:54,,,,,,,,,,,not_modelled_no_serialized_transfer_chain_or_eligibility,,adult_reference_not_applied,Octopus_reference_not_applied,audit_only_no_fare_estimation
hk_collective_000049,3,pt,pt_fare_chargeability_audit,,,,U,unresolved,generic_pt_leg_missing_actual_mode_line_route_boarding_alighting_transfer_chain,actual_transport_mode;actual_line_id;actual_route_id;actual_direction;boarding_stop_id;alighting_stop_id;transfer_chain,resident,tertiary_student,leisure,home,resident_leisure_igeocom_557051,home_hk_collective_000049,76744.0,True,pt,generic,distance;end_link;start_link;trav_time;type,False,road_9566_0_r,road_8849_0_f,3727.248,00:08:56,,,,,,,,,,,not_modelled_no_serialized_transfer_chain_or_eligibility,,adult_reference_not_applied,Octopus_reference_not_applied,audit_only_no_fare_estimation
hk_collective_000054,0,pt,pt_fare_chargeability_audit,,,,U,unresolved,generic_pt_leg_missing_actual_mode_line_route_boarding_alighting_transfer_chain,actual_transport_mode;actual_line_id;actual_route_id;actual_direction;boarding_stop_id;alighting_stop_id;transfer_chain,resident,fixed_worker,home,work,home_hk_collective_000054,work_grid_1146,31111.0,False,pt,generic,distance;end_link;start_link;trav_time;type,False,road_130157_0_r,road_4357_0_r,57222.989000000016,01:40:59,,,,,,,,,,,not_modelled_no_serialized_transfer_chain_or_eligibility,,adult_reference_not_applied,Octopus_reference_not_applied,audit_only_no_fare_estimation
hk_collective_000054,1,pt,pt_fare_chargeability_audit,,,,U,unresolved,generic_pt_leg_missing_actual_mode_line_route_boarding_alighting_transfer_chain,actual_transport_mode;actual_line_id;actual_route_id;actual_direction;boarding_stop_id;alighting_stop_id;transfer_chain,resident,fixed_worker,work,home,work_grid_1146,home_hk_collective_000054,59321.0,False,pt,generic,distance;end_link;start_link;trav_time;type,False,road_4357_0_r,road_130157_0_r,51680.537,01:28:14,,,,,,,,,,,not_modelled_no_serialized_transfer_chain_or_eligibility,,adult_reference_not_applied,Octopus_reference_not_applied,audit_only_no_fare_estimation
hk_collective_000057,0,pt,pt_fare_chargeability_audit,,,,U,unresolved,generic_pt_leg_missing_actual_mode_line_route_boarding_alighting_transfer_chain,actual_transport_mode;actual_line_id;actual_route_id;actual_direction;boarding_stop_id;alighting_stop_id;transfer_chain,resident,work_mobile,home,work_mobile,home_hk_collective_000057,work_mobile_grid_331,30986.0,False,pt,generic,distance;end_link;start_link;trav_time;type,False,road_9812_0_r,road_269724_0_r,21631.013000000003,00:42:13,,,,,,,,,,,not_modelled_no_serialized_transfer_chain_or_eligibility,,adult_reference_not_applied,Octopus_reference_not_applied,audit_only_no_fare_estimation
hk_collective_000057,1,pt,pt_fare_chargeability_audit,,,,U,unresolved,generic_pt_leg_missing_actual_mode_line_route_boarding_alighting_transfer_chain,actual_transport_mode;actual_line_id;actual_route_id;actual_direction;boarding_stop_id;alighting_stop_id;transfer_chain,resident,work_mobile,work_mobile,home,work_mobile_grid_331,home_hk_collective_000057,67267.0,False,pt,generic,distance;end_link;start_link;trav_time;type,False,road_269724_0_r,road_9812_0_r,21025.207,00:40:31,,,,,,,,,,,not_modelled_no_serialized_transfer_chain_or_eligibility,,adult_reference_not_applied,Octopus_reference_not_applied,audit_only_no_fare_estimation
hk_collective_000058,0,pt,pt_fare_chargeability_audit,,,,U,unresolved,generic_pt_leg_missing_actual_mode_line_route_boarding_alighting_transfer_chain,actual_transport_mode;actual_line_id;actual_route_id;actual_direction;boarding_stop_id;alighting_stop_id;transfer_chain,resident,day_school_student,home,school_primary,home_hk_collective_000058,school_227,28985.0,False,pt,generic,distance;end_link;start_link;trav_time;type,False,road_9812_0_r,road_8951_0_f,3179.155,00:07:37,,,,,,,,,,,not_modelled_no_serialized_transfer_chain_or_eligibility,,adult_reference_not_applied,Octopus_reference_not_applied,audit_only_no_fare_estimation
hk_collective_000058,1,pt,pt_fare_chargeability_audit,,,,U,unresolved,generic_pt_leg_missing_actual_mode_line_route_boarding_alighting_transfer_chain,actual_transport_mode;actual_line_id;actual_route_id;actual_direction;boarding_stop_id;alighting_stop_id;transfer_chain,resident,day_school_student,school_primary,home,school_227,home_hk_collective_000058,55706.0,False,pt,generic,distance;end_link;start_link;trav_time;type,False,road_8951_0_f,road_9812_0_r,3220.4660000000003,00:07:43,,,,,,,,,,,not_modelled_no_serialized_transfer_chain_or_eligibility,,adult_reference_not_applied,Octopus_reference_not_applied,audit_only_no_fare_estimation
hk_collective_000059,0,pt,pt_fare_chargeability_audit,,,,U,unresolved,generic_pt_leg_missing_actual_mode_line_route_boarding_alighting_transfer_chain,actual_transport_mode;actual_line_id;actual_route_id;actual_direction;boarding_stop_id;alighting_stop_id;transfer_chain,resident,work_mobile,home,work_mobile,home_hk_collective_000059,work_mobile_poi_osm:3813493499:13237,34549.0,False,pt,generic,distance;end_link;start_link;trav_time;type,False,road_9812_0_r,road_8506_0_f,3260.577,00:07:48,,,,,,,,,,,not_modelled_no_serialized_transfer_chain_or_eligibility,,adult_reference_not_applied,Octopus_reference_not_applied,audit_only_no_fare_estimation
hk_collective_000059,1,pt,pt_fare_chargeability_audit,,,,U,unresolved,generic_pt_leg_missing_actual_mode_line_route_boarding_alighting_transfer_chain,actual_transport_mode;actual_line_id;actual_route_id;actual_direction;boarding_stop_id;alighting_stop_id;transfer_chain,resident,work_mobile,work_mobile,home,work_mobile_poi_osm:3813493499:13237,home_hk_collective_000059,68847.0,False,pt,generic,distance;end_link;start_link;trav_time;type,False,road_8506_0_f,road_9812_0_r,3316.499,00:07:57,,,,,,,,,,,not_modelled_no_serialized_transfer_chain_or_eligibility,,adult_reference_not_applied,Octopus_reference_not_applied,audit_only_no_fare_estimation
hk_collective_000062,0,pt,pt_fare_chargeability_audit,,,,U,unresolved,generic_pt_leg_missing_actual_mode_line_route_boarding_alighting_transfer_chain,actual_transport_mode;actual_line_id;actual_route_id;actual_direction;boarding_stop_id;alighting_stop_id;transfer_chain,resident,work_mobile,home,work_mobile,home_hk_collective_000062,work_mobile_grid_462,30990.0,False,pt,generic,distance;end_link;start_link;trav_time;type,False,road_94097_0_r,road_269606_0_f,17269.070999999996,00:31:55,,,,,,,,,,,not_modelled_no_serialized_transfer_chain_or_eligibility,,adult_reference_not_applied,Octopus_reference_not_applied,audit_only_no_fare_estimation
hk_collective_000062,1,pt,pt_fare_chargeability_audit,,,,U,unresolved,generic_pt_leg_missing_actual_mode_line_route_boarding_alighting_transfer_chain,actual_transport_mode;actual_line_id;actual_route_id;actual_direction;boarding_stop_id;alighting_stop_id;transfer_chain,resident,work_mobile,work_mobile,home,work_mobile_grid_462,home_hk_collective_000062,72400.0,False,pt,generic,distance;end_link;start_link;trav_time;type,False,road_269606_0_f,road_94097_0_r,17158.18999999999,00:33:30,,,,,,,,,,,not_modelled_no_serialized_transfer_chain_or_eligibility,,adult_reference_not_applied,Octopus_reference_not_applied,audit_only_no_fare_estimation
hk_collective_000063,0,pt,pt_fare_chargeability_audit,,,,U,unresolved,generic_pt_leg_missing_actual_mode_line_route_boarding_alighting_transfer_chain,actual_transport_mode;actual_line_id;actual_route_id;actual_direction;boarding_stop_id;alighting_stop_id;transfer_chain,resident,tertiary_student,home,education_tertiary,home_hk_collective_000063,education_tertiary_poi_osm:missing:56088,26047.0,False,pt,generic,distance;end_link;start_link;trav_time;type,False,road_94744_0_f,road_164617_0_r,3604.467,00:08:20,,,,,,,,,,,not_modelled_no_serialized_transfer_chain_or_eligibility,,adult_reference_not_applied,Octopus_reference_not_applied,audit_only_no_fare_estimation
hk_collective_000063,1,pt,pt_fare_chargeability_audit,,,,U,unresolved,generic_pt_leg_missing_actual_mode_line_route_boarding_alighting_transfer_chain,actual_transport_mode;actual_line_id;actual_route_id;actual_direction;boarding_stop_id;alighting_stop_id;transfer_chain,resident,tertiary_student,education_tertiary,home,education_tertiary_poi_osm:missing:56088,home_hk_collective_000063,64980.0,False,pt,generic,distance;end_link;start_link;trav_time;type,False,road_164617_0_r,road_94744_0_f,4090.879,00:09:09,,,,,,,,,,,not_modelled_no_serialized_transfer_chain_or_eligibility,,adult_reference_not_applied,Octopus_reference_not_applied,audit_only_no_fare_estimation
hk_collective_000065,0,pt,pt_fare_chargeability_audit,,,,U,unresolved,generic_pt_leg_missing_actual_mode_line_route_boarding_alighting_transfer_chain,actual_transport_mode;actual_line_id;actual_route_id;actual_direction;boarding_stop_id;alighting_stop_id;transfer_chain,resident,work_mobile,home,work_mobile,home_hk_collective_000065,work_mobile_grid_210,26353.0,False,pt,generic,distance;end_link;start_link;trav_time;type,False,road_269727_0_f,road_96129_0_r,5270.535,00:12:37,,,,,,,,,,,not_modelled_no_serialized_transfer_chain_or_eligibility,,adult_reference_not_applied,Octopus_reference_not_applied,audit_only_no_fare_estimation
hk_collective_000065,1,pt,pt_fare_chargeability_audit,,,,U,unresolved,generic_pt_leg_missing_actual_mode_line_route_boarding_alighting_transfer_chain,actual_transport_mode;actual_line_id;actual_route_id;actual_direction;boarding_stop_id;alighting_stop_id;transfer_chain,resident,work_mobile,work_mobile,home,work_mobile_grid_210,home_hk_collective_000065,56491.0,False,pt,generic,distance;end_link;start_link;trav_time;type,False,road_96129_0_r,road_269727_0_f,5270.535,00:12:36,,,,,,,,,,,not_modelled_no_serialized_transfer_chain_or_eligibility,,adult_reference_not_applied,Octopus_reference_not_applied,audit_only_no_fare_estimation
hk_collective_000067,0,pt,pt_fare_chargeability_audit,,,,U,unresolved,generic_pt_leg_missing_actual_mode_line_route_boarding_alighting_transfer_chain,actual_transport_mode;actual_line_id;actual_route_id;actual_direction;boarding_stop_id;alighting_stop_id;transfer_chain,resident,fixed_worker,home,work,home_hk_collective_000067,work_grid_1146,32256.0,False,pt,generic,distance;end_link;start_link;trav_time;type,False,road_261332_0_f,road_4357_0_r,58582.17900000002,01:42:13,,,,,,,,,,,not_modelled_no_serialized_transfer_chain_or_eligibility,,adult_reference_not_applied,Octopus_reference_not_applied,audit_only_no_fare_estimation
hk_collective_000067,1,pt,pt_fare_chargeability_audit,,,,U,unresolved,generic_pt_leg_missing_actual_mode_line_route_boarding_alighting_transfer_chain,actual_transport_mode;actual_line_id;actual_route_id;actual_direction;boarding_stop_id;alighting_stop_id;transfer_chain,resident,fixed_worker,work,home,work_grid_1146,home_hk_collective_000067,62397.0,False,pt,generic,distance;end_link;start_link;trav_time;type,False,road_4357_0_r,road_261332_0_f,53739.97899999999,01:31:08,,,,,,,,,,,not_modelled_no_serialized_transfer_chain_or_eligibility,,adult_reference_not_applied,Octopus_reference_not_applied,audit_only_no_fare_estimation
hk_collective_000068,0,pt,pt_fare_chargeability_audit,,,,U,unresolved,generic_pt_leg_missing_actual_mode_line_route_boarding_alighting_transfer_chain,actual_transport_mode;actual_line_id;actual_route_id;actual_direction;boarding_stop_id;alighting_stop_id;transfer_chain,resident,fixed_worker,home,work,home_hk_collective_000068,work_grid_1465,26012.0,False,pt,generic,distance;end_link;start_link;trav_time;type,False,road_261333_0_r,road_62212_0_r,70208.08700000001,02:14:35,,,,,,,,,,,not_modelled_no_serialized_transfer_chain_or_eligibility,,adult_reference_not_applied,Octopus_reference_not_applied,audit_only_no_fare_estimation
hk_collective_000068,1,pt,pt_fare_chargeability_audit,,,,U,unresolved,generic_pt_leg_missing_actual_mode_line_route_boarding_alighting_transfer_chain,actual_transport_mode;actual_line_id;actual_route_id;actual_direction;boarding_stop_id;alighting_stop_id;transfer_chain,resident,fixed_worker,work,home,work_grid_1465,home_hk_collective_000068,57527.0,False,pt,generic,distance;end_link;start_link;trav_time;type,False,road_62212_0_r,road_261333_0_r,69528.86,02:13:00,,,,,,,,,,,not_modelled_no_serialized_transfer_chain_or_eligibility,,adult_reference_not_applied,Octopus_reference_not_applied,audit_only_no_fare_estimation
hk_collective_000069,0,pt,pt_fare_chargeability_audit,,,,U,unresolved,generic_pt_leg_missing_actual_mode_line_route_boarding_alighting_transfer_chain,actual_transport_mode;actual_line_id;actual_route_id;actual_direction;boarding_stop_id;alighting_stop_id;transfer_chain,resident,fixed_worker,home,work,home_hk_collective_000069,work_grid_1146,29016.0,False,pt,generic,distance;end_link;start_link;trav_time;type,False,road_130158_0_f,road_4357_0_r,58561.140000000014,01:42:11,,,,,,,,,,,not_modelled_no_serialized_transfer_chain_or_eligibility,,adult_reference_not_applied,Octopus_reference_not_applied,audit_only_no_fare_estimation
hk_collective_000069,1,pt,pt_fare_chargeability_audit,,,,U,unresolved,generic_pt_leg_missing_actual_mode_line_route_boarding_alighting_transfer_chain,actual_transport_mode;actual_line_id;actual_route_id;actual_direction;boarding_stop_id;alighting_stop_id;transfer_chain,resident,fixed_worker,work,home,work_grid_1146,home_hk_collective_000069,56651.0,False,pt,generic,distance;end_link;start_link;trav_time;type,False,road_4357_0_r,road_130158_0_f,53018.688,01:29:25,,,,,,,,,,,not_modelled_no_serialized_transfer_chain_or_eligibility,,adult_reference_not_applied,Octopus_reference_not_applied,audit_only_no_fare_estimation
hk_collective_000071,0,pt,pt_fare_chargeability_audit,,,,U,unresolved,generic_pt_leg_missing_actual_mode_line_route_boarding_alighting_transfer_chain,actual_transport_mode;actual_line_id;actual_route_id;actual_direction;boarding_stop_id;alighting_stop_id;transfer_chain,resident,fixed_worker,home,work,home_hk_collective_000071,work_poi_igeocom:531413,23971.0,False,pt,generic,distance;end_link;start_link;trav_time;type,False,road_8834_0_r,road_107338_0_r,27244.48800000001,00:48:23,,,,,,,,,,,not_modelled_no_serialized_transfer_chain_or_eligibility,,adult_reference_not_applied,Octopus_reference_not_applied,audit_only_no_fare_estimation
hk_collective_000071,1,pt,pt_fare_chargeability_audit,,,,U,unresolved,generic_pt_leg_missing_actual_mode_line_route_boarding_alighting_transfer_chain,actual_transport_mode;actual_line_id;actual_route_id;actual_direction;boarding_stop_id;alighting_stop_id;transfer_chain,resident,fixed_worker,work,home,work_poi_igeocom:531413,home_hk_collective_000071,54127.0,False,pt,generic,distance;end_link;start_link;trav_time;type,False,road_107338_0_r,road_8834_0_r,34392.659,00:55:03,,,,,,,,,,,not_modelled_no_serialized_transfer_chain_or_eligibility,,adult_reference_not_applied,Octopus_reference_not_applied,audit_only_no_fare_estimation
hk_collective_000071,2,pt,pt_fare_chargeability_audit,,,,U,unresolved,generic_pt_leg_missing_actual_mode_line_route_boarding_alighting_transfer_chain,actual_transport_mode;actual_line_id;actual_route_id;actual_direction;boarding_stop_id;alighting_stop_id;transfer_chain,resident,fixed_worker,home,personal_business,home_hk_collective_000071,resident_personal_business_igeocom_21168996,62599.0,True,pt,generic,distance;end_link;start_link;trav_time;type,False,road_8834_0_r,road_274768_0_f,20200.29,00:38:14,,,,,,,,,,,not_modelled_no_serialized_transfer_chain_or_eligibility,,adult_reference_not_applied,Octopus_reference_not_applied,audit_only_no_fare_estimation
hk_collective_000071,3,pt,pt_fare_chargeability_audit,,,,U,unresolved,generic_pt_leg_missing_actual_mode_line_route_boarding_alighting_transfer_chain,actual_transport_mode;actual_line_id;actual_route_id;actual_direction;boarding_stop_id;alighting_stop_id;transfer_chain,resident,fixed_worker,personal_business,dining,resident_personal_business_igeocom_21168996,resident_dining_osm_6925197168_30291,69499.0,True,pt,generic,distance;end_link;start_link;trav_time;type,False,road_274768_0_f,road_116058_0_r,4384.571000000002,00:09:04,,,,,,,,,,,not_modelled_no_serialized_transfer_chain_or_eligibility,,adult_reference_not_applied,Octopus_reference_not_applied,audit_only_no_fare_estimation
hk_collective_000071,4,pt,pt_fare_chargeability_audit,,,,U,unresolved,generic_pt_leg_missing_actual_mode_line_route_boarding_alighting_transfer_chain,actual_transport_mode;actual_line_id;actual_route_id;actual_direction;boarding_stop_id;alighting_stop_id;transfer_chain,resident,fixed_worker,dining,home,resident_dining_osm_6925197168_30291,home_hk_collective_000071,76099.0,True,pt,generic,distance;end_link;start_link;trav_time;type,False,road_116058_0_r,road_8834_0_r,23962.853,00:46:35,,,,,,,,,,,not_modelled_no_serialized_transfer_chain_or_eligibility,,adult_reference_not_applied,Octopus_reference_not_applied,audit_only_no_fare_estimation
hk_collective_000072,0,pt,pt_fare_chargeability_audit,,,,U,unresolved,generic_pt_leg_missing_actual_mode_line_route_boarding_alighting_transfer_chain,actual_transport_mode;actual_line_id;actual_route_id;actual_direction;boarding_stop_id;alighting_stop_id;transfer_chain,resident,fixed_worker,home,work,home_hk_collective_000072,work_poi_igeocom:21079002,30229.0,False,pt,generic,distance;end_link;start_link;trav_time;type,False,road_279765_0_f,road_60250_0_f,44351.55999999998,01:02:50,,,,,,,,,,,not_modelled_no_serialized_transfer_chain_or_eligibility,,adult_reference_not_applied,Octopus_reference_not_applied,audit_only_no_fare_estimation
hk_collective_000072,1,pt,pt_fare_chargeability_audit,,,,U,unresolved,generic_pt_leg_missing_actual_mode_line_route_boarding_alighting_transfer_chain,actual_transport_mode;actual_line_id;actual_route_id;actual_direction;boarding_stop_id;alighting_stop_id;transfer_chain,resident,fixed_worker,work,home,work_poi_igeocom:21079002,home_hk_collective_000072,66411.0,False,pt,generic,distance;end_link;start_link;trav_time;type,False,road_60250_0_f,road_279765_0_f,40584.666,00:58:18,,,,,,,,,,,not_modelled_no_serialized_transfer_chain_or_eligibility,,adult_reference_not_applied,Octopus_reference_not_applied,audit_only_no_fare_estimation
hk_collective_000072,2,pt,pt_fare_chargeability_audit,,,,U,unresolved,generic_pt_leg_missing_actual_mode_line_route_boarding_alighting_transfer_chain,actual_transport_mode;actual_line_id;actual_route_id;actual_direction;boarding_stop_id;alighting_stop_id;transfer_chain,resident,fixed_worker,home,dining,home_hk_collective_000072,resident_dining_osm_12564276316_45064,71548.0,True,pt,generic,distance;end_link;start_link;trav_time;type,False,road_279765_0_f,road_280725_0_f,2246.0080000000003,00:03:43,,,,,,,,,,,not_modelled_no_serialized_transfer_chain_or_eligibility,,adult_reference_not_applied,Octopus_reference_not_applied,audit_only_no_fare_estimation
hk_collective_000072,3,pt,pt_fare_chargeability_audit,,,,U,unresolved,generic_pt_leg_missing_actual_mode_line_route_boarding_alighting_transfer_chain,actual_transport_mode;actual_line_id;actual_route_id;actual_direction;boarding_stop_id;alighting_stop_id;transfer_chain,resident,fixed_worker,dining,personal_business,resident_dining_osm_12564276316_45064,resident_personal_business_igeocom_532946,78148.0,True,pt,generic,distance;end_link;start_link;trav_time;type,False,road_280725_0_f,road_269383_0_r,36099.699,00:57:02,,,,,,,,,,,not_modelled_no_serialized_transfer_chain_or_eligibility,,adult_reference_not_applied,Octopus_reference_not_applied,audit_only_no_fare_estimation
hk_collective_000072,4,pt,pt_fare_chargeability_audit,,,,U,unresolved,generic_pt_leg_missing_actual_mode_line_route_boarding_alighting_transfer_chain,actual_transport_mode;actual_line_id;actual_route_id;actual_direction;boarding_stop_id;alighting_stop_id;transfer_chain,resident,fixed_worker,personal_business,home,resident_personal_business_igeocom_532946,home_hk_collective_000072,85048.0,True,pt,generic,distance;end_link;start_link;trav_time;type,False,road_269383_0_r,road_279765_0_f,33602.058999999994,00:52:20,,,,,,,,,,,not_modelled_no_serialized_transfer_chain_or_eligibility,,adult_reference_not_applied,Octopus_reference_not_applied,audit_only_no_fare_estimation
hk_collective_000073,0,pt,pt_fare_chargeability_audit,,,,U,unresolved,generic_pt_leg_missing_actual_mode_line_route_boarding_alighting_transfer_chain,actual_transport_mode;actual_line_id;actual_route_id;actual_direction;boarding_stop_id;alighting_stop_id;transfer_chain,resident,fixed_worker,home,work,home_hk_collective_000073,work_poi_osm:4856508506:21186,26868.0,False,pt,generic,distance;end_link;start_link;trav_time;type,False,road_9900_0_r,road_5593_0_f,35487.83000000003,00:54:19,,,,,,,,,,,not_modelled_no_serialized_transfer_chain_or_eligibility,,adult_reference_not_applied,Octopus_reference_not_applied,audit_only_no_fare_estimation
hk_collective_000073,1,pt,pt_fare_chargeability_audit,,,,U,unresolved,generic_pt_leg_missing_actual_mode_line_route_boarding_alighting_transfer_chain,actual_transport_mode;actual_line_id;actual_route_id;actual_direction;boarding_stop_id;alighting_stop_id;transfer_chain,resident,fixed_worker,work,home,work_poi_osm:4856508506:21186,home_hk_collective_000073,60200.0,False,pt,generic,distance;end_link;start_link;trav_time;type,False,road_5593_0_f,road_9900_0_r,35516.306000000004,00:54:41,,,,,,,,,,,not_modelled_no_serialized_transfer_chain_or_eligibility,,adult_reference_not_applied,Octopus_reference_not_applied,audit_only_no_fare_estimation
hk_collective_000076,0,pt,pt_fare_chargeability_audit,,,,U,unresolved,generic_pt_leg_missing_actual_mode_line_route_boarding_alighting_transfer_chain,actual_transport_mode;actual_line_id;actual_route_id;actual_direction;boarding_stop_id;alighting_stop_id;transfer_chain,resident,fixed_worker,home,work,home_hk_collective_000076,work_poi_igeocom:540806,25551.0,False,pt,generic,distance;end_link;start_link;trav_time;type,False,road_279765_0_f,road_3830_0_f,33713.06200000001,00:48:57,,,,,,,,,,,not_modelled_no_serialized_transfer_chain_or_eligibility,,adult_reference_not_applied,Octopus_reference_not_applied,audit_only_no_fare_estimation
hk_collective_000076,1,pt,pt_fare_chargeability_audit,,,,U,unresolved,generic_pt_leg_missing_actual_mode_line_route_boarding_alighting_transfer_chain,actual_transport_mode;actual_line_id;actual_route_id;actual_direction;boarding_stop_id;alighting_stop_id;transfer_chain,resident,fixed_worker,work,home,work_poi_igeocom:540806,home_hk_collective_000076,49791.0,False,pt,generic,distance;end_link;start_link;trav_time;type,False,road_3830_0_f,road_279765_0_f,30725.736,00:45:12,,,,,,,,,,,not_modelled_no_serialized_transfer_chain_or_eligibility,,adult_reference_not_applied,Octopus_reference_not_applied,audit_only_no_fare_estimation
hk_collective_000077,0,pt,pt_fare_chargeability_audit,,,,U,unresolved,generic_pt_leg_missing_actual_mode_line_route_boarding_alighting_transfer_chain,actual_transport_mode;actual_line_id;actual_route_id;actual_direction;boarding_stop_id;alighting_stop_id;transfer_chain,resident,fixed_worker,home,work,home_hk_collective_000077,work_poi_igeocom:562223,29971.0,False,pt,generic,distance;end_link;start_link;trav_time;type,False,road_285371_0_r,road_94495_0_r,15016.531,00:25:49,,,,,,,,,,,not_modelled_no_serialized_transfer_chain_or_eligibility,,adult_reference_not_applied,Octopus_reference_not_applied,audit_only_no_fare_estimation
hk_collective_000077,1,pt,pt_fare_chargeability_audit,,,,U,unresolved,generic_pt_leg_missing_actual_mode_line_route_boarding_alighting_transfer_chain,actual_transport_mode;actual_line_id;actual_route_id;actual_direction;boarding_stop_id;alighting_stop_id;transfer_chain,resident,fixed_worker,work,home,work_poi_igeocom:562223,home_hk_collective_000077,59598.0,False,pt,generic,distance;end_link;start_link;trav_time;type,False,road_94495_0_r,road_285371_0_r,15097.246000000005,00:26:21,,,,,,,,,,,not_modelled_no_serialized_transfer_chain_or_eligibility,,adult_reference_not_applied,Octopus_reference_not_applied,audit_only_no_fare_estimation
hk_collective_000079,0,pt,pt_fare_chargeability_audit,,,,U,unresolved,generic_pt_leg_missing_actual_mode_line_route_boarding_alighting_transfer_chain,actual_transport_mode;actual_line_id;actual_route_id;actual_direction;boarding_stop_id;alighting_stop_id;transfer_chain,resident,day_school_student,home,school_kindergarten,home_hk_collective_000079,school_2362,26237.0,False,pt,generic,distance;end_link;start_link;trav_time;type,False,road_285371_0_r,road_94455_0_f,17625.456000000002,00:32:03,,,,,,,,,,,not_modelled_no_serialized_transfer_chain_or_eligibility,,adult_reference_not_applied,Octopus_reference_not_applied,audit_only_no_fare_estimation
hk_collective_000079,1,pt,pt_fare_chargeability_audit,,,,U,unresolved,generic_pt_leg_missing_actual_mode_line_route_boarding_alighting_transfer_chain,actual_transport_mode;actual_line_id;actual_route_id;actual_direction;boarding_stop_id;alighting_stop_id;transfer_chain,resident,day_school_student,school_kindergarten,home,school_2362,home_hk_collective_000079,44088.0,False,pt,generic,distance;end_link;start_link;trav_time;type,False,road_94455_0_f,road_285371_0_r,18034.726999999995,00:33:25,,,,,,,,,,,not_modelled_no_serialized_transfer_chain_or_eligibility,,adult_reference_not_applied,Octopus_reference_not_applied,audit_only_no_fare_estimation
hk_collective_000080,0,pt,pt_fare_chargeability_audit,,,,U,unresolved,generic_pt_leg_missing_actual_mode_line_route_boarding_alighting_transfer_chain,actual_transport_mode;actual_line_id;actual_route_id;actual_direction;boarding_stop_id;alighting_stop_id;transfer_chain,resident,work_mobile,home,work_mobile,home_hk_collective_000080,work_mobile_poi_igeocom:547162,27060.0,False,pt,generic,distance;end_link;start_link;trav_time;type,False,road_9900_0_r,road_9590_0_f,5149.693,00:13:31,,,,,,,,,,,not_modelled_no_serialized_transfer_chain_or_eligibility,,adult_reference_not_applied,Octopus_reference_not_applied,audit_only_no_fare_estimation
hk_collective_000080,1,pt,pt_fare_chargeability_audit,,,,U,unresolved,generic_pt_leg_missing_actual_mode_line_route_boarding_alighting_transfer_chain,actual_transport_mode;actual_line_id;actual_route_id;actual_direction;boarding_stop_id;alighting_stop_id;transfer_chain,resident,work_mobile,work_mobile,home,work_mobile_poi_igeocom:547162,home_hk_collective_000080,60398.0,False,pt,generic,distance;end_link;start_link;trav_time;type,False,road_9590_0_f,road_9900_0_r,4531.177999999999,00:10:51,,,,,,,,,,,not_modelled_no_serialized_transfer_chain_or_eligibility,,adult_reference_not_applied,Octopus_reference_not_applied,audit_only_no_fare_estimation
hk_collective_000083,0,pt,pt_fare_chargeability_audit,,,,U,unresolved,generic_pt_leg_missing_actual_mode_line_route_boarding_alighting_transfer_chain,actual_transport_mode;actual_line_id;actual_route_id;actual_direction;boarding_stop_id;alighting_stop_id;transfer_chain,resident,fixed_worker,home,work,home_hk_collective_000083,work_poi_osm:missing:58566,33195.0,False,pt,generic,distance;end_link;start_link;trav_time;type,False,road_261774_0_f,road_260408_0_f,37641.352,00:56:42,,,,,,,,,,,not_modelled_no_serialized_transfer_chain_or_eligibility,,adult_reference_not_applied,Octopus_reference_not_applied,audit_only_no_fare_estimation
hk_collective_000083,1,pt,pt_fare_chargeability_audit,,,,U,unresolved,generic_pt_leg_missing_actual_mode_line_route_boarding_alighting_transfer_chain,actual_transport_mode;actual_line_id;actual_route_id;actual_direction;boarding_stop_id;alighting_stop_id;transfer_chain,resident,fixed_worker,work,home,work_poi_osm:missing:58566,home_hk_collective_000083,67523.0,False,pt,generic,distance;end_link;start_link;trav_time;type,False,road_260408_0_f,road_261774_0_f,39914.514,00:59:57,,,,,,,,,,,not_modelled_no_serialized_transfer_chain_or_eligibility,,adult_reference_not_applied,Octopus_reference_not_applied,audit_only_no_fare_estimation
hk_collective_000084,0,pt,pt_fare_chargeability_audit,,,,U,unresolved,generic_pt_leg_missing_actual_mode_line_route_boarding_alighting_transfer_chain,actual_transport_mode;actual_line_id;actual_route_id;actual_direction;boarding_stop_id;alighting_stop_id;transfer_chain,resident,home_only,home,leisure,home_hk_collective_000084,resident_leisure_igeocom_537291,49395.0,True,pt,generic,distance;end_link;start_link;trav_time;type,False,road_284417_0_f,road_4180_0_f,32509.573000000008,00:52:45,,,,,,,,,,,not_modelled_no_serialized_transfer_chain_or_eligibility,,adult_reference_not_applied,Octopus_reference_not_applied,audit_only_no_fare_estimation
hk_collective_000084,1,pt,pt_fare_chargeability_audit,,,,U,unresolved,generic_pt_leg_missing_actual_mode_line_route_boarding_alighting_transfer_chain,actual_transport_mode;actual_line_id;actual_route_id;actual_direction;boarding_stop_id;alighting_stop_id;transfer_chain,resident,home_only,leisure,shopping,resident_leisure_igeocom_537291,resident_shopping_igeocom_529590,60795.0,True,pt,generic,distance;end_link;start_link;trav_time;type,False,road_4180_0_f,road_403_0_f,4354.466,00:08:31,,,,,,,,,,,not_modelled_no_serialized_transfer_chain_or_eligibility,,adult_reference_not_applied,Octopus_reference_not_applied,audit_only_no_fare_estimation
hk_collective_000084,2,pt,pt_fare_chargeability_audit,,,,U,unresolved,generic_pt_leg_missing_actual_mode_line_route_boarding_alighting_transfer_chain,actual_transport_mode;actual_line_id;actual_route_id;actual_direction;boarding_stop_id;alighting_stop_id;transfer_chain,resident,home_only,shopping,home,resident_shopping_igeocom_529590,home_hk_collective_000084,67695.0,True,pt,generic,distance;end_link;start_link;trav_time;type,False,road_403_0_f,road_284417_0_f,34918.48599999999,01:00:54,,,,,,,,,,,not_modelled_no_serialized_transfer_chain_or_eligibility,,adult_reference_not_applied,Octopus_reference_not_applied,audit_only_no_fare_estimation
hk_collective_000085,0,pt,pt_fare_chargeability_audit,,,,U,unresolved,generic_pt_leg_missing_actual_mode_line_route_boarding_alighting_transfer_chain,actual_transport_mode;actual_line_id;actual_route_id;actual_direction;boarding_stop_id;alighting_stop_id;transfer_chain,resident,day_school_student,home,school_secondary,home_hk_collective_000085,school_607,26488.0,False,pt,generic,distance;end_link;start_link;trav_time;type,False,road_94105_0_f,road_94088_0_f,1976.384,00:04:44,,,,,,,,,,,not_modelled_no_serialized_transfer_chain_or_eligibility,,adult_reference_not_applied,Octopus_reference_not_applied,audit_only_no_fare_estimation
hk_collective_000085,1,pt,pt_fare_chargeability_audit,,,,U,unresolved,generic_pt_leg_missing_actual_mode_line_route_boarding_alighting_transfer_chain,actual_transport_mode;actual_line_id;actual_route_id;actual_direction;boarding_stop_id;alighting_stop_id;transfer_chain,resident,day_school_student,school_secondary,home,school_607,home_hk_collective_000085,56072.0,False,pt,generic,distance;end_link;start_link;trav_time;type,False,road_94088_0_f,road_94105_0_f,1933.04,00:04:38,,,,,,,,,,,not_modelled_no_serialized_transfer_chain_or_eligibility,,adult_reference_not_applied,Octopus_reference_not_applied,audit_only_no_fare_estimation
hk_collective_000087,0,pt,pt_fare_chargeability_audit,,,,U,unresolved,generic_pt_leg_missing_actual_mode_line_route_boarding_alighting_transfer_chain,actual_transport_mode;actual_line_id;actual_route_id;actual_direction;boarding_stop_id;alighting_stop_id;transfer_chain,resident,home_only,home,personal_business,home_hk_collective_000087,resident_personal_business_igeocom_21247810,52486.0,True,pt,generic,distance;end_link;start_link;trav_time;type,False,road_97046_0_f,road_97333_0_f,18276.387,00:30:51,,,,,,,,,,,not_modelled_no_serialized_transfer_chain_or_eligibility,,adult_reference_not_applied,Octopus_reference_not_applied,audit_only_no_fare_estimation
hk_collective_000087,1,pt,pt_fare_chargeability_audit,,,,U,unresolved,generic_pt_leg_missing_actual_mode_line_route_boarding_alighting_transfer_chain,actual_transport_mode;actual_line_id;actual_route_id;actual_direction;boarding_stop_id;alighting_stop_id;transfer_chain,resident,home_only,personal_business,home,resident_personal_business_igeocom_21247810,home_hk_collective_000087,59386.0,True,pt,generic,distance;end_link;start_link;trav_time;type,False,road_97333_0_f,road_97046_0_f,8630.844999999996,00:16:21,,,,,,,,,,,not_modelled_no_serialized_transfer_chain_or_eligibility,,adult_reference_not_applied,Octopus_reference_not_applied,audit_only_no_fare_estimation
hk_collective_000092,0,pt,pt_fare_chargeability_audit,,,,U,unresolved,generic_pt_leg_missing_actual_mode_line_route_boarding_alighting_transfer_chain,actual_transport_mode;actual_line_id;actual_route_id;actual_direction;boarding_stop_id;alighting_stop_id;transfer_chain,resident,work_mobile,home,work_mobile,home_hk_collective_000092,work_mobile_poi_osm:missing:70571,30750.0,False,pt,generic,distance;end_link;start_link;trav_time;type,False,road_274770_0_f,road_112082_0_f,24210.22699999999,00:41:02,,,,,,,,,,,not_modelled_no_serialized_transfer_chain_or_eligibility,,adult_reference_not_applied,Octopus_reference_not_applied,audit_only_no_fare_estimation
hk_collective_000092,1,pt,pt_fare_chargeability_audit,,,,U,unresolved,generic_pt_leg_missing_actual_mode_line_route_boarding_alighting_transfer_chain,actual_transport_mode;actual_line_id;actual_route_id;actual_direction;boarding_stop_id;alighting_stop_id;transfer_chain,resident,work_mobile,work_mobile,home,work_mobile_poi_osm:missing:70571,home_hk_collective_000092,67445.0,False,pt,generic,distance;end_link;start_link;trav_time;type,False,road_112082_0_f,road_274770_0_f,27537.911000000007,00:45:48,,,,,,,,,,,not_modelled_no_serialized_transfer_chain_or_eligibility,,adult_reference_not_applied,Octopus_reference_not_applied,audit_only_no_fare_estimation
hk_collective_000093,0,pt,pt_fare_chargeability_audit,,,,U,unresolved,generic_pt_leg_missing_actual_mode_line_route_boarding_alighting_transfer_chain,actual_transport_mode;actual_line_id;actual_route_id;actual_direction;boarding_stop_id;alighting_stop_id;transfer_chain,resident,day_school_student,home,school_secondary,home_hk_collective_000093,school_3437,25748.0,False,pt,generic,distance;end_link;start_link;trav_time;type,False,road_94750_0_r,road_104857_0_f,30606.470000000005,00:48:59,,,,,,,,,,,not_modelled_no_serialized_transfer_chain_or_eligibility,,adult_reference_not_applied,Octopus_reference_not_applied,audit_only_no_fare_estimation
hk_collective_000093,1,pt,pt_fare_chargeability_audit,,,,U,unresolved,generic_pt_leg_missing_actual_mode_line_route_boarding_alighting_transfer_chain,actual_transport_mode;actual_line_id;actual_route_id;actual_direction;boarding_stop_id;alighting_stop_id;transfer_chain,resident,day_school_student,school_secondary,home,school_3437,home_hk_collective_000093,57687.0,False,pt,generic,distance;end_link;start_link;trav_time;type,False,road_104857_0_f,road_94750_0_r,30756.95399999999,00:50:13,,,,,,,,,,,not_modelled_no_serialized_transfer_chain_or_eligibility,,adult_reference_not_applied,Octopus_reference_not_applied,audit_only_no_fare_estimation
hk_collective_000095,0,pt,pt_fare_chargeability_audit,,,,U,unresolved,generic_pt_leg_missing_actual_mode_line_route_boarding_alighting_transfer_chain,actual_transport_mode;actual_line_id;actual_route_id;actual_direction;boarding_stop_id;alighting_stop_id;transfer_chain,resident,usual_resident_border,home,border,home_hk_collective_000095,border_2,24731.0,False,pt,generic,distance;end_link;start_link;trav_time;type,False,road_94750_0_r,road_112015_0_f,22490.086999999992,00:38:09,,,,,,,,,,,not_modelled_no_serialized_transfer_chain_or_eligibility,,adult_reference_not_applied,Octopus_reference_not_applied,audit_only_no_fare_estimation
hk_collective_000095,1,pt,pt_fare_chargeability_audit,,,,U,unresolved,generic_pt_leg_missing_actual_mode_line_route_boarding_alighting_transfer_chain,actual_transport_mode;actual_line_id;actual_route_id;actual_direction;boarding_stop_id;alighting_stop_id;transfer_chain,resident,usual_resident_border,border,home,border_2,home_hk_collective_000095,66698.0,False,pt,generic,distance;end_link;start_link;trav_time;type,False,road_112015_0_f,road_94750_0_r,23008.35099999999,00:38:59,,,,,,,,,,,not_modelled_no_serialized_transfer_chain_or_eligibility,,adult_reference_not_applied,Octopus_reference_not_applied,audit_only_no_fare_estimation
hk_collective_000096,0,pt,pt_fare_chargeability_audit,,,,U,unresolved,generic_pt_leg_missing_actual_mode_line_route_boarding_alighting_transfer_chain,actual_transport_mode;actual_line_id;actual_route_id;actual_direction;boarding_stop_id;alighting_stop_id;transfer_chain,resident,fixed_worker,home,work,home_hk_collective_000096,work_poi_igeocom:530345,32208.0,False,pt,generic,distance;end_link;start_link;trav_time;type,False,road_94750_0_r,road_94495_0_r,4389.522000000001,00:10:31,,,,,,,,,,,not_modelled_no_serialized_transfer_chain_or_eligibility,,adult_reference_not_applied,Octopus_reference_not_applied,audit_only_no_fare_estimation
hk_collective_000096,1,pt,pt_fare_chargeability_audit,,,,U,unresolved,generic_pt_leg_missing_actual_mode_line_route_boarding_alighting_transfer_chain,actual_transport_mode;actual_line_id;actual_route_id;actual_direction;boarding_stop_id;alighting_stop_id;transfer_chain,resident,fixed_worker,work,home,work_poi_igeocom:530345,home_hk_collective_000096,67602.0,False,pt,generic,distance;end_link;start_link;trav_time;type,False,road_94495_0_r,road_94750_0_r,4268.541999999999,00:10:13,,,,,,,,,,,not_modelled_no_serialized_transfer_chain_or_eligibility,,adult_reference_not_applied,Octopus_reference_not_applied,audit_only_no_fare_estimation
hk_collective_000097,0,pt,pt_fare_chargeability_audit,,,,U,unresolved,generic_pt_leg_missing_actual_mode_line_route_boarding_alighting_transfer_chain,actual_transport_mode;actual_line_id;actual_route_id;actual_direction;boarding_stop_id;alighting_stop_id;transfer_chain,resident,work_mobile,home,work_mobile,home_hk_collective_000097,work_mobile_poi_igeocom:551372,24727.0,False,pt,generic,distance;end_link;start_link;trav_time;type,False,road_94750_0_r,road_271784_0_f,3971.492,00:07:59,,,,,,,,,,,not_modelled_no_serialized_transfer_chain_or_eligibility,,adult_reference_not_applied,Octopus_reference_not_applied,audit_only_no_fare_estimation
hk_collective_000097,1,pt,pt_fare_chargeability_audit,,,,U,unresolved,generic_pt_leg_missing_actual_mode_line_route_boarding_alighting_transfer_chain,actual_transport_mode;actual_line_id;actual_route_id;actual_direction;boarding_stop_id;alighting_stop_id;transfer_chain,resident,work_mobile,work_mobile,home,work_mobile_poi_igeocom:551372,home_hk_collective_000097,48912.0,False,pt,generic,distance;end_link;start_link;trav_time;type,False,road_271784_0_f,road_94750_0_r,4633.33,00:10:29,,,,,,,,,,,not_modelled_no_serialized_transfer_chain_or_eligibility,,adult_reference_not_applied,Octopus_reference_not_applied,audit_only_no_fare_estimation
hk_collective_000098,0,pt,pt_fare_chargeability_audit,,,,U,unresolved,generic_pt_leg_missing_actual_mode_line_route_boarding_alighting_transfer_chain,actual_transport_mode;actual_line_id;actual_route_id;actual_direction;boarding_stop_id;alighting_stop_id;transfer_chain,resident,work_mobile,home,work_mobile,home_hk_collective_000098,work_mobile_poi_igeocom:547662,31032.0,False,pt,generic,distance;end_link;start_link;trav_time;type,False,road_94750_0_r,road_93140_0_r,19079.407,00:33:36,,,,,,,,,,,not_modelled_no_serialized_transfer_chain_or_eligibility,,adult_reference_not_applied,Octopus_reference_not_applied,audit_only_no_fare_estimation
hk_collective_000098,1,pt,pt_fare_chargeability_audit,,,,U,unresolved,generic_pt_leg_missing_actual_mode_line_route_boarding_alighting_transfer_chain,actual_transport_mode;actual_line_id;actual_route_id;actual_direction;boarding_stop_id;alighting_stop_id;transfer_chain,resident,work_mobile,work_mobile,home,work_mobile_poi_igeocom:547662,home_hk_collective_000098,65183.0,False,pt,generic,distance;end_link;start_link;trav_time;type,False,road_93140_0_r,road_94750_0_r,17701.850999999995,00:29:45,,,,,,,,,,,not_modelled_no_serialized_transfer_chain_or_eligibility,,adult_reference_not_applied,Octopus_reference_not_applied,audit_only_no_fare_estimation
hk_collective_000099,0,pt,pt_fare_chargeability_audit,,,,U,unresolved,generic_pt_leg_missing_actual_mode_line_route_boarding_alighting_transfer_chain,actual_transport_mode;actual_line_id;actual_route_id;actual_direction;boarding_stop_id;alighting_stop_id;transfer_chain,resident,home_only,home,social,home_hk_collective_000099,resident_social_osm_12002805421_43354,50046.0,True,pt,generic,distance;end_link;start_link;trav_time;type,False,road_94750_0_r,road_96344_0_f,3777.538000000001,00:07:41,,,,,,,,,,,not_modelled_no_serialized_transfer_chain_or_eligibility,,adult_reference_not_applied,Octopus_reference_not_applied,audit_only_no_fare_estimation
hk_collective_000099,1,pt,pt_fare_chargeability_audit,,,,U,unresolved,generic_pt_leg_missing_actual_mode_line_route_boarding_alighting_transfer_chain,actual_transport_mode;actual_line_id;actual_route_id;actual_direction;boarding_stop_id;alighting_stop_id;transfer_chain,resident,home_only,social,home,resident_social_osm_12002805421_43354,home_hk_collective_000099,59646.0,True,pt,generic,distance;end_link;start_link;trav_time;type,False,road_96344_0_f,road_94750_0_r,2998.271999999999,00:06:59,,,,,,,,,,,not_modelled_no_serialized_transfer_chain_or_eligibility,,adult_reference_not_applied,Octopus_reference_not_applied,audit_only_no_fare_estimation
hk_collective_000100,0,pt,pt_fare_chargeability_audit,,,,U,unresolved,generic_pt_leg_missing_actual_mode_line_route_boarding_alighting_transfer_chain,actual_transport_mode;actual_line_id;actual_route_id;actual_direction;boarding_stop_id;alighting_stop_id;transfer_chain,resident,work_mobile,home,work_mobile,home_hk_collective_000100,work_mobile_poi_igeocom:561757,31727.0,False,pt,generic,distance;end_link;start_link;trav_time;type,False,road_94750_0_r,road_94340_0_f,11205.408,00:23:55,,,,,,,,,,,not_modelled_no_serialized_transfer_chain_or_eligibility,,adult_reference_not_applied,Octopus_reference_not_applied,audit_only_no_fare_estimation
hk_collective_000100,1,pt,pt_fare_chargeability_audit,,,,U,unresolved,generic_pt_leg_missing_actual_mode_line_route_boarding_alighting_transfer_chain,actual_transport_mode;actual_line_id;actual_route_id;actual_direction;boarding_stop_id;alighting_stop_id;transfer_chain,resident,work_mobile,work_mobile,home,work_mobile_poi_igeocom:561757,home_hk_collective_000100,69387.0,False,pt,generic,distance;end_link;start_link;trav_time;type,False,road_94340_0_f,road_94750_0_r,9456.84,00:20:05,,,,,,,,,,,not_modelled_no_serialized_transfer_chain_or_eligibility,,adult_reference_not_applied,Octopus_reference_not_applied,audit_only_no_fare_estimation
hk_collective_000101,0,pt,pt_fare_chargeability_audit,,,,U,unresolved,generic_pt_leg_missing_actual_mode_line_route_boarding_alighting_transfer_chain,actual_transport_mode;actual_line_id;actual_route_id;actual_direction;boarding_stop_id;alighting_stop_id;transfer_chain,resident,work_mobile,home,work_mobile,home_hk_collective_000101,work_mobile_poi_igeocom:548850,31290.0,False,pt,generic,distance;end_link;start_link;trav_time;type,False,road_94750_0_r,road_285534_0_f,12428.053999999996,00:22:48,,,,,,,,,,,not_modelled_no_serialized_transfer_chain_or_eligibility,,adult_reference_not_applied,Octopus_reference_not_applied,audit_only_no_fare_estimation
hk_collective_000101,1,pt,pt_fare_chargeability_audit,,,,U,unresolved,generic_pt_leg_missing_actual_mode_line_route_boarding_alighting_transfer_chain,actual_transport_mode;actual_line_id;actual_route_id;actual_direction;boarding_stop_id;alighting_stop_id;transfer_chain,resident,work_mobile,work_mobile,home,work_mobile_poi_igeocom:548850,home_hk_collective_000101,67370.0,False,pt,generic,distance;end_link;start_link;trav_time;type,False,road_285534_0_f,road_94750_0_r,12448.702,00:22:59,,,,,,,,,,,not_modelled_no_serialized_transfer_chain_or_eligibility,,adult_reference_not_applied,Octopus_reference_not_applied,audit_only_no_fare_estimation
hk_collective_000102,0,pt,pt_fare_chargeability_audit,,,,U,unresolved,generic_pt_leg_missing_actual_mode_line_route_boarding_alighting_transfer_chain,actual_transport_mode;actual_line_id;actual_route_id;actual_direction;boarding_stop_id;alighting_stop_id;transfer_chain,resident,home_only,home,medical,home_hk_collective_000102,resident_medical_osm_4860719168_22148,41206.0,True,pt,generic,distance;end_link;start_link;trav_time;type,False,road_94750_0_r,road_57732_0_f,21731.53999999999,00:37:24,,,,,,,,,,,not_modelled_no_serialized_transfer_chain_or_eligibility,,adult_reference_not_applied,Octopus_reference_not_applied,audit_only_no_fare_estimation
hk_collective_000102,1,pt,pt_fare_chargeability_audit,,,,U,unresolved,generic_pt_leg_missing_actual_mode_line_route_boarding_alighting_transfer_chain,actual_transport_mode;actual_line_id;actual_route_id;actual_direction;boarding_stop_id;alighting_stop_id;transfer_chain,resident,home_only,medical,leisure,resident_medical_osm_4860719168_22148,resident_leisure_igeocom_536328,49006.0,True,pt,generic,distance;end_link;start_link;trav_time;type,False,road_57732_0_f,road_3039_0_r,23039.894999999997,00:38:03,,,,,,,,,,,not_modelled_no_serialized_transfer_chain_or_eligibility,,adult_reference_not_applied,Octopus_reference_not_applied,audit_only_no_fare_estimation
hk_collective_000102,2,pt,pt_fare_chargeability_audit,,,,U,unresolved,generic_pt_leg_missing_actual_mode_line_route_boarding_alighting_transfer_chain,actual_transport_mode;actual_line_id;actual_route_id;actual_direction;boarding_stop_id;alighting_stop_id;transfer_chain,resident,home_only,leisure,home,resident_leisure_igeocom_536328,home_hk_collective_000102,60406.0,True,pt,generic,distance;end_link;start_link;trav_time;type,False,road_3039_0_r,road_94750_0_r,43108.94700000001,01:10:43,,,,,,,,,,,not_modelled_no_serialized_transfer_chain_or_eligibility,,adult_reference_not_applied,Octopus_reference_not_applied,audit_only_no_fare_estimation
hk_collective_000103,0,pt,pt_fare_chargeability_audit,,,,U,unresolved,generic_pt_leg_missing_actual_mode_line_route_boarding_alighting_transfer_chain,actual_transport_mode;actual_line_id;actual_route_id;actual_direction;boarding_stop_id;alighting_stop_id;transfer_chain,resident,fixed_worker,home,work,home_hk_collective_000103,work_poi_osm:missing:52866,33177.0,False,pt,generic,distance;end_link;start_link;trav_time;type,False,road_94565_0_r,road_104021_0_f,35757.46199999999,00:57:17,,,,,,,,,,,not_modelled_no_serialized_transfer_chain_or_eligibility,,adult_reference_not_applied,Octopus_reference_not_applied,audit_only_no_fare_estimation
hk_collective_000103,1,pt,pt_fare_chargeability_audit,,,,U,unresolved,generic_pt_leg_missing_actual_mode_line_route_boarding_alighting_transfer_chain,actual_transport_mode;actual_line_id;actual_route_id;actual_direction;boarding_stop_id;alighting_stop_id;transfer_chain,resident,fixed_worker,work,home,work_poi_osm:missing:52866,home_hk_collective_000103,62282.0,False,pt,generic,distance;end_link;start_link;trav_time;type,False,road_104021_0_f,road_94565_0_r,35562.94300000001,00:58:05,,,,,,,,,,,not_modelled_no_serialized_transfer_chain_or_eligibility,,adult_reference_not_applied,Octopus_reference_not_applied,audit_only_no_fare_estimation
hk_collective_000106,0,pt,pt_fare_chargeability_audit,,,,U,unresolved,generic_pt_leg_missing_actual_mode_line_route_boarding_alighting_transfer_chain,actual_transport_mode;actual_line_id;actual_route_id;actual_direction;boarding_stop_id;alighting_stop_id;transfer_chain,resident,home_only,home,leisure,home_hk_collective_000106,resident_leisure_igeocom_21130255,57297.0,True,pt,generic,distance;end_link;start_link;trav_time;type,False,road_268792_0_r,road_95534_0_f,8894.929,00:19:01,,,,,,,,,,,not_modelled_no_serialized_transfer_chain_or_eligibility,,adult_reference_not_applied,Octopus_reference_not_applied,audit_only_no_fare_estimation
hk_collective_000106,1,pt,pt_fare_chargeability_audit,,,,U,unresolved,generic_pt_leg_missing_actual_mode_line_route_boarding_alighting_transfer_chain,actual_transport_mode;actual_line_id;actual_route_id;actual_direction;boarding_stop_id;alighting_stop_id;transfer_chain,resident,home_only,leisure,home,resident_leisure_igeocom_21130255,home_hk_collective_000106,68697.0,True,pt,generic,distance;end_link;start_link;trav_time;type,False,road_95534_0_f,road_268792_0_r,9225.685999999994,00:17:56,,,,,,,,,,,not_modelled_no_serialized_transfer_chain_or_eligibility,,adult_reference_not_applied,Octopus_reference_not_applied,audit_only_no_fare_estimation
hk_collective_000108,0,pt,pt_fare_chargeability_audit,,,,U,unresolved,generic_pt_leg_missing_actual_mode_line_route_boarding_alighting_transfer_chain,actual_transport_mode;actual_line_id;actual_route_id;actual_direction;boarding_stop_id;alighting_stop_id;transfer_chain,resident,fixed_worker,home,work,home_hk_collective_000108,work_poi_osm:missing:71320,32303.0,False,pt,generic,distance;end_link;start_link;trav_time;type,False,road_94750_0_r,road_57544_0_f,33781.247,00:51:47,,,,,,,,,,,not_modelled_no_serialized_transfer_chain_or_eligibility,,adult_reference_not_applied,Octopus_reference_not_applied,audit_only_no_fare_estimation
hk_collective_000108,1,pt,pt_fare_chargeability_audit,,,,U,unresolved,generic_pt_leg_missing_actual_mode_line_route_boarding_alighting_transfer_chain,actual_transport_mode;actual_line_id;actual_route_id;actual_direction;boarding_stop_id;alighting_stop_id;transfer_chain,resident,fixed_worker,work,home,work_poi_osm:missing:71320,home_hk_collective_000108,56680.0,False,pt,generic,distance;end_link;start_link;trav_time;type,False,road_57544_0_f,road_94750_0_r,34405.35900000001,00:53:25,,,,,,,,,,,not_modelled_no_serialized_transfer_chain_or_eligibility,,adult_reference_not_applied,Octopus_reference_not_applied,audit_only_no_fare_estimation
hk_collective_000109,0,pt,pt_fare_chargeability_audit,,,,U,unresolved,generic_pt_leg_missing_actual_mode_line_route_boarding_alighting_transfer_chain,actual_transport_mode;actual_line_id;actual_route_id;actual_direction;boarding_stop_id;alighting_stop_id;transfer_chain,resident,fixed_worker,home,work,home_hk_collective_000109,work_poi_igeocom:548014,32445.0,False,pt,generic,distance;end_link;start_link;trav_time;type,False,road_7522_0_f,road_1360_0_f,46664.082999999984,01:25:26,,,,,,,,,,,not_modelled_no_serialized_transfer_chain_or_eligibility,,adult_reference_not_applied,Octopus_reference_not_applied,audit_only_no_fare_estimation
hk_collective_000109,1,pt,pt_fare_chargeability_audit,,,,U,unresolved,generic_pt_leg_missing_actual_mode_line_route_boarding_alighting_transfer_chain,actual_transport_mode;actual_line_id;actual_route_id;actual_direction;boarding_stop_id;alighting_stop_id;transfer_chain,resident,fixed_worker,work,home,work_poi_igeocom:548014,home_hk_collective_000109,64967.0,False,pt,generic,distance;end_link;start_link;trav_time;type,False,road_1360_0_f,road_7522_0_f,46355.19699999999,01:24:21,,,,,,,,,,,not_modelled_no_serialized_transfer_chain_or_eligibility,,adult_reference_not_applied,Octopus_reference_not_applied,audit_only_no_fare_estimation
hk_collective_000110,0,pt,pt_fare_chargeability_audit,,,,U,unresolved,generic_pt_leg_missing_actual_mode_line_route_boarding_alighting_transfer_chain,actual_transport_mode;actual_line_id;actual_route_id;actual_direction;boarding_stop_id;alighting_stop_id;transfer_chain,resident,fixed_worker,home,work,home_hk_collective_000110,work_grid_1465,27575.0,False,pt,generic,distance;end_link;start_link;trav_time;type,False,road_7522_0_f,road_62212_0_r,71623.299,02:21:03,,,,,,,,,,,not_modelled_no_serialized_transfer_chain_or_eligibility,,adult_reference_not_applied,Octopus_reference_not_applied,audit_only_no_fare_estimation
hk_collective_000110,1,pt,pt_fare_chargeability_audit,,,,U,unresolved,generic_pt_leg_missing_actual_mode_line_route_boarding_alighting_transfer_chain,actual_transport_mode;actual_line_id;actual_route_id;actual_direction;boarding_stop_id;alighting_stop_id;transfer_chain,resident,fixed_worker,work,home,work_grid_1465,home_hk_collective_000110,54239.0,False,pt,generic,distance;end_link;start_link;trav_time;type,False,road_62212_0_r,road_7522_0_f,70860.44199999998,02:19:15,,,,,,,,,,,not_modelled_no_serialized_transfer_chain_or_eligibility,,adult_reference_not_applied,Octopus_reference_not_applied,audit_only_no_fare_estimation
hk_collective_000112,0,pt,pt_fare_chargeability_audit,,,,U,unresolved,generic_pt_leg_missing_actual_mode_line_route_boarding_alighting_transfer_chain,actual_transport_mode;actual_line_id;actual_route_id;actual_direction;boarding_stop_id;alighting_stop_id;transfer_chain,resident,tertiary_student,home,education_tertiary,home_hk_collective_000112,education_tertiary_poi_osm:14282160:51842,26940.0,False,pt,generic,distance;end_link;start_link;trav_time;type,False,road_8834_0_r,road_108004_0_f,26893.171,00:48:09,,,,,,,,,,,not_modelled_no_serialized_transfer_chain_or_eligibility,,adult_reference_not_applied,Octopus_reference_not_applied,audit_only_no_fare_estimation
hk_collective_000112,1,pt,pt_fare_chargeability_audit,,,,U,unresolved,generic_pt_leg_missing_actual_mode_line_route_boarding_alighting_transfer_chain,actual_transport_mode;actual_line_id;actual_route_id;actual_direction;boarding_stop_id;alighting_stop_id;transfer_chain,resident,tertiary_student,education_tertiary,home,education_tertiary_poi_osm:14282160:51842,home_hk_collective_000112,68009.0,False,pt,generic,distance;end_link;start_link;trav_time;type,False,road_108004_0_f,road_8834_0_r,33883.511999999995,00:54:13,,,,,,,,,,,not_modelled_no_serialized_transfer_chain_or_eligibility,,adult_reference_not_applied,Octopus_reference_not_applied,audit_only_no_fare_estimation
hk_collective_000113,0,pt,pt_fare_chargeability_audit,,,,U,unresolved,generic_pt_leg_missing_actual_mode_line_route_boarding_alighting_transfer_chain,actual_transport_mode;actual_line_id;actual_route_id;actual_direction;boarding_stop_id;alighting_stop_id;transfer_chain,resident,usual_resident_border,home,border,home_hk_collective_000113,border_10,23921.0,False,pt,generic,distance;end_link;start_link;trav_time;type,False,road_261773_0_f,road_260993_0_f,30874.09900000001,00:43:09,,,,,,,,,,,not_modelled_no_serialized_transfer_chain_or_eligibility,,adult_reference_not_applied,Octopus_reference_not_applied,audit_only_no_fare_estimation
hk_collective_000113,1,pt,pt_fare_chargeability_audit,,,,U,unresolved,generic_pt_leg_missing_actual_mode_line_route_boarding_alighting_transfer_chain,actual_transport_mode;actual_line_id;actual_route_id;actual_direction;boarding_stop_id;alighting_stop_id;transfer_chain,resident,usual_resident_border,border,home,border_10,home_hk_collective_000113,63566.0,False,pt,generic,distance;end_link;start_link;trav_time;type,False,road_260993_0_f,road_261773_0_f,26094.549,00:37:15,,,,,,,,,,,not_modelled_no_serialized_transfer_chain_or_eligibility,,adult_reference_not_applied,Octopus_reference_not_applied,audit_only_no_fare_estimation
hk_collective_000115,0,pt,pt_fare_chargeability_audit,,,,U,unresolved,generic_pt_leg_missing_actual_mode_line_route_boarding_alighting_transfer_chain,actual_transport_mode;actual_line_id;actual_route_id;actual_direction;boarding_stop_id;alighting_stop_id;transfer_chain,resident,work_mobile,home,work_mobile,home_hk_collective_000115,work_mobile_poi_igeocom:545372,30550.0,False,pt,generic,distance;end_link;start_link;trav_time;type,False,road_261773_0_f,road_94434_0_f,17778.502,00:29:29,,,,,,,,,,,not_modelled_no_serialized_transfer_chain_or_eligibility,,adult_reference_not_applied,Octopus_reference_not_applied,audit_only_no_fare_estimation
hk_collective_000115,1,pt,pt_fare_chargeability_audit,,,,U,unresolved,generic_pt_leg_missing_actual_mode_line_route_boarding_alighting_transfer_chain,actual_transport_mode;actual_line_id;actual_route_id;actual_direction;boarding_stop_id;alighting_stop_id;transfer_chain,resident,work_mobile,work_mobile,home,work_mobile_poi_igeocom:545372,home_hk_collective_000115,67641.0,False,pt,generic,distance;end_link;start_link;trav_time;type,False,road_94434_0_f,road_261773_0_f,18742.703,00:31:31,,,,,,,,,,,not_modelled_no_serialized_transfer_chain_or_eligibility,,adult_reference_not_applied,Octopus_reference_not_applied,audit_only_no_fare_estimation
hk_collective_000116,0,pt,pt_fare_chargeability_audit,,,,U,unresolved,generic_pt_leg_missing_actual_mode_line_route_boarding_alighting_transfer_chain,actual_transport_mode;actual_line_id;actual_route_id;actual_direction;boarding_stop_id;alighting_stop_id;transfer_chain,resident,fixed_worker,home,work,home_hk_collective_000116,work_poi_osm:12093138214:43671,25109.0,False,pt,generic,distance;end_link;start_link;trav_time;type,False,road_8582_0_r,road_59003_0_r,41247.25800000001,01:08:46,,,,,,,,,,,not_modelled_no_serialized_transfer_chain_or_eligibility,,adult_reference_not_applied,Octopus_reference_not_applied,audit_only_no_fare_estimation
hk_collective_000116,1,pt,pt_fare_chargeability_audit,,,,U,unresolved,generic_pt_leg_missing_actual_mode_line_route_boarding_alighting_transfer_chain,actual_transport_mode;actual_line_id;actual_route_id;actual_direction;boarding_stop_id;alighting_stop_id;transfer_chain,resident,fixed_worker,work,home,work_poi_osm:12093138214:43671,home_hk_collective_000116,58889.0,False,pt,generic,distance;end_link;start_link;trav_time;type,False,road_59003_0_r,road_8582_0_r,40408.31900000001,01:08:04,,,,,,,,,,,not_modelled_no_serialized_transfer_chain_or_eligibility,,adult_reference_not_applied,Octopus_reference_not_applied,audit_only_no_fare_estimation
hk_collective_000119,0,pt,pt_fare_chargeability_audit,,,,U,unresolved,generic_pt_leg_missing_actual_mode_line_route_boarding_alighting_transfer_chain,actual_transport_mode;actual_line_id;actual_route_id;actual_direction;boarding_stop_id;alighting_stop_id;transfer_chain,resident,fixed_worker,home,work,home_hk_collective_000119,work_poi_osm:missing:55559,27332.0,False,pt,generic,distance;end_link;start_link;trav_time;type,False,road_95106_0_f,road_57949_0_f,36591.627999999975,00:57:39,,,,,,,,,,,not_modelled_no_serialized_transfer_chain_or_eligibility,,adult_reference_not_applied,Octopus_reference_not_applied,audit_only_no_fare_estimation
hk_collective_000119,1,pt,pt_fare_chargeability_audit,,,,U,unresolved,generic_pt_leg_missing_actual_mode_line_route_boarding_alighting_transfer_chain,actual_transport_mode;actual_line_id;actual_route_id;actual_direction;boarding_stop_id;alighting_stop_id;transfer_chain,resident,fixed_worker,work,home,work_poi_osm:missing:55559,home_hk_collective_000119,52915.0,False,pt,generic,distance;end_link;start_link;trav_time;type,False,road_57949_0_f,road_95106_0_f,36826.47500000002,00:59:06,,,,,,,,,,,not_modelled_no_serialized_transfer_chain_or_eligibility,,adult_reference_not_applied,Octopus_reference_not_applied,audit_only_no_fare_estimation
hk_collective_000123,0,pt,pt_fare_chargeability_audit,,,,U,unresolved,generic_pt_leg_missing_actual_mode_line_route_boarding_alighting_transfer_chain,actual_transport_mode;actual_line_id;actual_route_id;actual_direction;boarding_stop_id;alighting_stop_id;transfer_chain,resident,fixed_worker,home,work,home_hk_collective_000123,work_poi_osm:missing:68286,25950.0,False,pt,generic,distance;end_link;start_link;trav_time;type,False,road_164242_0_f,road_95694_0_f,13400.157,00:25:01,,,,,,,,,,,not_modelled_no_serialized_transfer_chain_or_eligibility,,adult_reference_not_applied,Octopus_reference_not_applied,audit_only_no_fare_estimation
hk_collective_000123,1,pt,pt_fare_chargeability_audit,,,,U,unresolved,generic_pt_leg_missing_actual_mode_line_route_boarding_alighting_transfer_chain,actual_transport_mode;actual_line_id;actual_route_id;actual_direction;boarding_stop_id;alighting_stop_id;transfer_chain,resident,fixed_worker,work,home,work_poi_osm:missing:68286,home_hk_collective_000123,54588.0,False,pt,generic,distance;end_link;start_link;trav_time;type,False,road_95694_0_f,road_164242_0_f,14737.251999999997,00:27:58,,,,,,,,,,,not_modelled_no_serialized_transfer_chain_or_eligibility,,adult_reference_not_applied,Octopus_reference_not_applied,audit_only_no_fare_estimation
hk_collective_000124,0,pt,pt_fare_chargeability_audit,,,,U,unresolved,generic_pt_leg_missing_actual_mode_line_route_boarding_alighting_transfer_chain,actual_transport_mode;actual_line_id;actual_route_id;actual_direction;boarding_stop_id;alighting_stop_id;transfer_chain,resident,fixed_worker,home,work,home_hk_collective_000124,work_poi_igeocom:526582,29835.0,False,pt,generic,distance;end_link;start_link;trav_time;type,False,road_96114_0_f,road_106570_0_f,27594.106000000003,00:46:27,,,,,,,,,,,not_modelled_no_serialized_transfer_chain_or_eligibility,,adult_reference_not_applied,Octopus_reference_not_applied,audit_only_no_fare_estimation
hk_collective_000124,1,pt,pt_fare_chargeability_audit,,,,U,unresolved,generic_pt_leg_missing_actual_mode_line_route_boarding_alighting_transfer_chain,actual_transport_mode;actual_line_id;actual_route_id;actual_direction;boarding_stop_id;alighting_stop_id;transfer_chain,resident,fixed_worker,work,home,work_poi_igeocom:526582,home_hk_collective_000124,66069.0,False,pt,generic,distance;end_link;start_link;trav_time;type,False,road_106570_0_f,road_96114_0_f,28072.92000000001,00:48:02,,,,,,,,,,,not_modelled_no_serialized_transfer_chain_or_eligibility,,adult_reference_not_applied,Octopus_reference_not_applied,audit_only_no_fare_estimation
hk_collective_000124,2,pt,pt_fare_chargeability_audit,,,,U,unresolved,generic_pt_leg_missing_actual_mode_line_route_boarding_alighting_transfer_chain,actual_transport_mode;actual_line_id;actual_route_id;actual_direction;boarding_stop_id;alighting_stop_id;transfer_chain,resident,fixed_worker,home,shopping,home_hk_collective_000124,resident_shopping_osm_6187953341_27443,73023.0,True,pt,generic,distance;end_link;start_link;trav_time;type,False,road_96114_0_f,road_3081_0_f,33709.05000000002,00:54:44,,,,,,,,,,,not_modelled_no_serialized_transfer_chain_or_eligibility,,adult_reference_not_applied,Octopus_reference_not_applied,audit_only_no_fare_estimation
hk_collective_000124,3,pt,pt_fare_chargeability_audit,,,,U,unresolved,generic_pt_leg_missing_actual_mode_line_route_boarding_alighting_transfer_chain,actual_transport_mode;actual_line_id;actual_route_id;actual_direction;boarding_stop_id;alighting_stop_id;transfer_chain,resident,fixed_worker,shopping,home,resident_shopping_osm_6187953341_27443,home_hk_collective_000124,79923.0,True,pt,generic,distance;end_link;start_link;trav_time;type,False,road_3081_0_f,road_96114_0_f,33799.20800000001,00:56:16,,,,,,,,,,,not_modelled_no_serialized_transfer_chain_or_eligibility,,adult_reference_not_applied,Octopus_reference_not_applied,audit_only_no_fare_estimation
hk_collective_000127,0,pt,pt_fare_chargeability_audit,,,,U,unresolved,generic_pt_leg_missing_actual_mode_line_route_boarding_alighting_transfer_chain,actual_transport_mode;actual_line_id;actual_route_id;actual_direction;boarding_stop_id;alighting_stop_id;transfer_chain,resident,fixed_worker,home,work,home_hk_collective_000127,work_grid_1499,26027.0,False,pt,generic,distance;end_link;start_link;trav_time;type,False,road_96114_0_f,road_60486_0_f,55001.384000000005,01:46:57,,,,,,,,,,,not_modelled_no_serialized_transfer_chain_or_eligibility,,adult_reference_not_applied,Octopus_reference_not_applied,audit_only_no_fare_estimation
hk_collective_000127,1,pt,pt_fare_chargeability_audit,,,,U,unresolved,generic_pt_leg_missing_actual_mode_line_route_boarding_alighting_transfer_chain,actual_transport_mode;actual_line_id;actual_route_id;actual_direction;boarding_stop_id;alighting_stop_id;transfer_chain,resident,fixed_worker,work,home,work_grid_1499,home_hk_collective_000127,58527.0,False,pt,generic,distance;end_link;start_link;trav_time;type,False,road_60486_0_f,road_96114_0_f,55955.098,01:47:54,,,,,,,,,,,not_modelled_no_serialized_transfer_chain_or_eligibility,,adult_reference_not_applied,Octopus_reference_not_applied,audit_only_no_fare_estimation
hk_collective_000130,0,pt,pt_fare_chargeability_audit,,,,U,unresolved,generic_pt_leg_missing_actual_mode_line_route_boarding_alighting_transfer_chain,actual_transport_mode;actual_line_id;actual_route_id;actual_direction;boarding_stop_id;alighting_stop_id;transfer_chain,resident,usual_resident_border,home,border,home_hk_collective_000130,border_10,28423.0,False,pt,generic,distance;end_link;start_link;trav_time;type,False,road_94746_0_f,road_260993_0_f,28335.71400000001,00:45:01,,,,,,,,,,,not_modelled_no_serialized_transfer_chain_or_eligibility,,adult_reference_not_applied,Octopus_reference_not_applied,audit_only_no_fare_estimation
hk_collective_000130,1,pt,pt_fare_chargeability_audit,,,,U,unresolved,generic_pt_leg_missing_actual_mode_line_route_boarding_alighting_transfer_chain,actual_transport_mode;actual_line_id;actual_route_id;actual_direction;boarding_stop_id;alighting_stop_id;transfer_chain,resident,usual_resident_border,border,home,border_10,home_hk_collective_000130,70415.0,False,pt,generic,distance;end_link;start_link;trav_time;type,False,road_260993_0_f,road_94746_0_f,28441.880000000005,00:46:11,,,,,,,,,,,not_modelled_no_serialized_transfer_chain_or_eligibility,,adult_reference_not_applied,Octopus_reference_not_applied,audit_only_no_fare_estimation
hk_collective_000134,0,pt,pt_fare_chargeability_audit,,,,U,unresolved,generic_pt_leg_missing_actual_mode_line_route_boarding_alighting_transfer_chain,actual_transport_mode;actual_line_id;actual_route_id;actual_direction;boarding_stop_id;alighting_stop_id;transfer_chain,resident,fixed_worker,home,work,home_hk_collective_000134,work_poi_igeocom:544765,28888.0,False,pt,generic,distance;end_link;start_link;trav_time;type,False,road_164616_0_r,road_62816_0_f,29444.63299999999,00:51:54,,,,,,,,,,,not_modelled_no_serialized_transfer_chain_or_eligibility,,adult_reference_not_applied,Octopus_reference_not_applied,audit_only_no_fare_estimation
hk_collective_000134,1,pt,pt_fare_chargeability_audit,,,,U,unresolved,generic_pt_leg_missing_actual_mode_line_route_boarding_alighting_transfer_chain,actual_transport_mode;actual_line_id;actual_route_id;actual_direction;boarding_stop_id;alighting_stop_id;transfer_chain,resident,fixed_worker,work,home,work_poi_igeocom:544765,home_hk_collective_000134,65257.0,False,pt,generic,distance;end_link;start_link;trav_time;type,False,road_62816_0_f,road_164616_0_r,29243.661,00:51:54,,,,,,,,,,,not_modelled_no_serialized_transfer_chain_or_eligibility,,adult_reference_not_applied,Octopus_reference_not_applied,audit_only_no_fare_estimation
hk_collective_000134,2,pt,pt_fare_chargeability_audit,,,,U,unresolved,generic_pt_leg_missing_actual_mode_line_route_boarding_alighting_transfer_chain,actual_transport_mode;actual_line_id;actual_route_id;actual_direction;boarding_stop_id;alighting_stop_id;transfer_chain,resident,fixed_worker,home,leisure,home_hk_collective_000134,resident_leisure_igeocom_562325,67193.0,True,pt,generic,distance;end_link;start_link;trav_time;type,False,road_164616_0_r,road_274770_0_f,2242.158,00:05:22,,,,,,,,,,,not_modelled_no_serialized_transfer_chain_or_eligibility,,adult_reference_not_applied,Octopus_reference_not_applied,audit_only_no_fare_estimation
hk_collective_000134,3,pt,pt_fare_chargeability_audit,,,,U,unresolved,generic_pt_leg_missing_actual_mode_line_route_boarding_alighting_transfer_chain,actual_transport_mode;actual_line_id;actual_route_id;actual_direction;boarding_stop_id;alighting_stop_id;transfer_chain,resident,fixed_worker,leisure,home,resident_leisure_igeocom_562325,home_hk_collective_000134,78593.0,True,pt,generic,distance;end_link;start_link;trav_time;type,False,road_274770_0_f,road_164616_0_r,1812.015,00:04:20,,,,,,,,,,,not_modelled_no_serialized_transfer_chain_or_eligibility,,adult_reference_not_applied,Octopus_reference_not_applied,audit_only_no_fare_estimation
hk_collective_000135,0,pt,pt_fare_chargeability_audit,,,,U,unresolved,generic_pt_leg_missing_actual_mode_line_route_boarding_alighting_transfer_chain,actual_transport_mode;actual_line_id;actual_route_id;actual_direction;boarding_stop_id;alighting_stop_id;transfer_chain,resident,fixed_worker,home,work,home_hk_collective_000135,work_poi_osm:missing:61977,31300.0,False,pt,generic,distance;end_link;start_link;trav_time;type,False,road_140400_0_f,road_59789_0_f,28791.988,00:45:54,,,,,,,,,,,not_modelled_no_serialized_transfer_chain_or_eligibility,,adult_reference_not_applied,Octopus_reference_not_applied,audit_only_no_fare_estimation
hk_collective_000135,1,pt,pt_fare_chargeability_audit,,,,U,unresolved,generic_pt_leg_missing_actual_mode_line_route_boarding_alighting_transfer_chain,actual_transport_mode;actual_line_id;actual_route_id;actual_direction;boarding_stop_id;alighting_stop_id;transfer_chain,resident,fixed_worker,work,home,work_poi_osm:missing:61977,home_hk_collective_000135,59007.0,False,pt,generic,distance;end_link;start_link;trav_time;type,False,road_59789_0_f,road_140400_0_f,28347.63300000001,00:46:02,,,,,,,,,,,not_modelled_no_serialized_transfer_chain_or_eligibility,,adult_reference_not_applied,Octopus_reference_not_applied,audit_only_no_fare_estimation
hk_collective_000136,0,pt,pt_fare_chargeability_audit,,,,U,unresolved,generic_pt_leg_missing_actual_mode_line_route_boarding_alighting_transfer_chain,actual_transport_mode;actual_line_id;actual_route_id;actual_direction;boarding_stop_id;alighting_stop_id;transfer_chain,resident,usual_resident_border,home,border,home_hk_collective_000136,border_8,29049.0,False,pt,generic,distance;end_link;start_link;trav_time;type,False,road_96456_0_f,road_276904_0_f,17047.622000000003,00:27:37,,,,,,,,,,,not_modelled_no_serialized_transfer_chain_or_eligibility,,adult_reference_not_applied,Octopus_reference_not_applied,audit_only_no_fare_estimation
hk_collective_000136,1,pt,pt_fare_chargeability_audit,,,,U,unresolved,generic_pt_leg_missing_actual_mode_line_route_boarding_alighting_transfer_chain,actual_transport_mode;actual_line_id;actual_route_id;actual_direction;boarding_stop_id;alighting_stop_id;transfer_chain,resident,usual_resident_border,border,home,border_8,home_hk_collective_000136,68688.0,False,pt,generic,distance;end_link;start_link;trav_time;type,False,road_276904_0_f,road_96456_0_f,18024.458,00:30:57,,,,,,,,,,,not_modelled_no_serialized_transfer_chain_or_eligibility,,adult_reference_not_applied,Octopus_reference_not_applied,audit_only_no_fare_estimation
hk_collective_000137,0,pt,pt_fare_chargeability_audit,,,,U,unresolved,generic_pt_leg_missing_actual_mode_line_route_boarding_alighting_transfer_chain,actual_transport_mode;actual_line_id;actual_route_id;actual_direction;boarding_stop_id;alighting_stop_id;transfer_chain,resident,fixed_worker,home,work,home_hk_collective_000137,work_poi_igeocom:537852,28190.0,False,pt,generic,distance;end_link;start_link;trav_time;type,False,road_277644_0_r,road_102999_0_f,32991.162000000004,00:55:48,,,,,,,,,,,not_modelled_no_serialized_transfer_chain_or_eligibility,,adult_reference_not_applied,Octopus_reference_not_applied,audit_only_no_fare_estimation
hk_collective_000137,1,pt,pt_fare_chargeability_audit,,,,U,unresolved,generic_pt_leg_missing_actual_mode_line_route_boarding_alighting_transfer_chain,actual_transport_mode;actual_line_id;actual_route_id;actual_direction;boarding_stop_id;alighting_stop_id;transfer_chain,resident,fixed_worker,work,home,work_poi_igeocom:537852,home_hk_collective_000137,53041.0,False,pt,generic,distance;end_link;start_link;trav_time;type,False,road_102999_0_f,road_277644_0_r,33016.03800000001,00:56:29,,,,,,,,,,,not_modelled_no_serialized_transfer_chain_or_eligibility,,adult_reference_not_applied,Octopus_reference_not_applied,audit_only_no_fare_estimation
hk_collective_000138,0,pt,pt_fare_chargeability_audit,,,,U,unresolved,generic_pt_leg_missing_actual_mode_line_route_boarding_alighting_transfer_chain,actual_transport_mode;actual_line_id;actual_route_id;actual_direction;boarding_stop_id;alighting_stop_id;transfer_chain,resident,day_school_student,home,school_secondary,home_hk_collective_000138,school_497,27333.0,False,pt,generic,distance;end_link;start_link;trav_time;type,False,road_270290_0_f,road_95625_0_f,13533.501999999991,00:24:08,,,,,,,,,,,not_modelled_no_serialized_transfer_chain_or_eligibility,,adult_reference_not_applied,Octopus_reference_not_applied,audit_only_no_fare_estimation
hk_collective_000138,1,pt,pt_fare_chargeability_audit,,,,U,unresolved,generic_pt_leg_missing_actual_mode_line_route_boarding_alighting_transfer_chain,actual_transport_mode;actual_line_id;actual_route_id;actual_direction;boarding_stop_id;alighting_stop_id;transfer_chain,resident,day_school_student,school_secondary,home,school_497,home_hk_collective_000138,55992.0,False,pt,generic,distance;end_link;start_link;trav_time;type,False,road_95625_0_f,road_270290_0_f,12907.140999999996,00:23:57,,,,,,,,,,,not_modelled_no_serialized_transfer_chain_or_eligibility,,adult_reference_not_applied,Octopus_reference_not_applied,audit_only_no_fare_estimation
hk_collective_000139,0,pt,pt_fare_chargeability_audit,,,,U,unresolved,generic_pt_leg_missing_actual_mode_line_route_boarding_alighting_transfer_chain,actual_transport_mode;actual_line_id;actual_route_id;actual_direction;boarding_stop_id;alighting_stop_id;transfer_chain,resident,fixed_worker,home,work,home_hk_collective_000139,work_poi_osm:missing:70521,32096.0,False,pt,generic,distance;end_link;start_link;trav_time;type,False,road_94746_0_f,road_164879_0_f,37039.351999999984,01:04:42,,,,,,,,,,,not_modelled_no_serialized_transfer_chain_or_eligibility,,adult_reference_not_applied,Octopus_reference_not_applied,audit_only_no_fare_estimation
hk_collective_000139,1,pt,pt_fare_chargeability_audit,,,,U,unresolved,generic_pt_leg_missing_actual_mode_line_route_boarding_alighting_transfer_chain,actual_transport_mode;actual_line_id;actual_route_id;actual_direction;boarding_stop_id;alighting_stop_id;transfer_chain,resident,fixed_worker,work,home,work_poi_osm:missing:70521,home_hk_collective_000139,63361.0,False,pt,generic,distance;end_link;start_link;trav_time;type,False,road_164879_0_f,road_94746_0_f,38085.31899999999,01:04:05,,,,,,,,,,,not_modelled_no_serialized_transfer_chain_or_eligibility,,adult_reference_not_applied,Octopus_reference_not_applied,audit_only_no_fare_estimation
hk_collective_000140,0,pt,pt_fare_chargeability_audit,,,,U,unresolved,generic_pt_leg_missing_actual_mode_line_route_boarding_alighting_transfer_chain,actual_transport_mode;actual_line_id;actual_route_id;actual_direction;boarding_stop_id;alighting_stop_id;transfer_chain,resident,fixed_worker,home,work,home_hk_collective_000140,work_grid_1583,25432.0,False,pt,generic,distance;end_link;start_link;trav_time;type,False,road_96085_0_f,road_61863_0_f,53666.306,01:43:46,,,,,,,,,,,not_modelled_no_serialized_transfer_chain_or_eligibility,,adult_reference_not_applied,Octopus_reference_not_applied,audit_only_no_fare_estimation
hk_collective_000140,1,pt,pt_fare_chargeability_audit,,,,U,unresolved,generic_pt_leg_missing_actual_mode_line_route_boarding_alighting_transfer_chain,actual_transport_mode;actual_line_id;actual_route_id;actual_direction;boarding_stop_id;alighting_stop_id;transfer_chain,resident,fixed_worker,work,home,work_grid_1583,home_hk_collective_000140,60348.0,False,pt,generic,distance;end_link;start_link;trav_time;type,False,road_61863_0_f,road_96085_0_f,54643.03199999999,01:44:47,,,,,,,,,,,not_modelled_no_serialized_transfer_chain_or_eligibility,,adult_reference_not_applied,Octopus_reference_not_applied,audit_only_no_fare_estimation
hk_collective_000141,0,pt,pt_fare_chargeability_audit,,,,U,unresolved,generic_pt_leg_missing_actual_mode_line_route_boarding_alighting_transfer_chain,actual_transport_mode;actual_line_id;actual_route_id;actual_direction;boarding_stop_id;alighting_stop_id;transfer_chain,resident,fixed_worker,home,work,home_hk_collective_000141,work_poi_igeocom:21078182,28327.0,False,pt,generic,distance;end_link;start_link;trav_time;type,False,road_164617_0_r,road_110017_0_f,27394.338,00:44:16,,,,,,,,,,,not_modelled_no_serialized_transfer_chain_or_eligibility,,adult_reference_not_applied,Octopus_reference_not_applied,audit_only_no_fare_estimation
hk_collective_000141,1,pt,pt_fare_chargeability_audit,,,,U,unresolved,generic_pt_leg_missing_actual_mode_line_route_boarding_alighting_transfer_chain,actual_transport_mode;actual_line_id;actual_route_id;actual_direction;boarding_stop_id;alighting_stop_id;transfer_chain,resident,fixed_worker,work,home,work_poi_igeocom:21078182,home_hk_collective_000141,54832.0,False,pt,generic,distance;end_link;start_link;trav_time;type,False,road_110017_0_f,road_164617_0_r,27020.838000000003,00:44:06,,,,,,,,,,,not_modelled_no_serialized_transfer_chain_or_eligibility,,adult_reference_not_applied,Octopus_reference_not_applied,audit_only_no_fare_estimation
hk_collective_000142,0,pt,pt_fare_chargeability_audit,,,,U,unresolved,generic_pt_leg_missing_actual_mode_line_route_boarding_alighting_transfer_chain,actual_transport_mode;actual_line_id;actual_route_id;actual_direction;boarding_stop_id;alighting_stop_id;transfer_chain,resident,fixed_worker,home,work,home_hk_collective_000142,work_poi_igeocom:561150,31439.0,False,pt,generic,distance;end_link;start_link;trav_time;type,False,road_94746_0_f,road_268924_0_f,3180.2980000000007,00:07:36,,,,,,,,,,,not_modelled_no_serialized_transfer_chain_or_eligibility,,adult_reference_not_applied,Octopus_reference_not_applied,audit_only_no_fare_estimation
hk_collective_000142,1,pt,pt_fare_chargeability_audit,,,,U,unresolved,generic_pt_leg_missing_actual_mode_line_route_boarding_alighting_transfer_chain,actual_transport_mode;actual_line_id;actual_route_id;actual_direction;boarding_stop_id;alighting_stop_id;transfer_chain,resident,fixed_worker,work,home,work_poi_igeocom:561150,home_hk_collective_000142,63033.0,False,pt,generic,distance;end_link;start_link;trav_time;type,False,road_268924_0_f,road_94746_0_f,2494.266999999999,00:05:57,,,,,,,,,,,not_modelled_no_serialized_transfer_chain_or_eligibility,,adult_reference_not_applied,Octopus_reference_not_applied,audit_only_no_fare_estimation
hk_collective_000144,0,pt,pt_fare_chargeability_audit,,,,U,unresolved,generic_pt_leg_missing_actual_mode_line_route_boarding_alighting_transfer_chain,actual_transport_mode;actual_line_id;actual_route_id;actual_direction;boarding_stop_id;alighting_stop_id;transfer_chain,resident,fixed_worker,home,work,home_hk_collective_000144,work_poi_osm:missing:53302,24694.0,False,pt,generic,distance;end_link;start_link;trav_time;type,False,road_94746_0_f,road_60910_0_f,44661.43699999999,01:14:32,,,,,,,,,,,not_modelled_no_serialized_transfer_chain_or_eligibility,,adult_reference_not_applied,Octopus_reference_not_applied,audit_only_no_fare_estimation
hk_collective_000144,1,pt,pt_fare_chargeability_audit,,,,U,unresolved,generic_pt_leg_missing_actual_mode_line_route_boarding_alighting_transfer_chain,actual_transport_mode;actual_line_id;actual_route_id;actual_direction;boarding_stop_id;alighting_stop_id;transfer_chain,resident,fixed_worker,work,home,work_poi_osm:missing:53302,home_hk_collective_000144,52231.0,False,pt,generic,distance;end_link;start_link;trav_time;type,False,road_60910_0_f,road_94746_0_f,43743.46799999999,01:13:45,,,,,,,,,,,not_modelled_no_serialized_transfer_chain_or_eligibility,,adult_reference_not_applied,Octopus_reference_not_applied,audit_only_no_fare_estimation
hk_collective_000145,0,pt,pt_fare_chargeability_audit,,,,U,unresolved,generic_pt_leg_missing_actual_mode_line_route_boarding_alighting_transfer_chain,actual_transport_mode;actual_line_id;actual_route_id;actual_direction;boarding_stop_id;alighting_stop_id;transfer_chain,resident,home_only,home,medical,home_hk_collective_000145,resident_medical_osm_12003219534_43364,42904.0,True,pt,generic,distance;end_link;start_link;trav_time;type,False,road_96456_0_f,road_94891_0_r,3387.659999999999,00:08:06,,,,,,,,,,,not_modelled_no_serialized_transfer_chain_or_eligibility,,adult_reference_not_applied,Octopus_reference_not_applied,audit_only_no_fare_estimation
hk_collective_000145,1,pt,pt_fare_chargeability_audit,,,,U,unresolved,generic_pt_leg_missing_actual_mode_line_route_boarding_alighting_transfer_chain,actual_transport_mode;actual_line_id;actual_route_id;actual_direction;boarding_stop_id;alighting_stop_id;transfer_chain,resident,home_only,medical,home,resident_medical_osm_12003219534_43364,home_hk_collective_000145,50704.0,True,pt,generic,distance;end_link;start_link;trav_time;type,False,road_94891_0_r,road_96456_0_f,3465.8589999999995,00:08:17,,,,,,,,,,,not_modelled_no_serialized_transfer_chain_or_eligibility,,adult_reference_not_applied,Octopus_reference_not_applied,audit_only_no_fare_estimation
hk_collective_000146,0,pt,pt_fare_chargeability_audit,,,,U,unresolved,generic_pt_leg_missing_actual_mode_line_route_boarding_alighting_transfer_chain,actual_transport_mode;actual_line_id;actual_route_id;actual_direction;boarding_stop_id;alighting_stop_id;transfer_chain,resident,work_mobile,home,work_mobile,home_hk_collective_000146,work_mobile_poi_osm:missing:57164,34489.0,False,pt,generic,distance;end_link;start_link;trav_time;type,False,road_270287_0_f,road_95296_0_f,2999.95,00:07:01,,,,,,,,,,,not_modelled_no_serialized_transfer_chain_or_eligibility,,adult_reference_not_applied,Octopus_reference_not_applied,audit_only_no_fare_estimation
hk_collective_000146,1,pt,pt_fare_chargeability_audit,,,,U,unresolved,generic_pt_leg_missing_actual_mode_line_route_boarding_alighting_transfer_chain,actual_transport_mode;actual_line_id;actual_route_id;actual_direction;boarding_stop_id;alighting_stop_id;transfer_chain,resident,work_mobile,work_mobile,home,work_mobile_poi_osm:missing:57164,home_hk_collective_000146,70799.0,False,pt,generic,distance;end_link;start_link;trav_time;type,False,road_95296_0_f,road_270287_0_f,3299.705,00:07:43,,,,,,,,,,,not_modelled_no_serialized_transfer_chain_or_eligibility,,adult_reference_not_applied,Octopus_reference_not_applied,audit_only_no_fare_estimation
hk_collective_000146,2,pt,pt_fare_chargeability_audit,,,,U,unresolved,generic_pt_leg_missing_actual_mode_line_route_boarding_alighting_transfer_chain,actual_transport_mode;actual_line_id;actual_route_id;actual_direction;boarding_stop_id;alighting_stop_id;transfer_chain,resident,work_mobile,home,personal_business,home_hk_collective_000146,resident_personal_business_igeocom_549699,75155.0,True,pt,generic,distance;end_link;start_link;trav_time;type,False,road_270287_0_f,road_59337_0_r,30024.740999999995,00:48:52,,,,,,,,,,,not_modelled_no_serialized_transfer_chain_or_eligibility,,adult_reference_not_applied,Octopus_reference_not_applied,audit_only_no_fare_estimation
hk_collective_000146,3,pt,pt_fare_chargeability_audit,,,,U,unresolved,generic_pt_leg_missing_actual_mode_line_route_boarding_alighting_transfer_chain,actual_transport_mode;actual_line_id;actual_route_id;actual_direction;boarding_stop_id;alighting_stop_id;transfer_chain,resident,work_mobile,personal_business,home,resident_personal_business_igeocom_549699,home_hk_collective_000146,82055.0,True,pt,generic,distance;end_link;start_link;trav_time;type,False,road_59337_0_r,road_270287_0_f,29001.518000000004,00:47:37,,,,,,,,,,,not_modelled_no_serialized_transfer_chain_or_eligibility,,adult_reference_not_applied,Octopus_reference_not_applied,audit_only_no_fare_estimation
hk_collective_000147,0,pt,pt_fare_chargeability_audit,,,,U,unresolved,generic_pt_leg_missing_actual_mode_line_route_boarding_alighting_transfer_chain,actual_transport_mode;actual_line_id;actual_route_id;actual_direction;boarding_stop_id;alighting_stop_id;transfer_chain,resident,home_only,home,shopping,home_hk_collective_000147,resident_shopping_osm_4675924775_18797,53052.0,True,pt,generic,distance;end_link;start_link;trav_time;type,False,road_164616_0_r,road_94495_0_r,2483.736,00:05:57,,,,,,,,,,,not_modelled_no_serialized_transfer_chain_or_eligibility,,adult_reference_not_applied,Octopus_reference_not_applied,audit_only_no_fare_estimation
hk_collective_000147,1,pt,pt_fare_chargeability_audit,,,,U,unresolved,generic_pt_leg_missing_actual_mode_line_route_boarding_alighting_transfer_chain,actual_transport_mode;actual_line_id;actual_route_id;actual_direction;boarding_stop_id;alighting_stop_id;transfer_chain,resident,home_only,shopping,leisure,resident_shopping_osm_4675924775_18797,resident_leisure_igeocom_542276,59952.0,True,pt,generic,distance;end_link;start_link;trav_time;type,False,road_94495_0_r,road_105964_0_f,27782.206,00:45:30,,,,,,,,,,,not_modelled_no_serialized_transfer_chain_or_eligibility,,adult_reference_not_applied,Octopus_reference_not_applied,audit_only_no_fare_estimation
hk_collective_000147,2,pt,pt_fare_chargeability_audit,,,,U,unresolved,generic_pt_leg_missing_actual_mode_line_route_boarding_alighting_transfer_chain,actual_transport_mode;actual_line_id;actual_route_id;actual_direction;boarding_stop_id;alighting_stop_id;transfer_chain,resident,home_only,leisure,home,resident_leisure_igeocom_542276,home_hk_collective_000147,71352.0,True,pt,generic,distance;end_link;start_link;trav_time;type,False,road_105964_0_f,road_164616_0_r,27712.425,00:46:20,,,,,,,,,,,not_modelled_no_serialized_transfer_chain_or_eligibility,,adult_reference_not_applied,Octopus_reference_not_applied,audit_only_no_fare_estimation
hk_collective_000149,0,pt,pt_fare_chargeability_audit,,,,U,unresolved,generic_pt_leg_missing_actual_mode_line_route_boarding_alighting_transfer_chain,actual_transport_mode;actual_line_id;actual_route_id;actual_direction;boarding_stop_id;alighting_stop_id;transfer_chain,resident,fixed_worker,home,work,home_hk_collective_000149,work_poi_igeocom:531250,29573.0,False,pt,generic,distance;end_link;start_link;trav_time;type,False,road_96645_0_f,road_9125_0_f,19387.339000000007,00:33:16,,,,,,,,,,,not_modelled_no_serialized_transfer_chain_or_eligibility,,adult_reference_not_applied,Octopus_reference_not_applied,audit_only_no_fare_estimation
hk_collective_000149,1,pt,pt_fare_chargeability_audit,,,,U,unresolved,generic_pt_leg_missing_actual_mode_line_route_boarding_alighting_transfer_chain,actual_transport_mode;actual_line_id;actual_route_id;actual_direction;boarding_stop_id;alighting_stop_id;transfer_chain,resident,fixed_worker,work,home,work_poi_igeocom:531250,home_hk_collective_000149,65570.0,False,pt,generic,distance;end_link;start_link;trav_time;type,False,road_9125_0_f,road_96645_0_f,24099.36000000001,00:43:14,,,,,,,,,,,not_modelled_no_serialized_transfer_chain_or_eligibility,,adult_reference_not_applied,Octopus_reference_not_applied,audit_only_no_fare_estimation
hk_collective_000150,0,pt,pt_fare_chargeability_audit,,,,U,unresolved,generic_pt_leg_missing_actual_mode_line_route_boarding_alighting_transfer_chain,actual_transport_mode;actual_line_id;actual_route_id;actual_direction;boarding_stop_id;alighting_stop_id;transfer_chain,resident,day_school_student,home,school_kindergarten,home_hk_collective_000150,school_2349,28060.0,False,pt,generic,distance;end_link;start_link;trav_time;type,False,road_95342_0_f,road_94268_0_r,2943.043,00:07:02,,,,,,,,,,,not_modelled_no_serialized_transfer_chain_or_eligibility,,adult_reference_not_applied,Octopus_reference_not_applied,audit_only_no_fare_estimation
hk_collective_000150,1,pt,pt_fare_chargeability_audit,,,,U,unresolved,generic_pt_leg_missing_actual_mode_line_route_boarding_alighting_transfer_chain,actual_transport_mode;actual_line_id;actual_route_id;actual_direction;boarding_stop_id;alighting_stop_id;transfer_chain,resident,day_school_student,school_kindergarten,home,school_2349,home_hk_collective_000150,46734.0,False,pt,generic,distance;end_link;start_link;trav_time;type,False,road_94268_0_r,road_95342_0_f,3971.215,00:09:09,,,,,,,,,,,not_modelled_no_serialized_transfer_chain_or_eligibility,,adult_reference_not_applied,Octopus_reference_not_applied,audit_only_no_fare_estimation
hk_collective_000151,0,pt,pt_fare_chargeability_audit,,,,U,unresolved,generic_pt_leg_missing_actual_mode_line_route_boarding_alighting_transfer_chain,actual_transport_mode;actual_line_id;actual_route_id;actual_direction;boarding_stop_id;alighting_stop_id;transfer_chain,resident,fixed_worker,home,work,home_hk_collective_000151,work_poi_igeocom:549266,26857.0,False,pt,generic,distance;end_link;start_link;trav_time;type,False,road_94746_0_f,road_164023_0_f,32265.03100000001,00:54:03,,,,,,,,,,,not_modelled_no_serialized_transfer_chain_or_eligibility,,adult_reference_not_applied,Octopus_reference_not_applied,audit_only_no_fare_estimation
hk_collective_000151,1,pt,pt_fare_chargeability_audit,,,,U,unresolved,generic_pt_leg_missing_actual_mode_line_route_boarding_alighting_transfer_chain,actual_transport_mode;actual_line_id;actual_route_id;actual_direction;boarding_stop_id;alighting_stop_id;transfer_chain,resident,fixed_worker,work,home,work_poi_igeocom:549266,home_hk_collective_000151,61782.0,False,pt,generic,distance;end_link;start_link;trav_time;type,False,road_164023_0_f,road_94746_0_f,32687.42,00:55:43,,,,,,,,,,,not_modelled_no_serialized_transfer_chain_or_eligibility,,adult_reference_not_applied,Octopus_reference_not_applied,audit_only_no_fare_estimation
hk_collective_000152,0,pt,pt_fare_chargeability_audit,,,,U,unresolved,generic_pt_leg_missing_actual_mode_line_route_boarding_alighting_transfer_chain,actual_transport_mode;actual_line_id;actual_route_id;actual_direction;boarding_stop_id;alighting_stop_id;transfer_chain,resident,fixed_worker,home,work,home_hk_collective_000152,work_poi_igeocom:21079339,27792.0,False,pt,generic,distance;end_link;start_link;trav_time;type,False,road_96456_0_f,road_6263_0_r,36505.32400000001,01:03:17,,,,,,,,,,,not_modelled_no_serialized_transfer_chain_or_eligibility,,adult_reference_not_applied,Octopus_reference_not_applied,audit_only_no_fare_estimation
hk_collective_000152,1,pt,pt_fare_chargeability_audit,,,,U,unresolved,generic_pt_leg_missing_actual_mode_line_route_boarding_alighting_transfer_chain,actual_transport_mode;actual_line_id;actual_route_id;actual_direction;boarding_stop_id;alighting_stop_id;transfer_chain,resident,fixed_worker,work,home,work_poi_igeocom:21079339,home_hk_collective_000152,54750.0,False,pt,generic,distance;end_link;start_link;trav_time;type,False,road_6263_0_r,road_96456_0_f,36500.98699999999,01:03:53,,,,,,,,,,,not_modelled_no_serialized_transfer_chain_or_eligibility,,adult_reference_not_applied,Octopus_reference_not_applied,audit_only_no_fare_estimation
hk_collective_000154,0,pt,pt_fare_chargeability_audit,,,,U,unresolved,generic_pt_leg_missing_actual_mode_line_route_boarding_alighting_transfer_chain,actual_transport_mode;actual_line_id;actual_route_id;actual_direction;boarding_stop_id;alighting_stop_id;transfer_chain,resident,work_mobile,home,work_mobile,home_hk_collective_000154,work_mobile_poi_igeocom:545021,25189.0,False,pt,generic,distance;end_link;start_link;trav_time;type,False,road_94746_0_f,road_101952_0_f,34561.721000000005,00:59:28,,,,,,,,,,,not_modelled_no_serialized_transfer_chain_or_eligibility,,adult_reference_not_applied,Octopus_reference_not_applied,audit_only_no_fare_estimation
hk_collective_000154,1,pt,pt_fare_chargeability_audit,,,,U,unresolved,generic_pt_leg_missing_actual_mode_line_route_boarding_alighting_transfer_chain,actual_transport_mode;actual_line_id;actual_route_id;actual_direction;boarding_stop_id;alighting_stop_id;transfer_chain,resident,work_mobile,work_mobile,home,work_mobile_poi_igeocom:545021,home_hk_collective_000154,58131.0,False,pt,generic,distance;end_link;start_link;trav_time;type,False,road_101952_0_f,road_94746_0_f,36063.49499999999,01:01:11,,,,,,,,,,,not_modelled_no_serialized_transfer_chain_or_eligibility,,adult_reference_not_applied,Octopus_reference_not_applied,audit_only_no_fare_estimation
hk_collective_000157,0,pt,pt_fare_chargeability_audit,,,,U,unresolved,generic_pt_leg_missing_actual_mode_line_route_boarding_alighting_transfer_chain,actual_transport_mode;actual_line_id;actual_route_id;actual_direction;boarding_stop_id;alighting_stop_id;transfer_chain,resident,fixed_worker,home,work,home_hk_collective_000157,work_poi_igeocom:562787,33207.0,False,pt,generic,distance;end_link;start_link;trav_time;type,False,road_270288_0_f,road_8916_0_f,15946.562000000004,00:27:20,,,,,,,,,,,not_modelled_no_serialized_transfer_chain_or_eligibility,,adult_reference_not_applied,Octopus_reference_not_applied,audit_only_no_fare_estimation
hk_collective_000157,1,pt,pt_fare_chargeability_audit,,,,U,unresolved,generic_pt_leg_missing_actual_mode_line_route_boarding_alighting_transfer_chain,actual_transport_mode;actual_line_id;actual_route_id;actual_direction;boarding_stop_id;alighting_stop_id;transfer_chain,resident,fixed_worker,work,home,work_poi_igeocom:562787,home_hk_collective_000157,63966.0,False,pt,generic,distance;end_link;start_link;trav_time;type,False,road_8916_0_f,road_270288_0_f,16007.510000000002,00:27:03,,,,,,,,,,,not_modelled_no_serialized_transfer_chain_or_eligibility,,adult_reference_not_applied,Octopus_reference_not_applied,audit_only_no_fare_estimation
hk_collective_000158,0,pt,pt_fare_chargeability_audit,,,,U,unresolved,generic_pt_leg_missing_actual_mode_line_route_boarding_alighting_transfer_chain,actual_transport_mode;actual_line_id;actual_route_id;actual_direction;boarding_stop_id;alighting_stop_id;transfer_chain,resident,fixed_worker,home,work,home_hk_collective_000158,work_poi_igeocom:21248041,34400.0,False,pt,generic,distance;end_link;start_link;trav_time;type,False,road_164616_0_r,road_260249_0_f,11664.037,00:22:02,,,,,,,,,,,not_modelled_no_serialized_transfer_chain_or_eligibility,,adult_reference_not_applied,Octopus_reference_not_applied,audit_only_no_fare_estimation
hk_collective_000158,1,pt,pt_fare_chargeability_audit,,,,U,unresolved,generic_pt_leg_missing_actual_mode_line_route_boarding_alighting_transfer_chain,actual_transport_mode;actual_line_id;actual_route_id;actual_direction;boarding_stop_id;alighting_stop_id;transfer_chain,resident,fixed_worker,work,home,work_poi_igeocom:21248041,home_hk_collective_000158,67037.0,False,pt,generic,distance;end_link;start_link;trav_time;type,False,road_260249_0_f,road_164616_0_r,11415.119,00:21:44,,,,,,,,,,,not_modelled_no_serialized_transfer_chain_or_eligibility,,adult_reference_not_applied,Octopus_reference_not_applied,audit_only_no_fare_estimation
hk_collective_000159,0,pt,pt_fare_chargeability_audit,,,,U,unresolved,generic_pt_leg_missing_actual_mode_line_route_boarding_alighting_transfer_chain,actual_transport_mode;actual_line_id;actual_route_id;actual_direction;boarding_stop_id;alighting_stop_id;transfer_chain,resident,work_mobile,home,work_mobile,home_hk_collective_000159,work_mobile_poi_igeocom:538626,30450.0,False,pt,generic,distance;end_link;start_link;trav_time;type,False,road_95334_0_f,road_110835_0_f,11221.402000000002,00:20:58,,,,,,,,,,,not_modelled_no_serialized_transfer_chain_or_eligibility,,adult_reference_not_applied,Octopus_reference_not_applied,audit_only_no_fare_estimation
hk_collective_000159,1,pt,pt_fare_chargeability_audit,,,,U,unresolved,generic_pt_leg_missing_actual_mode_line_route_boarding_alighting_transfer_chain,actual_transport_mode;actual_line_id;actual_route_id;actual_direction;boarding_stop_id;alighting_stop_id;transfer_chain,resident,work_mobile,work_mobile,home,work_mobile_poi_igeocom:538626,home_hk_collective_000159,61676.0,False,pt,generic,distance;end_link;start_link;trav_time;type,False,road_110835_0_f,road_95334_0_f,11630.612999999996,00:22:26,,,,,,,,,,,not_modelled_no_serialized_transfer_chain_or_eligibility,,adult_reference_not_applied,Octopus_reference_not_applied,audit_only_no_fare_estimation
hk_collective_000160,0,pt,pt_fare_chargeability_audit,,,,U,unresolved,generic_pt_leg_missing_actual_mode_line_route_boarding_alighting_transfer_chain,actual_transport_mode;actual_line_id;actual_route_id;actual_direction;boarding_stop_id;alighting_stop_id;transfer_chain,resident,home_only,home,dining,home_hk_collective_000160,resident_dining_osm_2406456645_6434,59883.0,True,pt,generic,distance;end_link;start_link;trav_time;type,False,road_94746_0_f,road_261519_0_f,12084.083000000002,00:22:07,,,,,,,,,,,not_modelled_no_serialized_transfer_chain_or_eligibility,,adult_reference_not_applied,Octopus_reference_not_applied,audit_only_no_fare_estimation
hk_collective_000160,1,pt,pt_fare_chargeability_audit,,,,U,unresolved,generic_pt_leg_missing_actual_mode_line_route_boarding_alighting_transfer_chain,actual_transport_mode;actual_line_id;actual_route_id;actual_direction;boarding_stop_id;alighting_stop_id;transfer_chain,resident,home_only,dining,shopping,resident_dining_osm_2406456645_6434,resident_shopping_igeocom_534342,66483.0,True,pt,generic,distance;end_link;start_link;trav_time;type,False,road_261519_0_f,road_93367_0_f,19200.154,00:33:31,,,,,,,,,,,not_modelled_no_serialized_transfer_chain_or_eligibility,,adult_reference_not_applied,Octopus_reference_not_applied,audit_only_no_fare_estimation
hk_collective_000160,2,pt,pt_fare_chargeability_audit,,,,U,unresolved,generic_pt_leg_missing_actual_mode_line_route_boarding_alighting_transfer_chain,actual_transport_mode;actual_line_id;actual_route_id;actual_direction;boarding_stop_id;alighting_stop_id;transfer_chain,resident,home_only,shopping,home,resident_shopping_igeocom_534342,home_hk_collective_000160,73383.0,True,pt,generic,distance;end_link;start_link;trav_time;type,False,road_93367_0_f,road_94746_0_f,20116.36400000001,00:35:59,,,,,,,,,,,not_modelled_no_serialized_transfer_chain_or_eligibility,,adult_reference_not_applied,Octopus_reference_not_applied,audit_only_no_fare_estimation
hk_collective_000161,0,pt,pt_fare_chargeability_audit,,,,U,unresolved,generic_pt_leg_missing_actual_mode_line_route_boarding_alighting_transfer_chain,actual_transport_mode;actual_line_id;actual_route_id;actual_direction;boarding_stop_id;alighting_stop_id;transfer_chain,resident,fixed_worker,home,work,home_hk_collective_000161,work_poi_igeocom:21271963,27620.0,False,pt,generic,distance;end_link;start_link;trav_time;type,False,road_95136_0_f,road_60829_0_r,40536.13499999997,01:04:38,,,,,,,,,,,not_modelled_no_serialized_transfer_chain_or_eligibility,,adult_reference_not_applied,Octopus_reference_not_applied,audit_only_no_fare_estimation
hk_collective_000161,1,pt,pt_fare_chargeability_audit,,,,U,unresolved,generic_pt_leg_missing_actual_mode_line_route_boarding_alighting_transfer_chain,actual_transport_mode;actual_line_id;actual_route_id;actual_direction;boarding_stop_id;alighting_stop_id;transfer_chain,resident,fixed_worker,work,home,work_poi_igeocom:21271963,home_hk_collective_000161,57724.0,False,pt,generic,distance;end_link;start_link;trav_time;type,False,road_60829_0_r,road_95136_0_f,39633.546999999984,01:03:54,,,,,,,,,,,not_modelled_no_serialized_transfer_chain_or_eligibility,,adult_reference_not_applied,Octopus_reference_not_applied,audit_only_no_fare_estimation
hk_collective_000163,0,pt,pt_fare_chargeability_audit,,,,U,unresolved,generic_pt_leg_missing_actual_mode_line_route_boarding_alighting_transfer_chain,actual_transport_mode;actual_line_id;actual_route_id;actual_direction;boarding_stop_id;alighting_stop_id;transfer_chain,resident,fixed_worker,home,work,home_hk_collective_000163,work_poi_osm:missing:68943,28382.0,False,pt,generic,distance;end_link;start_link;trav_time;type,False,road_94746_0_f,road_111839_0_r,18681.441,00:33:01,,,,,,,,,,,not_modelled_no_serialized_transfer_chain_or_eligibility,,adult_reference_not_applied,Octopus_reference_not_applied,audit_only_no_fare_estimation
hk_collective_000163,1,pt,pt_fare_chargeability_audit,,,,U,unresolved,generic_pt_leg_missing_actual_mode_line_route_boarding_alighting_transfer_chain,actual_transport_mode;actual_line_id;actual_route_id;actual_direction;boarding_stop_id;alighting_stop_id;transfer_chain,resident,fixed_worker,work,home,work_poi_osm:missing:68943,home_hk_collective_000163,63096.0,False,pt,generic,distance;end_link;start_link;trav_time;type,False,road_111839_0_r,road_94746_0_f,18008.003999999994,00:32:15,,,,,,,,,,,not_modelled_no_serialized_transfer_chain_or_eligibility,,adult_reference_not_applied,Octopus_reference_not_applied,audit_only_no_fare_estimation
hk_collective_000164,0,pt,pt_fare_chargeability_audit,,,,U,unresolved,generic_pt_leg_missing_actual_mode_line_route_boarding_alighting_transfer_chain,actual_transport_mode;actual_line_id;actual_route_id;actual_direction;boarding_stop_id;alighting_stop_id;transfer_chain,resident,home_only,home,shopping,home_hk_collective_000164,resident_shopping_igeocom_552590,41722.0,True,pt,generic,distance;end_link;start_link;trav_time;type,False,road_277644_0_r,road_261527_0_r,3012.548999999999,00:07:13,,,,,,,,,,,not_modelled_no_serialized_transfer_chain_or_eligibility,,adult_reference_not_applied,Octopus_reference_not_applied,audit_only_no_fare_estimation
hk_collective_000164,1,pt,pt_fare_chargeability_audit,,,,U,unresolved,generic_pt_leg_missing_actual_mode_line_route_boarding_alighting_transfer_chain,actual_transport_mode;actual_line_id;actual_route_id;actual_direction;boarding_stop_id;alighting_stop_id;transfer_chain,resident,home_only,shopping,dining,resident_shopping_igeocom_552590,resident_dining_osm_11722929666_42602,48622.0,True,pt,generic,distance;end_link;start_link;trav_time;type,False,road_261527_0_r,road_94436_0_f,9895.246,00:17:42,,,,,,,,,,,not_modelled_no_serialized_transfer_chain_or_eligibility,,adult_reference_not_applied,Octopus_reference_not_applied,audit_only_no_fare_estimation
hk_collective_000164,2,pt,pt_fare_chargeability_audit,,,,U,unresolved,generic_pt_leg_missing_actual_mode_line_route_boarding_alighting_transfer_chain,actual_transport_mode;actual_line_id;actual_route_id;actual_direction;boarding_stop_id;alighting_stop_id;transfer_chain,resident,home_only,dining,home,resident_dining_osm_11722929666_42602,home_hk_collective_000164,55222.0,True,pt,generic,distance;end_link;start_link;trav_time;type,False,road_94436_0_f,road_277644_0_r,11719.000000000004,00:23:49,,,,,,,,,,,not_modelled_no_serialized_transfer_chain_or_eligibility,,adult_reference_not_applied,Octopus_reference_not_applied,audit_only_no_fare_estimation
hk_collective_000165,0,pt,pt_fare_chargeability_audit,,,,U,unresolved,generic_pt_leg_missing_actual_mode_line_route_boarding_alighting_transfer_chain,actual_transport_mode;actual_line_id;actual_route_id;actual_direction;boarding_stop_id;alighting_stop_id;transfer_chain,resident,day_school_student,home,school_secondary,home_hk_collective_000165,school_1015,29808.0,False,pt,generic,distance;end_link;start_link;trav_time;type,False,road_94746_0_f,road_106447_0_r,26822.348000000005,00:44:06,,,,,,,,,,,not_modelled_no_serialized_transfer_chain_or_eligibility,,adult_reference_not_applied,Octopus_reference_not_applied,audit_only_no_fare_estimation
hk_collective_000165,1,pt,pt_fare_chargeability_audit,,,,U,unresolved,generic_pt_leg_missing_actual_mode_line_route_boarding_alighting_transfer_chain,actual_transport_mode;actual_line_id;actual_route_id;actual_direction;boarding_stop_id;alighting_stop_id;transfer_chain,resident,day_school_student,school_secondary,home,school_1015,home_hk_collective_000165,58283.0,False,pt,generic,distance;end_link;start_link;trav_time;type,False,road_106447_0_r,road_94746_0_f,26708.388000000006,00:44:45,,,,,,,,,,,not_modelled_no_serialized_transfer_chain_or_eligibility,,adult_reference_not_applied,Octopus_reference_not_applied,audit_only_no_fare_estimation
hk_collective_000167,0,pt,pt_fare_chargeability_audit,,,,U,unresolved,generic_pt_leg_missing_actual_mode_line_route_boarding_alighting_transfer_chain,actual_transport_mode;actual_line_id;actual_route_id;actual_direction;boarding_stop_id;alighting_stop_id;transfer_chain,resident,fixed_worker,home,work,home_hk_collective_000167,work_poi_igeocom:552220,29071.0,False,pt,generic,distance;end_link;start_link;trav_time;type,False,road_94289_0_f,road_272034_0_r,14130.801,00:26:48,,,,,,,,,,,not_modelled_no_serialized_transfer_chain_or_eligibility,,adult_reference_not_applied,Octopus_reference_not_applied,audit_only_no_fare_estimation
hk_collective_000167,1,pt,pt_fare_chargeability_audit,,,,U,unresolved,generic_pt_leg_missing_actual_mode_line_route_boarding_alighting_transfer_chain,actual_transport_mode;actual_line_id;actual_route_id;actual_direction;boarding_stop_id;alighting_stop_id;transfer_chain,resident,fixed_worker,work,home,work_poi_igeocom:552220,home_hk_collective_000167,64614.0,False,pt,generic,distance;end_link;start_link;trav_time;type,False,road_272034_0_r,road_94289_0_f,13709.803000000004,00:27:14,,,,,,,,,,,not_modelled_no_serialized_transfer_chain_or_eligibility,,adult_reference_not_applied,Octopus_reference_not_applied,audit_only_no_fare_estimation
hk_collective_000168,0,pt,pt_fare_chargeability_audit,,,,U,unresolved,generic_pt_leg_missing_actual_mode_line_route_boarding_alighting_transfer_chain,actual_transport_mode;actual_line_id;actual_route_id;actual_direction;boarding_stop_id;alighting_stop_id;transfer_chain,resident,fixed_worker,home,work,home_hk_collective_000168,work_poi_osm:13992208604:48486,27759.0,False,pt,generic,distance;end_link;start_link;trav_time;type,False,road_164616_0_r,road_274744_0_r,20895.253000000004,00:41:18,,,,,,,,,,,not_modelled_no_serialized_transfer_chain_or_eligibility,,adult_reference_not_applied,Octopus_reference_not_applied,audit_only_no_fare_estimation
hk_collective_000168,1,pt,pt_fare_chargeability_audit,,,,U,unresolved,generic_pt_leg_missing_actual_mode_line_route_boarding_alighting_transfer_chain,actual_transport_mode;actual_line_id;actual_route_id;actual_direction;boarding_stop_id;alighting_stop_id;transfer_chain,resident,fixed_worker,work,home,work_poi_osm:13992208604:48486,home_hk_collective_000168,67402.0,False,pt,generic,distance;end_link;start_link;trav_time;type,False,road_274744_0_r,road_164616_0_r,22107.444999999992,00:41:40,,,,,,,,,,,not_modelled_no_serialized_transfer_chain_or_eligibility,,adult_reference_not_applied,Octopus_reference_not_applied,audit_only_no_fare_estimation
hk_collective_000170,0,pt,pt_fare_chargeability_audit,,,,U,unresolved,generic_pt_leg_missing_actual_mode_line_route_boarding_alighting_transfer_chain,actual_transport_mode;actual_line_id;actual_route_id;actual_direction;boarding_stop_id;alighting_stop_id;transfer_chain,resident,fixed_worker,home,work,home_hk_collective_000170,work_poi_igeocom:21074385,25186.0,False,pt,generic,distance;end_link;start_link;trav_time;type,False,road_270290_0_f,road_5404_0_f,42721.704000000005,01:17:18,,,,,,,,,,,not_modelled_no_serialized_transfer_chain_or_eligibility,,adult_reference_not_applied,Octopus_reference_not_applied,audit_only_no_fare_estimation
hk_collective_000170,1,pt,pt_fare_chargeability_audit,,,,U,unresolved,generic_pt_leg_missing_actual_mode_line_route_boarding_alighting_transfer_chain,actual_transport_mode;actual_line_id;actual_route_id;actual_direction;boarding_stop_id;alighting_stop_id;transfer_chain,resident,fixed_worker,work,home,work_poi_igeocom:21074385,home_hk_collective_000170,61824.0,False,pt,generic,distance;end_link;start_link;trav_time;type,False,road_5404_0_f,road_270290_0_f,41302.34599999999,01:15:03,,,,,,,,,,,not_modelled_no_serialized_transfer_chain_or_eligibility,,adult_reference_not_applied,Octopus_reference_not_applied,audit_only_no_fare_estimation
hk_collective_000171,0,pt,pt_fare_chargeability_audit,,,,U,unresolved,generic_pt_leg_missing_actual_mode_line_route_boarding_alighting_transfer_chain,actual_transport_mode;actual_line_id;actual_route_id;actual_direction;boarding_stop_id;alighting_stop_id;transfer_chain,resident,usual_resident_border,home,border,home_hk_collective_000171,border_12,26305.0,False,pt,generic,distance;end_link;start_link;trav_time;type,False,road_164616_0_r,road_264826_0_f,33436.258,01:00:13,,,,,,,,,,,not_modelled_no_serialized_transfer_chain_or_eligibility,,adult_reference_not_applied,Octopus_reference_not_applied,audit_only_no_fare_estimation
hk_collective_000171,1,pt,pt_fare_chargeability_audit,,,,U,unresolved,generic_pt_leg_missing_actual_mode_line_route_boarding_alighting_transfer_chain,actual_transport_mode;actual_line_id;actual_route_id;actual_direction;boarding_stop_id;alighting_stop_id;transfer_chain,resident,usual_resident_border,border,home,border_12,home_hk_collective_000171,66154.0,False,pt,generic,distance;end_link;start_link;trav_time;type,False,road_264826_0_f,road_164616_0_r,33778.884999999995,01:00:54,,,,,,,,,,,not_modelled_no_serialized_transfer_chain_or_eligibility,,adult_reference_not_applied,Octopus_reference_not_applied,audit_only_no_fare_estimation
hk_collective_000173,0,pt,pt_fare_chargeability_audit,,,,U,unresolved,generic_pt_leg_missing_actual_mode_line_route_boarding_alighting_transfer_chain,actual_transport_mode;actual_line_id;actual_route_id;actual_direction;boarding_stop_id;alighting_stop_id;transfer_chain,resident,work_mobile,home,work_mobile,home_hk_collective_000173,work_mobile_poi_osm:missing:60553,26573.0,False,pt,generic,distance;end_link;start_link;trav_time;type,False,road_94746_0_f,road_163840_0_f,8399.140000000001,00:15:06,,,,,,,,,,,not_modelled_no_serialized_transfer_chain_or_eligibility,,adult_reference_not_applied,Octopus_reference_not_applied,audit_only_no_fare_estimation
hk_collective_000173,1,pt,pt_fare_chargeability_audit,,,,U,unresolved,generic_pt_leg_missing_actual_mode_line_route_boarding_alighting_transfer_chain,actual_transport_mode;actual_line_id;actual_route_id;actual_direction;boarding_stop_id;alighting_stop_id;transfer_chain,resident,work_mobile,work_mobile,home,work_mobile_poi_osm:missing:60553,home_hk_collective_000173,61232.0,False,pt,generic,distance;end_link;start_link;trav_time;type,False,road_163840_0_f,road_94746_0_f,8526.233999999997,00:16:31,,,,,,,,,,,not_modelled_no_serialized_transfer_chain_or_eligibility,,adult_reference_not_applied,Octopus_reference_not_applied,audit_only_no_fare_estimation
hk_collective_000174,0,pt,pt_fare_chargeability_audit,,,,U,unresolved,generic_pt_leg_missing_actual_mode_line_route_boarding_alighting_transfer_chain,actual_transport_mode;actual_line_id;actual_route_id;actual_direction;boarding_stop_id;alighting_stop_id;transfer_chain,resident,fixed_worker,home,work,home_hk_collective_000174,work_poi_osm:11416746949:41945,28222.0,False,pt,generic,distance;end_link;start_link;trav_time;type,False,road_96457_0_r,road_164693_0_f,33888.211,00:54:22,,,,,,,,,,,not_modelled_no_serialized_transfer_chain_or_eligibility,,adult_reference_not_applied,Octopus_reference_not_applied,audit_only_no_fare_estimation
hk_collective_000174,1,pt,pt_fare_chargeability_audit,,,,U,unresolved,generic_pt_leg_missing_actual_mode_line_route_boarding_alighting_transfer_chain,actual_transport_mode;actual_line_id;actual_route_id;actual_direction;boarding_stop_id;alighting_stop_id;transfer_chain,resident,fixed_worker,work,home,work_poi_osm:11416746949:41945,home_hk_collective_000174,54481.0,False,pt,generic,distance;end_link;start_link;trav_time;type,False,road_164693_0_f,road_96457_0_r,33770.62999999999,00:55:41,,,,,,,,,,,not_modelled_no_serialized_transfer_chain_or_eligibility,,adult_reference_not_applied,Octopus_reference_not_applied,audit_only_no_fare_estimation
hk_collective_000175,0,pt,pt_fare_chargeability_audit,,,,U,unresolved,generic_pt_leg_missing_actual_mode_line_route_boarding_alighting_transfer_chain,actual_transport_mode;actual_line_id;actual_route_id;actual_direction;boarding_stop_id;alighting_stop_id;transfer_chain,resident,fixed_worker,home,work,home_hk_collective_000175,work_poi_igeocom:21247916,23140.0,False,pt,generic,distance;end_link;start_link;trav_time;type,False,road_96456_0_f,road_94435_0_f,2181.818,00:05:12,,,,,,,,,,,not_modelled_no_serialized_transfer_chain_or_eligibility,,adult_reference_not_applied,Octopus_reference_not_applied,audit_only_no_fare_estimation
hk_collective_000175,1,pt,pt_fare_chargeability_audit,,,,U,unresolved,generic_pt_leg_missing_actual_mode_line_route_boarding_alighting_transfer_chain,actual_transport_mode;actual_line_id;actual_route_id;actual_direction;boarding_stop_id;alighting_stop_id;transfer_chain,resident,fixed_worker,work,home,work_poi_igeocom:21247916,home_hk_collective_000175,53009.0,False,pt,generic,distance;end_link;start_link;trav_time;type,False,road_94435_0_f,road_96456_0_f,1961.8049999999996,00:04:41,,,,,,,,,,,not_modelled_no_serialized_transfer_chain_or_eligibility,,adult_reference_not_applied,Octopus_reference_not_applied,audit_only_no_fare_estimation
hk_collective_000177,0,pt,pt_fare_chargeability_audit,,,,U,unresolved,generic_pt_leg_missing_actual_mode_line_route_boarding_alighting_transfer_chain,actual_transport_mode;actual_line_id;actual_route_id;actual_direction;boarding_stop_id;alighting_stop_id;transfer_chain,resident,day_school_student,home,school_primary,home_hk_collective_000177,school_316,24201.0,False,pt,generic,distance;end_link;start_link;trav_time;type,False,road_270288_0_f,road_94253_0_f,1831.211,00:04:22,,,,,,,,,,,not_modelled_no_serialized_transfer_chain_or_eligibility,,adult_reference_not_applied,Octopus_reference_not_applied,audit_only_no_fare_estimation
hk_collective_000177,1,pt,pt_fare_chargeability_audit,,,,U,unresolved,generic_pt_leg_missing_actual_mode_line_route_boarding_alighting_transfer_chain,actual_transport_mode;actual_line_id;actual_route_id;actual_direction;boarding_stop_id;alighting_stop_id;transfer_chain,resident,day_school_student,school_primary,home,school_316,home_hk_collective_000177,55912.0,False,pt,generic,distance;end_link;start_link;trav_time;type,False,road_94253_0_f,road_270288_0_f,2036.835,00:04:51,,,,,,,,,,,not_modelled_no_serialized_transfer_chain_or_eligibility,,adult_reference_not_applied,Octopus_reference_not_applied,audit_only_no_fare_estimation
hk_collective_000178,0,pt,pt_fare_chargeability_audit,,,,U,unresolved,generic_pt_leg_missing_actual_mode_line_route_boarding_alighting_transfer_chain,actual_transport_mode;actual_line_id;actual_route_id;actual_direction;boarding_stop_id;alighting_stop_id;transfer_chain,resident,fixed_worker,home,work,home_hk_collective_000178,work_poi_osm:missing:60465,30013.0,False,pt,generic,distance;end_link;start_link;trav_time;type,False,road_140400_0_f,road_271206_0_r,37860.914,01:02:08,,,,,,,,,,,not_modelled_no_serialized_transfer_chain_or_eligibility,,adult_reference_not_applied,Octopus_reference_not_applied,audit_only_no_fare_estimation
hk_collective_000178,1,pt,pt_fare_chargeability_audit,,,,U,unresolved,generic_pt_leg_missing_actual_mode_line_route_boarding_alighting_transfer_chain,actual_transport_mode;actual_line_id;actual_route_id;actual_direction;boarding_stop_id;alighting_stop_id;transfer_chain,resident,fixed_worker,work,home,work_poi_osm:missing:60465,home_hk_collective_000178,66919.0,False,pt,generic,distance;end_link;start_link;trav_time;type,False,road_271206_0_r,road_140400_0_f,36899.36499999998,01:01:28,,,,,,,,,,,not_modelled_no_serialized_transfer_chain_or_eligibility,,adult_reference_not_applied,Octopus_reference_not_applied,audit_only_no_fare_estimation
hk_collective_000179,0,pt,pt_fare_chargeability_audit,,,,U,unresolved,generic_pt_leg_missing_actual_mode_line_route_boarding_alighting_transfer_chain,actual_transport_mode;actual_line_id;actual_route_id;actual_direction;boarding_stop_id;alighting_stop_id;transfer_chain,resident,fixed_worker,home,work,home_hk_collective_000179,work_poi_igeocom:549776,25354.0,False,pt,generic,distance;end_link;start_link;trav_time;type,False,road_270290_0_f,road_260087_0_f,21894.72000000001,00:36:04,,,,,,,,,,,not_modelled_no_serialized_transfer_chain_or_eligibility,,adult_reference_not_applied,Octopus_reference_not_applied,audit_only_no_fare_estimation
hk_collective_000179,1,pt,pt_fare_chargeability_audit,,,,U,unresolved,generic_pt_leg_missing_actual_mode_line_route_boarding_alighting_transfer_chain,actual_transport_mode;actual_line_id;actual_route_id;actual_direction;boarding_stop_id;alighting_stop_id;transfer_chain,resident,fixed_worker,work,home,work_poi_igeocom:549776,home_hk_collective_000179,55850.0,False,pt,generic,distance;end_link;start_link;trav_time;type,False,road_260087_0_f,road_270290_0_f,21275.606000000003,00:37:13,,,,,,,,,,,not_modelled_no_serialized_transfer_chain_or_eligibility,,adult_reference_not_applied,Octopus_reference_not_applied,audit_only_no_fare_estimation
hk_collective_000187,0,pt,pt_fare_chargeability_audit,,,,U,unresolved,generic_pt_leg_missing_actual_mode_line_route_boarding_alighting_transfer_chain,actual_transport_mode;actual_line_id;actual_route_id;actual_direction;boarding_stop_id;alighting_stop_id;transfer_chain,resident,fixed_worker,home,work,home_hk_collective_000187,work_poi_osm:missing:62737,34391.0,False,pt,generic,distance;end_link;start_link;trav_time;type,False,road_270763_0_f,road_260104_0_f,28634.321999999996,00:46:30,,,,,,,,,,,not_modelled_no_serialized_transfer_chain_or_eligibility,,adult_reference_not_applied,Octopus_reference_not_applied,audit_only_no_fare_estimation
hk_collective_000187,1,pt,pt_fare_chargeability_audit,,,,U,unresolved,generic_pt_leg_missing_actual_mode_line_route_boarding_alighting_transfer_chain,actual_transport_mode;actual_line_id;actual_route_id;actual_direction;boarding_stop_id;alighting_stop_id;transfer_chain,resident,fixed_worker,work,home,work_poi_osm:missing:62737,home_hk_collective_000187,67853.0,False,pt,generic,distance;end_link;start_link;trav_time;type,False,road_260104_0_f,road_270763_0_f,28366.676000000003,00:47:02,,,,,,,,,,,not_modelled_no_serialized_transfer_chain_or_eligibility,,adult_reference_not_applied,Octopus_reference_not_applied,audit_only_no_fare_estimation
hk_collective_000190,0,pt,pt_fare_chargeability_audit,,,,U,unresolved,generic_pt_leg_missing_actual_mode_line_route_boarding_alighting_transfer_chain,actual_transport_mode;actual_line_id;actual_route_id;actual_direction;boarding_stop_id;alighting_stop_id;transfer_chain,resident,fixed_worker,home,work,home_hk_collective_000190,work_poi_igeocom:534385,33219.0,False,pt,generic,distance;end_link;start_link;trav_time;type,False,road_94110_0_f,road_163844_0_f,34142.29800000002,00:59:32,,,,,,,,,,,not_modelled_no_serialized_transfer_chain_or_eligibility,,adult_reference_not_applied,Octopus_reference_not_applied,audit_only_no_fare_estimation
hk_collective_000190,1,pt,pt_fare_chargeability_audit,,,,U,unresolved,generic_pt_leg_missing_actual_mode_line_route_boarding_alighting_transfer_chain,actual_transport_mode;actual_line_id;actual_route_id;actual_direction;boarding_stop_id;alighting_stop_id;transfer_chain,resident,fixed_worker,work,home,work_poi_igeocom:534385,home_hk_collective_000190,65067.0,False,pt,generic,distance;end_link;start_link;trav_time;type,False,road_163844_0_f,road_94110_0_f,36586.85399999999,01:05:08,,,,,,,,,,,not_modelled_no_serialized_transfer_chain_or_eligibility,,adult_reference_not_applied,Octopus_reference_not_applied,audit_only_no_fare_estimation
hk_collective_000191,0,pt,pt_fare_chargeability_audit,,,,U,unresolved,generic_pt_leg_missing_actual_mode_line_route_boarding_alighting_transfer_chain,actual_transport_mode;actual_line_id;actual_route_id;actual_direction;boarding_stop_id;alighting_stop_id;transfer_chain,resident,fixed_worker,home,work,home_hk_collective_000191,work_poi_igeocom:21136599,24833.0,False,pt,generic,distance;end_link;start_link;trav_time;type,False,road_270763_0_f,road_93159_0_f,18758.921999999984,00:36:22,,,,,,,,,,,not_modelled_no_serialized_transfer_chain_or_eligibility,,adult_reference_not_applied,Octopus_reference_not_applied,audit_only_no_fare_estimation
hk_collective_000191,1,pt,pt_fare_chargeability_audit,,,,U,unresolved,generic_pt_leg_missing_actual_mode_line_route_boarding_alighting_transfer_chain,actual_transport_mode;actual_line_id;actual_route_id;actual_direction;boarding_stop_id;alighting_stop_id;transfer_chain,resident,fixed_worker,work,home,work_poi_igeocom:21136599,home_hk_collective_000191,57558.0,False,pt,generic,distance;end_link;start_link;trav_time;type,False,road_93159_0_f,road_270763_0_f,18489.046,00:36:42,,,,,,,,,,,not_modelled_no_serialized_transfer_chain_or_eligibility,,adult_reference_not_applied,Octopus_reference_not_applied,audit_only_no_fare_estimation
hk_collective_000192,0,pt,pt_fare_chargeability_audit,,,,U,unresolved,generic_pt_leg_missing_actual_mode_line_route_boarding_alighting_transfer_chain,actual_transport_mode;actual_line_id;actual_route_id;actual_direction;boarding_stop_id;alighting_stop_id;transfer_chain,resident,fixed_worker,home,work,home_hk_collective_000192,work_poi_osm:11792663028:42877,27689.0,False,pt,generic,distance;end_link;start_link;trav_time;type,False,road_96649_0_f,road_165204_0_f,17752.183,00:35:34,,,,,,,,,,,not_modelled_no_serialized_transfer_chain_or_eligibility,,adult_reference_not_applied,Octopus_reference_not_applied,audit_only_no_fare_estimation
hk_collective_000192,1,pt,pt_fare_chargeability_audit,,,,U,unresolved,generic_pt_leg_missing_actual_mode_line_route_boarding_alighting_transfer_chain,actual_transport_mode;actual_line_id;actual_route_id;actual_direction;boarding_stop_id;alighting_stop_id;transfer_chain,resident,fixed_worker,work,home,work_poi_osm:11792663028:42877,home_hk_collective_000192,62242.0,False,pt,generic,distance;end_link;start_link;trav_time;type,False,road_165204_0_f,road_96649_0_f,15406.923999999995,00:30:09,,,,,,,,,,,not_modelled_no_serialized_transfer_chain_or_eligibility,,adult_reference_not_applied,Octopus_reference_not_applied,audit_only_no_fare_estimation
hk_collective_000193,0,pt,pt_fare_chargeability_audit,,,,U,unresolved,generic_pt_leg_missing_actual_mode_line_route_boarding_alighting_transfer_chain,actual_transport_mode;actual_line_id;actual_route_id;actual_direction;boarding_stop_id;alighting_stop_id;transfer_chain,resident,fixed_worker,home,work,home_hk_collective_000193,work_poi_igeocom:536093,33088.0,False,pt,generic,distance;end_link;start_link;trav_time;type,False,road_95136_0_f,road_116717_0_f,3217.5860000000016,00:07:02,,,,,,,,,,,not_modelled_no_serialized_transfer_chain_or_eligibility,,adult_reference_not_applied,Octopus_reference_not_applied,audit_only_no_fare_estimation
hk_collective_000193,1,pt,pt_fare_chargeability_audit,,,,U,unresolved,generic_pt_leg_missing_actual_mode_line_route_boarding_alighting_transfer_chain,actual_transport_mode;actual_line_id;actual_route_id;actual_direction;boarding_stop_id;alighting_stop_id;transfer_chain,resident,fixed_worker,work,home,work_poi_igeocom:536093,home_hk_collective_000193,71560.0,False,pt,generic,distance;end_link;start_link;trav_time;type,False,road_116717_0_f,road_95136_0_f,2719.9500000000003,00:06:42,,,,,,,,,,,not_modelled_no_serialized_transfer_chain_or_eligibility,,adult_reference_not_applied,Octopus_reference_not_applied,audit_only_no_fare_estimation
hk_collective_000193,2,pt,pt_fare_chargeability_audit,,,,U,unresolved,generic_pt_leg_missing_actual_mode_line_route_boarding_alighting_transfer_chain,actual_transport_mode;actual_line_id;actual_route_id;actual_direction;boarding_stop_id;alighting_stop_id;transfer_chain,resident,fixed_worker,home,leisure,home_hk_collective_000193,resident_leisure_igeocom_21128182,78413.0,True,pt,generic,distance;end_link;start_link;trav_time;type,False,road_95136_0_f,road_9160_0_f,16683.366000000005,00:30:10,,,,,,,,,,,not_modelled_no_serialized_transfer_chain_or_eligibility,,adult_reference_not_applied,Octopus_reference_not_applied,audit_only_no_fare_estimation
hk_collective_000193,3,pt,pt_fare_chargeability_audit,,,,U,unresolved,generic_pt_leg_missing_actual_mode_line_route_boarding_alighting_transfer_chain,actual_transport_mode;actual_line_id;actual_route_id;actual_direction;boarding_stop_id;alighting_stop_id;transfer_chain,resident,fixed_worker,leisure,dining,resident_leisure_igeocom_21128182,resident_dining_osm_13817898164_47980,89813.0,True,pt,generic,distance;end_link;start_link;trav_time;type,False,road_9160_0_f,road_143278_0_r,24355.903999999995,00:43:23,,,,,,,,,,,not_modelled_no_serialized_transfer_chain_or_eligibility,,adult_reference_not_applied,Octopus_reference_not_applied,audit_only_no_fare_estimation
hk_collective_000193,4,pt,pt_fare_chargeability_audit,,,,U,unresolved,generic_pt_leg_missing_actual_mode_line_route_boarding_alighting_transfer_chain,actual_transport_mode;actual_line_id;actual_route_id;actual_direction;boarding_stop_id;alighting_stop_id;transfer_chain,resident,fixed_worker,dining,home,resident_dining_osm_13817898164_47980,home_hk_collective_000193,91800.0,True,pt,generic,distance;end_link;start_link;trav_time;type,False,road_143278_0_r,road_95136_0_f,7481.099,00:15:20,,,,,,,,,,,not_modelled_no_serialized_transfer_chain_or_eligibility,,adult_reference_not_applied,Octopus_reference_not_applied,audit_only_no_fare_estimation
hk_collective_000194,0,pt,pt_fare_chargeability_audit,,,,U,unresolved,generic_pt_leg_missing_actual_mode_line_route_boarding_alighting_transfer_chain,actual_transport_mode;actual_line_id;actual_route_id;actual_direction;boarding_stop_id;alighting_stop_id;transfer_chain,resident,fixed_worker,home,work,home_hk_collective_000194,work_poi_osm:10606214405:37728,28565.0,False,pt,generic,distance;end_link;start_link;trav_time;type,False,road_270290_0_f,road_165429_0_f,41506.41700000001,01:08:17,,,,,,,,,,,not_modelled_no_serialized_transfer_chain_or_eligibility,,adult_reference_not_applied,Octopus_reference_not_applied,audit_only_no_fare_estimation
hk_collective_000194,1,pt,pt_fare_chargeability_audit,,,,U,unresolved,generic_pt_leg_missing_actual_mode_line_route_boarding_alighting_transfer_chain,actual_transport_mode;actual_line_id;actual_route_id;actual_direction;boarding_stop_id;alighting_stop_id;transfer_chain,resident,fixed_worker,work,home,work_poi_osm:10606214405:37728,home_hk_collective_000194,63981.0,False,pt,generic,distance;end_link;start_link;trav_time;type,False,road_165429_0_f,road_270290_0_f,41819.61699999999,01:10:13,,,,,,,,,,,not_modelled_no_serialized_transfer_chain_or_eligibility,,adult_reference_not_applied,Octopus_reference_not_applied,audit_only_no_fare_estimation
hk_collective_000196,0,pt,pt_fare_chargeability_audit,,,,U,unresolved,generic_pt_leg_missing_actual_mode_line_route_boarding_alighting_transfer_chain,actual_transport_mode;actual_line_id;actual_route_id;actual_direction;boarding_stop_id;alighting_stop_id;transfer_chain,resident,fixed_worker,home,work,home_hk_collective_000196,work_poi_igeocom:551906,30863.0,False,pt,generic,distance;end_link;start_link;trav_time;type,False,road_96556_0_f,road_95909_0_f,12363.631,00:22:37,,,,,,,,,,,not_modelled_no_serialized_transfer_chain_or_eligibility,,adult_reference_not_applied,Octopus_reference_not_applied,audit_only_no_fare_estimation
hk_collective_000196,1,pt,pt_fare_chargeability_audit,,,,U,unresolved,generic_pt_leg_missing_actual_mode_line_route_boarding_alighting_transfer_chain,actual_transport_mode;actual_line_id;actual_route_id;actual_direction;boarding_stop_id;alighting_stop_id;transfer_chain,resident,fixed_worker,work,home,work_poi_igeocom:551906,home_hk_collective_000196,60994.0,False,pt,generic,distance;end_link;start_link;trav_time;type,False,road_95909_0_f,road_96556_0_f,11809.926999999996,00:22:46,,,,,,,,,,,not_modelled_no_serialized_transfer_chain_or_eligibility,,adult_reference_not_applied,Octopus_reference_not_applied,audit_only_no_fare_estimation
hk_collective_000197,0,pt,pt_fare_chargeability_audit,,,,U,unresolved,generic_pt_leg_missing_actual_mode_line_route_boarding_alighting_transfer_chain,actual_transport_mode;actual_line_id;actual_route_id;actual_direction;boarding_stop_id;alighting_stop_id;transfer_chain,resident,fixed_worker,home,work,home_hk_collective_000197,work_poi_igeocom:544018,29255.0,False,pt,generic,distance;end_link;start_link;trav_time;type,False,road_164617_0_r,road_96121_0_f,6227.284,00:13:02,,,,,,,,,,,not_modelled_no_serialized_transfer_chain_or_eligibility,,adult_reference_not_applied,Octopus_reference_not_applied,audit_only_no_fare_estimation
hk_collective_000197,1,pt,pt_fare_chargeability_audit,,,,U,unresolved,generic_pt_leg_missing_actual_mode_line_route_boarding_alighting_transfer_chain,actual_transport_mode;actual_line_id;actual_route_id;actual_direction;boarding_stop_id;alighting_stop_id;transfer_chain,resident,fixed_worker,work,home,work_poi_igeocom:544018,home_hk_collective_000197,59152.0,False,pt,generic,distance;end_link;start_link;trav_time;type,False,road_96121_0_f,road_164617_0_r,5629.045000000001,00:11:56,,,,,,,,,,,not_modelled_no_serialized_transfer_chain_or_eligibility,,adult_reference_not_applied,Octopus_reference_not_applied,audit_only_no_fare_estimation
hk_collective_000199,0,pt,pt_fare_chargeability_audit,,,,U,unresolved,generic_pt_leg_missing_actual_mode_line_route_boarding_alighting_transfer_chain,actual_transport_mode;actual_line_id;actual_route_id;actual_direction;boarding_stop_id;alighting_stop_id;transfer_chain,resident,fixed_worker,home,work,home_hk_collective_000199,work_poi_osm:4417068715:17198,29442.0,False,pt,generic,distance;end_link;start_link;trav_time;type,False,road_96645_0_f,road_8607_0_f,14376.193999999989,00:27:33,,,,,,,,,,,not_modelled_no_serialized_transfer_chain_or_eligibility,,adult_reference_not_applied,Octopus_reference_not_applied,audit_only_no_fare_estimation
hk_collective_000199,1,pt,pt_fare_chargeability_audit,,,,U,unresolved,generic_pt_leg_missing_actual_mode_line_route_boarding_alighting_transfer_chain,actual_transport_mode;actual_line_id;actual_route_id;actual_direction;boarding_stop_id;alighting_stop_id;transfer_chain,resident,fixed_worker,work,home,work_poi_osm:4417068715:17198,home_hk_collective_000199,64944.0,False,pt,generic,distance;end_link;start_link;trav_time;type,False,road_8607_0_f,road_96645_0_f,13221.507999999998,00:24:26,,,,,,,,,,,not_modelled_no_serialized_transfer_chain_or_eligibility,,adult_reference_not_applied,Octopus_reference_not_applied,audit_only_no_fare_estimation
hk_collective_000200,0,pt,pt_fare_chargeability_audit,,,,U,unresolved,generic_pt_leg_missing_actual_mode_line_route_boarding_alighting_transfer_chain,actual_transport_mode;actual_line_id;actual_route_id;actual_direction;boarding_stop_id;alighting_stop_id;transfer_chain,resident,fixed_worker,home,work,home_hk_collective_000200,work_grid_185,30190.0,False,pt,generic,distance;end_link;start_link;trav_time;type,False,road_94746_0_f,road_269727_0_f,22067.912,00:45:06,,,,,,,,,,,not_modelled_no_serialized_transfer_chain_or_eligibility,,adult_reference_not_applied,Octopus_reference_not_applied,audit_only_no_fare_estimation
hk_collective_000200,1,pt,pt_fare_chargeability_audit,,,,U,unresolved,generic_pt_leg_missing_actual_mode_line_route_boarding_alighting_transfer_chain,actual_transport_mode;actual_line_id;actual_route_id;actual_direction;boarding_stop_id;alighting_stop_id;transfer_chain,resident,fixed_worker,work,home,work_grid_185,home_hk_collective_000200,61168.0,False,pt,generic,distance;end_link;start_link;trav_time;type,False,road_269727_0_f,road_94746_0_f,21208.196000000004,00:46:37,,,,,,,,,,,not_modelled_no_serialized_transfer_chain_or_eligibility,,adult_reference_not_applied,Octopus_reference_not_applied,audit_only_no_fare_estimation
hk_collective_000202,0,pt,pt_fare_chargeability_audit,,,,U,unresolved,generic_pt_leg_missing_actual_mode_line_route_boarding_alighting_transfer_chain,actual_transport_mode;actual_line_id;actual_route_id;actual_direction;boarding_stop_id;alighting_stop_id;transfer_chain,resident,fixed_worker,home,work,home_hk_collective_000202,work_poi_igeocom:21184324,26437.0,False,pt,generic,distance;end_link;start_link;trav_time;type,False,road_164616_0_r,road_284465_0_f,34037.864,00:53:48,,,,,,,,,,,not_modelled_no_serialized_transfer_chain_or_eligibility,,adult_reference_not_applied,Octopus_reference_not_applied,audit_only_no_fare_estimation
hk_collective_000202,1,pt,pt_fare_chargeability_audit,,,,U,unresolved,generic_pt_leg_missing_actual_mode_line_route_boarding_alighting_transfer_chain,actual_transport_mode;actual_line_id;actual_route_id;actual_direction;boarding_stop_id;alighting_stop_id;transfer_chain,resident,fixed_worker,work,home,work_poi_igeocom:21184324,home_hk_collective_000202,59223.0,False,pt,generic,distance;end_link;start_link;trav_time;type,False,road_284465_0_f,road_164616_0_r,33422.455,00:54:18,,,,,,,,,,,not_modelled_no_serialized_transfer_chain_or_eligibility,,adult_reference_not_applied,Octopus_reference_not_applied,audit_only_no_fare_estimation
hk_collective_000203,0,pt,pt_fare_chargeability_audit,,,,U,unresolved,generic_pt_leg_missing_actual_mode_line_route_boarding_alighting_transfer_chain,actual_transport_mode;actual_line_id;actual_route_id;actual_direction;boarding_stop_id;alighting_stop_id;transfer_chain,resident,fixed_worker,home,work,home_hk_collective_000203,work_poi_osm:4847959963:19842,29199.0,False,pt,generic,distance;end_link;start_link;trav_time;type,False,road_270290_0_f,road_4175_0_f,41176.47300000002,01:06:35,,,,,,,,,,,not_modelled_no_serialized_transfer_chain_or_eligibility,,adult_reference_not_applied,Octopus_reference_not_applied,audit_only_no_fare_estimation
hk_collective_000203,1,pt,pt_fare_chargeability_audit,,,,U,unresolved,generic_pt_leg_missing_actual_mode_line_route_boarding_alighting_transfer_chain,actual_transport_mode;actual_line_id;actual_route_id;actual_direction;boarding_stop_id;alighting_stop_id;transfer_chain,resident,fixed_worker,work,home,work_poi_osm:4847959963:19842,home_hk_collective_000203,60713.0,False,pt,generic,distance;end_link;start_link;trav_time;type,False,road_4175_0_f,road_270290_0_f,40370.206,01:05:59,,,,,,,,,,,not_modelled_no_serialized_transfer_chain_or_eligibility,,adult_reference_not_applied,Octopus_reference_not_applied,audit_only_no_fare_estimation
hk_collective_000204,0,pt,pt_fare_chargeability_audit,,,,U,unresolved,generic_pt_leg_missing_actual_mode_line_route_boarding_alighting_transfer_chain,actual_transport_mode;actual_line_id;actual_route_id;actual_direction;boarding_stop_id;alighting_stop_id;transfer_chain,resident,fixed_worker,home,work,home_hk_collective_000204,work_poi_igeocom:21183675,24558.0,False,pt,generic,distance;end_link;start_link;trav_time;type,False,road_96556_0_f,road_275366_0_r,29146.646000000008,00:46:20,,,,,,,,,,,not_modelled_no_serialized_transfer_chain_or_eligibility,,adult_reference_not_applied,Octopus_reference_not_applied,audit_only_no_fare_estimation
hk_collective_000204,1,pt,pt_fare_chargeability_audit,,,,U,unresolved,generic_pt_leg_missing_actual_mode_line_route_boarding_alighting_transfer_chain,actual_transport_mode;actual_line_id;actual_route_id;actual_direction;boarding_stop_id;alighting_stop_id;transfer_chain,resident,fixed_worker,work,home,work_poi_igeocom:21183675,home_hk_collective_000204,60473.0,False,pt,generic,distance;end_link;start_link;trav_time;type,False,road_275366_0_r,road_96556_0_f,27966.811,00:45:04,,,,,,,,,,,not_modelled_no_serialized_transfer_chain_or_eligibility,,adult_reference_not_applied,Octopus_reference_not_applied,audit_only_no_fare_estimation
hk_collective_000205,0,pt,pt_fare_chargeability_audit,,,,U,unresolved,generic_pt_leg_missing_actual_mode_line_route_boarding_alighting_transfer_chain,actual_transport_mode;actual_line_id;actual_route_id;actual_direction;boarding_stop_id;alighting_stop_id;transfer_chain,resident,fixed_worker,home,work,home_hk_collective_000205,work_poi_igeocom:535954,27081.0,False,pt,generic,distance;end_link;start_link;trav_time;type,False,road_94746_0_f,road_278688_0_f,39119.05500000003,00:59:24,,,,,,,,,,,not_modelled_no_serialized_transfer_chain_or_eligibility,,adult_reference_not_applied,Octopus_reference_not_applied,audit_only_no_fare_estimation
hk_collective_000205,1,pt,pt_fare_chargeability_audit,,,,U,unresolved,generic_pt_leg_missing_actual_mode_line_route_boarding_alighting_transfer_chain,actual_transport_mode;actual_line_id;actual_route_id;actual_direction;boarding_stop_id;alighting_stop_id;transfer_chain,resident,fixed_worker,work,home,work_poi_igeocom:535954,home_hk_collective_000205,68757.0,False,pt,generic,distance;end_link;start_link;trav_time;type,False,road_278688_0_f,road_94746_0_f,37375.59599999999,00:56:33,,,,,,,,,,,not_modelled_no_serialized_transfer_chain_or_eligibility,,adult_reference_not_applied,Octopus_reference_not_applied,audit_only_no_fare_estimation
hk_collective_000206,0,pt,pt_fare_chargeability_audit,,,,U,unresolved,generic_pt_leg_missing_actual_mode_line_route_boarding_alighting_transfer_chain,actual_transport_mode;actual_line_id;actual_route_id;actual_direction;boarding_stop_id;alighting_stop_id;transfer_chain,resident,home_only,home,shopping,home_hk_collective_000206,resident_shopping_osm_3336290994_12178,30967.0,True,pt,generic,distance;end_link;start_link;trav_time;type,False,road_98728_0_r,road_94625_0_f,2810.6979999999994,00:06:43,,,,,,,,,,,not_modelled_no_serialized_transfer_chain_or_eligibility,,adult_reference_not_applied,Octopus_reference_not_applied,audit_only_no_fare_estimation
hk_collective_000206,1,pt,pt_fare_chargeability_audit,,,,U,unresolved,generic_pt_leg_missing_actual_mode_line_route_boarding_alighting_transfer_chain,actual_transport_mode;actual_line_id;actual_route_id;actual_direction;boarding_stop_id;alighting_stop_id;transfer_chain,resident,home_only,shopping,leisure,resident_shopping_osm_3336290994_12178,resident_leisure_osm_missing_63299,37867.0,True,pt,generic,distance;end_link;start_link;trav_time;type,False,road_94625_0_f,road_94353_0_f,1154.259,00:02:45,,,,,,,,,,,not_modelled_no_serialized_transfer_chain_or_eligibility,,adult_reference_not_applied,Octopus_reference_not_applied,audit_only_no_fare_estimation
hk_collective_000206,2,pt,pt_fare_chargeability_audit,,,,U,unresolved,generic_pt_leg_missing_actual_mode_line_route_boarding_alighting_transfer_chain,actual_transport_mode;actual_line_id;actual_route_id;actual_direction;boarding_stop_id;alighting_stop_id;transfer_chain,resident,home_only,leisure,home,resident_leisure_osm_missing_63299,home_hk_collective_000206,49267.0,True,pt,generic,distance;end_link;start_link;trav_time;type,False,road_94353_0_f,road_98728_0_r,1873.489,00:04:18,,,,,,,,,,,not_modelled_no_serialized_transfer_chain_or_eligibility,,adult_reference_not_applied,Octopus_reference_not_applied,audit_only_no_fare_estimation
hk_collective_000207,0,pt,pt_fare_chargeability_audit,,,,U,unresolved,generic_pt_leg_missing_actual_mode_line_route_boarding_alighting_transfer_chain,actual_transport_mode;actual_line_id;actual_route_id;actual_direction;boarding_stop_id;alighting_stop_id;transfer_chain,resident,day_school_student,home,school_secondary,home_hk_collective_000207,school_734,25851.0,False,pt,generic,distance;end_link;start_link;trav_time;type,False,road_98728_0_r,road_94663_0_r,1285.526,00:03:04,,,,,,,,,,,not_modelled_no_serialized_transfer_chain_or_eligibility,,adult_reference_not_applied,Octopus_reference_not_applied,audit_only_no_fare_estimation
hk_collective_000207,1,pt,pt_fare_chargeability_audit,,,,U,unresolved,generic_pt_leg_missing_actual_mode_line_route_boarding_alighting_transfer_chain,actual_transport_mode;actual_line_id;actual_route_id;actual_direction;boarding_stop_id;alighting_stop_id;transfer_chain,resident,day_school_student,school_secondary,home,school_734,home_hk_collective_000207,57368.0,False,pt,generic,distance;end_link;start_link;trav_time;type,False,road_94663_0_r,road_98728_0_r,1416.7089999999998,00:03:22,,,,,,,,,,,not_modelled_no_serialized_transfer_chain_or_eligibility,,adult_reference_not_applied,Octopus_reference_not_applied,audit_only_no_fare_estimation
hk_collective_000208,0,pt,pt_fare_chargeability_audit,,,,U,unresolved,generic_pt_leg_missing_actual_mode_line_route_boarding_alighting_transfer_chain,actual_transport_mode;actual_line_id;actual_route_id;actual_direction;boarding_stop_id;alighting_stop_id;transfer_chain,resident,fixed_worker,home,work,home_hk_collective_000208,work_grid_1262,27841.0,False,pt,generic,distance;end_link;start_link;trav_time;type,False,road_94266_0_f,road_62310_0_r,36502.98100000002,01:05:44,,,,,,,,,,,not_modelled_no_serialized_transfer_chain_or_eligibility,,adult_reference_not_applied,Octopus_reference_not_applied,audit_only_no_fare_estimation
hk_collective_000208,1,pt,pt_fare_chargeability_audit,,,,U,unresolved,generic_pt_leg_missing_actual_mode_line_route_boarding_alighting_transfer_chain,actual_transport_mode;actual_line_id;actual_route_id;actual_direction;boarding_stop_id;alighting_stop_id;transfer_chain,resident,fixed_worker,work,home,work_grid_1262,home_hk_collective_000208,64974.0,False,pt,generic,distance;end_link;start_link;trav_time;type,False,road_62310_0_r,road_94266_0_f,40319.96700000001,01:05:49,,,,,,,,,,,not_modelled_no_serialized_transfer_chain_or_eligibility,,adult_reference_not_applied,Octopus_reference_not_applied,audit_only_no_fare_estimation
hk_collective_000209,0,pt,pt_fare_chargeability_audit,,,,U,unresolved,generic_pt_leg_missing_actual_mode_line_route_boarding_alighting_transfer_chain,actual_transport_mode;actual_line_id;actual_route_id;actual_direction;boarding_stop_id;alighting_stop_id;transfer_chain,resident,work_mobile,home,work_mobile,home_hk_collective_000209,work_mobile_poi_igeocom:21136599,26150.0,False,pt,generic,distance;end_link;start_link;trav_time;type,False,road_98728_0_r,road_93159_0_f,16373.373999999996,00:31:58,,,,,,,,,,,not_modelled_no_serialized_transfer_chain_or_eligibility,,adult_reference_not_applied,Octopus_reference_not_applied,audit_only_no_fare_estimation
hk_collective_000209,1,pt,pt_fare_chargeability_audit,,,,U,unresolved,generic_pt_leg_missing_actual_mode_line_route_boarding_alighting_transfer_chain,actual_transport_mode;actual_line_id;actual_route_id;actual_direction;boarding_stop_id;alighting_stop_id;transfer_chain,resident,work_mobile,work_mobile,home,work_mobile_poi_igeocom:21136599,home_hk_collective_000209,57754.0,False,pt,generic,distance;end_link;start_link;trav_time;type,False,road_93159_0_f,road_98728_0_r,16664.142,00:32:28,,,,,,,,,,,not_modelled_no_serialized_transfer_chain_or_eligibility,,adult_reference_not_applied,Octopus_reference_not_applied,audit_only_no_fare_estimation
hk_collective_000214,0,pt,pt_fare_chargeability_audit,,,,U,unresolved,generic_pt_leg_missing_actual_mode_line_route_boarding_alighting_transfer_chain,actual_transport_mode;actual_line_id;actual_route_id;actual_direction;boarding_stop_id;alighting_stop_id;transfer_chain,resident,fixed_worker,home,work,home_hk_collective_000214,work_poi_igeocom:531363,30225.0,False,pt,generic,distance;end_link;start_link;trav_time;type,False,road_8608_0_f,road_101609_0_f,52897.44099999999,01:33:34,,,,,,,,,,,not_modelled_no_serialized_transfer_chain_or_eligibility,,adult_reference_not_applied,Octopus_reference_not_applied,audit_only_no_fare_estimation
hk_collective_000214,1,pt,pt_fare_chargeability_audit,,,,U,unresolved,generic_pt_leg_missing_actual_mode_line_route_boarding_alighting_transfer_chain,actual_transport_mode;actual_line_id;actual_route_id;actual_direction;boarding_stop_id;alighting_stop_id;transfer_chain,resident,fixed_worker,work,home,work_poi_igeocom:531363,home_hk_collective_000214,62948.0,False,pt,generic,distance;end_link;start_link;trav_time;type,False,road_101609_0_f,road_8608_0_f,52918.655,01:34:04,,,,,,,,,,,not_modelled_no_serialized_transfer_chain_or_eligibility,,adult_reference_not_applied,Octopus_reference_not_applied,audit_only_no_fare_estimation
hk_collective_000215,0,pt,pt_fare_chargeability_audit,,,,U,unresolved,generic_pt_leg_missing_actual_mode_line_route_boarding_alighting_transfer_chain,actual_transport_mode;actual_line_id;actual_route_id;actual_direction;boarding_stop_id;alighting_stop_id;transfer_chain,resident,fixed_worker,home,work,home_hk_collective_000215,work_poi_osm:1727955511:3571,28053.0,False,pt,generic,distance;end_link;start_link;trav_time;type,False,road_8887_0_f,road_296085_0_r,773.354,00:03:01,,,,,,,,,,,not_modelled_no_serialized_transfer_chain_or_eligibility,,adult_reference_not_applied,Octopus_reference_not_applied,audit_only_no_fare_estimation
hk_collective_000215,1,pt,pt_fare_chargeability_audit,,,,U,unresolved,generic_pt_leg_missing_actual_mode_line_route_boarding_alighting_transfer_chain,actual_transport_mode;actual_line_id;actual_route_id;actual_direction;boarding_stop_id;alighting_stop_id;transfer_chain,resident,fixed_worker,work,home,work_poi_osm:1727955511:3571,home_hk_collective_000215,57446.0,False,pt,generic,distance;end_link;start_link;trav_time;type,False,road_296085_0_r,road_8887_0_f,784.761,00:03:04,,,,,,,,,,,not_modelled_no_serialized_transfer_chain_or_eligibility,,adult_reference_not_applied,Octopus_reference_not_applied,audit_only_no_fare_estimation
hk_collective_000216,0,pt,pt_fare_chargeability_audit,,,,U,unresolved,generic_pt_leg_missing_actual_mode_line_route_boarding_alighting_transfer_chain,actual_transport_mode;actual_line_id;actual_route_id;actual_direction;boarding_stop_id;alighting_stop_id;transfer_chain,resident,fixed_worker,home,work,home_hk_collective_000216,work_poi_osm:missing:69204,33638.0,False,pt,generic,distance;end_link;start_link;trav_time;type,False,road_8608_0_f,road_1205_0_f,49644.35499999998,01:26:23,,,,,,,,,,,not_modelled_no_serialized_transfer_chain_or_eligibility,,adult_reference_not_applied,Octopus_reference_not_applied,audit_only_no_fare_estimation
hk_collective_000216,1,pt,pt_fare_chargeability_audit,,,,U,unresolved,generic_pt_leg_missing_actual_mode_line_route_boarding_alighting_transfer_chain,actual_transport_mode;actual_line_id;actual_route_id;actual_direction;boarding_stop_id;alighting_stop_id;transfer_chain,resident,fixed_worker,work,home,work_poi_osm:missing:69204,home_hk_collective_000216,64375.0,False,pt,generic,distance;end_link;start_link;trav_time;type,False,road_1205_0_f,road_8608_0_f,48914.988,01:24:44,,,,,,,,,,,not_modelled_no_serialized_transfer_chain_or_eligibility,,adult_reference_not_applied,Octopus_reference_not_applied,audit_only_no_fare_estimation
hk_collective_000217,0,pt,pt_fare_chargeability_audit,,,,U,unresolved,generic_pt_leg_missing_actual_mode_line_route_boarding_alighting_transfer_chain,actual_transport_mode;actual_line_id;actual_route_id;actual_direction;boarding_stop_id;alighting_stop_id;transfer_chain,resident,fixed_worker,home,work,home_hk_collective_000217,work_poi_igeocom:552201,30261.0,False,pt,generic,distance;end_link;start_link;trav_time;type,False,road_7615_0_f,road_3278_0_f,51194.506999999976,01:35:17,,,,,,,,,,,not_modelled_no_serialized_transfer_chain_or_eligibility,,adult_reference_not_applied,Octopus_reference_not_applied,audit_only_no_fare_estimation
hk_collective_000217,1,pt,pt_fare_chargeability_audit,,,,U,unresolved,generic_pt_leg_missing_actual_mode_line_route_boarding_alighting_transfer_chain,actual_transport_mode;actual_line_id;actual_route_id;actual_direction;boarding_stop_id;alighting_stop_id;transfer_chain,resident,fixed_worker,work,home,work_poi_igeocom:552201,home_hk_collective_000217,73521.0,False,pt,generic,distance;end_link;start_link;trav_time;type,False,road_3278_0_f,road_7615_0_f,51951.23299999999,01:38:01,,,,,,,,,,,not_modelled_no_serialized_transfer_chain_or_eligibility,,adult_reference_not_applied,Octopus_reference_not_applied,audit_only_no_fare_estimation
hk_collective_000220,0,pt,pt_fare_chargeability_audit,,,,U,unresolved,generic_pt_leg_missing_actual_mode_line_route_boarding_alighting_transfer_chain,actual_transport_mode;actual_line_id;actual_route_id;actual_direction;boarding_stop_id;alighting_stop_id;transfer_chain,resident,fixed_worker,home,work,home_hk_collective_000220,work_poi_igeocom:21078167,29965.0,False,pt,generic,distance;end_link;start_link;trav_time;type,False,road_9874_0_r,road_269439_0_f,51792.35799999998,01:37:29,,,,,,,,,,,not_modelled_no_serialized_transfer_chain_or_eligibility,,adult_reference_not_applied,Octopus_reference_not_applied,audit_only_no_fare_estimation
hk_collective_000220,1,pt,pt_fare_chargeability_audit,,,,U,unresolved,generic_pt_leg_missing_actual_mode_line_route_boarding_alighting_transfer_chain,actual_transport_mode;actual_line_id;actual_route_id;actual_direction;boarding_stop_id;alighting_stop_id;transfer_chain,resident,fixed_worker,work,home,work_poi_igeocom:21078167,home_hk_collective_000220,75446.0,False,pt,generic,distance;end_link;start_link;trav_time;type,False,road_269439_0_f,road_9874_0_r,51208.73,01:35:51,,,,,,,,,,,not_modelled_no_serialized_transfer_chain_or_eligibility,,adult_reference_not_applied,Octopus_reference_not_applied,audit_only_no_fare_estimation
hk_collective_000222,0,pt,pt_fare_chargeability_audit,,,,U,unresolved,generic_pt_leg_missing_actual_mode_line_route_boarding_alighting_transfer_chain,actual_transport_mode;actual_line_id;actual_route_id;actual_direction;boarding_stop_id;alighting_stop_id;transfer_chain,resident,fixed_worker,home,work,home_hk_collective_000222,work_poi_osm:4848301626:20082,30937.0,False,pt,generic,distance;end_link;start_link;trav_time;type,False,road_261773_0_f,road_164892_0_f,42779.586,01:08:48,,,,,,,,,,,not_modelled_no_serialized_transfer_chain_or_eligibility,,adult_reference_not_applied,Octopus_reference_not_applied,audit_only_no_fare_estimation
hk_collective_000222,1,pt,pt_fare_chargeability_audit,,,,U,unresolved,generic_pt_leg_missing_actual_mode_line_route_boarding_alighting_transfer_chain,actual_transport_mode;actual_line_id;actual_route_id;actual_direction;boarding_stop_id;alighting_stop_id;transfer_chain,resident,fixed_worker,work,home,work_poi_osm:4848301626:20082,home_hk_collective_000222,62070.0,False,pt,generic,distance;end_link;start_link;trav_time;type,False,road_164892_0_f,road_261773_0_f,37096.44799999999,01:00:45,,,,,,,,,,,not_modelled_no_serialized_transfer_chain_or_eligibility,,adult_reference_not_applied,Octopus_reference_not_applied,audit_only_no_fare_estimation
hk_collective_000223,0,pt,pt_fare_chargeability_audit,,,,U,unresolved,generic_pt_leg_missing_actual_mode_line_route_boarding_alighting_transfer_chain,actual_transport_mode;actual_line_id;actual_route_id;actual_direction;boarding_stop_id;alighting_stop_id;transfer_chain,resident,work_mobile,home,work_mobile,home_hk_collective_000223,work_mobile_grid_421,27132.0,False,pt,generic,distance;end_link;start_link;trav_time;type,False,road_8253_0_f,road_95513_0_r,30975.506999999998,00:52:17,,,,,,,,,,,not_modelled_no_serialized_transfer_chain_or_eligibility,,adult_reference_not_applied,Octopus_reference_not_applied,audit_only_no_fare_estimation
hk_collective_000223,1,pt,pt_fare_chargeability_audit,,,,U,unresolved,generic_pt_leg_missing_actual_mode_line_route_boarding_alighting_transfer_chain,actual_transport_mode;actual_line_id;actual_route_id;actual_direction;boarding_stop_id;alighting_stop_id;transfer_chain,resident,work_mobile,work_mobile,home,work_mobile_grid_421,home_hk_collective_000223,61886.0,False,pt,generic,distance;end_link;start_link;trav_time;type,False,road_95513_0_r,road_8253_0_f,30119.604,00:47:00,,,,,,,,,,,not_modelled_no_serialized_transfer_chain_or_eligibility,,adult_reference_not_applied,Octopus_reference_not_applied,audit_only_no_fare_estimation
hk_collective_000224,0,pt,pt_fare_chargeability_audit,,,,U,unresolved,generic_pt_leg_missing_actual_mode_line_route_boarding_alighting_transfer_chain,actual_transport_mode;actual_line_id;actual_route_id;actual_direction;boarding_stop_id;alighting_stop_id;transfer_chain,resident,work_mobile,home,work_mobile,home_hk_collective_000224,work_mobile_poi_osm:2081898087:5093,29186.0,False,pt,generic,distance;end_link;start_link;trav_time;type,False,road_8253_0_f,road_7949_0_f,17615.221000000005,00:47:32,,,,,,,,,,,not_modelled_no_serialized_transfer_chain_or_eligibility,,adult_reference_not_applied,Octopus_reference_not_applied,audit_only_no_fare_estimation
hk_collective_000224,1,pt,pt_fare_chargeability_audit,,,,U,unresolved,generic_pt_leg_missing_actual_mode_line_route_boarding_alighting_transfer_chain,actual_transport_mode;actual_line_id;actual_route_id;actual_direction;boarding_stop_id;alighting_stop_id;transfer_chain,resident,work_mobile,work_mobile,home,work_mobile_poi_osm:2081898087:5093,home_hk_collective_000224,61916.0,False,pt,generic,distance;end_link;start_link;trav_time;type,False,road_7949_0_f,road_8253_0_f,18548.06199999999,00:49:02,,,,,,,,,,,not_modelled_no_serialized_transfer_chain_or_eligibility,,adult_reference_not_applied,Octopus_reference_not_applied,audit_only_no_fare_estimation
hk_collective_000226,0,pt,pt_fare_chargeability_audit,,,,U,unresolved,generic_pt_leg_missing_actual_mode_line_route_boarding_alighting_transfer_chain,actual_transport_mode;actual_line_id;actual_route_id;actual_direction;boarding_stop_id;alighting_stop_id;transfer_chain,resident,tertiary_student,home,education_tertiary,home_hk_collective_000226,education_tertiary_poi_igeocom:556118,33380.0,False,pt,generic,distance;end_link;start_link;trav_time;type,False,road_9594_0_f,road_95326_0_f,19559.435,00:32:37,,,,,,,,,,,not_modelled_no_serialized_transfer_chain_or_eligibility,,adult_reference_not_applied,Octopus_reference_not_applied,audit_only_no_fare_estimation
hk_collective_000226,1,pt,pt_fare_chargeability_audit,,,,U,unresolved,generic_pt_leg_missing_actual_mode_line_route_boarding_alighting_transfer_chain,actual_transport_mode;actual_line_id;actual_route_id;actual_direction;boarding_stop_id;alighting_stop_id;transfer_chain,resident,tertiary_student,education_tertiary,home,education_tertiary_poi_igeocom:556118,home_hk_collective_000226,60109.0,False,pt,generic,distance;end_link;start_link;trav_time;type,False,road_95326_0_f,road_9594_0_f,20142.013000000003,00:34:17,,,,,,,,,,,not_modelled_no_serialized_transfer_chain_or_eligibility,,adult_reference_not_applied,Octopus_reference_not_applied,audit_only_no_fare_estimation
hk_collective_000228,0,pt,pt_fare_chargeability_audit,,,,U,unresolved,generic_pt_leg_missing_actual_mode_line_route_boarding_alighting_transfer_chain,actual_transport_mode;actual_line_id;actual_route_id;actual_direction;boarding_stop_id;alighting_stop_id;transfer_chain,resident,fixed_worker,home,work,home_hk_collective_000228,work_poi_osm:7084644601:30800,28305.0,False,pt,generic,distance;end_link;start_link;trav_time;type,False,road_9594_0_f,road_3305_0_f,34741.225000000006,00:51:40,,,,,,,,,,,not_modelled_no_serialized_transfer_chain_or_eligibility,,adult_reference_not_applied,Octopus_reference_not_applied,audit_only_no_fare_estimation
hk_collective_000228,1,pt,pt_fare_chargeability_audit,,,,U,unresolved,generic_pt_leg_missing_actual_mode_line_route_boarding_alighting_transfer_chain,actual_transport_mode;actual_line_id;actual_route_id;actual_direction;boarding_stop_id;alighting_stop_id;transfer_chain,resident,fixed_worker,work,home,work_poi_osm:7084644601:30800,home_hk_collective_000228,64017.0,False,pt,generic,distance;end_link;start_link;trav_time;type,False,road_3305_0_f,road_9594_0_f,42578.058000000005,01:02:11,,,,,,,,,,,not_modelled_no_serialized_transfer_chain_or_eligibility,,adult_reference_not_applied,Octopus_reference_not_applied,audit_only_no_fare_estimation
hk_collective_000230,0,pt,pt_fare_chargeability_audit,,,,U,unresolved,generic_pt_leg_missing_actual_mode_line_route_boarding_alighting_transfer_chain,actual_transport_mode;actual_line_id;actual_route_id;actual_direction;boarding_stop_id;alighting_stop_id;transfer_chain,resident,work_mobile,home,work_mobile,home_hk_collective_000230,work_mobile_poi_igeocom:543065,28334.0,False,pt,generic,distance;end_link;start_link;trav_time;type,False,road_279767_0_f,road_284414_0_r,16539.309,00:25:56,,,,,,,,,,,not_modelled_no_serialized_transfer_chain_or_eligibility,,adult_reference_not_applied,Octopus_reference_not_applied,audit_only_no_fare_estimation
hk_collective_000230,1,pt,pt_fare_chargeability_audit,,,,U,unresolved,generic_pt_leg_missing_actual_mode_line_route_boarding_alighting_transfer_chain,actual_transport_mode;actual_line_id;actual_route_id;actual_direction;boarding_stop_id;alighting_stop_id;transfer_chain,resident,work_mobile,work_mobile,home,work_mobile_poi_igeocom:543065,home_hk_collective_000230,62119.0,False,pt,generic,distance;end_link;start_link;trav_time;type,False,road_284414_0_r,road_279767_0_f,16337.467000000004,00:26:21,,,,,,,,,,,not_modelled_no_serialized_transfer_chain_or_eligibility,,adult_reference_not_applied,Octopus_reference_not_applied,audit_only_no_fare_estimation
hk_collective_000230,2,pt,pt_fare_chargeability_audit,,,,U,unresolved,generic_pt_leg_missing_actual_mode_line_route_boarding_alighting_transfer_chain,actual_transport_mode;actual_line_id;actual_route_id;actual_direction;boarding_stop_id;alighting_stop_id;transfer_chain,resident,work_mobile,home,shopping,home_hk_collective_000230,resident_shopping_igeocom_549383,67225.0,True,pt,generic,distance;end_link;start_link;trav_time;type,False,road_279767_0_f,road_283586_0_r,50667.67700000002,01:19:43,,,,,,,,,,,not_modelled_no_serialized_transfer_chain_or_eligibility,,adult_reference_not_applied,Octopus_reference_not_applied,audit_only_no_fare_estimation
hk_collective_000230,3,pt,pt_fare_chargeability_audit,,,,U,unresolved,generic_pt_leg_missing_actual_mode_line_route_boarding_alighting_transfer_chain,actual_transport_mode;actual_line_id;actual_route_id;actual_direction;boarding_stop_id;alighting_stop_id;transfer_chain,resident,work_mobile,shopping,home,resident_shopping_igeocom_549383,home_hk_collective_000230,74125.0,True,pt,generic,distance;end_link;start_link;trav_time;type,False,road_283586_0_r,road_279767_0_f,44321.262,01:12:05,,,,,,,,,,,not_modelled_no_serialized_transfer_chain_or_eligibility,,adult_reference_not_applied,Octopus_reference_not_applied,audit_only_no_fare_estimation
hk_collective_000232,0,pt,pt_fare_chargeability_audit,,,,U,unresolved,generic_pt_leg_missing_actual_mode_line_route_boarding_alighting_transfer_chain,actual_transport_mode;actual_line_id;actual_route_id;actual_direction;boarding_stop_id;alighting_stop_id;transfer_chain,resident,fixed_worker,home,work,home_hk_collective_000232,work_grid_1528,24682.0,False,pt,generic,distance;end_link;start_link;trav_time;type,False,road_9913_0_r,road_270343_0_r,58121.24000000001,01:49:46,,,,,,,,,,,not_modelled_no_serialized_transfer_chain_or_eligibility,,adult_reference_not_applied,Octopus_reference_not_applied,audit_only_no_fare_estimation
hk_collective_000232,1,pt,pt_fare_chargeability_audit,,,,U,unresolved,generic_pt_leg_missing_actual_mode_line_route_boarding_alighting_transfer_chain,actual_transport_mode;actual_line_id;actual_route_id;actual_direction;boarding_stop_id;alighting_stop_id;transfer_chain,resident,fixed_worker,work,home,work_grid_1528,home_hk_collective_000232,52089.0,False,pt,generic,distance;end_link;start_link;trav_time;type,False,road_270343_0_r,road_9913_0_r,57582.122,01:48:40,,,,,,,,,,,not_modelled_no_serialized_transfer_chain_or_eligibility,,adult_reference_not_applied,Octopus_reference_not_applied,audit_only_no_fare_estimation
hk_collective_000233,0,pt,pt_fare_chargeability_audit,,,,U,unresolved,generic_pt_leg_missing_actual_mode_line_route_boarding_alighting_transfer_chain,actual_transport_mode;actual_line_id;actual_route_id;actual_direction;boarding_stop_id;alighting_stop_id;transfer_chain,resident,home_only,home,social,home_hk_collective_000233,resident_social_osm_missing_67638,46284.0,True,pt,generic,distance;end_link;start_link;trav_time;type,False,road_96114_0_f,road_94692_0_f,4013.133,00:10:05,,,,,,,,,,,not_modelled_no_serialized_transfer_chain_or_eligibility,,adult_reference_not_applied,Octopus_reference_not_applied,audit_only_no_fare_estimation
hk_collective_000233,1,pt,pt_fare_chargeability_audit,,,,U,unresolved,generic_pt_leg_missing_actual_mode_line_route_boarding_alighting_transfer_chain,actual_transport_mode;actual_line_id;actual_route_id;actual_direction;boarding_stop_id;alighting_stop_id;transfer_chain,resident,home_only,social,dining,resident_social_osm_missing_67638,resident_dining_osm_12005604142_43387,55884.0,True,pt,generic,distance;end_link;start_link;trav_time;type,False,road_94692_0_f,road_94892_0_r,4474.196,00:12:12,,,,,,,,,,,not_modelled_no_serialized_transfer_chain_or_eligibility,,adult_reference_not_applied,Octopus_reference_not_applied,audit_only_no_fare_estimation
hk_collective_000233,2,pt,pt_fare_chargeability_audit,,,,U,unresolved,generic_pt_leg_missing_actual_mode_line_route_boarding_alighting_transfer_chain,actual_transport_mode;actual_line_id;actual_route_id;actual_direction;boarding_stop_id;alighting_stop_id;transfer_chain,resident,home_only,dining,home,resident_dining_osm_12005604142_43387,home_hk_collective_000233,62484.0,True,pt,generic,distance;end_link;start_link;trav_time;type,False,road_94892_0_r,road_96114_0_f,4666.737000000001,00:11:12,,,,,,,,,,,not_modelled_no_serialized_transfer_chain_or_eligibility,,adult_reference_not_applied,Octopus_reference_not_applied,audit_only_no_fare_estimation
hk_collective_000234,0,pt,pt_fare_chargeability_audit,,,,U,unresolved,generic_pt_leg_missing_actual_mode_line_route_boarding_alighting_transfer_chain,actual_transport_mode;actual_line_id;actual_route_id;actual_direction;boarding_stop_id;alighting_stop_id;transfer_chain,resident,fixed_worker,home,work,home_hk_collective_000234,work_poi_osm:missing:64157,30606.0,False,pt,generic,distance;end_link;start_link;trav_time;type,False,road_266904_0_r,road_9569_0_f,16229.935000000003,00:29:04,,,,,,,,,,,not_modelled_no_serialized_transfer_chain_or_eligibility,,adult_reference_not_applied,Octopus_reference_not_applied,audit_only_no_fare_estimation
hk_collective_000234,1,pt,pt_fare_chargeability_audit,,,,U,unresolved,generic_pt_leg_missing_actual_mode_line_route_boarding_alighting_transfer_chain,actual_transport_mode;actual_line_id;actual_route_id;actual_direction;boarding_stop_id;alighting_stop_id;transfer_chain,resident,fixed_worker,work,home,work_poi_osm:missing:64157,home_hk_collective_000234,72499.0,False,pt,generic,distance;end_link;start_link;trav_time;type,False,road_9569_0_f,road_266904_0_r,16313.848999999998,00:28:54,,,,,,,,,,,not_modelled_no_serialized_transfer_chain_or_eligibility,,adult_reference_not_applied,Octopus_reference_not_applied,audit_only_no_fare_estimation
hk_collective_000235,0,pt,pt_fare_chargeability_audit,,,,U,unresolved,generic_pt_leg_missing_actual_mode_line_route_boarding_alighting_transfer_chain,actual_transport_mode;actual_line_id;actual_route_id;actual_direction;boarding_stop_id;alighting_stop_id;transfer_chain,resident,work_mobile,home,work_mobile,home_hk_collective_000235,work_mobile_poi_igeocom:556677,35628.0,False,pt,generic,distance;end_link;start_link;trav_time;type,False,road_93939_0_f,road_95279_0_f,12066.189999999997,00:21:31,,,,,,,,,,,not_modelled_no_serialized_transfer_chain_or_eligibility,,adult_reference_not_applied,Octopus_reference_not_applied,audit_only_no_fare_estimation
hk_collective_000235,1,pt,pt_fare_chargeability_audit,,,,U,unresolved,generic_pt_leg_missing_actual_mode_line_route_boarding_alighting_transfer_chain,actual_transport_mode;actual_line_id;actual_route_id;actual_direction;boarding_stop_id;alighting_stop_id;transfer_chain,resident,work_mobile,work_mobile,home,work_mobile_poi_igeocom:556677,home_hk_collective_000235,62175.0,False,pt,generic,distance;end_link;start_link;trav_time;type,False,road_95279_0_f,road_93939_0_f,10947.202,00:19:39,,,,,,,,,,,not_modelled_no_serialized_transfer_chain_or_eligibility,,adult_reference_not_applied,Octopus_reference_not_applied,audit_only_no_fare_estimation
hk_collective_000237,0,pt,pt_fare_chargeability_audit,,,,U,unresolved,generic_pt_leg_missing_actual_mode_line_route_boarding_alighting_transfer_chain,actual_transport_mode;actual_line_id;actual_route_id;actual_direction;boarding_stop_id;alighting_stop_id;transfer_chain,resident,fixed_worker,home,work,home_hk_collective_000237,work_poi_osm:missing:59880,29985.0,False,pt,generic,distance;end_link;start_link;trav_time;type,False,road_93942_0_r,road_110718_0_f,12911.886999999995,00:23:19,,,,,,,,,,,not_modelled_no_serialized_transfer_chain_or_eligibility,,adult_reference_not_applied,Octopus_reference_not_applied,audit_only_no_fare_estimation
hk_collective_000237,1,pt,pt_fare_chargeability_audit,,,,U,unresolved,generic_pt_leg_missing_actual_mode_line_route_boarding_alighting_transfer_chain,actual_transport_mode;actual_line_id;actual_route_id;actual_direction;boarding_stop_id;alighting_stop_id;transfer_chain,resident,fixed_worker,work,home,work_poi_osm:missing:59880,home_hk_collective_000237,59808.0,False,pt,generic,distance;end_link;start_link;trav_time;type,False,road_110718_0_f,road_93942_0_r,14952.530000000004,00:27:27,,,,,,,,,,,not_modelled_no_serialized_transfer_chain_or_eligibility,,adult_reference_not_applied,Octopus_reference_not_applied,audit_only_no_fare_estimation
hk_collective_000238,0,pt,pt_fare_chargeability_audit,,,,U,unresolved,generic_pt_leg_missing_actual_mode_line_route_boarding_alighting_transfer_chain,actual_transport_mode;actual_line_id;actual_route_id;actual_direction;boarding_stop_id;alighting_stop_id;transfer_chain,resident,fixed_worker,home,work,home_hk_collective_000238,work_poi_osm:missing:73555,29483.0,False,pt,generic,distance;end_link;start_link;trav_time;type,False,road_96351_0_f,road_104942_0_f,31818.68800000001,00:52:20,,,,,,,,,,,not_modelled_no_serialized_transfer_chain_or_eligibility,,adult_reference_not_applied,Octopus_reference_not_applied,audit_only_no_fare_estimation
hk_collective_000238,1,pt,pt_fare_chargeability_audit,,,,U,unresolved,generic_pt_leg_missing_actual_mode_line_route_boarding_alighting_transfer_chain,actual_transport_mode;actual_line_id;actual_route_id;actual_direction;boarding_stop_id;alighting_stop_id;transfer_chain,resident,fixed_worker,work,home,work_poi_osm:missing:73555,home_hk_collective_000238,56494.0,False,pt,generic,distance;end_link;start_link;trav_time;type,False,road_104942_0_f,road_96351_0_f,31928.32,00:53:02,,,,,,,,,,,not_modelled_no_serialized_transfer_chain_or_eligibility,,adult_reference_not_applied,Octopus_reference_not_applied,audit_only_no_fare_estimation
hk_collective_000239,0,pt,pt_fare_chargeability_audit,,,,U,unresolved,generic_pt_leg_missing_actual_mode_line_route_boarding_alighting_transfer_chain,actual_transport_mode;actual_line_id;actual_route_id;actual_direction;boarding_stop_id;alighting_stop_id;transfer_chain,resident,fixed_worker,home,work,home_hk_collective_000239,work_poi_osm:4862458901:22735,25362.0,False,pt,generic,distance;end_link;start_link;trav_time;type,False,road_284411_0_r,road_104191_0_f,31112.275,00:50:35,,,,,,,,,,,not_modelled_no_serialized_transfer_chain_or_eligibility,,adult_reference_not_applied,Octopus_reference_not_applied,audit_only_no_fare_estimation
hk_collective_000239,1,pt,pt_fare_chargeability_audit,,,,U,unresolved,generic_pt_leg_missing_actual_mode_line_route_boarding_alighting_transfer_chain,actual_transport_mode;actual_line_id;actual_route_id;actual_direction;boarding_stop_id;alighting_stop_id;transfer_chain,resident,fixed_worker,work,home,work_poi_osm:4862458901:22735,home_hk_collective_000239,68625.0,False,pt,generic,distance;end_link;start_link;trav_time;type,False,road_104191_0_f,road_284411_0_r,30890.133,00:50:52,,,,,,,,,,,not_modelled_no_serialized_transfer_chain_or_eligibility,,adult_reference_not_applied,Octopus_reference_not_applied,audit_only_no_fare_estimation
hk_collective_000240,0,pt,pt_fare_chargeability_audit,,,,U,unresolved,generic_pt_leg_missing_actual_mode_line_route_boarding_alighting_transfer_chain,actual_transport_mode;actual_line_id;actual_route_id;actual_direction;boarding_stop_id;alighting_stop_id;transfer_chain,resident,work_mobile,home,work_mobile,home_hk_collective_000240,work_mobile_poi_osm:9995141132:36535,28833.0,False,pt,generic,distance;end_link;start_link;trav_time;type,False,road_97072_0_f,road_111838_0_f,15079.835,00:26:11,,,,,,,,,,,not_modelled_no_serialized_transfer_chain_or_eligibility,,adult_reference_not_applied,Octopus_reference_not_applied,audit_only_no_fare_estimation
hk_collective_000240,1,pt,pt_fare_chargeability_audit,,,,U,unresolved,generic_pt_leg_missing_actual_mode_line_route_boarding_alighting_transfer_chain,actual_transport_mode;actual_line_id;actual_route_id;actual_direction;boarding_stop_id;alighting_stop_id;transfer_chain,resident,work_mobile,work_mobile,home,work_mobile_poi_osm:9995141132:36535,home_hk_collective_000240,65228.0,False,pt,generic,distance;end_link;start_link;trav_time;type,False,road_111838_0_f,road_97072_0_f,15685.513,00:27:05,,,,,,,,,,,not_modelled_no_serialized_transfer_chain_or_eligibility,,adult_reference_not_applied,Octopus_reference_not_applied,audit_only_no_fare_estimation
hk_collective_000242,0,pt,pt_fare_chargeability_audit,,,,U,unresolved,generic_pt_leg_missing_actual_mode_line_route_boarding_alighting_transfer_chain,actual_transport_mode;actual_line_id;actual_route_id;actual_direction;boarding_stop_id;alighting_stop_id;transfer_chain,resident,fixed_worker,home,work,home_hk_collective_000242,work_poi_osm:missing:69236,28951.0,False,pt,generic,distance;end_link;start_link;trav_time;type,False,road_272549_0_r,road_102027_0_f,34734.35100000002,00:59:06,,,,,,,,,,,not_modelled_no_serialized_transfer_chain_or_eligibility,,adult_reference_not_applied,Octopus_reference_not_applied,audit_only_no_fare_estimation
hk_collective_000242,1,pt,pt_fare_chargeability_audit,,,,U,unresolved,generic_pt_leg_missing_actual_mode_line_route_boarding_alighting_transfer_chain,actual_transport_mode;actual_line_id;actual_route_id;actual_direction;boarding_stop_id;alighting_stop_id;transfer_chain,resident,fixed_worker,work,home,work_poi_osm:missing:69236,home_hk_collective_000242,61172.0,False,pt,generic,distance;end_link;start_link;trav_time;type,False,road_102027_0_f,road_272549_0_r,34852.831999999995,00:59:24,,,,,,,,,,,not_modelled_no_serialized_transfer_chain_or_eligibility,,adult_reference_not_applied,Octopus_reference_not_applied,audit_only_no_fare_estimation
hk_collective_000242,2,pt,pt_fare_chargeability_audit,,,,U,unresolved,generic_pt_leg_missing_actual_mode_line_route_boarding_alighting_transfer_chain,actual_transport_mode;actual_line_id;actual_route_id;actual_direction;boarding_stop_id;alighting_stop_id;transfer_chain,resident,fixed_worker,home,social,home_hk_collective_000242,resident_social_osm_12008881919_43409,66294.0,True,pt,generic,distance;end_link;start_link;trav_time;type,False,road_272549_0_r,road_94891_0_r,3500.496,00:07:28,,,,,,,,,,,not_modelled_no_serialized_transfer_chain_or_eligibility,,adult_reference_not_applied,Octopus_reference_not_applied,audit_only_no_fare_estimation
hk_collective_000242,3,pt,pt_fare_chargeability_audit,,,,U,unresolved,generic_pt_leg_missing_actual_mode_line_route_boarding_alighting_transfer_chain,actual_transport_mode;actual_line_id;actual_route_id;actual_direction;boarding_stop_id;alighting_stop_id;transfer_chain,resident,fixed_worker,social,home,resident_social_osm_12008881919_43409,home_hk_collective_000242,75894.0,True,pt,generic,distance;end_link;start_link;trav_time;type,False,road_94891_0_r,road_272549_0_r,2215.961,00:05:18,,,,,,,,,,,not_modelled_no_serialized_transfer_chain_or_eligibility,,adult_reference_not_applied,Octopus_reference_not_applied,audit_only_no_fare_estimation
hk_collective_000243,0,pt,pt_fare_chargeability_audit,,,,U,unresolved,generic_pt_leg_missing_actual_mode_line_route_boarding_alighting_transfer_chain,actual_transport_mode;actual_line_id;actual_route_id;actual_direction;boarding_stop_id;alighting_stop_id;transfer_chain,resident,fixed_worker,home,work,home_hk_collective_000243,work_poi_osm:12990177:51805,31113.0,False,pt,generic,distance;end_link;start_link;trav_time;type,False,road_268772_0_r,road_96176_0_r,7722.09,00:14:58,,,,,,,,,,,not_modelled_no_serialized_transfer_chain_or_eligibility,,adult_reference_not_applied,Octopus_reference_not_applied,audit_only_no_fare_estimation
hk_collective_000243,1,pt,pt_fare_chargeability_audit,,,,U,unresolved,generic_pt_leg_missing_actual_mode_line_route_boarding_alighting_transfer_chain,actual_transport_mode;actual_line_id;actual_route_id;actual_direction;boarding_stop_id;alighting_stop_id;transfer_chain,resident,fixed_worker,work,home,work_poi_osm:12990177:51805,home_hk_collective_000243,64590.0,False,pt,generic,distance;end_link;start_link;trav_time;type,False,road_96176_0_r,road_268772_0_r,7049.869999999999,00:15:24,,,,,,,,,,,not_modelled_no_serialized_transfer_chain_or_eligibility,,adult_reference_not_applied,Octopus_reference_not_applied,audit_only_no_fare_estimation
hk_collective_000244,0,pt,pt_fare_chargeability_audit,,,,U,unresolved,generic_pt_leg_missing_actual_mode_line_route_boarding_alighting_transfer_chain,actual_transport_mode;actual_line_id;actual_route_id;actual_direction;boarding_stop_id;alighting_stop_id;transfer_chain,resident,fixed_worker,home,work,home_hk_collective_000244,work_poi_osm:missing:65605,27288.0,False,pt,generic,distance;end_link;start_link;trav_time;type,False,road_93991_0_f,road_271009_0_f,29184.85000000001,00:48:39,,,,,,,,,,,not_modelled_no_serialized_transfer_chain_or_eligibility,,adult_reference_not_applied,Octopus_reference_not_applied,audit_only_no_fare_estimation
hk_collective_000244,1,pt,pt_fare_chargeability_audit,,,,U,unresolved,generic_pt_leg_missing_actual_mode_line_route_boarding_alighting_transfer_chain,actual_transport_mode;actual_line_id;actual_route_id;actual_direction;boarding_stop_id;alighting_stop_id;transfer_chain,resident,fixed_worker,work,home,work_poi_osm:missing:65605,home_hk_collective_000244,56163.0,False,pt,generic,distance;end_link;start_link;trav_time;type,False,road_271009_0_f,road_93991_0_f,29512.500000000004,00:50:19,,,,,,,,,,,not_modelled_no_serialized_transfer_chain_or_eligibility,,adult_reference_not_applied,Octopus_reference_not_applied,audit_only_no_fare_estimation
hk_collective_000245,0,pt,pt_fare_chargeability_audit,,,,U,unresolved,generic_pt_leg_missing_actual_mode_line_route_boarding_alighting_transfer_chain,actual_transport_mode;actual_line_id;actual_route_id;actual_direction;boarding_stop_id;alighting_stop_id;transfer_chain,resident,fixed_worker,home,work,home_hk_collective_000245,work_poi_osm:5140833321:24551,27896.0,False,pt,generic,distance;end_link;start_link;trav_time;type,False,road_94566_0_f,road_5281_0_f,36078.55500000001,00:57:36,,,,,,,,,,,not_modelled_no_serialized_transfer_chain_or_eligibility,,adult_reference_not_applied,Octopus_reference_not_applied,audit_only_no_fare_estimation
hk_collective_000245,1,pt,pt_fare_chargeability_audit,,,,U,unresolved,generic_pt_leg_missing_actual_mode_line_route_boarding_alighting_transfer_chain,actual_transport_mode;actual_line_id;actual_route_id;actual_direction;boarding_stop_id;alighting_stop_id;transfer_chain,resident,fixed_worker,work,home,work_poi_osm:5140833321:24551,home_hk_collective_000245,59541.0,False,pt,generic,distance;end_link;start_link;trav_time;type,False,road_5281_0_f,road_94566_0_f,35418.696,01:00:03,,,,,,,,,,,not_modelled_no_serialized_transfer_chain_or_eligibility,,adult_reference_not_applied,Octopus_reference_not_applied,audit_only_no_fare_estimation
hk_collective_000249,0,pt,pt_fare_chargeability_audit,,,,U,unresolved,generic_pt_leg_missing_actual_mode_line_route_boarding_alighting_transfer_chain,actual_transport_mode;actual_line_id;actual_route_id;actual_direction;boarding_stop_id;alighting_stop_id;transfer_chain,resident,fixed_worker,home,work,home_hk_collective_000249,work_poi_osm:8500069025:33311,27889.0,False,pt,generic,distance;end_link;start_link;trav_time;type,False,road_93939_0_f,road_61629_0_f,41915.28600000001,00:59:57,,,,,,,,,,,not_modelled_no_serialized_transfer_chain_or_eligibility,,adult_reference_not_applied,Octopus_reference_not_applied,audit_only_no_fare_estimation
hk_collective_000249,1,pt,pt_fare_chargeability_audit,,,,U,unresolved,generic_pt_leg_missing_actual_mode_line_route_boarding_alighting_transfer_chain,actual_transport_mode;actual_line_id;actual_route_id;actual_direction;boarding_stop_id;alighting_stop_id;transfer_chain,resident,fixed_worker,work,home,work_poi_osm:8500069025:33311,home_hk_collective_000249,60703.0,False,pt,generic,distance;end_link;start_link;trav_time;type,False,road_61629_0_f,road_93939_0_f,42738.034000000014,01:01:27,,,,,,,,,,,not_modelled_no_serialized_transfer_chain_or_eligibility,,adult_reference_not_applied,Octopus_reference_not_applied,audit_only_no_fare_estimation
hk_collective_000253,0,pt,pt_fare_chargeability_audit,,,,U,unresolved,generic_pt_leg_missing_actual_mode_line_route_boarding_alighting_transfer_chain,actual_transport_mode;actual_line_id;actual_route_id;actual_direction;boarding_stop_id;alighting_stop_id;transfer_chain,resident,fixed_worker,home,work,home_hk_collective_000253,work_poi_igeocom:530625,27226.0,False,pt,generic,distance;end_link;start_link;trav_time;type,False,road_94524_0_r,road_60453_0_f,45266.104,01:05:50,,,,,,,,,,,not_modelled_no_serialized_transfer_chain_or_eligibility,,adult_reference_not_applied,Octopus_reference_not_applied,audit_only_no_fare_estimation
hk_collective_000253,1,pt,pt_fare_chargeability_audit,,,,U,unresolved,generic_pt_leg_missing_actual_mode_line_route_boarding_alighting_transfer_chain,actual_transport_mode;actual_line_id;actual_route_id;actual_direction;boarding_stop_id;alighting_stop_id;transfer_chain,resident,fixed_worker,work,home,work_poi_igeocom:530625,home_hk_collective_000253,58223.0,False,pt,generic,distance;end_link;start_link;trav_time;type,False,road_60453_0_f,road_94524_0_r,39245.233999999975,01:06:04,,,,,,,,,,,not_modelled_no_serialized_transfer_chain_or_eligibility,,adult_reference_not_applied,Octopus_reference_not_applied,audit_only_no_fare_estimation
hk_collective_000253,2,pt,pt_fare_chargeability_audit,,,,U,unresolved,generic_pt_leg_missing_actual_mode_line_route_boarding_alighting_transfer_chain,actual_transport_mode;actual_line_id;actual_route_id;actual_direction;boarding_stop_id;alighting_stop_id;transfer_chain,resident,fixed_worker,home,dining,home_hk_collective_000253,resident_dining_osm_13426457001_47376,63760.0,True,pt,generic,distance;end_link;start_link;trav_time;type,False,road_94524_0_r,road_261502_0_f,3311.611999999999,00:07:31,,,,,,,,,,,not_modelled_no_serialized_transfer_chain_or_eligibility,,adult_reference_not_applied,Octopus_reference_not_applied,audit_only_no_fare_estimation
hk_collective_000253,3,pt,pt_fare_chargeability_audit,,,,U,unresolved,generic_pt_leg_missing_actual_mode_line_route_boarding_alighting_transfer_chain,actual_transport_mode;actual_line_id;actual_route_id;actual_direction;boarding_stop_id;alighting_stop_id;transfer_chain,resident,fixed_worker,dining,social,resident_dining_osm_13426457001_47376,resident_social_osm_12089944186_43661,70360.0,True,pt,generic,distance;end_link;start_link;trav_time;type,False,road_261502_0_f,road_94593_0_f,9069.171000000002,00:15:34,,,,,,,,,,,not_modelled_no_serialized_transfer_chain_or_eligibility,,adult_reference_not_applied,Octopus_reference_not_applied,audit_only_no_fare_estimation
hk_collective_000253,4,pt,pt_fare_chargeability_audit,,,,U,unresolved,generic_pt_leg_missing_actual_mode_line_route_boarding_alighting_transfer_chain,actual_transport_mode;actual_line_id;actual_route_id;actual_direction;boarding_stop_id;alighting_stop_id;transfer_chain,resident,fixed_worker,social,home,resident_social_osm_12089944186_43661,home_hk_collective_000253,79960.0,True,pt,generic,distance;end_link;start_link;trav_time;type,False,road_94593_0_f,road_94524_0_r,9484.927,00:19:08,,,,,,,,,,,not_modelled_no_serialized_transfer_chain_or_eligibility,,adult_reference_not_applied,Octopus_reference_not_applied,audit_only_no_fare_estimation
hk_collective_000254,0,pt,pt_fare_chargeability_audit,,,,U,unresolved,generic_pt_leg_missing_actual_mode_line_route_boarding_alighting_transfer_chain,actual_transport_mode;actual_line_id;actual_route_id;actual_direction;boarding_stop_id;alighting_stop_id;transfer_chain,resident,work_mobile,home,work_mobile,home_hk_collective_000254,work_mobile_poi_igeocom:531937,28585.0,False,pt,generic,distance;end_link;start_link;trav_time;type,False,road_271785_0_f,road_1318_0_f,34678.50200000001,00:55:17,,,,,,,,,,,not_modelled_no_serialized_transfer_chain_or_eligibility,,adult_reference_not_applied,Octopus_reference_not_applied,audit_only_no_fare_estimation
hk_collective_000254,1,pt,pt_fare_chargeability_audit,,,,U,unresolved,generic_pt_leg_missing_actual_mode_line_route_boarding_alighting_transfer_chain,actual_transport_mode;actual_line_id;actual_route_id;actual_direction;boarding_stop_id;alighting_stop_id;transfer_chain,resident,work_mobile,work_mobile,home,work_mobile_poi_igeocom:531937,home_hk_collective_000254,60039.0,False,pt,generic,distance;end_link;start_link;trav_time;type,False,road_1318_0_f,road_271785_0_f,34620.86900000001,00:56:06,,,,,,,,,,,not_modelled_no_serialized_transfer_chain_or_eligibility,,adult_reference_not_applied,Octopus_reference_not_applied,audit_only_no_fare_estimation
hk_collective_000255,0,pt,pt_fare_chargeability_audit,,,,U,unresolved,generic_pt_leg_missing_actual_mode_line_route_boarding_alighting_transfer_chain,actual_transport_mode;actual_line_id;actual_route_id;actual_direction;boarding_stop_id;alighting_stop_id;transfer_chain,resident,home_only,home,shopping,home_hk_collective_000255,resident_shopping_osm_4864295175_23059,38944.0,True,pt,generic,distance;end_link;start_link;trav_time;type,False,road_94566_0_f,road_58661_0_f,20400.21099999999,00:34:31,,,,,,,,,,,not_modelled_no_serialized_transfer_chain_or_eligibility,,adult_reference_not_applied,Octopus_reference_not_applied,audit_only_no_fare_estimation
hk_collective_000255,1,pt,pt_fare_chargeability_audit,,,,U,unresolved,generic_pt_leg_missing_actual_mode_line_route_boarding_alighting_transfer_chain,actual_transport_mode;actual_line_id;actual_route_id;actual_direction;boarding_stop_id;alighting_stop_id;transfer_chain,resident,home_only,shopping,personal_business,resident_shopping_osm_4864295175_23059,resident_personal_business_igeocom_546692,45844.0,True,pt,generic,distance;end_link;start_link;trav_time;type,False,road_58661_0_f,road_3539_0_f,15034.001000000006,00:26:38,,,,,,,,,,,not_modelled_no_serialized_transfer_chain_or_eligibility,,adult_reference_not_applied,Octopus_reference_not_applied,audit_only_no_fare_estimation
hk_collective_000255,2,pt,pt_fare_chargeability_audit,,,,U,unresolved,generic_pt_leg_missing_actual_mode_line_route_boarding_alighting_transfer_chain,actual_transport_mode;actual_line_id;actual_route_id;actual_direction;boarding_stop_id;alighting_stop_id;transfer_chain,resident,home_only,personal_business,home,resident_personal_business_igeocom_546692,home_hk_collective_000255,52744.0,True,pt,generic,distance;end_link;start_link;trav_time;type,False,road_3539_0_f,road_94566_0_f,34805.110000000015,00:56:51,,,,,,,,,,,not_modelled_no_serialized_transfer_chain_or_eligibility,,adult_reference_not_applied,Octopus_reference_not_applied,audit_only_no_fare_estimation
hk_collective_000257,0,pt,pt_fare_chargeability_audit,,,,U,unresolved,generic_pt_leg_missing_actual_mode_line_route_boarding_alighting_transfer_chain,actual_transport_mode;actual_line_id;actual_route_id;actual_direction;boarding_stop_id;alighting_stop_id;transfer_chain,resident,fixed_worker,home,work,home_hk_collective_000257,work_poi_osm:159846742:48800,23373.0,False,pt,generic,distance;end_link;start_link;trav_time;type,False,road_284411_0_r,road_140399_0_f,4333.175000000001,00:10:22,,,,,,,,,,,not_modelled_no_serialized_transfer_chain_or_eligibility,,adult_reference_not_applied,Octopus_reference_not_applied,audit_only_no_fare_estimation
hk_collective_000257,1,pt,pt_fare_chargeability_audit,,,,U,unresolved,generic_pt_leg_missing_actual_mode_line_route_boarding_alighting_transfer_chain,actual_transport_mode;actual_line_id;actual_route_id;actual_direction;boarding_stop_id;alighting_stop_id;transfer_chain,resident,fixed_worker,work,home,work_poi_osm:159846742:48800,home_hk_collective_000257,56999.0,False,pt,generic,distance;end_link;start_link;trav_time;type,False,road_140399_0_f,road_284411_0_r,4528.424,00:10:30,,,,,,,,,,,not_modelled_no_serialized_transfer_chain_or_eligibility,,adult_reference_not_applied,Octopus_reference_not_applied,audit_only_no_fare_estimation
hk_collective_000258,0,pt,pt_fare_chargeability_audit,,,,U,unresolved,generic_pt_leg_missing_actual_mode_line_route_boarding_alighting_transfer_chain,actual_transport_mode;actual_line_id;actual_route_id;actual_direction;boarding_stop_id;alighting_stop_id;transfer_chain,resident,fixed_worker,home,work,home_hk_collective_000258,work_poi_igeocom:560578,27162.0,False,pt,generic,distance;end_link;start_link;trav_time;type,False,road_263832_0_f,road_58762_0_f,24963.993,00:39:34,,,,,,,,,,,not_modelled_no_serialized_transfer_chain_or_eligibility,,adult_reference_not_applied,Octopus_reference_not_applied,audit_only_no_fare_estimation
hk_collective_000258,1,pt,pt_fare_chargeability_audit,,,,U,unresolved,generic_pt_leg_missing_actual_mode_line_route_boarding_alighting_transfer_chain,actual_transport_mode;actual_line_id;actual_route_id;actual_direction;boarding_stop_id;alighting_stop_id;transfer_chain,resident,fixed_worker,work,home,work_poi_igeocom:560578,home_hk_collective_000258,54224.0,False,pt,generic,distance;end_link;start_link;trav_time;type,False,road_58762_0_f,road_263832_0_f,24808.198,00:39:00,,,,,,,,,,,not_modelled_no_serialized_transfer_chain_or_eligibility,,adult_reference_not_applied,Octopus_reference_not_applied,audit_only_no_fare_estimation
hk_collective_000259,0,pt,pt_fare_chargeability_audit,,,,U,unresolved,generic_pt_leg_missing_actual_mode_line_route_boarding_alighting_transfer_chain,actual_transport_mode;actual_line_id;actual_route_id;actual_direction;boarding_stop_id;alighting_stop_id;transfer_chain,resident,fixed_worker,home,work,home_hk_collective_000259,work_poi_igeocom:21074437,29410.0,False,pt,generic,distance;end_link;start_link;trav_time;type,False,road_94184_0_r,road_95457_0_f,6760.214000000002,00:14:19,,,,,,,,,,,not_modelled_no_serialized_transfer_chain_or_eligibility,,adult_reference_not_applied,Octopus_reference_not_applied,audit_only_no_fare_estimation
hk_collective_000259,1,pt,pt_fare_chargeability_audit,,,,U,unresolved,generic_pt_leg_missing_actual_mode_line_route_boarding_alighting_transfer_chain,actual_transport_mode;actual_line_id;actual_route_id;actual_direction;boarding_stop_id;alighting_stop_id;transfer_chain,resident,fixed_worker,work,home,work_poi_igeocom:21074437,home_hk_collective_000259,62186.0,False,pt,generic,distance;end_link;start_link;trav_time;type,False,road_95457_0_f,road_94184_0_r,5909.178999999998,00:12:40,,,,,,,,,,,not_modelled_no_serialized_transfer_chain_or_eligibility,,adult_reference_not_applied,Octopus_reference_not_applied,audit_only_no_fare_estimation
hk_collective_000260,0,pt,pt_fare_chargeability_audit,,,,U,unresolved,generic_pt_leg_missing_actual_mode_line_route_boarding_alighting_transfer_chain,actual_transport_mode;actual_line_id;actual_route_id;actual_direction;boarding_stop_id;alighting_stop_id;transfer_chain,resident,work_mobile,home,work_mobile,home_hk_collective_000260,work_mobile_poi_igeocom:21276991,30565.0,False,pt,generic,distance;end_link;start_link;trav_time;type,False,road_94550_0_r,road_7470_0_f,25220.562999999995,00:44:01,,,,,,,,,,,not_modelled_no_serialized_transfer_chain_or_eligibility,,adult_reference_not_applied,Octopus_reference_not_applied,audit_only_no_fare_estimation
hk_collective_000260,1,pt,pt_fare_chargeability_audit,,,,U,unresolved,generic_pt_leg_missing_actual_mode_line_route_boarding_alighting_transfer_chain,actual_transport_mode;actual_line_id;actual_route_id;actual_direction;boarding_stop_id;alighting_stop_id;transfer_chain,resident,work_mobile,work_mobile,home,work_mobile_poi_igeocom:21276991,home_hk_collective_000260,55447.0,False,pt,generic,distance;end_link;start_link;trav_time;type,False,road_7470_0_f,road_94550_0_r,25285.309,00:44:41,,,,,,,,,,,not_modelled_no_serialized_transfer_chain_or_eligibility,,adult_reference_not_applied,Octopus_reference_not_applied,audit_only_no_fare_estimation
hk_collective_000260,2,pt,pt_fare_chargeability_audit,,,,U,unresolved,generic_pt_leg_missing_actual_mode_line_route_boarding_alighting_transfer_chain,actual_transport_mode;actual_line_id;actual_route_id;actual_direction;boarding_stop_id;alighting_stop_id;transfer_chain,resident,work_mobile,home,dining,home_hk_collective_000260,resident_dining_osm_3997834250_13808,64446.0,True,pt,generic,distance;end_link;start_link;trav_time;type,False,road_94550_0_r,road_109028_0_f,8732.468000000004,00:15:26,,,,,,,,,,,not_modelled_no_serialized_transfer_chain_or_eligibility,,adult_reference_not_applied,Octopus_reference_not_applied,audit_only_no_fare_estimation
hk_collective_000260,3,pt,pt_fare_chargeability_audit,,,,U,unresolved,generic_pt_leg_missing_actual_mode_line_route_boarding_alighting_transfer_chain,actual_transport_mode;actual_line_id;actual_route_id;actual_direction;boarding_stop_id;alighting_stop_id;transfer_chain,resident,work_mobile,dining,home,resident_dining_osm_3997834250_13808,home_hk_collective_000260,71046.0,True,pt,generic,distance;end_link;start_link;trav_time;type,False,road_109028_0_f,road_94550_0_r,8234.312999999998,00:15:33,,,,,,,,,,,not_modelled_no_serialized_transfer_chain_or_eligibility,,adult_reference_not_applied,Octopus_reference_not_applied,audit_only_no_fare_estimation
hk_collective_000261,0,pt,pt_fare_chargeability_audit,,,,U,unresolved,generic_pt_leg_missing_actual_mode_line_route_boarding_alighting_transfer_chain,actual_transport_mode;actual_line_id;actual_route_id;actual_direction;boarding_stop_id;alighting_stop_id;transfer_chain,resident,fixed_worker,home,work,home_hk_collective_000261,work_poi_igeocom:548502,28700.0,False,pt,generic,distance;end_link;start_link;trav_time;type,False,road_96351_0_f,road_61349_0_r,35166.73500000001,00:54:42,,,,,,,,,,,not_modelled_no_serialized_transfer_chain_or_eligibility,,adult_reference_not_applied,Octopus_reference_not_applied,audit_only_no_fare_estimation
hk_collective_000261,1,pt,pt_fare_chargeability_audit,,,,U,unresolved,generic_pt_leg_missing_actual_mode_line_route_boarding_alighting_transfer_chain,actual_transport_mode;actual_line_id;actual_route_id;actual_direction;boarding_stop_id;alighting_stop_id;transfer_chain,resident,fixed_worker,work,home,work_poi_igeocom:548502,home_hk_collective_000261,57245.0,False,pt,generic,distance;end_link;start_link;trav_time;type,False,road_61349_0_r,road_96351_0_f,35768.208999999995,00:55:58,,,,,,,,,,,not_modelled_no_serialized_transfer_chain_or_eligibility,,adult_reference_not_applied,Octopus_reference_not_applied,audit_only_no_fare_estimation
hk_collective_000262,0,pt,pt_fare_chargeability_audit,,,,U,unresolved,generic_pt_leg_missing_actual_mode_line_route_boarding_alighting_transfer_chain,actual_transport_mode;actual_line_id;actual_route_id;actual_direction;boarding_stop_id;alighting_stop_id;transfer_chain,resident,home_only,home,social,home_hk_collective_000262,resident_social_igeocom_543195,54332.0,True,pt,generic,distance;end_link;start_link;trav_time;type,False,road_271785_0_f,road_93916_0_f,4171.729,00:10:00,,,,,,,,,,,not_modelled_no_serialized_transfer_chain_or_eligibility,,adult_reference_not_applied,Octopus_reference_not_applied,audit_only_no_fare_estimation
hk_collective_000262,1,pt,pt_fare_chargeability_audit,,,,U,unresolved,generic_pt_leg_missing_actual_mode_line_route_boarding_alighting_transfer_chain,actual_transport_mode;actual_line_id;actual_route_id;actual_direction;boarding_stop_id;alighting_stop_id;transfer_chain,resident,home_only,social,home,resident_social_igeocom_543195,home_hk_collective_000262,63932.0,True,pt,generic,distance;end_link;start_link;trav_time;type,False,road_93916_0_f,road_271785_0_f,3486.261,00:08:00,,,,,,,,,,,not_modelled_no_serialized_transfer_chain_or_eligibility,,adult_reference_not_applied,Octopus_reference_not_applied,audit_only_no_fare_estimation
hk_collective_000263,0,pt,pt_fare_chargeability_audit,,,,U,unresolved,generic_pt_leg_missing_actual_mode_line_route_boarding_alighting_transfer_chain,actual_transport_mode;actual_line_id;actual_route_id;actual_direction;boarding_stop_id;alighting_stop_id;transfer_chain,resident,usual_resident_border,home,border,home_hk_collective_000263,border_0,21058.0,False,pt,generic,distance;end_link;start_link;trav_time;type,False,road_94592_0_f,road_273545_0_f,16503.292999999998,00:32:46,,,,,,,,,,,not_modelled_no_serialized_transfer_chain_or_eligibility,,adult_reference_not_applied,Octopus_reference_not_applied,audit_only_no_fare_estimation
hk_collective_000263,1,pt,pt_fare_chargeability_audit,,,,U,unresolved,generic_pt_leg_missing_actual_mode_line_route_boarding_alighting_transfer_chain,actual_transport_mode;actual_line_id;actual_route_id;actual_direction;boarding_stop_id;alighting_stop_id;transfer_chain,resident,usual_resident_border,border,home,border_0,home_hk_collective_000263,68813.0,False,pt,generic,distance;end_link;start_link;trav_time;type,False,road_273545_0_f,road_94592_0_f,16889.330000000005,00:33:49,,,,,,,,,,,not_modelled_no_serialized_transfer_chain_or_eligibility,,adult_reference_not_applied,Octopus_reference_not_applied,audit_only_no_fare_estimation
hk_collective_000267,0,pt,pt_fare_chargeability_audit,,,,U,unresolved,generic_pt_leg_missing_actual_mode_line_route_boarding_alighting_transfer_chain,actual_transport_mode;actual_line_id;actual_route_id;actual_direction;boarding_stop_id;alighting_stop_id;transfer_chain,resident,fixed_worker,home,work,home_hk_collective_000267,work_poi_igeocom:21167567,31148.0,False,pt,generic,distance;end_link;start_link;trav_time;type,False,road_93942_0_r,road_273045_0_f,28154.930000000008,00:46:10,,,,,,,,,,,not_modelled_no_serialized_transfer_chain_or_eligibility,,adult_reference_not_applied,Octopus_reference_not_applied,audit_only_no_fare_estimation
hk_collective_000267,1,pt,pt_fare_chargeability_audit,,,,U,unresolved,generic_pt_leg_missing_actual_mode_line_route_boarding_alighting_transfer_chain,actual_transport_mode;actual_line_id;actual_route_id;actual_direction;boarding_stop_id;alighting_stop_id;transfer_chain,resident,fixed_worker,work,home,work_poi_igeocom:21167567,home_hk_collective_000267,71133.0,False,pt,generic,distance;end_link;start_link;trav_time;type,False,road_273045_0_f,road_93942_0_r,28321.041000000005,00:47:03,,,,,,,,,,,not_modelled_no_serialized_transfer_chain_or_eligibility,,adult_reference_not_applied,Octopus_reference_not_applied,audit_only_no_fare_estimation
hk_collective_000269,0,pt,pt_fare_chargeability_audit,,,,U,unresolved,generic_pt_leg_missing_actual_mode_line_route_boarding_alighting_transfer_chain,actual_transport_mode;actual_line_id;actual_route_id;actual_direction;boarding_stop_id;alighting_stop_id;transfer_chain,resident,fixed_worker,home,work,home_hk_collective_000269,work_poi_igeocom:542707,32372.0,False,pt,generic,distance;end_link;start_link;trav_time;type,False,road_94566_0_f,road_283287_0_f,21407.16899999999,00:36:16,,,,,,,,,,,not_modelled_no_serialized_transfer_chain_or_eligibility,,adult_reference_not_applied,Octopus_reference_not_applied,audit_only_no_fare_estimation
hk_collective_000269,1,pt,pt_fare_chargeability_audit,,,,U,unresolved,generic_pt_leg_missing_actual_mode_line_route_boarding_alighting_transfer_chain,actual_transport_mode;actual_line_id;actual_route_id;actual_direction;boarding_stop_id;alighting_stop_id;transfer_chain,resident,fixed_worker,work,home,work_poi_igeocom:542707,home_hk_collective_000269,67405.0,False,pt,generic,distance;end_link;start_link;trav_time;type,False,road_283287_0_f,road_94566_0_f,22391.117,00:39:01,,,,,,,,,,,not_modelled_no_serialized_transfer_chain_or_eligibility,,adult_reference_not_applied,Octopus_reference_not_applied,audit_only_no_fare_estimation
hk_collective_000270,0,pt,pt_fare_chargeability_audit,,,,U,unresolved,generic_pt_leg_missing_actual_mode_line_route_boarding_alighting_transfer_chain,actual_transport_mode;actual_line_id;actual_route_id;actual_direction;boarding_stop_id;alighting_stop_id;transfer_chain,resident,fixed_worker,home,work,home_hk_collective_000270,work_grid_1180,26138.0,False,pt,generic,distance;end_link;start_link;trav_time;type,False,road_93942_0_r,road_62513_0_f,34941.82500000001,01:03:30,,,,,,,,,,,not_modelled_no_serialized_transfer_chain_or_eligibility,,adult_reference_not_applied,Octopus_reference_not_applied,audit_only_no_fare_estimation
hk_collective_000270,1,pt,pt_fare_chargeability_audit,,,,U,unresolved,generic_pt_leg_missing_actual_mode_line_route_boarding_alighting_transfer_chain,actual_transport_mode;actual_line_id;actual_route_id;actual_direction;boarding_stop_id;alighting_stop_id;transfer_chain,resident,fixed_worker,work,home,work_grid_1180,home_hk_collective_000270,56464.0,False,pt,generic,distance;end_link;start_link;trav_time;type,False,road_62513_0_f,road_93942_0_r,38364.56900000002,01:02:25,,,,,,,,,,,not_modelled_no_serialized_transfer_chain_or_eligibility,,adult_reference_not_applied,Octopus_reference_not_applied,audit_only_no_fare_estimation
hk_collective_000273,0,pt,pt_fare_chargeability_audit,,,,U,unresolved,generic_pt_leg_missing_actual_mode_line_route_boarding_alighting_transfer_chain,actual_transport_mode;actual_line_id;actual_route_id;actual_direction;boarding_stop_id;alighting_stop_id;transfer_chain,resident,fixed_worker,home,work,home_hk_collective_000273,work_poi_igeocom:21078373,32653.0,False,pt,generic,distance;end_link;start_link;trav_time;type,False,road_94566_0_f,road_101880_0_f,41884.708,01:07:36,,,,,,,,,,,not_modelled_no_serialized_transfer_chain_or_eligibility,,adult_reference_not_applied,Octopus_reference_not_applied,audit_only_no_fare_estimation
hk_collective_000273,1,pt,pt_fare_chargeability_audit,,,,U,unresolved,generic_pt_leg_missing_actual_mode_line_route_boarding_alighting_transfer_chain,actual_transport_mode;actual_line_id;actual_route_id;actual_direction;boarding_stop_id;alighting_stop_id;transfer_chain,resident,fixed_worker,work,home,work_poi_igeocom:21078373,home_hk_collective_000273,71479.0,False,pt,generic,distance;end_link;start_link;trav_time;type,False,road_101880_0_f,road_94566_0_f,42919.06300000002,01:11:01,,,,,,,,,,,not_modelled_no_serialized_transfer_chain_or_eligibility,,adult_reference_not_applied,Octopus_reference_not_applied,audit_only_no_fare_estimation
hk_collective_000274,0,pt,pt_fare_chargeability_audit,,,,U,unresolved,generic_pt_leg_missing_actual_mode_line_route_boarding_alighting_transfer_chain,actual_transport_mode;actual_line_id;actual_route_id;actual_direction;boarding_stop_id;alighting_stop_id;transfer_chain,resident,fixed_worker,home,work,home_hk_collective_000274,work_poi_igeocom:554219,31046.0,False,pt,generic,distance;end_link;start_link;trav_time;type,False,road_263844_0_f,road_296012_0_r,46200.67599999999,01:08:04,,,,,,,,,,,not_modelled_no_serialized_transfer_chain_or_eligibility,,adult_reference_not_applied,Octopus_reference_not_applied,audit_only_no_fare_estimation
hk_collective_000274,1,pt,pt_fare_chargeability_audit,,,,U,unresolved,generic_pt_leg_missing_actual_mode_line_route_boarding_alighting_transfer_chain,actual_transport_mode;actual_line_id;actual_route_id;actual_direction;boarding_stop_id;alighting_stop_id;transfer_chain,resident,fixed_worker,work,home,work_poi_igeocom:554219,home_hk_collective_000274,59453.0,False,pt,generic,distance;end_link;start_link;trav_time;type,False,road_296012_0_r,road_263844_0_f,46766.38300000002,01:08:44,,,,,,,,,,,not_modelled_no_serialized_transfer_chain_or_eligibility,,adult_reference_not_applied,Octopus_reference_not_applied,audit_only_no_fare_estimation
hk_collective_000275,0,pt,pt_fare_chargeability_audit,,,,U,unresolved,generic_pt_leg_missing_actual_mode_line_route_boarding_alighting_transfer_chain,actual_transport_mode;actual_line_id;actual_route_id;actual_direction;boarding_stop_id;alighting_stop_id;transfer_chain,resident,work_mobile,home,work_mobile,home_hk_collective_000275,work_mobile_poi_igeocom:21243350,29927.0,False,pt,generic,distance;end_link;start_link;trav_time;type,False,road_94566_0_f,road_271843_0_f,20976.585999999985,00:35:53,,,,,,,,,,,not_modelled_no_serialized_transfer_chain_or_eligibility,,adult_reference_not_applied,Octopus_reference_not_applied,audit_only_no_fare_estimation
hk_collective_000275,1,pt,pt_fare_chargeability_audit,,,,U,unresolved,generic_pt_leg_missing_actual_mode_line_route_boarding_alighting_transfer_chain,actual_transport_mode;actual_line_id;actual_route_id;actual_direction;boarding_stop_id;alighting_stop_id;transfer_chain,resident,work_mobile,work_mobile,home,work_mobile_poi_igeocom:21243350,home_hk_collective_000275,59763.0,False,pt,generic,distance;end_link;start_link;trav_time;type,False,road_271843_0_f,road_94566_0_f,21646.367,00:37:31,,,,,,,,,,,not_modelled_no_serialized_transfer_chain_or_eligibility,,adult_reference_not_applied,Octopus_reference_not_applied,audit_only_no_fare_estimation
hk_collective_000276,0,pt,pt_fare_chargeability_audit,,,,U,unresolved,generic_pt_leg_missing_actual_mode_line_route_boarding_alighting_transfer_chain,actual_transport_mode;actual_line_id;actual_route_id;actual_direction;boarding_stop_id;alighting_stop_id;transfer_chain,resident,fixed_worker,home,work,home_hk_collective_000276,work_poi_igeocom:21074594,25699.0,False,pt,generic,distance;end_link;start_link;trav_time;type,False,road_284411_0_r,road_276288_0_f,19832.918,00:31:18,,,,,,,,,,,not_modelled_no_serialized_transfer_chain_or_eligibility,,adult_reference_not_applied,Octopus_reference_not_applied,audit_only_no_fare_estimation
hk_collective_000276,1,pt,pt_fare_chargeability_audit,,,,U,unresolved,generic_pt_leg_missing_actual_mode_line_route_boarding_alighting_transfer_chain,actual_transport_mode;actual_line_id;actual_route_id;actual_direction;boarding_stop_id;alighting_stop_id;transfer_chain,resident,fixed_worker,work,home,work_poi_igeocom:21074594,home_hk_collective_000276,61660.0,False,pt,generic,distance;end_link;start_link;trav_time;type,False,road_276288_0_f,road_284411_0_r,19411.453,00:31:38,,,,,,,,,,,not_modelled_no_serialized_transfer_chain_or_eligibility,,adult_reference_not_applied,Octopus_reference_not_applied,audit_only_no_fare_estimation
hk_collective_000277,0,pt,pt_fare_chargeability_audit,,,,U,unresolved,generic_pt_leg_missing_actual_mode_line_route_boarding_alighting_transfer_chain,actual_transport_mode;actual_line_id;actual_route_id;actual_direction;boarding_stop_id;alighting_stop_id;transfer_chain,resident,fixed_worker,home,work,home_hk_collective_000277,work_poi_igeocom:21079203,29805.0,False,pt,generic,distance;end_link;start_link;trav_time;type,False,road_94525_0_r,road_57837_0_f,25868.03600000001,00:41:44,,,,,,,,,,,not_modelled_no_serialized_transfer_chain_or_eligibility,,adult_reference_not_applied,Octopus_reference_not_applied,audit_only_no_fare_estimation
hk_collective_000277,1,pt,pt_fare_chargeability_audit,,,,U,unresolved,generic_pt_leg_missing_actual_mode_line_route_boarding_alighting_transfer_chain,actual_transport_mode;actual_line_id;actual_route_id;actual_direction;boarding_stop_id;alighting_stop_id;transfer_chain,resident,fixed_worker,work,home,work_poi_igeocom:21079203,home_hk_collective_000277,58438.0,False,pt,generic,distance;end_link;start_link;trav_time;type,False,road_57837_0_f,road_94525_0_r,27110.163,00:44:32,,,,,,,,,,,not_modelled_no_serialized_transfer_chain_or_eligibility,,adult_reference_not_applied,Octopus_reference_not_applied,audit_only_no_fare_estimation
hk_collective_000279,0,pt,pt_fare_chargeability_audit,,,,U,unresolved,generic_pt_leg_missing_actual_mode_line_route_boarding_alighting_transfer_chain,actual_transport_mode;actual_line_id;actual_route_id;actual_direction;boarding_stop_id;alighting_stop_id;transfer_chain,resident,fixed_worker,home,work,home_hk_collective_000279,work_poi_igeocom:21184286,30322.0,False,pt,generic,distance;end_link;start_link;trav_time;type,False,road_94592_0_f,road_269642_0_r,10761.936999999998,00:20:37,,,,,,,,,,,not_modelled_no_serialized_transfer_chain_or_eligibility,,adult_reference_not_applied,Octopus_reference_not_applied,audit_only_no_fare_estimation
hk_collective_000279,1,pt,pt_fare_chargeability_audit,,,,U,unresolved,generic_pt_leg_missing_actual_mode_line_route_boarding_alighting_transfer_chain,actual_transport_mode;actual_line_id;actual_route_id;actual_direction;boarding_stop_id;alighting_stop_id;transfer_chain,resident,fixed_worker,work,home,work_poi_igeocom:21184286,home_hk_collective_000279,61817.0,False,pt,generic,distance;end_link;start_link;trav_time;type,False,road_269642_0_r,road_94592_0_f,11600.454999999994,00:22:15,,,,,,,,,,,not_modelled_no_serialized_transfer_chain_or_eligibility,,adult_reference_not_applied,Octopus_reference_not_applied,audit_only_no_fare_estimation
hk_collective_000280,0,pt,pt_fare_chargeability_audit,,,,U,unresolved,generic_pt_leg_missing_actual_mode_line_route_boarding_alighting_transfer_chain,actual_transport_mode;actual_line_id;actual_route_id;actual_direction;boarding_stop_id;alighting_stop_id;transfer_chain,resident,home_only,home,shopping,home_hk_collective_000280,resident_shopping_osm_9763811311_35112,43659.0,True,pt,generic,distance;end_link;start_link;trav_time;type,False,road_271785_0_f,road_93469_0_f,22092.677,00:37:18,,,,,,,,,,,not_modelled_no_serialized_transfer_chain_or_eligibility,,adult_reference_not_applied,Octopus_reference_not_applied,audit_only_no_fare_estimation
hk_collective_000280,1,pt,pt_fare_chargeability_audit,,,,U,unresolved,generic_pt_leg_missing_actual_mode_line_route_boarding_alighting_transfer_chain,actual_transport_mode;actual_line_id;actual_route_id;actual_direction;boarding_stop_id;alighting_stop_id;transfer_chain,resident,home_only,shopping,home,resident_shopping_osm_9763811311_35112,home_hk_collective_000280,50559.0,True,pt,generic,distance;end_link;start_link;trav_time;type,False,road_93469_0_f,road_271785_0_f,21924.188,00:37:24,,,,,,,,,,,not_modelled_no_serialized_transfer_chain_or_eligibility,,adult_reference_not_applied,Octopus_reference_not_applied,audit_only_no_fare_estimation
hk_collective_000282,0,pt,pt_fare_chargeability_audit,,,,U,unresolved,generic_pt_leg_missing_actual_mode_line_route_boarding_alighting_transfer_chain,actual_transport_mode;actual_line_id;actual_route_id;actual_direction;boarding_stop_id;alighting_stop_id;transfer_chain,resident,fixed_worker,home,work,home_hk_collective_000282,work_poi_igeocom:531127,29274.0,False,pt,generic,distance;end_link;start_link;trav_time;type,False,road_269766_0_f,road_275485_0_f,42206.644000000015,01:15:57,,,,,,,,,,,not_modelled_no_serialized_transfer_chain_or_eligibility,,adult_reference_not_applied,Octopus_reference_not_applied,audit_only_no_fare_estimation
hk_collective_000282,1,pt,pt_fare_chargeability_audit,,,,U,unresolved,generic_pt_leg_missing_actual_mode_line_route_boarding_alighting_transfer_chain,actual_transport_mode;actual_line_id;actual_route_id;actual_direction;boarding_stop_id;alighting_stop_id;transfer_chain,resident,fixed_worker,work,home,work_poi_igeocom:531127,home_hk_collective_000282,58820.0,False,pt,generic,distance;end_link;start_link;trav_time;type,False,road_275485_0_f,road_269766_0_f,42184.84399999998,01:14:46,,,,,,,,,,,not_modelled_no_serialized_transfer_chain_or_eligibility,,adult_reference_not_applied,Octopus_reference_not_applied,audit_only_no_fare_estimation
hk_collective_000283,0,pt,pt_fare_chargeability_audit,,,,U,unresolved,generic_pt_leg_missing_actual_mode_line_route_boarding_alighting_transfer_chain,actual_transport_mode;actual_line_id;actual_route_id;actual_direction;boarding_stop_id;alighting_stop_id;transfer_chain,resident,fixed_worker,home,work,home_hk_collective_000283,work_poi_igeocom:563088,27630.0,False,pt,generic,distance;end_link;start_link;trav_time;type,False,road_284529_0_f,road_267486_0_f,29664.389000000006,00:51:30,,,,,,,,,,,not_modelled_no_serialized_transfer_chain_or_eligibility,,adult_reference_not_applied,Octopus_reference_not_applied,audit_only_no_fare_estimation
hk_collective_000283,1,pt,pt_fare_chargeability_audit,,,,U,unresolved,generic_pt_leg_missing_actual_mode_line_route_boarding_alighting_transfer_chain,actual_transport_mode;actual_line_id;actual_route_id;actual_direction;boarding_stop_id;alighting_stop_id;transfer_chain,resident,fixed_worker,work,home,work_poi_igeocom:563088,home_hk_collective_000283,51812.0,False,pt,generic,distance;end_link;start_link;trav_time;type,False,road_267486_0_f,road_284529_0_f,29401.59,00:51:18,,,,,,,,,,,not_modelled_no_serialized_transfer_chain_or_eligibility,,adult_reference_not_applied,Octopus_reference_not_applied,audit_only_no_fare_estimation
hk_collective_000284,0,pt,pt_fare_chargeability_audit,,,,U,unresolved,generic_pt_leg_missing_actual_mode_line_route_boarding_alighting_transfer_chain,actual_transport_mode;actual_line_id;actual_route_id;actual_direction;boarding_stop_id;alighting_stop_id;transfer_chain,resident,work_mobile,home,work_mobile,home_hk_collective_000284,work_mobile_grid_475,31171.0,False,pt,generic,distance;end_link;start_link;trav_time;type,False,road_96351_0_f,road_65226_0_f,24618.967,00:43:13,,,,,,,,,,,not_modelled_no_serialized_transfer_chain_or_eligibility,,adult_reference_not_applied,Octopus_reference_not_applied,audit_only_no_fare_estimation
hk_collective_000284,1,pt,pt_fare_chargeability_audit,,,,U,unresolved,generic_pt_leg_missing_actual_mode_line_route_boarding_alighting_transfer_chain,actual_transport_mode;actual_line_id;actual_route_id;actual_direction;boarding_stop_id;alighting_stop_id;transfer_chain,resident,work_mobile,work_mobile,home,work_mobile_grid_475,home_hk_collective_000284,66496.0,False,pt,generic,distance;end_link;start_link;trav_time;type,False,road_65226_0_f,road_96351_0_f,24978.470999999998,00:43:24,,,,,,,,,,,not_modelled_no_serialized_transfer_chain_or_eligibility,,adult_reference_not_applied,Octopus_reference_not_applied,audit_only_no_fare_estimation
hk_collective_000285,0,pt,pt_fare_chargeability_audit,,,,U,unresolved,generic_pt_leg_missing_actual_mode_line_route_boarding_alighting_transfer_chain,actual_transport_mode;actual_line_id;actual_route_id;actual_direction;boarding_stop_id;alighting_stop_id;transfer_chain,resident,usual_resident_border,home,border,home_hk_collective_000285,border_1,20778.0,False,pt,generic,distance;end_link;start_link;trav_time;type,False,road_272549_0_r,road_260342_0_r,27668.915,00:45:57,,,,,,,,,,,not_modelled_no_serialized_transfer_chain_or_eligibility,,adult_reference_not_applied,Octopus_reference_not_applied,audit_only_no_fare_estimation
hk_collective_000285,1,pt,pt_fare_chargeability_audit,,,,U,unresolved,generic_pt_leg_missing_actual_mode_line_route_boarding_alighting_transfer_chain,actual_transport_mode;actual_line_id;actual_route_id;actual_direction;boarding_stop_id;alighting_stop_id;transfer_chain,resident,usual_resident_border,border,home,border_1,home_hk_collective_000285,74618.0,False,pt,generic,distance;end_link;start_link;trav_time;type,False,road_260342_0_r,road_272549_0_r,27154.450999999997,00:44:28,,,,,,,,,,,not_modelled_no_serialized_transfer_chain_or_eligibility,,adult_reference_not_applied,Octopus_reference_not_applied,audit_only_no_fare_estimation
hk_collective_000287,0,pt,pt_fare_chargeability_audit,,,,U,unresolved,generic_pt_leg_missing_actual_mode_line_route_boarding_alighting_transfer_chain,actual_transport_mode;actual_line_id;actual_route_id;actual_direction;boarding_stop_id;alighting_stop_id;transfer_chain,resident,usual_resident_border,home,border,home_hk_collective_000287,border_2,24149.0,False,pt,generic,distance;end_link;start_link;trav_time;type,False,road_94974_0_f,road_112015_0_f,21896.237,00:37:13,,,,,,,,,,,not_modelled_no_serialized_transfer_chain_or_eligibility,,adult_reference_not_applied,Octopus_reference_not_applied,audit_only_no_fare_estimation
hk_collective_000287,1,pt,pt_fare_chargeability_audit,,,,U,unresolved,generic_pt_leg_missing_actual_mode_line_route_boarding_alighting_transfer_chain,actual_transport_mode;actual_line_id;actual_route_id;actual_direction;boarding_stop_id;alighting_stop_id;transfer_chain,resident,usual_resident_border,border,home,border_2,home_hk_collective_000287,63996.0,False,pt,generic,distance;end_link;start_link;trav_time;type,False,road_112015_0_f,road_94974_0_f,22260.263,00:37:26,,,,,,,,,,,not_modelled_no_serialized_transfer_chain_or_eligibility,,adult_reference_not_applied,Octopus_reference_not_applied,audit_only_no_fare_estimation
hk_collective_000288,0,pt,pt_fare_chargeability_audit,,,,U,unresolved,generic_pt_leg_missing_actual_mode_line_route_boarding_alighting_transfer_chain,actual_transport_mode;actual_line_id;actual_route_id;actual_direction;boarding_stop_id;alighting_stop_id;transfer_chain,resident,fixed_worker,home,work,home_hk_collective_000288,work_poi_osm:missing:68581,28265.0,False,pt,generic,distance;end_link;start_link;trav_time;type,False,road_269766_0_f,road_59686_0_f,34383.40600000002,00:54:32,,,,,,,,,,,not_modelled_no_serialized_transfer_chain_or_eligibility,,adult_reference_not_applied,Octopus_reference_not_applied,audit_only_no_fare_estimation
hk_collective_000288,1,pt,pt_fare_chargeability_audit,,,,U,unresolved,generic_pt_leg_missing_actual_mode_line_route_boarding_alighting_transfer_chain,actual_transport_mode;actual_line_id;actual_route_id;actual_direction;boarding_stop_id;alighting_stop_id;transfer_chain,resident,fixed_worker,work,home,work_poi_osm:missing:68581,home_hk_collective_000288,57346.0,False,pt,generic,distance;end_link;start_link;trav_time;type,False,road_59686_0_f,road_269766_0_f,34441.55000000002,00:54:36,,,,,,,,,,,not_modelled_no_serialized_transfer_chain_or_eligibility,,adult_reference_not_applied,Octopus_reference_not_applied,audit_only_no_fare_estimation
hk_collective_000288,2,pt,pt_fare_chargeability_audit,,,,U,unresolved,generic_pt_leg_missing_actual_mode_line_route_boarding_alighting_transfer_chain,actual_transport_mode;actual_line_id;actual_route_id;actual_direction;boarding_stop_id;alighting_stop_id;transfer_chain,resident,fixed_worker,home,shopping,home_hk_collective_000288,resident_shopping_igeocom_553722,64214.0,True,pt,generic,distance;end_link;start_link;trav_time;type,False,road_269766_0_f,road_268463_0_r,19396.35200000001,00:36:41,,,,,,,,,,,not_modelled_no_serialized_transfer_chain_or_eligibility,,adult_reference_not_applied,Octopus_reference_not_applied,audit_only_no_fare_estimation
hk_collective_000288,3,pt,pt_fare_chargeability_audit,,,,U,unresolved,generic_pt_leg_missing_actual_mode_line_route_boarding_alighting_transfer_chain,actual_transport_mode;actual_line_id;actual_route_id;actual_direction;boarding_stop_id;alighting_stop_id;transfer_chain,resident,fixed_worker,shopping,leisure,resident_shopping_igeocom_553722,resident_leisure_igeocom_543275,71114.0,True,pt,generic,distance;end_link;start_link;trav_time;type,False,road_268463_0_r,road_281824_0_r,1069.4740000000002,00:02:56,,,,,,,,,,,not_modelled_no_serialized_transfer_chain_or_eligibility,,adult_reference_not_applied,Octopus_reference_not_applied,audit_only_no_fare_estimation
hk_collective_000288,4,pt,pt_fare_chargeability_audit,,,,U,unresolved,generic_pt_leg_missing_actual_mode_line_route_boarding_alighting_transfer_chain,actual_transport_mode;actual_line_id;actual_route_id;actual_direction;boarding_stop_id;alighting_stop_id;transfer_chain,resident,fixed_worker,leisure,home,resident_leisure_igeocom_543275,home_hk_collective_000288,82514.0,True,pt,generic,distance;end_link;start_link;trav_time;type,False,road_281824_0_r,road_269766_0_f,19282.958,00:35:50,,,,,,,,,,,not_modelled_no_serialized_transfer_chain_or_eligibility,,adult_reference_not_applied,Octopus_reference_not_applied,audit_only_no_fare_estimation
hk_collective_000290,0,pt,pt_fare_chargeability_audit,,,,U,unresolved,generic_pt_leg_missing_actual_mode_line_route_boarding_alighting_transfer_chain,actual_transport_mode;actual_line_id;actual_route_id;actual_direction;boarding_stop_id;alighting_stop_id;transfer_chain,resident,fixed_worker,home,work,home_hk_collective_000290,work_poi_igeocom:21246698,26586.0,False,pt,generic,distance;end_link;start_link;trav_time;type,False,road_118023_0_f,road_94349_0_f,5822.242,00:12:53,,,,,,,,,,,not_modelled_no_serialized_transfer_chain_or_eligibility,,adult_reference_not_applied,Octopus_reference_not_applied,audit_only_no_fare_estimation
hk_collective_000290,1,pt,pt_fare_chargeability_audit,,,,U,unresolved,generic_pt_leg_missing_actual_mode_line_route_boarding_alighting_transfer_chain,actual_transport_mode;actual_line_id;actual_route_id;actual_direction;boarding_stop_id;alighting_stop_id;transfer_chain,resident,fixed_worker,work,home,work_poi_igeocom:21246698,home_hk_collective_000290,63769.0,False,pt,generic,distance;end_link;start_link;trav_time;type,False,road_94349_0_f,road_118023_0_f,6621.140000000001,00:14:50,,,,,,,,,,,not_modelled_no_serialized_transfer_chain_or_eligibility,,adult_reference_not_applied,Octopus_reference_not_applied,audit_only_no_fare_estimation
hk_collective_000291,0,pt,pt_fare_chargeability_audit,,,,U,unresolved,generic_pt_leg_missing_actual_mode_line_route_boarding_alighting_transfer_chain,actual_transport_mode;actual_line_id;actual_route_id;actual_direction;boarding_stop_id;alighting_stop_id;transfer_chain,resident,fixed_worker,home,work,home_hk_collective_000291,work_grid_1146,29817.0,False,pt,generic,distance;end_link;start_link;trav_time;type,False,road_296236_0_f,road_4357_0_r,61082.77300000001,01:52:11,,,,,,,,,,,not_modelled_no_serialized_transfer_chain_or_eligibility,,adult_reference_not_applied,Octopus_reference_not_applied,audit_only_no_fare_estimation
hk_collective_000291,1,pt,pt_fare_chargeability_audit,,,,U,unresolved,generic_pt_leg_missing_actual_mode_line_route_boarding_alighting_transfer_chain,actual_transport_mode;actual_line_id;actual_route_id;actual_direction;boarding_stop_id;alighting_stop_id;transfer_chain,resident,fixed_worker,work,home,work_grid_1146,home_hk_collective_000291,63645.0,False,pt,generic,distance;end_link;start_link;trav_time;type,False,road_4357_0_r,road_296236_0_f,61514.505,02:03:21,,,,,,,,,,,not_modelled_no_serialized_transfer_chain_or_eligibility,,adult_reference_not_applied,Octopus_reference_not_applied,audit_only_no_fare_estimation
hk_collective_000292,0,pt,pt_fare_chargeability_audit,,,,U,unresolved,generic_pt_leg_missing_actual_mode_line_route_boarding_alighting_transfer_chain,actual_transport_mode;actual_line_id;actual_route_id;actual_direction;boarding_stop_id;alighting_stop_id;transfer_chain,resident,fixed_worker,home,work,home_hk_collective_000292,work_poi_osm:missing:65123,30011.0,False,pt,generic,distance;end_link;start_link;trav_time;type,False,road_265044_0_f,road_106612_0_f,38038.274999999965,01:10:13,,,,,,,,,,,not_modelled_no_serialized_transfer_chain_or_eligibility,,adult_reference_not_applied,Octopus_reference_not_applied,audit_only_no_fare_estimation
hk_collective_000292,1,pt,pt_fare_chargeability_audit,,,,U,unresolved,generic_pt_leg_missing_actual_mode_line_route_boarding_alighting_transfer_chain,actual_transport_mode;actual_line_id;actual_route_id;actual_direction;boarding_stop_id;alighting_stop_id;transfer_chain,resident,fixed_worker,work,home,work_poi_osm:missing:65123,home_hk_collective_000292,59024.0,False,pt,generic,distance;end_link;start_link;trav_time;type,False,road_106612_0_f,road_265044_0_f,38137.34000000001,01:10:08,,,,,,,,,,,not_modelled_no_serialized_transfer_chain_or_eligibility,,adult_reference_not_applied,Octopus_reference_not_applied,audit_only_no_fare_estimation
hk_collective_000293,0,pt,pt_fare_chargeability_audit,,,,U,unresolved,generic_pt_leg_missing_actual_mode_line_route_boarding_alighting_transfer_chain,actual_transport_mode;actual_line_id;actual_route_id;actual_direction;boarding_stop_id;alighting_stop_id;transfer_chain,resident,fixed_worker,home,work,home_hk_collective_000293,work_poi_igeocom:21078366,34382.0,False,pt,generic,distance;end_link;start_link;trav_time;type,False,road_7949_0_f,road_560_0_r,50302.67099999997,01:40:17,,,,,,,,,,,not_modelled_no_serialized_transfer_chain_or_eligibility,,adult_reference_not_applied,Octopus_reference_not_applied,audit_only_no_fare_estimation
hk_collective_000293,1,pt,pt_fare_chargeability_audit,,,,U,unresolved,generic_pt_leg_missing_actual_mode_line_route_boarding_alighting_transfer_chain,actual_transport_mode;actual_line_id;actual_route_id;actual_direction;boarding_stop_id;alighting_stop_id;transfer_chain,resident,fixed_worker,work,home,work_poi_igeocom:21078366,home_hk_collective_000293,69876.0,False,pt,generic,distance;end_link;start_link;trav_time;type,False,road_560_0_r,road_7949_0_f,50049.367,01:39:20,,,,,,,,,,,not_modelled_no_serialized_transfer_chain_or_eligibility,,adult_reference_not_applied,Octopus_reference_not_applied,audit_only_no_fare_estimation
hk_collective_000294,0,pt,pt_fare_chargeability_audit,,,,U,unresolved,generic_pt_leg_missing_actual_mode_line_route_boarding_alighting_transfer_chain,actual_transport_mode;actual_line_id;actual_route_id;actual_direction;boarding_stop_id;alighting_stop_id;transfer_chain,resident,fixed_worker,home,work,home_hk_collective_000294,work_grid_1499,30095.0,False,pt,generic,distance;end_link;start_link;trav_time;type,False,road_7949_0_f,road_60486_0_f,72949.356,02:30:21,,,,,,,,,,,not_modelled_no_serialized_transfer_chain_or_eligibility,,adult_reference_not_applied,Octopus_reference_not_applied,audit_only_no_fare_estimation
hk_collective_000294,1,pt,pt_fare_chargeability_audit,,,,U,unresolved,generic_pt_leg_missing_actual_mode_line_route_boarding_alighting_transfer_chain,actual_transport_mode;actual_line_id;actual_route_id;actual_direction;boarding_stop_id;alighting_stop_id;transfer_chain,resident,fixed_worker,work,home,work_grid_1499,home_hk_collective_000294,60184.0,False,pt,generic,distance;end_link;start_link;trav_time;type,False,road_60486_0_f,road_7949_0_f,72186.49899999997,02:28:32,,,,,,,,,,,not_modelled_no_serialized_transfer_chain_or_eligibility,,adult_reference_not_applied,Octopus_reference_not_applied,audit_only_no_fare_estimation
hk_collective_000295,0,pt,pt_fare_chargeability_audit,,,,U,unresolved,generic_pt_leg_missing_actual_mode_line_route_boarding_alighting_transfer_chain,actual_transport_mode;actual_line_id;actual_route_id;actual_direction;boarding_stop_id;alighting_stop_id;transfer_chain,resident,fixed_worker,home,work,home_hk_collective_000295,work_poi_osm:7802996207:32049,35953.0,False,pt,generic,distance;end_link;start_link;trav_time;type,False,road_8181_0_r,road_62212_0_r,76767.68699999999,02:40:45,,,,,,,,,,,not_modelled_no_serialized_transfer_chain_or_eligibility,,adult_reference_not_applied,Octopus_reference_not_applied,audit_only_no_fare_estimation
hk_collective_000295,1,pt,pt_fare_chargeability_audit,,,,U,unresolved,generic_pt_leg_missing_actual_mode_line_route_boarding_alighting_transfer_chain,actual_transport_mode;actual_line_id;actual_route_id;actual_direction;boarding_stop_id;alighting_stop_id;transfer_chain,resident,fixed_worker,work,home,work_poi_osm:7802996207:32049,home_hk_collective_000295,65885.0,False,pt,generic,distance;end_link;start_link;trav_time;type,False,road_62212_0_r,road_8181_0_r,75951.56599999995,02:38:50,,,,,,,,,,,not_modelled_no_serialized_transfer_chain_or_eligibility,,adult_reference_not_applied,Octopus_reference_not_applied,audit_only_no_fare_estimation
hk_collective_000298,0,pt,pt_fare_chargeability_audit,,,,U,unresolved,generic_pt_leg_missing_actual_mode_line_route_boarding_alighting_transfer_chain,actual_transport_mode;actual_line_id;actual_route_id;actual_direction;boarding_stop_id;alighting_stop_id;transfer_chain,resident,work_mobile,home,work_mobile,home_hk_collective_000298,work_mobile_poi_osm:missing:56088,34456.0,False,pt,generic,distance;end_link;start_link;trav_time;type,False,road_279772_0_f,road_164617_0_r,13345.126000000002,00:23:30,,,,,,,,,,,not_modelled_no_serialized_transfer_chain_or_eligibility,,adult_reference_not_applied,Octopus_reference_not_applied,audit_only_no_fare_estimation
hk_collective_000298,1,pt,pt_fare_chargeability_audit,,,,U,unresolved,generic_pt_leg_missing_actual_mode_line_route_boarding_alighting_transfer_chain,actual_transport_mode;actual_line_id;actual_route_id;actual_direction;boarding_stop_id;alighting_stop_id;transfer_chain,resident,work_mobile,work_mobile,home,work_mobile_poi_osm:missing:56088,home_hk_collective_000298,77671.0,False,pt,generic,distance;end_link;start_link;trav_time;type,False,road_164617_0_r,road_279772_0_f,16675.515,00:28:51,,,,,,,,,,,not_modelled_no_serialized_transfer_chain_or_eligibility,,adult_reference_not_applied,Octopus_reference_not_applied,audit_only_no_fare_estimation
hk_collective_000299,0,pt,pt_fare_chargeability_audit,,,,U,unresolved,generic_pt_leg_missing_actual_mode_line_route_boarding_alighting_transfer_chain,actual_transport_mode;actual_line_id;actual_route_id;actual_direction;boarding_stop_id;alighting_stop_id;transfer_chain,resident,fixed_worker,home,work,home_hk_collective_000299,work_poi_igeocom:546834,29565.0,False,pt,generic,distance;end_link;start_link;trav_time;type,False,road_279772_0_f,road_4271_0_f,50919.94700000002,01:27:08,,,,,,,,,,,not_modelled_no_serialized_transfer_chain_or_eligibility,,adult_reference_not_applied,Octopus_reference_not_applied,audit_only_no_fare_estimation
hk_collective_000299,1,pt,pt_fare_chargeability_audit,,,,U,unresolved,generic_pt_leg_missing_actual_mode_line_route_boarding_alighting_transfer_chain,actual_transport_mode;actual_line_id;actual_route_id;actual_direction;boarding_stop_id;alighting_stop_id;transfer_chain,resident,fixed_worker,work,home,work_poi_igeocom:546834,home_hk_collective_000299,64445.0,False,pt,generic,distance;end_link;start_link;trav_time;type,False,road_4271_0_f,road_279772_0_f,44985.975000000006,01:15:23,,,,,,,,,,,not_modelled_no_serialized_transfer_chain_or_eligibility,,adult_reference_not_applied,Octopus_reference_not_applied,audit_only_no_fare_estimation
hk_collective_000300,0,pt,pt_fare_chargeability_audit,,,,U,unresolved,generic_pt_leg_missing_actual_mode_line_route_boarding_alighting_transfer_chain,actual_transport_mode;actual_line_id;actual_route_id;actual_direction;boarding_stop_id;alighting_stop_id;transfer_chain,resident,tertiary_student,home,education_tertiary,home_hk_collective_000300,education_tertiary_poi_igeocom:529729,31322.0,False,pt,generic,distance;end_link;start_link;trav_time;type,False,road_261763_0_f,road_284006_0_f,25664.67600000001,00:40:28,,,,,,,,,,,not_modelled_no_serialized_transfer_chain_or_eligibility,,adult_reference_not_applied,Octopus_reference_not_applied,audit_only_no_fare_estimation
hk_collective_000300,1,pt,pt_fare_chargeability_audit,,,,U,unresolved,generic_pt_leg_missing_actual_mode_line_route_boarding_alighting_transfer_chain,actual_transport_mode;actual_line_id;actual_route_id;actual_direction;boarding_stop_id;alighting_stop_id;transfer_chain,resident,tertiary_student,education_tertiary,home,education_tertiary_poi_igeocom:529729,home_hk_collective_000300,57024.0,False,pt,generic,distance;end_link;start_link;trav_time;type,False,road_284006_0_f,road_261763_0_f,28098.525999999994,00:44:01,,,,,,,,,,,not_modelled_no_serialized_transfer_chain_or_eligibility,,adult_reference_not_applied,Octopus_reference_not_applied,audit_only_no_fare_estimation
hk_collective_000301,0,pt,pt_fare_chargeability_audit,,,,U,unresolved,generic_pt_leg_missing_actual_mode_line_route_boarding_alighting_transfer_chain,actual_transport_mode;actual_line_id;actual_route_id;actual_direction;boarding_stop_id;alighting_stop_id;transfer_chain,resident,fixed_worker,home,work,home_hk_collective_000301,work_poi_osm:4450189381:17512,29381.0,False,pt,generic,distance;end_link;start_link;trav_time;type,False,road_261439_0_f,road_2761_0_f,39839.36999999999,01:05:36,,,,,,,,,,,not_modelled_no_serialized_transfer_chain_or_eligibility,,adult_reference_not_applied,Octopus_reference_not_applied,audit_only_no_fare_estimation
hk_collective_000301,1,pt,pt_fare_chargeability_audit,,,,U,unresolved,generic_pt_leg_missing_actual_mode_line_route_boarding_alighting_transfer_chain,actual_transport_mode;actual_line_id;actual_route_id;actual_direction;boarding_stop_id;alighting_stop_id;transfer_chain,resident,fixed_worker,work,home,work_poi_osm:4450189381:17512,home_hk_collective_000301,54566.0,False,pt,generic,distance;end_link;start_link;trav_time;type,False,road_2761_0_f,road_261439_0_f,37108.875000000015,01:03:12,,,,,,,,,,,not_modelled_no_serialized_transfer_chain_or_eligibility,,adult_reference_not_applied,Octopus_reference_not_applied,audit_only_no_fare_estimation
hk_collective_000302,0,pt,pt_fare_chargeability_audit,,,,U,unresolved,generic_pt_leg_missing_actual_mode_line_route_boarding_alighting_transfer_chain,actual_transport_mode;actual_line_id;actual_route_id;actual_direction;boarding_stop_id;alighting_stop_id;transfer_chain,resident,fixed_worker,home,work,home_hk_collective_000302,work_grid_895,28925.0,False,pt,generic,distance;end_link;start_link;trav_time;type,False,road_94675_0_r,road_270386_0_r,37726.486,01:10:00,,,,,,,,,,,not_modelled_no_serialized_transfer_chain_or_eligibility,,adult_reference_not_applied,Octopus_reference_not_applied,audit_only_no_fare_estimation
hk_collective_000302,1,pt,pt_fare_chargeability_audit,,,,U,unresolved,generic_pt_leg_missing_actual_mode_line_route_boarding_alighting_transfer_chain,actual_transport_mode;actual_line_id;actual_route_id;actual_direction;boarding_stop_id;alighting_stop_id;transfer_chain,resident,fixed_worker,work,home,work_grid_895,home_hk_collective_000302,60659.0,False,pt,generic,distance;end_link;start_link;trav_time;type,False,road_270386_0_r,road_94675_0_r,38787.37699999999,01:12:23,,,,,,,,,,,not_modelled_no_serialized_transfer_chain_or_eligibility,,adult_reference_not_applied,Octopus_reference_not_applied,audit_only_no_fare_estimation
hk_collective_000303,0,pt,pt_fare_chargeability_audit,,,,U,unresolved,generic_pt_leg_missing_actual_mode_line_route_boarding_alighting_transfer_chain,actual_transport_mode;actual_line_id;actual_route_id;actual_direction;boarding_stop_id;alighting_stop_id;transfer_chain,resident,fixed_worker,home,work,home_hk_collective_000303,work_poi_igeocom:535547,29375.0,False,pt,generic,distance;end_link;start_link;trav_time;type,False,road_94671_0_f,road_165283_0_f,34642.76200000002,01:03:30,,,,,,,,,,,not_modelled_no_serialized_transfer_chain_or_eligibility,,adult_reference_not_applied,Octopus_reference_not_applied,audit_only_no_fare_estimation
hk_collective_000303,1,pt,pt_fare_chargeability_audit,,,,U,unresolved,generic_pt_leg_missing_actual_mode_line_route_boarding_alighting_transfer_chain,actual_transport_mode;actual_line_id;actual_route_id;actual_direction;boarding_stop_id;alighting_stop_id;transfer_chain,resident,fixed_worker,work,home,work_poi_igeocom:535547,home_hk_collective_000303,60067.0,False,pt,generic,distance;end_link;start_link;trav_time;type,False,road_165283_0_f,road_94671_0_f,35421.33,01:05:19,,,,,,,,,,,not_modelled_no_serialized_transfer_chain_or_eligibility,,adult_reference_not_applied,Octopus_reference_not_applied,audit_only_no_fare_estimation
hk_collective_000306,0,pt,pt_fare_chargeability_audit,,,,U,unresolved,generic_pt_leg_missing_actual_mode_line_route_boarding_alighting_transfer_chain,actual_transport_mode;actual_line_id;actual_route_id;actual_direction;boarding_stop_id;alighting_stop_id;transfer_chain,resident,fixed_worker,home,work,home_hk_collective_000306,work_poi_osm:6472291409:29026,27482.0,False,pt,generic,distance;end_link;start_link;trav_time;type,False,road_96079_0_f,road_101117_0_f,32320.02299999999,00:56:25,,,,,,,,,,,not_modelled_no_serialized_transfer_chain_or_eligibility,,adult_reference_not_applied,Octopus_reference_not_applied,audit_only_no_fare_estimation
hk_collective_000306,1,pt,pt_fare_chargeability_audit,,,,U,unresolved,generic_pt_leg_missing_actual_mode_line_route_boarding_alighting_transfer_chain,actual_transport_mode;actual_line_id;actual_route_id;actual_direction;boarding_stop_id;alighting_stop_id;transfer_chain,resident,fixed_worker,work,home,work_poi_osm:6472291409:29026,home_hk_collective_000306,53008.0,False,pt,generic,distance;end_link;start_link;trav_time;type,False,road_101117_0_f,road_96079_0_f,31975.885,00:55:16,,,,,,,,,,,not_modelled_no_serialized_transfer_chain_or_eligibility,,adult_reference_not_applied,Octopus_reference_not_applied,audit_only_no_fare_estimation
hk_collective_000306,2,pt,pt_fare_chargeability_audit,,,,U,unresolved,generic_pt_leg_missing_actual_mode_line_route_boarding_alighting_transfer_chain,actual_transport_mode;actual_line_id;actual_route_id;actual_direction;boarding_stop_id;alighting_stop_id;transfer_chain,resident,fixed_worker,home,shopping,home_hk_collective_000306,resident_shopping_osm_11083054293_39416,64334.0,True,pt,generic,distance;end_link;start_link;trav_time;type,False,road_96079_0_f,road_95723_0_f,10851.717,00:22:32,,,,,,,,,,,not_modelled_no_serialized_transfer_chain_or_eligibility,,adult_reference_not_applied,Octopus_reference_not_applied,audit_only_no_fare_estimation
hk_collective_000306,3,pt,pt_fare_chargeability_audit,,,,U,unresolved,generic_pt_leg_missing_actual_mode_line_route_boarding_alighting_transfer_chain,actual_transport_mode;actual_line_id;actual_route_id;actual_direction;boarding_stop_id;alighting_stop_id;transfer_chain,resident,fixed_worker,shopping,home,resident_shopping_osm_11083054293_39416,home_hk_collective_000306,71234.0,True,pt,generic,distance;end_link;start_link;trav_time;type,False,road_95723_0_f,road_96079_0_f,11173.173000000004,00:21:30,,,,,,,,,,,not_modelled_no_serialized_transfer_chain_or_eligibility,,adult_reference_not_applied,Octopus_reference_not_applied,audit_only_no_fare_estimation
hk_collective_000307,0,pt,pt_fare_chargeability_audit,,,,U,unresolved,generic_pt_leg_missing_actual_mode_line_route_boarding_alighting_transfer_chain,actual_transport_mode;actual_line_id;actual_route_id;actual_direction;boarding_stop_id;alighting_stop_id;transfer_chain,resident,fixed_worker,home,work,home_hk_collective_000307,work_poi_igeocom:543954,32468.0,False,pt,generic,distance;end_link;start_link;trav_time;type,False,road_261439_0_f,road_103841_0_f,32791.85100000001,00:56:06,,,,,,,,,,,not_modelled_no_serialized_transfer_chain_or_eligibility,,adult_reference_not_applied,Octopus_reference_not_applied,audit_only_no_fare_estimation
hk_collective_000307,1,pt,pt_fare_chargeability_audit,,,,U,unresolved,generic_pt_leg_missing_actual_mode_line_route_boarding_alighting_transfer_chain,actual_transport_mode;actual_line_id;actual_route_id;actual_direction;boarding_stop_id;alighting_stop_id;transfer_chain,resident,fixed_worker,work,home,work_poi_igeocom:543954,home_hk_collective_000307,71667.0,False,pt,generic,distance;end_link;start_link;trav_time;type,False,road_103841_0_f,road_261439_0_f,29039.849,00:51:32,,,,,,,,,,,not_modelled_no_serialized_transfer_chain_or_eligibility,,adult_reference_not_applied,Octopus_reference_not_applied,audit_only_no_fare_estimation
hk_collective_000309,0,pt,pt_fare_chargeability_audit,,,,U,unresolved,generic_pt_leg_missing_actual_mode_line_route_boarding_alighting_transfer_chain,actual_transport_mode;actual_line_id;actual_route_id;actual_direction;boarding_stop_id;alighting_stop_id;transfer_chain,resident,fixed_worker,home,work,home_hk_collective_000309,work_poi_osm:12382452762:44390,27261.0,False,pt,generic,distance;end_link;start_link;trav_time;type,False,road_164265_0_f,road_4540_0_f,40106.477000000006,01:03:25,,,,,,,,,,,not_modelled_no_serialized_transfer_chain_or_eligibility,,adult_reference_not_applied,Octopus_reference_not_applied,audit_only_no_fare_estimation
hk_collective_000309,1,pt,pt_fare_chargeability_audit,,,,U,unresolved,generic_pt_leg_missing_actual_mode_line_route_boarding_alighting_transfer_chain,actual_transport_mode;actual_line_id;actual_route_id;actual_direction;boarding_stop_id;alighting_stop_id;transfer_chain,resident,fixed_worker,work,home,work_poi_osm:12382452762:44390,home_hk_collective_000309,63017.0,False,pt,generic,distance;end_link;start_link;trav_time;type,False,road_4540_0_f,road_164265_0_f,37912.44199999999,01:01:11,,,,,,,,,,,not_modelled_no_serialized_transfer_chain_or_eligibility,,adult_reference_not_applied,Octopus_reference_not_applied,audit_only_no_fare_estimation
hk_collective_000310,0,pt,pt_fare_chargeability_audit,,,,U,unresolved,generic_pt_leg_missing_actual_mode_line_route_boarding_alighting_transfer_chain,actual_transport_mode;actual_line_id;actual_route_id;actual_direction;boarding_stop_id;alighting_stop_id;transfer_chain,resident,fixed_worker,home,work,home_hk_collective_000310,work_grid_895,24879.0,False,pt,generic,distance;end_link;start_link;trav_time;type,False,road_94838_0_f,road_270386_0_r,35625.979,01:04:50,,,,,,,,,,,not_modelled_no_serialized_transfer_chain_or_eligibility,,adult_reference_not_applied,Octopus_reference_not_applied,audit_only_no_fare_estimation
hk_collective_000310,1,pt,pt_fare_chargeability_audit,,,,U,unresolved,generic_pt_leg_missing_actual_mode_line_route_boarding_alighting_transfer_chain,actual_transport_mode;actual_line_id;actual_route_id;actual_direction;boarding_stop_id;alighting_stop_id;transfer_chain,resident,fixed_worker,work,home,work_grid_895,home_hk_collective_000310,62202.0,False,pt,generic,distance;end_link;start_link;trav_time;type,False,road_270386_0_r,road_94838_0_f,36007.329999999994,01:05:17,,,,,,,,,,,not_modelled_no_serialized_transfer_chain_or_eligibility,,adult_reference_not_applied,Octopus_reference_not_applied,audit_only_no_fare_estimation
hk_collective_000312,0,pt,pt_fare_chargeability_audit,,,,U,unresolved,generic_pt_leg_missing_actual_mode_line_route_boarding_alighting_transfer_chain,actual_transport_mode;actual_line_id;actual_route_id;actual_direction;boarding_stop_id;alighting_stop_id;transfer_chain,resident,work_mobile,home,work_mobile,home_hk_collective_000312,work_mobile_poi_igeocom:539965,24222.0,False,pt,generic,distance;end_link;start_link;trav_time;type,False,road_94875_0_f,road_96482_0_f,6361.871,00:13:03,,,,,,,,,,,not_modelled_no_serialized_transfer_chain_or_eligibility,,adult_reference_not_applied,Octopus_reference_not_applied,audit_only_no_fare_estimation
hk_collective_000312,1,pt,pt_fare_chargeability_audit,,,,U,unresolved,generic_pt_leg_missing_actual_mode_line_route_boarding_alighting_transfer_chain,actual_transport_mode;actual_line_id;actual_route_id;actual_direction;boarding_stop_id;alighting_stop_id;transfer_chain,resident,work_mobile,work_mobile,home,work_mobile_poi_igeocom:539965,home_hk_collective_000312,63552.0,False,pt,generic,distance;end_link;start_link;trav_time;type,False,road_96482_0_f,road_94875_0_f,6340.045999999999,00:12:35,,,,,,,,,,,not_modelled_no_serialized_transfer_chain_or_eligibility,,adult_reference_not_applied,Octopus_reference_not_applied,audit_only_no_fare_estimation
hk_collective_000313,0,pt,pt_fare_chargeability_audit,,,,U,unresolved,generic_pt_leg_missing_actual_mode_line_route_boarding_alighting_transfer_chain,actual_transport_mode;actual_line_id;actual_route_id;actual_direction;boarding_stop_id;alighting_stop_id;transfer_chain,resident,work_mobile,home,work_mobile,home_hk_collective_000313,work_mobile_poi_osm:missing:76527,25769.0,False,pt,generic,distance;end_link;start_link;trav_time;type,False,road_94838_0_f,road_59465_0_r,28122.307,00:43:25,,,,,,,,,,,not_modelled_no_serialized_transfer_chain_or_eligibility,,adult_reference_not_applied,Octopus_reference_not_applied,audit_only_no_fare_estimation
hk_collective_000313,1,pt,pt_fare_chargeability_audit,,,,U,unresolved,generic_pt_leg_missing_actual_mode_line_route_boarding_alighting_transfer_chain,actual_transport_mode;actual_line_id;actual_route_id;actual_direction;boarding_stop_id;alighting_stop_id;transfer_chain,resident,work_mobile,work_mobile,home,work_mobile_poi_osm:missing:76527,home_hk_collective_000313,57737.0,False,pt,generic,distance;end_link;start_link;trav_time;type,False,road_59465_0_r,road_94838_0_f,28675.368999999995,00:43:17,,,,,,,,,,,not_modelled_no_serialized_transfer_chain_or_eligibility,,adult_reference_not_applied,Octopus_reference_not_applied,audit_only_no_fare_estimation
hk_collective_000315,0,pt,pt_fare_chargeability_audit,,,,U,unresolved,generic_pt_leg_missing_actual_mode_line_route_boarding_alighting_transfer_chain,actual_transport_mode;actual_line_id;actual_route_id;actual_direction;boarding_stop_id;alighting_stop_id;transfer_chain,resident,tertiary_student,home,education_tertiary,home_hk_collective_000315,education_tertiary_poi_igeocom:21129976,29023.0,False,pt,generic,distance;end_link;start_link;trav_time;type,False,road_96364_0_f,road_96552_0_f,17667.286000000004,00:31:27,,,,,,,,,,,not_modelled_no_serialized_transfer_chain_or_eligibility,,adult_reference_not_applied,Octopus_reference_not_applied,audit_only_no_fare_estimation
hk_collective_000315,1,pt,pt_fare_chargeability_audit,,,,U,unresolved,generic_pt_leg_missing_actual_mode_line_route_boarding_alighting_transfer_chain,actual_transport_mode;actual_line_id;actual_route_id;actual_direction;boarding_stop_id;alighting_stop_id;transfer_chain,resident,tertiary_student,education_tertiary,home,education_tertiary_poi_igeocom:21129976,home_hk_collective_000315,65885.0,False,pt,generic,distance;end_link;start_link;trav_time;type,False,road_96552_0_f,road_96364_0_f,17034.659,00:30:37,,,,,,,,,,,not_modelled_no_serialized_transfer_chain_or_eligibility,,adult_reference_not_applied,Octopus_reference_not_applied,audit_only_no_fare_estimation
hk_collective_000316,0,pt,pt_fare_chargeability_audit,,,,U,unresolved,generic_pt_leg_missing_actual_mode_line_route_boarding_alighting_transfer_chain,actual_transport_mode;actual_line_id;actual_route_id;actual_direction;boarding_stop_id;alighting_stop_id;transfer_chain,resident,fixed_worker,home,work,home_hk_collective_000316,work_poi_igeocom:21248051,30452.0,False,pt,generic,distance;end_link;start_link;trav_time;type,False,road_97061_0_f,road_116754_0_r,9833.729,00:19:49,,,,,,,,,,,not_modelled_no_serialized_transfer_chain_or_eligibility,,adult_reference_not_applied,Octopus_reference_not_applied,audit_only_no_fare_estimation
hk_collective_000316,1,pt,pt_fare_chargeability_audit,,,,U,unresolved,generic_pt_leg_missing_actual_mode_line_route_boarding_alighting_transfer_chain,actual_transport_mode;actual_line_id;actual_route_id;actual_direction;boarding_stop_id;alighting_stop_id;transfer_chain,resident,fixed_worker,work,home,work_poi_igeocom:21248051,home_hk_collective_000316,67870.0,False,pt,generic,distance;end_link;start_link;trav_time;type,False,road_116754_0_r,road_97061_0_f,10392.985,00:19:07,,,,,,,,,,,not_modelled_no_serialized_transfer_chain_or_eligibility,,adult_reference_not_applied,Octopus_reference_not_applied,audit_only_no_fare_estimation
hk_collective_000319,0,pt,pt_fare_chargeability_audit,,,,U,unresolved,generic_pt_leg_missing_actual_mode_line_route_boarding_alighting_transfer_chain,actual_transport_mode;actual_line_id;actual_route_id;actual_direction;boarding_stop_id;alighting_stop_id;transfer_chain,resident,tertiary_student,home,education_tertiary,home_hk_collective_000319,education_tertiary_poi_igeocom:549198,28470.0,False,pt,generic,distance;end_link;start_link;trav_time;type,False,road_96086_0_r,road_8097_0_f,19371.127999999997,00:32:53,,,,,,,,,,,not_modelled_no_serialized_transfer_chain_or_eligibility,,adult_reference_not_applied,Octopus_reference_not_applied,audit_only_no_fare_estimation
hk_collective_000319,1,pt,pt_fare_chargeability_audit,,,,U,unresolved,generic_pt_leg_missing_actual_mode_line_route_boarding_alighting_transfer_chain,actual_transport_mode;actual_line_id;actual_route_id;actual_direction;boarding_stop_id;alighting_stop_id;transfer_chain,resident,tertiary_student,education_tertiary,home,education_tertiary_poi_igeocom:549198,home_hk_collective_000319,64730.0,False,pt,generic,distance;end_link;start_link;trav_time;type,False,road_8097_0_f,road_96086_0_r,19432.424000000006,00:33:48,,,,,,,,,,,not_modelled_no_serialized_transfer_chain_or_eligibility,,adult_reference_not_applied,Octopus_reference_not_applied,audit_only_no_fare_estimation
hk_collective_000321,0,pt,pt_fare_chargeability_audit,,,,U,unresolved,generic_pt_leg_missing_actual_mode_line_route_boarding_alighting_transfer_chain,actual_transport_mode;actual_line_id;actual_route_id;actual_direction;boarding_stop_id;alighting_stop_id;transfer_chain,resident,fixed_worker,home,work,home_hk_collective_000321,work_poi_igeocom:545256,32209.0,False,pt,generic,distance;end_link;start_link;trav_time;type,False,road_94522_0_f,road_165043_0_r,7535.91,00:17:04,,,,,,,,,,,not_modelled_no_serialized_transfer_chain_or_eligibility,,adult_reference_not_applied,Octopus_reference_not_applied,audit_only_no_fare_estimation
hk_collective_000321,1,pt,pt_fare_chargeability_audit,,,,U,unresolved,generic_pt_leg_missing_actual_mode_line_route_boarding_alighting_transfer_chain,actual_transport_mode;actual_line_id;actual_route_id;actual_direction;boarding_stop_id;alighting_stop_id;transfer_chain,resident,fixed_worker,work,home,work_poi_igeocom:545256,home_hk_collective_000321,70353.0,False,pt,generic,distance;end_link;start_link;trav_time;type,False,road_165043_0_r,road_94522_0_f,7214.344999999998,00:16:17,,,,,,,,,,,not_modelled_no_serialized_transfer_chain_or_eligibility,,adult_reference_not_applied,Octopus_reference_not_applied,audit_only_no_fare_estimation
hk_collective_000322,0,pt,pt_fare_chargeability_audit,,,,U,unresolved,generic_pt_leg_missing_actual_mode_line_route_boarding_alighting_transfer_chain,actual_transport_mode;actual_line_id;actual_route_id;actual_direction;boarding_stop_id;alighting_stop_id;transfer_chain,resident,fixed_worker,home,work,home_hk_collective_000322,work_poi_igeocom:21247647,29480.0,False,pt,generic,distance;end_link;start_link;trav_time;type,False,road_96362_0_f,road_7757_0_r,21853.349,00:37:55,,,,,,,,,,,not_modelled_no_serialized_transfer_chain_or_eligibility,,adult_reference_not_applied,Octopus_reference_not_applied,audit_only_no_fare_estimation
hk_collective_000322,1,pt,pt_fare_chargeability_audit,,,,U,unresolved,generic_pt_leg_missing_actual_mode_line_route_boarding_alighting_transfer_chain,actual_transport_mode;actual_line_id;actual_route_id;actual_direction;boarding_stop_id;alighting_stop_id;transfer_chain,resident,fixed_worker,work,home,work_poi_igeocom:21247647,home_hk_collective_000322,61376.0,False,pt,generic,distance;end_link;start_link;trav_time;type,False,road_7757_0_r,road_96362_0_f,22119.053000000007,00:39:12,,,,,,,,,,,not_modelled_no_serialized_transfer_chain_or_eligibility,,adult_reference_not_applied,Octopus_reference_not_applied,audit_only_no_fare_estimation
hk_collective_000323,0,pt,pt_fare_chargeability_audit,,,,U,unresolved,generic_pt_leg_missing_actual_mode_line_route_boarding_alighting_transfer_chain,actual_transport_mode;actual_line_id;actual_route_id;actual_direction;boarding_stop_id;alighting_stop_id;transfer_chain,resident,fixed_worker,home,work,home_hk_collective_000323,work_poi_osm:12914003312:46067,26152.0,False,pt,generic,distance;end_link;start_link;trav_time;type,False,road_96967_0_f,road_4796_0_f,35001.168999999994,00:58:03,,,,,,,,,,,not_modelled_no_serialized_transfer_chain_or_eligibility,,adult_reference_not_applied,Octopus_reference_not_applied,audit_only_no_fare_estimation
hk_collective_000323,1,pt,pt_fare_chargeability_audit,,,,U,unresolved,generic_pt_leg_missing_actual_mode_line_route_boarding_alighting_transfer_chain,actual_transport_mode;actual_line_id;actual_route_id;actual_direction;boarding_stop_id;alighting_stop_id;transfer_chain,resident,fixed_worker,work,home,work_poi_osm:12914003312:46067,home_hk_collective_000323,54040.0,False,pt,generic,distance;end_link;start_link;trav_time;type,False,road_4796_0_f,road_96967_0_f,37757.411,01:03:37,,,,,,,,,,,not_modelled_no_serialized_transfer_chain_or_eligibility,,adult_reference_not_applied,Octopus_reference_not_applied,audit_only_no_fare_estimation
hk_collective_000324,0,pt,pt_fare_chargeability_audit,,,,U,unresolved,generic_pt_leg_missing_actual_mode_line_route_boarding_alighting_transfer_chain,actual_transport_mode;actual_line_id;actual_route_id;actual_direction;boarding_stop_id;alighting_stop_id;transfer_chain,resident,day_school_student,home,school_kindergarten,home_hk_collective_000324,school_2281,24881.0,False,pt,generic,distance;end_link;start_link;trav_time;type,False,road_94522_0_f,road_116057_0_f,2168.627,00:05:12,,,,,,,,,,,not_modelled_no_serialized_transfer_chain_or_eligibility,,adult_reference_not_applied,Octopus_reference_not_applied,audit_only_no_fare_estimation
hk_collective_000324,1,pt,pt_fare_chargeability_audit,,,,U,unresolved,generic_pt_leg_missing_actual_mode_line_route_boarding_alighting_transfer_chain,actual_transport_mode;actual_line_id;actual_route_id;actual_direction;boarding_stop_id;alighting_stop_id;transfer_chain,resident,day_school_student,school_kindergarten,home,school_2281,home_hk_collective_000324,45506.0,False,pt,generic,distance;end_link;start_link;trav_time;type,False,road_116057_0_f,road_94522_0_f,2336.197,00:05:35,,,,,,,,,,,not_modelled_no_serialized_transfer_chain_or_eligibility,,adult_reference_not_applied,Octopus_reference_not_applied,audit_only_no_fare_estimation
hk_collective_000326,0,pt,pt_fare_chargeability_audit,,,,U,unresolved,generic_pt_leg_missing_actual_mode_line_route_boarding_alighting_transfer_chain,actual_transport_mode;actual_line_id;actual_route_id;actual_direction;boarding_stop_id;alighting_stop_id;transfer_chain,resident,fixed_worker,home,work,home_hk_collective_000326,work_poi_igeocom:540039,31118.0,False,pt,generic,distance;end_link;start_link;trav_time;type,False,road_272623_0_r,road_3506_0_f,38192.994000000006,01:01:34,,,,,,,,,,,not_modelled_no_serialized_transfer_chain_or_eligibility,,adult_reference_not_applied,Octopus_reference_not_applied,audit_only_no_fare_estimation
hk_collective_000326,1,pt,pt_fare_chargeability_audit,,,,U,unresolved,generic_pt_leg_missing_actual_mode_line_route_boarding_alighting_transfer_chain,actual_transport_mode;actual_line_id;actual_route_id;actual_direction;boarding_stop_id;alighting_stop_id;transfer_chain,resident,fixed_worker,work,home,work_poi_igeocom:540039,home_hk_collective_000326,63659.0,False,pt,generic,distance;end_link;start_link;trav_time;type,False,road_3506_0_f,road_272623_0_r,38407.44599999999,01:02:15,,,,,,,,,,,not_modelled_no_serialized_transfer_chain_or_eligibility,,adult_reference_not_applied,Octopus_reference_not_applied,audit_only_no_fare_estimation
hk_collective_000326,2,pt,pt_fare_chargeability_audit,,,,U,unresolved,generic_pt_leg_missing_actual_mode_line_route_boarding_alighting_transfer_chain,actual_transport_mode;actual_line_id;actual_route_id;actual_direction;boarding_stop_id;alighting_stop_id;transfer_chain,resident,fixed_worker,home,dining,home_hk_collective_000326,resident_dining_osm_4851056503_20766,68993.0,True,pt,generic,distance;end_link;start_link;trav_time;type,False,road_272623_0_r,road_97080_0_f,2472.583,00:05:55,,,,,,,,,,,not_modelled_no_serialized_transfer_chain_or_eligibility,,adult_reference_not_applied,Octopus_reference_not_applied,audit_only_no_fare_estimation
hk_collective_000326,3,pt,pt_fare_chargeability_audit,,,,U,unresolved,generic_pt_leg_missing_actual_mode_line_route_boarding_alighting_transfer_chain,actual_transport_mode;actual_line_id;actual_route_id;actual_direction;boarding_stop_id;alighting_stop_id;transfer_chain,resident,fixed_worker,dining,shopping,resident_dining_osm_4851056503_20766,resident_shopping_igeocom_563362,75593.0,True,pt,generic,distance;end_link;start_link;trav_time;type,False,road_97080_0_f,road_260269_0_r,1005.7199999999998,00:02:24,,,,,,,,,,,not_modelled_no_serialized_transfer_chain_or_eligibility,,adult_reference_not_applied,Octopus_reference_not_applied,audit_only_no_fare_estimation
hk_collective_000326,4,pt,pt_fare_chargeability_audit,,,,U,unresolved,generic_pt_leg_missing_actual_mode_line_route_boarding_alighting_transfer_chain,actual_transport_mode;actual_line_id;actual_route_id;actual_direction;boarding_stop_id;alighting_stop_id;transfer_chain,resident,fixed_worker,shopping,home,resident_shopping_igeocom_563362,home_hk_collective_000326,82493.0,True,pt,generic,distance;end_link;start_link;trav_time;type,False,road_260269_0_r,road_272623_0_r,1436.748,00:03:25,,,,,,,,,,,not_modelled_no_serialized_transfer_chain_or_eligibility,,adult_reference_not_applied,Octopus_reference_not_applied,audit_only_no_fare_estimation
hk_collective_000327,0,pt,pt_fare_chargeability_audit,,,,U,unresolved,generic_pt_leg_missing_actual_mode_line_route_boarding_alighting_transfer_chain,actual_transport_mode;actual_line_id;actual_route_id;actual_direction;boarding_stop_id;alighting_stop_id;transfer_chain,resident,fixed_worker,home,work,home_hk_collective_000327,work_poi_igeocom:554076,28410.0,False,pt,generic,distance;end_link;start_link;trav_time;type,False,road_94567_0_r,road_62559_0_f,39033.91600000003,01:08:50,,,,,,,,,,,not_modelled_no_serialized_transfer_chain_or_eligibility,,adult_reference_not_applied,Octopus_reference_not_applied,audit_only_no_fare_estimation
hk_collective_000327,1,pt,pt_fare_chargeability_audit,,,,U,unresolved,generic_pt_leg_missing_actual_mode_line_route_boarding_alighting_transfer_chain,actual_transport_mode;actual_line_id;actual_route_id;actual_direction;boarding_stop_id;alighting_stop_id;transfer_chain,resident,fixed_worker,work,home,work_poi_igeocom:554076,home_hk_collective_000327,60700.0,False,pt,generic,distance;end_link;start_link;trav_time;type,False,road_62559_0_f,road_94567_0_r,39558.02699999998,01:07:21,,,,,,,,,,,not_modelled_no_serialized_transfer_chain_or_eligibility,,adult_reference_not_applied,Octopus_reference_not_applied,audit_only_no_fare_estimation
hk_collective_000328,0,pt,pt_fare_chargeability_audit,,,,U,unresolved,generic_pt_leg_missing_actual_mode_line_route_boarding_alighting_transfer_chain,actual_transport_mode;actual_line_id;actual_route_id;actual_direction;boarding_stop_id;alighting_stop_id;transfer_chain,resident,fixed_worker,home,work,home_hk_collective_000328,work_poi_igeocom:558493,33481.0,False,pt,generic,distance;end_link;start_link;trav_time;type,False,road_93958_0_r,road_274103_0_f,13718.136000000004,00:24:18,,,,,,,,,,,not_modelled_no_serialized_transfer_chain_or_eligibility,,adult_reference_not_applied,Octopus_reference_not_applied,audit_only_no_fare_estimation
hk_collective_000328,1,pt,pt_fare_chargeability_audit,,,,U,unresolved,generic_pt_leg_missing_actual_mode_line_route_boarding_alighting_transfer_chain,actual_transport_mode;actual_line_id;actual_route_id;actual_direction;boarding_stop_id;alighting_stop_id;transfer_chain,resident,fixed_worker,work,home,work_poi_igeocom:558493,home_hk_collective_000328,61383.0,False,pt,generic,distance;end_link;start_link;trav_time;type,False,road_274103_0_f,road_93958_0_r,13539.484000000004,00:23:06,,,,,,,,,,,not_modelled_no_serialized_transfer_chain_or_eligibility,,adult_reference_not_applied,Octopus_reference_not_applied,audit_only_no_fare_estimation
hk_collective_000329,0,pt,pt_fare_chargeability_audit,,,,U,unresolved,generic_pt_leg_missing_actual_mode_line_route_boarding_alighting_transfer_chain,actual_transport_mode;actual_line_id;actual_route_id;actual_direction;boarding_stop_id;alighting_stop_id;transfer_chain,resident,usual_resident_border,home,border,home_hk_collective_000329,border_8,21375.0,False,pt,generic,distance;end_link;start_link;trav_time;type,False,road_95295_0_f,road_276904_0_f,14231.373000000003,00:22:23,,,,,,,,,,,not_modelled_no_serialized_transfer_chain_or_eligibility,,adult_reference_not_applied,Octopus_reference_not_applied,audit_only_no_fare_estimation
hk_collective_000329,1,pt,pt_fare_chargeability_audit,,,,U,unresolved,generic_pt_leg_missing_actual_mode_line_route_boarding_alighting_transfer_chain,actual_transport_mode;actual_line_id;actual_route_id;actual_direction;boarding_stop_id;alighting_stop_id;transfer_chain,resident,usual_resident_border,border,home,border_8,home_hk_collective_000329,61763.0,False,pt,generic,distance;end_link;start_link;trav_time;type,False,road_276904_0_f,road_95295_0_f,14369.666,00:22:52,,,,,,,,,,,not_modelled_no_serialized_transfer_chain_or_eligibility,,adult_reference_not_applied,Octopus_reference_not_applied,audit_only_no_fare_estimation
hk_collective_000330,0,pt,pt_fare_chargeability_audit,,,,U,unresolved,generic_pt_leg_missing_actual_mode_line_route_boarding_alighting_transfer_chain,actual_transport_mode;actual_line_id;actual_route_id;actual_direction;boarding_stop_id;alighting_stop_id;transfer_chain,resident,home_only,home,leisure,home_hk_collective_000330,resident_leisure_osm_missing_60805,56271.0,True,pt,generic,distance;end_link;start_link;trav_time;type,False,road_94892_0_r,road_94902_0_f,1191.438,00:02:50,,,,,,,,,,,not_modelled_no_serialized_transfer_chain_or_eligibility,,adult_reference_not_applied,Octopus_reference_not_applied,audit_only_no_fare_estimation
hk_collective_000330,1,pt,pt_fare_chargeability_audit,,,,U,unresolved,generic_pt_leg_missing_actual_mode_line_route_boarding_alighting_transfer_chain,actual_transport_mode;actual_line_id;actual_route_id;actual_direction;boarding_stop_id;alighting_stop_id;transfer_chain,resident,home_only,leisure,home,resident_leisure_osm_missing_60805,home_hk_collective_000330,67671.0,True,pt,generic,distance;end_link;start_link;trav_time;type,False,road_94902_0_f,road_94892_0_r,1380.8180000000004,00:03:18,,,,,,,,,,,not_modelled_no_serialized_transfer_chain_or_eligibility,,adult_reference_not_applied,Octopus_reference_not_applied,audit_only_no_fare_estimation
hk_collective_000331,0,pt,pt_fare_chargeability_audit,,,,U,unresolved,generic_pt_leg_missing_actual_mode_line_route_boarding_alighting_transfer_chain,actual_transport_mode;actual_line_id;actual_route_id;actual_direction;boarding_stop_id;alighting_stop_id;transfer_chain,resident,fixed_worker,home,work,home_hk_collective_000331,work_poi_igeocom:21142771,27069.0,False,pt,generic,distance;end_link;start_link;trav_time;type,False,road_94892_0_r,road_105518_0_f,28130.415000000005,00:44:53,,,,,,,,,,,not_modelled_no_serialized_transfer_chain_or_eligibility,,adult_reference_not_applied,Octopus_reference_not_applied,audit_only_no_fare_estimation
hk_collective_000331,1,pt,pt_fare_chargeability_audit,,,,U,unresolved,generic_pt_leg_missing_actual_mode_line_route_boarding_alighting_transfer_chain,actual_transport_mode;actual_line_id;actual_route_id;actual_direction;boarding_stop_id;alighting_stop_id;transfer_chain,resident,fixed_worker,work,home,work_poi_igeocom:21142771,home_hk_collective_000331,66813.0,False,pt,generic,distance;end_link;start_link;trav_time;type,False,road_105518_0_f,road_94892_0_r,28973.585999999992,00:46:32,,,,,,,,,,,not_modelled_no_serialized_transfer_chain_or_eligibility,,adult_reference_not_applied,Octopus_reference_not_applied,audit_only_no_fare_estimation
hk_collective_000333,0,pt,pt_fare_chargeability_audit,,,,U,unresolved,generic_pt_leg_missing_actual_mode_line_route_boarding_alighting_transfer_chain,actual_transport_mode;actual_line_id;actual_route_id;actual_direction;boarding_stop_id;alighting_stop_id;transfer_chain,resident,fixed_worker,home,work,home_hk_collective_000333,work_poi_osm:1224531088:1792,32772.0,False,pt,generic,distance;end_link;start_link;trav_time;type,False,road_93958_0_r,road_102150_0_r,31264.331,00:52:24,,,,,,,,,,,not_modelled_no_serialized_transfer_chain_or_eligibility,,adult_reference_not_applied,Octopus_reference_not_applied,audit_only_no_fare_estimation
hk_collective_000333,1,pt,pt_fare_chargeability_audit,,,,U,unresolved,generic_pt_leg_missing_actual_mode_line_route_boarding_alighting_transfer_chain,actual_transport_mode;actual_line_id;actual_route_id;actual_direction;boarding_stop_id;alighting_stop_id;transfer_chain,resident,fixed_worker,work,home,work_poi_osm:1224531088:1792,home_hk_collective_000333,63985.0,False,pt,generic,distance;end_link;start_link;trav_time;type,False,road_102150_0_r,road_93958_0_r,31277.124,00:52:12,,,,,,,,,,,not_modelled_no_serialized_transfer_chain_or_eligibility,,adult_reference_not_applied,Octopus_reference_not_applied,audit_only_no_fare_estimation
hk_collective_000334,0,pt,pt_fare_chargeability_audit,,,,U,unresolved,generic_pt_leg_missing_actual_mode_line_route_boarding_alighting_transfer_chain,actual_transport_mode;actual_line_id;actual_route_id;actual_direction;boarding_stop_id;alighting_stop_id;transfer_chain,resident,fixed_worker,home,work,home_hk_collective_000334,work_poi_igeocom:541729,26960.0,False,pt,generic,distance;end_link;start_link;trav_time;type,False,road_93958_0_r,road_94775_0_f,11053.207,00:22:37,,,,,,,,,,,not_modelled_no_serialized_transfer_chain_or_eligibility,,adult_reference_not_applied,Octopus_reference_not_applied,audit_only_no_fare_estimation
hk_collective_000334,1,pt,pt_fare_chargeability_audit,,,,U,unresolved,generic_pt_leg_missing_actual_mode_line_route_boarding_alighting_transfer_chain,actual_transport_mode;actual_line_id;actual_route_id;actual_direction;boarding_stop_id;alighting_stop_id;transfer_chain,resident,fixed_worker,work,home,work_poi_igeocom:541729,home_hk_collective_000334,70401.0,False,pt,generic,distance;end_link;start_link;trav_time;type,False,road_94775_0_f,road_93958_0_r,9026.588,00:17:28,,,,,,,,,,,not_modelled_no_serialized_transfer_chain_or_eligibility,,adult_reference_not_applied,Octopus_reference_not_applied,audit_only_no_fare_estimation
hk_collective_000335,0,pt,pt_fare_chargeability_audit,,,,U,unresolved,generic_pt_leg_missing_actual_mode_line_route_boarding_alighting_transfer_chain,actual_transport_mode;actual_line_id;actual_route_id;actual_direction;boarding_stop_id;alighting_stop_id;transfer_chain,resident,fixed_worker,home,work,home_hk_collective_000335,work_poi_igeocom:546834,30179.0,False,pt,generic,distance;end_link;start_link;trav_time;type,False,road_94523_0_r,road_4271_0_f,54033.40200000002,01:36:42,,,,,,,,,,,not_modelled_no_serialized_transfer_chain_or_eligibility,,adult_reference_not_applied,Octopus_reference_not_applied,audit_only_no_fare_estimation
hk_collective_000335,1,pt,pt_fare_chargeability_audit,,,,U,unresolved,generic_pt_leg_missing_actual_mode_line_route_boarding_alighting_transfer_chain,actual_transport_mode;actual_line_id;actual_route_id;actual_direction;boarding_stop_id;alighting_stop_id;transfer_chain,resident,fixed_worker,work,home,work_poi_igeocom:546834,home_hk_collective_000335,61461.0,False,pt,generic,distance;end_link;start_link;trav_time;type,False,road_4271_0_f,road_94523_0_r,50625.124,01:28:52,,,,,,,,,,,not_modelled_no_serialized_transfer_chain_or_eligibility,,adult_reference_not_applied,Octopus_reference_not_applied,audit_only_no_fare_estimation
hk_collective_000336,0,pt,pt_fare_chargeability_audit,,,,U,unresolved,generic_pt_leg_missing_actual_mode_line_route_boarding_alighting_transfer_chain,actual_transport_mode;actual_line_id;actual_route_id;actual_direction;boarding_stop_id;alighting_stop_id;transfer_chain,resident,fixed_worker,home,work,home_hk_collective_000336,work_poi_igeocom:21133931,26986.0,False,pt,generic,distance;end_link;start_link;trav_time;type,False,road_94892_0_r,road_105113_0_f,29931.668,00:49:14,,,,,,,,,,,not_modelled_no_serialized_transfer_chain_or_eligibility,,adult_reference_not_applied,Octopus_reference_not_applied,audit_only_no_fare_estimation
hk_collective_000336,1,pt,pt_fare_chargeability_audit,,,,U,unresolved,generic_pt_leg_missing_actual_mode_line_route_boarding_alighting_transfer_chain,actual_transport_mode;actual_line_id;actual_route_id;actual_direction;boarding_stop_id;alighting_stop_id;transfer_chain,resident,fixed_worker,work,home,work_poi_igeocom:21133931,home_hk_collective_000336,62048.0,False,pt,generic,distance;end_link;start_link;trav_time;type,False,road_105113_0_f,road_94892_0_r,30885.76199999999,00:51:04,,,,,,,,,,,not_modelled_no_serialized_transfer_chain_or_eligibility,,adult_reference_not_applied,Octopus_reference_not_applied,audit_only_no_fare_estimation
hk_collective_000338,0,pt,pt_fare_chargeability_audit,,,,U,unresolved,generic_pt_leg_missing_actual_mode_line_route_boarding_alighting_transfer_chain,actual_transport_mode;actual_line_id;actual_route_id;actual_direction;boarding_stop_id;alighting_stop_id;transfer_chain,resident,fixed_worker,home,work,home_hk_collective_000338,work_poi_igeocom:539479,31713.0,False,pt,generic,distance;end_link;start_link;trav_time;type,False,road_93958_0_r,road_107367_0_f,28435.49700000001,00:48:18,,,,,,,,,,,not_modelled_no_serialized_transfer_chain_or_eligibility,,adult_reference_not_applied,Octopus_reference_not_applied,audit_only_no_fare_estimation
hk_collective_000338,1,pt,pt_fare_chargeability_audit,,,,U,unresolved,generic_pt_leg_missing_actual_mode_line_route_boarding_alighting_transfer_chain,actual_transport_mode;actual_line_id;actual_route_id;actual_direction;boarding_stop_id;alighting_stop_id;transfer_chain,resident,fixed_worker,work,home,work_poi_igeocom:539479,home_hk_collective_000338,63576.0,False,pt,generic,distance;end_link;start_link;trav_time;type,False,road_107367_0_f,road_93958_0_r,28891.567999999992,00:48:56,,,,,,,,,,,not_modelled_no_serialized_transfer_chain_or_eligibility,,adult_reference_not_applied,Octopus_reference_not_applied,audit_only_no_fare_estimation
hk_collective_000339,0,pt,pt_fare_chargeability_audit,,,,U,unresolved,generic_pt_leg_missing_actual_mode_line_route_boarding_alighting_transfer_chain,actual_transport_mode;actual_line_id;actual_route_id;actual_direction;boarding_stop_id;alighting_stop_id;transfer_chain,resident,usual_resident_border,home,border,home_hk_collective_000339,border_12,31446.0,False,pt,generic,distance;end_link;start_link;trav_time;type,False,road_93958_0_r,road_264826_0_f,31193.308,00:56:21,,,,,,,,,,,not_modelled_no_serialized_transfer_chain_or_eligibility,,adult_reference_not_applied,Octopus_reference_not_applied,audit_only_no_fare_estimation
hk_collective_000339,1,pt,pt_fare_chargeability_audit,,,,U,unresolved,generic_pt_leg_missing_actual_mode_line_route_boarding_alighting_transfer_chain,actual_transport_mode;actual_line_id;actual_route_id;actual_direction;boarding_stop_id;alighting_stop_id;transfer_chain,resident,usual_resident_border,border,home,border_12,home_hk_collective_000339,58464.0,False,pt,generic,distance;end_link;start_link;trav_time;type,False,road_264826_0_f,road_93958_0_r,31292.884,00:56:24,,,,,,,,,,,not_modelled_no_serialized_transfer_chain_or_eligibility,,adult_reference_not_applied,Octopus_reference_not_applied,audit_only_no_fare_estimation
hk_collective_000340,0,pt,pt_fare_chargeability_audit,,,,U,unresolved,generic_pt_leg_missing_actual_mode_line_route_boarding_alighting_transfer_chain,actual_transport_mode;actual_line_id;actual_route_id;actual_direction;boarding_stop_id;alighting_stop_id;transfer_chain,resident,fixed_worker,home,work,home_hk_collective_000340,work_poi_osm:3950258857:13748,26052.0,False,pt,generic,distance;end_link;start_link;trav_time;type,False,road_94522_0_f,road_92933_0_f,19971.009,00:35:07,,,,,,,,,,,not_modelled_no_serialized_transfer_chain_or_eligibility,,adult_reference_not_applied,Octopus_reference_not_applied,audit_only_no_fare_estimation
hk_collective_000340,1,pt,pt_fare_chargeability_audit,,,,U,unresolved,generic_pt_leg_missing_actual_mode_line_route_boarding_alighting_transfer_chain,actual_transport_mode;actual_line_id;actual_route_id;actual_direction;boarding_stop_id;alighting_stop_id;transfer_chain,resident,fixed_worker,work,home,work_poi_osm:3950258857:13748,home_hk_collective_000340,61131.0,False,pt,generic,distance;end_link;start_link;trav_time;type,False,road_92933_0_f,road_94522_0_f,20849.386,00:37:11,,,,,,,,,,,not_modelled_no_serialized_transfer_chain_or_eligibility,,adult_reference_not_applied,Octopus_reference_not_applied,audit_only_no_fare_estimation
hk_collective_000340,2,pt,pt_fare_chargeability_audit,,,,U,unresolved,generic_pt_leg_missing_actual_mode_line_route_boarding_alighting_transfer_chain,actual_transport_mode;actual_line_id;actual_route_id;actual_direction;boarding_stop_id;alighting_stop_id;transfer_chain,resident,fixed_worker,home,dining,home_hk_collective_000340,resident_dining_osm_11036277190_38918,63984.0,True,pt,generic,distance;end_link;start_link;trav_time;type,False,road_94522_0_f,road_102352_0_f,30640.02900000001,00:53:36,,,,,,,,,,,not_modelled_no_serialized_transfer_chain_or_eligibility,,adult_reference_not_applied,Octopus_reference_not_applied,audit_only_no_fare_estimation
hk_collective_000340,3,pt,pt_fare_chargeability_audit,,,,U,unresolved,generic_pt_leg_missing_actual_mode_line_route_boarding_alighting_transfer_chain,actual_transport_mode;actual_line_id;actual_route_id;actual_direction;boarding_stop_id;alighting_stop_id;transfer_chain,resident,fixed_worker,dining,home,resident_dining_osm_11036277190_38918,home_hk_collective_000340,70584.0,True,pt,generic,distance;end_link;start_link;trav_time;type,False,road_102352_0_f,road_94522_0_f,31061.52,00:54:11,,,,,,,,,,,not_modelled_no_serialized_transfer_chain_or_eligibility,,adult_reference_not_applied,Octopus_reference_not_applied,audit_only_no_fare_estimation
hk_collective_000344,0,pt,pt_fare_chargeability_audit,,,,U,unresolved,generic_pt_leg_missing_actual_mode_line_route_boarding_alighting_transfer_chain,actual_transport_mode;actual_line_id;actual_route_id;actual_direction;boarding_stop_id;alighting_stop_id;transfer_chain,resident,fixed_worker,home,work,home_hk_collective_000344,work_poi_igeocom:554347,31109.0,False,pt,generic,distance;end_link;start_link;trav_time;type,False,road_93958_0_r,road_96833_0_f,20769.465,00:36:04,,,,,,,,,,,not_modelled_no_serialized_transfer_chain_or_eligibility,,adult_reference_not_applied,Octopus_reference_not_applied,audit_only_no_fare_estimation
hk_collective_000344,1,pt,pt_fare_chargeability_audit,,,,U,unresolved,generic_pt_leg_missing_actual_mode_line_route_boarding_alighting_transfer_chain,actual_transport_mode;actual_line_id;actual_route_id;actual_direction;boarding_stop_id;alighting_stop_id;transfer_chain,resident,fixed_worker,work,home,work_poi_igeocom:554347,home_hk_collective_000344,65826.0,False,pt,generic,distance;end_link;start_link;trav_time;type,False,road_96833_0_f,road_93958_0_r,20287.666,00:35:20,,,,,,,,,,,not_modelled_no_serialized_transfer_chain_or_eligibility,,adult_reference_not_applied,Octopus_reference_not_applied,audit_only_no_fare_estimation
hk_collective_000345,0,pt,pt_fare_chargeability_audit,,,,U,unresolved,generic_pt_leg_missing_actual_mode_line_route_boarding_alighting_transfer_chain,actual_transport_mode;actual_line_id;actual_route_id;actual_direction;boarding_stop_id;alighting_stop_id;transfer_chain,resident,fixed_worker,home,work,home_hk_collective_000345,work_poi_igeocom:21247643,32800.0,False,pt,generic,distance;end_link;start_link;trav_time;type,False,road_94567_0_r,road_103372_0_f,32718.068000000003,00:55:44,,,,,,,,,,,not_modelled_no_serialized_transfer_chain_or_eligibility,,adult_reference_not_applied,Octopus_reference_not_applied,audit_only_no_fare_estimation
hk_collective_000345,1,pt,pt_fare_chargeability_audit,,,,U,unresolved,generic_pt_leg_missing_actual_mode_line_route_boarding_alighting_transfer_chain,actual_transport_mode;actual_line_id;actual_route_id;actual_direction;boarding_stop_id;alighting_stop_id;transfer_chain,resident,fixed_worker,work,home,work_poi_igeocom:21247643,home_hk_collective_000345,63153.0,False,pt,generic,distance;end_link;start_link;trav_time;type,False,road_103372_0_f,road_94567_0_r,32436.33,00:55:15,,,,,,,,,,,not_modelled_no_serialized_transfer_chain_or_eligibility,,adult_reference_not_applied,Octopus_reference_not_applied,audit_only_no_fare_estimation
hk_collective_000346,0,pt,pt_fare_chargeability_audit,,,,U,unresolved,generic_pt_leg_missing_actual_mode_line_route_boarding_alighting_transfer_chain,actual_transport_mode;actual_line_id;actual_route_id;actual_direction;boarding_stop_id;alighting_stop_id;transfer_chain,resident,fixed_worker,home,work,home_hk_collective_000346,work_poi_igeocom:556677,30296.0,False,pt,generic,distance;end_link;start_link;trav_time;type,False,road_94522_0_f,road_95279_0_f,10508.423,00:19:15,,,,,,,,,,,not_modelled_no_serialized_transfer_chain_or_eligibility,,adult_reference_not_applied,Octopus_reference_not_applied,audit_only_no_fare_estimation
hk_collective_000346,1,pt,pt_fare_chargeability_audit,,,,U,unresolved,generic_pt_leg_missing_actual_mode_line_route_boarding_alighting_transfer_chain,actual_transport_mode;actual_line_id;actual_route_id;actual_direction;boarding_stop_id;alighting_stop_id;transfer_chain,resident,fixed_worker,work,home,work_poi_igeocom:556677,home_hk_collective_000346,55526.0,False,pt,generic,distance;end_link;start_link;trav_time;type,False,road_95279_0_f,road_94522_0_f,10079.114999999998,00:18:05,,,,,,,,,,,not_modelled_no_serialized_transfer_chain_or_eligibility,,adult_reference_not_applied,Octopus_reference_not_applied,audit_only_no_fare_estimation
hk_collective_000347,0,pt,pt_fare_chargeability_audit,,,,U,unresolved,generic_pt_leg_missing_actual_mode_line_route_boarding_alighting_transfer_chain,actual_transport_mode;actual_line_id;actual_route_id;actual_direction;boarding_stop_id;alighting_stop_id;transfer_chain,resident,fixed_worker,home,work,home_hk_collective_000347,work_poi_igeocom:541351,26961.0,False,pt,generic,distance;end_link;start_link;trav_time;type,False,road_94522_0_f,road_2139_0_f,45371.97900000001,01:14:39,,,,,,,,,,,not_modelled_no_serialized_transfer_chain_or_eligibility,,adult_reference_not_applied,Octopus_reference_not_applied,audit_only_no_fare_estimation
hk_collective_000347,1,pt,pt_fare_chargeability_audit,,,,U,unresolved,generic_pt_leg_missing_actual_mode_line_route_boarding_alighting_transfer_chain,actual_transport_mode;actual_line_id;actual_route_id;actual_direction;boarding_stop_id;alighting_stop_id;transfer_chain,resident,fixed_worker,work,home,work_poi_igeocom:541351,home_hk_collective_000347,58437.0,False,pt,generic,distance;end_link;start_link;trav_time;type,False,road_2139_0_f,road_94522_0_f,45944.753,01:16:17,,,,,,,,,,,not_modelled_no_serialized_transfer_chain_or_eligibility,,adult_reference_not_applied,Octopus_reference_not_applied,audit_only_no_fare_estimation
hk_collective_000348,0,pt,pt_fare_chargeability_audit,,,,U,unresolved,generic_pt_leg_missing_actual_mode_line_route_boarding_alighting_transfer_chain,actual_transport_mode;actual_line_id;actual_route_id;actual_direction;boarding_stop_id;alighting_stop_id;transfer_chain,resident,fixed_worker,home,work,home_hk_collective_000348,work_poi_osm:missing:67021,35521.0,False,pt,generic,distance;end_link;start_link;trav_time;type,False,road_97068_0_f,road_103475_0_r,30883.324000000008,00:51:38,,,,,,,,,,,not_modelled_no_serialized_transfer_chain_or_eligibility,,adult_reference_not_applied,Octopus_reference_not_applied,audit_only_no_fare_estimation
hk_collective_000348,1,pt,pt_fare_chargeability_audit,,,,U,unresolved,generic_pt_leg_missing_actual_mode_line_route_boarding_alighting_transfer_chain,actual_transport_mode;actual_line_id;actual_route_id;actual_direction;boarding_stop_id;alighting_stop_id;transfer_chain,resident,fixed_worker,work,home,work_poi_osm:missing:67021,home_hk_collective_000348,60388.0,False,pt,generic,distance;end_link;start_link;trav_time;type,False,road_103475_0_r,road_97068_0_f,31396.403999999995,00:52:12,,,,,,,,,,,not_modelled_no_serialized_transfer_chain_or_eligibility,,adult_reference_not_applied,Octopus_reference_not_applied,audit_only_no_fare_estimation
hk_collective_000349,0,pt,pt_fare_chargeability_audit,,,,U,unresolved,generic_pt_leg_missing_actual_mode_line_route_boarding_alighting_transfer_chain,actual_transport_mode;actual_line_id;actual_route_id;actual_direction;boarding_stop_id;alighting_stop_id;transfer_chain,resident,work_mobile,home,work_mobile,home_hk_collective_000349,work_mobile_poi_igeocom:542466,29335.0,False,pt,generic,distance;end_link;start_link;trav_time;type,False,road_96337_0_f,road_94671_0_f,3689.0770000000007,00:09:35,,,,,,,,,,,not_modelled_no_serialized_transfer_chain_or_eligibility,,adult_reference_not_applied,Octopus_reference_not_applied,audit_only_no_fare_estimation
hk_collective_000349,1,pt,pt_fare_chargeability_audit,,,,U,unresolved,generic_pt_leg_missing_actual_mode_line_route_boarding_alighting_transfer_chain,actual_transport_mode;actual_line_id;actual_route_id;actual_direction;boarding_stop_id;alighting_stop_id;transfer_chain,resident,work_mobile,work_mobile,home,work_mobile_poi_igeocom:542466,home_hk_collective_000349,63426.0,False,pt,generic,distance;end_link;start_link;trav_time;type,False,road_94671_0_f,road_96337_0_f,3732.763,00:10:04,,,,,,,,,,,not_modelled_no_serialized_transfer_chain_or_eligibility,,adult_reference_not_applied,Octopus_reference_not_applied,audit_only_no_fare_estimation
hk_collective_000351,0,pt,pt_fare_chargeability_audit,,,,U,unresolved,generic_pt_leg_missing_actual_mode_line_route_boarding_alighting_transfer_chain,actual_transport_mode;actual_line_id;actual_route_id;actual_direction;boarding_stop_id;alighting_stop_id;transfer_chain,resident,fixed_worker,home,work,home_hk_collective_000351,work_poi_igeocom:531363,29246.0,False,pt,generic,distance;end_link;start_link;trav_time;type,False,road_94522_0_f,road_101609_0_f,42609.15200000002,01:11:08,,,,,,,,,,,not_modelled_no_serialized_transfer_chain_or_eligibility,,adult_reference_not_applied,Octopus_reference_not_applied,audit_only_no_fare_estimation
hk_collective_000351,1,pt,pt_fare_chargeability_audit,,,,U,unresolved,generic_pt_leg_missing_actual_mode_line_route_boarding_alighting_transfer_chain,actual_transport_mode;actual_line_id;actual_route_id;actual_direction;boarding_stop_id;alighting_stop_id;transfer_chain,resident,fixed_worker,work,home,work_poi_igeocom:531363,home_hk_collective_000351,62759.0,False,pt,generic,distance;end_link;start_link;trav_time;type,False,road_101609_0_f,road_94522_0_f,43399.34799999999,01:13:15,,,,,,,,,,,not_modelled_no_serialized_transfer_chain_or_eligibility,,adult_reference_not_applied,Octopus_reference_not_applied,audit_only_no_fare_estimation
hk_collective_000352,0,pt,pt_fare_chargeability_audit,,,,U,unresolved,generic_pt_leg_missing_actual_mode_line_route_boarding_alighting_transfer_chain,actual_transport_mode;actual_line_id;actual_route_id;actual_direction;boarding_stop_id;alighting_stop_id;transfer_chain,resident,fixed_worker,home,work,home_hk_collective_000352,work_poi_igeocom:21158877,29524.0,False,pt,generic,distance;end_link;start_link;trav_time;type,False,road_96364_0_f,road_6265_0_r,36424.63900000001,01:03:13,,,,,,,,,,,not_modelled_no_serialized_transfer_chain_or_eligibility,,adult_reference_not_applied,Octopus_reference_not_applied,audit_only_no_fare_estimation
hk_collective_000352,1,pt,pt_fare_chargeability_audit,,,,U,unresolved,generic_pt_leg_missing_actual_mode_line_route_boarding_alighting_transfer_chain,actual_transport_mode;actual_line_id;actual_route_id;actual_direction;boarding_stop_id;alighting_stop_id;transfer_chain,resident,fixed_worker,work,home,work_poi_igeocom:21158877,home_hk_collective_000352,63010.0,False,pt,generic,distance;end_link;start_link;trav_time;type,False,road_6265_0_r,road_96364_0_f,36419.41,01:03:39,,,,,,,,,,,not_modelled_no_serialized_transfer_chain_or_eligibility,,adult_reference_not_applied,Octopus_reference_not_applied,audit_only_no_fare_estimation
hk_collective_000353,0,pt,pt_fare_chargeability_audit,,,,U,unresolved,generic_pt_leg_missing_actual_mode_line_route_boarding_alighting_transfer_chain,actual_transport_mode;actual_line_id;actual_route_id;actual_direction;boarding_stop_id;alighting_stop_id;transfer_chain,resident,fixed_worker,home,work,home_hk_collective_000353,work_poi_igeocom:21110121,26835.0,False,pt,generic,distance;end_link;start_link;trav_time;type,False,road_93958_0_r,road_830_0_f,43398.78400000001,01:11:12,,,,,,,,,,,not_modelled_no_serialized_transfer_chain_or_eligibility,,adult_reference_not_applied,Octopus_reference_not_applied,audit_only_no_fare_estimation
hk_collective_000353,1,pt,pt_fare_chargeability_audit,,,,U,unresolved,generic_pt_leg_missing_actual_mode_line_route_boarding_alighting_transfer_chain,actual_transport_mode;actual_line_id;actual_route_id;actual_direction;boarding_stop_id;alighting_stop_id;transfer_chain,resident,fixed_worker,work,home,work_poi_igeocom:21110121,home_hk_collective_000353,54295.0,False,pt,generic,distance;end_link;start_link;trav_time;type,False,road_830_0_f,road_93958_0_r,42585.11399999999,01:09:34,,,,,,,,,,,not_modelled_no_serialized_transfer_chain_or_eligibility,,adult_reference_not_applied,Octopus_reference_not_applied,audit_only_no_fare_estimation
hk_collective_000357,0,pt,pt_fare_chargeability_audit,,,,U,unresolved,generic_pt_leg_missing_actual_mode_line_route_boarding_alighting_transfer_chain,actual_transport_mode;actual_line_id;actual_route_id;actual_direction;boarding_stop_id;alighting_stop_id;transfer_chain,resident,fixed_worker,home,work,home_hk_collective_000357,work_poi_osm:12853886691:45807,32773.0,False,pt,generic,distance;end_link;start_link;trav_time;type,False,road_94523_0_r,road_105084_0_f,31322.066,00:52:27,,,,,,,,,,,not_modelled_no_serialized_transfer_chain_or_eligibility,,adult_reference_not_applied,Octopus_reference_not_applied,audit_only_no_fare_estimation
hk_collective_000357,1,pt,pt_fare_chargeability_audit,,,,U,unresolved,generic_pt_leg_missing_actual_mode_line_route_boarding_alighting_transfer_chain,actual_transport_mode;actual_line_id;actual_route_id;actual_direction;boarding_stop_id;alighting_stop_id;transfer_chain,resident,fixed_worker,work,home,work_poi_osm:12853886691:45807,home_hk_collective_000357,67168.0,False,pt,generic,distance;end_link;start_link;trav_time;type,False,road_105084_0_f,road_94523_0_r,31373.078999999994,00:52:14,,,,,,,,,,,not_modelled_no_serialized_transfer_chain_or_eligibility,,adult_reference_not_applied,Octopus_reference_not_applied,audit_only_no_fare_estimation
hk_collective_000358,0,pt,pt_fare_chargeability_audit,,,,U,unresolved,generic_pt_leg_missing_actual_mode_line_route_boarding_alighting_transfer_chain,actual_transport_mode;actual_line_id;actual_route_id;actual_direction;boarding_stop_id;alighting_stop_id;transfer_chain,resident,fixed_worker,home,work,home_hk_collective_000358,work_poi_osm:4275573547:15135,31380.0,False,pt,generic,distance;end_link;start_link;trav_time;type,False,road_94522_0_f,road_107825_0_f,29031.76200000001,00:49:26,,,,,,,,,,,not_modelled_no_serialized_transfer_chain_or_eligibility,,adult_reference_not_applied,Octopus_reference_not_applied,audit_only_no_fare_estimation
hk_collective_000358,1,pt,pt_fare_chargeability_audit,,,,U,unresolved,generic_pt_leg_missing_actual_mode_line_route_boarding_alighting_transfer_chain,actual_transport_mode;actual_line_id;actual_route_id;actual_direction;boarding_stop_id;alighting_stop_id;transfer_chain,resident,fixed_worker,work,home,work_poi_osm:4275573547:15135,home_hk_collective_000358,60326.0,False,pt,generic,distance;end_link;start_link;trav_time;type,False,road_107825_0_f,road_94522_0_f,29852.816,00:50:49,,,,,,,,,,,not_modelled_no_serialized_transfer_chain_or_eligibility,,adult_reference_not_applied,Octopus_reference_not_applied,audit_only_no_fare_estimation
hk_collective_000359,0,pt,pt_fare_chargeability_audit,,,,U,unresolved,generic_pt_leg_missing_actual_mode_line_route_boarding_alighting_transfer_chain,actual_transport_mode;actual_line_id;actual_route_id;actual_direction;boarding_stop_id;alighting_stop_id;transfer_chain,resident,fixed_worker,home,work,home_hk_collective_000359,work_poi_igeocom:557149,32277.0,False,pt,generic,distance;end_link;start_link;trav_time;type,False,road_96345_0_f,road_62772_0_f,33454.095000000016,00:51:20,,,,,,,,,,,not_modelled_no_serialized_transfer_chain_or_eligibility,,adult_reference_not_applied,Octopus_reference_not_applied,audit_only_no_fare_estimation
hk_collective_000359,1,pt,pt_fare_chargeability_audit,,,,U,unresolved,generic_pt_leg_missing_actual_mode_line_route_boarding_alighting_transfer_chain,actual_transport_mode;actual_line_id;actual_route_id;actual_direction;boarding_stop_id;alighting_stop_id;transfer_chain,resident,fixed_worker,work,home,work_poi_igeocom:557149,home_hk_collective_000359,71616.0,False,pt,generic,distance;end_link;start_link;trav_time;type,False,road_62772_0_f,road_96345_0_f,33337.252000000015,00:52:11,,,,,,,,,,,not_modelled_no_serialized_transfer_chain_or_eligibility,,adult_reference_not_applied,Octopus_reference_not_applied,audit_only_no_fare_estimation
hk_collective_000360,0,pt,pt_fare_chargeability_audit,,,,U,unresolved,generic_pt_leg_missing_actual_mode_line_route_boarding_alighting_transfer_chain,actual_transport_mode;actual_line_id;actual_route_id;actual_direction;boarding_stop_id;alighting_stop_id;transfer_chain,resident,fixed_worker,home,work,home_hk_collective_000360,work_poi_igeocom:21171822,31913.0,False,pt,generic,distance;end_link;start_link;trav_time;type,False,road_97067_0_f,road_96545_0_f,7554.445999999999,00:15:48,,,,,,,,,,,not_modelled_no_serialized_transfer_chain_or_eligibility,,adult_reference_not_applied,Octopus_reference_not_applied,audit_only_no_fare_estimation
hk_collective_000360,1,pt,pt_fare_chargeability_audit,,,,U,unresolved,generic_pt_leg_missing_actual_mode_line_route_boarding_alighting_transfer_chain,actual_transport_mode;actual_line_id;actual_route_id;actual_direction;boarding_stop_id;alighting_stop_id;transfer_chain,resident,fixed_worker,work,home,work_poi_igeocom:21171822,home_hk_collective_000360,62305.0,False,pt,generic,distance;end_link;start_link;trav_time;type,False,road_96545_0_f,road_97067_0_f,7800.978,00:14:31,,,,,,,,,,,not_modelled_no_serialized_transfer_chain_or_eligibility,,adult_reference_not_applied,Octopus_reference_not_applied,audit_only_no_fare_estimation
hk_collective_000363,0,pt,pt_fare_chargeability_audit,,,,U,unresolved,generic_pt_leg_missing_actual_mode_line_route_boarding_alighting_transfer_chain,actual_transport_mode;actual_line_id;actual_route_id;actual_direction;boarding_stop_id;alighting_stop_id;transfer_chain,resident,fixed_worker,home,work,home_hk_collective_000363,work_poi_igeocom:559990,32533.0,False,pt,generic,distance;end_link;start_link;trav_time;type,False,road_93958_0_r,road_109173_0_f,38079.288,01:02:10,,,,,,,,,,,not_modelled_no_serialized_transfer_chain_or_eligibility,,adult_reference_not_applied,Octopus_reference_not_applied,audit_only_no_fare_estimation
hk_collective_000363,1,pt,pt_fare_chargeability_audit,,,,U,unresolved,generic_pt_leg_missing_actual_mode_line_route_boarding_alighting_transfer_chain,actual_transport_mode;actual_line_id;actual_route_id;actual_direction;boarding_stop_id;alighting_stop_id;transfer_chain,resident,fixed_worker,work,home,work_poi_igeocom:559990,home_hk_collective_000363,59709.0,False,pt,generic,distance;end_link;start_link;trav_time;type,False,road_109173_0_f,road_93958_0_r,37873.83299999998,01:01:50,,,,,,,,,,,not_modelled_no_serialized_transfer_chain_or_eligibility,,adult_reference_not_applied,Octopus_reference_not_applied,audit_only_no_fare_estimation
hk_collective_000365,0,pt,pt_fare_chargeability_audit,,,,U,unresolved,generic_pt_leg_missing_actual_mode_line_route_boarding_alighting_transfer_chain,actual_transport_mode;actual_line_id;actual_route_id;actual_direction;boarding_stop_id;alighting_stop_id;transfer_chain,resident,fixed_worker,home,work,home_hk_collective_000365,work_poi_osm:missing:60812,28116.0,False,pt,generic,distance;end_link;start_link;trav_time;type,False,road_93958_0_r,road_4655_0_f,35617.708,01:01:43,,,,,,,,,,,not_modelled_no_serialized_transfer_chain_or_eligibility,,adult_reference_not_applied,Octopus_reference_not_applied,audit_only_no_fare_estimation
hk_collective_000365,1,pt,pt_fare_chargeability_audit,,,,U,unresolved,generic_pt_leg_missing_actual_mode_line_route_boarding_alighting_transfer_chain,actual_transport_mode;actual_line_id;actual_route_id;actual_direction;boarding_stop_id;alighting_stop_id;transfer_chain,resident,fixed_worker,work,home,work_poi_osm:missing:60812,home_hk_collective_000365,70509.0,False,pt,generic,distance;end_link;start_link;trav_time;type,False,road_4655_0_f,road_93958_0_r,35535.342999999986,01:01:20,,,,,,,,,,,not_modelled_no_serialized_transfer_chain_or_eligibility,,adult_reference_not_applied,Octopus_reference_not_applied,audit_only_no_fare_estimation
hk_collective_000366,0,pt,pt_fare_chargeability_audit,,,,U,unresolved,generic_pt_leg_missing_actual_mode_line_route_boarding_alighting_transfer_chain,actual_transport_mode;actual_line_id;actual_route_id;actual_direction;boarding_stop_id;alighting_stop_id;transfer_chain,resident,home_only,home,social,home_hk_collective_000366,resident_social_osm_7336866_51621,36294.0,True,pt,generic,distance;end_link;start_link;trav_time;type,False,road_94892_0_r,road_97305_0_f,8475.905000000002,00:16:39,,,,,,,,,,,not_modelled_no_serialized_transfer_chain_or_eligibility,,adult_reference_not_applied,Octopus_reference_not_applied,audit_only_no_fare_estimation
hk_collective_000366,1,pt,pt_fare_chargeability_audit,,,,U,unresolved,generic_pt_leg_missing_actual_mode_line_route_boarding_alighting_transfer_chain,actual_transport_mode;actual_line_id;actual_route_id;actual_direction;boarding_stop_id;alighting_stop_id;transfer_chain,resident,home_only,social,dining,resident_social_osm_7336866_51621,resident_dining_osm_6815269168_29952,45894.0,True,pt,generic,distance;end_link;start_link;trav_time;type,False,road_97305_0_f,road_59722_0_f,18863.45600000001,00:31:48,,,,,,,,,,,not_modelled_no_serialized_transfer_chain_or_eligibility,,adult_reference_not_applied,Octopus_reference_not_applied,audit_only_no_fare_estimation
hk_collective_000366,2,pt,pt_fare_chargeability_audit,,,,U,unresolved,generic_pt_leg_missing_actual_mode_line_route_boarding_alighting_transfer_chain,actual_transport_mode;actual_line_id;actual_route_id;actual_direction;boarding_stop_id;alighting_stop_id;transfer_chain,resident,home_only,dining,home,resident_dining_osm_6815269168_29952,home_hk_collective_000366,52494.0,True,pt,generic,distance;end_link;start_link;trav_time;type,False,road_59722_0_f,road_94892_0_r,23876.289,00:37:42,,,,,,,,,,,not_modelled_no_serialized_transfer_chain_or_eligibility,,adult_reference_not_applied,Octopus_reference_not_applied,audit_only_no_fare_estimation
hk_collective_000367,0,pt,pt_fare_chargeability_audit,,,,U,unresolved,generic_pt_leg_missing_actual_mode_line_route_boarding_alighting_transfer_chain,actual_transport_mode;actual_line_id;actual_route_id;actual_direction;boarding_stop_id;alighting_stop_id;transfer_chain,resident,fixed_worker,home,work,home_hk_collective_000367,work_poi_igeocom:560258,30806.0,False,pt,generic,distance;end_link;start_link;trav_time;type,False,road_97067_0_f,road_96119_0_f,8395.563000000002,00:18:13,,,,,,,,,,,not_modelled_no_serialized_transfer_chain_or_eligibility,,adult_reference_not_applied,Octopus_reference_not_applied,audit_only_no_fare_estimation
hk_collective_000367,1,pt,pt_fare_chargeability_audit,,,,U,unresolved,generic_pt_leg_missing_actual_mode_line_route_boarding_alighting_transfer_chain,actual_transport_mode;actual_line_id;actual_route_id;actual_direction;boarding_stop_id;alighting_stop_id;transfer_chain,resident,fixed_worker,work,home,work_poi_igeocom:560258,home_hk_collective_000367,51554.0,False,pt,generic,distance;end_link;start_link;trav_time;type,False,road_96119_0_f,road_97067_0_f,9547.804999999998,00:18:49,,,,,,,,,,,not_modelled_no_serialized_transfer_chain_or_eligibility,,adult_reference_not_applied,Octopus_reference_not_applied,audit_only_no_fare_estimation
hk_collective_000368,0,pt,pt_fare_chargeability_audit,,,,U,unresolved,generic_pt_leg_missing_actual_mode_line_route_boarding_alighting_transfer_chain,actual_transport_mode;actual_line_id;actual_route_id;actual_direction;boarding_stop_id;alighting_stop_id;transfer_chain,resident,fixed_worker,home,work,home_hk_collective_000368,work_poi_igeocom:21247207,33581.0,False,pt,generic,distance;end_link;start_link;trav_time;type,False,road_94522_0_f,road_101175_0_f,35246.833999999995,00:57:13,,,,,,,,,,,not_modelled_no_serialized_transfer_chain_or_eligibility,,adult_reference_not_applied,Octopus_reference_not_applied,audit_only_no_fare_estimation
hk_collective_000368,1,pt,pt_fare_chargeability_audit,,,,U,unresolved,generic_pt_leg_missing_actual_mode_line_route_boarding_alighting_transfer_chain,actual_transport_mode;actual_line_id;actual_route_id;actual_direction;boarding_stop_id;alighting_stop_id;transfer_chain,resident,fixed_worker,work,home,work_poi_igeocom:21247207,home_hk_collective_000368,70962.0,False,pt,generic,distance;end_link;start_link;trav_time;type,False,road_101175_0_f,road_94522_0_f,35641.63199999999,00:58:45,,,,,,,,,,,not_modelled_no_serialized_transfer_chain_or_eligibility,,adult_reference_not_applied,Octopus_reference_not_applied,audit_only_no_fare_estimation
hk_collective_000369,0,pt,pt_fare_chargeability_audit,,,,U,unresolved,generic_pt_leg_missing_actual_mode_line_route_boarding_alighting_transfer_chain,actual_transport_mode;actual_line_id;actual_route_id;actual_direction;boarding_stop_id;alighting_stop_id;transfer_chain,resident,fixed_worker,home,work,home_hk_collective_000369,work_poi_osm:missing:72733,28487.0,False,pt,generic,distance;end_link;start_link;trav_time;type,False,road_96340_0_f,road_5301_0_f,32349.124000000007,00:52:45,,,,,,,,,,,not_modelled_no_serialized_transfer_chain_or_eligibility,,adult_reference_not_applied,Octopus_reference_not_applied,audit_only_no_fare_estimation
hk_collective_000369,1,pt,pt_fare_chargeability_audit,,,,U,unresolved,generic_pt_leg_missing_actual_mode_line_route_boarding_alighting_transfer_chain,actual_transport_mode;actual_line_id;actual_route_id;actual_direction;boarding_stop_id;alighting_stop_id;transfer_chain,resident,fixed_worker,work,home,work_poi_osm:missing:72733,home_hk_collective_000369,53413.0,False,pt,generic,distance;end_link;start_link;trav_time;type,False,road_5301_0_f,road_96340_0_f,33002.380000000005,00:55:13,,,,,,,,,,,not_modelled_no_serialized_transfer_chain_or_eligibility,,adult_reference_not_applied,Octopus_reference_not_applied,audit_only_no_fare_estimation
hk_collective_000370,0,pt,pt_fare_chargeability_audit,,,,U,unresolved,generic_pt_leg_missing_actual_mode_line_route_boarding_alighting_transfer_chain,actual_transport_mode;actual_line_id;actual_route_id;actual_direction;boarding_stop_id;alighting_stop_id;transfer_chain,resident,fixed_worker,home,work,home_hk_collective_000370,work_poi_igeocom:560416,28455.0,False,pt,generic,distance;end_link;start_link;trav_time;type,False,road_94522_0_f,road_3314_0_f,35422.271000000015,00:57:30,,,,,,,,,,,not_modelled_no_serialized_transfer_chain_or_eligibility,,adult_reference_not_applied,Octopus_reference_not_applied,audit_only_no_fare_estimation
hk_collective_000370,1,pt,pt_fare_chargeability_audit,,,,U,unresolved,generic_pt_leg_missing_actual_mode_line_route_boarding_alighting_transfer_chain,actual_transport_mode;actual_line_id;actual_route_id;actual_direction;boarding_stop_id;alighting_stop_id;transfer_chain,resident,fixed_worker,work,home,work_poi_igeocom:560416,home_hk_collective_000370,58252.0,False,pt,generic,distance;end_link;start_link;trav_time;type,False,road_3314_0_f,road_94522_0_f,34883.321999999986,00:59:41,,,,,,,,,,,not_modelled_no_serialized_transfer_chain_or_eligibility,,adult_reference_not_applied,Octopus_reference_not_applied,audit_only_no_fare_estimation
hk_collective_000371,0,pt,pt_fare_chargeability_audit,,,,U,unresolved,generic_pt_leg_missing_actual_mode_line_route_boarding_alighting_transfer_chain,actual_transport_mode;actual_line_id;actual_route_id;actual_direction;boarding_stop_id;alighting_stop_id;transfer_chain,resident,fixed_worker,home,work,home_hk_collective_000371,work_poi_igeocom:540498,32122.0,False,pt,generic,distance;end_link;start_link;trav_time;type,False,road_97068_0_f,road_4373_0_f,44516.12600000001,01:21:58,,,,,,,,,,,not_modelled_no_serialized_transfer_chain_or_eligibility,,adult_reference_not_applied,Octopus_reference_not_applied,audit_only_no_fare_estimation
hk_collective_000371,1,pt,pt_fare_chargeability_audit,,,,U,unresolved,generic_pt_leg_missing_actual_mode_line_route_boarding_alighting_transfer_chain,actual_transport_mode;actual_line_id;actual_route_id;actual_direction;boarding_stop_id;alighting_stop_id;transfer_chain,resident,fixed_worker,work,home,work_poi_igeocom:540498,home_hk_collective_000371,67577.0,False,pt,generic,distance;end_link;start_link;trav_time;type,False,road_4373_0_f,road_97068_0_f,44352.72499999999,01:21:18,,,,,,,,,,,not_modelled_no_serialized_transfer_chain_or_eligibility,,adult_reference_not_applied,Octopus_reference_not_applied,audit_only_no_fare_estimation
hk_collective_000372,0,pt,pt_fare_chargeability_audit,,,,U,unresolved,generic_pt_leg_missing_actual_mode_line_route_boarding_alighting_transfer_chain,actual_transport_mode;actual_line_id;actual_route_id;actual_direction;boarding_stop_id;alighting_stop_id;transfer_chain,resident,fixed_worker,home,work,home_hk_collective_000372,work_poi_osm:13249029846:46759,28182.0,False,pt,generic,distance;end_link;start_link;trav_time;type,False,road_94522_0_f,road_101771_0_f,39587.842,01:05:34,,,,,,,,,,,not_modelled_no_serialized_transfer_chain_or_eligibility,,adult_reference_not_applied,Octopus_reference_not_applied,audit_only_no_fare_estimation
hk_collective_000372,1,pt,pt_fare_chargeability_audit,,,,U,unresolved,generic_pt_leg_missing_actual_mode_line_route_boarding_alighting_transfer_chain,actual_transport_mode;actual_line_id;actual_route_id;actual_direction;boarding_stop_id;alighting_stop_id;transfer_chain,resident,fixed_worker,work,home,work_poi_osm:13249029846:46759,home_hk_collective_000372,56819.0,False,pt,generic,distance;end_link;start_link;trav_time;type,False,road_101771_0_f,road_94522_0_f,39915.94799999998,01:06:21,,,,,,,,,,,not_modelled_no_serialized_transfer_chain_or_eligibility,,adult_reference_not_applied,Octopus_reference_not_applied,audit_only_no_fare_estimation
hk_collective_000373,0,pt,pt_fare_chargeability_audit,,,,U,unresolved,generic_pt_leg_missing_actual_mode_line_route_boarding_alighting_transfer_chain,actual_transport_mode;actual_line_id;actual_route_id;actual_direction;boarding_stop_id;alighting_stop_id;transfer_chain,resident,fixed_worker,home,work,home_hk_collective_000373,work_poi_osm:5777613389:26357,26942.0,False,pt,generic,distance;end_link;start_link;trav_time;type,False,road_93958_0_r,road_107782_0_f,31119.159000000007,00:52:19,,,,,,,,,,,not_modelled_no_serialized_transfer_chain_or_eligibility,,adult_reference_not_applied,Octopus_reference_not_applied,audit_only_no_fare_estimation
hk_collective_000373,1,pt,pt_fare_chargeability_audit,,,,U,unresolved,generic_pt_leg_missing_actual_mode_line_route_boarding_alighting_transfer_chain,actual_transport_mode;actual_line_id;actual_route_id;actual_direction;boarding_stop_id;alighting_stop_id;transfer_chain,resident,fixed_worker,work,home,work_poi_osm:5777613389:26357,home_hk_collective_000373,60497.0,False,pt,generic,distance;end_link;start_link;trav_time;type,False,road_107782_0_f,road_93958_0_r,31659.285,00:55:38,,,,,,,,,,,not_modelled_no_serialized_transfer_chain_or_eligibility,,adult_reference_not_applied,Octopus_reference_not_applied,audit_only_no_fare_estimation
hk_collective_000374,0,pt,pt_fare_chargeability_audit,,,,U,unresolved,generic_pt_leg_missing_actual_mode_line_route_boarding_alighting_transfer_chain,actual_transport_mode;actual_line_id;actual_route_id;actual_direction;boarding_stop_id;alighting_stop_id;transfer_chain,resident,fixed_worker,home,work,home_hk_collective_000374,work_poi_igeocom:561363,32617.0,False,pt,generic,distance;end_link;start_link;trav_time;type,False,road_94522_0_f,road_93882_0_r,2737.310000000001,00:06:34,,,,,,,,,,,not_modelled_no_serialized_transfer_chain_or_eligibility,,adult_reference_not_applied,Octopus_reference_not_applied,audit_only_no_fare_estimation
hk_collective_000374,1,pt,pt_fare_chargeability_audit,,,,U,unresolved,generic_pt_leg_missing_actual_mode_line_route_boarding_alighting_transfer_chain,actual_transport_mode;actual_line_id;actual_route_id;actual_direction;boarding_stop_id;alighting_stop_id;transfer_chain,resident,fixed_worker,work,home,work_poi_igeocom:561363,home_hk_collective_000374,72088.0,False,pt,generic,distance;end_link;start_link;trav_time;type,False,road_93882_0_r,road_94522_0_f,3382.9330000000004,00:08:05,,,,,,,,,,,not_modelled_no_serialized_transfer_chain_or_eligibility,,adult_reference_not_applied,Octopus_reference_not_applied,audit_only_no_fare_estimation
hk_collective_000375,0,pt,pt_fare_chargeability_audit,,,,U,unresolved,generic_pt_leg_missing_actual_mode_line_route_boarding_alighting_transfer_chain,actual_transport_mode;actual_line_id;actual_route_id;actual_direction;boarding_stop_id;alighting_stop_id;transfer_chain,resident,usual_resident_border,home,border,home_hk_collective_000375,border_1,32839.0,False,pt,generic,distance;end_link;start_link;trav_time;type,False,road_94892_0_r,road_260342_0_r,27083.789,00:45:35,,,,,,,,,,,not_modelled_no_serialized_transfer_chain_or_eligibility,,adult_reference_not_applied,Octopus_reference_not_applied,audit_only_no_fare_estimation
hk_collective_000375,1,pt,pt_fare_chargeability_audit,,,,U,unresolved,generic_pt_leg_missing_actual_mode_line_route_boarding_alighting_transfer_chain,actual_transport_mode;actual_line_id;actual_route_id;actual_direction;boarding_stop_id;alighting_stop_id;transfer_chain,resident,usual_resident_border,border,home,border_1,home_hk_collective_000375,65357.0,False,pt,generic,distance;end_link;start_link;trav_time;type,False,road_260342_0_r,road_94892_0_r,26095.02,00:43:00,,,,,,,,,,,not_modelled_no_serialized_transfer_chain_or_eligibility,,adult_reference_not_applied,Octopus_reference_not_applied,audit_only_no_fare_estimation
hk_collective_000376,0,pt,pt_fare_chargeability_audit,,,,U,unresolved,generic_pt_leg_missing_actual_mode_line_route_boarding_alighting_transfer_chain,actual_transport_mode;actual_line_id;actual_route_id;actual_direction;boarding_stop_id;alighting_stop_id;transfer_chain,resident,fixed_worker,home,work,home_hk_collective_000376,work_poi_osm:6652767222:29468,29723.0,False,pt,generic,distance;end_link;start_link;trav_time;type,False,road_94892_0_r,road_106168_0_f,27274.508999999995,00:44:31,,,,,,,,,,,not_modelled_no_serialized_transfer_chain_or_eligibility,,adult_reference_not_applied,Octopus_reference_not_applied,audit_only_no_fare_estimation
hk_collective_000376,1,pt,pt_fare_chargeability_audit,,,,U,unresolved,generic_pt_leg_missing_actual_mode_line_route_boarding_alighting_transfer_chain,actual_transport_mode;actual_line_id;actual_route_id;actual_direction;boarding_stop_id;alighting_stop_id;transfer_chain,resident,fixed_worker,work,home,work_poi_osm:6652767222:29468,home_hk_collective_000376,64966.0,False,pt,generic,distance;end_link;start_link;trav_time;type,False,road_106168_0_f,road_94892_0_r,27214.018,00:44:04,,,,,,,,,,,not_modelled_no_serialized_transfer_chain_or_eligibility,,adult_reference_not_applied,Octopus_reference_not_applied,audit_only_no_fare_estimation
hk_collective_000378,0,pt,pt_fare_chargeability_audit,,,,U,unresolved,generic_pt_leg_missing_actual_mode_line_route_boarding_alighting_transfer_chain,actual_transport_mode;actual_line_id;actual_route_id;actual_direction;boarding_stop_id;alighting_stop_id;transfer_chain,resident,fixed_worker,home,work,home_hk_collective_000378,work_poi_igeocom:21078516,28037.0,False,pt,generic,distance;end_link;start_link;trav_time;type,False,road_93958_0_r,road_4276_0_f,33252.914,00:54:14,,,,,,,,,,,not_modelled_no_serialized_transfer_chain_or_eligibility,,adult_reference_not_applied,Octopus_reference_not_applied,audit_only_no_fare_estimation
hk_collective_000378,1,pt,pt_fare_chargeability_audit,,,,U,unresolved,generic_pt_leg_missing_actual_mode_line_route_boarding_alighting_transfer_chain,actual_transport_mode;actual_line_id;actual_route_id;actual_direction;boarding_stop_id;alighting_stop_id;transfer_chain,resident,fixed_worker,work,home,work_poi_igeocom:21078516,home_hk_collective_000378,58959.0,False,pt,generic,distance;end_link;start_link;trav_time;type,False,road_4276_0_f,road_93958_0_r,33052.653,00:54:20,,,,,,,,,,,not_modelled_no_serialized_transfer_chain_or_eligibility,,adult_reference_not_applied,Octopus_reference_not_applied,audit_only_no_fare_estimation
hk_collective_000378,2,pt,pt_fare_chargeability_audit,,,,U,unresolved,generic_pt_leg_missing_actual_mode_line_route_boarding_alighting_transfer_chain,actual_transport_mode;actual_line_id;actual_route_id;actual_direction;boarding_stop_id;alighting_stop_id;transfer_chain,resident,fixed_worker,home,leisure,home_hk_collective_000378,resident_leisure_osm_missing_56148,65983.0,True,pt,generic,distance;end_link;start_link;trav_time;type,False,road_93958_0_r,road_95626_0_f,9268.727000000004,00:18:00,,,,,,,,,,,not_modelled_no_serialized_transfer_chain_or_eligibility,,adult_reference_not_applied,Octopus_reference_not_applied,audit_only_no_fare_estimation
hk_collective_000378,3,pt,pt_fare_chargeability_audit,,,,U,unresolved,generic_pt_leg_missing_actual_mode_line_route_boarding_alighting_transfer_chain,actual_transport_mode;actual_line_id;actual_route_id;actual_direction;boarding_stop_id;alighting_stop_id;transfer_chain,resident,fixed_worker,leisure,home,resident_leisure_osm_missing_56148,home_hk_collective_000378,77383.0,True,pt,generic,distance;end_link;start_link;trav_time;type,False,road_95626_0_f,road_93958_0_r,8444.682999999997,00:15:56,,,,,,,,,,,not_modelled_no_serialized_transfer_chain_or_eligibility,,adult_reference_not_applied,Octopus_reference_not_applied,audit_only_no_fare_estimation
hk_collective_000379,0,pt,pt_fare_chargeability_audit,,,,U,unresolved,generic_pt_leg_missing_actual_mode_line_route_boarding_alighting_transfer_chain,actual_transport_mode;actual_line_id;actual_route_id;actual_direction;boarding_stop_id;alighting_stop_id;transfer_chain,resident,fixed_worker,home,work,home_hk_collective_000379,work_poi_igeocom:549632,25471.0,False,pt,generic,distance;end_link;start_link;trav_time;type,False,road_93958_0_r,road_7909_0_r,19857.892,00:36:44,,,,,,,,,,,not_modelled_no_serialized_transfer_chain_or_eligibility,,adult_reference_not_applied,Octopus_reference_not_applied,audit_only_no_fare_estimation
hk_collective_000379,1,pt,pt_fare_chargeability_audit,,,,U,unresolved,generic_pt_leg_missing_actual_mode_line_route_boarding_alighting_transfer_chain,actual_transport_mode;actual_line_id;actual_route_id;actual_direction;boarding_stop_id;alighting_stop_id;transfer_chain,resident,fixed_worker,work,home,work_poi_igeocom:549632,home_hk_collective_000379,64583.0,False,pt,generic,distance;end_link;start_link;trav_time;type,False,road_7909_0_r,road_93958_0_r,19785.854999999992,00:34:44,,,,,,,,,,,not_modelled_no_serialized_transfer_chain_or_eligibility,,adult_reference_not_applied,Octopus_reference_not_applied,audit_only_no_fare_estimation
hk_collective_000381,0,pt,pt_fare_chargeability_audit,,,,U,unresolved,generic_pt_leg_missing_actual_mode_line_route_boarding_alighting_transfer_chain,actual_transport_mode;actual_line_id;actual_route_id;actual_direction;boarding_stop_id;alighting_stop_id;transfer_chain,resident,work_mobile,home,work_mobile,home_hk_collective_000381,work_mobile_poi_igeocom:539177,26347.0,False,pt,generic,distance;end_link;start_link;trav_time;type,False,road_94567_0_r,road_269438_0_f,40953.87499999999,01:12:47,,,,,,,,,,,not_modelled_no_serialized_transfer_chain_or_eligibility,,adult_reference_not_applied,Octopus_reference_not_applied,audit_only_no_fare_estimation
hk_collective_000381,1,pt,pt_fare_chargeability_audit,,,,U,unresolved,generic_pt_leg_missing_actual_mode_line_route_boarding_alighting_transfer_chain,actual_transport_mode;actual_line_id;actual_route_id;actual_direction;boarding_stop_id;alighting_stop_id;transfer_chain,resident,work_mobile,work_mobile,home,work_mobile_poi_igeocom:539177,home_hk_collective_000381,55160.0,False,pt,generic,distance;end_link;start_link;trav_time;type,False,road_269438_0_f,road_94567_0_r,40837.58799999999,01:12:01,,,,,,,,,,,not_modelled_no_serialized_transfer_chain_or_eligibility,,adult_reference_not_applied,Octopus_reference_not_applied,audit_only_no_fare_estimation
hk_collective_000383,0,pt,pt_fare_chargeability_audit,,,,U,unresolved,generic_pt_leg_missing_actual_mode_line_route_boarding_alighting_transfer_chain,actual_transport_mode;actual_line_id;actual_route_id;actual_direction;boarding_stop_id;alighting_stop_id;transfer_chain,resident,home_only,home,dining,home_hk_collective_000383,resident_dining_osm_11591004911_42453,32400.0,True,pt,generic,distance;end_link;start_link;trav_time;type,False,road_118027_0_r,road_163799_0_f,6573.665999999999,00:13:47,,,,,,,,,,,not_modelled_no_serialized_transfer_chain_or_eligibility,,adult_reference_not_applied,Octopus_reference_not_applied,audit_only_no_fare_estimation
hk_collective_000383,1,pt,pt_fare_chargeability_audit,,,,U,unresolved,generic_pt_leg_missing_actual_mode_line_route_boarding_alighting_transfer_chain,actual_transport_mode;actual_line_id;actual_route_id;actual_direction;boarding_stop_id;alighting_stop_id;transfer_chain,resident,home_only,dining,home,resident_dining_osm_11591004911_42453,home_hk_collective_000383,39000.0,True,pt,generic,distance;end_link;start_link;trav_time;type,False,road_163799_0_f,road_118027_0_r,6006.720000000001,00:12:43,,,,,,,,,,,not_modelled_no_serialized_transfer_chain_or_eligibility,,adult_reference_not_applied,Octopus_reference_not_applied,audit_only_no_fare_estimation
hk_collective_000384,0,pt,pt_fare_chargeability_audit,,,,U,unresolved,generic_pt_leg_missing_actual_mode_line_route_boarding_alighting_transfer_chain,actual_transport_mode;actual_line_id;actual_route_id;actual_direction;boarding_stop_id;alighting_stop_id;transfer_chain,resident,day_school_student,home,school_secondary,home_hk_collective_000384,school_1026,31346.0,False,pt,generic,distance;end_link;start_link;trav_time;type,False,road_279794_0_f,road_9261_0_f,44495.41599999999,01:35:41,,,,,,,,,,,not_modelled_no_serialized_transfer_chain_or_eligibility,,adult_reference_not_applied,Octopus_reference_not_applied,audit_only_no_fare_estimation
hk_collective_000384,1,pt,pt_fare_chargeability_audit,,,,U,unresolved,generic_pt_leg_missing_actual_mode_line_route_boarding_alighting_transfer_chain,actual_transport_mode;actual_line_id;actual_route_id;actual_direction;boarding_stop_id;alighting_stop_id;transfer_chain,resident,day_school_student,school_secondary,home,school_1026,home_hk_collective_000384,57027.0,False,pt,generic,distance;end_link;start_link;trav_time;type,False,road_9261_0_f,road_279794_0_f,46143.10800000003,01:35:22,,,,,,,,,,,not_modelled_no_serialized_transfer_chain_or_eligibility,,adult_reference_not_applied,Octopus_reference_not_applied,audit_only_no_fare_estimation
hk_collective_000386,0,pt,pt_fare_chargeability_audit,,,,U,unresolved,generic_pt_leg_missing_actual_mode_line_route_boarding_alighting_transfer_chain,actual_transport_mode;actual_line_id;actual_route_id;actual_direction;boarding_stop_id;alighting_stop_id;transfer_chain,resident,fixed_worker,home,work,home_hk_collective_000386,work_poi_igeocom:529325,31175.0,False,pt,generic,distance;end_link;start_link;trav_time;type,False,road_284485_0_r,road_3558_0_f,54047.29999999998,01:49:37,,,,,,,,,,,not_modelled_no_serialized_transfer_chain_or_eligibility,,adult_reference_not_applied,Octopus_reference_not_applied,audit_only_no_fare_estimation
hk_collective_000386,1,pt,pt_fare_chargeability_audit,,,,U,unresolved,generic_pt_leg_missing_actual_mode_line_route_boarding_alighting_transfer_chain,actual_transport_mode;actual_line_id;actual_route_id;actual_direction;boarding_stop_id;alighting_stop_id;transfer_chain,resident,fixed_worker,work,home,work_poi_igeocom:529325,home_hk_collective_000386,71696.0,False,pt,generic,distance;end_link;start_link;trav_time;type,False,road_3558_0_f,road_284485_0_r,53564.82600000001,01:48:07,,,,,,,,,,,not_modelled_no_serialized_transfer_chain_or_eligibility,,adult_reference_not_applied,Octopus_reference_not_applied,audit_only_no_fare_estimation
hk_collective_000387,0,pt,pt_fare_chargeability_audit,,,,U,unresolved,generic_pt_leg_missing_actual_mode_line_route_boarding_alighting_transfer_chain,actual_transport_mode;actual_line_id;actual_route_id;actual_direction;boarding_stop_id;alighting_stop_id;transfer_chain,resident,fixed_worker,home,work,home_hk_collective_000387,work_poi_igeocom:21225540,26837.0,False,pt,generic,distance;end_link;start_link;trav_time;type,False,road_9504_0_r,road_103372_0_f,47657.92699999998,01:36:18,,,,,,,,,,,not_modelled_no_serialized_transfer_chain_or_eligibility,,adult_reference_not_applied,Octopus_reference_not_applied,audit_only_no_fare_estimation
hk_collective_000387,1,pt,pt_fare_chargeability_audit,,,,U,unresolved,generic_pt_leg_missing_actual_mode_line_route_boarding_alighting_transfer_chain,actual_transport_mode;actual_line_id;actual_route_id;actual_direction;boarding_stop_id;alighting_stop_id;transfer_chain,resident,fixed_worker,work,home,work_poi_igeocom:21225540,home_hk_collective_000387,60739.0,False,pt,generic,distance;end_link;start_link;trav_time;type,False,road_103372_0_f,road_9504_0_r,46933.144,01:34:57,,,,,,,,,,,not_modelled_no_serialized_transfer_chain_or_eligibility,,adult_reference_not_applied,Octopus_reference_not_applied,audit_only_no_fare_estimation
hk_collective_000388,0,pt,pt_fare_chargeability_audit,,,,U,unresolved,generic_pt_leg_missing_actual_mode_line_route_boarding_alighting_transfer_chain,actual_transport_mode;actual_line_id;actual_route_id;actual_direction;boarding_stop_id;alighting_stop_id;transfer_chain,resident,fixed_worker,home,work,home_hk_collective_000388,work_grid_895,31069.0,False,pt,generic,distance;end_link;start_link;trav_time;type,False,road_9275_0_r,road_270386_0_r,66226.53699999997,02:07:06,,,,,,,,,,,not_modelled_no_serialized_transfer_chain_or_eligibility,,adult_reference_not_applied,Octopus_reference_not_applied,audit_only_no_fare_estimation
hk_collective_000388,1,pt,pt_fare_chargeability_audit,,,,U,unresolved,generic_pt_leg_missing_actual_mode_line_route_boarding_alighting_transfer_chain,actual_transport_mode;actual_line_id;actual_route_id;actual_direction;boarding_stop_id;alighting_stop_id;transfer_chain,resident,fixed_worker,work,home,work_grid_895,home_hk_collective_000388,62264.0,False,pt,generic,distance;end_link;start_link;trav_time;type,False,road_270386_0_r,road_9275_0_r,66420.87599999999,02:07:49,,,,,,,,,,,not_modelled_no_serialized_transfer_chain_or_eligibility,,adult_reference_not_applied,Octopus_reference_not_applied,audit_only_no_fare_estimation
hk_collective_000389,0,pt,pt_fare_chargeability_audit,,,,U,unresolved,generic_pt_leg_missing_actual_mode_line_route_boarding_alighting_transfer_chain,actual_transport_mode;actual_line_id;actual_route_id;actual_direction;boarding_stop_id;alighting_stop_id;transfer_chain,resident,fixed_worker,home,work,home_hk_collective_000389,work_poi_igeocom:21167707,29076.0,False,pt,generic,distance;end_link;start_link;trav_time;type,False,road_9504_0_r,road_1670_0_f,56897.60899999997,01:48:35,,,,,,,,,,,not_modelled_no_serialized_transfer_chain_or_eligibility,,adult_reference_not_applied,Octopus_reference_not_applied,audit_only_no_fare_estimation
hk_collective_000389,1,pt,pt_fare_chargeability_audit,,,,U,unresolved,generic_pt_leg_missing_actual_mode_line_route_boarding_alighting_transfer_chain,actual_transport_mode;actual_line_id;actual_route_id;actual_direction;boarding_stop_id;alighting_stop_id;transfer_chain,resident,fixed_worker,work,home,work_poi_igeocom:21167707,home_hk_collective_000389,62116.0,False,pt,generic,distance;end_link;start_link;trav_time;type,False,road_1670_0_f,road_9504_0_r,56141.78700000001,01:47:41,,,,,,,,,,,not_modelled_no_serialized_transfer_chain_or_eligibility,,adult_reference_not_applied,Octopus_reference_not_applied,audit_only_no_fare_estimation
hk_collective_000390,0,pt,pt_fare_chargeability_audit,,,,U,unresolved,generic_pt_leg_missing_actual_mode_line_route_boarding_alighting_transfer_chain,actual_transport_mode;actual_line_id;actual_route_id;actual_direction;boarding_stop_id;alighting_stop_id;transfer_chain,resident,work_mobile,home,work_mobile,home_hk_collective_000390,work_mobile_poi_igeocom:21061359,23788.0,False,pt,generic,distance;end_link;start_link;trav_time;type,False,road_9504_0_r,road_110028_0_f,42688.83500000001,01:26:14,,,,,,,,,,,not_modelled_no_serialized_transfer_chain_or_eligibility,,adult_reference_not_applied,Octopus_reference_not_applied,audit_only_no_fare_estimation
hk_collective_000390,1,pt,pt_fare_chargeability_audit,,,,U,unresolved,generic_pt_leg_missing_actual_mode_line_route_boarding_alighting_transfer_chain,actual_transport_mode;actual_line_id;actual_route_id;actual_direction;boarding_stop_id;alighting_stop_id;transfer_chain,resident,work_mobile,work_mobile,home,work_mobile_poi_igeocom:21061359,home_hk_collective_000390,60110.0,False,pt,generic,distance;end_link;start_link;trav_time;type,False,road_110028_0_f,road_9504_0_r,42028.72100000001,01:24:31,,,,,,,,,,,not_modelled_no_serialized_transfer_chain_or_eligibility,,adult_reference_not_applied,Octopus_reference_not_applied,audit_only_no_fare_estimation
hk_collective_000391,0,pt,pt_fare_chargeability_audit,,,,U,unresolved,generic_pt_leg_missing_actual_mode_line_route_boarding_alighting_transfer_chain,actual_transport_mode;actual_line_id;actual_route_id;actual_direction;boarding_stop_id;alighting_stop_id;transfer_chain,resident,fixed_worker,home,work,home_hk_collective_000391,work_poi_osm:missing:54407,27472.0,False,pt,generic,distance;end_link;start_link;trav_time;type,False,road_165002_0_f,road_260570_0_r,42051.299000000006,01:32:27,,,,,,,,,,,not_modelled_no_serialized_transfer_chain_or_eligibility,,adult_reference_not_applied,Octopus_reference_not_applied,audit_only_no_fare_estimation
hk_collective_000391,1,pt,pt_fare_chargeability_audit,,,,U,unresolved,generic_pt_leg_missing_actual_mode_line_route_boarding_alighting_transfer_chain,actual_transport_mode;actual_line_id;actual_route_id;actual_direction;boarding_stop_id;alighting_stop_id;transfer_chain,resident,fixed_worker,work,home,work_poi_osm:missing:54407,home_hk_collective_000391,59583.0,False,pt,generic,distance;end_link;start_link;trav_time;type,False,road_260570_0_r,road_165002_0_f,41428.396000000015,01:36:06,,,,,,,,,,,not_modelled_no_serialized_transfer_chain_or_eligibility,,adult_reference_not_applied,Octopus_reference_not_applied,audit_only_no_fare_estimation
hk_collective_000393,0,pt,pt_fare_chargeability_audit,,,,U,unresolved,generic_pt_leg_missing_actual_mode_line_route_boarding_alighting_transfer_chain,actual_transport_mode;actual_line_id;actual_route_id;actual_direction;boarding_stop_id;alighting_stop_id;transfer_chain,resident,fixed_worker,home,work,home_hk_collective_000393,work_poi_igeocom:21160925,31074.0,False,pt,generic,distance;end_link;start_link;trav_time;type,False,road_165002_0_f,road_661_0_r,47652.12699999999,01:34:32,,,,,,,,,,,not_modelled_no_serialized_transfer_chain_or_eligibility,,adult_reference_not_applied,Octopus_reference_not_applied,audit_only_no_fare_estimation
hk_collective_000393,1,pt,pt_fare_chargeability_audit,,,,U,unresolved,generic_pt_leg_missing_actual_mode_line_route_boarding_alighting_transfer_chain,actual_transport_mode;actual_line_id;actual_route_id;actual_direction;boarding_stop_id;alighting_stop_id;transfer_chain,resident,fixed_worker,work,home,work_poi_igeocom:21160925,home_hk_collective_000393,60541.0,False,pt,generic,distance;end_link;start_link;trav_time;type,False,road_661_0_r,road_165002_0_f,47281.74000000001,01:34:08,,,,,,,,,,,not_modelled_no_serialized_transfer_chain_or_eligibility,,adult_reference_not_applied,Octopus_reference_not_applied,audit_only_no_fare_estimation
hk_collective_000394,0,pt,pt_fare_chargeability_audit,,,,U,unresolved,generic_pt_leg_missing_actual_mode_line_route_boarding_alighting_transfer_chain,actual_transport_mode;actual_line_id;actual_route_id;actual_direction;boarding_stop_id;alighting_stop_id;transfer_chain,resident,fixed_worker,home,work,home_hk_collective_000394,work_poi_osm:4846572101:19727,29862.0,False,pt,generic,distance;end_link;start_link;trav_time;type,False,road_165002_0_f,road_5388_0_r,47735.36799999999,01:34:44,,,,,,,,,,,not_modelled_no_serialized_transfer_chain_or_eligibility,,adult_reference_not_applied,Octopus_reference_not_applied,audit_only_no_fare_estimation
hk_collective_000394,1,pt,pt_fare_chargeability_audit,,,,U,unresolved,generic_pt_leg_missing_actual_mode_line_route_boarding_alighting_transfer_chain,actual_transport_mode;actual_line_id;actual_route_id;actual_direction;boarding_stop_id;alighting_stop_id;transfer_chain,resident,fixed_worker,work,home,work_poi_osm:4846572101:19727,home_hk_collective_000394,61810.0,False,pt,generic,distance;end_link;start_link;trav_time;type,False,road_5388_0_r,road_165002_0_f,47965.98900000001,01:35:46,,,,,,,,,,,not_modelled_no_serialized_transfer_chain_or_eligibility,,adult_reference_not_applied,Octopus_reference_not_applied,audit_only_no_fare_estimation
hk_collective_000395,0,pt,pt_fare_chargeability_audit,,,,U,unresolved,generic_pt_leg_missing_actual_mode_line_route_boarding_alighting_transfer_chain,actual_transport_mode;actual_line_id;actual_route_id;actual_direction;boarding_stop_id;alighting_stop_id;transfer_chain,resident,fixed_worker,home,work,home_hk_collective_000395,work_poi_igeocom:559700,25582.0,False,pt,generic,distance;end_link;start_link;trav_time;type,False,road_8181_0_r,road_283687_0_f,53612.20899999998,01:48:49,,,,,,,,,,,not_modelled_no_serialized_transfer_chain_or_eligibility,,adult_reference_not_applied,Octopus_reference_not_applied,audit_only_no_fare_estimation
hk_collective_000395,1,pt,pt_fare_chargeability_audit,,,,U,unresolved,generic_pt_leg_missing_actual_mode_line_route_boarding_alighting_transfer_chain,actual_transport_mode;actual_line_id;actual_route_id;actual_direction;boarding_stop_id;alighting_stop_id;transfer_chain,resident,fixed_worker,work,home,work_poi_igeocom:559700,home_hk_collective_000395,59449.0,False,pt,generic,distance;end_link;start_link;trav_time;type,False,road_283687_0_f,road_8181_0_r,54207.033,01:49:44,,,,,,,,,,,not_modelled_no_serialized_transfer_chain_or_eligibility,,adult_reference_not_applied,Octopus_reference_not_applied,audit_only_no_fare_estimation
hk_collective_000397,0,pt,pt_fare_chargeability_audit,,,,U,unresolved,generic_pt_leg_missing_actual_mode_line_route_boarding_alighting_transfer_chain,actual_transport_mode;actual_line_id;actual_route_id;actual_direction;boarding_stop_id;alighting_stop_id;transfer_chain,resident,fixed_worker,home,work,home_hk_collective_000397,work_poi_igeocom:527197,29411.0,False,pt,generic,distance;end_link;start_link;trav_time;type,False,road_7550_0_r,road_1800_0_f,53871.81999999997,01:43:45,,,,,,,,,,,not_modelled_no_serialized_transfer_chain_or_eligibility,,adult_reference_not_applied,Octopus_reference_not_applied,audit_only_no_fare_estimation
hk_collective_000397,1,pt,pt_fare_chargeability_audit,,,,U,unresolved,generic_pt_leg_missing_actual_mode_line_route_boarding_alighting_transfer_chain,actual_transport_mode;actual_line_id;actual_route_id;actual_direction;boarding_stop_id;alighting_stop_id;transfer_chain,resident,fixed_worker,work,home,work_poi_igeocom:527197,home_hk_collective_000397,62147.0,False,pt,generic,distance;end_link;start_link;trav_time;type,False,road_1800_0_f,road_7550_0_r,53597.70500000001,01:43:12,,,,,,,,,,,not_modelled_no_serialized_transfer_chain_or_eligibility,,adult_reference_not_applied,Octopus_reference_not_applied,audit_only_no_fare_estimation
hk_collective_000398,0,pt,pt_fare_chargeability_audit,,,,U,unresolved,generic_pt_leg_missing_actual_mode_line_route_boarding_alighting_transfer_chain,actual_transport_mode;actual_line_id;actual_route_id;actual_direction;boarding_stop_id;alighting_stop_id;transfer_chain,resident,fixed_worker,home,work,home_hk_collective_000398,work_poi_osm:5714824021:26138,25130.0,False,pt,generic,distance;end_link;start_link;trav_time;type,False,road_7918_0_f,road_58934_0_f,57234.63899999998,01:46:50,,,,,,,,,,,not_modelled_no_serialized_transfer_chain_or_eligibility,,adult_reference_not_applied,Octopus_reference_not_applied,audit_only_no_fare_estimation
hk_collective_000398,1,pt,pt_fare_chargeability_audit,,,,U,unresolved,generic_pt_leg_missing_actual_mode_line_route_boarding_alighting_transfer_chain,actual_transport_mode;actual_line_id;actual_route_id;actual_direction;boarding_stop_id;alighting_stop_id;transfer_chain,resident,fixed_worker,work,home,work_poi_osm:5714824021:26138,home_hk_collective_000398,58133.0,False,pt,generic,distance;end_link;start_link;trav_time;type,False,road_58934_0_f,road_7918_0_f,57523.76800000002,01:47:45,,,,,,,,,,,not_modelled_no_serialized_transfer_chain_or_eligibility,,adult_reference_not_applied,Octopus_reference_not_applied,audit_only_no_fare_estimation
hk_collective_000399,0,pt,pt_fare_chargeability_audit,,,,U,unresolved,generic_pt_leg_missing_actual_mode_line_route_boarding_alighting_transfer_chain,actual_transport_mode;actual_line_id;actual_route_id;actual_direction;boarding_stop_id;alighting_stop_id;transfer_chain,resident,usual_resident_border,home,border,home_hk_collective_000399,border_3,33482.0,False,pt,generic,distance;end_link;start_link;trav_time;type,False,road_7918_0_f,road_122157_0_f,52815.76799999998,01:40:49,,,,,,,,,,,not_modelled_no_serialized_transfer_chain_or_eligibility,,adult_reference_not_applied,Octopus_reference_not_applied,audit_only_no_fare_estimation
hk_collective_000399,1,pt,pt_fare_chargeability_audit,,,,U,unresolved,generic_pt_leg_missing_actual_mode_line_route_boarding_alighting_transfer_chain,actual_transport_mode;actual_line_id;actual_route_id;actual_direction;boarding_stop_id;alighting_stop_id;transfer_chain,resident,usual_resident_border,border,home,border_3,home_hk_collective_000399,68054.0,False,pt,generic,distance;end_link;start_link;trav_time;type,False,road_122157_0_f,road_7918_0_f,52991.643,01:41:31,,,,,,,,,,,not_modelled_no_serialized_transfer_chain_or_eligibility,,adult_reference_not_applied,Octopus_reference_not_applied,audit_only_no_fare_estimation
hk_collective_000400,0,pt,pt_fare_chargeability_audit,,,,U,unresolved,generic_pt_leg_missing_actual_mode_line_route_boarding_alighting_transfer_chain,actual_transport_mode;actual_line_id;actual_route_id;actual_direction;boarding_stop_id;alighting_stop_id;transfer_chain,resident,fixed_worker,home,work,home_hk_collective_000400,work_poi_osm:7802996207:32049,27852.0,False,pt,generic,distance;end_link;start_link;trav_time;type,False,road_9889_0_f,road_62212_0_r,56017.47400000002,01:49:49,,,,,,,,,,,not_modelled_no_serialized_transfer_chain_or_eligibility,,adult_reference_not_applied,Octopus_reference_not_applied,audit_only_no_fare_estimation
hk_collective_000400,1,pt,pt_fare_chargeability_audit,,,,U,unresolved,generic_pt_leg_missing_actual_mode_line_route_boarding_alighting_transfer_chain,actual_transport_mode;actual_line_id;actual_route_id;actual_direction;boarding_stop_id;alighting_stop_id;transfer_chain,resident,fixed_worker,work,home,work_poi_osm:7802996207:32049,home_hk_collective_000400,60264.0,False,pt,generic,distance;end_link;start_link;trav_time;type,False,road_62212_0_r,road_9889_0_f,55896.66300000001,01:47:51,,,,,,,,,,,not_modelled_no_serialized_transfer_chain_or_eligibility,,adult_reference_not_applied,Octopus_reference_not_applied,audit_only_no_fare_estimation
hk_collective_000401,0,pt,pt_fare_chargeability_audit,,,,U,unresolved,generic_pt_leg_missing_actual_mode_line_route_boarding_alighting_transfer_chain,actual_transport_mode;actual_line_id;actual_route_id;actual_direction;boarding_stop_id;alighting_stop_id;transfer_chain,resident,fixed_worker,home,work,home_hk_collective_000401,work_poi_igeocom:538377,31426.0,False,pt,generic,distance;end_link;start_link;trav_time;type,False,road_9581_0_r,road_4411_0_f,32697.612000000005,00:52:15,,,,,,,,,,,not_modelled_no_serialized_transfer_chain_or_eligibility,,adult_reference_not_applied,Octopus_reference_not_applied,audit_only_no_fare_estimation
hk_collective_000401,1,pt,pt_fare_chargeability_audit,,,,U,unresolved,generic_pt_leg_missing_actual_mode_line_route_boarding_alighting_transfer_chain,actual_transport_mode;actual_line_id;actual_route_id;actual_direction;boarding_stop_id;alighting_stop_id;transfer_chain,resident,fixed_worker,work,home,work_poi_igeocom:538377,home_hk_collective_000401,68015.0,False,pt,generic,distance;end_link;start_link;trav_time;type,False,road_4411_0_f,road_9581_0_r,33554.310000000005,00:52:17,,,,,,,,,,,not_modelled_no_serialized_transfer_chain_or_eligibility,,adult_reference_not_applied,Octopus_reference_not_applied,audit_only_no_fare_estimation
hk_collective_000402,0,pt,pt_fare_chargeability_audit,,,,U,unresolved,generic_pt_leg_missing_actual_mode_line_route_boarding_alighting_transfer_chain,actual_transport_mode;actual_line_id;actual_route_id;actual_direction;boarding_stop_id;alighting_stop_id;transfer_chain,resident,work_mobile,home,work_mobile,home_hk_collective_000402,work_mobile_grid_1146,36164.0,False,pt,generic,distance;end_link;start_link;trav_time;type,False,road_8964_0_r,road_4357_0_r,44258.23500000003,01:17:07,,,,,,,,,,,not_modelled_no_serialized_transfer_chain_or_eligibility,,adult_reference_not_applied,Octopus_reference_not_applied,audit_only_no_fare_estimation
hk_collective_000402,1,pt,pt_fare_chargeability_audit,,,,U,unresolved,generic_pt_leg_missing_actual_mode_line_route_boarding_alighting_transfer_chain,actual_transport_mode;actual_line_id;actual_route_id;actual_direction;boarding_stop_id;alighting_stop_id;transfer_chain,resident,work_mobile,work_mobile,home,work_mobile_grid_1146,home_hk_collective_000402,65996.0,False,pt,generic,distance;end_link;start_link;trav_time;type,False,road_4357_0_r,road_8964_0_r,39293.79700000001,01:04:02,,,,,,,,,,,not_modelled_no_serialized_transfer_chain_or_eligibility,,adult_reference_not_applied,Octopus_reference_not_applied,audit_only_no_fare_estimation
hk_collective_000405,0,pt,pt_fare_chargeability_audit,,,,U,unresolved,generic_pt_leg_missing_actual_mode_line_route_boarding_alighting_transfer_chain,actual_transport_mode;actual_line_id;actual_route_id;actual_direction;boarding_stop_id;alighting_stop_id;transfer_chain,resident,home_only,home,dining,home_hk_collective_000405,resident_dining_osm_missing_69923,45473.0,True,pt,generic,distance;end_link;start_link;trav_time;type,False,road_111864_0_r,road_94018_0_f,6044.478000000001,00:15:37,,,,,,,,,,,not_modelled_no_serialized_transfer_chain_or_eligibility,,adult_reference_not_applied,Octopus_reference_not_applied,audit_only_no_fare_estimation
hk_collective_000405,1,pt,pt_fare_chargeability_audit,,,,U,unresolved,generic_pt_leg_missing_actual_mode_line_route_boarding_alighting_transfer_chain,actual_transport_mode;actual_line_id;actual_route_id;actual_direction;boarding_stop_id;alighting_stop_id;transfer_chain,resident,home_only,dining,shopping,resident_dining_osm_missing_69923,resident_shopping_osm_12009998212_43452,52073.0,True,pt,generic,distance;end_link;start_link;trav_time;type,False,road_94018_0_f,road_261505_0_f,3357.462999999999,00:08:02,,,,,,,,,,,not_modelled_no_serialized_transfer_chain_or_eligibility,,adult_reference_not_applied,Octopus_reference_not_applied,audit_only_no_fare_estimation
hk_collective_000405,2,pt,pt_fare_chargeability_audit,,,,U,unresolved,generic_pt_leg_missing_actual_mode_line_route_boarding_alighting_transfer_chain,actual_transport_mode;actual_line_id;actual_route_id;actual_direction;boarding_stop_id;alighting_stop_id;transfer_chain,resident,home_only,shopping,home,resident_shopping_osm_12009998212_43452,home_hk_collective_000405,58973.0,True,pt,generic,distance;end_link;start_link;trav_time;type,False,road_261505_0_f,road_111864_0_r,5340.289000000002,00:13:38,,,,,,,,,,,not_modelled_no_serialized_transfer_chain_or_eligibility,,adult_reference_not_applied,Octopus_reference_not_applied,audit_only_no_fare_estimation
hk_collective_000407,0,pt,pt_fare_chargeability_audit,,,,U,unresolved,generic_pt_leg_missing_actual_mode_line_route_boarding_alighting_transfer_chain,actual_transport_mode;actual_line_id;actual_route_id;actual_direction;boarding_stop_id;alighting_stop_id;transfer_chain,resident,work_mobile,home,work_mobile,home_hk_collective_000407,work_mobile_poi_igeocom:543806,30717.0,False,pt,generic,distance;end_link;start_link;trav_time;type,False,road_275523_0_f,road_96830_0_f,13951.408999999998,00:26:38,,,,,,,,,,,not_modelled_no_serialized_transfer_chain_or_eligibility,,adult_reference_not_applied,Octopus_reference_not_applied,audit_only_no_fare_estimation
hk_collective_000407,1,pt,pt_fare_chargeability_audit,,,,U,unresolved,generic_pt_leg_missing_actual_mode_line_route_boarding_alighting_transfer_chain,actual_transport_mode;actual_line_id;actual_route_id;actual_direction;boarding_stop_id;alighting_stop_id;transfer_chain,resident,work_mobile,work_mobile,home,work_mobile_poi_igeocom:543806,home_hk_collective_000407,65166.0,False,pt,generic,distance;end_link;start_link;trav_time;type,False,road_96830_0_f,road_275523_0_f,13951.687000000002,00:25:41,,,,,,,,,,,not_modelled_no_serialized_transfer_chain_or_eligibility,,adult_reference_not_applied,Octopus_reference_not_applied,audit_only_no_fare_estimation
hk_collective_000408,0,pt,pt_fare_chargeability_audit,,,,U,unresolved,generic_pt_leg_missing_actual_mode_line_route_boarding_alighting_transfer_chain,actual_transport_mode;actual_line_id;actual_route_id;actual_direction;boarding_stop_id;alighting_stop_id;transfer_chain,resident,day_school_student,home,school_primary,home_hk_collective_000408,school_382,27631.0,False,pt,generic,distance;end_link;start_link;trav_time;type,False,road_260230_0_f,road_94750_0_r,5977.922999999998,00:14:51,,,,,,,,,,,not_modelled_no_serialized_transfer_chain_or_eligibility,,adult_reference_not_applied,Octopus_reference_not_applied,audit_only_no_fare_estimation
hk_collective_000408,1,pt,pt_fare_chargeability_audit,,,,U,unresolved,generic_pt_leg_missing_actual_mode_line_route_boarding_alighting_transfer_chain,actual_transport_mode;actual_line_id;actual_route_id;actual_direction;boarding_stop_id;alighting_stop_id;transfer_chain,resident,day_school_student,school_primary,home,school_382,home_hk_collective_000408,56192.0,False,pt,generic,distance;end_link;start_link;trav_time;type,False,road_94750_0_r,road_260230_0_f,5781.146000000001,00:14:03,,,,,,,,,,,not_modelled_no_serialized_transfer_chain_or_eligibility,,adult_reference_not_applied,Octopus_reference_not_applied,audit_only_no_fare_estimation
hk_collective_000410,0,pt,pt_fare_chargeability_audit,,,,U,unresolved,generic_pt_leg_missing_actual_mode_line_route_boarding_alighting_transfer_chain,actual_transport_mode;actual_line_id;actual_route_id;actual_direction;boarding_stop_id;alighting_stop_id;transfer_chain,resident,fixed_worker,home,work,home_hk_collective_000410,work_poi_igeocom:556066,31328.0,False,pt,generic,distance;end_link;start_link;trav_time;type,False,road_96058_0_f,road_101065_0_f,30865.383999999995,00:52:08,,,,,,,,,,,not_modelled_no_serialized_transfer_chain_or_eligibility,,adult_reference_not_applied,Octopus_reference_not_applied,audit_only_no_fare_estimation
hk_collective_000410,1,pt,pt_fare_chargeability_audit,,,,U,unresolved,generic_pt_leg_missing_actual_mode_line_route_boarding_alighting_transfer_chain,actual_transport_mode;actual_line_id;actual_route_id;actual_direction;boarding_stop_id;alighting_stop_id;transfer_chain,resident,fixed_worker,work,home,work_poi_igeocom:556066,home_hk_collective_000410,65399.0,False,pt,generic,distance;end_link;start_link;trav_time;type,False,road_101065_0_f,road_96058_0_f,30814.268000000004,00:51:44,,,,,,,,,,,not_modelled_no_serialized_transfer_chain_or_eligibility,,adult_reference_not_applied,Octopus_reference_not_applied,audit_only_no_fare_estimation
hk_collective_000411,0,pt,pt_fare_chargeability_audit,,,,U,unresolved,generic_pt_leg_missing_actual_mode_line_route_boarding_alighting_transfer_chain,actual_transport_mode;actual_line_id;actual_route_id;actual_direction;boarding_stop_id;alighting_stop_id;transfer_chain,resident,fixed_worker,home,work,home_hk_collective_000411,work_poi_osm:4864422346:23131,29256.0,False,pt,generic,distance;end_link;start_link;trav_time;type,False,road_279249_0_f,road_105919_0_f,27901.072000000004,00:44:24,,,,,,,,,,,not_modelled_no_serialized_transfer_chain_or_eligibility,,adult_reference_not_applied,Octopus_reference_not_applied,audit_only_no_fare_estimation
hk_collective_000411,1,pt,pt_fare_chargeability_audit,,,,U,unresolved,generic_pt_leg_missing_actual_mode_line_route_boarding_alighting_transfer_chain,actual_transport_mode;actual_line_id;actual_route_id;actual_direction;boarding_stop_id;alighting_stop_id;transfer_chain,resident,fixed_worker,work,home,work_poi_osm:4864422346:23131,home_hk_collective_000411,62009.0,False,pt,generic,distance;end_link;start_link;trav_time;type,False,road_105919_0_f,road_279249_0_f,23433.409,00:38:12,,,,,,,,,,,not_modelled_no_serialized_transfer_chain_or_eligibility,,adult_reference_not_applied,Octopus_reference_not_applied,audit_only_no_fare_estimation
hk_collective_000412,0,pt,pt_fare_chargeability_audit,,,,U,unresolved,generic_pt_leg_missing_actual_mode_line_route_boarding_alighting_transfer_chain,actual_transport_mode;actual_line_id;actual_route_id;actual_direction;boarding_stop_id;alighting_stop_id;transfer_chain,resident,fixed_worker,home,work,home_hk_collective_000412,work_poi_igeocom:21135091,25545.0,False,pt,generic,distance;end_link;start_link;trav_time;type,False,road_267926_0_f,road_104718_0_f,25679.135999999995,00:44:02,,,,,,,,,,,not_modelled_no_serialized_transfer_chain_or_eligibility,,adult_reference_not_applied,Octopus_reference_not_applied,audit_only_no_fare_estimation
hk_collective_000412,1,pt,pt_fare_chargeability_audit,,,,U,unresolved,generic_pt_leg_missing_actual_mode_line_route_boarding_alighting_transfer_chain,actual_transport_mode;actual_line_id;actual_route_id;actual_direction;boarding_stop_id;alighting_stop_id;transfer_chain,resident,fixed_worker,work,home,work_poi_igeocom:21135091,home_hk_collective_000412,62395.0,False,pt,generic,distance;end_link;start_link;trav_time;type,False,road_104718_0_f,road_267926_0_f,24859.075,00:41:31,,,,,,,,,,,not_modelled_no_serialized_transfer_chain_or_eligibility,,adult_reference_not_applied,Octopus_reference_not_applied,audit_only_no_fare_estimation
hk_collective_000416,0,pt,pt_fare_chargeability_audit,,,,U,unresolved,generic_pt_leg_missing_actual_mode_line_route_boarding_alighting_transfer_chain,actual_transport_mode;actual_line_id;actual_route_id;actual_direction;boarding_stop_id;alighting_stop_id;transfer_chain,resident,work_mobile,home,work_mobile,home_hk_collective_000416,work_mobile_poi_osm:8999071990:33913,30225.0,False,pt,generic,distance;end_link;start_link;trav_time;type,False,road_96486_0_f,road_94750_0_r,4716.62,00:09:13,,,,,,,,,,,not_modelled_no_serialized_transfer_chain_or_eligibility,,adult_reference_not_applied,Octopus_reference_not_applied,audit_only_no_fare_estimation
hk_collective_000416,1,pt,pt_fare_chargeability_audit,,,,U,unresolved,generic_pt_leg_missing_actual_mode_line_route_boarding_alighting_transfer_chain,actual_transport_mode;actual_line_id;actual_route_id;actual_direction;boarding_stop_id;alighting_stop_id;transfer_chain,resident,work_mobile,work_mobile,home,work_mobile_poi_osm:8999071990:33913,home_hk_collective_000416,60848.0,False,pt,generic,distance;end_link;start_link;trav_time;type,False,road_94750_0_r,road_96486_0_f,4228.074,00:08:00,,,,,,,,,,,not_modelled_no_serialized_transfer_chain_or_eligibility,,adult_reference_not_applied,Octopus_reference_not_applied,audit_only_no_fare_estimation
hk_collective_000418,0,pt,pt_fare_chargeability_audit,,,,U,unresolved,generic_pt_leg_missing_actual_mode_line_route_boarding_alighting_transfer_chain,actual_transport_mode;actual_line_id;actual_route_id;actual_direction;boarding_stop_id;alighting_stop_id;transfer_chain,resident,fixed_worker,home,work,home_hk_collective_000418,work_poi_igeocom:556574,24427.0,False,pt,generic,distance;end_link;start_link;trav_time;type,False,road_118016_0_f,road_116075_0_f,43081.514,01:13:09,,,,,,,,,,,not_modelled_no_serialized_transfer_chain_or_eligibility,,adult_reference_not_applied,Octopus_reference_not_applied,audit_only_no_fare_estimation
hk_collective_000418,1,pt,pt_fare_chargeability_audit,,,,U,unresolved,generic_pt_leg_missing_actual_mode_line_route_boarding_alighting_transfer_chain,actual_transport_mode;actual_line_id;actual_route_id;actual_direction;boarding_stop_id;alighting_stop_id;transfer_chain,resident,fixed_worker,work,home,work_poi_igeocom:556574,home_hk_collective_000418,56097.0,False,pt,generic,distance;end_link;start_link;trav_time;type,False,road_116075_0_f,road_118016_0_f,42910.73099999999,01:11:56,,,,,,,,,,,not_modelled_no_serialized_transfer_chain_or_eligibility,,adult_reference_not_applied,Octopus_reference_not_applied,audit_only_no_fare_estimation
hk_collective_000419,0,pt,pt_fare_chargeability_audit,,,,U,unresolved,generic_pt_leg_missing_actual_mode_line_route_boarding_alighting_transfer_chain,actual_transport_mode;actual_line_id;actual_route_id;actual_direction;boarding_stop_id;alighting_stop_id;transfer_chain,resident,fixed_worker,home,work,home_hk_collective_000419,work_poi_igeocom:544848,28465.0,False,pt,generic,distance;end_link;start_link;trav_time;type,False,road_96300_0_r,road_100271_0_f,41735.746000000014,01:07:53,,,,,,,,,,,not_modelled_no_serialized_transfer_chain_or_eligibility,,adult_reference_not_applied,Octopus_reference_not_applied,audit_only_no_fare_estimation
hk_collective_000419,1,pt,pt_fare_chargeability_audit,,,,U,unresolved,generic_pt_leg_missing_actual_mode_line_route_boarding_alighting_transfer_chain,actual_transport_mode;actual_line_id;actual_route_id;actual_direction;boarding_stop_id;alighting_stop_id;transfer_chain,resident,fixed_worker,work,home,work_poi_igeocom:544848,home_hk_collective_000419,65251.0,False,pt,generic,distance;end_link;start_link;trav_time;type,False,road_100271_0_f,road_96300_0_r,41563.62200000002,01:06:25,,,,,,,,,,,not_modelled_no_serialized_transfer_chain_or_eligibility,,adult_reference_not_applied,Octopus_reference_not_applied,audit_only_no_fare_estimation
hk_collective_000420,0,pt,pt_fare_chargeability_audit,,,,U,unresolved,generic_pt_leg_missing_actual_mode_line_route_boarding_alighting_transfer_chain,actual_transport_mode;actual_line_id;actual_route_id;actual_direction;boarding_stop_id;alighting_stop_id;transfer_chain,resident,fixed_worker,home,work,home_hk_collective_000420,work_poi_igeocom:549270,29624.0,False,pt,generic,distance;end_link;start_link;trav_time;type,False,road_96284_0_r,road_95027_0_f,4599.584000000001,00:09:12,,,,,,,,,,,not_modelled_no_serialized_transfer_chain_or_eligibility,,adult_reference_not_applied,Octopus_reference_not_applied,audit_only_no_fare_estimation
hk_collective_000420,1,pt,pt_fare_chargeability_audit,,,,U,unresolved,generic_pt_leg_missing_actual_mode_line_route_boarding_alighting_transfer_chain,actual_transport_mode;actual_line_id;actual_route_id;actual_direction;boarding_stop_id;alighting_stop_id;transfer_chain,resident,fixed_worker,work,home,work_poi_igeocom:549270,home_hk_collective_000420,64622.0,False,pt,generic,distance;end_link;start_link;trav_time;type,False,road_95027_0_f,road_96284_0_r,4684.900000000001,00:09:33,,,,,,,,,,,not_modelled_no_serialized_transfer_chain_or_eligibility,,adult_reference_not_applied,Octopus_reference_not_applied,audit_only_no_fare_estimation
hk_collective_000420,2,pt,pt_fare_chargeability_audit,,,,U,unresolved,generic_pt_leg_missing_actual_mode_line_route_boarding_alighting_transfer_chain,actual_transport_mode;actual_line_id;actual_route_id;actual_direction;boarding_stop_id;alighting_stop_id;transfer_chain,resident,fixed_worker,home,leisure,home_hk_collective_000420,resident_leisure_igeocom_533745,66730.0,True,pt,generic,distance;end_link;start_link;trav_time;type,False,road_96284_0_r,road_106956_0_f,30411.84300000001,00:48:47,,,,,,,,,,,not_modelled_no_serialized_transfer_chain_or_eligibility,,adult_reference_not_applied,Octopus_reference_not_applied,audit_only_no_fare_estimation
hk_collective_000420,3,pt,pt_fare_chargeability_audit,,,,U,unresolved,generic_pt_leg_missing_actual_mode_line_route_boarding_alighting_transfer_chain,actual_transport_mode;actual_line_id;actual_route_id;actual_direction;boarding_stop_id;alighting_stop_id;transfer_chain,resident,fixed_worker,leisure,home,resident_leisure_igeocom_533745,home_hk_collective_000420,78130.0,True,pt,generic,distance;end_link;start_link;trav_time;type,False,road_106956_0_f,road_96284_0_r,31558.8,00:50:33,,,,,,,,,,,not_modelled_no_serialized_transfer_chain_or_eligibility,,adult_reference_not_applied,Octopus_reference_not_applied,audit_only_no_fare_estimation
hk_collective_000421,0,pt,pt_fare_chargeability_audit,,,,U,unresolved,generic_pt_leg_missing_actual_mode_line_route_boarding_alighting_transfer_chain,actual_transport_mode;actual_line_id;actual_route_id;actual_direction;boarding_stop_id;alighting_stop_id;transfer_chain,resident,fixed_worker,home,work,home_hk_collective_000421,work_poi_osm:missing:69242,25884.0,False,pt,generic,distance;end_link;start_link;trav_time;type,False,road_96300_0_r,road_102346_0_f,33896.140000000014,00:57:16,,,,,,,,,,,not_modelled_no_serialized_transfer_chain_or_eligibility,,adult_reference_not_applied,Octopus_reference_not_applied,audit_only_no_fare_estimation
hk_collective_000421,1,pt,pt_fare_chargeability_audit,,,,U,unresolved,generic_pt_leg_missing_actual_mode_line_route_boarding_alighting_transfer_chain,actual_transport_mode;actual_line_id;actual_route_id;actual_direction;boarding_stop_id;alighting_stop_id;transfer_chain,resident,fixed_worker,work,home,work_poi_osm:missing:69242,home_hk_collective_000421,55561.0,False,pt,generic,distance;end_link;start_link;trav_time;type,False,road_102346_0_f,road_96300_0_r,34278.50100000001,00:57:07,,,,,,,,,,,not_modelled_no_serialized_transfer_chain_or_eligibility,,adult_reference_not_applied,Octopus_reference_not_applied,audit_only_no_fare_estimation
hk_collective_000422,0,pt,pt_fare_chargeability_audit,,,,U,unresolved,generic_pt_leg_missing_actual_mode_line_route_boarding_alighting_transfer_chain,actual_transport_mode;actual_line_id;actual_route_id;actual_direction;boarding_stop_id;alighting_stop_id;transfer_chain,resident,day_school_student,home,school_primary,home_hk_collective_000422,school_373,25993.0,False,pt,generic,distance;end_link;start_link;trav_time;type,False,road_96482_0_f,road_94626_0_r,6787.484999999999,00:13:48,,,,,,,,,,,not_modelled_no_serialized_transfer_chain_or_eligibility,,adult_reference_not_applied,Octopus_reference_not_applied,audit_only_no_fare_estimation
hk_collective_000422,1,pt,pt_fare_chargeability_audit,,,,U,unresolved,generic_pt_leg_missing_actual_mode_line_route_boarding_alighting_transfer_chain,actual_transport_mode;actual_line_id;actual_route_id;actual_direction;boarding_stop_id;alighting_stop_id;transfer_chain,resident,day_school_student,school_primary,home,school_373,home_hk_collective_000422,56534.0,False,pt,generic,distance;end_link;start_link;trav_time;type,False,road_94626_0_r,road_96482_0_f,7303.213000000001,00:15:03,,,,,,,,,,,not_modelled_no_serialized_transfer_chain_or_eligibility,,adult_reference_not_applied,Octopus_reference_not_applied,audit_only_no_fare_estimation
hk_collective_000423,0,pt,pt_fare_chargeability_audit,,,,U,unresolved,generic_pt_leg_missing_actual_mode_line_route_boarding_alighting_transfer_chain,actual_transport_mode;actual_line_id;actual_route_id;actual_direction;boarding_stop_id;alighting_stop_id;transfer_chain,resident,fixed_worker,home,work,home_hk_collective_000423,work_poi_igeocom:538979,28811.0,False,pt,generic,distance;end_link;start_link;trav_time;type,False,road_142639_0_r,road_116834_0_r,21399.67900000001,00:36:02,,,,,,,,,,,not_modelled_no_serialized_transfer_chain_or_eligibility,,adult_reference_not_applied,Octopus_reference_not_applied,audit_only_no_fare_estimation
hk_collective_000423,1,pt,pt_fare_chargeability_audit,,,,U,unresolved,generic_pt_leg_missing_actual_mode_line_route_boarding_alighting_transfer_chain,actual_transport_mode;actual_line_id;actual_route_id;actual_direction;boarding_stop_id;alighting_stop_id;transfer_chain,resident,fixed_worker,work,home,work_poi_igeocom:538979,home_hk_collective_000423,67725.0,False,pt,generic,distance;end_link;start_link;trav_time;type,False,road_116834_0_r,road_142639_0_r,22867.573,00:36:42,,,,,,,,,,,not_modelled_no_serialized_transfer_chain_or_eligibility,,adult_reference_not_applied,Octopus_reference_not_applied,audit_only_no_fare_estimation
hk_collective_000425,0,pt,pt_fare_chargeability_audit,,,,U,unresolved,generic_pt_leg_missing_actual_mode_line_route_boarding_alighting_transfer_chain,actual_transport_mode;actual_line_id;actual_route_id;actual_direction;boarding_stop_id;alighting_stop_id;transfer_chain,resident,tertiary_student,home,education_tertiary,home_hk_collective_000425,education_tertiary_poi_igeocom:21096257,28592.0,False,pt,generic,distance;end_link;start_link;trav_time;type,False,road_94770_0_r,road_94088_0_f,8334.161,00:17:32,,,,,,,,,,,not_modelled_no_serialized_transfer_chain_or_eligibility,,adult_reference_not_applied,Octopus_reference_not_applied,audit_only_no_fare_estimation
hk_collective_000425,1,pt,pt_fare_chargeability_audit,,,,U,unresolved,generic_pt_leg_missing_actual_mode_line_route_boarding_alighting_transfer_chain,actual_transport_mode;actual_line_id;actual_route_id;actual_direction;boarding_stop_id;alighting_stop_id;transfer_chain,resident,tertiary_student,education_tertiary,home,education_tertiary_poi_igeocom:21096257,home_hk_collective_000425,63012.0,False,pt,generic,distance;end_link;start_link;trav_time;type,False,road_94088_0_f,road_94770_0_r,8081.500000000001,00:16:55,,,,,,,,,,,not_modelled_no_serialized_transfer_chain_or_eligibility,,adult_reference_not_applied,Octopus_reference_not_applied,audit_only_no_fare_estimation
hk_collective_000427,0,pt,pt_fare_chargeability_audit,,,,U,unresolved,generic_pt_leg_missing_actual_mode_line_route_boarding_alighting_transfer_chain,actual_transport_mode;actual_line_id;actual_route_id;actual_direction;boarding_stop_id;alighting_stop_id;transfer_chain,resident,work_home,home,personal_business,home_hk_collective_000427,resident_personal_business_igeocom_552943,45981.0,True,pt,generic,distance;end_link;start_link;trav_time;type,False,road_94768_0_f,road_95948_0_f,6155.625,00:13:40,,,,,,,,,,,not_modelled_no_serialized_transfer_chain_or_eligibility,,adult_reference_not_applied,Octopus_reference_not_applied,audit_only_no_fare_estimation
hk_collective_000427,1,pt,pt_fare_chargeability_audit,,,,U,unresolved,generic_pt_leg_missing_actual_mode_line_route_boarding_alighting_transfer_chain,actual_transport_mode;actual_line_id;actual_route_id;actual_direction;boarding_stop_id;alighting_stop_id;transfer_chain,resident,work_home,personal_business,home,resident_personal_business_igeocom_552943,home_hk_collective_000427,52881.0,True,pt,generic,distance;end_link;start_link;trav_time;type,False,road_95948_0_f,road_94768_0_f,6193.770000000003,00:14:12,,,,,,,,,,,not_modelled_no_serialized_transfer_chain_or_eligibility,,adult_reference_not_applied,Octopus_reference_not_applied,audit_only_no_fare_estimation
hk_collective_000428,0,pt,pt_fare_chargeability_audit,,,,U,unresolved,generic_pt_leg_missing_actual_mode_line_route_boarding_alighting_transfer_chain,actual_transport_mode;actual_line_id;actual_route_id;actual_direction;boarding_stop_id;alighting_stop_id;transfer_chain,resident,home_only,home,dining,home_hk_collective_000428,resident_dining_osm_13061623072_46374,55023.0,True,pt,generic,distance;end_link;start_link;trav_time;type,False,road_269631_0_f,road_271846_0_f,4930.686000000001,00:11:37,,,,,,,,,,,not_modelled_no_serialized_transfer_chain_or_eligibility,,adult_reference_not_applied,Octopus_reference_not_applied,audit_only_no_fare_estimation
hk_collective_000428,1,pt,pt_fare_chargeability_audit,,,,U,unresolved,generic_pt_leg_missing_actual_mode_line_route_boarding_alighting_transfer_chain,actual_transport_mode;actual_line_id;actual_route_id;actual_direction;boarding_stop_id;alighting_stop_id;transfer_chain,resident,home_only,dining,home,resident_dining_osm_13061623072_46374,home_hk_collective_000428,61623.0,True,pt,generic,distance;end_link;start_link;trav_time;type,False,road_271846_0_f,road_269631_0_f,4781.966,00:11:10,,,,,,,,,,,not_modelled_no_serialized_transfer_chain_or_eligibility,,adult_reference_not_applied,Octopus_reference_not_applied,audit_only_no_fare_estimation
hk_collective_000429,0,pt,pt_fare_chargeability_audit,,,,U,unresolved,generic_pt_leg_missing_actual_mode_line_route_boarding_alighting_transfer_chain,actual_transport_mode;actual_line_id;actual_route_id;actual_direction;boarding_stop_id;alighting_stop_id;transfer_chain,resident,fixed_worker,home,work,home_hk_collective_000429,work_poi_igeocom:563113,27574.0,False,pt,generic,distance;end_link;start_link;trav_time;type,False,road_94504_0_f,road_7421_0_f,26165.047,00:44:43,,,,,,,,,,,not_modelled_no_serialized_transfer_chain_or_eligibility,,adult_reference_not_applied,Octopus_reference_not_applied,audit_only_no_fare_estimation
hk_collective_000429,1,pt,pt_fare_chargeability_audit,,,,U,unresolved,generic_pt_leg_missing_actual_mode_line_route_boarding_alighting_transfer_chain,actual_transport_mode;actual_line_id;actual_route_id;actual_direction;boarding_stop_id;alighting_stop_id;transfer_chain,resident,fixed_worker,work,home,work_poi_igeocom:563113,home_hk_collective_000429,66953.0,False,pt,generic,distance;end_link;start_link;trav_time;type,False,road_7421_0_f,road_94504_0_f,26660.322,00:44:47,,,,,,,,,,,not_modelled_no_serialized_transfer_chain_or_eligibility,,adult_reference_not_applied,Octopus_reference_not_applied,audit_only_no_fare_estimation
hk_collective_000430,0,pt,pt_fare_chargeability_audit,,,,U,unresolved,generic_pt_leg_missing_actual_mode_line_route_boarding_alighting_transfer_chain,actual_transport_mode;actual_line_id;actual_route_id;actual_direction;boarding_stop_id;alighting_stop_id;transfer_chain,resident,fixed_worker,home,work,home_hk_collective_000430,work_poi_igeocom:21205398,24588.0,False,pt,generic,distance;end_link;start_link;trav_time;type,False,road_94221_0_f,road_59286_0_r,22715.86,00:36:01,,,,,,,,,,,not_modelled_no_serialized_transfer_chain_or_eligibility,,adult_reference_not_applied,Octopus_reference_not_applied,audit_only_no_fare_estimation
hk_collective_000430,1,pt,pt_fare_chargeability_audit,,,,U,unresolved,generic_pt_leg_missing_actual_mode_line_route_boarding_alighting_transfer_chain,actual_transport_mode;actual_line_id;actual_route_id;actual_direction;boarding_stop_id;alighting_stop_id;transfer_chain,resident,fixed_worker,work,home,work_poi_igeocom:21205398,home_hk_collective_000430,60642.0,False,pt,generic,distance;end_link;start_link;trav_time;type,False,road_59286_0_r,road_94221_0_f,23025.737,00:36:22,,,,,,,,,,,not_modelled_no_serialized_transfer_chain_or_eligibility,,adult_reference_not_applied,Octopus_reference_not_applied,audit_only_no_fare_estimation
hk_collective_000431,0,pt,pt_fare_chargeability_audit,,,,U,unresolved,generic_pt_leg_missing_actual_mode_line_route_boarding_alighting_transfer_chain,actual_transport_mode;actual_line_id;actual_route_id;actual_direction;boarding_stop_id;alighting_stop_id;transfer_chain,resident,fixed_worker,home,work,home_hk_collective_000431,work_poi_igeocom:557745,30493.0,False,pt,generic,distance;end_link;start_link;trav_time;type,False,road_94220_0_f,road_101796_0_f,40568.669,01:05:14,,,,,,,,,,,not_modelled_no_serialized_transfer_chain_or_eligibility,,adult_reference_not_applied,Octopus_reference_not_applied,audit_only_no_fare_estimation
hk_collective_000431,1,pt,pt_fare_chargeability_audit,,,,U,unresolved,generic_pt_leg_missing_actual_mode_line_route_boarding_alighting_transfer_chain,actual_transport_mode;actual_line_id;actual_route_id;actual_direction;boarding_stop_id;alighting_stop_id;transfer_chain,resident,fixed_worker,work,home,work_poi_igeocom:557745,home_hk_collective_000431,60976.0,False,pt,generic,distance;end_link;start_link;trav_time;type,False,road_101796_0_f,road_94220_0_f,39923.25799999999,01:04:10,,,,,,,,,,,not_modelled_no_serialized_transfer_chain_or_eligibility,,adult_reference_not_applied,Octopus_reference_not_applied,audit_only_no_fare_estimation
hk_collective_000434,0,pt,pt_fare_chargeability_audit,,,,U,unresolved,generic_pt_leg_missing_actual_mode_line_route_boarding_alighting_transfer_chain,actual_transport_mode;actual_line_id;actual_route_id;actual_direction;boarding_stop_id;alighting_stop_id;transfer_chain,resident,fixed_worker,home,work,home_hk_collective_000434,work_poi_igeocom:535906,29355.0,False,pt,generic,distance;end_link;start_link;trav_time;type,False,road_260432_0_r,road_62584_0_f,33782.224,00:57:08,,,,,,,,,,,not_modelled_no_serialized_transfer_chain_or_eligibility,,adult_reference_not_applied,Octopus_reference_not_applied,audit_only_no_fare_estimation
hk_collective_000434,1,pt,pt_fare_chargeability_audit,,,,U,unresolved,generic_pt_leg_missing_actual_mode_line_route_boarding_alighting_transfer_chain,actual_transport_mode;actual_line_id;actual_route_id;actual_direction;boarding_stop_id;alighting_stop_id;transfer_chain,resident,fixed_worker,work,home,work_poi_igeocom:535906,home_hk_collective_000434,58515.0,False,pt,generic,distance;end_link;start_link;trav_time;type,False,road_62584_0_f,road_260432_0_r,34055.662,00:56:32,,,,,,,,,,,not_modelled_no_serialized_transfer_chain_or_eligibility,,adult_reference_not_applied,Octopus_reference_not_applied,audit_only_no_fare_estimation
hk_collective_000437,0,pt,pt_fare_chargeability_audit,,,,U,unresolved,generic_pt_leg_missing_actual_mode_line_route_boarding_alighting_transfer_chain,actual_transport_mode;actual_line_id;actual_route_id;actual_direction;boarding_stop_id;alighting_stop_id;transfer_chain,resident,work_mobile,home,work_mobile,home_hk_collective_000437,work_mobile_poi_igeocom:21133677,32752.0,False,pt,generic,distance;end_link;start_link;trav_time;type,False,road_96732_0_f,road_104699_0_f,32010.692000000014,00:53:55,,,,,,,,,,,not_modelled_no_serialized_transfer_chain_or_eligibility,,adult_reference_not_applied,Octopus_reference_not_applied,audit_only_no_fare_estimation
hk_collective_000437,1,pt,pt_fare_chargeability_audit,,,,U,unresolved,generic_pt_leg_missing_actual_mode_line_route_boarding_alighting_transfer_chain,actual_transport_mode;actual_line_id;actual_route_id;actual_direction;boarding_stop_id;alighting_stop_id;transfer_chain,resident,work_mobile,work_mobile,home,work_mobile_poi_igeocom:21133677,home_hk_collective_000437,61808.0,False,pt,generic,distance;end_link;start_link;trav_time;type,False,road_104699_0_f,road_96732_0_f,34089.981,00:52:58,,,,,,,,,,,not_modelled_no_serialized_transfer_chain_or_eligibility,,adult_reference_not_applied,Octopus_reference_not_applied,audit_only_no_fare_estimation
hk_collective_000438,0,pt,pt_fare_chargeability_audit,,,,U,unresolved,generic_pt_leg_missing_actual_mode_line_route_boarding_alighting_transfer_chain,actual_transport_mode;actual_line_id;actual_route_id;actual_direction;boarding_stop_id;alighting_stop_id;transfer_chain,resident,fixed_worker,home,work,home_hk_collective_000438,work_poi_igeocom:532379,30949.0,False,pt,generic,distance;end_link;start_link;trav_time;type,False,road_99312_0_r,road_9732_0_r,27396.281000000003,00:44:34,,,,,,,,,,,not_modelled_no_serialized_transfer_chain_or_eligibility,,adult_reference_not_applied,Octopus_reference_not_applied,audit_only_no_fare_estimation
hk_collective_000438,1,pt,pt_fare_chargeability_audit,,,,U,unresolved,generic_pt_leg_missing_actual_mode_line_route_boarding_alighting_transfer_chain,actual_transport_mode;actual_line_id;actual_route_id;actual_direction;boarding_stop_id;alighting_stop_id;transfer_chain,resident,fixed_worker,work,home,work_poi_igeocom:532379,home_hk_collective_000438,64048.0,False,pt,generic,distance;end_link;start_link;trav_time;type,False,road_9732_0_r,road_99312_0_r,27905.702000000005,00:46:28,,,,,,,,,,,not_modelled_no_serialized_transfer_chain_or_eligibility,,adult_reference_not_applied,Octopus_reference_not_applied,audit_only_no_fare_estimation
hk_collective_000438,2,pt,pt_fare_chargeability_audit,,,,U,unresolved,generic_pt_leg_missing_actual_mode_line_route_boarding_alighting_transfer_chain,actual_transport_mode;actual_line_id;actual_route_id;actual_direction;boarding_stop_id;alighting_stop_id;transfer_chain,resident,fixed_worker,home,shopping,home_hk_collective_000438,resident_shopping_osm_missing_73417,68118.0,True,pt,generic,distance;end_link;start_link;trav_time;type,False,road_99312_0_r,road_164605_0_r,12716.871,00:22:06,,,,,,,,,,,not_modelled_no_serialized_transfer_chain_or_eligibility,,adult_reference_not_applied,Octopus_reference_not_applied,audit_only_no_fare_estimation
hk_collective_000438,3,pt,pt_fare_chargeability_audit,,,,U,unresolved,generic_pt_leg_missing_actual_mode_line_route_boarding_alighting_transfer_chain,actual_transport_mode;actual_line_id;actual_route_id;actual_direction;boarding_stop_id;alighting_stop_id;transfer_chain,resident,fixed_worker,shopping,home,resident_shopping_osm_missing_73417,home_hk_collective_000438,75018.0,True,pt,generic,distance;end_link;start_link;trav_time;type,False,road_164605_0_r,road_99312_0_r,13170.648,00:22:26,,,,,,,,,,,not_modelled_no_serialized_transfer_chain_or_eligibility,,adult_reference_not_applied,Octopus_reference_not_applied,audit_only_no_fare_estimation
hk_collective_000439,0,pt,pt_fare_chargeability_audit,,,,U,unresolved,generic_pt_leg_missing_actual_mode_line_route_boarding_alighting_transfer_chain,actual_transport_mode;actual_line_id;actual_route_id;actual_direction;boarding_stop_id;alighting_stop_id;transfer_chain,resident,fixed_worker,home,work,home_hk_collective_000439,work_poi_igeocom:21246740,27860.0,False,pt,generic,distance;end_link;start_link;trav_time;type,False,road_165467_0_f,road_57437_0_f,21534.497,00:32:28,,,,,,,,,,,not_modelled_no_serialized_transfer_chain_or_eligibility,,adult_reference_not_applied,Octopus_reference_not_applied,audit_only_no_fare_estimation
hk_collective_000439,1,pt,pt_fare_chargeability_audit,,,,U,unresolved,generic_pt_leg_missing_actual_mode_line_route_boarding_alighting_transfer_chain,actual_transport_mode;actual_line_id;actual_route_id;actual_direction;boarding_stop_id;alighting_stop_id;transfer_chain,resident,fixed_worker,work,home,work_poi_igeocom:21246740,home_hk_collective_000439,56765.0,False,pt,generic,distance;end_link;start_link;trav_time;type,False,road_57437_0_f,road_165467_0_f,22907.298000000003,00:34:11,,,,,,,,,,,not_modelled_no_serialized_transfer_chain_or_eligibility,,adult_reference_not_applied,Octopus_reference_not_applied,audit_only_no_fare_estimation
hk_collective_000440,0,pt,pt_fare_chargeability_audit,,,,U,unresolved,generic_pt_leg_missing_actual_mode_line_route_boarding_alighting_transfer_chain,actual_transport_mode;actual_line_id;actual_route_id;actual_direction;boarding_stop_id;alighting_stop_id;transfer_chain,resident,day_school_student,home,school_secondary,home_hk_collective_000440,school_752,29803.0,False,pt,generic,distance;end_link;start_link;trav_time;type,False,road_99312_0_r,road_97241_0_f,1416.929,00:02:41,,,,,,,,,,,not_modelled_no_serialized_transfer_chain_or_eligibility,,adult_reference_not_applied,Octopus_reference_not_applied,audit_only_no_fare_estimation
hk_collective_000440,1,pt,pt_fare_chargeability_audit,,,,U,unresolved,generic_pt_leg_missing_actual_mode_line_route_boarding_alighting_transfer_chain,actual_transport_mode;actual_line_id;actual_route_id;actual_direction;boarding_stop_id;alighting_stop_id;transfer_chain,resident,day_school_student,school_secondary,home,school_752,home_hk_collective_000440,55627.0,False,pt,generic,distance;end_link;start_link;trav_time;type,False,road_97241_0_f,road_99312_0_r,3138.3540000000003,00:05:46,,,,,,,,,,,not_modelled_no_serialized_transfer_chain_or_eligibility,,adult_reference_not_applied,Octopus_reference_not_applied,audit_only_no_fare_estimation
hk_collective_000440,2,pt,pt_fare_chargeability_audit,,,,U,unresolved,generic_pt_leg_missing_actual_mode_line_route_boarding_alighting_transfer_chain,actual_transport_mode;actual_line_id;actual_route_id;actual_direction;boarding_stop_id;alighting_stop_id;transfer_chain,resident,day_school_student,home,dining,home_hk_collective_000440,resident_dining_osm_12028786327_43499,58328.0,True,pt,generic,distance;end_link;start_link;trav_time;type,False,road_99312_0_r,road_97067_0_f,9372.819,00:17:07,,,,,,,,,,,not_modelled_no_serialized_transfer_chain_or_eligibility,,adult_reference_not_applied,Octopus_reference_not_applied,audit_only_no_fare_estimation
hk_collective_000440,3,pt,pt_fare_chargeability_audit,,,,U,unresolved,generic_pt_leg_missing_actual_mode_line_route_boarding_alighting_transfer_chain,actual_transport_mode;actual_line_id;actual_route_id;actual_direction;boarding_stop_id;alighting_stop_id;transfer_chain,resident,day_school_student,dining,home,resident_dining_osm_12028786327_43499,home_hk_collective_000440,64928.0,True,pt,generic,distance;end_link;start_link;trav_time;type,False,road_97067_0_f,road_99312_0_r,8943.906000000003,00:16:28,,,,,,,,,,,not_modelled_no_serialized_transfer_chain_or_eligibility,,adult_reference_not_applied,Octopus_reference_not_applied,audit_only_no_fare_estimation
hk_collective_000445,0,pt,pt_fare_chargeability_audit,,,,U,unresolved,generic_pt_leg_missing_actual_mode_line_route_boarding_alighting_transfer_chain,actual_transport_mode;actual_line_id;actual_route_id;actual_direction;boarding_stop_id;alighting_stop_id;transfer_chain,resident,usual_resident_border,home,border,home_hk_collective_000445,border_2,25068.0,False,pt,generic,distance;end_link;start_link;trav_time;type,False,road_94474_0_f,road_112015_0_f,19852.712,00:33:53,,,,,,,,,,,not_modelled_no_serialized_transfer_chain_or_eligibility,,adult_reference_not_applied,Octopus_reference_not_applied,audit_only_no_fare_estimation
hk_collective_000445,1,pt,pt_fare_chargeability_audit,,,,U,unresolved,generic_pt_leg_missing_actual_mode_line_route_boarding_alighting_transfer_chain,actual_transport_mode;actual_line_id;actual_route_id;actual_direction;boarding_stop_id;alighting_stop_id;transfer_chain,resident,usual_resident_border,border,home,border_2,home_hk_collective_000445,76779.0,False,pt,generic,distance;end_link;start_link;trav_time;type,False,road_112015_0_f,road_94474_0_f,21318.527,00:36:02,,,,,,,,,,,not_modelled_no_serialized_transfer_chain_or_eligibility,,adult_reference_not_applied,Octopus_reference_not_applied,audit_only_no_fare_estimation
hk_collective_000446,0,pt,pt_fare_chargeability_audit,,,,U,unresolved,generic_pt_leg_missing_actual_mode_line_route_boarding_alighting_transfer_chain,actual_transport_mode;actual_line_id;actual_route_id;actual_direction;boarding_stop_id;alighting_stop_id;transfer_chain,resident,home_only,home,medical,home_hk_collective_000446,resident_medical_igeocom_562095,45229.0,True,pt,generic,distance;end_link;start_link;trav_time;type,False,road_95044_0_f,road_95958_0_f,6133.848999999998,00:13:17,,,,,,,,,,,not_modelled_no_serialized_transfer_chain_or_eligibility,,adult_reference_not_applied,Octopus_reference_not_applied,audit_only_no_fare_estimation
hk_collective_000446,1,pt,pt_fare_chargeability_audit,,,,U,unresolved,generic_pt_leg_missing_actual_mode_line_route_boarding_alighting_transfer_chain,actual_transport_mode;actual_line_id;actual_route_id;actual_direction;boarding_stop_id;alighting_stop_id;transfer_chain,resident,home_only,medical,leisure,resident_medical_igeocom_562095,resident_leisure_osm_missing_66741,53029.0,True,pt,generic,distance;end_link;start_link;trav_time;type,False,road_95958_0_f,road_95054_0_f,6174.643,00:13:26,,,,,,,,,,,not_modelled_no_serialized_transfer_chain_or_eligibility,,adult_reference_not_applied,Octopus_reference_not_applied,audit_only_no_fare_estimation
hk_collective_000446,2,pt,pt_fare_chargeability_audit,,,,U,unresolved,generic_pt_leg_missing_actual_mode_line_route_boarding_alighting_transfer_chain,actual_transport_mode;actual_line_id;actual_route_id;actual_direction;boarding_stop_id;alighting_stop_id;transfer_chain,resident,home_only,leisure,home,resident_leisure_osm_missing_66741,home_hk_collective_000446,64429.0,True,pt,generic,distance;end_link;start_link;trav_time;type,False,road_95054_0_f,road_95044_0_f,2251.943,00:05:06,,,,,,,,,,,not_modelled_no_serialized_transfer_chain_or_eligibility,,adult_reference_not_applied,Octopus_reference_not_applied,audit_only_no_fare_estimation
hk_collective_000447,0,pt,pt_fare_chargeability_audit,,,,U,unresolved,generic_pt_leg_missing_actual_mode_line_route_boarding_alighting_transfer_chain,actual_transport_mode;actual_line_id;actual_route_id;actual_direction;boarding_stop_id;alighting_stop_id;transfer_chain,resident,work_home,home,medical,home_hk_collective_000447,resident_medical_igeocom_539267,34300.0,True,pt,generic,distance;end_link;start_link;trav_time;type,False,road_94469_0_f,road_96529_0_f,5150.125999999998,00:10:52,,,,,,,,,,,not_modelled_no_serialized_transfer_chain_or_eligibility,,adult_reference_not_applied,Octopus_reference_not_applied,audit_only_no_fare_estimation
hk_collective_000447,1,pt,pt_fare_chargeability_audit,,,,U,unresolved,generic_pt_leg_missing_actual_mode_line_route_boarding_alighting_transfer_chain,actual_transport_mode;actual_line_id;actual_route_id;actual_direction;boarding_stop_id;alighting_stop_id;transfer_chain,resident,work_home,medical,home,resident_medical_igeocom_539267,home_hk_collective_000447,42100.0,True,pt,generic,distance;end_link;start_link;trav_time;type,False,road_96529_0_f,road_94469_0_f,6069.901,00:12:33,,,,,,,,,,,not_modelled_no_serialized_transfer_chain_or_eligibility,,adult_reference_not_applied,Octopus_reference_not_applied,audit_only_no_fare_estimation
hk_collective_000448,0,pt,pt_fare_chargeability_audit,,,,U,unresolved,generic_pt_leg_missing_actual_mode_line_route_boarding_alighting_transfer_chain,actual_transport_mode;actual_line_id;actual_route_id;actual_direction;boarding_stop_id;alighting_stop_id;transfer_chain,resident,fixed_worker,home,work,home_hk_collective_000448,work_poi_osm:221450095:49330,32967.0,False,pt,generic,distance;end_link;start_link;trav_time;type,False,road_94469_0_f,road_96150_0_f,990.417,00:02:18,,,,,,,,,,,not_modelled_no_serialized_transfer_chain_or_eligibility,,adult_reference_not_applied,Octopus_reference_not_applied,audit_only_no_fare_estimation
hk_collective_000448,1,pt,pt_fare_chargeability_audit,,,,U,unresolved,generic_pt_leg_missing_actual_mode_line_route_boarding_alighting_transfer_chain,actual_transport_mode;actual_line_id;actual_route_id;actual_direction;boarding_stop_id;alighting_stop_id;transfer_chain,resident,fixed_worker,work,home,work_poi_osm:221450095:49330,home_hk_collective_000448,60393.0,False,pt,generic,distance;end_link;start_link;trav_time;type,False,road_96150_0_f,road_94469_0_f,979.538,00:02:07,,,,,,,,,,,not_modelled_no_serialized_transfer_chain_or_eligibility,,adult_reference_not_applied,Octopus_reference_not_applied,audit_only_no_fare_estimation
hk_collective_000449,0,pt,pt_fare_chargeability_audit,,,,U,unresolved,generic_pt_leg_missing_actual_mode_line_route_boarding_alighting_transfer_chain,actual_transport_mode;actual_line_id;actual_route_id;actual_direction;boarding_stop_id;alighting_stop_id;transfer_chain,resident,usual_resident_border,home,border,home_hk_collective_000449,border_0,29421.0,False,pt,generic,distance;end_link;start_link;trav_time;type,False,road_93975_0_f,road_273545_0_f,23809.993,00:46:04,,,,,,,,,,,not_modelled_no_serialized_transfer_chain_or_eligibility,,adult_reference_not_applied,Octopus_reference_not_applied,audit_only_no_fare_estimation
hk_collective_000449,1,pt,pt_fare_chargeability_audit,,,,U,unresolved,generic_pt_leg_missing_actual_mode_line_route_boarding_alighting_transfer_chain,actual_transport_mode;actual_line_id;actual_route_id;actual_direction;boarding_stop_id;alighting_stop_id;transfer_chain,resident,usual_resident_border,border,home,border_0,home_hk_collective_000449,71799.0,False,pt,generic,distance;end_link;start_link;trav_time;type,False,road_273545_0_f,road_93975_0_f,26572.649,00:48:44,,,,,,,,,,,not_modelled_no_serialized_transfer_chain_or_eligibility,,adult_reference_not_applied,Octopus_reference_not_applied,audit_only_no_fare_estimation
hk_collective_000450,0,pt,pt_fare_chargeability_audit,,,,U,unresolved,generic_pt_leg_missing_actual_mode_line_route_boarding_alighting_transfer_chain,actual_transport_mode;actual_line_id;actual_route_id;actual_direction;boarding_stop_id;alighting_stop_id;transfer_chain,resident,work_mobile,home,work_mobile,home_hk_collective_000450,work_mobile_poi_igeocom:558012,25189.0,False,pt,generic,distance;end_link;start_link;trav_time;type,False,road_94469_0_f,road_284477_0_f,1041.054,00:02:27,,,,,,,,,,,not_modelled_no_serialized_transfer_chain_or_eligibility,,adult_reference_not_applied,Octopus_reference_not_applied,audit_only_no_fare_estimation
hk_collective_000450,1,pt,pt_fare_chargeability_audit,,,,U,unresolved,generic_pt_leg_missing_actual_mode_line_route_boarding_alighting_transfer_chain,actual_transport_mode;actual_line_id;actual_route_id;actual_direction;boarding_stop_id;alighting_stop_id;transfer_chain,resident,work_mobile,work_mobile,home,work_mobile_poi_igeocom:558012,home_hk_collective_000450,48120.0,False,pt,generic,distance;end_link;start_link;trav_time;type,False,road_284477_0_f,road_94469_0_f,1934.446,00:04:25,,,,,,,,,,,not_modelled_no_serialized_transfer_chain_or_eligibility,,adult_reference_not_applied,Octopus_reference_not_applied,audit_only_no_fare_estimation
hk_collective_000452,0,pt,pt_fare_chargeability_audit,,,,U,unresolved,generic_pt_leg_missing_actual_mode_line_route_boarding_alighting_transfer_chain,actual_transport_mode;actual_line_id;actual_route_id;actual_direction;boarding_stop_id;alighting_stop_id;transfer_chain,resident,home_only,home,personal_business,home_hk_collective_000452,resident_personal_business_igeocom_559441,56700.0,True,pt,generic,distance;end_link;start_link;trav_time;type,False,road_95043_0_f,road_106171_0_r,29956.59400000001,00:50:40,,,,,,,,,,,not_modelled_no_serialized_transfer_chain_or_eligibility,,adult_reference_not_applied,Octopus_reference_not_applied,audit_only_no_fare_estimation
hk_collective_000452,1,pt,pt_fare_chargeability_audit,,,,U,unresolved,generic_pt_leg_missing_actual_mode_line_route_boarding_alighting_transfer_chain,actual_transport_mode;actual_line_id;actual_route_id;actual_direction;boarding_stop_id;alighting_stop_id;transfer_chain,resident,home_only,personal_business,dining,resident_personal_business_igeocom_559441,resident_dining_osm_13939516801_48287,63600.0,True,pt,generic,distance;end_link;start_link;trav_time;type,False,road_106171_0_r,road_105312_0_f,3599.114,00:07:34,,,,,,,,,,,not_modelled_no_serialized_transfer_chain_or_eligibility,,adult_reference_not_applied,Octopus_reference_not_applied,audit_only_no_fare_estimation
hk_collective_000452,2,pt,pt_fare_chargeability_audit,,,,U,unresolved,generic_pt_leg_missing_actual_mode_line_route_boarding_alighting_transfer_chain,actual_transport_mode;actual_line_id;actual_route_id;actual_direction;boarding_stop_id;alighting_stop_id;transfer_chain,resident,home_only,dining,home,resident_dining_osm_13939516801_48287,home_hk_collective_000452,70200.0,True,pt,generic,distance;end_link;start_link;trav_time;type,False,road_105312_0_f,road_95043_0_f,34664.44,00:53:48,,,,,,,,,,,not_modelled_no_serialized_transfer_chain_or_eligibility,,adult_reference_not_applied,Octopus_reference_not_applied,audit_only_no_fare_estimation
hk_collective_000454,0,pt,pt_fare_chargeability_audit,,,,U,unresolved,generic_pt_leg_missing_actual_mode_line_route_boarding_alighting_transfer_chain,actual_transport_mode;actual_line_id;actual_route_id;actual_direction;boarding_stop_id;alighting_stop_id;transfer_chain,resident,day_school_student,home,school_primary,home_hk_collective_000454,school_3396,23946.0,False,pt,generic,distance;end_link;start_link;trav_time;type,False,road_273908_0_r,road_283806_0_f,271.115,00:00:37,,,,,,,,,,,not_modelled_no_serialized_transfer_chain_or_eligibility,,adult_reference_not_applied,Octopus_reference_not_applied,audit_only_no_fare_estimation
hk_collective_000454,1,pt,pt_fare_chargeability_audit,,,,U,unresolved,generic_pt_leg_missing_actual_mode_line_route_boarding_alighting_transfer_chain,actual_transport_mode;actual_line_id;actual_route_id;actual_direction;boarding_stop_id;alighting_stop_id;transfer_chain,resident,day_school_student,school_primary,home,school_3396,home_hk_collective_000454,56964.0,False,pt,generic,distance;end_link;start_link;trav_time;type,False,road_283806_0_f,road_273908_0_r,561.8029999999999,00:01:20,,,,,,,,,,,not_modelled_no_serialized_transfer_chain_or_eligibility,,adult_reference_not_applied,Octopus_reference_not_applied,audit_only_no_fare_estimation
hk_collective_000455,0,pt,pt_fare_chargeability_audit,,,,U,unresolved,generic_pt_leg_missing_actual_mode_line_route_boarding_alighting_transfer_chain,actual_transport_mode;actual_line_id;actual_route_id;actual_direction;boarding_stop_id;alighting_stop_id;transfer_chain,resident,fixed_worker,home,work,home_hk_collective_000455,work_poi_osm:738744374:50628,31211.0,False,pt,generic,distance;end_link;start_link;trav_time;type,False,road_7881_0_f,road_96653_0_f,31973.94900000001,01:14:35,,,,,,,,,,,not_modelled_no_serialized_transfer_chain_or_eligibility,,adult_reference_not_applied,Octopus_reference_not_applied,audit_only_no_fare_estimation
hk_collective_000455,1,pt,pt_fare_chargeability_audit,,,,U,unresolved,generic_pt_leg_missing_actual_mode_line_route_boarding_alighting_transfer_chain,actual_transport_mode;actual_line_id;actual_route_id;actual_direction;boarding_stop_id;alighting_stop_id;transfer_chain,resident,fixed_worker,work,home,work_poi_osm:738744374:50628,home_hk_collective_000455,63788.0,False,pt,generic,distance;end_link;start_link;trav_time;type,False,road_96653_0_f,road_7881_0_f,29980.18000000001,01:10:51,,,,,,,,,,,not_modelled_no_serialized_transfer_chain_or_eligibility,,adult_reference_not_applied,Octopus_reference_not_applied,audit_only_no_fare_estimation
hk_collective_000456,0,pt,pt_fare_chargeability_audit,,,,U,unresolved,generic_pt_leg_missing_actual_mode_line_route_boarding_alighting_transfer_chain,actual_transport_mode;actual_line_id;actual_route_id;actual_direction;boarding_stop_id;alighting_stop_id;transfer_chain,resident,fixed_worker,home,work,home_hk_collective_000456,work_poi_igeocom:21152855,30050.0,False,pt,generic,distance;end_link;start_link;trav_time;type,False,road_8921_0_r,road_115765_0_f,49645.525,01:35:25,,,,,,,,,,,not_modelled_no_serialized_transfer_chain_or_eligibility,,adult_reference_not_applied,Octopus_reference_not_applied,audit_only_no_fare_estimation
hk_collective_000456,1,pt,pt_fare_chargeability_audit,,,,U,unresolved,generic_pt_leg_missing_actual_mode_line_route_boarding_alighting_transfer_chain,actual_transport_mode;actual_line_id;actual_route_id;actual_direction;boarding_stop_id;alighting_stop_id;transfer_chain,resident,fixed_worker,work,home,work_poi_igeocom:21152855,home_hk_collective_000456,71229.0,False,pt,generic,distance;end_link;start_link;trav_time;type,False,road_115765_0_f,road_8921_0_r,48373.42899999999,01:35:48,,,,,,,,,,,not_modelled_no_serialized_transfer_chain_or_eligibility,,adult_reference_not_applied,Octopus_reference_not_applied,audit_only_no_fare_estimation
hk_collective_000457,0,pt,pt_fare_chargeability_audit,,,,U,unresolved,generic_pt_leg_missing_actual_mode_line_route_boarding_alighting_transfer_chain,actual_transport_mode;actual_line_id;actual_route_id;actual_direction;boarding_stop_id;alighting_stop_id;transfer_chain,resident,fixed_worker,home,work,home_hk_collective_000457,work_poi_osm:missing:68713,31224.0,False,pt,generic,distance;end_link;start_link;trav_time;type,False,road_273907_0_r,road_272944_0_f,37727.12899999998,01:18:13,,,,,,,,,,,not_modelled_no_serialized_transfer_chain_or_eligibility,,adult_reference_not_applied,Octopus_reference_not_applied,audit_only_no_fare_estimation
hk_collective_000457,1,pt,pt_fare_chargeability_audit,,,,U,unresolved,generic_pt_leg_missing_actual_mode_line_route_boarding_alighting_transfer_chain,actual_transport_mode;actual_line_id;actual_route_id;actual_direction;boarding_stop_id;alighting_stop_id;transfer_chain,resident,fixed_worker,work,home,work_poi_osm:missing:68713,home_hk_collective_000457,68292.0,False,pt,generic,distance;end_link;start_link;trav_time;type,False,road_272944_0_f,road_273907_0_r,37671.99900000001,01:18:27,,,,,,,,,,,not_modelled_no_serialized_transfer_chain_or_eligibility,,adult_reference_not_applied,Octopus_reference_not_applied,audit_only_no_fare_estimation
hk_collective_000458,0,pt,pt_fare_chargeability_audit,,,,U,unresolved,generic_pt_leg_missing_actual_mode_line_route_boarding_alighting_transfer_chain,actual_transport_mode;actual_line_id;actual_route_id;actual_direction;boarding_stop_id;alighting_stop_id;transfer_chain,resident,fixed_worker,home,work,home_hk_collective_000458,work_poi_osm:missing:58789,31553.0,False,pt,generic,distance;end_link;start_link;trav_time;type,False,road_7561_0_r,road_3831_0_f,52785.61099999998,01:45:45,,,,,,,,,,,not_modelled_no_serialized_transfer_chain_or_eligibility,,adult_reference_not_applied,Octopus_reference_not_applied,audit_only_no_fare_estimation
hk_collective_000458,1,pt,pt_fare_chargeability_audit,,,,U,unresolved,generic_pt_leg_missing_actual_mode_line_route_boarding_alighting_transfer_chain,actual_transport_mode;actual_line_id;actual_route_id;actual_direction;boarding_stop_id;alighting_stop_id;transfer_chain,resident,fixed_worker,work,home,work_poi_osm:missing:58789,home_hk_collective_000458,65569.0,False,pt,generic,distance;end_link;start_link;trav_time;type,False,road_3831_0_f,road_7561_0_r,52965.903,01:46:01,,,,,,,,,,,not_modelled_no_serialized_transfer_chain_or_eligibility,,adult_reference_not_applied,Octopus_reference_not_applied,audit_only_no_fare_estimation
hk_collective_000459,0,pt,pt_fare_chargeability_audit,,,,U,unresolved,generic_pt_leg_missing_actual_mode_line_route_boarding_alighting_transfer_chain,actual_transport_mode;actual_line_id;actual_route_id;actual_direction;boarding_stop_id;alighting_stop_id;transfer_chain,resident,fixed_worker,home,work,home_hk_collective_000459,work_poi_osm:3237582061:11802,26648.0,False,pt,generic,distance;end_link;start_link;trav_time;type,False,road_8906_0_r,road_270343_0_r,77226.78899999998,02:40:36,,,,,,,,,,,not_modelled_no_serialized_transfer_chain_or_eligibility,,adult_reference_not_applied,Octopus_reference_not_applied,audit_only_no_fare_estimation
hk_collective_000459,1,pt,pt_fare_chargeability_audit,,,,U,unresolved,generic_pt_leg_missing_actual_mode_line_route_boarding_alighting_transfer_chain,actual_transport_mode;actual_line_id;actual_route_id;actual_direction;boarding_stop_id;alighting_stop_id;transfer_chain,resident,fixed_worker,work,home,work_poi_osm:3237582061:11802,home_hk_collective_000459,46749.0,False,pt,generic,distance;end_link;start_link;trav_time;type,False,road_270343_0_r,road_8906_0_r,76725.38999999996,02:39:26,,,,,,,,,,,not_modelled_no_serialized_transfer_chain_or_eligibility,,adult_reference_not_applied,Octopus_reference_not_applied,audit_only_no_fare_estimation
hk_collective_000460,0,pt,pt_fare_chargeability_audit,,,,U,unresolved,generic_pt_leg_missing_actual_mode_line_route_boarding_alighting_transfer_chain,actual_transport_mode;actual_line_id;actual_route_id;actual_direction;boarding_stop_id;alighting_stop_id;transfer_chain,resident,fixed_worker,home,work,home_hk_collective_000460,work_poi_igeocom:542744,30416.0,False,pt,generic,distance;end_link;start_link;trav_time;type,False,road_273907_0_r,road_281405_0_f,51935.38499999999,01:44:13,,,,,,,,,,,not_modelled_no_serialized_transfer_chain_or_eligibility,,adult_reference_not_applied,Octopus_reference_not_applied,audit_only_no_fare_estimation
hk_collective_000460,1,pt,pt_fare_chargeability_audit,,,,U,unresolved,generic_pt_leg_missing_actual_mode_line_route_boarding_alighting_transfer_chain,actual_transport_mode;actual_line_id;actual_route_id;actual_direction;boarding_stop_id;alighting_stop_id;transfer_chain,resident,fixed_worker,work,home,work_poi_igeocom:542744,home_hk_collective_000460,68319.0,False,pt,generic,distance;end_link;start_link;trav_time;type,False,road_281405_0_f,road_273907_0_r,51674.527,01:43:13,,,,,,,,,,,not_modelled_no_serialized_transfer_chain_or_eligibility,,adult_reference_not_applied,Octopus_reference_not_applied,audit_only_no_fare_estimation
hk_collective_000461,0,pt,pt_fare_chargeability_audit,,,,U,unresolved,generic_pt_leg_missing_actual_mode_line_route_boarding_alighting_transfer_chain,actual_transport_mode;actual_line_id;actual_route_id;actual_direction;boarding_stop_id;alighting_stop_id;transfer_chain,resident,fixed_worker,home,work,home_hk_collective_000461,work_grid_1499,28645.0,False,pt,generic,distance;end_link;start_link;trav_time;type,False,road_8583_0_r,road_60486_0_f,73681.75399999999,02:32:25,,,,,,,,,,,not_modelled_no_serialized_transfer_chain_or_eligibility,,adult_reference_not_applied,Octopus_reference_not_applied,audit_only_no_fare_estimation
hk_collective_000461,1,pt,pt_fare_chargeability_audit,,,,U,unresolved,generic_pt_leg_missing_actual_mode_line_route_boarding_alighting_transfer_chain,actual_transport_mode;actual_line_id;actual_route_id;actual_direction;boarding_stop_id;alighting_stop_id;transfer_chain,resident,fixed_worker,work,home,work_grid_1499,home_hk_collective_000461,59349.0,False,pt,generic,distance;end_link;start_link;trav_time;type,False,road_60486_0_f,road_8583_0_r,72865.63299999996,02:30:30,,,,,,,,,,,not_modelled_no_serialized_transfer_chain_or_eligibility,,adult_reference_not_applied,Octopus_reference_not_applied,audit_only_no_fare_estimation
hk_collective_000462,0,pt,pt_fare_chargeability_audit,,,,U,unresolved,generic_pt_leg_missing_actual_mode_line_route_boarding_alighting_transfer_chain,actual_transport_mode;actual_line_id;actual_route_id;actual_direction;boarding_stop_id;alighting_stop_id;transfer_chain,resident,fixed_worker,home,work,home_hk_collective_000462,work_poi_igeocom:531424,24839.0,False,pt,generic,distance;end_link;start_link;trav_time;type,False,road_165002_0_f,road_4269_0_f,53833.91299999998,01:49:36,,,,,,,,,,,not_modelled_no_serialized_transfer_chain_or_eligibility,,adult_reference_not_applied,Octopus_reference_not_applied,audit_only_no_fare_estimation
hk_collective_000462,1,pt,pt_fare_chargeability_audit,,,,U,unresolved,generic_pt_leg_missing_actual_mode_line_route_boarding_alighting_transfer_chain,actual_transport_mode;actual_line_id;actual_route_id;actual_direction;boarding_stop_id;alighting_stop_id;transfer_chain,resident,fixed_worker,work,home,work_poi_igeocom:531424,home_hk_collective_000462,57047.0,False,pt,generic,distance;end_link;start_link;trav_time;type,False,road_4269_0_f,road_165002_0_f,52948.14000000001,01:47:38,,,,,,,,,,,not_modelled_no_serialized_transfer_chain_or_eligibility,,adult_reference_not_applied,Octopus_reference_not_applied,audit_only_no_fare_estimation
hk_collective_000466,0,pt,pt_fare_chargeability_audit,,,,U,unresolved,generic_pt_leg_missing_actual_mode_line_route_boarding_alighting_transfer_chain,actual_transport_mode;actual_line_id;actual_route_id;actual_direction;boarding_stop_id;alighting_stop_id;transfer_chain,resident,fixed_worker,home,work,home_hk_collective_000466,work_poi_igeocom:540617,28651.0,False,pt,generic,distance;end_link;start_link;trav_time;type,False,road_279190_0_f,road_9401_0_f,16880.976999999995,00:31:24,,,,,,,,,,,not_modelled_no_serialized_transfer_chain_or_eligibility,,adult_reference_not_applied,Octopus_reference_not_applied,audit_only_no_fare_estimation
hk_collective_000466,1,pt,pt_fare_chargeability_audit,,,,U,unresolved,generic_pt_leg_missing_actual_mode_line_route_boarding_alighting_transfer_chain,actual_transport_mode;actual_line_id;actual_route_id;actual_direction;boarding_stop_id;alighting_stop_id;transfer_chain,resident,fixed_worker,work,home,work_poi_igeocom:540617,home_hk_collective_000466,61983.0,False,pt,generic,distance;end_link;start_link;trav_time;type,False,road_9401_0_f,road_279190_0_f,18078.771000000008,00:34:13,,,,,,,,,,,not_modelled_no_serialized_transfer_chain_or_eligibility,,adult_reference_not_applied,Octopus_reference_not_applied,audit_only_no_fare_estimation
hk_collective_000467,0,pt,pt_fare_chargeability_audit,,,,U,unresolved,generic_pt_leg_missing_actual_mode_line_route_boarding_alighting_transfer_chain,actual_transport_mode;actual_line_id;actual_route_id;actual_direction;boarding_stop_id;alighting_stop_id;transfer_chain,resident,fixed_worker,home,work,home_hk_collective_000467,work_poi_igeocom:21247837,32885.0,False,pt,generic,distance;end_link;start_link;trav_time;type,False,road_272644_0_f,road_57358_0_f,15838.327000000005,00:28:48,,,,,,,,,,,not_modelled_no_serialized_transfer_chain_or_eligibility,,adult_reference_not_applied,Octopus_reference_not_applied,audit_only_no_fare_estimation
hk_collective_000467,1,pt,pt_fare_chargeability_audit,,,,U,unresolved,generic_pt_leg_missing_actual_mode_line_route_boarding_alighting_transfer_chain,actual_transport_mode;actual_line_id;actual_route_id;actual_direction;boarding_stop_id;alighting_stop_id;transfer_chain,resident,fixed_worker,work,home,work_poi_igeocom:21247837,home_hk_collective_000467,70290.0,False,pt,generic,distance;end_link;start_link;trav_time;type,False,road_57358_0_f,road_272644_0_f,14679.672000000004,00:26:18,,,,,,,,,,,not_modelled_no_serialized_transfer_chain_or_eligibility,,adult_reference_not_applied,Octopus_reference_not_applied,audit_only_no_fare_estimation
hk_collective_000468,0,pt,pt_fare_chargeability_audit,,,,U,unresolved,generic_pt_leg_missing_actual_mode_line_route_boarding_alighting_transfer_chain,actual_transport_mode;actual_line_id;actual_route_id;actual_direction;boarding_stop_id;alighting_stop_id;transfer_chain,resident,fixed_worker,home,work,home_hk_collective_000468,work_poi_igeocom:21079362,25773.0,False,pt,generic,distance;end_link;start_link;trav_time;type,False,road_94683_0_f,road_261075_0_f,19228.45600000001,00:39:37,,,,,,,,,,,not_modelled_no_serialized_transfer_chain_or_eligibility,,adult_reference_not_applied,Octopus_reference_not_applied,audit_only_no_fare_estimation
hk_collective_000468,1,pt,pt_fare_chargeability_audit,,,,U,unresolved,generic_pt_leg_missing_actual_mode_line_route_boarding_alighting_transfer_chain,actual_transport_mode;actual_line_id;actual_route_id;actual_direction;boarding_stop_id;alighting_stop_id;transfer_chain,resident,fixed_worker,work,home,work_poi_igeocom:21079362,home_hk_collective_000468,61809.0,False,pt,generic,distance;end_link;start_link;trav_time;type,False,road_261075_0_f,road_94683_0_f,18065.076,00:37:51,,,,,,,,,,,not_modelled_no_serialized_transfer_chain_or_eligibility,,adult_reference_not_applied,Octopus_reference_not_applied,audit_only_no_fare_estimation
hk_collective_000469,0,pt,pt_fare_chargeability_audit,,,,U,unresolved,generic_pt_leg_missing_actual_mode_line_route_boarding_alighting_transfer_chain,actual_transport_mode;actual_line_id;actual_route_id;actual_direction;boarding_stop_id;alighting_stop_id;transfer_chain,resident,fixed_worker,home,work,home_hk_collective_000469,work_poi_igeocom:528955,28482.0,False,pt,generic,distance;end_link;start_link;trav_time;type,False,road_97121_0_f,road_115906_0_r,31926.118000000017,00:53:32,,,,,,,,,,,not_modelled_no_serialized_transfer_chain_or_eligibility,,adult_reference_not_applied,Octopus_reference_not_applied,audit_only_no_fare_estimation
hk_collective_000469,1,pt,pt_fare_chargeability_audit,,,,U,unresolved,generic_pt_leg_missing_actual_mode_line_route_boarding_alighting_transfer_chain,actual_transport_mode;actual_line_id;actual_route_id;actual_direction;boarding_stop_id;alighting_stop_id;transfer_chain,resident,fixed_worker,work,home,work_poi_igeocom:528955,home_hk_collective_000469,57544.0,False,pt,generic,distance;end_link;start_link;trav_time;type,False,road_115906_0_r,road_97121_0_f,25632.759,00:43:21,,,,,,,,,,,not_modelled_no_serialized_transfer_chain_or_eligibility,,adult_reference_not_applied,Octopus_reference_not_applied,audit_only_no_fare_estimation
hk_collective_000470,0,pt,pt_fare_chargeability_audit,,,,U,unresolved,generic_pt_leg_missing_actual_mode_line_route_boarding_alighting_transfer_chain,actual_transport_mode;actual_line_id;actual_route_id;actual_direction;boarding_stop_id;alighting_stop_id;transfer_chain,resident,fixed_worker,home,work,home_hk_collective_000470,work_poi_igeocom:531363,29764.0,False,pt,generic,distance;end_link;start_link;trav_time;type,False,road_96051_0_r,road_101609_0_f,38253.901000000005,01:05:18,,,,,,,,,,,not_modelled_no_serialized_transfer_chain_or_eligibility,,adult_reference_not_applied,Octopus_reference_not_applied,audit_only_no_fare_estimation
hk_collective_000470,1,pt,pt_fare_chargeability_audit,,,,U,unresolved,generic_pt_leg_missing_actual_mode_line_route_boarding_alighting_transfer_chain,actual_transport_mode;actual_line_id;actual_route_id;actual_direction;boarding_stop_id;alighting_stop_id;transfer_chain,resident,fixed_worker,work,home,work_poi_igeocom:531363,home_hk_collective_000470,70108.0,False,pt,generic,distance;end_link;start_link;trav_time;type,False,road_101609_0_f,road_96051_0_r,38478.000000000015,01:05:57,,,,,,,,,,,not_modelled_no_serialized_transfer_chain_or_eligibility,,adult_reference_not_applied,Octopus_reference_not_applied,audit_only_no_fare_estimation
hk_collective_000471,0,pt,pt_fare_chargeability_audit,,,,U,unresolved,generic_pt_leg_missing_actual_mode_line_route_boarding_alighting_transfer_chain,actual_transport_mode;actual_line_id;actual_route_id;actual_direction;boarding_stop_id;alighting_stop_id;transfer_chain,resident,fixed_worker,home,work,home_hk_collective_000471,work_poi_igeocom:529977,32485.0,False,pt,generic,distance;end_link;start_link;trav_time;type,False,road_94683_0_f,road_96954_0_f,5543.460999999999,00:14:03,,,,,,,,,,,not_modelled_no_serialized_transfer_chain_or_eligibility,,adult_reference_not_applied,Octopus_reference_not_applied,audit_only_no_fare_estimation
hk_collective_000471,1,pt,pt_fare_chargeability_audit,,,,U,unresolved,generic_pt_leg_missing_actual_mode_line_route_boarding_alighting_transfer_chain,actual_transport_mode;actual_line_id;actual_route_id;actual_direction;boarding_stop_id;alighting_stop_id;transfer_chain,resident,fixed_worker,work,home,work_poi_igeocom:529977,home_hk_collective_000471,63255.0,False,pt,generic,distance;end_link;start_link;trav_time;type,False,road_96954_0_f,road_94683_0_f,7365.339999999997,00:12:49,,,,,,,,,,,not_modelled_no_serialized_transfer_chain_or_eligibility,,adult_reference_not_applied,Octopus_reference_not_applied,audit_only_no_fare_estimation
hk_collective_000472,0,pt,pt_fare_chargeability_audit,,,,U,unresolved,generic_pt_leg_missing_actual_mode_line_route_boarding_alighting_transfer_chain,actual_transport_mode;actual_line_id;actual_route_id;actual_direction;boarding_stop_id;alighting_stop_id;transfer_chain,resident,fixed_worker,home,work,home_hk_collective_000472,work_poi_igeocom:549544,36290.0,False,pt,generic,distance;end_link;start_link;trav_time;type,False,road_96060_0_f,road_7624_0_r,16791.277999999995,00:34:25,,,,,,,,,,,not_modelled_no_serialized_transfer_chain_or_eligibility,,adult_reference_not_applied,Octopus_reference_not_applied,audit_only_no_fare_estimation
hk_collective_000472,1,pt,pt_fare_chargeability_audit,,,,U,unresolved,generic_pt_leg_missing_actual_mode_line_route_boarding_alighting_transfer_chain,actual_transport_mode;actual_line_id;actual_route_id;actual_direction;boarding_stop_id;alighting_stop_id;transfer_chain,resident,fixed_worker,work,home,work_poi_igeocom:549544,home_hk_collective_000472,67497.0,False,pt,generic,distance;end_link;start_link;trav_time;type,False,road_7624_0_r,road_96060_0_f,16923.303,00:34:49,,,,,,,,,,,not_modelled_no_serialized_transfer_chain_or_eligibility,,adult_reference_not_applied,Octopus_reference_not_applied,audit_only_no_fare_estimation
hk_collective_000473,0,pt,pt_fare_chargeability_audit,,,,U,unresolved,generic_pt_leg_missing_actual_mode_line_route_boarding_alighting_transfer_chain,actual_transport_mode;actual_line_id;actual_route_id;actual_direction;boarding_stop_id;alighting_stop_id;transfer_chain,resident,fixed_worker,home,work,home_hk_collective_000473,work_poi_igeocom:21096281,28512.0,False,pt,generic,distance;end_link;start_link;trav_time;type,False,road_96057_0_f,road_107133_0_f,25583.942000000006,00:46:13,,,,,,,,,,,not_modelled_no_serialized_transfer_chain_or_eligibility,,adult_reference_not_applied,Octopus_reference_not_applied,audit_only_no_fare_estimation
hk_collective_000473,1,pt,pt_fare_chargeability_audit,,,,U,unresolved,generic_pt_leg_missing_actual_mode_line_route_boarding_alighting_transfer_chain,actual_transport_mode;actual_line_id;actual_route_id;actual_direction;boarding_stop_id;alighting_stop_id;transfer_chain,resident,fixed_worker,work,home,work_poi_igeocom:21096281,home_hk_collective_000473,64350.0,False,pt,generic,distance;end_link;start_link;trav_time;type,False,road_107133_0_f,road_96057_0_f,23172.95300000001,00:39:42,,,,,,,,,,,not_modelled_no_serialized_transfer_chain_or_eligibility,,adult_reference_not_applied,Octopus_reference_not_applied,audit_only_no_fare_estimation
hk_collective_000474,0,pt,pt_fare_chargeability_audit,,,,U,unresolved,generic_pt_leg_missing_actual_mode_line_route_boarding_alighting_transfer_chain,actual_transport_mode;actual_line_id;actual_route_id;actual_direction;boarding_stop_id;alighting_stop_id;transfer_chain,resident,fixed_worker,home,work,home_hk_collective_000474,work_poi_igeocom:539001,28401.0,False,pt,generic,distance;end_link;start_link;trav_time;type,False,road_165027_0_f,road_94574_0_f,6879.925000000001,00:17:28,,,,,,,,,,,not_modelled_no_serialized_transfer_chain_or_eligibility,,adult_reference_not_applied,Octopus_reference_not_applied,audit_only_no_fare_estimation
hk_collective_000474,1,pt,pt_fare_chargeability_audit,,,,U,unresolved,generic_pt_leg_missing_actual_mode_line_route_boarding_alighting_transfer_chain,actual_transport_mode;actual_line_id;actual_route_id;actual_direction;boarding_stop_id;alighting_stop_id;transfer_chain,resident,fixed_worker,work,home,work_poi_igeocom:539001,home_hk_collective_000474,57271.0,False,pt,generic,distance;end_link;start_link;trav_time;type,False,road_94574_0_f,road_165027_0_f,6628.906000000001,00:16:26,,,,,,,,,,,not_modelled_no_serialized_transfer_chain_or_eligibility,,adult_reference_not_applied,Octopus_reference_not_applied,audit_only_no_fare_estimation
hk_collective_000475,0,pt,pt_fare_chargeability_audit,,,,U,unresolved,generic_pt_leg_missing_actual_mode_line_route_boarding_alighting_transfer_chain,actual_transport_mode;actual_line_id;actual_route_id;actual_direction;boarding_stop_id;alighting_stop_id;transfer_chain,resident,day_school_student,home,school_kindergarten,home_hk_collective_000475,school_1474,28445.0,False,pt,generic,distance;end_link;start_link;trav_time;type,False,road_261684_0_f,road_95185_0_f,5672.709000000001,00:14:33,,,,,,,,,,,not_modelled_no_serialized_transfer_chain_or_eligibility,,adult_reference_not_applied,Octopus_reference_not_applied,audit_only_no_fare_estimation
hk_collective_000475,1,pt,pt_fare_chargeability_audit,,,,U,unresolved,generic_pt_leg_missing_actual_mode_line_route_boarding_alighting_transfer_chain,actual_transport_mode;actual_line_id;actual_route_id;actual_direction;boarding_stop_id;alighting_stop_id;transfer_chain,resident,day_school_student,school_kindergarten,home,school_1474,home_hk_collective_000475,44577.0,False,pt,generic,distance;end_link;start_link;trav_time;type,False,road_95185_0_f,road_261684_0_f,5585.546000000004,00:13:57,,,,,,,,,,,not_modelled_no_serialized_transfer_chain_or_eligibility,,adult_reference_not_applied,Octopus_reference_not_applied,audit_only_no_fare_estimation
hk_collective_000476,0,pt,pt_fare_chargeability_audit,,,,U,unresolved,generic_pt_leg_missing_actual_mode_line_route_boarding_alighting_transfer_chain,actual_transport_mode;actual_line_id;actual_route_id;actual_direction;boarding_stop_id;alighting_stop_id;transfer_chain,resident,tertiary_student,home,education_tertiary,home_hk_collective_000476,education_tertiary_poi_osm:missing:53330,28023.0,False,pt,generic,distance;end_link;start_link;trav_time;type,False,road_94728_0_f,road_61174_0_f,27116.520000000004,00:49:32,,,,,,,,,,,not_modelled_no_serialized_transfer_chain_or_eligibility,,adult_reference_not_applied,Octopus_reference_not_applied,audit_only_no_fare_estimation
hk_collective_000476,1,pt,pt_fare_chargeability_audit,,,,U,unresolved,generic_pt_leg_missing_actual_mode_line_route_boarding_alighting_transfer_chain,actual_transport_mode;actual_line_id;actual_route_id;actual_direction;boarding_stop_id;alighting_stop_id;transfer_chain,resident,tertiary_student,education_tertiary,home,education_tertiary_poi_osm:missing:53330,home_hk_collective_000476,59626.0,False,pt,generic,distance;end_link;start_link;trav_time;type,False,road_61174_0_f,road_94728_0_f,26931.273,00:48:44,,,,,,,,,,,not_modelled_no_serialized_transfer_chain_or_eligibility,,adult_reference_not_applied,Octopus_reference_not_applied,audit_only_no_fare_estimation
hk_collective_000478,0,pt,pt_fare_chargeability_audit,,,,U,unresolved,generic_pt_leg_missing_actual_mode_line_route_boarding_alighting_transfer_chain,actual_transport_mode;actual_line_id;actual_route_id;actual_direction;boarding_stop_id;alighting_stop_id;transfer_chain,resident,fixed_worker,home,work,home_hk_collective_000478,work_poi_osm:5397786896:25316,25583.0,False,pt,generic,distance;end_link;start_link;trav_time;type,False,road_96441_0_f,road_61995_0_f,31951.32300000001,00:58:33,,,,,,,,,,,not_modelled_no_serialized_transfer_chain_or_eligibility,,adult_reference_not_applied,Octopus_reference_not_applied,audit_only_no_fare_estimation
hk_collective_000478,1,pt,pt_fare_chargeability_audit,,,,U,unresolved,generic_pt_leg_missing_actual_mode_line_route_boarding_alighting_transfer_chain,actual_transport_mode;actual_line_id;actual_route_id;actual_direction;boarding_stop_id;alighting_stop_id;transfer_chain,resident,fixed_worker,work,home,work_poi_osm:5397786896:25316,home_hk_collective_000478,69130.0,False,pt,generic,distance;end_link;start_link;trav_time;type,False,road_61995_0_f,road_96441_0_f,32947.893,00:58:28,,,,,,,,,,,not_modelled_no_serialized_transfer_chain_or_eligibility,,adult_reference_not_applied,Octopus_reference_not_applied,audit_only_no_fare_estimation
hk_collective_000480,0,pt,pt_fare_chargeability_audit,,,,U,unresolved,generic_pt_leg_missing_actual_mode_line_route_boarding_alighting_transfer_chain,actual_transport_mode;actual_line_id;actual_route_id;actual_direction;boarding_stop_id;alighting_stop_id;transfer_chain,resident,fixed_worker,home,work,home_hk_collective_000480,work_poi_igeocom:548579,32887.0,False,pt,generic,distance;end_link;start_link;trav_time;type,False,road_97096_0_f,road_59397_0_r,20790.295,00:31:34,,,,,,,,,,,not_modelled_no_serialized_transfer_chain_or_eligibility,,adult_reference_not_applied,Octopus_reference_not_applied,audit_only_no_fare_estimation
hk_collective_000480,1,pt,pt_fare_chargeability_audit,,,,U,unresolved,generic_pt_leg_missing_actual_mode_line_route_boarding_alighting_transfer_chain,actual_transport_mode;actual_line_id;actual_route_id;actual_direction;boarding_stop_id;alighting_stop_id;transfer_chain,resident,fixed_worker,work,home,work_poi_igeocom:548579,home_hk_collective_000480,58796.0,False,pt,generic,distance;end_link;start_link;trav_time;type,False,road_59397_0_r,road_97096_0_f,25428.302999999996,00:39:24,,,,,,,,,,,not_modelled_no_serialized_transfer_chain_or_eligibility,,adult_reference_not_applied,Octopus_reference_not_applied,audit_only_no_fare_estimation
hk_collective_000482,0,pt,pt_fare_chargeability_audit,,,,U,unresolved,generic_pt_leg_missing_actual_mode_line_route_boarding_alighting_transfer_chain,actual_transport_mode;actual_line_id;actual_route_id;actual_direction;boarding_stop_id;alighting_stop_id;transfer_chain,resident,day_school_student,home,school_secondary,home_hk_collective_000482,school_637,25340.0,False,pt,generic,distance;end_link;start_link;trav_time;type,False,road_165359_0_f,road_106385_0_f,30452.19100000001,00:53:01,,,,,,,,,,,not_modelled_no_serialized_transfer_chain_or_eligibility,,adult_reference_not_applied,Octopus_reference_not_applied,audit_only_no_fare_estimation
hk_collective_000482,1,pt,pt_fare_chargeability_audit,,,,U,unresolved,generic_pt_leg_missing_actual_mode_line_route_boarding_alighting_transfer_chain,actual_transport_mode;actual_line_id;actual_route_id;actual_direction;boarding_stop_id;alighting_stop_id;transfer_chain,resident,day_school_student,school_secondary,home,school_637,home_hk_collective_000482,57410.0,False,pt,generic,distance;end_link;start_link;trav_time;type,False,road_106385_0_f,road_165359_0_f,30260.438000000013,00:52:06,,,,,,,,,,,not_modelled_no_serialized_transfer_chain_or_eligibility,,adult_reference_not_applied,Octopus_reference_not_applied,audit_only_no_fare_estimation
hk_collective_000483,0,pt,pt_fare_chargeability_audit,,,,U,unresolved,generic_pt_leg_missing_actual_mode_line_route_boarding_alighting_transfer_chain,actual_transport_mode;actual_line_id;actual_route_id;actual_direction;boarding_stop_id;alighting_stop_id;transfer_chain,resident,work_mobile,home,work_mobile,home_hk_collective_000483,work_mobile_poi_igeocom:549875,28978.0,False,pt,generic,distance;end_link;start_link;trav_time;type,False,road_137198_0_r,road_269637_0_f,5147.284,00:10:40,,,,,,,,,,,not_modelled_no_serialized_transfer_chain_or_eligibility,,adult_reference_not_applied,Octopus_reference_not_applied,audit_only_no_fare_estimation
hk_collective_000483,1,pt,pt_fare_chargeability_audit,,,,U,unresolved,generic_pt_leg_missing_actual_mode_line_route_boarding_alighting_transfer_chain,actual_transport_mode;actual_line_id;actual_route_id;actual_direction;boarding_stop_id;alighting_stop_id;transfer_chain,resident,work_mobile,work_mobile,home,work_mobile_poi_igeocom:549875,home_hk_collective_000483,64857.0,False,pt,generic,distance;end_link;start_link;trav_time;type,False,road_269637_0_f,road_137198_0_r,4837.700999999999,00:10:54,,,,,,,,,,,not_modelled_no_serialized_transfer_chain_or_eligibility,,adult_reference_not_applied,Octopus_reference_not_applied,audit_only_no_fare_estimation
hk_collective_000483,2,pt,pt_fare_chargeability_audit,,,,U,unresolved,generic_pt_leg_missing_actual_mode_line_route_boarding_alighting_transfer_chain,actual_transport_mode;actual_line_id;actual_route_id;actual_direction;boarding_stop_id;alighting_stop_id;transfer_chain,resident,work_mobile,home,personal_business,home_hk_collective_000483,resident_personal_business_osm_4846562784_19724,71122.0,True,pt,generic,distance;end_link;start_link;trav_time;type,False,road_137198_0_r,road_4923_0_r,34773.25100000001,00:58:12,,,,,,,,,,,not_modelled_no_serialized_transfer_chain_or_eligibility,,adult_reference_not_applied,Octopus_reference_not_applied,audit_only_no_fare_estimation
hk_collective_000483,3,pt,pt_fare_chargeability_audit,,,,U,unresolved,generic_pt_leg_missing_actual_mode_line_route_boarding_alighting_transfer_chain,actual_transport_mode;actual_line_id;actual_route_id;actual_direction;boarding_stop_id;alighting_stop_id;transfer_chain,resident,work_mobile,personal_business,home,resident_personal_business_osm_4846562784_19724,home_hk_collective_000483,78022.0,True,pt,generic,distance;end_link;start_link;trav_time;type,False,road_4923_0_r,road_137198_0_r,34960.813000000024,00:58:32,,,,,,,,,,,not_modelled_no_serialized_transfer_chain_or_eligibility,,adult_reference_not_applied,Octopus_reference_not_applied,audit_only_no_fare_estimation
hk_collective_000484,0,pt,pt_fare_chargeability_audit,,,,U,unresolved,generic_pt_leg_missing_actual_mode_line_route_boarding_alighting_transfer_chain,actual_transport_mode;actual_line_id;actual_route_id;actual_direction;boarding_stop_id;alighting_stop_id;transfer_chain,resident,home_only,home,leisure,home_hk_collective_000484,resident_leisure_igeocom_535449,54403.0,True,pt,generic,distance;end_link;start_link;trav_time;type,False,road_95308_0_f,road_270969_0_r,22301.939,00:36:51,,,,,,,,,,,not_modelled_no_serialized_transfer_chain_or_eligibility,,adult_reference_not_applied,Octopus_reference_not_applied,audit_only_no_fare_estimation
hk_collective_000484,1,pt,pt_fare_chargeability_audit,,,,U,unresolved,generic_pt_leg_missing_actual_mode_line_route_boarding_alighting_transfer_chain,actual_transport_mode;actual_line_id;actual_route_id;actual_direction;boarding_stop_id;alighting_stop_id;transfer_chain,resident,home_only,leisure,home,resident_leisure_igeocom_535449,home_hk_collective_000484,65803.0,True,pt,generic,distance;end_link;start_link;trav_time;type,False,road_270969_0_r,road_95308_0_f,24622.468,00:42:03,,,,,,,,,,,not_modelled_no_serialized_transfer_chain_or_eligibility,,adult_reference_not_applied,Octopus_reference_not_applied,audit_only_no_fare_estimation
hk_collective_000486,0,pt,pt_fare_chargeability_audit,,,,U,unresolved,generic_pt_leg_missing_actual_mode_line_route_boarding_alighting_transfer_chain,actual_transport_mode;actual_line_id;actual_route_id;actual_direction;boarding_stop_id;alighting_stop_id;transfer_chain,resident,tertiary_student,home,education_tertiary,home_hk_collective_000486,education_tertiary_poi_osm:missing:63613,32052.0,False,pt,generic,distance;end_link;start_link;trav_time;type,False,road_96562_0_f,road_107487_0_f,32351.93900000001,00:53:39,,,,,,,,,,,not_modelled_no_serialized_transfer_chain_or_eligibility,,adult_reference_not_applied,Octopus_reference_not_applied,audit_only_no_fare_estimation
hk_collective_000486,1,pt,pt_fare_chargeability_audit,,,,U,unresolved,generic_pt_leg_missing_actual_mode_line_route_boarding_alighting_transfer_chain,actual_transport_mode;actual_line_id;actual_route_id;actual_direction;boarding_stop_id;alighting_stop_id;transfer_chain,resident,tertiary_student,education_tertiary,home,education_tertiary_poi_osm:missing:63613,home_hk_collective_000486,68614.0,False,pt,generic,distance;end_link;start_link;trav_time;type,False,road_107487_0_f,road_96562_0_f,31240.786,00:50:25,,,,,,,,,,,not_modelled_no_serialized_transfer_chain_or_eligibility,,adult_reference_not_applied,Octopus_reference_not_applied,audit_only_no_fare_estimation
hk_collective_000493,0,pt,pt_fare_chargeability_audit,,,,U,unresolved,generic_pt_leg_missing_actual_mode_line_route_boarding_alighting_transfer_chain,actual_transport_mode;actual_line_id;actual_route_id;actual_direction;boarding_stop_id;alighting_stop_id;transfer_chain,resident,home_only,home,shopping,home_hk_collective_000493,resident_shopping_osm_10796686876_38105,39465.0,True,pt,generic,distance;end_link;start_link;trav_time;type,False,road_96136_0_f,road_272547_0_f,4978.600999999999,00:10:22,,,,,,,,,,,not_modelled_no_serialized_transfer_chain_or_eligibility,,adult_reference_not_applied,Octopus_reference_not_applied,audit_only_no_fare_estimation
hk_collective_000493,1,pt,pt_fare_chargeability_audit,,,,U,unresolved,generic_pt_leg_missing_actual_mode_line_route_boarding_alighting_transfer_chain,actual_transport_mode;actual_line_id;actual_route_id;actual_direction;boarding_stop_id;alighting_stop_id;transfer_chain,resident,home_only,shopping,home,resident_shopping_osm_10796686876_38105,home_hk_collective_000493,46365.0,True,pt,generic,distance;end_link;start_link;trav_time;type,False,road_272547_0_f,road_96136_0_f,6831.295,00:14:32,,,,,,,,,,,not_modelled_no_serialized_transfer_chain_or_eligibility,,adult_reference_not_applied,Octopus_reference_not_applied,audit_only_no_fare_estimation
hk_collective_000497,0,pt,pt_fare_chargeability_audit,,,,U,unresolved,generic_pt_leg_missing_actual_mode_line_route_boarding_alighting_transfer_chain,actual_transport_mode;actual_line_id;actual_route_id;actual_direction;boarding_stop_id;alighting_stop_id;transfer_chain,resident,day_school_student,home,school_secondary,home_hk_collective_000497,school_701,27031.0,False,pt,generic,distance;end_link;start_link;trav_time;type,False,road_96136_0_f,road_96276_0_f,5251.814000000001,00:10:08,,,,,,,,,,,not_modelled_no_serialized_transfer_chain_or_eligibility,,adult_reference_not_applied,Octopus_reference_not_applied,audit_only_no_fare_estimation
hk_collective_000497,1,pt,pt_fare_chargeability_audit,,,,U,unresolved,generic_pt_leg_missing_actual_mode_line_route_boarding_alighting_transfer_chain,actual_transport_mode;actual_line_id;actual_route_id;actual_direction;boarding_stop_id;alighting_stop_id;transfer_chain,resident,day_school_student,school_secondary,home,school_701,home_hk_collective_000497,56963.0,False,pt,generic,distance;end_link;start_link;trav_time;type,False,road_96276_0_f,road_96136_0_f,5273.734,00:09:42,,,,,,,,,,,not_modelled_no_serialized_transfer_chain_or_eligibility,,adult_reference_not_applied,Octopus_reference_not_applied,audit_only_no_fare_estimation
hk_collective_000499,0,pt,pt_fare_chargeability_audit,,,,U,unresolved,generic_pt_leg_missing_actual_mode_line_route_boarding_alighting_transfer_chain,actual_transport_mode;actual_line_id;actual_route_id;actual_direction;boarding_stop_id;alighting_stop_id;transfer_chain,resident,fixed_worker,home,work,home_hk_collective_000499,work_poi_igeocom:544681,23299.0,False,pt,generic,distance;end_link;start_link;trav_time;type,False,road_96136_0_f,road_5591_0_f,43638.960000000014,01:18:22,,,,,,,,,,,not_modelled_no_serialized_transfer_chain_or_eligibility,,adult_reference_not_applied,Octopus_reference_not_applied,audit_only_no_fare_estimation
hk_collective_000499,1,pt,pt_fare_chargeability_audit,,,,U,unresolved,generic_pt_leg_missing_actual_mode_line_route_boarding_alighting_transfer_chain,actual_transport_mode;actual_line_id;actual_route_id;actual_direction;boarding_stop_id;alighting_stop_id;transfer_chain,resident,fixed_worker,work,home,work_poi_igeocom:544681,home_hk_collective_000499,52983.0,False,pt,generic,distance;end_link;start_link;trav_time;type,False,road_5591_0_f,road_96136_0_f,47187.345,01:20:18,,,,,,,,,,,not_modelled_no_serialized_transfer_chain_or_eligibility,,adult_reference_not_applied,Octopus_reference_not_applied,audit_only_no_fare_estimation
hk_collective_000499,2,pt,pt_fare_chargeability_audit,,,,U,unresolved,generic_pt_leg_missing_actual_mode_line_route_boarding_alighting_transfer_chain,actual_transport_mode;actual_line_id;actual_route_id;actual_direction;boarding_stop_id;alighting_stop_id;transfer_chain,resident,fixed_worker,home,shopping,home_hk_collective_000499,resident_shopping_igeocom_21128387,61200.0,True,pt,generic,distance;end_link;start_link;trav_time;type,False,road_96136_0_f,road_58676_0_f,25176.070000000007,00:45:31,,,,,,,,,,,not_modelled_no_serialized_transfer_chain_or_eligibility,,adult_reference_not_applied,Octopus_reference_not_applied,audit_only_no_fare_estimation
hk_collective_000499,3,pt,pt_fare_chargeability_audit,,,,U,unresolved,generic_pt_leg_missing_actual_mode_line_route_boarding_alighting_transfer_chain,actual_transport_mode;actual_line_id;actual_route_id;actual_direction;boarding_stop_id;alighting_stop_id;transfer_chain,resident,fixed_worker,shopping,home,resident_shopping_igeocom_21128387,home_hk_collective_000499,68100.0,True,pt,generic,distance;end_link;start_link;trav_time;type,False,road_58676_0_f,road_96136_0_f,28539.547,00:46:58,,,,,,,,,,,not_modelled_no_serialized_transfer_chain_or_eligibility,,adult_reference_not_applied,Octopus_reference_not_applied,audit_only_no_fare_estimation
hk_collective_000500,0,pt,pt_fare_chargeability_audit,,,,U,unresolved,generic_pt_leg_missing_actual_mode_line_route_boarding_alighting_transfer_chain,actual_transport_mode;actual_line_id;actual_route_id;actual_direction;boarding_stop_id;alighting_stop_id;transfer_chain,resident,day_school_student,home,school_secondary,home_hk_collective_000500,school_572,29592.0,False,pt,generic,distance;end_link;start_link;trav_time;type,False,road_96136_0_f,road_94513_0_r,3221.286,00:07:13,,,,,,,,,,,not_modelled_no_serialized_transfer_chain_or_eligibility,,adult_reference_not_applied,Octopus_reference_not_applied,audit_only_no_fare_estimation
hk_collective_000500,1,pt,pt_fare_chargeability_audit,,,,U,unresolved,generic_pt_leg_missing_actual_mode_line_route_boarding_alighting_transfer_chain,actual_transport_mode;actual_line_id;actual_route_id;actual_direction;boarding_stop_id;alighting_stop_id;transfer_chain,resident,day_school_student,school_secondary,home,school_572,home_hk_collective_000500,57495.0,False,pt,generic,distance;end_link;start_link;trav_time;type,False,road_94513_0_r,road_96136_0_f,4279.019,00:08:00,,,,,,,,,,,not_modelled_no_serialized_transfer_chain_or_eligibility,,adult_reference_not_applied,Octopus_reference_not_applied,audit_only_no_fare_estimation
hk_collective_000501,0,pt,pt_fare_chargeability_audit,,,,U,unresolved,generic_pt_leg_missing_actual_mode_line_route_boarding_alighting_transfer_chain,actual_transport_mode;actual_line_id;actual_route_id;actual_direction;boarding_stop_id;alighting_stop_id;transfer_chain,resident,fixed_worker,home,work,home_hk_collective_000501,work_poi_igeocom:21177520,29066.0,False,pt,generic,distance;end_link;start_link;trav_time;type,False,road_96553_0_f,road_284869_0_f,38471.02699999999,01:03:36,,,,,,,,,,,not_modelled_no_serialized_transfer_chain_or_eligibility,,adult_reference_not_applied,Octopus_reference_not_applied,audit_only_no_fare_estimation
hk_collective_000501,1,pt,pt_fare_chargeability_audit,,,,U,unresolved,generic_pt_leg_missing_actual_mode_line_route_boarding_alighting_transfer_chain,actual_transport_mode;actual_line_id;actual_route_id;actual_direction;boarding_stop_id;alighting_stop_id;transfer_chain,resident,fixed_worker,work,home,work_poi_igeocom:21177520,home_hk_collective_000501,66761.0,False,pt,generic,distance;end_link;start_link;trav_time;type,False,road_284869_0_f,road_96553_0_f,39179.448,01:00:48,,,,,,,,,,,not_modelled_no_serialized_transfer_chain_or_eligibility,,adult_reference_not_applied,Octopus_reference_not_applied,audit_only_no_fare_estimation
hk_collective_000502,0,pt,pt_fare_chargeability_audit,,,,U,unresolved,generic_pt_leg_missing_actual_mode_line_route_boarding_alighting_transfer_chain,actual_transport_mode;actual_line_id;actual_route_id;actual_direction;boarding_stop_id;alighting_stop_id;transfer_chain,resident,fixed_worker,home,work,home_hk_collective_000502,work_poi_igeocom:546211,31172.0,False,pt,generic,distance;end_link;start_link;trav_time;type,False,road_96136_0_f,road_264527_0_r,20922.472000000005,00:34:39,,,,,,,,,,,not_modelled_no_serialized_transfer_chain_or_eligibility,,adult_reference_not_applied,Octopus_reference_not_applied,audit_only_no_fare_estimation
hk_collective_000502,1,pt,pt_fare_chargeability_audit,,,,U,unresolved,generic_pt_leg_missing_actual_mode_line_route_boarding_alighting_transfer_chain,actual_transport_mode;actual_line_id;actual_route_id;actual_direction;boarding_stop_id;alighting_stop_id;transfer_chain,resident,fixed_worker,work,home,work_poi_igeocom:546211,home_hk_collective_000502,73069.0,False,pt,generic,distance;end_link;start_link;trav_time;type,False,road_264527_0_r,road_96136_0_f,25018.766,00:38:50,,,,,,,,,,,not_modelled_no_serialized_transfer_chain_or_eligibility,,adult_reference_not_applied,Octopus_reference_not_applied,audit_only_no_fare_estimation
hk_collective_000502,2,pt,pt_fare_chargeability_audit,,,,U,unresolved,generic_pt_leg_missing_actual_mode_line_route_boarding_alighting_transfer_chain,actual_transport_mode;actual_line_id;actual_route_id;actual_direction;boarding_stop_id;alighting_stop_id;transfer_chain,resident,fixed_worker,home,shopping,home_hk_collective_000502,resident_shopping_igeocom_543357,73739.0,True,pt,generic,distance;end_link;start_link;trav_time;type,False,road_96136_0_f,road_9654_0_f,26797.649000000005,00:47:03,,,,,,,,,,,not_modelled_no_serialized_transfer_chain_or_eligibility,,adult_reference_not_applied,Octopus_reference_not_applied,audit_only_no_fare_estimation
hk_collective_000502,3,pt,pt_fare_chargeability_audit,,,,U,unresolved,generic_pt_leg_missing_actual_mode_line_route_boarding_alighting_transfer_chain,actual_transport_mode;actual_line_id;actual_route_id;actual_direction;boarding_stop_id;alighting_stop_id;transfer_chain,resident,fixed_worker,shopping,leisure,resident_shopping_igeocom_543357,resident_leisure_igeocom_536107,80639.0,True,pt,generic,distance;end_link;start_link;trav_time;type,False,road_9654_0_f,road_101878_0_f,17194.333,00:31:11,,,,,,,,,,,not_modelled_no_serialized_transfer_chain_or_eligibility,,adult_reference_not_applied,Octopus_reference_not_applied,audit_only_no_fare_estimation
hk_collective_000502,4,pt,pt_fare_chargeability_audit,,,,U,unresolved,generic_pt_leg_missing_actual_mode_line_route_boarding_alighting_transfer_chain,actual_transport_mode;actual_line_id;actual_route_id;actual_direction;boarding_stop_id;alighting_stop_id;transfer_chain,resident,fixed_worker,leisure,home,resident_leisure_igeocom_536107,home_hk_collective_000502,91800.0,True,pt,generic,distance;end_link;start_link;trav_time;type,False,road_101878_0_f,road_96136_0_f,47692.044,01:16:08,,,,,,,,,,,not_modelled_no_serialized_transfer_chain_or_eligibility,,adult_reference_not_applied,Octopus_reference_not_applied,audit_only_no_fare_estimation
hk_collective_000504,0,pt,pt_fare_chargeability_audit,,,,U,unresolved,generic_pt_leg_missing_actual_mode_line_route_boarding_alighting_transfer_chain,actual_transport_mode;actual_line_id;actual_route_id;actual_direction;boarding_stop_id;alighting_stop_id;transfer_chain,resident,work_mobile,home,work_mobile,home_hk_collective_000504,work_mobile_poi_igeocom:21078066,26223.0,False,pt,generic,distance;end_link;start_link;trav_time;type,False,road_269824_0_f,road_269824_0_f,0.0,00:00:00,,,,,,,,,,,not_modelled_no_serialized_transfer_chain_or_eligibility,,adult_reference_not_applied,Octopus_reference_not_applied,audit_only_no_fare_estimation
hk_collective_000504,1,pt,pt_fare_chargeability_audit,,,,U,unresolved,generic_pt_leg_missing_actual_mode_line_route_boarding_alighting_transfer_chain,actual_transport_mode;actual_line_id;actual_route_id;actual_direction;boarding_stop_id;alighting_stop_id;transfer_chain,resident,work_mobile,work_mobile,home,work_mobile_poi_igeocom:21078066,home_hk_collective_000504,52232.0,False,pt,generic,distance;end_link;start_link;trav_time;type,False,road_269824_0_f,road_269824_0_f,0.0,00:00:00,,,,,,,,,,,not_modelled_no_serialized_transfer_chain_or_eligibility,,adult_reference_not_applied,Octopus_reference_not_applied,audit_only_no_fare_estimation
hk_collective_000505,0,pt,pt_fare_chargeability_audit,,,,U,unresolved,generic_pt_leg_missing_actual_mode_line_route_boarding_alighting_transfer_chain,actual_transport_mode;actual_line_id;actual_route_id;actual_direction;boarding_stop_id;alighting_stop_id;transfer_chain,resident,work_mobile,home,work_mobile,home_hk_collective_000505,work_mobile_poi_igeocom:546145,28870.0,False,pt,generic,distance;end_link;start_link;trav_time;type,False,road_96136_0_f,road_276378_0_r,17641.727000000003,00:30:59,,,,,,,,,,,not_modelled_no_serialized_transfer_chain_or_eligibility,,adult_reference_not_applied,Octopus_reference_not_applied,audit_only_no_fare_estimation
hk_collective_000505,1,pt,pt_fare_chargeability_audit,,,,U,unresolved,generic_pt_leg_missing_actual_mode_line_route_boarding_alighting_transfer_chain,actual_transport_mode;actual_line_id;actual_route_id;actual_direction;boarding_stop_id;alighting_stop_id;transfer_chain,resident,work_mobile,work_mobile,home,work_mobile_poi_igeocom:546145,home_hk_collective_000505,64116.0,False,pt,generic,distance;end_link;start_link;trav_time;type,False,road_276378_0_r,road_96136_0_f,20910.052000000003,00:34:32,,,,,,,,,,,not_modelled_no_serialized_transfer_chain_or_eligibility,,adult_reference_not_applied,Octopus_reference_not_applied,audit_only_no_fare_estimation
hk_collective_000508,0,pt,pt_fare_chargeability_audit,,,,U,unresolved,generic_pt_leg_missing_actual_mode_line_route_boarding_alighting_transfer_chain,actual_transport_mode;actual_line_id;actual_route_id;actual_direction;boarding_stop_id;alighting_stop_id;transfer_chain,resident,home_only,home,shopping,home_hk_collective_000508,resident_shopping_osm_missing_73417,58001.0,True,pt,generic,distance;end_link;start_link;trav_time;type,False,road_96136_0_f,road_164605_0_r,10316.946000000004,00:20:36,,,,,,,,,,,not_modelled_no_serialized_transfer_chain_or_eligibility,,adult_reference_not_applied,Octopus_reference_not_applied,audit_only_no_fare_estimation
hk_collective_000508,1,pt,pt_fare_chargeability_audit,,,,U,unresolved,generic_pt_leg_missing_actual_mode_line_route_boarding_alighting_transfer_chain,actual_transport_mode;actual_line_id;actual_route_id;actual_direction;boarding_stop_id;alighting_stop_id;transfer_chain,resident,home_only,shopping,home,resident_shopping_osm_missing_73417,home_hk_collective_000508,64901.0,True,pt,generic,distance;end_link;start_link;trav_time;type,False,road_164605_0_r,road_96136_0_f,14456.948999999997,00:24:30,,,,,,,,,,,not_modelled_no_serialized_transfer_chain_or_eligibility,,adult_reference_not_applied,Octopus_reference_not_applied,audit_only_no_fare_estimation
hk_collective_000509,0,pt,pt_fare_chargeability_audit,,,,U,unresolved,generic_pt_leg_missing_actual_mode_line_route_boarding_alighting_transfer_chain,actual_transport_mode;actual_line_id;actual_route_id;actual_direction;boarding_stop_id;alighting_stop_id;transfer_chain,resident,fixed_worker,home,work,home_hk_collective_000509,work_poi_osm:missing:58543,22488.0,False,pt,generic,distance;end_link;start_link;trav_time;type,False,road_96136_0_f,road_272892_0_f,1323.6529999999998,00:03:10,,,,,,,,,,,not_modelled_no_serialized_transfer_chain_or_eligibility,,adult_reference_not_applied,Octopus_reference_not_applied,audit_only_no_fare_estimation
hk_collective_000509,1,pt,pt_fare_chargeability_audit,,,,U,unresolved,generic_pt_leg_missing_actual_mode_line_route_boarding_alighting_transfer_chain,actual_transport_mode;actual_line_id;actual_route_id;actual_direction;boarding_stop_id;alighting_stop_id;transfer_chain,resident,fixed_worker,work,home,work_poi_osm:missing:58543,home_hk_collective_000509,52591.0,False,pt,generic,distance;end_link;start_link;trav_time;type,False,road_272892_0_f,road_96136_0_f,2091.478,00:04:16,,,,,,,,,,,not_modelled_no_serialized_transfer_chain_or_eligibility,,adult_reference_not_applied,Octopus_reference_not_applied,audit_only_no_fare_estimation
hk_collective_000511,0,pt,pt_fare_chargeability_audit,,,,U,unresolved,generic_pt_leg_missing_actual_mode_line_route_boarding_alighting_transfer_chain,actual_transport_mode;actual_line_id;actual_route_id;actual_direction;boarding_stop_id;alighting_stop_id;transfer_chain,resident,fixed_worker,home,work,home_hk_collective_000511,work_poi_igeocom:549936,28333.0,False,pt,generic,distance;end_link;start_link;trav_time;type,False,road_96553_0_f,road_103836_0_f,34327.20400000002,00:58:37,,,,,,,,,,,not_modelled_no_serialized_transfer_chain_or_eligibility,,adult_reference_not_applied,Octopus_reference_not_applied,audit_only_no_fare_estimation
hk_collective_000511,1,pt,pt_fare_chargeability_audit,,,,U,unresolved,generic_pt_leg_missing_actual_mode_line_route_boarding_alighting_transfer_chain,actual_transport_mode;actual_line_id;actual_route_id;actual_direction;boarding_stop_id;alighting_stop_id;transfer_chain,resident,fixed_worker,work,home,work_poi_igeocom:549936,home_hk_collective_000511,65877.0,False,pt,generic,distance;end_link;start_link;trav_time;type,False,road_103836_0_f,road_96553_0_f,38531.764,01:02:12,,,,,,,,,,,not_modelled_no_serialized_transfer_chain_or_eligibility,,adult_reference_not_applied,Octopus_reference_not_applied,audit_only_no_fare_estimation
hk_collective_000512,0,pt,pt_fare_chargeability_audit,,,,U,unresolved,generic_pt_leg_missing_actual_mode_line_route_boarding_alighting_transfer_chain,actual_transport_mode;actual_line_id;actual_route_id;actual_direction;boarding_stop_id;alighting_stop_id;transfer_chain,resident,usual_resident_border,home,border,home_hk_collective_000512,border_8,23676.0,False,pt,generic,distance;end_link;start_link;trav_time;type,False,road_96553_0_f,road_276904_0_f,12671.689000000002,00:22:19,,,,,,,,,,,not_modelled_no_serialized_transfer_chain_or_eligibility,,adult_reference_not_applied,Octopus_reference_not_applied,audit_only_no_fare_estimation
hk_collective_000512,1,pt,pt_fare_chargeability_audit,,,,U,unresolved,generic_pt_leg_missing_actual_mode_line_route_boarding_alighting_transfer_chain,actual_transport_mode;actual_line_id;actual_route_id;actual_direction;boarding_stop_id;alighting_stop_id;transfer_chain,resident,usual_resident_border,border,home,border_8,home_hk_collective_000512,73332.0,False,pt,generic,distance;end_link;start_link;trav_time;type,False,road_276904_0_f,road_96553_0_f,13448.833999999995,00:23:14,,,,,,,,,,,not_modelled_no_serialized_transfer_chain_or_eligibility,,adult_reference_not_applied,Octopus_reference_not_applied,audit_only_no_fare_estimation
hk_collective_000514,0,pt,pt_fare_chargeability_audit,,,,U,unresolved,generic_pt_leg_missing_actual_mode_line_route_boarding_alighting_transfer_chain,actual_transport_mode;actual_line_id;actual_route_id;actual_direction;boarding_stop_id;alighting_stop_id;transfer_chain,resident,work_mobile,home,work_mobile,home_hk_collective_000514,work_mobile_poi_igeocom:541867,31088.0,False,pt,generic,distance;end_link;start_link;trav_time;type,False,road_96553_0_f,road_8744_0_f,26532.41800000001,00:44:36,,,,,,,,,,,not_modelled_no_serialized_transfer_chain_or_eligibility,,adult_reference_not_applied,Octopus_reference_not_applied,audit_only_no_fare_estimation
hk_collective_000514,1,pt,pt_fare_chargeability_audit,,,,U,unresolved,generic_pt_leg_missing_actual_mode_line_route_boarding_alighting_transfer_chain,actual_transport_mode;actual_line_id;actual_route_id;actual_direction;boarding_stop_id;alighting_stop_id;transfer_chain,resident,work_mobile,work_mobile,home,work_mobile_poi_igeocom:541867,home_hk_collective_000514,63954.0,False,pt,generic,distance;end_link;start_link;trav_time;type,False,road_8744_0_f,road_96553_0_f,34118.191999999995,00:53:52,,,,,,,,,,,not_modelled_no_serialized_transfer_chain_or_eligibility,,adult_reference_not_applied,Octopus_reference_not_applied,audit_only_no_fare_estimation
hk_collective_000520,0,pt,pt_fare_chargeability_audit,,,,U,unresolved,generic_pt_leg_missing_actual_mode_line_route_boarding_alighting_transfer_chain,actual_transport_mode;actual_line_id;actual_route_id;actual_direction;boarding_stop_id;alighting_stop_id;transfer_chain,resident,day_school_student,home,school_secondary,home_hk_collective_000520,school_1004,26685.0,False,pt,generic,distance;end_link;start_link;trav_time;type,False,road_269743_0_r,road_107412_0_f,22312.532000000003,00:38:29,,,,,,,,,,,not_modelled_no_serialized_transfer_chain_or_eligibility,,adult_reference_not_applied,Octopus_reference_not_applied,audit_only_no_fare_estimation
hk_collective_000520,1,pt,pt_fare_chargeability_audit,,,,U,unresolved,generic_pt_leg_missing_actual_mode_line_route_boarding_alighting_transfer_chain,actual_transport_mode;actual_line_id;actual_route_id;actual_direction;boarding_stop_id;alighting_stop_id;transfer_chain,resident,day_school_student,school_secondary,home,school_1004,home_hk_collective_000520,57370.0,False,pt,generic,distance;end_link;start_link;trav_time;type,False,road_107412_0_f,road_269743_0_r,21991.66600000001,00:37:09,,,,,,,,,,,not_modelled_no_serialized_transfer_chain_or_eligibility,,adult_reference_not_applied,Octopus_reference_not_applied,audit_only_no_fare_estimation
hk_collective_000522,0,pt,pt_fare_chargeability_audit,,,,U,unresolved,generic_pt_leg_missing_actual_mode_line_route_boarding_alighting_transfer_chain,actual_transport_mode;actual_line_id;actual_route_id;actual_direction;boarding_stop_id;alighting_stop_id;transfer_chain,resident,fixed_worker,home,work,home_hk_collective_000522,work_poi_osm:missing:66399,26610.0,False,pt,generic,distance;end_link;start_link;trav_time;type,False,road_269743_0_r,road_1454_0_f,34074.976999999984,01:01:09,,,,,,,,,,,not_modelled_no_serialized_transfer_chain_or_eligibility,,adult_reference_not_applied,Octopus_reference_not_applied,audit_only_no_fare_estimation
hk_collective_000522,1,pt,pt_fare_chargeability_audit,,,,U,unresolved,generic_pt_leg_missing_actual_mode_line_route_boarding_alighting_transfer_chain,actual_transport_mode;actual_line_id;actual_route_id;actual_direction;boarding_stop_id;alighting_stop_id;transfer_chain,resident,fixed_worker,work,home,work_poi_osm:missing:66399,home_hk_collective_000522,59334.0,False,pt,generic,distance;end_link;start_link;trav_time;type,False,road_1454_0_f,road_269743_0_r,34070.21699999999,01:00:33,,,,,,,,,,,not_modelled_no_serialized_transfer_chain_or_eligibility,,adult_reference_not_applied,Octopus_reference_not_applied,audit_only_no_fare_estimation
hk_collective_000528,0,pt,pt_fare_chargeability_audit,,,,U,unresolved,generic_pt_leg_missing_actual_mode_line_route_boarding_alighting_transfer_chain,actual_transport_mode;actual_line_id;actual_route_id;actual_direction;boarding_stop_id;alighting_stop_id;transfer_chain,resident,home_only,home,shopping,home_hk_collective_000528,resident_shopping_igeocom_21137927,43186.0,True,pt,generic,distance;end_link;start_link;trav_time;type,False,road_95456_0_f,road_56793_0_f,28881.392000000003,00:52:05,,,,,,,,,,,not_modelled_no_serialized_transfer_chain_or_eligibility,,adult_reference_not_applied,Octopus_reference_not_applied,audit_only_no_fare_estimation
hk_collective_000528,1,pt,pt_fare_chargeability_audit,,,,U,unresolved,generic_pt_leg_missing_actual_mode_line_route_boarding_alighting_transfer_chain,actual_transport_mode;actual_line_id;actual_route_id;actual_direction;boarding_stop_id;alighting_stop_id;transfer_chain,resident,home_only,shopping,shopping,resident_shopping_igeocom_21137927,resident_shopping_igeocom_561307,50086.0,True,pt,generic,distance;end_link;start_link;trav_time;type,False,road_56793_0_f,road_57740_0_f,9640.841,00:18:33,,,,,,,,,,,not_modelled_no_serialized_transfer_chain_or_eligibility,,adult_reference_not_applied,Octopus_reference_not_applied,audit_only_no_fare_estimation
hk_collective_000528,2,pt,pt_fare_chargeability_audit,,,,U,unresolved,generic_pt_leg_missing_actual_mode_line_route_boarding_alighting_transfer_chain,actual_transport_mode;actual_line_id;actual_route_id;actual_direction;boarding_stop_id;alighting_stop_id;transfer_chain,resident,home_only,shopping,home,resident_shopping_igeocom_561307,home_hk_collective_000528,56986.0,True,pt,generic,distance;end_link;start_link;trav_time;type,False,road_57740_0_f,road_95456_0_f,21358.116000000013,00:38:19,,,,,,,,,,,not_modelled_no_serialized_transfer_chain_or_eligibility,,adult_reference_not_applied,Octopus_reference_not_applied,audit_only_no_fare_estimation
hk_collective_000529,0,pt,pt_fare_chargeability_audit,,,,U,unresolved,generic_pt_leg_missing_actual_mode_line_route_boarding_alighting_transfer_chain,actual_transport_mode;actual_line_id;actual_route_id;actual_direction;boarding_stop_id;alighting_stop_id;transfer_chain,resident,fixed_worker,home,work,home_hk_collective_000529,work_poi_igeocom:545449,27888.0,False,pt,generic,distance;end_link;start_link;trav_time;type,False,road_165088_0_f,road_93096_0_f,20211.271,00:36:27,,,,,,,,,,,not_modelled_no_serialized_transfer_chain_or_eligibility,,adult_reference_not_applied,Octopus_reference_not_applied,audit_only_no_fare_estimation
hk_collective_000529,1,pt,pt_fare_chargeability_audit,,,,U,unresolved,generic_pt_leg_missing_actual_mode_line_route_boarding_alighting_transfer_chain,actual_transport_mode;actual_line_id;actual_route_id;actual_direction;boarding_stop_id;alighting_stop_id;transfer_chain,resident,fixed_worker,work,home,work_poi_igeocom:545449,home_hk_collective_000529,63694.0,False,pt,generic,distance;end_link;start_link;trav_time;type,False,road_93096_0_f,road_165088_0_f,20068.06300000001,00:35:12,,,,,,,,,,,not_modelled_no_serialized_transfer_chain_or_eligibility,,adult_reference_not_applied,Octopus_reference_not_applied,audit_only_no_fare_estimation
hk_collective_000530,0,pt,pt_fare_chargeability_audit,,,,U,unresolved,generic_pt_leg_missing_actual_mode_line_route_boarding_alighting_transfer_chain,actual_transport_mode;actual_line_id;actual_route_id;actual_direction;boarding_stop_id;alighting_stop_id;transfer_chain,resident,fixed_worker,home,work,home_hk_collective_000530,work_poi_igeocom:21078385,23796.0,False,pt,generic,distance;end_link;start_link;trav_time;type,False,road_96003_0_f,road_108934_0_f,28528.06100000001,00:44:40,,,,,,,,,,,not_modelled_no_serialized_transfer_chain_or_eligibility,,adult_reference_not_applied,Octopus_reference_not_applied,audit_only_no_fare_estimation
hk_collective_000530,1,pt,pt_fare_chargeability_audit,,,,U,unresolved,generic_pt_leg_missing_actual_mode_line_route_boarding_alighting_transfer_chain,actual_transport_mode;actual_line_id;actual_route_id;actual_direction;boarding_stop_id;alighting_stop_id;transfer_chain,resident,fixed_worker,work,home,work_poi_igeocom:21078385,home_hk_collective_000530,64991.0,False,pt,generic,distance;end_link;start_link;trav_time;type,False,road_108934_0_f,road_96003_0_f,30403.115000000005,00:49:35,,,,,,,,,,,not_modelled_no_serialized_transfer_chain_or_eligibility,,adult_reference_not_applied,Octopus_reference_not_applied,audit_only_no_fare_estimation
hk_collective_000534,0,pt,pt_fare_chargeability_audit,,,,U,unresolved,generic_pt_leg_missing_actual_mode_line_route_boarding_alighting_transfer_chain,actual_transport_mode;actual_line_id;actual_route_id;actual_direction;boarding_stop_id;alighting_stop_id;transfer_chain,resident,fixed_worker,home,work,home_hk_collective_000534,work_poi_igeocom:539220,33191.0,False,pt,generic,distance;end_link;start_link;trav_time;type,False,road_97210_0_f,road_103350_0_f,32215.14100000001,00:53:04,,,,,,,,,,,not_modelled_no_serialized_transfer_chain_or_eligibility,,adult_reference_not_applied,Octopus_reference_not_applied,audit_only_no_fare_estimation
hk_collective_000534,1,pt,pt_fare_chargeability_audit,,,,U,unresolved,generic_pt_leg_missing_actual_mode_line_route_boarding_alighting_transfer_chain,actual_transport_mode;actual_line_id;actual_route_id;actual_direction;boarding_stop_id;alighting_stop_id;transfer_chain,resident,fixed_worker,work,home,work_poi_igeocom:539220,home_hk_collective_000534,73208.0,False,pt,generic,distance;end_link;start_link;trav_time;type,False,road_103350_0_f,road_97210_0_f,35820.98499999999,00:58:27,,,,,,,,,,,not_modelled_no_serialized_transfer_chain_or_eligibility,,adult_reference_not_applied,Octopus_reference_not_applied,audit_only_no_fare_estimation
hk_collective_000535,0,pt,pt_fare_chargeability_audit,,,,U,unresolved,generic_pt_leg_missing_actual_mode_line_route_boarding_alighting_transfer_chain,actual_transport_mode;actual_line_id;actual_route_id;actual_direction;boarding_stop_id;alighting_stop_id;transfer_chain,resident,fixed_worker,home,work,home_hk_collective_000535,work_poi_igeocom:21078936,29010.0,False,pt,generic,distance;end_link;start_link;trav_time;type,False,road_97210_0_f,road_273765_0_f,26737.376,00:48:09,,,,,,,,,,,not_modelled_no_serialized_transfer_chain_or_eligibility,,adult_reference_not_applied,Octopus_reference_not_applied,audit_only_no_fare_estimation
hk_collective_000535,1,pt,pt_fare_chargeability_audit,,,,U,unresolved,generic_pt_leg_missing_actual_mode_line_route_boarding_alighting_transfer_chain,actual_transport_mode;actual_line_id;actual_route_id;actual_direction;boarding_stop_id;alighting_stop_id;transfer_chain,resident,fixed_worker,work,home,work_poi_igeocom:21078936,home_hk_collective_000535,64773.0,False,pt,generic,distance;end_link;start_link;trav_time;type,False,road_273765_0_f,road_97210_0_f,25039.288,00:42:43,,,,,,,,,,,not_modelled_no_serialized_transfer_chain_or_eligibility,,adult_reference_not_applied,Octopus_reference_not_applied,audit_only_no_fare_estimation
hk_collective_000536,0,pt,pt_fare_chargeability_audit,,,,U,unresolved,generic_pt_leg_missing_actual_mode_line_route_boarding_alighting_transfer_chain,actual_transport_mode;actual_line_id;actual_route_id;actual_direction;boarding_stop_id;alighting_stop_id;transfer_chain,resident,usual_resident_border,home,border,home_hk_collective_000536,border_1,31322.0,False,pt,generic,distance;end_link;start_link;trav_time;type,False,road_96978_0_f,road_260342_0_r,28875.580999999995,00:47:05,,,,,,,,,,,not_modelled_no_serialized_transfer_chain_or_eligibility,,adult_reference_not_applied,Octopus_reference_not_applied,audit_only_no_fare_estimation
hk_collective_000536,1,pt,pt_fare_chargeability_audit,,,,U,unresolved,generic_pt_leg_missing_actual_mode_line_route_boarding_alighting_transfer_chain,actual_transport_mode;actual_line_id;actual_route_id;actual_direction;boarding_stop_id;alighting_stop_id;transfer_chain,resident,usual_resident_border,border,home,border_1,home_hk_collective_000536,74546.0,False,pt,generic,distance;end_link;start_link;trav_time;type,False,road_260342_0_r,road_96978_0_f,21123.037999999997,00:33:52,,,,,,,,,,,not_modelled_no_serialized_transfer_chain_or_eligibility,,adult_reference_not_applied,Octopus_reference_not_applied,audit_only_no_fare_estimation
hk_collective_000537,0,pt,pt_fare_chargeability_audit,,,,U,unresolved,generic_pt_leg_missing_actual_mode_line_route_boarding_alighting_transfer_chain,actual_transport_mode;actual_line_id;actual_route_id;actual_direction;boarding_stop_id;alighting_stop_id;transfer_chain,resident,work_mobile,home,work_mobile,home_hk_collective_000537,work_mobile_poi_osm:missing:76152,30174.0,False,pt,generic,distance;end_link;start_link;trav_time;type,False,road_95724_0_r,road_284750_0_r,8438.767,00:16:47,,,,,,,,,,,not_modelled_no_serialized_transfer_chain_or_eligibility,,adult_reference_not_applied,Octopus_reference_not_applied,audit_only_no_fare_estimation
hk_collective_000537,1,pt,pt_fare_chargeability_audit,,,,U,unresolved,generic_pt_leg_missing_actual_mode_line_route_boarding_alighting_transfer_chain,actual_transport_mode;actual_line_id;actual_route_id;actual_direction;boarding_stop_id;alighting_stop_id;transfer_chain,resident,work_mobile,work_mobile,home,work_mobile_poi_osm:missing:76152,home_hk_collective_000537,59994.0,False,pt,generic,distance;end_link;start_link;trav_time;type,False,road_284750_0_r,road_95724_0_r,8366.684,00:16:17,,,,,,,,,,,not_modelled_no_serialized_transfer_chain_or_eligibility,,adult_reference_not_applied,Octopus_reference_not_applied,audit_only_no_fare_estimation
hk_collective_000539,0,pt,pt_fare_chargeability_audit,,,,U,unresolved,generic_pt_leg_missing_actual_mode_line_route_boarding_alighting_transfer_chain,actual_transport_mode;actual_line_id;actual_route_id;actual_direction;boarding_stop_id;alighting_stop_id;transfer_chain,resident,fixed_worker,home,work,home_hk_collective_000539,work_poi_osm:missing:53206,31802.0,False,pt,generic,distance;end_link;start_link;trav_time;type,False,road_95894_0_f,road_100710_0_f,40807.70600000001,01:07:43,,,,,,,,,,,not_modelled_no_serialized_transfer_chain_or_eligibility,,adult_reference_not_applied,Octopus_reference_not_applied,audit_only_no_fare_estimation
hk_collective_000539,1,pt,pt_fare_chargeability_audit,,,,U,unresolved,generic_pt_leg_missing_actual_mode_line_route_boarding_alighting_transfer_chain,actual_transport_mode;actual_line_id;actual_route_id;actual_direction;boarding_stop_id;alighting_stop_id;transfer_chain,resident,fixed_worker,work,home,work_poi_osm:missing:53206,home_hk_collective_000539,70288.0,False,pt,generic,distance;end_link;start_link;trav_time;type,False,road_100710_0_f,road_95894_0_f,41632.25600000001,01:08:59,,,,,,,,,,,not_modelled_no_serialized_transfer_chain_or_eligibility,,adult_reference_not_applied,Octopus_reference_not_applied,audit_only_no_fare_estimation
hk_collective_000541,0,pt,pt_fare_chargeability_audit,,,,U,unresolved,generic_pt_leg_missing_actual_mode_line_route_boarding_alighting_transfer_chain,actual_transport_mode;actual_line_id;actual_route_id;actual_direction;boarding_stop_id;alighting_stop_id;transfer_chain,resident,usual_resident_border,home,border,home_hk_collective_000541,border_8,18731.0,False,pt,generic,distance;end_link;start_link;trav_time;type,False,road_94533_0_f,road_276904_0_f,9425.523,00:16:43,,,,,,,,,,,not_modelled_no_serialized_transfer_chain_or_eligibility,,adult_reference_not_applied,Octopus_reference_not_applied,audit_only_no_fare_estimation
hk_collective_000541,1,pt,pt_fare_chargeability_audit,,,,U,unresolved,generic_pt_leg_missing_actual_mode_line_route_boarding_alighting_transfer_chain,actual_transport_mode;actual_line_id;actual_route_id;actual_direction;boarding_stop_id;alighting_stop_id;transfer_chain,resident,usual_resident_border,border,home,border_8,home_hk_collective_000541,73728.0,False,pt,generic,distance;end_link;start_link;trav_time;type,False,road_276904_0_f,road_94533_0_f,10873.506,00:19:10,,,,,,,,,,,not_modelled_no_serialized_transfer_chain_or_eligibility,,adult_reference_not_applied,Octopus_reference_not_applied,audit_only_no_fare_estimation
hk_collective_000542,0,pt,pt_fare_chargeability_audit,,,,U,unresolved,generic_pt_leg_missing_actual_mode_line_route_boarding_alighting_transfer_chain,actual_transport_mode;actual_line_id;actual_route_id;actual_direction;boarding_stop_id;alighting_stop_id;transfer_chain,resident,fixed_worker,home,work,home_hk_collective_000542,work_poi_igeocom:526858,26702.0,False,pt,generic,distance;end_link;start_link;trav_time;type,False,road_95971_0_f,road_1411_0_r,43924.57200000001,01:20:51,,,,,,,,,,,not_modelled_no_serialized_transfer_chain_or_eligibility,,adult_reference_not_applied,Octopus_reference_not_applied,audit_only_no_fare_estimation
hk_collective_000542,1,pt,pt_fare_chargeability_audit,,,,U,unresolved,generic_pt_leg_missing_actual_mode_line_route_boarding_alighting_transfer_chain,actual_transport_mode;actual_line_id;actual_route_id;actual_direction;boarding_stop_id;alighting_stop_id;transfer_chain,resident,fixed_worker,work,home,work_poi_igeocom:526858,home_hk_collective_000542,53091.0,False,pt,generic,distance;end_link;start_link;trav_time;type,False,road_1411_0_r,road_95971_0_f,44483.386000000006,01:21:31,,,,,,,,,,,not_modelled_no_serialized_transfer_chain_or_eligibility,,adult_reference_not_applied,Octopus_reference_not_applied,audit_only_no_fare_estimation
hk_collective_000544,0,pt,pt_fare_chargeability_audit,,,,U,unresolved,generic_pt_leg_missing_actual_mode_line_route_boarding_alighting_transfer_chain,actual_transport_mode;actual_line_id;actual_route_id;actual_direction;boarding_stop_id;alighting_stop_id;transfer_chain,resident,fixed_worker,home,work,home_hk_collective_000544,work_poi_osm:4846442726:19697,32436.0,False,pt,generic,distance;end_link;start_link;trav_time;type,False,road_94533_0_f,road_3562_0_f,44651.40500000001,01:14:31,,,,,,,,,,,not_modelled_no_serialized_transfer_chain_or_eligibility,,adult_reference_not_applied,Octopus_reference_not_applied,audit_only_no_fare_estimation
hk_collective_000544,1,pt,pt_fare_chargeability_audit,,,,U,unresolved,generic_pt_leg_missing_actual_mode_line_route_boarding_alighting_transfer_chain,actual_transport_mode;actual_line_id;actual_route_id;actual_direction;boarding_stop_id;alighting_stop_id;transfer_chain,resident,fixed_worker,work,home,work_poi_osm:4846442726:19697,home_hk_collective_000544,70731.0,False,pt,generic,distance;end_link;start_link;trav_time;type,False,road_3562_0_f,road_94533_0_f,44606.19800000002,01:12:56,,,,,,,,,,,not_modelled_no_serialized_transfer_chain_or_eligibility,,adult_reference_not_applied,Octopus_reference_not_applied,audit_only_no_fare_estimation
hk_collective_000545,0,pt,pt_fare_chargeability_audit,,,,U,unresolved,generic_pt_leg_missing_actual_mode_line_route_boarding_alighting_transfer_chain,actual_transport_mode;actual_line_id;actual_route_id;actual_direction;boarding_stop_id;alighting_stop_id;transfer_chain,resident,fixed_worker,home,work,home_hk_collective_000545,work_poi_osm:7528576366:31601,25802.0,False,pt,generic,distance;end_link;start_link;trav_time;type,False,road_96253_0_f,road_9608_0_f,24468.727,00:45:46,,,,,,,,,,,not_modelled_no_serialized_transfer_chain_or_eligibility,,adult_reference_not_applied,Octopus_reference_not_applied,audit_only_no_fare_estimation
hk_collective_000545,1,pt,pt_fare_chargeability_audit,,,,U,unresolved,generic_pt_leg_missing_actual_mode_line_route_boarding_alighting_transfer_chain,actual_transport_mode;actual_line_id;actual_route_id;actual_direction;boarding_stop_id;alighting_stop_id;transfer_chain,resident,fixed_worker,work,home,work_poi_osm:7528576366:31601,home_hk_collective_000545,59368.0,False,pt,generic,distance;end_link;start_link;trav_time;type,False,road_9608_0_f,road_96253_0_f,24095.626999999997,00:41:49,,,,,,,,,,,not_modelled_no_serialized_transfer_chain_or_eligibility,,adult_reference_not_applied,Octopus_reference_not_applied,audit_only_no_fare_estimation
hk_collective_000546,0,pt,pt_fare_chargeability_audit,,,,U,unresolved,generic_pt_leg_missing_actual_mode_line_route_boarding_alighting_transfer_chain,actual_transport_mode;actual_line_id;actual_route_id;actual_direction;boarding_stop_id;alighting_stop_id;transfer_chain,resident,fixed_worker,home,work,home_hk_collective_000546,work_poi_igeocom:21177625,31182.0,False,pt,generic,distance;end_link;start_link;trav_time;type,False,road_95249_0_r,road_8176_0_r,23740.313,00:46:10,,,,,,,,,,,not_modelled_no_serialized_transfer_chain_or_eligibility,,adult_reference_not_applied,Octopus_reference_not_applied,audit_only_no_fare_estimation
hk_collective_000546,1,pt,pt_fare_chargeability_audit,,,,U,unresolved,generic_pt_leg_missing_actual_mode_line_route_boarding_alighting_transfer_chain,actual_transport_mode;actual_line_id;actual_route_id;actual_direction;boarding_stop_id;alighting_stop_id;transfer_chain,resident,fixed_worker,work,home,work_poi_igeocom:21177625,home_hk_collective_000546,69550.0,False,pt,generic,distance;end_link;start_link;trav_time;type,False,road_8176_0_r,road_95249_0_r,24037.161,00:44:43,,,,,,,,,,,not_modelled_no_serialized_transfer_chain_or_eligibility,,adult_reference_not_applied,Octopus_reference_not_applied,audit_only_no_fare_estimation
hk_collective_000548,0,pt,pt_fare_chargeability_audit,,,,U,unresolved,generic_pt_leg_missing_actual_mode_line_route_boarding_alighting_transfer_chain,actual_transport_mode;actual_line_id;actual_route_id;actual_direction;boarding_stop_id;alighting_stop_id;transfer_chain,resident,fixed_worker,home,work,home_hk_collective_000548,work_poi_osm:11502423876:42250,27521.0,False,pt,generic,distance;end_link;start_link;trav_time;type,False,road_260870_0_f,road_57498_0_r,17570.436,00:29:00,,,,,,,,,,,not_modelled_no_serialized_transfer_chain_or_eligibility,,adult_reference_not_applied,Octopus_reference_not_applied,audit_only_no_fare_estimation
hk_collective_000548,1,pt,pt_fare_chargeability_audit,,,,U,unresolved,generic_pt_leg_missing_actual_mode_line_route_boarding_alighting_transfer_chain,actual_transport_mode;actual_line_id;actual_route_id;actual_direction;boarding_stop_id;alighting_stop_id;transfer_chain,resident,fixed_worker,work,home,work_poi_osm:11502423876:42250,home_hk_collective_000548,55942.0,False,pt,generic,distance;end_link;start_link;trav_time;type,False,road_57498_0_r,road_260870_0_f,18329.063,00:30:36,,,,,,,,,,,not_modelled_no_serialized_transfer_chain_or_eligibility,,adult_reference_not_applied,Octopus_reference_not_applied,audit_only_no_fare_estimation
hk_collective_000550,0,pt,pt_fare_chargeability_audit,,,,U,unresolved,generic_pt_leg_missing_actual_mode_line_route_boarding_alighting_transfer_chain,actual_transport_mode;actual_line_id;actual_route_id;actual_direction;boarding_stop_id;alighting_stop_id;transfer_chain,resident,usual_resident_border,home,border,home_hk_collective_000550,border_1,14453.0,False,pt,generic,distance;end_link;start_link;trav_time;type,False,road_94532_0_f,road_260342_0_r,21499.218,00:38:19,,,,,,,,,,,not_modelled_no_serialized_transfer_chain_or_eligibility,,adult_reference_not_applied,Octopus_reference_not_applied,audit_only_no_fare_estimation
hk_collective_000550,1,pt,pt_fare_chargeability_audit,,,,U,unresolved,generic_pt_leg_missing_actual_mode_line_route_boarding_alighting_transfer_chain,actual_transport_mode;actual_line_id;actual_route_id;actual_direction;boarding_stop_id;alighting_stop_id;transfer_chain,resident,usual_resident_border,border,home,border_1,home_hk_collective_000550,78485.0,False,pt,generic,distance;end_link;start_link;trav_time;type,False,road_260342_0_r,road_94532_0_f,20530.463000000003,00:35:59,,,,,,,,,,,not_modelled_no_serialized_transfer_chain_or_eligibility,,adult_reference_not_applied,Octopus_reference_not_applied,audit_only_no_fare_estimation
hk_collective_000552,0,pt,pt_fare_chargeability_audit,,,,U,unresolved,generic_pt_leg_missing_actual_mode_line_route_boarding_alighting_transfer_chain,actual_transport_mode;actual_line_id;actual_route_id;actual_direction;boarding_stop_id;alighting_stop_id;transfer_chain,resident,fixed_worker,home,work,home_hk_collective_000552,work_poi_osm:3805527729:13080,29155.0,False,pt,generic,distance;end_link;start_link;trav_time;type,False,road_95460_0_f,road_164706_0_r,38689.705,00:58:10,,,,,,,,,,,not_modelled_no_serialized_transfer_chain_or_eligibility,,adult_reference_not_applied,Octopus_reference_not_applied,audit_only_no_fare_estimation
hk_collective_000552,1,pt,pt_fare_chargeability_audit,,,,U,unresolved,generic_pt_leg_missing_actual_mode_line_route_boarding_alighting_transfer_chain,actual_transport_mode;actual_line_id;actual_route_id;actual_direction;boarding_stop_id;alighting_stop_id;transfer_chain,resident,fixed_worker,work,home,work_poi_osm:3805527729:13080,home_hk_collective_000552,53943.0,False,pt,generic,distance;end_link;start_link;trav_time;type,False,road_164706_0_r,road_95460_0_f,38430.296,00:57:22,,,,,,,,,,,not_modelled_no_serialized_transfer_chain_or_eligibility,,adult_reference_not_applied,Octopus_reference_not_applied,audit_only_no_fare_estimation
hk_collective_000553,0,pt,pt_fare_chargeability_audit,,,,U,unresolved,generic_pt_leg_missing_actual_mode_line_route_boarding_alighting_transfer_chain,actual_transport_mode;actual_line_id;actual_route_id;actual_direction;boarding_stop_id;alighting_stop_id;transfer_chain,resident,fixed_worker,home,work,home_hk_collective_000553,work_poi_osm:4849819129:20305,24413.0,False,pt,generic,distance;end_link;start_link;trav_time;type,False,road_94533_0_f,road_94821_0_f,9280.083999999995,00:19:17,,,,,,,,,,,not_modelled_no_serialized_transfer_chain_or_eligibility,,adult_reference_not_applied,Octopus_reference_not_applied,audit_only_no_fare_estimation
hk_collective_000553,1,pt,pt_fare_chargeability_audit,,,,U,unresolved,generic_pt_leg_missing_actual_mode_line_route_boarding_alighting_transfer_chain,actual_transport_mode;actual_line_id;actual_route_id;actual_direction;boarding_stop_id;alighting_stop_id;transfer_chain,resident,fixed_worker,work,home,work_poi_osm:4849819129:20305,home_hk_collective_000553,67404.0,False,pt,generic,distance;end_link;start_link;trav_time;type,False,road_94821_0_f,road_94533_0_f,10023.065,00:18:50,,,,,,,,,,,not_modelled_no_serialized_transfer_chain_or_eligibility,,adult_reference_not_applied,Octopus_reference_not_applied,audit_only_no_fare_estimation
hk_collective_000554,0,pt,pt_fare_chargeability_audit,,,,U,unresolved,generic_pt_leg_missing_actual_mode_line_route_boarding_alighting_transfer_chain,actual_transport_mode;actual_line_id;actual_route_id;actual_direction;boarding_stop_id;alighting_stop_id;transfer_chain,resident,fixed_worker,home,work,home_hk_collective_000554,work_poi_igeocom:21146002,28010.0,False,pt,generic,distance;end_link;start_link;trav_time;type,False,road_94533_0_f,road_260453_0_f,37388.08,01:06:56,,,,,,,,,,,not_modelled_no_serialized_transfer_chain_or_eligibility,,adult_reference_not_applied,Octopus_reference_not_applied,audit_only_no_fare_estimation
hk_collective_000554,1,pt,pt_fare_chargeability_audit,,,,U,unresolved,generic_pt_leg_missing_actual_mode_line_route_boarding_alighting_transfer_chain,actual_transport_mode;actual_line_id;actual_route_id;actual_direction;boarding_stop_id;alighting_stop_id;transfer_chain,resident,fixed_worker,work,home,work_poi_igeocom:21146002,home_hk_collective_000554,52314.0,False,pt,generic,distance;end_link;start_link;trav_time;type,False,road_260453_0_f,road_94533_0_f,36624.525000000016,01:04:06,,,,,,,,,,,not_modelled_no_serialized_transfer_chain_or_eligibility,,adult_reference_not_applied,Octopus_reference_not_applied,audit_only_no_fare_estimation
hk_collective_000555,0,pt,pt_fare_chargeability_audit,,,,U,unresolved,generic_pt_leg_missing_actual_mode_line_route_boarding_alighting_transfer_chain,actual_transport_mode;actual_line_id;actual_route_id;actual_direction;boarding_stop_id;alighting_stop_id;transfer_chain,resident,fixed_worker,home,work,home_hk_collective_000555,work_poi_igeocom:533819,26888.0,False,pt,generic,distance;end_link;start_link;trav_time;type,False,road_95461_0_f,road_93018_0_f,19252.843,00:33:59,,,,,,,,,,,not_modelled_no_serialized_transfer_chain_or_eligibility,,adult_reference_not_applied,Octopus_reference_not_applied,audit_only_no_fare_estimation
hk_collective_000555,1,pt,pt_fare_chargeability_audit,,,,U,unresolved,generic_pt_leg_missing_actual_mode_line_route_boarding_alighting_transfer_chain,actual_transport_mode;actual_line_id;actual_route_id;actual_direction;boarding_stop_id;alighting_stop_id;transfer_chain,resident,fixed_worker,work,home,work_poi_igeocom:533819,home_hk_collective_000555,57574.0,False,pt,generic,distance;end_link;start_link;trav_time;type,False,road_93018_0_f,road_95461_0_f,18874.852,00:32:21,,,,,,,,,,,not_modelled_no_serialized_transfer_chain_or_eligibility,,adult_reference_not_applied,Octopus_reference_not_applied,audit_only_no_fare_estimation
hk_collective_000556,0,pt,pt_fare_chargeability_audit,,,,U,unresolved,generic_pt_leg_missing_actual_mode_line_route_boarding_alighting_transfer_chain,actual_transport_mode;actual_line_id;actual_route_id;actual_direction;boarding_stop_id;alighting_stop_id;transfer_chain,resident,fixed_worker,home,work,home_hk_collective_000556,work_poi_igeocom:21187391,29064.0,False,pt,generic,distance;end_link;start_link;trav_time;type,False,road_94533_0_f,road_269439_0_f,41849.692,01:15:13,,,,,,,,,,,not_modelled_no_serialized_transfer_chain_or_eligibility,,adult_reference_not_applied,Octopus_reference_not_applied,audit_only_no_fare_estimation
hk_collective_000556,1,pt,pt_fare_chargeability_audit,,,,U,unresolved,generic_pt_leg_missing_actual_mode_line_route_boarding_alighting_transfer_chain,actual_transport_mode;actual_line_id;actual_route_id;actual_direction;boarding_stop_id;alighting_stop_id;transfer_chain,resident,fixed_worker,work,home,work_poi_igeocom:21187391,home_hk_collective_000556,60941.0,False,pt,generic,distance;end_link;start_link;trav_time;type,False,road_269439_0_f,road_94533_0_f,40924.44800000001,01:12:18,,,,,,,,,,,not_modelled_no_serialized_transfer_chain_or_eligibility,,adult_reference_not_applied,Octopus_reference_not_applied,audit_only_no_fare_estimation
hk_collective_000558,0,pt,pt_fare_chargeability_audit,,,,U,unresolved,generic_pt_leg_missing_actual_mode_line_route_boarding_alighting_transfer_chain,actual_transport_mode;actual_line_id;actual_route_id;actual_direction;boarding_stop_id;alighting_stop_id;transfer_chain,resident,fixed_worker,home,work,home_hk_collective_000558,work_poi_igeocom:541594,31169.0,False,pt,generic,distance;end_link;start_link;trav_time;type,False,road_94533_0_f,road_5301_0_f,33396.217000000004,00:55:33,,,,,,,,,,,not_modelled_no_serialized_transfer_chain_or_eligibility,,adult_reference_not_applied,Octopus_reference_not_applied,audit_only_no_fare_estimation
hk_collective_000558,1,pt,pt_fare_chargeability_audit,,,,U,unresolved,generic_pt_leg_missing_actual_mode_line_route_boarding_alighting_transfer_chain,actual_transport_mode;actual_line_id;actual_route_id;actual_direction;boarding_stop_id;alighting_stop_id;transfer_chain,resident,fixed_worker,work,home,work_poi_igeocom:541594,home_hk_collective_000558,60348.0,False,pt,generic,distance;end_link;start_link;trav_time;type,False,road_5301_0_f,road_94533_0_f,33525.11300000001,00:55:32,,,,,,,,,,,not_modelled_no_serialized_transfer_chain_or_eligibility,,adult_reference_not_applied,Octopus_reference_not_applied,audit_only_no_fare_estimation
hk_collective_000558,2,pt,pt_fare_chargeability_audit,,,,U,unresolved,generic_pt_leg_missing_actual_mode_line_route_boarding_alighting_transfer_chain,actual_transport_mode;actual_line_id;actual_route_id;actual_direction;boarding_stop_id;alighting_stop_id;transfer_chain,resident,fixed_worker,home,dining,home_hk_collective_000558,resident_dining_osm_6159589631_27365,67240.0,True,pt,generic,distance;end_link;start_link;trav_time;type,False,road_94533_0_f,road_164319_0_f,39332.619000000006,01:09:04,,,,,,,,,,,not_modelled_no_serialized_transfer_chain_or_eligibility,,adult_reference_not_applied,Octopus_reference_not_applied,audit_only_no_fare_estimation
hk_collective_000558,3,pt,pt_fare_chargeability_audit,,,,U,unresolved,generic_pt_leg_missing_actual_mode_line_route_boarding_alighting_transfer_chain,actual_transport_mode;actual_line_id;actual_route_id;actual_direction;boarding_stop_id;alighting_stop_id;transfer_chain,resident,fixed_worker,dining,home,resident_dining_osm_6159589631_27365,home_hk_collective_000558,73840.0,True,pt,generic,distance;end_link;start_link;trav_time;type,False,road_164319_0_f,road_94533_0_f,38921.33000000002,01:07:30,,,,,,,,,,,not_modelled_no_serialized_transfer_chain_or_eligibility,,adult_reference_not_applied,Octopus_reference_not_applied,audit_only_no_fare_estimation
hk_collective_000559,0,pt,pt_fare_chargeability_audit,,,,U,unresolved,generic_pt_leg_missing_actual_mode_line_route_boarding_alighting_transfer_chain,actual_transport_mode;actual_line_id;actual_route_id;actual_direction;boarding_stop_id;alighting_stop_id;transfer_chain,resident,fixed_worker,home,work,home_hk_collective_000559,work_poi_igeocom:551709,30987.0,False,pt,generic,distance;end_link;start_link;trav_time;type,False,road_95767_0_f,road_96096_0_f,10386.912000000002,00:21:50,,,,,,,,,,,not_modelled_no_serialized_transfer_chain_or_eligibility,,adult_reference_not_applied,Octopus_reference_not_applied,audit_only_no_fare_estimation
hk_collective_000559,1,pt,pt_fare_chargeability_audit,,,,U,unresolved,generic_pt_leg_missing_actual_mode_line_route_boarding_alighting_transfer_chain,actual_transport_mode;actual_line_id;actual_route_id;actual_direction;boarding_stop_id;alighting_stop_id;transfer_chain,resident,fixed_worker,work,home,work_poi_igeocom:551709,home_hk_collective_000559,59943.0,False,pt,generic,distance;end_link;start_link;trav_time;type,False,road_96096_0_f,road_95767_0_f,10684.342,00:20:52,,,,,,,,,,,not_modelled_no_serialized_transfer_chain_or_eligibility,,adult_reference_not_applied,Octopus_reference_not_applied,audit_only_no_fare_estimation
hk_collective_000559,2,pt,pt_fare_chargeability_audit,,,,U,unresolved,generic_pt_leg_missing_actual_mode_line_route_boarding_alighting_transfer_chain,actual_transport_mode;actual_line_id;actual_route_id;actual_direction;boarding_stop_id;alighting_stop_id;transfer_chain,resident,fixed_worker,home,leisure,home_hk_collective_000559,resident_leisure_igeocom_548837,65488.0,True,pt,generic,distance;end_link;start_link;trav_time;type,False,road_95767_0_f,road_276886_0_f,2115.8050000000007,00:04:51,,,,,,,,,,,not_modelled_no_serialized_transfer_chain_or_eligibility,,adult_reference_not_applied,Octopus_reference_not_applied,audit_only_no_fare_estimation
hk_collective_000559,3,pt,pt_fare_chargeability_audit,,,,U,unresolved,generic_pt_leg_missing_actual_mode_line_route_boarding_alighting_transfer_chain,actual_transport_mode;actual_line_id;actual_route_id;actual_direction;boarding_stop_id;alighting_stop_id;transfer_chain,resident,fixed_worker,leisure,home,resident_leisure_igeocom_548837,home_hk_collective_000559,76888.0,True,pt,generic,distance;end_link;start_link;trav_time;type,False,road_276886_0_f,road_95767_0_f,1625.217,00:03:36,,,,,,,,,,,not_modelled_no_serialized_transfer_chain_or_eligibility,,adult_reference_not_applied,Octopus_reference_not_applied,audit_only_no_fare_estimation
hk_collective_000560,0,pt,pt_fare_chargeability_audit,,,,U,unresolved,generic_pt_leg_missing_actual_mode_line_route_boarding_alighting_transfer_chain,actual_transport_mode;actual_line_id;actual_route_id;actual_direction;boarding_stop_id;alighting_stop_id;transfer_chain,resident,fixed_worker,home,work,home_hk_collective_000560,work_poi_igeocom:21135024,29761.0,False,pt,generic,distance;end_link;start_link;trav_time;type,False,road_95459_0_r,road_105411_0_f,29250.47100000001,00:48:06,,,,,,,,,,,not_modelled_no_serialized_transfer_chain_or_eligibility,,adult_reference_not_applied,Octopus_reference_not_applied,audit_only_no_fare_estimation
hk_collective_000560,1,pt,pt_fare_chargeability_audit,,,,U,unresolved,generic_pt_leg_missing_actual_mode_line_route_boarding_alighting_transfer_chain,actual_transport_mode;actual_line_id;actual_route_id;actual_direction;boarding_stop_id;alighting_stop_id;transfer_chain,resident,fixed_worker,work,home,work_poi_igeocom:21135024,home_hk_collective_000560,70770.0,False,pt,generic,distance;end_link;start_link;trav_time;type,False,road_105411_0_f,road_95459_0_r,29361.13000000001,00:47:38,,,,,,,,,,,not_modelled_no_serialized_transfer_chain_or_eligibility,,adult_reference_not_applied,Octopus_reference_not_applied,audit_only_no_fare_estimation
hk_collective_000561,0,pt,pt_fare_chargeability_audit,,,,U,unresolved,generic_pt_leg_missing_actual_mode_line_route_boarding_alighting_transfer_chain,actual_transport_mode;actual_line_id;actual_route_id;actual_direction;boarding_stop_id;alighting_stop_id;transfer_chain,resident,work_mobile,home,work_mobile,home_hk_collective_000561,work_mobile_poi_igeocom:21077976,33829.0,False,pt,generic,distance;end_link;start_link;trav_time;type,False,road_95971_0_f,road_95890_0_f,2793.873,00:06:00,,,,,,,,,,,not_modelled_no_serialized_transfer_chain_or_eligibility,,adult_reference_not_applied,Octopus_reference_not_applied,audit_only_no_fare_estimation
hk_collective_000561,1,pt,pt_fare_chargeability_audit,,,,U,unresolved,generic_pt_leg_missing_actual_mode_line_route_boarding_alighting_transfer_chain,actual_transport_mode;actual_line_id;actual_route_id;actual_direction;boarding_stop_id;alighting_stop_id;transfer_chain,resident,work_mobile,work_mobile,home,work_mobile_poi_igeocom:21077976,home_hk_collective_000561,66121.0,False,pt,generic,distance;end_link;start_link;trav_time;type,False,road_95890_0_f,road_95971_0_f,2343.6760000000004,00:04:53,,,,,,,,,,,not_modelled_no_serialized_transfer_chain_or_eligibility,,adult_reference_not_applied,Octopus_reference_not_applied,audit_only_no_fare_estimation
hk_collective_000563,0,pt,pt_fare_chargeability_audit,,,,U,unresolved,generic_pt_leg_missing_actual_mode_line_route_boarding_alighting_transfer_chain,actual_transport_mode;actual_line_id;actual_route_id;actual_direction;boarding_stop_id;alighting_stop_id;transfer_chain,resident,fixed_worker,home,work,home_hk_collective_000563,work_poi_osm:missing:64229,31266.0,False,pt,generic,distance;end_link;start_link;trav_time;type,False,road_95547_0_f,road_5702_0_f,40618.677,01:07:29,,,,,,,,,,,not_modelled_no_serialized_transfer_chain_or_eligibility,,adult_reference_not_applied,Octopus_reference_not_applied,audit_only_no_fare_estimation
hk_collective_000563,1,pt,pt_fare_chargeability_audit,,,,U,unresolved,generic_pt_leg_missing_actual_mode_line_route_boarding_alighting_transfer_chain,actual_transport_mode;actual_line_id;actual_route_id;actual_direction;boarding_stop_id;alighting_stop_id;transfer_chain,resident,fixed_worker,work,home,work_poi_osm:missing:64229,home_hk_collective_000563,67752.0,False,pt,generic,distance;end_link;start_link;trav_time;type,False,road_5702_0_f,road_95547_0_f,39368.797000000006,01:03:57,,,,,,,,,,,not_modelled_no_serialized_transfer_chain_or_eligibility,,adult_reference_not_applied,Octopus_reference_not_applied,audit_only_no_fare_estimation
hk_collective_000564,0,pt,pt_fare_chargeability_audit,,,,U,unresolved,generic_pt_leg_missing_actual_mode_line_route_boarding_alighting_transfer_chain,actual_transport_mode;actual_line_id;actual_route_id;actual_direction;boarding_stop_id;alighting_stop_id;transfer_chain,resident,fixed_worker,home,work,home_hk_collective_000564,work_poi_osm:13722662384:47840,33140.0,False,pt,generic,distance;end_link;start_link;trav_time;type,False,road_94987_0_f,road_8950_0_f,26153.08,00:49:56,,,,,,,,,,,not_modelled_no_serialized_transfer_chain_or_eligibility,,adult_reference_not_applied,Octopus_reference_not_applied,audit_only_no_fare_estimation
hk_collective_000564,1,pt,pt_fare_chargeability_audit,,,,U,unresolved,generic_pt_leg_missing_actual_mode_line_route_boarding_alighting_transfer_chain,actual_transport_mode;actual_line_id;actual_route_id;actual_direction;boarding_stop_id;alighting_stop_id;transfer_chain,resident,fixed_worker,work,home,work_poi_osm:13722662384:47840,home_hk_collective_000564,61387.0,False,pt,generic,distance;end_link;start_link;trav_time;type,False,road_8950_0_f,road_94987_0_f,27025.77399999998,00:47:15,,,,,,,,,,,not_modelled_no_serialized_transfer_chain_or_eligibility,,adult_reference_not_applied,Octopus_reference_not_applied,audit_only_no_fare_estimation
hk_collective_000565,2,pt,pt_fare_chargeability_audit,,,,U,unresolved,generic_pt_leg_missing_actual_mode_line_route_boarding_alighting_transfer_chain,actual_transport_mode;actual_line_id;actual_route_id;actual_direction;boarding_stop_id;alighting_stop_id;transfer_chain,resident,fixed_worker,home,dining,home_hk_collective_000565,resident_dining_osm_12791435557_45689,68929.0,True,pt,generic,distance;end_link;start_link;trav_time;type,False,road_94034_0_r,road_96130_0_f,4389.049000000001,00:09:18,,,,,,,,,,,not_modelled_no_serialized_transfer_chain_or_eligibility,,adult_reference_not_applied,Octopus_reference_not_applied,audit_only_no_fare_estimation
hk_collective_000565,3,pt,pt_fare_chargeability_audit,,,,U,unresolved,generic_pt_leg_missing_actual_mode_line_route_boarding_alighting_transfer_chain,actual_transport_mode;actual_line_id;actual_route_id;actual_direction;boarding_stop_id;alighting_stop_id;transfer_chain,resident,fixed_worker,dining,leisure,resident_dining_osm_12791435557_45689,resident_leisure_igeocom_535865,75529.0,True,pt,generic,distance;end_link;start_link;trav_time;type,False,road_96130_0_f,road_116756_0_f,3173.24,00:07:36,,,,,,,,,,,not_modelled_no_serialized_transfer_chain_or_eligibility,,adult_reference_not_applied,Octopus_reference_not_applied,audit_only_no_fare_estimation
hk_collective_000565,4,pt,pt_fare_chargeability_audit,,,,U,unresolved,generic_pt_leg_missing_actual_mode_line_route_boarding_alighting_transfer_chain,actual_transport_mode;actual_line_id;actual_route_id;actual_direction;boarding_stop_id;alighting_stop_id;transfer_chain,resident,fixed_worker,leisure,home,resident_leisure_igeocom_535865,home_hk_collective_000565,86929.0,True,pt,generic,distance;end_link;start_link;trav_time;type,False,road_116756_0_f,road_94034_0_r,3289.2870000000007,00:07:52,,,,,,,,,,,not_modelled_no_serialized_transfer_chain_or_eligibility,,adult_reference_not_applied,Octopus_reference_not_applied,audit_only_no_fare_estimation
hk_collective_000567,0,pt,pt_fare_chargeability_audit,,,,U,unresolved,generic_pt_leg_missing_actual_mode_line_route_boarding_alighting_transfer_chain,actual_transport_mode;actual_line_id;actual_route_id;actual_direction;boarding_stop_id;alighting_stop_id;transfer_chain,resident,fixed_worker,home,work,home_hk_collective_000567,work_poi_igeocom:547659,24812.0,False,pt,generic,distance;end_link;start_link;trav_time;type,False,road_260870_0_f,road_260380_0_r,4166.386,00:09:37,,,,,,,,,,,not_modelled_no_serialized_transfer_chain_or_eligibility,,adult_reference_not_applied,Octopus_reference_not_applied,audit_only_no_fare_estimation
hk_collective_000567,1,pt,pt_fare_chargeability_audit,,,,U,unresolved,generic_pt_leg_missing_actual_mode_line_route_boarding_alighting_transfer_chain,actual_transport_mode;actual_line_id;actual_route_id;actual_direction;boarding_stop_id;alighting_stop_id;transfer_chain,resident,fixed_worker,work,home,work_poi_igeocom:547659,home_hk_collective_000567,52953.0,False,pt,generic,distance;end_link;start_link;trav_time;type,False,road_260380_0_r,road_260870_0_f,3393.3650000000007,00:08:02,,,,,,,,,,,not_modelled_no_serialized_transfer_chain_or_eligibility,,adult_reference_not_applied,Octopus_reference_not_applied,audit_only_no_fare_estimation
hk_collective_000569,0,pt,pt_fare_chargeability_audit,,,,U,unresolved,generic_pt_leg_missing_actual_mode_line_route_boarding_alighting_transfer_chain,actual_transport_mode;actual_line_id;actual_route_id;actual_direction;boarding_stop_id;alighting_stop_id;transfer_chain,resident,fixed_worker,home,work,home_hk_collective_000569,work_poi_igeocom:528921,28179.0,False,pt,generic,distance;end_link;start_link;trav_time;type,False,road_94030_0_r,road_5568_0_r,47215.76200000002,01:28:58,,,,,,,,,,,not_modelled_no_serialized_transfer_chain_or_eligibility,,adult_reference_not_applied,Octopus_reference_not_applied,audit_only_no_fare_estimation
hk_collective_000569,1,pt,pt_fare_chargeability_audit,,,,U,unresolved,generic_pt_leg_missing_actual_mode_line_route_boarding_alighting_transfer_chain,actual_transport_mode;actual_line_id;actual_route_id;actual_direction;boarding_stop_id;alighting_stop_id;transfer_chain,resident,fixed_worker,work,home,work_poi_igeocom:528921,home_hk_collective_000569,72592.0,False,pt,generic,distance;end_link;start_link;trav_time;type,False,road_5568_0_r,road_94030_0_r,46692.78800000001,01:27:00,,,,,,,,,,,not_modelled_no_serialized_transfer_chain_or_eligibility,,adult_reference_not_applied,Octopus_reference_not_applied,audit_only_no_fare_estimation
hk_collective_000570,0,pt,pt_fare_chargeability_audit,,,,U,unresolved,generic_pt_leg_missing_actual_mode_line_route_boarding_alighting_transfer_chain,actual_transport_mode;actual_line_id;actual_route_id;actual_direction;boarding_stop_id;alighting_stop_id;transfer_chain,resident,fixed_worker,home,work,home_hk_collective_000570,work_poi_osm:13432297720:47392,30957.0,False,pt,generic,distance;end_link;start_link;trav_time;type,False,road_94034_0_r,road_285371_0_r,25987.90799999999,00:49:25,,,,,,,,,,,not_modelled_no_serialized_transfer_chain_or_eligibility,,adult_reference_not_applied,Octopus_reference_not_applied,audit_only_no_fare_estimation
hk_collective_000570,1,pt,pt_fare_chargeability_audit,,,,U,unresolved,generic_pt_leg_missing_actual_mode_line_route_boarding_alighting_transfer_chain,actual_transport_mode;actual_line_id;actual_route_id;actual_direction;boarding_stop_id;alighting_stop_id;transfer_chain,resident,fixed_worker,work,home,work_poi_osm:13432297720:47392,home_hk_collective_000570,60182.0,False,pt,generic,distance;end_link;start_link;trav_time;type,False,road_285371_0_r,road_94034_0_r,25771.66699999999,00:45:52,,,,,,,,,,,not_modelled_no_serialized_transfer_chain_or_eligibility,,adult_reference_not_applied,Octopus_reference_not_applied,audit_only_no_fare_estimation
hk_collective_000570,2,pt,pt_fare_chargeability_audit,,,,U,unresolved,generic_pt_leg_missing_actual_mode_line_route_boarding_alighting_transfer_chain,actual_transport_mode;actual_line_id;actual_route_id;actual_direction;boarding_stop_id;alighting_stop_id;transfer_chain,resident,fixed_worker,home,personal_business,home_hk_collective_000570,resident_personal_business_igeocom_533407,64605.0,True,pt,generic,distance;end_link;start_link;trav_time;type,False,road_94034_0_r,road_59168_0_f,21380.935000000005,00:38:05,,,,,,,,,,,not_modelled_no_serialized_transfer_chain_or_eligibility,,adult_reference_not_applied,Octopus_reference_not_applied,audit_only_no_fare_estimation
hk_collective_000570,3,pt,pt_fare_chargeability_audit,,,,U,unresolved,generic_pt_leg_missing_actual_mode_line_route_boarding_alighting_transfer_chain,actual_transport_mode;actual_line_id;actual_route_id;actual_direction;boarding_stop_id;alighting_stop_id;transfer_chain,resident,fixed_worker,personal_business,home,resident_personal_business_igeocom_533407,home_hk_collective_000570,71505.0,True,pt,generic,distance;end_link;start_link;trav_time;type,False,road_59168_0_f,road_94034_0_r,20314.356000000003,00:35:02,,,,,,,,,,,not_modelled_no_serialized_transfer_chain_or_eligibility,,adult_reference_not_applied,Octopus_reference_not_applied,audit_only_no_fare_estimation
hk_collective_000571,0,pt,pt_fare_chargeability_audit,,,,U,unresolved,generic_pt_leg_missing_actual_mode_line_route_boarding_alighting_transfer_chain,actual_transport_mode;actual_line_id;actual_route_id;actual_direction;boarding_stop_id;alighting_stop_id;transfer_chain,resident,fixed_worker,home,work,home_hk_collective_000571,work_poi_osm:missing:68805,34615.0,False,pt,generic,distance;end_link;start_link;trav_time;type,False,road_94533_0_f,road_102617_0_f,31897.90000000001,00:56:57,,,,,,,,,,,not_modelled_no_serialized_transfer_chain_or_eligibility,,adult_reference_not_applied,Octopus_reference_not_applied,audit_only_no_fare_estimation
hk_collective_000571,1,pt,pt_fare_chargeability_audit,,,,U,unresolved,generic_pt_leg_missing_actual_mode_line_route_boarding_alighting_transfer_chain,actual_transport_mode;actual_line_id;actual_route_id;actual_direction;boarding_stop_id;alighting_stop_id;transfer_chain,resident,fixed_worker,work,home,work_poi_osm:missing:68805,home_hk_collective_000571,69754.0,False,pt,generic,distance;end_link;start_link;trav_time;type,False,road_102617_0_f,road_94533_0_f,31078.841000000004,00:54:16,,,,,,,,,,,not_modelled_no_serialized_transfer_chain_or_eligibility,,adult_reference_not_applied,Octopus_reference_not_applied,audit_only_no_fare_estimation
hk_collective_000573,0,pt,pt_fare_chargeability_audit,,,,U,unresolved,generic_pt_leg_missing_actual_mode_line_route_boarding_alighting_transfer_chain,actual_transport_mode;actual_line_id;actual_route_id;actual_direction;boarding_stop_id;alighting_stop_id;transfer_chain,resident,fixed_worker,home,work,home_hk_collective_000573,work_poi_igeocom:551015,29770.0,False,pt,generic,distance;end_link;start_link;trav_time;type,False,road_95848_0_f,road_116102_0_f,38218.751,01:02:53,,,,,,,,,,,not_modelled_no_serialized_transfer_chain_or_eligibility,,adult_reference_not_applied,Octopus_reference_not_applied,audit_only_no_fare_estimation
hk_collective_000573,1,pt,pt_fare_chargeability_audit,,,,U,unresolved,generic_pt_leg_missing_actual_mode_line_route_boarding_alighting_transfer_chain,actual_transport_mode;actual_line_id;actual_route_id;actual_direction;boarding_stop_id;alighting_stop_id;transfer_chain,resident,fixed_worker,work,home,work_poi_igeocom:551015,home_hk_collective_000573,69918.0,False,pt,generic,distance;end_link;start_link;trav_time;type,False,road_116102_0_f,road_95848_0_f,38703.21700000001,01:03:26,,,,,,,,,,,not_modelled_no_serialized_transfer_chain_or_eligibility,,adult_reference_not_applied,Octopus_reference_not_applied,audit_only_no_fare_estimation
hk_collective_000574,0,pt,pt_fare_chargeability_audit,,,,U,unresolved,generic_pt_leg_missing_actual_mode_line_route_boarding_alighting_transfer_chain,actual_transport_mode;actual_line_id;actual_route_id;actual_direction;boarding_stop_id;alighting_stop_id;transfer_chain,resident,fixed_worker,home,work,home_hk_collective_000574,work_poi_osm:4850515477:20614,25859.0,False,pt,generic,distance;end_link;start_link;trav_time;type,False,road_94532_0_f,road_104288_0_f,30867.719,00:52:01,,,,,,,,,,,not_modelled_no_serialized_transfer_chain_or_eligibility,,adult_reference_not_applied,Octopus_reference_not_applied,audit_only_no_fare_estimation
hk_collective_000574,1,pt,pt_fare_chargeability_audit,,,,U,unresolved,generic_pt_leg_missing_actual_mode_line_route_boarding_alighting_transfer_chain,actual_transport_mode;actual_line_id;actual_route_id;actual_direction;boarding_stop_id;alighting_stop_id;transfer_chain,resident,fixed_worker,work,home,work_poi_osm:4850515477:20614,home_hk_collective_000574,64727.0,False,pt,generic,distance;end_link;start_link;trav_time;type,False,road_104288_0_f,road_94532_0_f,30690.571000000007,00:50:39,,,,,,,,,,,not_modelled_no_serialized_transfer_chain_or_eligibility,,adult_reference_not_applied,Octopus_reference_not_applied,audit_only_no_fare_estimation
hk_collective_000575,0,pt,pt_fare_chargeability_audit,,,,U,unresolved,generic_pt_leg_missing_actual_mode_line_route_boarding_alighting_transfer_chain,actual_transport_mode;actual_line_id;actual_route_id;actual_direction;boarding_stop_id;alighting_stop_id;transfer_chain,resident,work_mobile,home,work_mobile,home_hk_collective_000575,work_mobile_poi_osm:7666662678:31826,29997.0,False,pt,generic,distance;end_link;start_link;trav_time;type,False,road_94007_0_f,road_165414_0_r,4252.991000000001,00:10:10,,,,,,,,,,,not_modelled_no_serialized_transfer_chain_or_eligibility,,adult_reference_not_applied,Octopus_reference_not_applied,audit_only_no_fare_estimation
hk_collective_000575,1,pt,pt_fare_chargeability_audit,,,,U,unresolved,generic_pt_leg_missing_actual_mode_line_route_boarding_alighting_transfer_chain,actual_transport_mode;actual_line_id;actual_route_id;actual_direction;boarding_stop_id;alighting_stop_id;transfer_chain,resident,work_mobile,work_mobile,home,work_mobile_poi_osm:7666662678:31826,home_hk_collective_000575,63267.0,False,pt,generic,distance;end_link;start_link;trav_time;type,False,road_165414_0_r,road_94007_0_f,3132.168000000001,00:07:30,,,,,,,,,,,not_modelled_no_serialized_transfer_chain_or_eligibility,,adult_reference_not_applied,Octopus_reference_not_applied,audit_only_no_fare_estimation
hk_collective_000576,0,pt,pt_fare_chargeability_audit,,,,U,unresolved,generic_pt_leg_missing_actual_mode_line_route_boarding_alighting_transfer_chain,actual_transport_mode;actual_line_id;actual_route_id;actual_direction;boarding_stop_id;alighting_stop_id;transfer_chain,resident,fixed_worker,home,work,home_hk_collective_000576,work_poi_igeocom:559029,28127.0,False,pt,generic,distance;end_link;start_link;trav_time;type,False,road_95734_0_f,road_164414_0_f,25456.086,00:46:44,,,,,,,,,,,not_modelled_no_serialized_transfer_chain_or_eligibility,,adult_reference_not_applied,Octopus_reference_not_applied,audit_only_no_fare_estimation
hk_collective_000576,1,pt,pt_fare_chargeability_audit,,,,U,unresolved,generic_pt_leg_missing_actual_mode_line_route_boarding_alighting_transfer_chain,actual_transport_mode;actual_line_id;actual_route_id;actual_direction;boarding_stop_id;alighting_stop_id;transfer_chain,resident,fixed_worker,work,home,work_poi_igeocom:559029,home_hk_collective_000576,54659.0,False,pt,generic,distance;end_link;start_link;trav_time;type,False,road_164414_0_f,road_95734_0_f,24129.835999999985,00:43:22,,,,,,,,,,,not_modelled_no_serialized_transfer_chain_or_eligibility,,adult_reference_not_applied,Octopus_reference_not_applied,audit_only_no_fare_estimation
hk_collective_000577,0,pt,pt_fare_chargeability_audit,,,,U,unresolved,generic_pt_leg_missing_actual_mode_line_route_boarding_alighting_transfer_chain,actual_transport_mode;actual_line_id;actual_route_id;actual_direction;boarding_stop_id;alighting_stop_id;transfer_chain,resident,fixed_worker,home,work,home_hk_collective_000577,work_poi_igeocom:549737,31815.0,False,pt,generic,distance;end_link;start_link;trav_time;type,False,road_95693_0_f,road_92998_0_f,20874.106000000007,00:36:25,,,,,,,,,,,not_modelled_no_serialized_transfer_chain_or_eligibility,,adult_reference_not_applied,Octopus_reference_not_applied,audit_only_no_fare_estimation
hk_collective_000577,1,pt,pt_fare_chargeability_audit,,,,U,unresolved,generic_pt_leg_missing_actual_mode_line_route_boarding_alighting_transfer_chain,actual_transport_mode;actual_line_id;actual_route_id;actual_direction;boarding_stop_id;alighting_stop_id;transfer_chain,resident,fixed_worker,work,home,work_poi_igeocom:549737,home_hk_collective_000577,64222.0,False,pt,generic,distance;end_link;start_link;trav_time;type,False,road_92998_0_f,road_95693_0_f,22545.78,00:39:21,,,,,,,,,,,not_modelled_no_serialized_transfer_chain_or_eligibility,,adult_reference_not_applied,Octopus_reference_not_applied,audit_only_no_fare_estimation
hk_collective_000577,2,pt,pt_fare_chargeability_audit,,,,U,unresolved,generic_pt_leg_missing_actual_mode_line_route_boarding_alighting_transfer_chain,actual_transport_mode;actual_line_id;actual_route_id;actual_direction;boarding_stop_id;alighting_stop_id;transfer_chain,resident,fixed_worker,home,shopping,home_hk_collective_000577,resident_shopping_osm_12464268720_44812,68892.0,True,pt,generic,distance;end_link;start_link;trav_time;type,False,road_95693_0_f,road_5507_0_f,36163.766,01:02:14,,,,,,,,,,,not_modelled_no_serialized_transfer_chain_or_eligibility,,adult_reference_not_applied,Octopus_reference_not_applied,audit_only_no_fare_estimation
hk_collective_000577,3,pt,pt_fare_chargeability_audit,,,,U,unresolved,generic_pt_leg_missing_actual_mode_line_route_boarding_alighting_transfer_chain,actual_transport_mode;actual_line_id;actual_route_id;actual_direction;boarding_stop_id;alighting_stop_id;transfer_chain,resident,fixed_worker,shopping,personal_business,resident_shopping_osm_12464268720_44812,resident_personal_business_osm_4847919143_19819,75792.0,True,pt,generic,distance;end_link;start_link;trav_time;type,False,road_5507_0_f,road_102748_0_f,11358.033999999996,00:23:48,,,,,,,,,,,not_modelled_no_serialized_transfer_chain_or_eligibility,,adult_reference_not_applied,Octopus_reference_not_applied,audit_only_no_fare_estimation
hk_collective_000577,4,pt,pt_fare_chargeability_audit,,,,U,unresolved,generic_pt_leg_missing_actual_mode_line_route_boarding_alighting_transfer_chain,actual_transport_mode;actual_line_id;actual_route_id;actual_direction;boarding_stop_id;alighting_stop_id;transfer_chain,resident,fixed_worker,personal_business,home,resident_personal_business_osm_4847919143_19819,home_hk_collective_000577,82692.0,True,pt,generic,distance;end_link;start_link;trav_time;type,False,road_102748_0_f,road_95693_0_f,34370.163,00:58:15,,,,,,,,,,,not_modelled_no_serialized_transfer_chain_or_eligibility,,adult_reference_not_applied,Octopus_reference_not_applied,audit_only_no_fare_estimation
hk_collective_000578,0,pt,pt_fare_chargeability_audit,,,,U,unresolved,generic_pt_leg_missing_actual_mode_line_route_boarding_alighting_transfer_chain,actual_transport_mode;actual_line_id;actual_route_id;actual_direction;boarding_stop_id;alighting_stop_id;transfer_chain,resident,fixed_worker,home,work,home_hk_collective_000578,work_poi_igeocom:549106,20142.0,False,pt,generic,distance;end_link;start_link;trav_time;type,False,road_95693_0_f,road_96493_0_f,9611.709,00:17:07,,,,,,,,,,,not_modelled_no_serialized_transfer_chain_or_eligibility,,adult_reference_not_applied,Octopus_reference_not_applied,audit_only_no_fare_estimation
hk_collective_000578,1,pt,pt_fare_chargeability_audit,,,,U,unresolved,generic_pt_leg_missing_actual_mode_line_route_boarding_alighting_transfer_chain,actual_transport_mode;actual_line_id;actual_route_id;actual_direction;boarding_stop_id;alighting_stop_id;transfer_chain,resident,fixed_worker,work,home,work_poi_igeocom:549106,home_hk_collective_000578,52649.0,False,pt,generic,distance;end_link;start_link;trav_time;type,False,road_96493_0_f,road_95693_0_f,8557.892000000003,00:16:49,,,,,,,,,,,not_modelled_no_serialized_transfer_chain_or_eligibility,,adult_reference_not_applied,Octopus_reference_not_applied,audit_only_no_fare_estimation
hk_collective_000578,2,pt,pt_fare_chargeability_audit,,,,U,unresolved,generic_pt_leg_missing_actual_mode_line_route_boarding_alighting_transfer_chain,actual_transport_mode;actual_line_id;actual_route_id;actual_direction;boarding_stop_id;alighting_stop_id;transfer_chain,resident,fixed_worker,home,shopping,home_hk_collective_000578,resident_shopping_osm_missing_60393,63866.0,True,pt,generic,distance;end_link;start_link;trav_time;type,False,road_95693_0_f,road_95659_0_f,4905.126000000001,00:10:19,,,,,,,,,,,not_modelled_no_serialized_transfer_chain_or_eligibility,,adult_reference_not_applied,Octopus_reference_not_applied,audit_only_no_fare_estimation
hk_collective_000578,3,pt,pt_fare_chargeability_audit,,,,U,unresolved,generic_pt_leg_missing_actual_mode_line_route_boarding_alighting_transfer_chain,actual_transport_mode;actual_line_id;actual_route_id;actual_direction;boarding_stop_id;alighting_stop_id;transfer_chain,resident,fixed_worker,shopping,dining,resident_shopping_osm_missing_60393,resident_dining_osm_5037090149_24293,70766.0,True,pt,generic,distance;end_link;start_link;trav_time;type,False,road_95659_0_f,road_95406_0_f,812.2109999999999,00:01:55,,,,,,,,,,,not_modelled_no_serialized_transfer_chain_or_eligibility,,adult_reference_not_applied,Octopus_reference_not_applied,audit_only_no_fare_estimation
hk_collective_000578,4,pt,pt_fare_chargeability_audit,,,,U,unresolved,generic_pt_leg_missing_actual_mode_line_route_boarding_alighting_transfer_chain,actual_transport_mode;actual_line_id;actual_route_id;actual_direction;boarding_stop_id;alighting_stop_id;transfer_chain,resident,fixed_worker,dining,home,resident_dining_osm_5037090149_24293,home_hk_collective_000578,77366.0,True,pt,generic,distance;end_link;start_link;trav_time;type,False,road_95406_0_f,road_95693_0_f,5490.548000000001,00:12:01,,,,,,,,,,,not_modelled_no_serialized_transfer_chain_or_eligibility,,adult_reference_not_applied,Octopus_reference_not_applied,audit_only_no_fare_estimation
hk_collective_000579,0,pt,pt_fare_chargeability_audit,,,,U,unresolved,generic_pt_leg_missing_actual_mode_line_route_boarding_alighting_transfer_chain,actual_transport_mode;actual_line_id;actual_route_id;actual_direction;boarding_stop_id;alighting_stop_id;transfer_chain,resident,home_only,home,dining,home_hk_collective_000579,resident_dining_osm_9409054818_34438,43840.0,True,pt,generic,distance;end_link;start_link;trav_time;type,False,road_95693_0_f,road_104200_0_f,31322.013000000003,00:51:52,,,,,,,,,,,not_modelled_no_serialized_transfer_chain_or_eligibility,,adult_reference_not_applied,Octopus_reference_not_applied,audit_only_no_fare_estimation
hk_collective_000579,1,pt,pt_fare_chargeability_audit,,,,U,unresolved,generic_pt_leg_missing_actual_mode_line_route_boarding_alighting_transfer_chain,actual_transport_mode;actual_line_id;actual_route_id;actual_direction;boarding_stop_id;alighting_stop_id;transfer_chain,resident,home_only,dining,shopping,resident_dining_osm_9409054818_34438,resident_shopping_igeocom_539534,50440.0,True,pt,generic,distance;end_link;start_link;trav_time;type,False,road_104200_0_f,road_106612_0_f,5276.274000000001,00:12:01,,,,,,,,,,,not_modelled_no_serialized_transfer_chain_or_eligibility,,adult_reference_not_applied,Octopus_reference_not_applied,audit_only_no_fare_estimation
hk_collective_000579,2,pt,pt_fare_chargeability_audit,,,,U,unresolved,generic_pt_leg_missing_actual_mode_line_route_boarding_alighting_transfer_chain,actual_transport_mode;actual_line_id;actual_route_id;actual_direction;boarding_stop_id;alighting_stop_id;transfer_chain,resident,home_only,shopping,home,resident_shopping_igeocom_539534,home_hk_collective_000579,57340.0,True,pt,generic,distance;end_link;start_link;trav_time;type,False,road_106612_0_f,road_95693_0_f,29660.956,00:49:59,,,,,,,,,,,not_modelled_no_serialized_transfer_chain_or_eligibility,,adult_reference_not_applied,Octopus_reference_not_applied,audit_only_no_fare_estimation
hk_collective_000582,0,pt,pt_fare_chargeability_audit,,,,U,unresolved,generic_pt_leg_missing_actual_mode_line_route_boarding_alighting_transfer_chain,actual_transport_mode;actual_line_id;actual_route_id;actual_direction;boarding_stop_id;alighting_stop_id;transfer_chain,resident,home_only,home,shopping,home_hk_collective_000582,resident_shopping_igeocom_21127604,44898.0,True,pt,generic,distance;end_link;start_link;trav_time;type,False,road_94258_0_f,road_276846_0_f,2064.918,00:04:56,,,,,,,,,,,not_modelled_no_serialized_transfer_chain_or_eligibility,,adult_reference_not_applied,Octopus_reference_not_applied,audit_only_no_fare_estimation
hk_collective_000582,1,pt,pt_fare_chargeability_audit,,,,U,unresolved,generic_pt_leg_missing_actual_mode_line_route_boarding_alighting_transfer_chain,actual_transport_mode;actual_line_id;actual_route_id;actual_direction;boarding_stop_id;alighting_stop_id;transfer_chain,resident,home_only,shopping,home,resident_shopping_igeocom_21127604,home_hk_collective_000582,51798.0,True,pt,generic,distance;end_link;start_link;trav_time;type,False,road_276846_0_f,road_94258_0_f,1781.7310000000004,00:04:16,,,,,,,,,,,not_modelled_no_serialized_transfer_chain_or_eligibility,,adult_reference_not_applied,Octopus_reference_not_applied,audit_only_no_fare_estimation
hk_collective_000583,0,pt,pt_fare_chargeability_audit,,,,U,unresolved,generic_pt_leg_missing_actual_mode_line_route_boarding_alighting_transfer_chain,actual_transport_mode;actual_line_id;actual_route_id;actual_direction;boarding_stop_id;alighting_stop_id;transfer_chain,resident,home_only,home,shopping,home_hk_collective_000583,resident_shopping_igeocom_529949,50094.0,True,pt,generic,distance;end_link;start_link;trav_time;type,False,road_95735_0_f,road_260425_0_f,32992.27900000002,00:56:25,,,,,,,,,,,not_modelled_no_serialized_transfer_chain_or_eligibility,,adult_reference_not_applied,Octopus_reference_not_applied,audit_only_no_fare_estimation
hk_collective_000583,1,pt,pt_fare_chargeability_audit,,,,U,unresolved,generic_pt_leg_missing_actual_mode_line_route_boarding_alighting_transfer_chain,actual_transport_mode;actual_line_id;actual_route_id;actual_direction;boarding_stop_id;alighting_stop_id;transfer_chain,resident,home_only,shopping,home,resident_shopping_igeocom_529949,home_hk_collective_000583,56994.0,True,pt,generic,distance;end_link;start_link;trav_time;type,False,road_260425_0_f,road_95735_0_f,33517.757000000005,00:56:13,,,,,,,,,,,not_modelled_no_serialized_transfer_chain_or_eligibility,,adult_reference_not_applied,Octopus_reference_not_applied,audit_only_no_fare_estimation
hk_collective_000584,0,pt,pt_fare_chargeability_audit,,,,U,unresolved,generic_pt_leg_missing_actual_mode_line_route_boarding_alighting_transfer_chain,actual_transport_mode;actual_line_id;actual_route_id;actual_direction;boarding_stop_id;alighting_stop_id;transfer_chain,resident,fixed_worker,home,work,home_hk_collective_000584,work_poi_igeocom:21247813,28920.0,False,pt,generic,distance;end_link;start_link;trav_time;type,False,road_95694_0_f,road_60018_0_f,24151.702,00:42:58,,,,,,,,,,,not_modelled_no_serialized_transfer_chain_or_eligibility,,adult_reference_not_applied,Octopus_reference_not_applied,audit_only_no_fare_estimation
hk_collective_000584,1,pt,pt_fare_chargeability_audit,,,,U,unresolved,generic_pt_leg_missing_actual_mode_line_route_boarding_alighting_transfer_chain,actual_transport_mode;actual_line_id;actual_route_id;actual_direction;boarding_stop_id;alighting_stop_id;transfer_chain,resident,fixed_worker,work,home,work_poi_igeocom:21247813,home_hk_collective_000584,57483.0,False,pt,generic,distance;end_link;start_link;trav_time;type,False,road_60018_0_f,road_95694_0_f,23454.321,00:40:55,,,,,,,,,,,not_modelled_no_serialized_transfer_chain_or_eligibility,,adult_reference_not_applied,Octopus_reference_not_applied,audit_only_no_fare_estimation
hk_collective_000586,0,pt,pt_fare_chargeability_audit,,,,U,unresolved,generic_pt_leg_missing_actual_mode_line_route_boarding_alighting_transfer_chain,actual_transport_mode;actual_line_id;actual_route_id;actual_direction;boarding_stop_id;alighting_stop_id;transfer_chain,resident,fixed_worker,home,work,home_hk_collective_000586,work_poi_osm:8417172779:33208,29566.0,False,pt,generic,distance;end_link;start_link;trav_time;type,False,road_95260_0_f,road_3852_0_f,43343.264,01:10:56,,,,,,,,,,,not_modelled_no_serialized_transfer_chain_or_eligibility,,adult_reference_not_applied,Octopus_reference_not_applied,audit_only_no_fare_estimation
hk_collective_000586,1,pt,pt_fare_chargeability_audit,,,,U,unresolved,generic_pt_leg_missing_actual_mode_line_route_boarding_alighting_transfer_chain,actual_transport_mode;actual_line_id;actual_route_id;actual_direction;boarding_stop_id;alighting_stop_id;transfer_chain,resident,fixed_worker,work,home,work_poi_osm:8417172779:33208,home_hk_collective_000586,60322.0,False,pt,generic,distance;end_link;start_link;trav_time;type,False,road_3852_0_f,road_95260_0_f,43574.43200000002,01:11:21,,,,,,,,,,,not_modelled_no_serialized_transfer_chain_or_eligibility,,adult_reference_not_applied,Octopus_reference_not_applied,audit_only_no_fare_estimation
hk_collective_000588,0,pt,pt_fare_chargeability_audit,,,,U,unresolved,generic_pt_leg_missing_actual_mode_line_route_boarding_alighting_transfer_chain,actual_transport_mode;actual_line_id;actual_route_id;actual_direction;boarding_stop_id;alighting_stop_id;transfer_chain,resident,usual_resident_border,home,border,home_hk_collective_000588,border_1,26240.0,False,pt,generic,distance;end_link;start_link;trav_time;type,False,road_95693_0_f,road_260342_0_r,22168.381000000005,00:38:41,,,,,,,,,,,not_modelled_no_serialized_transfer_chain_or_eligibility,,adult_reference_not_applied,Octopus_reference_not_applied,audit_only_no_fare_estimation
hk_collective_000588,1,pt,pt_fare_chargeability_audit,,,,U,unresolved,generic_pt_leg_missing_actual_mode_line_route_boarding_alighting_transfer_chain,actual_transport_mode;actual_line_id;actual_route_id;actual_direction;boarding_stop_id;alighting_stop_id;transfer_chain,resident,usual_resident_border,border,home,border_1,home_hk_collective_000588,67826.0,False,pt,generic,distance;end_link;start_link;trav_time;type,False,road_260342_0_r,road_95693_0_f,22441.771,00:39:43,,,,,,,,,,,not_modelled_no_serialized_transfer_chain_or_eligibility,,adult_reference_not_applied,Octopus_reference_not_applied,audit_only_no_fare_estimation
hk_collective_000589,0,pt,pt_fare_chargeability_audit,,,,U,unresolved,generic_pt_leg_missing_actual_mode_line_route_boarding_alighting_transfer_chain,actual_transport_mode;actual_line_id;actual_route_id;actual_direction;boarding_stop_id;alighting_stop_id;transfer_chain,resident,fixed_worker,home,work,home_hk_collective_000589,work_poi_igeocom:563354,22780.0,False,pt,generic,distance;end_link;start_link;trav_time;type,False,road_95735_0_f,road_4744_0_f,39335.904,01:10:01,,,,,,,,,,,not_modelled_no_serialized_transfer_chain_or_eligibility,,adult_reference_not_applied,Octopus_reference_not_applied,audit_only_no_fare_estimation
hk_collective_000589,1,pt,pt_fare_chargeability_audit,,,,U,unresolved,generic_pt_leg_missing_actual_mode_line_route_boarding_alighting_transfer_chain,actual_transport_mode;actual_line_id;actual_route_id;actual_direction;boarding_stop_id;alighting_stop_id;transfer_chain,resident,fixed_worker,work,home,work_poi_igeocom:563354,home_hk_collective_000589,53054.0,False,pt,generic,distance;end_link;start_link;trav_time;type,False,road_4744_0_f,road_95735_0_f,39125.06100000001,01:09:03,,,,,,,,,,,not_modelled_no_serialized_transfer_chain_or_eligibility,,adult_reference_not_applied,Octopus_reference_not_applied,audit_only_no_fare_estimation
hk_collective_000591,0,pt,pt_fare_chargeability_audit,,,,U,unresolved,generic_pt_leg_missing_actual_mode_line_route_boarding_alighting_transfer_chain,actual_transport_mode;actual_line_id;actual_route_id;actual_direction;boarding_stop_id;alighting_stop_id;transfer_chain,resident,home_only,home,shopping,home_hk_collective_000591,resident_shopping_igeocom_558852,40360.0,True,pt,generic,distance;end_link;start_link;trav_time;type,False,road_94248_0_f,road_56911_0_f,22273.19000000001,00:39:26,,,,,,,,,,,not_modelled_no_serialized_transfer_chain_or_eligibility,,adult_reference_not_applied,Octopus_reference_not_applied,audit_only_no_fare_estimation
hk_collective_000591,1,pt,pt_fare_chargeability_audit,,,,U,unresolved,generic_pt_leg_missing_actual_mode_line_route_boarding_alighting_transfer_chain,actual_transport_mode;actual_line_id;actual_route_id;actual_direction;boarding_stop_id;alighting_stop_id;transfer_chain,resident,home_only,shopping,home,resident_shopping_igeocom_558852,home_hk_collective_000591,47260.0,True,pt,generic,distance;end_link;start_link;trav_time;type,False,road_56911_0_f,road_94248_0_f,22192.603000000003,00:39:18,,,,,,,,,,,not_modelled_no_serialized_transfer_chain_or_eligibility,,adult_reference_not_applied,Octopus_reference_not_applied,audit_only_no_fare_estimation
hk_collective_000592,0,pt,pt_fare_chargeability_audit,,,,U,unresolved,generic_pt_leg_missing_actual_mode_line_route_boarding_alighting_transfer_chain,actual_transport_mode;actual_line_id;actual_route_id;actual_direction;boarding_stop_id;alighting_stop_id;transfer_chain,resident,fixed_worker,home,work,home_hk_collective_000592,work_grid_1098,30138.0,False,pt,generic,distance;end_link;start_link;trav_time;type,False,road_94248_0_f,road_62982_0_r,29154.24500000001,00:54:50,,,,,,,,,,,not_modelled_no_serialized_transfer_chain_or_eligibility,,adult_reference_not_applied,Octopus_reference_not_applied,audit_only_no_fare_estimation
hk_collective_000592,1,pt,pt_fare_chargeability_audit,,,,U,unresolved,generic_pt_leg_missing_actual_mode_line_route_boarding_alighting_transfer_chain,actual_transport_mode;actual_line_id;actual_route_id;actual_direction;boarding_stop_id;alighting_stop_id;transfer_chain,resident,fixed_worker,work,home,work_grid_1098,home_hk_collective_000592,58664.0,False,pt,generic,distance;end_link;start_link;trav_time;type,False,road_62982_0_r,road_94248_0_f,31577.85100000001,00:52:06,,,,,,,,,,,not_modelled_no_serialized_transfer_chain_or_eligibility,,adult_reference_not_applied,Octopus_reference_not_applied,audit_only_no_fare_estimation
hk_collective_000593,0,pt,pt_fare_chargeability_audit,,,,U,unresolved,generic_pt_leg_missing_actual_mode_line_route_boarding_alighting_transfer_chain,actual_transport_mode;actual_line_id;actual_route_id;actual_direction;boarding_stop_id;alighting_stop_id;transfer_chain,resident,usual_resident_border,home,border,home_hk_collective_000593,border_2,25283.0,False,pt,generic,distance;end_link;start_link;trav_time;type,False,road_95778_0_f,road_112015_0_f,16818.642000000003,00:30:51,,,,,,,,,,,not_modelled_no_serialized_transfer_chain_or_eligibility,,adult_reference_not_applied,Octopus_reference_not_applied,audit_only_no_fare_estimation
hk_collective_000593,1,pt,pt_fare_chargeability_audit,,,,U,unresolved,generic_pt_leg_missing_actual_mode_line_route_boarding_alighting_transfer_chain,actual_transport_mode;actual_line_id;actual_route_id;actual_direction;boarding_stop_id;alighting_stop_id;transfer_chain,resident,usual_resident_border,border,home,border_2,home_hk_collective_000593,79061.0,False,pt,generic,distance;end_link;start_link;trav_time;type,False,road_112015_0_f,road_95778_0_f,16657.296000000002,00:30:41,,,,,,,,,,,not_modelled_no_serialized_transfer_chain_or_eligibility,,adult_reference_not_applied,Octopus_reference_not_applied,audit_only_no_fare_estimation
hk_collective_000594,0,pt,pt_fare_chargeability_audit,,,,U,unresolved,generic_pt_leg_missing_actual_mode_line_route_boarding_alighting_transfer_chain,actual_transport_mode;actual_line_id;actual_route_id;actual_direction;boarding_stop_id;alighting_stop_id;transfer_chain,resident,fixed_worker,home,work,home_hk_collective_000594,work_poi_igeocom:21203365,22820.0,False,pt,generic,distance;end_link;start_link;trav_time;type,False,road_95657_0_f,road_164232_0_f,31457.798000000013,00:56:40,,,,,,,,,,,not_modelled_no_serialized_transfer_chain_or_eligibility,,adult_reference_not_applied,Octopus_reference_not_applied,audit_only_no_fare_estimation
hk_collective_000594,1,pt,pt_fare_chargeability_audit,,,,U,unresolved,generic_pt_leg_missing_actual_mode_line_route_boarding_alighting_transfer_chain,actual_transport_mode;actual_line_id;actual_route_id;actual_direction;boarding_stop_id;alighting_stop_id;transfer_chain,resident,fixed_worker,work,home,work_poi_igeocom:21203365,home_hk_collective_000594,53182.0,False,pt,generic,distance;end_link;start_link;trav_time;type,False,road_164232_0_f,road_95657_0_f,31268.509000000005,00:55:43,,,,,,,,,,,not_modelled_no_serialized_transfer_chain_or_eligibility,,adult_reference_not_applied,Octopus_reference_not_applied,audit_only_no_fare_estimation
hk_collective_000595,0,pt,pt_fare_chargeability_audit,,,,U,unresolved,generic_pt_leg_missing_actual_mode_line_route_boarding_alighting_transfer_chain,actual_transport_mode;actual_line_id;actual_route_id;actual_direction;boarding_stop_id;alighting_stop_id;transfer_chain,resident,fixed_worker,home,work,home_hk_collective_000595,work_poi_igeocom:540498,28826.0,False,pt,generic,distance;end_link;start_link;trav_time;type,False,road_94248_0_f,road_4373_0_f,46747.44800000002,01:26:54,,,,,,,,,,,not_modelled_no_serialized_transfer_chain_or_eligibility,,adult_reference_not_applied,Octopus_reference_not_applied,audit_only_no_fare_estimation
hk_collective_000595,1,pt,pt_fare_chargeability_audit,,,,U,unresolved,generic_pt_leg_missing_actual_mode_line_route_boarding_alighting_transfer_chain,actual_transport_mode;actual_line_id;actual_route_id;actual_direction;boarding_stop_id;alighting_stop_id;transfer_chain,resident,fixed_worker,work,home,work_poi_igeocom:540498,home_hk_collective_000595,62563.0,False,pt,generic,distance;end_link;start_link;trav_time;type,False,road_4373_0_f,road_94248_0_f,46029.938,01:25:02,,,,,,,,,,,not_modelled_no_serialized_transfer_chain_or_eligibility,,adult_reference_not_applied,Octopus_reference_not_applied,audit_only_no_fare_estimation
hk_collective_000596,0,pt,pt_fare_chargeability_audit,,,,U,unresolved,generic_pt_leg_missing_actual_mode_line_route_boarding_alighting_transfer_chain,actual_transport_mode;actual_line_id;actual_route_id;actual_direction;boarding_stop_id;alighting_stop_id;transfer_chain,resident,fixed_worker,home,work,home_hk_collective_000596,work_poi_osm:10687418320:37834,28723.0,False,pt,generic,distance;end_link;start_link;trav_time;type,False,road_97037_0_f,road_59110_0_f,23290.66999999999,00:41:11,,,,,,,,,,,not_modelled_no_serialized_transfer_chain_or_eligibility,,adult_reference_not_applied,Octopus_reference_not_applied,audit_only_no_fare_estimation
hk_collective_000596,1,pt,pt_fare_chargeability_audit,,,,U,unresolved,generic_pt_leg_missing_actual_mode_line_route_boarding_alighting_transfer_chain,actual_transport_mode;actual_line_id;actual_route_id;actual_direction;boarding_stop_id;alighting_stop_id;transfer_chain,resident,fixed_worker,work,home,work_poi_osm:10687418320:37834,home_hk_collective_000596,59848.0,False,pt,generic,distance;end_link;start_link;trav_time;type,False,road_59110_0_f,road_97037_0_f,24693.955,00:45:31,,,,,,,,,,,not_modelled_no_serialized_transfer_chain_or_eligibility,,adult_reference_not_applied,Octopus_reference_not_applied,audit_only_no_fare_estimation
hk_collective_000597,0,pt,pt_fare_chargeability_audit,,,,U,unresolved,generic_pt_leg_missing_actual_mode_line_route_boarding_alighting_transfer_chain,actual_transport_mode;actual_line_id;actual_route_id;actual_direction;boarding_stop_id;alighting_stop_id;transfer_chain,resident,fixed_worker,home,work,home_hk_collective_000597,work_poi_igeocom:21247117,30318.0,False,pt,generic,distance;end_link;start_link;trav_time;type,False,road_95004_0_f,road_7963_0_f,31242.653000000017,01:00:10,,,,,,,,,,,not_modelled_no_serialized_transfer_chain_or_eligibility,,adult_reference_not_applied,Octopus_reference_not_applied,audit_only_no_fare_estimation
hk_collective_000597,1,pt,pt_fare_chargeability_audit,,,,U,unresolved,generic_pt_leg_missing_actual_mode_line_route_boarding_alighting_transfer_chain,actual_transport_mode;actual_line_id;actual_route_id;actual_direction;boarding_stop_id;alighting_stop_id;transfer_chain,resident,fixed_worker,work,home,work_poi_igeocom:21247117,home_hk_collective_000597,76586.0,False,pt,generic,distance;end_link;start_link;trav_time;type,False,road_7963_0_f,road_95004_0_f,30859.244999999988,00:59:27,,,,,,,,,,,not_modelled_no_serialized_transfer_chain_or_eligibility,,adult_reference_not_applied,Octopus_reference_not_applied,audit_only_no_fare_estimation
hk_collective_000598,0,pt,pt_fare_chargeability_audit,,,,U,unresolved,generic_pt_leg_missing_actual_mode_line_route_boarding_alighting_transfer_chain,actual_transport_mode;actual_line_id;actual_route_id;actual_direction;boarding_stop_id;alighting_stop_id;transfer_chain,resident,fixed_worker,home,work,home_hk_collective_000598,work_poi_osm:4864502681:23178,29359.0,False,pt,generic,distance;end_link;start_link;trav_time;type,False,road_94258_0_f,road_102280_0_f,33139.99500000001,00:56:29,,,,,,,,,,,not_modelled_no_serialized_transfer_chain_or_eligibility,,adult_reference_not_applied,Octopus_reference_not_applied,audit_only_no_fare_estimation
hk_collective_000598,1,pt,pt_fare_chargeability_audit,,,,U,unresolved,generic_pt_leg_missing_actual_mode_line_route_boarding_alighting_transfer_chain,actual_transport_mode;actual_line_id;actual_route_id;actual_direction;boarding_stop_id;alighting_stop_id;transfer_chain,resident,fixed_worker,work,home,work_poi_osm:4864502681:23178,home_hk_collective_000598,58667.0,False,pt,generic,distance;end_link;start_link;trav_time;type,False,road_102280_0_f,road_94258_0_f,32788.898,00:55:32,,,,,,,,,,,not_modelled_no_serialized_transfer_chain_or_eligibility,,adult_reference_not_applied,Octopus_reference_not_applied,audit_only_no_fare_estimation
hk_collective_000600,0,pt,pt_fare_chargeability_audit,,,,U,unresolved,generic_pt_leg_missing_actual_mode_line_route_boarding_alighting_transfer_chain,actual_transport_mode;actual_line_id;actual_route_id;actual_direction;boarding_stop_id;alighting_stop_id;transfer_chain,resident,home_only,home,medical,home_hk_collective_000600,resident_medical_osm_missing_56509,32169.0,True,pt,generic,distance;end_link;start_link;trav_time;type,False,road_95828_0_r,road_57888_0_r,27658.39400000002,00:43:47,,,,,,,,,,,not_modelled_no_serialized_transfer_chain_or_eligibility,,adult_reference_not_applied,Octopus_reference_not_applied,audit_only_no_fare_estimation
hk_collective_000600,1,pt,pt_fare_chargeability_audit,,,,U,unresolved,generic_pt_leg_missing_actual_mode_line_route_boarding_alighting_transfer_chain,actual_transport_mode;actual_line_id;actual_route_id;actual_direction;boarding_stop_id;alighting_stop_id;transfer_chain,resident,home_only,medical,home,resident_medical_osm_missing_56509,home_hk_collective_000600,39969.0,True,pt,generic,distance;end_link;start_link;trav_time;type,False,road_57888_0_r,road_95828_0_r,27996.785000000003,00:45:21,,,,,,,,,,,not_modelled_no_serialized_transfer_chain_or_eligibility,,adult_reference_not_applied,Octopus_reference_not_applied,audit_only_no_fare_estimation
hk_collective_000601,0,pt,pt_fare_chargeability_audit,,,,U,unresolved,generic_pt_leg_missing_actual_mode_line_route_boarding_alighting_transfer_chain,actual_transport_mode;actual_line_id;actual_route_id;actual_direction;boarding_stop_id;alighting_stop_id;transfer_chain,resident,fixed_worker,home,work,home_hk_collective_000601,work_poi_osm:missing:69191,26711.0,False,pt,generic,distance;end_link;start_link;trav_time;type,False,road_96984_0_f,road_103360_0_f,34244.29300000002,00:59:17,,,,,,,,,,,not_modelled_no_serialized_transfer_chain_or_eligibility,,adult_reference_not_applied,Octopus_reference_not_applied,audit_only_no_fare_estimation
hk_collective_000601,1,pt,pt_fare_chargeability_audit,,,,U,unresolved,generic_pt_leg_missing_actual_mode_line_route_boarding_alighting_transfer_chain,actual_transport_mode;actual_line_id;actual_route_id;actual_direction;boarding_stop_id;alighting_stop_id;transfer_chain,resident,fixed_worker,work,home,work_poi_osm:missing:69191,home_hk_collective_000601,62787.0,False,pt,generic,distance;end_link;start_link;trav_time;type,False,road_103360_0_f,road_96984_0_f,34711.274000000005,00:59:57,,,,,,,,,,,not_modelled_no_serialized_transfer_chain_or_eligibility,,adult_reference_not_applied,Octopus_reference_not_applied,audit_only_no_fare_estimation
hk_collective_000603,0,pt,pt_fare_chargeability_audit,,,,U,unresolved,generic_pt_leg_missing_actual_mode_line_route_boarding_alighting_transfer_chain,actual_transport_mode;actual_line_id;actual_route_id;actual_direction;boarding_stop_id;alighting_stop_id;transfer_chain,resident,home_only,home,shopping,home_hk_collective_000603,resident_shopping_osm_4864524175_23196,45701.0,True,pt,generic,distance;end_link;start_link;trav_time;type,False,road_96997_0_f,road_105757_0_f,31147.992000000017,00:52:56,,,,,,,,,,,not_modelled_no_serialized_transfer_chain_or_eligibility,,adult_reference_not_applied,Octopus_reference_not_applied,audit_only_no_fare_estimation
hk_collective_000603,1,pt,pt_fare_chargeability_audit,,,,U,unresolved,generic_pt_leg_missing_actual_mode_line_route_boarding_alighting_transfer_chain,actual_transport_mode;actual_line_id;actual_route_id;actual_direction;boarding_stop_id;alighting_stop_id;transfer_chain,resident,home_only,shopping,home,resident_shopping_osm_4864524175_23196,home_hk_collective_000603,52601.0,True,pt,generic,distance;end_link;start_link;trav_time;type,False,road_105757_0_f,road_96997_0_f,31392.141,00:53:10,,,,,,,,,,,not_modelled_no_serialized_transfer_chain_or_eligibility,,adult_reference_not_applied,Octopus_reference_not_applied,audit_only_no_fare_estimation
hk_collective_000606,0,pt,pt_fare_chargeability_audit,,,,U,unresolved,generic_pt_leg_missing_actual_mode_line_route_boarding_alighting_transfer_chain,actual_transport_mode;actual_line_id;actual_route_id;actual_direction;boarding_stop_id;alighting_stop_id;transfer_chain,resident,work_mobile,home,work_mobile,home_hk_collective_000606,work_mobile_poi_osm:3212348221:11638,25502.0,False,pt,generic,distance;end_link;start_link;trav_time;type,False,road_95053_0_f,road_56782_0_f,33271.15100000001,00:57:45,,,,,,,,,,,not_modelled_no_serialized_transfer_chain_or_eligibility,,adult_reference_not_applied,Octopus_reference_not_applied,audit_only_no_fare_estimation
hk_collective_000606,1,pt,pt_fare_chargeability_audit,,,,U,unresolved,generic_pt_leg_missing_actual_mode_line_route_boarding_alighting_transfer_chain,actual_transport_mode;actual_line_id;actual_route_id;actual_direction;boarding_stop_id;alighting_stop_id;transfer_chain,resident,work_mobile,work_mobile,home,work_mobile_poi_osm:3212348221:11638,home_hk_collective_000606,50841.0,False,pt,generic,distance;end_link;start_link;trav_time;type,False,road_56782_0_f,road_95053_0_f,24302.459000000003,00:42:17,,,,,,,,,,,not_modelled_no_serialized_transfer_chain_or_eligibility,,adult_reference_not_applied,Octopus_reference_not_applied,audit_only_no_fare_estimation
hk_collective_000607,0,pt,pt_fare_chargeability_audit,,,,U,unresolved,generic_pt_leg_missing_actual_mode_line_route_boarding_alighting_transfer_chain,actual_transport_mode;actual_line_id;actual_route_id;actual_direction;boarding_stop_id;alighting_stop_id;transfer_chain,resident,fixed_worker,home,work,home_hk_collective_000607,work_poi_igeocom:531147,32551.0,False,pt,generic,distance;end_link;start_link;trav_time;type,False,road_97178_0_f,road_94519_0_f,3484.141,00:07:50,,,,,,,,,,,not_modelled_no_serialized_transfer_chain_or_eligibility,,adult_reference_not_applied,Octopus_reference_not_applied,audit_only_no_fare_estimation
hk_collective_000607,1,pt,pt_fare_chargeability_audit,,,,U,unresolved,generic_pt_leg_missing_actual_mode_line_route_boarding_alighting_transfer_chain,actual_transport_mode;actual_line_id;actual_route_id;actual_direction;boarding_stop_id;alighting_stop_id;transfer_chain,resident,fixed_worker,work,home,work_poi_igeocom:531147,home_hk_collective_000607,59960.0,False,pt,generic,distance;end_link;start_link;trav_time;type,False,road_94519_0_f,road_97178_0_f,3155.893,00:06:38,,,,,,,,,,,not_modelled_no_serialized_transfer_chain_or_eligibility,,adult_reference_not_applied,Octopus_reference_not_applied,audit_only_no_fare_estimation
hk_collective_000611,0,pt,pt_fare_chargeability_audit,,,,U,unresolved,generic_pt_leg_missing_actual_mode_line_route_boarding_alighting_transfer_chain,actual_transport_mode;actual_line_id;actual_route_id;actual_direction;boarding_stop_id;alighting_stop_id;transfer_chain,resident,work_mobile,home,work_mobile,home_hk_collective_000611,work_mobile_poi_osm:7892787534:32171,27950.0,False,pt,generic,distance;end_link;start_link;trav_time;type,False,road_94593_0_f,road_58907_0_f,21080.142,00:35:59,,,,,,,,,,,not_modelled_no_serialized_transfer_chain_or_eligibility,,adult_reference_not_applied,Octopus_reference_not_applied,audit_only_no_fare_estimation
hk_collective_000611,1,pt,pt_fare_chargeability_audit,,,,U,unresolved,generic_pt_leg_missing_actual_mode_line_route_boarding_alighting_transfer_chain,actual_transport_mode;actual_line_id;actual_route_id;actual_direction;boarding_stop_id;alighting_stop_id;transfer_chain,resident,work_mobile,work_mobile,home,work_mobile_poi_osm:7892787534:32171,home_hk_collective_000611,61287.0,False,pt,generic,distance;end_link;start_link;trav_time;type,False,road_58907_0_f,road_94593_0_f,21149.49299999999,00:36:28,,,,,,,,,,,not_modelled_no_serialized_transfer_chain_or_eligibility,,adult_reference_not_applied,Octopus_reference_not_applied,audit_only_no_fare_estimation
hk_collective_000612,0,pt,pt_fare_chargeability_audit,,,,U,unresolved,generic_pt_leg_missing_actual_mode_line_route_boarding_alighting_transfer_chain,actual_transport_mode;actual_line_id;actual_route_id;actual_direction;boarding_stop_id;alighting_stop_id;transfer_chain,resident,work_mobile,home,work_mobile,home_hk_collective_000612,work_mobile_poi_igeocom:537612,30646.0,False,pt,generic,distance;end_link;start_link;trav_time;type,False,road_97727_0_f,road_94208_0_f,10899.052,00:19:01,,,,,,,,,,,not_modelled_no_serialized_transfer_chain_or_eligibility,,adult_reference_not_applied,Octopus_reference_not_applied,audit_only_no_fare_estimation
hk_collective_000612,1,pt,pt_fare_chargeability_audit,,,,U,unresolved,generic_pt_leg_missing_actual_mode_line_route_boarding_alighting_transfer_chain,actual_transport_mode;actual_line_id;actual_route_id;actual_direction;boarding_stop_id;alighting_stop_id;transfer_chain,resident,work_mobile,work_mobile,home,work_mobile_poi_igeocom:537612,home_hk_collective_000612,60834.0,False,pt,generic,distance;end_link;start_link;trav_time;type,False,road_94208_0_f,road_97727_0_f,10982.291,00:20:43,,,,,,,,,,,not_modelled_no_serialized_transfer_chain_or_eligibility,,adult_reference_not_applied,Octopus_reference_not_applied,audit_only_no_fare_estimation
hk_collective_000617,0,pt,pt_fare_chargeability_audit,,,,U,unresolved,generic_pt_leg_missing_actual_mode_line_route_boarding_alighting_transfer_chain,actual_transport_mode;actual_line_id;actual_route_id;actual_direction;boarding_stop_id;alighting_stop_id;transfer_chain,resident,fixed_worker,home,work,home_hk_collective_000617,work_grid_1499,30337.0,False,pt,generic,distance;end_link;start_link;trav_time;type,False,road_94593_0_f,road_60486_0_f,58978.28600000001,01:43:33,,,,,,,,,,,not_modelled_no_serialized_transfer_chain_or_eligibility,,adult_reference_not_applied,Octopus_reference_not_applied,audit_only_no_fare_estimation
hk_collective_000617,1,pt,pt_fare_chargeability_audit,,,,U,unresolved,generic_pt_leg_missing_actual_mode_line_route_boarding_alighting_transfer_chain,actual_transport_mode;actual_line_id;actual_route_id;actual_direction;boarding_stop_id;alighting_stop_id;transfer_chain,resident,fixed_worker,work,home,work_grid_1499,home_hk_collective_000617,65412.0,False,pt,generic,distance;end_link;start_link;trav_time;type,False,road_60486_0_f,road_94593_0_f,59780.464,01:45:28,,,,,,,,,,,not_modelled_no_serialized_transfer_chain_or_eligibility,,adult_reference_not_applied,Octopus_reference_not_applied,audit_only_no_fare_estimation
hk_collective_000619,0,pt,pt_fare_chargeability_audit,,,,U,unresolved,generic_pt_leg_missing_actual_mode_line_route_boarding_alighting_transfer_chain,actual_transport_mode;actual_line_id;actual_route_id;actual_direction;boarding_stop_id;alighting_stop_id;transfer_chain,resident,tertiary_student,home,education_tertiary,home_hk_collective_000619,education_tertiary_poi_igeocom:545971,26844.0,False,pt,generic,distance;end_link;start_link;trav_time;type,False,road_94593_0_f,road_58169_0_f,25402.98900000002,00:46:11,,,,,,,,,,,not_modelled_no_serialized_transfer_chain_or_eligibility,,adult_reference_not_applied,Octopus_reference_not_applied,audit_only_no_fare_estimation
hk_collective_000619,1,pt,pt_fare_chargeability_audit,,,,U,unresolved,generic_pt_leg_missing_actual_mode_line_route_boarding_alighting_transfer_chain,actual_transport_mode;actual_line_id;actual_route_id;actual_direction;boarding_stop_id;alighting_stop_id;transfer_chain,resident,tertiary_student,education_tertiary,home,education_tertiary_poi_igeocom:545971,home_hk_collective_000619,51798.0,False,pt,generic,distance;end_link;start_link;trav_time;type,False,road_58169_0_f,road_94593_0_f,25555.843,00:46:56,,,,,,,,,,,not_modelled_no_serialized_transfer_chain_or_eligibility,,adult_reference_not_applied,Octopus_reference_not_applied,audit_only_no_fare_estimation
hk_collective_000621,0,pt,pt_fare_chargeability_audit,,,,U,unresolved,generic_pt_leg_missing_actual_mode_line_route_boarding_alighting_transfer_chain,actual_transport_mode;actual_line_id;actual_route_id;actual_direction;boarding_stop_id;alighting_stop_id;transfer_chain,resident,fixed_worker,home,work,home_hk_collective_000621,work_poi_osm:12845464001:45745,32622.0,False,pt,generic,distance;end_link;start_link;trav_time;type,False,road_8564_0_r,road_2904_0_f,32710.938,00:58:57,,,,,,,,,,,not_modelled_no_serialized_transfer_chain_or_eligibility,,adult_reference_not_applied,Octopus_reference_not_applied,audit_only_no_fare_estimation
hk_collective_000621,1,pt,pt_fare_chargeability_audit,,,,U,unresolved,generic_pt_leg_missing_actual_mode_line_route_boarding_alighting_transfer_chain,actual_transport_mode;actual_line_id;actual_route_id;actual_direction;boarding_stop_id;alighting_stop_id;transfer_chain,resident,fixed_worker,work,home,work_poi_osm:12845464001:45745,home_hk_collective_000621,64457.0,False,pt,generic,distance;end_link;start_link;trav_time;type,False,road_2904_0_f,road_8564_0_r,37541.99,01:07:27,,,,,,,,,,,not_modelled_no_serialized_transfer_chain_or_eligibility,,adult_reference_not_applied,Octopus_reference_not_applied,audit_only_no_fare_estimation
hk_collective_000622,0,pt,pt_fare_chargeability_audit,,,,U,unresolved,generic_pt_leg_missing_actual_mode_line_route_boarding_alighting_transfer_chain,actual_transport_mode;actual_line_id;actual_route_id;actual_direction;boarding_stop_id;alighting_stop_id;transfer_chain,resident,work_mobile,home,work_mobile,home_hk_collective_000622,work_mobile_poi_osm:missing:64820,30503.0,False,pt,generic,distance;end_link;start_link;trav_time;type,False,road_272034_0_r,road_60015_0_r,21747.674000000006,00:39:03,,,,,,,,,,,not_modelled_no_serialized_transfer_chain_or_eligibility,,adult_reference_not_applied,Octopus_reference_not_applied,audit_only_no_fare_estimation
hk_collective_000622,1,pt,pt_fare_chargeability_audit,,,,U,unresolved,generic_pt_leg_missing_actual_mode_line_route_boarding_alighting_transfer_chain,actual_transport_mode;actual_line_id;actual_route_id;actual_direction;boarding_stop_id;alighting_stop_id;transfer_chain,resident,work_mobile,work_mobile,home,work_mobile_poi_osm:missing:64820,home_hk_collective_000622,60503.0,False,pt,generic,distance;end_link;start_link;trav_time;type,False,road_60015_0_r,road_272034_0_r,22452.173000000003,00:40:08,,,,,,,,,,,not_modelled_no_serialized_transfer_chain_or_eligibility,,adult_reference_not_applied,Octopus_reference_not_applied,audit_only_no_fare_estimation
hk_collective_000623,0,pt,pt_fare_chargeability_audit,,,,U,unresolved,generic_pt_leg_missing_actual_mode_line_route_boarding_alighting_transfer_chain,actual_transport_mode;actual_line_id;actual_route_id;actual_direction;boarding_stop_id;alighting_stop_id;transfer_chain,resident,work_mobile,home,work_mobile,home_hk_collective_000623,work_mobile_grid_522,31744.0,False,pt,generic,distance;end_link;start_link;trav_time;type,False,road_269637_0_f,road_108997_0_f,14178.105,00:25:19,,,,,,,,,,,not_modelled_no_serialized_transfer_chain_or_eligibility,,adult_reference_not_applied,Octopus_reference_not_applied,audit_only_no_fare_estimation
hk_collective_000623,1,pt,pt_fare_chargeability_audit,,,,U,unresolved,generic_pt_leg_missing_actual_mode_line_route_boarding_alighting_transfer_chain,actual_transport_mode;actual_line_id;actual_route_id;actual_direction;boarding_stop_id;alighting_stop_id;transfer_chain,resident,work_mobile,work_mobile,home,work_mobile_grid_522,home_hk_collective_000623,67745.0,False,pt,generic,distance;end_link;start_link;trav_time;type,False,road_108997_0_f,road_269637_0_f,14544.478000000005,00:24:54,,,,,,,,,,,not_modelled_no_serialized_transfer_chain_or_eligibility,,adult_reference_not_applied,Octopus_reference_not_applied,audit_only_no_fare_estimation
hk_collective_000627,0,pt,pt_fare_chargeability_audit,,,,U,unresolved,generic_pt_leg_missing_actual_mode_line_route_boarding_alighting_transfer_chain,actual_transport_mode;actual_line_id;actual_route_id;actual_direction;boarding_stop_id;alighting_stop_id;transfer_chain,resident,work_mobile,home,work_mobile,home_hk_collective_000627,work_mobile_poi_osm:missing:71525,30924.0,False,pt,generic,distance;end_link;start_link;trav_time;type,False,road_118634_0_f,road_7434_0_r,22934.583,00:41:14,,,,,,,,,,,not_modelled_no_serialized_transfer_chain_or_eligibility,,adult_reference_not_applied,Octopus_reference_not_applied,audit_only_no_fare_estimation
hk_collective_000627,1,pt,pt_fare_chargeability_audit,,,,U,unresolved,generic_pt_leg_missing_actual_mode_line_route_boarding_alighting_transfer_chain,actual_transport_mode;actual_line_id;actual_route_id;actual_direction;boarding_stop_id;alighting_stop_id;transfer_chain,resident,work_mobile,work_mobile,home,work_mobile_poi_osm:missing:71525,home_hk_collective_000627,66568.0,False,pt,generic,distance;end_link;start_link;trav_time;type,False,road_7434_0_r,road_118634_0_f,23026.08200000001,00:41:01,,,,,,,,,,,not_modelled_no_serialized_transfer_chain_or_eligibility,,adult_reference_not_applied,Octopus_reference_not_applied,audit_only_no_fare_estimation
hk_collective_000628,0,pt,pt_fare_chargeability_audit,,,,U,unresolved,generic_pt_leg_missing_actual_mode_line_route_boarding_alighting_transfer_chain,actual_transport_mode;actual_line_id;actual_route_id;actual_direction;boarding_stop_id;alighting_stop_id;transfer_chain,resident,home_only,home,leisure,home_hk_collective_000628,resident_leisure_igeocom_532150,38905.0,True,pt,generic,distance;end_link;start_link;trav_time;type,False,road_95982_0_f,road_115986_0_f,22219.247999999985,00:38:12,,,,,,,,,,,not_modelled_no_serialized_transfer_chain_or_eligibility,,adult_reference_not_applied,Octopus_reference_not_applied,audit_only_no_fare_estimation
hk_collective_000628,1,pt,pt_fare_chargeability_audit,,,,U,unresolved,generic_pt_leg_missing_actual_mode_line_route_boarding_alighting_transfer_chain,actual_transport_mode;actual_line_id;actual_route_id;actual_direction;boarding_stop_id;alighting_stop_id;transfer_chain,resident,home_only,leisure,home,resident_leisure_igeocom_532150,home_hk_collective_000628,50305.0,True,pt,generic,distance;end_link;start_link;trav_time;type,False,road_115986_0_f,road_95982_0_f,20208.131,00:33:15,,,,,,,,,,,not_modelled_no_serialized_transfer_chain_or_eligibility,,adult_reference_not_applied,Octopus_reference_not_applied,audit_only_no_fare_estimation
hk_collective_000630,0,pt,pt_fare_chargeability_audit,,,,U,unresolved,generic_pt_leg_missing_actual_mode_line_route_boarding_alighting_transfer_chain,actual_transport_mode;actual_line_id;actual_route_id;actual_direction;boarding_stop_id;alighting_stop_id;transfer_chain,resident,work_home,home,leisure,home_hk_collective_000630,resident_leisure_igeocom_555988,50336.0,True,pt,generic,distance;end_link;start_link;trav_time;type,False,road_260241_0_f,road_93808_0_r,5894.759999999999,00:14:20,,,,,,,,,,,not_modelled_no_serialized_transfer_chain_or_eligibility,,adult_reference_not_applied,Octopus_reference_not_applied,audit_only_no_fare_estimation
hk_collective_000630,1,pt,pt_fare_chargeability_audit,,,,U,unresolved,generic_pt_leg_missing_actual_mode_line_route_boarding_alighting_transfer_chain,actual_transport_mode;actual_line_id;actual_route_id;actual_direction;boarding_stop_id;alighting_stop_id;transfer_chain,resident,work_home,leisure,shopping,resident_leisure_igeocom_555988,resident_shopping_osm_12464268720_44812,61736.0,True,pt,generic,distance;end_link;start_link;trav_time;type,False,road_93808_0_r,road_5507_0_f,29401.978999999992,00:49:20,,,,,,,,,,,not_modelled_no_serialized_transfer_chain_or_eligibility,,adult_reference_not_applied,Octopus_reference_not_applied,audit_only_no_fare_estimation
hk_collective_000630,2,pt,pt_fare_chargeability_audit,,,,U,unresolved,generic_pt_leg_missing_actual_mode_line_route_boarding_alighting_transfer_chain,actual_transport_mode;actual_line_id;actual_route_id;actual_direction;boarding_stop_id;alighting_stop_id;transfer_chain,resident,work_home,shopping,home,resident_shopping_osm_12464268720_44812,home_hk_collective_000630,68636.0,True,pt,generic,distance;end_link;start_link;trav_time;type,False,road_5507_0_f,road_260241_0_f,36742.26599999999,00:59:42,,,,,,,,,,,not_modelled_no_serialized_transfer_chain_or_eligibility,,adult_reference_not_applied,Octopus_reference_not_applied,audit_only_no_fare_estimation
hk_collective_000631,0,pt,pt_fare_chargeability_audit,,,,U,unresolved,generic_pt_leg_missing_actual_mode_line_route_boarding_alighting_transfer_chain,actual_transport_mode;actual_line_id;actual_route_id;actual_direction;boarding_stop_id;alighting_stop_id;transfer_chain,resident,work_mobile,home,work_mobile,home_hk_collective_000631,work_mobile_poi_osm:4417068715:17198,33004.0,False,pt,generic,distance;end_link;start_link;trav_time;type,False,road_260241_0_f,road_8607_0_f,25067.293999999994,00:47:39,,,,,,,,,,,not_modelled_no_serialized_transfer_chain_or_eligibility,,adult_reference_not_applied,Octopus_reference_not_applied,audit_only_no_fare_estimation
hk_collective_000631,1,pt,pt_fare_chargeability_audit,,,,U,unresolved,generic_pt_leg_missing_actual_mode_line_route_boarding_alighting_transfer_chain,actual_transport_mode;actual_line_id;actual_route_id;actual_direction;boarding_stop_id;alighting_stop_id;transfer_chain,resident,work_mobile,work_mobile,home,work_mobile_poi_osm:4417068715:17198,home_hk_collective_000631,66296.0,False,pt,generic,distance;end_link;start_link;trav_time;type,False,road_8607_0_f,road_260241_0_f,24748.193000000003,00:44:54,,,,,,,,,,,not_modelled_no_serialized_transfer_chain_or_eligibility,,adult_reference_not_applied,Octopus_reference_not_applied,audit_only_no_fare_estimation
hk_collective_000632,0,pt,pt_fare_chargeability_audit,,,,U,unresolved,generic_pt_leg_missing_actual_mode_line_route_boarding_alighting_transfer_chain,actual_transport_mode;actual_line_id;actual_route_id;actual_direction;boarding_stop_id;alighting_stop_id;transfer_chain,resident,home_only,home,social,home_hk_collective_000632,resident_social_igeocom_21133002,53669.0,True,pt,generic,distance;end_link;start_link;trav_time;type,False,road_118640_0_f,road_98730_0_f,10355.125000000002,00:19:19,,,,,,,,,,,not_modelled_no_serialized_transfer_chain_or_eligibility,,adult_reference_not_applied,Octopus_reference_not_applied,audit_only_no_fare_estimation
hk_collective_000632,1,pt,pt_fare_chargeability_audit,,,,U,unresolved,generic_pt_leg_missing_actual_mode_line_route_boarding_alighting_transfer_chain,actual_transport_mode;actual_line_id;actual_route_id;actual_direction;boarding_stop_id;alighting_stop_id;transfer_chain,resident,home_only,social,home,resident_social_igeocom_21133002,home_hk_collective_000632,63269.0,True,pt,generic,distance;end_link;start_link;trav_time;type,False,road_98730_0_f,road_118640_0_f,9524.688,00:16:56,,,,,,,,,,,not_modelled_no_serialized_transfer_chain_or_eligibility,,adult_reference_not_applied,Octopus_reference_not_applied,audit_only_no_fare_estimation
hk_collective_000633,2,pt,pt_fare_chargeability_audit,,,,U,unresolved,generic_pt_leg_missing_actual_mode_line_route_boarding_alighting_transfer_chain,actual_transport_mode;actual_line_id;actual_route_id;actual_direction;boarding_stop_id;alighting_stop_id;transfer_chain,resident,day_school_student,home,dining,home_hk_collective_000633,resident_dining_osm_6355740185_28552,61212.0,True,pt,generic,distance;end_link;start_link;trav_time;type,False,road_269637_0_f,road_3022_0_f,34876.014,01:00:23,,,,,,,,,,,not_modelled_no_serialized_transfer_chain_or_eligibility,,adult_reference_not_applied,Octopus_reference_not_applied,audit_only_no_fare_estimation
hk_collective_000633,3,pt,pt_fare_chargeability_audit,,,,U,unresolved,generic_pt_leg_missing_actual_mode_line_route_boarding_alighting_transfer_chain,actual_transport_mode;actual_line_id;actual_route_id;actual_direction;boarding_stop_id;alighting_stop_id;transfer_chain,resident,day_school_student,dining,home,resident_dining_osm_6355740185_28552,home_hk_collective_000633,67812.0,True,pt,generic,distance;end_link;start_link;trav_time;type,False,road_3022_0_f,road_269637_0_f,34416.149000000005,00:58:32,,,,,,,,,,,not_modelled_no_serialized_transfer_chain_or_eligibility,,adult_reference_not_applied,Octopus_reference_not_applied,audit_only_no_fare_estimation
hk_collective_000634,0,pt,pt_fare_chargeability_audit,,,,U,unresolved,generic_pt_leg_missing_actual_mode_line_route_boarding_alighting_transfer_chain,actual_transport_mode;actual_line_id;actual_route_id;actual_direction;boarding_stop_id;alighting_stop_id;transfer_chain,resident,fixed_worker,home,work,home_hk_collective_000634,work_poi_igeocom:531959,32348.0,False,pt,generic,distance;end_link;start_link;trav_time;type,False,road_95701_0_r,road_101377_0_f,37757.296,01:01:52,,,,,,,,,,,not_modelled_no_serialized_transfer_chain_or_eligibility,,adult_reference_not_applied,Octopus_reference_not_applied,audit_only_no_fare_estimation
hk_collective_000634,1,pt,pt_fare_chargeability_audit,,,,U,unresolved,generic_pt_leg_missing_actual_mode_line_route_boarding_alighting_transfer_chain,actual_transport_mode;actual_line_id;actual_route_id;actual_direction;boarding_stop_id;alighting_stop_id;transfer_chain,resident,fixed_worker,work,home,work_poi_igeocom:531959,home_hk_collective_000634,71262.0,False,pt,generic,distance;end_link;start_link;trav_time;type,False,road_101377_0_f,road_95701_0_r,37402.88300000002,01:01:54,,,,,,,,,,,not_modelled_no_serialized_transfer_chain_or_eligibility,,adult_reference_not_applied,Octopus_reference_not_applied,audit_only_no_fare_estimation
hk_collective_000637,0,pt,pt_fare_chargeability_audit,,,,U,unresolved,generic_pt_leg_missing_actual_mode_line_route_boarding_alighting_transfer_chain,actual_transport_mode;actual_line_id;actual_route_id;actual_direction;boarding_stop_id;alighting_stop_id;transfer_chain,resident,home_only,home,shopping,home_hk_collective_000637,resident_shopping_osm_2176507422_5533,40054.0,True,pt,generic,distance;end_link;start_link;trav_time;type,False,road_164132_0_f,road_95674_0_f,3377.586,00:08:04,,,,,,,,,,,not_modelled_no_serialized_transfer_chain_or_eligibility,,adult_reference_not_applied,Octopus_reference_not_applied,audit_only_no_fare_estimation
hk_collective_000637,1,pt,pt_fare_chargeability_audit,,,,U,unresolved,generic_pt_leg_missing_actual_mode_line_route_boarding_alighting_transfer_chain,actual_transport_mode;actual_line_id;actual_route_id;actual_direction;boarding_stop_id;alighting_stop_id;transfer_chain,resident,home_only,shopping,home,resident_shopping_osm_2176507422_5533,home_hk_collective_000637,46954.0,True,pt,generic,distance;end_link;start_link;trav_time;type,False,road_95674_0_f,road_164132_0_f,3236.4390000000003,00:07:16,,,,,,,,,,,not_modelled_no_serialized_transfer_chain_or_eligibility,,adult_reference_not_applied,Octopus_reference_not_applied,audit_only_no_fare_estimation
hk_collective_000638,2,pt,pt_fare_chargeability_audit,,,,U,unresolved,generic_pt_leg_missing_actual_mode_line_route_boarding_alighting_transfer_chain,actual_transport_mode;actual_line_id;actual_route_id;actual_direction;boarding_stop_id;alighting_stop_id;transfer_chain,resident,fixed_worker,home,shopping,home_hk_collective_000638,resident_shopping_osm_12262774815_44127,62770.0,True,pt,generic,distance;end_link;start_link;trav_time;type,False,road_97157_0_f,road_95433_0_f,2683.322000000001,00:06:07,,,,,,,,,,,not_modelled_no_serialized_transfer_chain_or_eligibility,,adult_reference_not_applied,Octopus_reference_not_applied,audit_only_no_fare_estimation
hk_collective_000638,3,pt,pt_fare_chargeability_audit,,,,U,unresolved,generic_pt_leg_missing_actual_mode_line_route_boarding_alighting_transfer_chain,actual_transport_mode;actual_line_id;actual_route_id;actual_direction;boarding_stop_id;alighting_stop_id;transfer_chain,resident,fixed_worker,shopping,dining,resident_shopping_osm_12262774815_44127,resident_dining_osm_4479449491_17788,69670.0,True,pt,generic,distance;end_link;start_link;trav_time;type,False,road_95433_0_f,road_95528_0_r,892.7830000000001,00:02:08,,,,,,,,,,,not_modelled_no_serialized_transfer_chain_or_eligibility,,adult_reference_not_applied,Octopus_reference_not_applied,audit_only_no_fare_estimation
hk_collective_000638,4,pt,pt_fare_chargeability_audit,,,,U,unresolved,generic_pt_leg_missing_actual_mode_line_route_boarding_alighting_transfer_chain,actual_transport_mode;actual_line_id;actual_route_id;actual_direction;boarding_stop_id;alighting_stop_id;transfer_chain,resident,fixed_worker,dining,home,resident_dining_osm_4479449491_17788,home_hk_collective_000638,76270.0,True,pt,generic,distance;end_link;start_link;trav_time;type,False,road_95528_0_r,road_97157_0_f,2703.699,00:05:59,,,,,,,,,,,not_modelled_no_serialized_transfer_chain_or_eligibility,,adult_reference_not_applied,Octopus_reference_not_applied,audit_only_no_fare_estimation
hk_collective_000639,0,pt,pt_fare_chargeability_audit,,,,U,unresolved,generic_pt_leg_missing_actual_mode_line_route_boarding_alighting_transfer_chain,actual_transport_mode;actual_line_id;actual_route_id;actual_direction;boarding_stop_id;alighting_stop_id;transfer_chain,resident,fixed_worker,home,work,home_hk_collective_000639,work_poi_osm:12641943691:45206,26615.0,False,pt,generic,distance;end_link;start_link;trav_time;type,False,road_95441_0_f,road_97053_0_f,8666.59,00:15:25,,,,,,,,,,,not_modelled_no_serialized_transfer_chain_or_eligibility,,adult_reference_not_applied,Octopus_reference_not_applied,audit_only_no_fare_estimation
hk_collective_000639,1,pt,pt_fare_chargeability_audit,,,,U,unresolved,generic_pt_leg_missing_actual_mode_line_route_boarding_alighting_transfer_chain,actual_transport_mode;actual_line_id;actual_route_id;actual_direction;boarding_stop_id;alighting_stop_id;transfer_chain,resident,fixed_worker,work,home,work_poi_osm:12641943691:45206,home_hk_collective_000639,63040.0,False,pt,generic,distance;end_link;start_link;trav_time;type,False,road_97053_0_f,road_95441_0_f,8836.184,00:15:26,,,,,,,,,,,not_modelled_no_serialized_transfer_chain_or_eligibility,,adult_reference_not_applied,Octopus_reference_not_applied,audit_only_no_fare_estimation
hk_collective_000641,0,pt,pt_fare_chargeability_audit,,,,U,unresolved,generic_pt_leg_missing_actual_mode_line_route_boarding_alighting_transfer_chain,actual_transport_mode;actual_line_id;actual_route_id;actual_direction;boarding_stop_id;alighting_stop_id;transfer_chain,resident,fixed_worker,home,work,home_hk_collective_000641,work_poi_igeocom:563354,28456.0,False,pt,generic,distance;end_link;start_link;trav_time;type,False,road_97142_0_f,road_4744_0_f,37332.139,01:06:31,,,,,,,,,,,not_modelled_no_serialized_transfer_chain_or_eligibility,,adult_reference_not_applied,Octopus_reference_not_applied,audit_only_no_fare_estimation
hk_collective_000641,1,pt,pt_fare_chargeability_audit,,,,U,unresolved,generic_pt_leg_missing_actual_mode_line_route_boarding_alighting_transfer_chain,actual_transport_mode;actual_line_id;actual_route_id;actual_direction;boarding_stop_id;alighting_stop_id;transfer_chain,resident,fixed_worker,work,home,work_poi_igeocom:563354,home_hk_collective_000641,67314.0,False,pt,generic,distance;end_link;start_link;trav_time;type,False,road_4744_0_f,road_97142_0_f,38499.096,01:05:47,,,,,,,,,,,not_modelled_no_serialized_transfer_chain_or_eligibility,,adult_reference_not_applied,Octopus_reference_not_applied,audit_only_no_fare_estimation
hk_collective_000642,0,pt,pt_fare_chargeability_audit,,,,U,unresolved,generic_pt_leg_missing_actual_mode_line_route_boarding_alighting_transfer_chain,actual_transport_mode;actual_line_id;actual_route_id;actual_direction;boarding_stop_id;alighting_stop_id;transfer_chain,resident,home_only,home,shopping,home_hk_collective_000642,resident_shopping_osm_10796686872_38101,57494.0,True,pt,generic,distance;end_link;start_link;trav_time;type,False,road_276503_0_f,road_272547_0_f,2754.715,00:06:08,,,,,,,,,,,not_modelled_no_serialized_transfer_chain_or_eligibility,,adult_reference_not_applied,Octopus_reference_not_applied,audit_only_no_fare_estimation
hk_collective_000642,1,pt,pt_fare_chargeability_audit,,,,U,unresolved,generic_pt_leg_missing_actual_mode_line_route_boarding_alighting_transfer_chain,actual_transport_mode;actual_line_id;actual_route_id;actual_direction;boarding_stop_id;alighting_stop_id;transfer_chain,resident,home_only,shopping,medical,resident_shopping_osm_10796686872_38101,resident_medical_igeocom_559467,64394.0,True,pt,generic,distance;end_link;start_link;trav_time;type,False,road_272547_0_f,road_165433_0_f,7981.138999999997,00:14:57,,,,,,,,,,,not_modelled_no_serialized_transfer_chain_or_eligibility,,adult_reference_not_applied,Octopus_reference_not_applied,audit_only_no_fare_estimation
hk_collective_000642,2,pt,pt_fare_chargeability_audit,,,,U,unresolved,generic_pt_leg_missing_actual_mode_line_route_boarding_alighting_transfer_chain,actual_transport_mode;actual_line_id;actual_route_id;actual_direction;boarding_stop_id;alighting_stop_id;transfer_chain,resident,home_only,medical,home,resident_medical_igeocom_559467,home_hk_collective_000642,72194.0,True,pt,generic,distance;end_link;start_link;trav_time;type,False,road_165433_0_f,road_276503_0_f,6874.137,00:14:12,,,,,,,,,,,not_modelled_no_serialized_transfer_chain_or_eligibility,,adult_reference_not_applied,Octopus_reference_not_applied,audit_only_no_fare_estimation
hk_collective_000643,0,pt,pt_fare_chargeability_audit,,,,U,unresolved,generic_pt_leg_missing_actual_mode_line_route_boarding_alighting_transfer_chain,actual_transport_mode;actual_line_id;actual_route_id;actual_direction;boarding_stop_id;alighting_stop_id;transfer_chain,resident,fixed_worker,home,work,home_hk_collective_000643,work_poi_igeocom:550621,27585.0,False,pt,generic,distance;end_link;start_link;trav_time;type,False,road_276486_0_f,road_274743_0_r,32891.057,00:57:20,,,,,,,,,,,not_modelled_no_serialized_transfer_chain_or_eligibility,,adult_reference_not_applied,Octopus_reference_not_applied,audit_only_no_fare_estimation
hk_collective_000643,1,pt,pt_fare_chargeability_audit,,,,U,unresolved,generic_pt_leg_missing_actual_mode_line_route_boarding_alighting_transfer_chain,actual_transport_mode;actual_line_id;actual_route_id;actual_direction;boarding_stop_id;alighting_stop_id;transfer_chain,resident,fixed_worker,work,home,work_poi_igeocom:550621,home_hk_collective_000643,58033.0,False,pt,generic,distance;end_link;start_link;trav_time;type,False,road_274743_0_r,road_276486_0_f,30089.104000000007,00:52:19,,,,,,,,,,,not_modelled_no_serialized_transfer_chain_or_eligibility,,adult_reference_not_applied,Octopus_reference_not_applied,audit_only_no_fare_estimation
hk_collective_000644,0,pt,pt_fare_chargeability_audit,,,,U,unresolved,generic_pt_leg_missing_actual_mode_line_route_boarding_alighting_transfer_chain,actual_transport_mode;actual_line_id;actual_route_id;actual_direction;boarding_stop_id;alighting_stop_id;transfer_chain,resident,fixed_worker,home,work,home_hk_collective_000644,work_poi_osm:4864607462:23273,31172.0,False,pt,generic,distance;end_link;start_link;trav_time;type,False,road_95441_0_f,road_102567_0_f,31471.94100000002,00:52:43,,,,,,,,,,,not_modelled_no_serialized_transfer_chain_or_eligibility,,adult_reference_not_applied,Octopus_reference_not_applied,audit_only_no_fare_estimation
hk_collective_000644,1,pt,pt_fare_chargeability_audit,,,,U,unresolved,generic_pt_leg_missing_actual_mode_line_route_boarding_alighting_transfer_chain,actual_transport_mode;actual_line_id;actual_route_id;actual_direction;boarding_stop_id;alighting_stop_id;transfer_chain,resident,fixed_worker,work,home,work_poi_osm:4864607462:23273,home_hk_collective_000644,60778.0,False,pt,generic,distance;end_link;start_link;trav_time;type,False,road_102567_0_f,road_95441_0_f,31821.42900000001,00:52:30,,,,,,,,,,,not_modelled_no_serialized_transfer_chain_or_eligibility,,adult_reference_not_applied,Octopus_reference_not_applied,audit_only_no_fare_estimation
hk_collective_000645,0,pt,pt_fare_chargeability_audit,,,,U,unresolved,generic_pt_leg_missing_actual_mode_line_route_boarding_alighting_transfer_chain,actual_transport_mode;actual_line_id;actual_route_id;actual_direction;boarding_stop_id;alighting_stop_id;transfer_chain,resident,fixed_worker,home,work,home_hk_collective_000645,work_poi_igeocom:21074604,30377.0,False,pt,generic,distance;end_link;start_link;trav_time;type,False,road_96242_0_r,road_271010_0_f,22883.285,00:40:54,,,,,,,,,,,not_modelled_no_serialized_transfer_chain_or_eligibility,,adult_reference_not_applied,Octopus_reference_not_applied,audit_only_no_fare_estimation
hk_collective_000645,1,pt,pt_fare_chargeability_audit,,,,U,unresolved,generic_pt_leg_missing_actual_mode_line_route_boarding_alighting_transfer_chain,actual_transport_mode;actual_line_id;actual_route_id;actual_direction;boarding_stop_id;alighting_stop_id;transfer_chain,resident,fixed_worker,work,home,work_poi_igeocom:21074604,home_hk_collective_000645,61104.0,False,pt,generic,distance;end_link;start_link;trav_time;type,False,road_271010_0_f,road_96242_0_r,23232.899,00:41:51,,,,,,,,,,,not_modelled_no_serialized_transfer_chain_or_eligibility,,adult_reference_not_applied,Octopus_reference_not_applied,audit_only_no_fare_estimation
hk_collective_000646,0,pt,pt_fare_chargeability_audit,,,,U,unresolved,generic_pt_leg_missing_actual_mode_line_route_boarding_alighting_transfer_chain,actual_transport_mode;actual_line_id;actual_route_id;actual_direction;boarding_stop_id;alighting_stop_id;transfer_chain,resident,fixed_worker,home,work,home_hk_collective_000646,work_poi_osm:9401681809:34410,28078.0,False,pt,generic,distance;end_link;start_link;trav_time;type,False,road_95741_0_f,road_102592_0_r,29764.15,00:51:54,,,,,,,,,,,not_modelled_no_serialized_transfer_chain_or_eligibility,,adult_reference_not_applied,Octopus_reference_not_applied,audit_only_no_fare_estimation
hk_collective_000646,1,pt,pt_fare_chargeability_audit,,,,U,unresolved,generic_pt_leg_missing_actual_mode_line_route_boarding_alighting_transfer_chain,actual_transport_mode;actual_line_id;actual_route_id;actual_direction;boarding_stop_id;alighting_stop_id;transfer_chain,resident,fixed_worker,work,home,work_poi_osm:9401681809:34410,home_hk_collective_000646,65214.0,False,pt,generic,distance;end_link;start_link;trav_time;type,False,road_102592_0_r,road_95741_0_f,30342.23500000001,00:50:36,,,,,,,,,,,not_modelled_no_serialized_transfer_chain_or_eligibility,,adult_reference_not_applied,Octopus_reference_not_applied,audit_only_no_fare_estimation
hk_collective_000648,0,pt,pt_fare_chargeability_audit,,,,U,unresolved,generic_pt_leg_missing_actual_mode_line_route_boarding_alighting_transfer_chain,actual_transport_mode;actual_line_id;actual_route_id;actual_direction;boarding_stop_id;alighting_stop_id;transfer_chain,resident,fixed_worker,home,work,home_hk_collective_000648,work_poi_igeocom:21184248,29568.0,False,pt,generic,distance;end_link;start_link;trav_time;type,False,road_97149_0_f,road_282986_0_f,37529.679,00:59:20,,,,,,,,,,,not_modelled_no_serialized_transfer_chain_or_eligibility,,adult_reference_not_applied,Octopus_reference_not_applied,audit_only_no_fare_estimation
hk_collective_000648,1,pt,pt_fare_chargeability_audit,,,,U,unresolved,generic_pt_leg_missing_actual_mode_line_route_boarding_alighting_transfer_chain,actual_transport_mode;actual_line_id;actual_route_id;actual_direction;boarding_stop_id;alighting_stop_id;transfer_chain,resident,fixed_worker,work,home,work_poi_igeocom:21184248,home_hk_collective_000648,65872.0,False,pt,generic,distance;end_link;start_link;trav_time;type,False,road_282986_0_f,road_97149_0_f,35742.58900000003,00:57:56,,,,,,,,,,,not_modelled_no_serialized_transfer_chain_or_eligibility,,adult_reference_not_applied,Octopus_reference_not_applied,audit_only_no_fare_estimation
hk_collective_000649,0,pt,pt_fare_chargeability_audit,,,,U,unresolved,generic_pt_leg_missing_actual_mode_line_route_boarding_alighting_transfer_chain,actual_transport_mode;actual_line_id;actual_route_id;actual_direction;boarding_stop_id;alighting_stop_id;transfer_chain,resident,fixed_worker,home,work,home_hk_collective_000649,work_poi_igeocom:542322,35342.0,False,pt,generic,distance;end_link;start_link;trav_time;type,False,road_95560_0_f,road_5736_0_r,35559.97299999998,01:02:13,,,,,,,,,,,not_modelled_no_serialized_transfer_chain_or_eligibility,,adult_reference_not_applied,Octopus_reference_not_applied,audit_only_no_fare_estimation
hk_collective_000649,1,pt,pt_fare_chargeability_audit,,,,U,unresolved,generic_pt_leg_missing_actual_mode_line_route_boarding_alighting_transfer_chain,actual_transport_mode;actual_line_id;actual_route_id;actual_direction;boarding_stop_id;alighting_stop_id;transfer_chain,resident,fixed_worker,work,home,work_poi_igeocom:542322,home_hk_collective_000649,66560.0,False,pt,generic,distance;end_link;start_link;trav_time;type,False,road_5736_0_r,road_95560_0_f,36992.74000000001,01:00:46,,,,,,,,,,,not_modelled_no_serialized_transfer_chain_or_eligibility,,adult_reference_not_applied,Octopus_reference_not_applied,audit_only_no_fare_estimation
hk_collective_000650,0,pt,pt_fare_chargeability_audit,,,,U,unresolved,generic_pt_leg_missing_actual_mode_line_route_boarding_alighting_transfer_chain,actual_transport_mode;actual_line_id;actual_route_id;actual_direction;boarding_stop_id;alighting_stop_id;transfer_chain,resident,work_mobile,home,work_mobile,home_hk_collective_000650,work_mobile_poi_igeocom:548967,27131.0,False,pt,generic,distance;end_link;start_link;trav_time;type,False,road_95807_0_f,road_94675_0_r,12138.553000000002,00:23:51,,,,,,,,,,,not_modelled_no_serialized_transfer_chain_or_eligibility,,adult_reference_not_applied,Octopus_reference_not_applied,audit_only_no_fare_estimation
hk_collective_000650,1,pt,pt_fare_chargeability_audit,,,,U,unresolved,generic_pt_leg_missing_actual_mode_line_route_boarding_alighting_transfer_chain,actual_transport_mode;actual_line_id;actual_route_id;actual_direction;boarding_stop_id;alighting_stop_id;transfer_chain,resident,work_mobile,work_mobile,home,work_mobile_poi_igeocom:548967,home_hk_collective_000650,62673.0,False,pt,generic,distance;end_link;start_link;trav_time;type,False,road_94675_0_r,road_95807_0_f,10757.173999999995,00:22:27,,,,,,,,,,,not_modelled_no_serialized_transfer_chain_or_eligibility,,adult_reference_not_applied,Octopus_reference_not_applied,audit_only_no_fare_estimation
hk_collective_000651,0,pt,pt_fare_chargeability_audit,,,,U,unresolved,generic_pt_leg_missing_actual_mode_line_route_boarding_alighting_transfer_chain,actual_transport_mode;actual_line_id;actual_route_id;actual_direction;boarding_stop_id;alighting_stop_id;transfer_chain,resident,usual_resident_border,home,border,home_hk_collective_000651,border_12,23121.0,False,pt,generic,distance;end_link;start_link;trav_time;type,False,road_95769_0_f,road_264826_0_f,25056.389,00:45:07,,,,,,,,,,,not_modelled_no_serialized_transfer_chain_or_eligibility,,adult_reference_not_applied,Octopus_reference_not_applied,audit_only_no_fare_estimation
hk_collective_000651,1,pt,pt_fare_chargeability_audit,,,,U,unresolved,generic_pt_leg_missing_actual_mode_line_route_boarding_alighting_transfer_chain,actual_transport_mode;actual_line_id;actual_route_id;actual_direction;boarding_stop_id;alighting_stop_id;transfer_chain,resident,usual_resident_border,border,home,border_12,home_hk_collective_000651,65582.0,False,pt,generic,distance;end_link;start_link;trav_time;type,False,road_264826_0_f,road_95769_0_f,24235.786000000004,00:45:59,,,,,,,,,,,not_modelled_no_serialized_transfer_chain_or_eligibility,,adult_reference_not_applied,Octopus_reference_not_applied,audit_only_no_fare_estimation
hk_collective_000653,0,pt,pt_fare_chargeability_audit,,,,U,unresolved,generic_pt_leg_missing_actual_mode_line_route_boarding_alighting_transfer_chain,actual_transport_mode;actual_line_id;actual_route_id;actual_direction;boarding_stop_id;alighting_stop_id;transfer_chain,resident,fixed_worker,home,work,home_hk_collective_000653,work_poi_igeocom:528195,28416.0,False,pt,generic,distance;end_link;start_link;trav_time;type,False,road_95560_0_f,road_164725_0_f,32771.75600000001,00:56:07,,,,,,,,,,,not_modelled_no_serialized_transfer_chain_or_eligibility,,adult_reference_not_applied,Octopus_reference_not_applied,audit_only_no_fare_estimation
hk_collective_000653,1,pt,pt_fare_chargeability_audit,,,,U,unresolved,generic_pt_leg_missing_actual_mode_line_route_boarding_alighting_transfer_chain,actual_transport_mode;actual_line_id;actual_route_id;actual_direction;boarding_stop_id;alighting_stop_id;transfer_chain,resident,fixed_worker,work,home,work_poi_igeocom:528195,home_hk_collective_000653,61637.0,False,pt,generic,distance;end_link;start_link;trav_time;type,False,road_164725_0_f,road_95560_0_f,32531.412000000008,00:56:16,,,,,,,,,,,not_modelled_no_serialized_transfer_chain_or_eligibility,,adult_reference_not_applied,Octopus_reference_not_applied,audit_only_no_fare_estimation
hk_collective_000654,0,pt,pt_fare_chargeability_audit,,,,U,unresolved,generic_pt_leg_missing_actual_mode_line_route_boarding_alighting_transfer_chain,actual_transport_mode;actual_line_id;actual_route_id;actual_direction;boarding_stop_id;alighting_stop_id;transfer_chain,resident,day_school_student,home,school_kindergarten,home_hk_collective_000654,school_2113,27255.0,False,pt,generic,distance;end_link;start_link;trav_time;type,False,road_95560_0_f,road_95787_0_r,684.1420000000002,00:01:37,,,,,,,,,,,not_modelled_no_serialized_transfer_chain_or_eligibility,,adult_reference_not_applied,Octopus_reference_not_applied,audit_only_no_fare_estimation
hk_collective_000654,1,pt,pt_fare_chargeability_audit,,,,U,unresolved,generic_pt_leg_missing_actual_mode_line_route_boarding_alighting_transfer_chain,actual_transport_mode;actual_line_id;actual_route_id;actual_direction;boarding_stop_id;alighting_stop_id;transfer_chain,resident,day_school_student,school_kindergarten,home,school_2113,home_hk_collective_000654,44560.0,False,pt,generic,distance;end_link;start_link;trav_time;type,False,road_95787_0_r,road_95560_0_f,590.543,00:01:24,,,,,,,,,,,not_modelled_no_serialized_transfer_chain_or_eligibility,,adult_reference_not_applied,Octopus_reference_not_applied,audit_only_no_fare_estimation
hk_collective_000655,0,pt,pt_fare_chargeability_audit,,,,U,unresolved,generic_pt_leg_missing_actual_mode_line_route_boarding_alighting_transfer_chain,actual_transport_mode;actual_line_id;actual_route_id;actual_direction;boarding_stop_id;alighting_stop_id;transfer_chain,resident,fixed_worker,home,work,home_hk_collective_000655,work_poi_igeocom:549974,29924.0,False,pt,generic,distance;end_link;start_link;trav_time;type,False,road_95769_0_f,road_103429_0_f,33252.79500000001,00:54:37,,,,,,,,,,,not_modelled_no_serialized_transfer_chain_or_eligibility,,adult_reference_not_applied,Octopus_reference_not_applied,audit_only_no_fare_estimation
hk_collective_000655,1,pt,pt_fare_chargeability_audit,,,,U,unresolved,generic_pt_leg_missing_actual_mode_line_route_boarding_alighting_transfer_chain,actual_transport_mode;actual_line_id;actual_route_id;actual_direction;boarding_stop_id;alighting_stop_id;transfer_chain,resident,fixed_worker,work,home,work_poi_igeocom:549974,home_hk_collective_000655,63521.0,False,pt,generic,distance;end_link;start_link;trav_time;type,False,road_103429_0_f,road_95769_0_f,31521.15500000001,00:52:03,,,,,,,,,,,not_modelled_no_serialized_transfer_chain_or_eligibility,,adult_reference_not_applied,Octopus_reference_not_applied,audit_only_no_fare_estimation
hk_collective_000656,0,pt,pt_fare_chargeability_audit,,,,U,unresolved,generic_pt_leg_missing_actual_mode_line_route_boarding_alighting_transfer_chain,actual_transport_mode;actual_line_id;actual_route_id;actual_direction;boarding_stop_id;alighting_stop_id;transfer_chain,resident,tertiary_student,home,education_tertiary,home_hk_collective_000656,education_tertiary_poi_igeocom:526835,33770.0,False,pt,generic,distance;end_link;start_link;trav_time;type,False,road_95762_0_f,road_57011_0_f,27662.19400000001,00:41:40,,,,,,,,,,,not_modelled_no_serialized_transfer_chain_or_eligibility,,adult_reference_not_applied,Octopus_reference_not_applied,audit_only_no_fare_estimation
hk_collective_000656,1,pt,pt_fare_chargeability_audit,,,,U,unresolved,generic_pt_leg_missing_actual_mode_line_route_boarding_alighting_transfer_chain,actual_transport_mode;actual_line_id;actual_route_id;actual_direction;boarding_stop_id;alighting_stop_id;transfer_chain,resident,tertiary_student,education_tertiary,home,education_tertiary_poi_igeocom:526835,home_hk_collective_000656,62880.0,False,pt,generic,distance;end_link;start_link;trav_time;type,False,road_57011_0_f,road_95762_0_f,25902.10700000001,00:40:50,,,,,,,,,,,not_modelled_no_serialized_transfer_chain_or_eligibility,,adult_reference_not_applied,Octopus_reference_not_applied,audit_only_no_fare_estimation
hk_collective_000657,0,pt,pt_fare_chargeability_audit,,,,U,unresolved,generic_pt_leg_missing_actual_mode_line_route_boarding_alighting_transfer_chain,actual_transport_mode;actual_line_id;actual_route_id;actual_direction;boarding_stop_id;alighting_stop_id;transfer_chain,resident,fixed_worker,home,work,home_hk_collective_000657,work_poi_osm:missing:64017,27132.0,False,pt,generic,distance;end_link;start_link;trav_time;type,False,road_95922_0_f,road_130161_0_f,33688.579,01:05:12,,,,,,,,,,,not_modelled_no_serialized_transfer_chain_or_eligibility,,adult_reference_not_applied,Octopus_reference_not_applied,audit_only_no_fare_estimation
hk_collective_000657,1,pt,pt_fare_chargeability_audit,,,,U,unresolved,generic_pt_leg_missing_actual_mode_line_route_boarding_alighting_transfer_chain,actual_transport_mode;actual_line_id;actual_route_id;actual_direction;boarding_stop_id;alighting_stop_id;transfer_chain,resident,fixed_worker,work,home,work_poi_osm:missing:64017,home_hk_collective_000657,63126.0,False,pt,generic,distance;end_link;start_link;trav_time;type,False,road_130161_0_f,road_95922_0_f,33856.92300000001,01:03:06,,,,,,,,,,,not_modelled_no_serialized_transfer_chain_or_eligibility,,adult_reference_not_applied,Octopus_reference_not_applied,audit_only_no_fare_estimation
hk_collective_000658,0,pt,pt_fare_chargeability_audit,,,,U,unresolved,generic_pt_leg_missing_actual_mode_line_route_boarding_alighting_transfer_chain,actual_transport_mode;actual_line_id;actual_route_id;actual_direction;boarding_stop_id;alighting_stop_id;transfer_chain,resident,fixed_worker,home,work,home_hk_collective_000658,work_poi_osm:missing:76599,25762.0,False,pt,generic,distance;end_link;start_link;trav_time;type,False,road_271846_0_f,road_281903_0_f,22852.455,00:42:15,,,,,,,,,,,not_modelled_no_serialized_transfer_chain_or_eligibility,,adult_reference_not_applied,Octopus_reference_not_applied,audit_only_no_fare_estimation
hk_collective_000658,1,pt,pt_fare_chargeability_audit,,,,U,unresolved,generic_pt_leg_missing_actual_mode_line_route_boarding_alighting_transfer_chain,actual_transport_mode;actual_line_id;actual_route_id;actual_direction;boarding_stop_id;alighting_stop_id;transfer_chain,resident,fixed_worker,work,home,work_poi_osm:missing:76599,home_hk_collective_000658,56034.0,False,pt,generic,distance;end_link;start_link;trav_time;type,False,road_281903_0_f,road_271846_0_f,22256.68199999999,00:41:05,,,,,,,,,,,not_modelled_no_serialized_transfer_chain_or_eligibility,,adult_reference_not_applied,Octopus_reference_not_applied,audit_only_no_fare_estimation
hk_collective_000658,2,pt,pt_fare_chargeability_audit,,,,U,unresolved,generic_pt_leg_missing_actual_mode_line_route_boarding_alighting_transfer_chain,actual_transport_mode;actual_line_id;actual_route_id;actual_direction;boarding_stop_id;alighting_stop_id;transfer_chain,resident,fixed_worker,home,shopping,home_hk_collective_000658,resident_shopping_osm_2176507422_5533,63801.0,True,pt,generic,distance;end_link;start_link;trav_time;type,False,road_271846_0_f,road_95674_0_f,1715.304,00:04:06,,,,,,,,,,,not_modelled_no_serialized_transfer_chain_or_eligibility,,adult_reference_not_applied,Octopus_reference_not_applied,audit_only_no_fare_estimation
hk_collective_000658,3,pt,pt_fare_chargeability_audit,,,,U,unresolved,generic_pt_leg_missing_actual_mode_line_route_boarding_alighting_transfer_chain,actual_transport_mode;actual_line_id;actual_route_id;actual_direction;boarding_stop_id;alighting_stop_id;transfer_chain,resident,fixed_worker,shopping,leisure,resident_shopping_osm_2176507422_5533,resident_leisure_osm_missing_56392,70701.0,True,pt,generic,distance;end_link;start_link;trav_time;type,False,road_95674_0_f,road_94772_0_r,4558.55,00:10:30,,,,,,,,,,,not_modelled_no_serialized_transfer_chain_or_eligibility,,adult_reference_not_applied,Octopus_reference_not_applied,audit_only_no_fare_estimation
hk_collective_000658,4,pt,pt_fare_chargeability_audit,,,,U,unresolved,generic_pt_leg_missing_actual_mode_line_route_boarding_alighting_transfer_chain,actual_transport_mode;actual_line_id;actual_route_id;actual_direction;boarding_stop_id;alighting_stop_id;transfer_chain,resident,fixed_worker,leisure,home,resident_leisure_osm_missing_56392,home_hk_collective_000658,82101.0,True,pt,generic,distance;end_link;start_link;trav_time;type,False,road_94772_0_r,road_271846_0_f,3104.371000000001,00:07:01,,,,,,,,,,,not_modelled_no_serialized_transfer_chain_or_eligibility,,adult_reference_not_applied,Octopus_reference_not_applied,audit_only_no_fare_estimation
hk_collective_000659,0,pt,pt_fare_chargeability_audit,,,,U,unresolved,generic_pt_leg_missing_actual_mode_line_route_boarding_alighting_transfer_chain,actual_transport_mode;actual_line_id;actual_route_id;actual_direction;boarding_stop_id;alighting_stop_id;transfer_chain,resident,fixed_worker,home,work,home_hk_collective_000659,work_grid_1378,28405.0,False,pt,generic,distance;end_link;start_link;trav_time;type,False,road_260872_0_f,road_270387_0_r,33298.48400000001,01:05:49,,,,,,,,,,,not_modelled_no_serialized_transfer_chain_or_eligibility,,adult_reference_not_applied,Octopus_reference_not_applied,audit_only_no_fare_estimation
hk_collective_000659,1,pt,pt_fare_chargeability_audit,,,,U,unresolved,generic_pt_leg_missing_actual_mode_line_route_boarding_alighting_transfer_chain,actual_transport_mode;actual_line_id;actual_route_id;actual_direction;boarding_stop_id;alighting_stop_id;transfer_chain,resident,fixed_worker,work,home,work_grid_1378,home_hk_collective_000659,60309.0,False,pt,generic,distance;end_link;start_link;trav_time;type,False,road_270387_0_r,road_260872_0_f,37011.93,01:05:25,,,,,,,,,,,not_modelled_no_serialized_transfer_chain_or_eligibility,,adult_reference_not_applied,Octopus_reference_not_applied,audit_only_no_fare_estimation
hk_collective_000660,0,pt,pt_fare_chargeability_audit,,,,U,unresolved,generic_pt_leg_missing_actual_mode_line_route_boarding_alighting_transfer_chain,actual_transport_mode;actual_line_id;actual_route_id;actual_direction;boarding_stop_id;alighting_stop_id;transfer_chain,resident,fixed_worker,home,work,home_hk_collective_000660,work_grid_90,31509.0,False,pt,generic,distance;end_link;start_link;trav_time;type,False,road_95559_0_f,road_8192_0_f,33128.86700000001,01:06:00,,,,,,,,,,,not_modelled_no_serialized_transfer_chain_or_eligibility,,adult_reference_not_applied,Octopus_reference_not_applied,audit_only_no_fare_estimation
hk_collective_000660,1,pt,pt_fare_chargeability_audit,,,,U,unresolved,generic_pt_leg_missing_actual_mode_line_route_boarding_alighting_transfer_chain,actual_transport_mode;actual_line_id;actual_route_id;actual_direction;boarding_stop_id;alighting_stop_id;transfer_chain,resident,fixed_worker,work,home,work_grid_90,home_hk_collective_000660,60683.0,False,pt,generic,distance;end_link;start_link;trav_time;type,False,road_8192_0_f,road_95559_0_f,26582.566999999995,00:48:40,,,,,,,,,,,not_modelled_no_serialized_transfer_chain_or_eligibility,,adult_reference_not_applied,Octopus_reference_not_applied,audit_only_no_fare_estimation
hk_collective_000661,0,pt,pt_fare_chargeability_audit,,,,U,unresolved,generic_pt_leg_missing_actual_mode_line_route_boarding_alighting_transfer_chain,actual_transport_mode;actual_line_id;actual_route_id;actual_direction;boarding_stop_id;alighting_stop_id;transfer_chain,resident,fixed_worker,home,work,home_hk_collective_000661,work_grid_1247,26411.0,False,pt,generic,distance;end_link;start_link;trav_time;type,False,road_271846_0_f,road_62662_0_f,38271.18399999999,00:55:44,,,,,,,,,,,not_modelled_no_serialized_transfer_chain_or_eligibility,,adult_reference_not_applied,Octopus_reference_not_applied,audit_only_no_fare_estimation
hk_collective_000661,1,pt,pt_fare_chargeability_audit,,,,U,unresolved,generic_pt_leg_missing_actual_mode_line_route_boarding_alighting_transfer_chain,actual_transport_mode;actual_line_id;actual_route_id;actual_direction;boarding_stop_id;alighting_stop_id;transfer_chain,resident,fixed_worker,work,home,work_grid_1247,home_hk_collective_000661,54783.0,False,pt,generic,distance;end_link;start_link;trav_time;type,False,road_62662_0_f,road_271846_0_f,36992.50000000001,00:52:43,,,,,,,,,,,not_modelled_no_serialized_transfer_chain_or_eligibility,,adult_reference_not_applied,Octopus_reference_not_applied,audit_only_no_fare_estimation
hk_collective_000662,0,pt,pt_fare_chargeability_audit,,,,U,unresolved,generic_pt_leg_missing_actual_mode_line_route_boarding_alighting_transfer_chain,actual_transport_mode;actual_line_id;actual_route_id;actual_direction;boarding_stop_id;alighting_stop_id;transfer_chain,resident,fixed_worker,home,work,home_hk_collective_000662,work_poi_igeocom:547487,27260.0,False,pt,generic,distance;end_link;start_link;trav_time;type,False,road_95569_0_r,road_7672_0_f,20842.878000000008,00:34:37,,,,,,,,,,,not_modelled_no_serialized_transfer_chain_or_eligibility,,adult_reference_not_applied,Octopus_reference_not_applied,audit_only_no_fare_estimation
hk_collective_000662,1,pt,pt_fare_chargeability_audit,,,,U,unresolved,generic_pt_leg_missing_actual_mode_line_route_boarding_alighting_transfer_chain,actual_transport_mode;actual_line_id;actual_route_id;actual_direction;boarding_stop_id;alighting_stop_id;transfer_chain,resident,fixed_worker,work,home,work_poi_igeocom:547487,home_hk_collective_000662,45705.0,False,pt,generic,distance;end_link;start_link;trav_time;type,False,road_7672_0_f,road_95569_0_r,20713.28800000001,00:35:30,,,,,,,,,,,not_modelled_no_serialized_transfer_chain_or_eligibility,,adult_reference_not_applied,Octopus_reference_not_applied,audit_only_no_fare_estimation
hk_collective_000663,0,pt,pt_fare_chargeability_audit,,,,U,unresolved,generic_pt_leg_missing_actual_mode_line_route_boarding_alighting_transfer_chain,actual_transport_mode;actual_line_id;actual_route_id;actual_direction;boarding_stop_id;alighting_stop_id;transfer_chain,resident,fixed_worker,home,work,home_hk_collective_000663,work_poi_igeocom:527823,31954.0,False,pt,generic,distance;end_link;start_link;trav_time;type,False,road_95441_0_f,road_3759_0_r,39127.93000000003,01:05:16,,,,,,,,,,,not_modelled_no_serialized_transfer_chain_or_eligibility,,adult_reference_not_applied,Octopus_reference_not_applied,audit_only_no_fare_estimation
hk_collective_000663,1,pt,pt_fare_chargeability_audit,,,,U,unresolved,generic_pt_leg_missing_actual_mode_line_route_boarding_alighting_transfer_chain,actual_transport_mode;actual_line_id;actual_route_id;actual_direction;boarding_stop_id;alighting_stop_id;transfer_chain,resident,fixed_worker,work,home,work_poi_igeocom:527823,home_hk_collective_000663,56807.0,False,pt,generic,distance;end_link;start_link;trav_time;type,False,road_3759_0_r,road_95441_0_f,37028.797000000006,01:05:30,,,,,,,,,,,not_modelled_no_serialized_transfer_chain_or_eligibility,,adult_reference_not_applied,Octopus_reference_not_applied,audit_only_no_fare_estimation
hk_collective_000664,0,pt,pt_fare_chargeability_audit,,,,U,unresolved,generic_pt_leg_missing_actual_mode_line_route_boarding_alighting_transfer_chain,actual_transport_mode;actual_line_id;actual_route_id;actual_direction;boarding_stop_id;alighting_stop_id;transfer_chain,resident,fixed_worker,home,work,home_hk_collective_000664,work_poi_osm:5255726164:24885,26407.0,False,pt,generic,distance;end_link;start_link;trav_time;type,False,road_296280_0_f,road_99974_0_f,36581.557,00:58:10,,,,,,,,,,,not_modelled_no_serialized_transfer_chain_or_eligibility,,adult_reference_not_applied,Octopus_reference_not_applied,audit_only_no_fare_estimation
hk_collective_000664,1,pt,pt_fare_chargeability_audit,,,,U,unresolved,generic_pt_leg_missing_actual_mode_line_route_boarding_alighting_transfer_chain,actual_transport_mode;actual_line_id;actual_route_id;actual_direction;boarding_stop_id;alighting_stop_id;transfer_chain,resident,fixed_worker,work,home,work_poi_osm:5255726164:24885,home_hk_collective_000664,60070.0,False,pt,generic,distance;end_link;start_link;trav_time;type,False,road_99974_0_f,road_296280_0_f,36243.122,00:57:49,,,,,,,,,,,not_modelled_no_serialized_transfer_chain_or_eligibility,,adult_reference_not_applied,Octopus_reference_not_applied,audit_only_no_fare_estimation
hk_collective_000665,0,pt,pt_fare_chargeability_audit,,,,U,unresolved,generic_pt_leg_missing_actual_mode_line_route_boarding_alighting_transfer_chain,actual_transport_mode;actual_line_id;actual_route_id;actual_direction;boarding_stop_id;alighting_stop_id;transfer_chain,resident,fixed_worker,home,work,home_hk_collective_000665,work_poi_osm:missing:67423,22899.0,False,pt,generic,distance;end_link;start_link;trav_time;type,False,road_95441_0_f,road_103355_0_r,32116.034000000014,00:52:18,,,,,,,,,,,not_modelled_no_serialized_transfer_chain_or_eligibility,,adult_reference_not_applied,Octopus_reference_not_applied,audit_only_no_fare_estimation
hk_collective_000665,1,pt,pt_fare_chargeability_audit,,,,U,unresolved,generic_pt_leg_missing_actual_mode_line_route_boarding_alighting_transfer_chain,actual_transport_mode;actual_line_id;actual_route_id;actual_direction;boarding_stop_id;alighting_stop_id;transfer_chain,resident,fixed_worker,work,home,work_poi_osm:missing:67423,home_hk_collective_000665,59837.0,False,pt,generic,distance;end_link;start_link;trav_time;type,False,road_103355_0_r,road_95441_0_f,32041.32700000001,00:53:30,,,,,,,,,,,not_modelled_no_serialized_transfer_chain_or_eligibility,,adult_reference_not_applied,Octopus_reference_not_applied,audit_only_no_fare_estimation
hk_collective_000666,2,pt,pt_fare_chargeability_audit,,,,U,unresolved,generic_pt_leg_missing_actual_mode_line_route_boarding_alighting_transfer_chain,actual_transport_mode;actual_line_id;actual_route_id;actual_direction;boarding_stop_id;alighting_stop_id;transfer_chain,resident,fixed_worker,home,shopping,home_hk_collective_000666,resident_shopping_igeocom_558330,75767.0,True,pt,generic,distance;end_link;start_link;trav_time;type,False,road_95762_0_f,road_93953_0_f,7932.553000000001,00:13:06,,,,,,,,,,,not_modelled_no_serialized_transfer_chain_or_eligibility,,adult_reference_not_applied,Octopus_reference_not_applied,audit_only_no_fare_estimation
hk_collective_000666,3,pt,pt_fare_chargeability_audit,,,,U,unresolved,generic_pt_leg_missing_actual_mode_line_route_boarding_alighting_transfer_chain,actual_transport_mode;actual_line_id;actual_route_id;actual_direction;boarding_stop_id;alighting_stop_id;transfer_chain,resident,fixed_worker,shopping,dining,resident_shopping_igeocom_558330,resident_dining_osm_12564276315_45063,82667.0,True,pt,generic,distance;end_link;start_link;trav_time;type,False,road_93953_0_f,road_280725_0_f,17474.269000000004,00:32:13,,,,,,,,,,,not_modelled_no_serialized_transfer_chain_or_eligibility,,adult_reference_not_applied,Octopus_reference_not_applied,audit_only_no_fare_estimation
hk_collective_000666,4,pt,pt_fare_chargeability_audit,,,,U,unresolved,generic_pt_leg_missing_actual_mode_line_route_boarding_alighting_transfer_chain,actual_transport_mode;actual_line_id;actual_route_id;actual_direction;boarding_stop_id;alighting_stop_id;transfer_chain,resident,fixed_worker,dining,home,resident_dining_osm_12564276315_45063,home_hk_collective_000666,89267.0,True,pt,generic,distance;end_link;start_link;trav_time;type,False,road_280725_0_f,road_95762_0_f,25812.75999999999,00:45:46,,,,,,,,,,,not_modelled_no_serialized_transfer_chain_or_eligibility,,adult_reference_not_applied,Octopus_reference_not_applied,audit_only_no_fare_estimation
hk_collective_000668,0,pt,pt_fare_chargeability_audit,,,,U,unresolved,generic_pt_leg_missing_actual_mode_line_route_boarding_alighting_transfer_chain,actual_transport_mode;actual_line_id;actual_route_id;actual_direction;boarding_stop_id;alighting_stop_id;transfer_chain,resident,fixed_worker,home,work,home_hk_collective_000668,work_poi_igeocom:21184282,27640.0,False,pt,generic,distance;end_link;start_link;trav_time;type,False,road_96532_0_f,road_269885_0_f,19837.568,00:34:42,,,,,,,,,,,not_modelled_no_serialized_transfer_chain_or_eligibility,,adult_reference_not_applied,Octopus_reference_not_applied,audit_only_no_fare_estimation
hk_collective_000668,1,pt,pt_fare_chargeability_audit,,,,U,unresolved,generic_pt_leg_missing_actual_mode_line_route_boarding_alighting_transfer_chain,actual_transport_mode;actual_line_id;actual_route_id;actual_direction;boarding_stop_id;alighting_stop_id;transfer_chain,resident,fixed_worker,work,home,work_poi_igeocom:21184282,home_hk_collective_000668,62584.0,False,pt,generic,distance;end_link;start_link;trav_time;type,False,road_269885_0_f,road_96532_0_f,19424.514000000014,00:33:21,,,,,,,,,,,not_modelled_no_serialized_transfer_chain_or_eligibility,,adult_reference_not_applied,Octopus_reference_not_applied,audit_only_no_fare_estimation
hk_collective_000669,0,pt,pt_fare_chargeability_audit,,,,U,unresolved,generic_pt_leg_missing_actual_mode_line_route_boarding_alighting_transfer_chain,actual_transport_mode;actual_line_id;actual_route_id;actual_direction;boarding_stop_id;alighting_stop_id;transfer_chain,resident,work_mobile,home,work_mobile,home_hk_collective_000669,work_mobile_poi_igeocom:21063694,31634.0,False,pt,generic,distance;end_link;start_link;trav_time;type,False,road_95414_0_f,road_96417_0_f,6685.357999999999,00:16:02,,,,,,,,,,,not_modelled_no_serialized_transfer_chain_or_eligibility,,adult_reference_not_applied,Octopus_reference_not_applied,audit_only_no_fare_estimation
hk_collective_000669,1,pt,pt_fare_chargeability_audit,,,,U,unresolved,generic_pt_leg_missing_actual_mode_line_route_boarding_alighting_transfer_chain,actual_transport_mode;actual_line_id;actual_route_id;actual_direction;boarding_stop_id;alighting_stop_id;transfer_chain,resident,work_mobile,work_mobile,home,work_mobile_poi_igeocom:21063694,home_hk_collective_000669,76164.0,False,pt,generic,distance;end_link;start_link;trav_time;type,False,road_96417_0_f,road_95414_0_f,7829.939000000003,00:18:51,,,,,,,,,,,not_modelled_no_serialized_transfer_chain_or_eligibility,,adult_reference_not_applied,Octopus_reference_not_applied,audit_only_no_fare_estimation
hk_collective_000671,0,pt,pt_fare_chargeability_audit,,,,U,unresolved,generic_pt_leg_missing_actual_mode_line_route_boarding_alighting_transfer_chain,actual_transport_mode;actual_line_id;actual_route_id;actual_direction;boarding_stop_id;alighting_stop_id;transfer_chain,resident,work_mobile,home,work_mobile,home_hk_collective_000671,work_mobile_poi_osm:missing:66591,28666.0,False,pt,generic,distance;end_link;start_link;trav_time;type,False,road_96244_0_f,road_99316_0_f,6937.587,00:12:20,,,,,,,,,,,not_modelled_no_serialized_transfer_chain_or_eligibility,,adult_reference_not_applied,Octopus_reference_not_applied,audit_only_no_fare_estimation
hk_collective_000671,1,pt,pt_fare_chargeability_audit,,,,U,unresolved,generic_pt_leg_missing_actual_mode_line_route_boarding_alighting_transfer_chain,actual_transport_mode;actual_line_id;actual_route_id;actual_direction;boarding_stop_id;alighting_stop_id;transfer_chain,resident,work_mobile,work_mobile,home,work_mobile_poi_osm:missing:66591,home_hk_collective_000671,66342.0,False,pt,generic,distance;end_link;start_link;trav_time;type,False,road_99316_0_f,road_96244_0_f,6354.868000000001,00:12:55,,,,,,,,,,,not_modelled_no_serialized_transfer_chain_or_eligibility,,adult_reference_not_applied,Octopus_reference_not_applied,audit_only_no_fare_estimation
hk_collective_000673,0,pt,pt_fare_chargeability_audit,,,,U,unresolved,generic_pt_leg_missing_actual_mode_line_route_boarding_alighting_transfer_chain,actual_transport_mode;actual_line_id;actual_route_id;actual_direction;boarding_stop_id;alighting_stop_id;transfer_chain,resident,work_mobile,home,work_mobile,home_hk_collective_000673,work_mobile_poi_igeocom:558198,31788.0,False,pt,generic,distance;end_link;start_link;trav_time;type,False,road_271846_0_f,road_103420_0_f,29959.223000000013,00:50:33,,,,,,,,,,,not_modelled_no_serialized_transfer_chain_or_eligibility,,adult_reference_not_applied,Octopus_reference_not_applied,audit_only_no_fare_estimation
hk_collective_000673,1,pt,pt_fare_chargeability_audit,,,,U,unresolved,generic_pt_leg_missing_actual_mode_line_route_boarding_alighting_transfer_chain,actual_transport_mode;actual_line_id;actual_route_id;actual_direction;boarding_stop_id;alighting_stop_id;transfer_chain,resident,work_mobile,work_mobile,home,work_mobile_poi_igeocom:558198,home_hk_collective_000673,77867.0,False,pt,generic,distance;end_link;start_link;trav_time;type,False,road_103420_0_f,road_271846_0_f,30231.914000000008,00:50:19,,,,,,,,,,,not_modelled_no_serialized_transfer_chain_or_eligibility,,adult_reference_not_applied,Octopus_reference_not_applied,audit_only_no_fare_estimation
hk_collective_000674,0,pt,pt_fare_chargeability_audit,,,,U,unresolved,generic_pt_leg_missing_actual_mode_line_route_boarding_alighting_transfer_chain,actual_transport_mode;actual_line_id;actual_route_id;actual_direction;boarding_stop_id;alighting_stop_id;transfer_chain,resident,usual_resident_border,home,border,home_hk_collective_000674,border_1,27770.0,False,pt,generic,distance;end_link;start_link;trav_time;type,False,road_95414_0_f,road_260342_0_r,19368.539,00:33:25,,,,,,,,,,,not_modelled_no_serialized_transfer_chain_or_eligibility,,adult_reference_not_applied,Octopus_reference_not_applied,audit_only_no_fare_estimation
hk_collective_000674,1,pt,pt_fare_chargeability_audit,,,,U,unresolved,generic_pt_leg_missing_actual_mode_line_route_boarding_alighting_transfer_chain,actual_transport_mode;actual_line_id;actual_route_id;actual_direction;boarding_stop_id;alighting_stop_id;transfer_chain,resident,usual_resident_border,border,home,border_1,home_hk_collective_000674,69456.0,False,pt,generic,distance;end_link;start_link;trav_time;type,False,road_260342_0_r,road_95414_0_f,19963.651,00:34:59,,,,,,,,,,,not_modelled_no_serialized_transfer_chain_or_eligibility,,adult_reference_not_applied,Octopus_reference_not_applied,audit_only_no_fare_estimation
hk_collective_000675,0,pt,pt_fare_chargeability_audit,,,,U,unresolved,generic_pt_leg_missing_actual_mode_line_route_boarding_alighting_transfer_chain,actual_transport_mode;actual_line_id;actual_route_id;actual_direction;boarding_stop_id;alighting_stop_id;transfer_chain,resident,home_only,home,dining,home_hk_collective_000675,resident_dining_osm_2439978544_6760,46969.0,True,pt,generic,distance;end_link;start_link;trav_time;type,False,road_96244_0_f,road_284076_0_f,38117.97100000002,01:07:54,,,,,,,,,,,not_modelled_no_serialized_transfer_chain_or_eligibility,,adult_reference_not_applied,Octopus_reference_not_applied,audit_only_no_fare_estimation
hk_collective_000675,1,pt,pt_fare_chargeability_audit,,,,U,unresolved,generic_pt_leg_missing_actual_mode_line_route_boarding_alighting_transfer_chain,actual_transport_mode;actual_line_id;actual_route_id;actual_direction;boarding_stop_id;alighting_stop_id;transfer_chain,resident,home_only,dining,social,resident_dining_osm_2439978544_6760,resident_social_igeocom_533081,53569.0,True,pt,generic,distance;end_link;start_link;trav_time;type,False,road_284076_0_f,road_101910_0_f,3748.092,00:08:58,,,,,,,,,,,not_modelled_no_serialized_transfer_chain_or_eligibility,,adult_reference_not_applied,Octopus_reference_not_applied,audit_only_no_fare_estimation
hk_collective_000675,2,pt,pt_fare_chargeability_audit,,,,U,unresolved,generic_pt_leg_missing_actual_mode_line_route_boarding_alighting_transfer_chain,actual_transport_mode;actual_line_id;actual_route_id;actual_direction;boarding_stop_id;alighting_stop_id;transfer_chain,resident,home_only,social,home,resident_social_igeocom_533081,home_hk_collective_000675,63169.0,True,pt,generic,distance;end_link;start_link;trav_time;type,False,road_101910_0_f,road_96244_0_f,40519.45300000002,01:06:39,,,,,,,,,,,not_modelled_no_serialized_transfer_chain_or_eligibility,,adult_reference_not_applied,Octopus_reference_not_applied,audit_only_no_fare_estimation
hk_collective_000677,0,pt,pt_fare_chargeability_audit,,,,U,unresolved,generic_pt_leg_missing_actual_mode_line_route_boarding_alighting_transfer_chain,actual_transport_mode;actual_line_id;actual_route_id;actual_direction;boarding_stop_id;alighting_stop_id;transfer_chain,resident,work_mobile,home,work_mobile,home_hk_collective_000677,work_mobile_poi_igeocom:21158842,27622.0,False,pt,generic,distance;end_link;start_link;trav_time;type,False,road_109045_0_f,road_96131_0_f,5524.920000000001,00:12:45,,,,,,,,,,,not_modelled_no_serialized_transfer_chain_or_eligibility,,adult_reference_not_applied,Octopus_reference_not_applied,audit_only_no_fare_estimation
hk_collective_000677,1,pt,pt_fare_chargeability_audit,,,,U,unresolved,generic_pt_leg_missing_actual_mode_line_route_boarding_alighting_transfer_chain,actual_transport_mode;actual_line_id;actual_route_id;actual_direction;boarding_stop_id;alighting_stop_id;transfer_chain,resident,work_mobile,work_mobile,home,work_mobile_poi_igeocom:21158842,home_hk_collective_000677,53242.0,False,pt,generic,distance;end_link;start_link;trav_time;type,False,road_96131_0_f,road_109045_0_f,5526.765,00:12:06,,,,,,,,,,,not_modelled_no_serialized_transfer_chain_or_eligibility,,adult_reference_not_applied,Octopus_reference_not_applied,audit_only_no_fare_estimation
hk_collective_000678,0,pt,pt_fare_chargeability_audit,,,,U,unresolved,generic_pt_leg_missing_actual_mode_line_route_boarding_alighting_transfer_chain,actual_transport_mode;actual_line_id;actual_route_id;actual_direction;boarding_stop_id;alighting_stop_id;transfer_chain,resident,work_mobile,home,work_mobile,home_hk_collective_000678,work_mobile_poi_igeocom:533992,27120.0,False,pt,generic,distance;end_link;start_link;trav_time;type,False,road_95540_0_r,road_60217_0_f,23351.078000000005,00:42:02,,,,,,,,,,,not_modelled_no_serialized_transfer_chain_or_eligibility,,adult_reference_not_applied,Octopus_reference_not_applied,audit_only_no_fare_estimation
hk_collective_000678,1,pt,pt_fare_chargeability_audit,,,,U,unresolved,generic_pt_leg_missing_actual_mode_line_route_boarding_alighting_transfer_chain,actual_transport_mode;actual_line_id;actual_route_id;actual_direction;boarding_stop_id;alighting_stop_id;transfer_chain,resident,work_mobile,work_mobile,home,work_mobile_poi_igeocom:533992,home_hk_collective_000678,61574.0,False,pt,generic,distance;end_link;start_link;trav_time;type,False,road_60217_0_f,road_95540_0_r,22704.942,00:40:40,,,,,,,,,,,not_modelled_no_serialized_transfer_chain_or_eligibility,,adult_reference_not_applied,Octopus_reference_not_applied,audit_only_no_fare_estimation
hk_collective_000680,0,pt,pt_fare_chargeability_audit,,,,U,unresolved,generic_pt_leg_missing_actual_mode_line_route_boarding_alighting_transfer_chain,actual_transport_mode;actual_line_id;actual_route_id;actual_direction;boarding_stop_id;alighting_stop_id;transfer_chain,resident,fixed_worker,home,work,home_hk_collective_000680,work_poi_osm:12096404043:43687,25500.0,False,pt,generic,distance;end_link;start_link;trav_time;type,False,road_272684_0_f,road_59362_0_f,26252.51800000001,00:41:35,,,,,,,,,,,not_modelled_no_serialized_transfer_chain_or_eligibility,,adult_reference_not_applied,Octopus_reference_not_applied,audit_only_no_fare_estimation
hk_collective_000680,1,pt,pt_fare_chargeability_audit,,,,U,unresolved,generic_pt_leg_missing_actual_mode_line_route_boarding_alighting_transfer_chain,actual_transport_mode;actual_line_id;actual_route_id;actual_direction;boarding_stop_id;alighting_stop_id;transfer_chain,resident,fixed_worker,work,home,work_poi_osm:12096404043:43687,home_hk_collective_000680,60037.0,False,pt,generic,distance;end_link;start_link;trav_time;type,False,road_59362_0_f,road_272684_0_f,25951.266000000007,00:41:09,,,,,,,,,,,not_modelled_no_serialized_transfer_chain_or_eligibility,,adult_reference_not_applied,Octopus_reference_not_applied,audit_only_no_fare_estimation
hk_collective_000681,0,pt,pt_fare_chargeability_audit,,,,U,unresolved,generic_pt_leg_missing_actual_mode_line_route_boarding_alighting_transfer_chain,actual_transport_mode;actual_line_id;actual_route_id;actual_direction;boarding_stop_id;alighting_stop_id;transfer_chain,resident,fixed_worker,home,work,home_hk_collective_000681,work_poi_igeocom:21229180,29425.0,False,pt,generic,distance;end_link;start_link;trav_time;type,False,road_97723_0_f,road_261427_0_f,40717.031,01:07:28,,,,,,,,,,,not_modelled_no_serialized_transfer_chain_or_eligibility,,adult_reference_not_applied,Octopus_reference_not_applied,audit_only_no_fare_estimation
hk_collective_000681,1,pt,pt_fare_chargeability_audit,,,,U,unresolved,generic_pt_leg_missing_actual_mode_line_route_boarding_alighting_transfer_chain,actual_transport_mode;actual_line_id;actual_route_id;actual_direction;boarding_stop_id;alighting_stop_id;transfer_chain,resident,fixed_worker,work,home,work_poi_igeocom:21229180,home_hk_collective_000681,62453.0,False,pt,generic,distance;end_link;start_link;trav_time;type,False,road_261427_0_f,road_97723_0_f,41070.17100000001,01:07:47,,,,,,,,,,,not_modelled_no_serialized_transfer_chain_or_eligibility,,adult_reference_not_applied,Octopus_reference_not_applied,audit_only_no_fare_estimation
hk_collective_000682,0,pt,pt_fare_chargeability_audit,,,,U,unresolved,generic_pt_leg_missing_actual_mode_line_route_boarding_alighting_transfer_chain,actual_transport_mode;actual_line_id;actual_route_id;actual_direction;boarding_stop_id;alighting_stop_id;transfer_chain,resident,work_home,home,leisure,home_hk_collective_000682,resident_leisure_igeocom_533568,34398.0,True,pt,generic,distance;end_link;start_link;trav_time;type,False,road_97723_0_f,road_57560_0_f,24476.49400000001,00:37:17,,,,,,,,,,,not_modelled_no_serialized_transfer_chain_or_eligibility,,adult_reference_not_applied,Octopus_reference_not_applied,audit_only_no_fare_estimation
hk_collective_000682,1,pt,pt_fare_chargeability_audit,,,,U,unresolved,generic_pt_leg_missing_actual_mode_line_route_boarding_alighting_transfer_chain,actual_transport_mode;actual_line_id;actual_route_id;actual_direction;boarding_stop_id;alighting_stop_id;transfer_chain,resident,work_home,leisure,home,resident_leisure_igeocom_533568,home_hk_collective_000682,45798.0,True,pt,generic,distance;end_link;start_link;trav_time;type,False,road_57560_0_f,road_97723_0_f,24786.76300000001,00:38:21,,,,,,,,,,,not_modelled_no_serialized_transfer_chain_or_eligibility,,adult_reference_not_applied,Octopus_reference_not_applied,audit_only_no_fare_estimation
hk_collective_000691,0,pt,pt_fare_chargeability_audit,,,,U,unresolved,generic_pt_leg_missing_actual_mode_line_route_boarding_alighting_transfer_chain,actual_transport_mode;actual_line_id;actual_route_id;actual_direction;boarding_stop_id;alighting_stop_id;transfer_chain,resident,fixed_worker,home,work,home_hk_collective_000691,work_poi_igeocom:21152018,24695.0,False,pt,generic,distance;end_link;start_link;trav_time;type,False,road_95612_0_f,road_165429_0_f,42182.53300000001,01:10:59,,,,,,,,,,,not_modelled_no_serialized_transfer_chain_or_eligibility,,adult_reference_not_applied,Octopus_reference_not_applied,audit_only_no_fare_estimation
hk_collective_000691,1,pt,pt_fare_chargeability_audit,,,,U,unresolved,generic_pt_leg_missing_actual_mode_line_route_boarding_alighting_transfer_chain,actual_transport_mode;actual_line_id;actual_route_id;actual_direction;boarding_stop_id;alighting_stop_id;transfer_chain,resident,fixed_worker,work,home,work_poi_igeocom:21152018,home_hk_collective_000691,61226.0,False,pt,generic,distance;end_link;start_link;trav_time;type,False,road_165429_0_f,road_95612_0_f,42803.20900000004,01:11:51,,,,,,,,,,,not_modelled_no_serialized_transfer_chain_or_eligibility,,adult_reference_not_applied,Octopus_reference_not_applied,audit_only_no_fare_estimation
hk_collective_000692,0,pt,pt_fare_chargeability_audit,,,,U,unresolved,generic_pt_leg_missing_actual_mode_line_route_boarding_alighting_transfer_chain,actual_transport_mode;actual_line_id;actual_route_id;actual_direction;boarding_stop_id;alighting_stop_id;transfer_chain,resident,home_only,home,shopping,home_hk_collective_000692,resident_shopping_igeocom_540796,42294.0,True,pt,generic,distance;end_link;start_link;trav_time;type,False,road_95612_0_f,road_115579_0_f,27600.670000000013,00:47:01,,,,,,,,,,,not_modelled_no_serialized_transfer_chain_or_eligibility,,adult_reference_not_applied,Octopus_reference_not_applied,audit_only_no_fare_estimation
hk_collective_000692,1,pt,pt_fare_chargeability_audit,,,,U,unresolved,generic_pt_leg_missing_actual_mode_line_route_boarding_alighting_transfer_chain,actual_transport_mode;actual_line_id;actual_route_id;actual_direction;boarding_stop_id;alighting_stop_id;transfer_chain,resident,home_only,shopping,home,resident_shopping_igeocom_540796,home_hk_collective_000692,49194.0,True,pt,generic,distance;end_link;start_link;trav_time;type,False,road_115579_0_f,road_95612_0_f,27755.928000000004,00:46:33,,,,,,,,,,,not_modelled_no_serialized_transfer_chain_or_eligibility,,adult_reference_not_applied,Octopus_reference_not_applied,audit_only_no_fare_estimation
hk_collective_000693,0,pt,pt_fare_chargeability_audit,,,,U,unresolved,generic_pt_leg_missing_actual_mode_line_route_boarding_alighting_transfer_chain,actual_transport_mode;actual_line_id;actual_route_id;actual_direction;boarding_stop_id;alighting_stop_id;transfer_chain,resident,fixed_worker,home,work,home_hk_collective_000693,work_poi_igeocom:532864,31515.0,False,pt,generic,distance;end_link;start_link;trav_time;type,False,road_95612_0_f,road_95040_0_f,6125.789000000001,00:13:27,,,,,,,,,,,not_modelled_no_serialized_transfer_chain_or_eligibility,,adult_reference_not_applied,Octopus_reference_not_applied,audit_only_no_fare_estimation
hk_collective_000693,1,pt,pt_fare_chargeability_audit,,,,U,unresolved,generic_pt_leg_missing_actual_mode_line_route_boarding_alighting_transfer_chain,actual_transport_mode;actual_line_id;actual_route_id;actual_direction;boarding_stop_id;alighting_stop_id;transfer_chain,resident,fixed_worker,work,home,work_poi_igeocom:532864,home_hk_collective_000693,63062.0,False,pt,generic,distance;end_link;start_link;trav_time;type,False,road_95040_0_f,road_95612_0_f,6108.847999999998,00:13:13,,,,,,,,,,,not_modelled_no_serialized_transfer_chain_or_eligibility,,adult_reference_not_applied,Octopus_reference_not_applied,audit_only_no_fare_estimation
hk_collective_000695,0,pt,pt_fare_chargeability_audit,,,,U,unresolved,generic_pt_leg_missing_actual_mode_line_route_boarding_alighting_transfer_chain,actual_transport_mode;actual_line_id;actual_route_id;actual_direction;boarding_stop_id;alighting_stop_id;transfer_chain,resident,fixed_worker,home,work,home_hk_collective_000695,work_poi_osm:6324670114:28157,31380.0,False,pt,generic,distance;end_link;start_link;trav_time;type,False,road_95612_0_f,road_164885_0_r,26360.059000000016,00:42:06,,,,,,,,,,,not_modelled_no_serialized_transfer_chain_or_eligibility,,adult_reference_not_applied,Octopus_reference_not_applied,audit_only_no_fare_estimation
hk_collective_000695,1,pt,pt_fare_chargeability_audit,,,,U,unresolved,generic_pt_leg_missing_actual_mode_line_route_boarding_alighting_transfer_chain,actual_transport_mode;actual_line_id;actual_route_id;actual_direction;boarding_stop_id;alighting_stop_id;transfer_chain,resident,fixed_worker,work,home,work_poi_osm:6324670114:28157,home_hk_collective_000695,63158.0,False,pt,generic,distance;end_link;start_link;trav_time;type,False,road_164885_0_r,road_95612_0_f,26965.72600000001,00:43:31,,,,,,,,,,,not_modelled_no_serialized_transfer_chain_or_eligibility,,adult_reference_not_applied,Octopus_reference_not_applied,audit_only_no_fare_estimation
hk_collective_000696,0,pt,pt_fare_chargeability_audit,,,,U,unresolved,generic_pt_leg_missing_actual_mode_line_route_boarding_alighting_transfer_chain,actual_transport_mode;actual_line_id;actual_route_id;actual_direction;boarding_stop_id;alighting_stop_id;transfer_chain,resident,fixed_worker,home,work,home_hk_collective_000696,work_poi_osm:missing:68706,28188.0,False,pt,generic,distance;end_link;start_link;trav_time;type,False,road_95612_0_f,road_273203_0_r,22894.487,00:41:23,,,,,,,,,,,not_modelled_no_serialized_transfer_chain_or_eligibility,,adult_reference_not_applied,Octopus_reference_not_applied,audit_only_no_fare_estimation
hk_collective_000696,1,pt,pt_fare_chargeability_audit,,,,U,unresolved,generic_pt_leg_missing_actual_mode_line_route_boarding_alighting_transfer_chain,actual_transport_mode;actual_line_id;actual_route_id;actual_direction;boarding_stop_id;alighting_stop_id;transfer_chain,resident,fixed_worker,work,home,work_poi_osm:missing:68706,home_hk_collective_000696,61439.0,False,pt,generic,distance;end_link;start_link;trav_time;type,False,road_273203_0_r,road_95612_0_f,22167.488000000005,00:39:45,,,,,,,,,,,not_modelled_no_serialized_transfer_chain_or_eligibility,,adult_reference_not_applied,Octopus_reference_not_applied,audit_only_no_fare_estimation
hk_collective_000697,0,pt,pt_fare_chargeability_audit,,,,U,unresolved,generic_pt_leg_missing_actual_mode_line_route_boarding_alighting_transfer_chain,actual_transport_mode;actual_line_id;actual_route_id;actual_direction;boarding_stop_id;alighting_stop_id;transfer_chain,resident,home_only,home,social,home_hk_collective_000697,resident_social_igeocom_21079504,39069.0,True,pt,generic,distance;end_link;start_link;trav_time;type,False,road_165006_0_f,road_276416_0_f,17881.210000000003,00:29:55,,,,,,,,,,,not_modelled_no_serialized_transfer_chain_or_eligibility,,adult_reference_not_applied,Octopus_reference_not_applied,audit_only_no_fare_estimation
hk_collective_000697,1,pt,pt_fare_chargeability_audit,,,,U,unresolved,generic_pt_leg_missing_actual_mode_line_route_boarding_alighting_transfer_chain,actual_transport_mode;actual_line_id;actual_route_id;actual_direction;boarding_stop_id;alighting_stop_id;transfer_chain,resident,home_only,social,home,resident_social_igeocom_21079504,home_hk_collective_000697,48669.0,True,pt,generic,distance;end_link;start_link;trav_time;type,False,road_276416_0_f,road_165006_0_f,17953.754,00:30:10,,,,,,,,,,,not_modelled_no_serialized_transfer_chain_or_eligibility,,adult_reference_not_applied,Octopus_reference_not_applied,audit_only_no_fare_estimation
hk_collective_000698,0,pt,pt_fare_chargeability_audit,,,,U,unresolved,generic_pt_leg_missing_actual_mode_line_route_boarding_alighting_transfer_chain,actual_transport_mode;actual_line_id;actual_route_id;actual_direction;boarding_stop_id;alighting_stop_id;transfer_chain,resident,usual_resident_border,home,border,home_hk_collective_000698,border_1,30008.0,False,pt,generic,distance;end_link;start_link;trav_time;type,False,road_95612_0_f,road_260342_0_r,21242.698,00:37:55,,,,,,,,,,,not_modelled_no_serialized_transfer_chain_or_eligibility,,adult_reference_not_applied,Octopus_reference_not_applied,audit_only_no_fare_estimation
hk_collective_000698,1,pt,pt_fare_chargeability_audit,,,,U,unresolved,generic_pt_leg_missing_actual_mode_line_route_boarding_alighting_transfer_chain,actual_transport_mode;actual_line_id;actual_route_id;actual_direction;boarding_stop_id;alighting_stop_id;transfer_chain,resident,usual_resident_border,border,home,border_1,home_hk_collective_000698,67777.0,False,pt,generic,distance;end_link;start_link;trav_time;type,False,road_260342_0_r,road_95612_0_f,20553.186,00:36:19,,,,,,,,,,,not_modelled_no_serialized_transfer_chain_or_eligibility,,adult_reference_not_applied,Octopus_reference_not_applied,audit_only_no_fare_estimation
hk_collective_000699,0,pt,pt_fare_chargeability_audit,,,,U,unresolved,generic_pt_leg_missing_actual_mode_line_route_boarding_alighting_transfer_chain,actual_transport_mode;actual_line_id;actual_route_id;actual_direction;boarding_stop_id;alighting_stop_id;transfer_chain,resident,work_mobile,home,work_mobile,home_hk_collective_000699,work_mobile_poi_igeocom:21158823,31719.0,False,pt,generic,distance;end_link;start_link;trav_time;type,False,road_95612_0_f,road_295749_0_f,32464.334999999992,00:55:59,,,,,,,,,,,not_modelled_no_serialized_transfer_chain_or_eligibility,,adult_reference_not_applied,Octopus_reference_not_applied,audit_only_no_fare_estimation
hk_collective_000699,1,pt,pt_fare_chargeability_audit,,,,U,unresolved,generic_pt_leg_missing_actual_mode_line_route_boarding_alighting_transfer_chain,actual_transport_mode;actual_line_id;actual_route_id;actual_direction;boarding_stop_id;alighting_stop_id;transfer_chain,resident,work_mobile,work_mobile,home,work_mobile_poi_igeocom:21158823,home_hk_collective_000699,60171.0,False,pt,generic,distance;end_link;start_link;trav_time;type,False,road_295749_0_f,road_95612_0_f,32114.928000000007,00:54:53,,,,,,,,,,,not_modelled_no_serialized_transfer_chain_or_eligibility,,adult_reference_not_applied,Octopus_reference_not_applied,audit_only_no_fare_estimation
hk_collective_000702,0,pt,pt_fare_chargeability_audit,,,,U,unresolved,generic_pt_leg_missing_actual_mode_line_route_boarding_alighting_transfer_chain,actual_transport_mode;actual_line_id;actual_route_id;actual_direction;boarding_stop_id;alighting_stop_id;transfer_chain,resident,fixed_worker,home,work,home_hk_collective_000702,work_poi_igeocom:533294,30116.0,False,pt,generic,distance;end_link;start_link;trav_time;type,False,road_9258_0_f,road_9569_0_f,13371.813000000002,00:18:58,,,,,,,,,,,not_modelled_no_serialized_transfer_chain_or_eligibility,,adult_reference_not_applied,Octopus_reference_not_applied,audit_only_no_fare_estimation
hk_collective_000702,1,pt,pt_fare_chargeability_audit,,,,U,unresolved,generic_pt_leg_missing_actual_mode_line_route_boarding_alighting_transfer_chain,actual_transport_mode;actual_line_id;actual_route_id;actual_direction;boarding_stop_id;alighting_stop_id;transfer_chain,resident,fixed_worker,work,home,work_poi_igeocom:533294,home_hk_collective_000702,63856.0,False,pt,generic,distance;end_link;start_link;trav_time;type,False,road_9569_0_f,road_9258_0_f,12120.358,00:17:10,,,,,,,,,,,not_modelled_no_serialized_transfer_chain_or_eligibility,,adult_reference_not_applied,Octopus_reference_not_applied,audit_only_no_fare_estimation
hk_collective_000703,0,pt,pt_fare_chargeability_audit,,,,U,unresolved,generic_pt_leg_missing_actual_mode_line_route_boarding_alighting_transfer_chain,actual_transport_mode;actual_line_id;actual_route_id;actual_direction;boarding_stop_id;alighting_stop_id;transfer_chain,resident,fixed_worker,home,work,home_hk_collective_000703,work_poi_igeocom:548861,27684.0,False,pt,generic,distance;end_link;start_link;trav_time;type,False,road_9850_0_f,road_104896_0_f,19999.86000000001,00:33:07,,,,,,,,,,,not_modelled_no_serialized_transfer_chain_or_eligibility,,adult_reference_not_applied,Octopus_reference_not_applied,audit_only_no_fare_estimation
hk_collective_000703,1,pt,pt_fare_chargeability_audit,,,,U,unresolved,generic_pt_leg_missing_actual_mode_line_route_boarding_alighting_transfer_chain,actual_transport_mode;actual_line_id;actual_route_id;actual_direction;boarding_stop_id;alighting_stop_id;transfer_chain,resident,fixed_worker,work,home,work_poi_igeocom:548861,home_hk_collective_000703,60068.0,False,pt,generic,distance;end_link;start_link;trav_time;type,False,road_104896_0_f,road_9850_0_f,22544.32999999999,00:37:46,,,,,,,,,,,not_modelled_no_serialized_transfer_chain_or_eligibility,,adult_reference_not_applied,Octopus_reference_not_applied,audit_only_no_fare_estimation
hk_collective_000705,0,pt,pt_fare_chargeability_audit,,,,U,unresolved,generic_pt_leg_missing_actual_mode_line_route_boarding_alighting_transfer_chain,actual_transport_mode;actual_line_id;actual_route_id;actual_direction;boarding_stop_id;alighting_stop_id;transfer_chain,resident,fixed_worker,home,work,home_hk_collective_000705,work_poi_osm:missing:52369,29724.0,False,pt,generic,distance;end_link;start_link;trav_time;type,False,road_272033_0_f,road_9335_0_f,24588.967000000008,00:39:54,,,,,,,,,,,not_modelled_no_serialized_transfer_chain_or_eligibility,,adult_reference_not_applied,Octopus_reference_not_applied,audit_only_no_fare_estimation
hk_collective_000705,1,pt,pt_fare_chargeability_audit,,,,U,unresolved,generic_pt_leg_missing_actual_mode_line_route_boarding_alighting_transfer_chain,actual_transport_mode;actual_line_id;actual_route_id;actual_direction;boarding_stop_id;alighting_stop_id;transfer_chain,resident,fixed_worker,work,home,work_poi_osm:missing:52369,home_hk_collective_000705,56520.0,False,pt,generic,distance;end_link;start_link;trav_time;type,False,road_9335_0_f,road_272033_0_f,25322.15,00:41:07,,,,,,,,,,,not_modelled_no_serialized_transfer_chain_or_eligibility,,adult_reference_not_applied,Octopus_reference_not_applied,audit_only_no_fare_estimation
hk_collective_000706,0,pt,pt_fare_chargeability_audit,,,,U,unresolved,generic_pt_leg_missing_actual_mode_line_route_boarding_alighting_transfer_chain,actual_transport_mode;actual_line_id;actual_route_id;actual_direction;boarding_stop_id;alighting_stop_id;transfer_chain,resident,home_only,home,leisure,home_hk_collective_000706,resident_leisure_igeocom_539028,43002.0,True,pt,generic,distance;end_link;start_link;trav_time;type,False,road_272791_0_r,road_61539_0_r,28557.691,00:51:01,,,,,,,,,,,not_modelled_no_serialized_transfer_chain_or_eligibility,,adult_reference_not_applied,Octopus_reference_not_applied,audit_only_no_fare_estimation
hk_collective_000706,1,pt,pt_fare_chargeability_audit,,,,U,unresolved,generic_pt_leg_missing_actual_mode_line_route_boarding_alighting_transfer_chain,actual_transport_mode;actual_line_id;actual_route_id;actual_direction;boarding_stop_id;alighting_stop_id;transfer_chain,resident,home_only,leisure,shopping,resident_leisure_igeocom_539028,resident_shopping_igeocom_529267,54402.0,True,pt,generic,distance;end_link;start_link;trav_time;type,False,road_61539_0_r,road_106636_0_f,10428.596999999998,00:21:14,,,,,,,,,,,not_modelled_no_serialized_transfer_chain_or_eligibility,,adult_reference_not_applied,Octopus_reference_not_applied,audit_only_no_fare_estimation
hk_collective_000706,2,pt,pt_fare_chargeability_audit,,,,U,unresolved,generic_pt_leg_missing_actual_mode_line_route_boarding_alighting_transfer_chain,actual_transport_mode;actual_line_id;actual_route_id;actual_direction;boarding_stop_id;alighting_stop_id;transfer_chain,resident,home_only,shopping,home,resident_shopping_igeocom_529267,home_hk_collective_000706,61302.0,True,pt,generic,distance;end_link;start_link;trav_time;type,False,road_106636_0_f,road_272791_0_r,26370.827,00:42:47,,,,,,,,,,,not_modelled_no_serialized_transfer_chain_or_eligibility,,adult_reference_not_applied,Octopus_reference_not_applied,audit_only_no_fare_estimation
hk_collective_000707,0,pt,pt_fare_chargeability_audit,,,,U,unresolved,generic_pt_leg_missing_actual_mode_line_route_boarding_alighting_transfer_chain,actual_transport_mode;actual_line_id;actual_route_id;actual_direction;boarding_stop_id;alighting_stop_id;transfer_chain,resident,work_home,home,personal_business,home_hk_collective_000707,resident_personal_business_igeocom_549526,44896.0,True,pt,generic,distance;end_link;start_link;trav_time;type,False,road_272791_0_r,road_94020_0_f,13930.645999999995,00:26:23,,,,,,,,,,,not_modelled_no_serialized_transfer_chain_or_eligibility,,adult_reference_not_applied,Octopus_reference_not_applied,audit_only_no_fare_estimation
hk_collective_000707,1,pt,pt_fare_chargeability_audit,,,,U,unresolved,generic_pt_leg_missing_actual_mode_line_route_boarding_alighting_transfer_chain,actual_transport_mode;actual_line_id;actual_route_id;actual_direction;boarding_stop_id;alighting_stop_id;transfer_chain,resident,work_home,personal_business,home,resident_personal_business_igeocom_549526,home_hk_collective_000707,51796.0,True,pt,generic,distance;end_link;start_link;trav_time;type,False,road_94020_0_f,road_272791_0_r,13834.906999999996,00:25:01,,,,,,,,,,,not_modelled_no_serialized_transfer_chain_or_eligibility,,adult_reference_not_applied,Octopus_reference_not_applied,audit_only_no_fare_estimation
