person_id,leg_sequence,mode,cost_component,cost_hkd,cost_source,cost_effective_date,cost_quality,origin_facility_id,destination_facility_id,origin_type,destination_type,departure_time_s,population_group,role,is_discretionary,euclidean_distance_m,fare_uncertainty_low_hkd,fare_uncertainty_high_hkd,bus_fare_estimate_hkd,gmb_fare_estimate_hkd,train_fare_estimate_hkd,light_rail_fare_estimate_hkd,ferry_fare_estimate_hkd,nearest_reference_distance_gap_m,transfer_concession_hkd,transfer_concession_status,transfer_concession_source,fare_passenger_type,fare_payment_medium,estimation_method
hk_collective_000000,0,pt,pt_base_fare_adult_octopus_distance_proxy,28.5,TD_GTFS_20260720+MTR_OPEN_DATA_20260720_mode_balanced_distance_bin_median,2026-07-14,low_official_fare_distance_proxy_no_itinerary,home_hk_collective_000000,work_poi_igeocom:531363,home,work,23071.0,resident,fixed_worker,False,43131.481269998796,7.7,50.0,28.5,28.6,27.8,7.7,50.0,31631.5,,not_applied_no_serialized_itinerary_or_eligibility,,adult,Octopus,median_of_mode_specific_official_fare_distance_bin_medians
hk_collective_000000,1,pt,pt_base_fare_adult_octopus_distance_proxy,28.5,TD_GTFS_20260720+MTR_OPEN_DATA_20260720_mode_balanced_distance_bin_median,2026-07-14,low_official_fare_distance_proxy_no_itinerary,work_poi_igeocom:531363,home_hk_collective_000000,work,home,63451.0,resident,fixed_worker,False,43131.481269998796,7.7,50.0,28.5,28.6,27.8,7.7,50.0,31631.5,,not_applied_no_serialized_itinerary_or_eligibility,,adult,Octopus,median_of_mode_specific_official_fare_distance_bin_medians
hk_collective_000002,0,pt,pt_base_fare_adult_octopus_distance_proxy,9.2,TD_GTFS_20260720+MTR_OPEN_DATA_20260720_mode_balanced_distance_bin_median,2026-07-14,low_official_fare_distance_proxy_no_itinerary,home_hk_collective_000002,work_mobile_grid_23,home,work_mobile,27301.0,resident,work_mobile,False,4971.863974229958,5.4,20.0,8.4,9.5,9.2,5.4,16.3,471.9,,not_applied_no_serialized_itinerary_or_eligibility,,adult,Octopus,median_of_mode_specific_official_fare_distance_bin_medians
hk_collective_000002,1,pt,pt_base_fare_adult_octopus_distance_proxy,9.2,TD_GTFS_20260720+MTR_OPEN_DATA_20260720_mode_balanced_distance_bin_median,2026-07-14,low_official_fare_distance_proxy_no_itinerary,work_mobile_grid_23,home_hk_collective_000002,work_mobile,home,57364.0,resident,work_mobile,False,4971.863974229958,5.4,20.0,8.4,9.5,9.2,5.4,16.3,471.9,,not_applied_no_serialized_itinerary_or_eligibility,,adult,Octopus,median_of_mode_specific_official_fare_distance_bin_medians
hk_collective_000004,0,pt,pt_base_fare_adult_octopus_distance_proxy,28.6,TD_GTFS_20260720+MTR_OPEN_DATA_20260720_mode_balanced_distance_bin_median,2026-07-14,low_official_fare_distance_proxy_no_itinerary,home_hk_collective_000004,work_grid_814,home,work,31972.0,resident,fixed_worker,False,31389.181815601893,7.7,54.4,27.9,28.6,54.4,7.7,50.0,19889.2,,not_applied_no_serialized_itinerary_or_eligibility,,adult,Octopus,median_of_mode_specific_official_fare_distance_bin_medians
hk_collective_000004,1,pt,pt_base_fare_adult_octopus_distance_proxy,28.6,TD_GTFS_20260720+MTR_OPEN_DATA_20260720_mode_balanced_distance_bin_median,2026-07-14,low_official_fare_distance_proxy_no_itinerary,work_grid_814,home_hk_collective_000004,work,home,58440.0,resident,fixed_worker,False,31389.181815601893,7.7,54.4,27.9,28.6,54.4,7.7,50.0,19889.2,,not_applied_no_serialized_itinerary_or_eligibility,,adult,Octopus,median_of_mode_specific_official_fare_distance_bin_medians
hk_collective_000005,0,pt,pt_base_fare_adult_octopus_distance_proxy,28.1,TD_GTFS_20260720+MTR_OPEN_DATA_20260720_mode_balanced_distance_bin_median,2026-07-14,low_official_fare_distance_proxy_no_itinerary,home_hk_collective_000005,work_poi_igeocom:21128864,home,work,27460.0,resident,fixed_worker,False,30513.20979231643,7.7,54.0,27.9,28.6,28.1,7.7,50.0,19013.2,,not_applied_no_serialized_itinerary_or_eligibility,,adult,Octopus,median_of_mode_specific_official_fare_distance_bin_medians
hk_collective_000005,1,pt,pt_base_fare_adult_octopus_distance_proxy,28.1,TD_GTFS_20260720+MTR_OPEN_DATA_20260720_mode_balanced_distance_bin_median,2026-07-14,low_official_fare_distance_proxy_no_itinerary,work_poi_igeocom:21128864,home_hk_collective_000005,work,home,54777.0,resident,fixed_worker,False,30513.20979231643,7.7,54.0,27.9,28.6,28.1,7.7,50.0,19013.2,,not_applied_no_serialized_itinerary_or_eligibility,,adult,Octopus,median_of_mode_specific_official_fare_distance_bin_medians
hk_collective_000008,0,pt,pt_base_fare_adult_octopus_distance_proxy,28.5,TD_GTFS_20260720+MTR_OPEN_DATA_20260720_mode_balanced_distance_bin_median,2026-07-14,low_official_fare_distance_proxy_no_itinerary,home_hk_collective_000008,work_grid_1146,home,work,26893.0,resident,fixed_worker,False,38268.88227228761,7.7,50.0,28.5,28.6,27.8,7.7,50.0,26768.9,,not_applied_no_serialized_itinerary_or_eligibility,,adult,Octopus,median_of_mode_specific_official_fare_distance_bin_medians
hk_collective_000008,1,pt,pt_base_fare_adult_octopus_distance_proxy,28.5,TD_GTFS_20260720+MTR_OPEN_DATA_20260720_mode_balanced_distance_bin_median,2026-07-14,low_official_fare_distance_proxy_no_itinerary,work_grid_1146,home_hk_collective_000008,work,home,61848.0,resident,fixed_worker,False,38268.88227228761,7.7,50.0,28.5,28.6,27.8,7.7,50.0,26768.9,,not_applied_no_serialized_itinerary_or_eligibility,,adult,Octopus,median_of_mode_specific_official_fare_distance_bin_medians
hk_collective_000011,0,pt,pt_base_fare_adult_octopus_distance_proxy,28.5,TD_GTFS_20260720+MTR_OPEN_DATA_20260720_mode_balanced_distance_bin_median,2026-07-14,low_official_fare_distance_proxy_no_itinerary,home_hk_collective_000011,work_poi_osm:missing:52110,home,work,27810.0,resident,fixed_worker,False,40602.699787732716,7.7,50.0,28.5,28.6,27.8,7.7,50.0,29102.7,,not_applied_no_serialized_itinerary_or_eligibility,,adult,Octopus,median_of_mode_specific_official_fare_distance_bin_medians
hk_collective_000011,1,pt,pt_base_fare_adult_octopus_distance_proxy,28.5,TD_GTFS_20260720+MTR_OPEN_DATA_20260720_mode_balanced_distance_bin_median,2026-07-14,low_official_fare_distance_proxy_no_itinerary,work_poi_osm:missing:52110,home_hk_collective_000011,work,home,51588.0,resident,fixed_worker,False,40602.699787732716,7.7,50.0,28.5,28.6,27.8,7.7,50.0,29102.7,,not_applied_no_serialized_itinerary_or_eligibility,,adult,Octopus,median_of_mode_specific_official_fare_distance_bin_medians
hk_collective_000012,0,pt,pt_base_fare_adult_octopus_distance_proxy,28.6,TD_GTFS_20260720+MTR_OPEN_DATA_20260720_mode_balanced_distance_bin_median,2026-07-14,low_official_fare_distance_proxy_no_itinerary,home_hk_collective_000012,work_poi_igeocom:21172204,home,work,27991.0,resident,fixed_worker,False,29182.492502210993,7.7,54.4,27.6,28.6,30.2,7.7,50.0,17682.5,,not_applied_no_serialized_itinerary_or_eligibility,,adult,Octopus,median_of_mode_specific_official_fare_distance_bin_medians
hk_collective_000012,1,pt,pt_base_fare_adult_octopus_distance_proxy,28.6,TD_GTFS_20260720+MTR_OPEN_DATA_20260720_mode_balanced_distance_bin_median,2026-07-14,low_official_fare_distance_proxy_no_itinerary,work_poi_igeocom:21172204,home_hk_collective_000012,work,home,65948.0,resident,fixed_worker,False,29182.492502210993,7.7,54.4,27.6,28.6,30.2,7.7,50.0,17682.5,,not_applied_no_serialized_itinerary_or_eligibility,,adult,Octopus,median_of_mode_specific_official_fare_distance_bin_medians
hk_collective_000013,0,pt,pt_base_fare_adult_octopus_distance_proxy,24.8,TD_GTFS_20260720+MTR_OPEN_DATA_20260720_mode_balanced_distance_bin_median,2026-07-14,low_official_fare_distance_proxy_no_itinerary,home_hk_collective_000013,work_poi_osm:12560825759:45055,home,work,26708.0,resident,fixed_worker,False,33959.007083163175,7.7,50.0,24.8,28.6,24.3,7.7,50.0,22459.0,,not_applied_no_serialized_itinerary_or_eligibility,,adult,Octopus,median_of_mode_specific_official_fare_distance_bin_medians
hk_collective_000013,1,pt,pt_base_fare_adult_octopus_distance_proxy,24.8,TD_GTFS_20260720+MTR_OPEN_DATA_20260720_mode_balanced_distance_bin_median,2026-07-14,low_official_fare_distance_proxy_no_itinerary,work_poi_osm:12560825759:45055,home_hk_collective_000013,work,home,61650.0,resident,fixed_worker,False,33959.007083163175,7.7,50.0,24.8,28.6,24.3,7.7,50.0,22459.0,,not_applied_no_serialized_itinerary_or_eligibility,,adult,Octopus,median_of_mode_specific_official_fare_distance_bin_medians
hk_collective_000014,0,pt,pt_base_fare_adult_octopus_distance_proxy,28.6,TD_GTFS_20260720+MTR_OPEN_DATA_20260720_mode_balanced_distance_bin_median,2026-07-14,low_official_fare_distance_proxy_no_itinerary,home_hk_collective_000014,work_poi_igeocom:21133551,home,work,32145.0,resident,fixed_worker,False,31255.986230355906,7.7,54.4,27.9,28.6,54.4,7.7,50.0,19756.0,,not_applied_no_serialized_itinerary_or_eligibility,,adult,Octopus,median_of_mode_specific_official_fare_distance_bin_medians
hk_collective_000014,1,pt,pt_base_fare_adult_octopus_distance_proxy,28.6,TD_GTFS_20260720+MTR_OPEN_DATA_20260720_mode_balanced_distance_bin_median,2026-07-14,low_official_fare_distance_proxy_no_itinerary,work_poi_igeocom:21133551,home_hk_collective_000014,work,home,65629.0,resident,fixed_worker,False,31255.986230355906,7.7,54.4,27.9,28.6,54.4,7.7,50.0,19756.0,,not_applied_no_serialized_itinerary_or_eligibility,,adult,Octopus,median_of_mode_specific_official_fare_distance_bin_medians
hk_collective_000015,0,pt,pt_base_fare_adult_octopus_distance_proxy,28.6,TD_GTFS_20260720+MTR_OPEN_DATA_20260720_mode_balanced_distance_bin_median,2026-07-14,low_official_fare_distance_proxy_no_itinerary,home_hk_collective_000015,work_poi_igeocom:545329,home,work,31557.0,resident,fixed_worker,False,31813.77815155573,7.7,54.4,27.9,28.6,54.4,7.7,50.0,20313.8,,not_applied_no_serialized_itinerary_or_eligibility,,adult,Octopus,median_of_mode_specific_official_fare_distance_bin_medians
hk_collective_000015,1,pt,pt_base_fare_adult_octopus_distance_proxy,28.6,TD_GTFS_20260720+MTR_OPEN_DATA_20260720_mode_balanced_distance_bin_median,2026-07-14,low_official_fare_distance_proxy_no_itinerary,work_poi_igeocom:545329,home_hk_collective_000015,work,home,67573.0,resident,fixed_worker,False,31813.77815155573,7.7,54.4,27.9,28.6,54.4,7.7,50.0,20313.8,,not_applied_no_serialized_itinerary_or_eligibility,,adult,Octopus,median_of_mode_specific_official_fare_distance_bin_medians
hk_collective_000017,0,pt,pt_base_fare_adult_octopus_distance_proxy,28.5,TD_GTFS_20260720+MTR_OPEN_DATA_20260720_mode_balanced_distance_bin_median,2026-07-14,low_official_fare_distance_proxy_no_itinerary,home_hk_collective_000017,work_poi_osm:missing:70359,home,work,31851.0,resident,fixed_worker,False,37330.49111039653,7.7,50.0,28.5,28.6,27.8,7.7,50.0,25830.5,,not_applied_no_serialized_itinerary_or_eligibility,,adult,Octopus,median_of_mode_specific_official_fare_distance_bin_medians
hk_collective_000017,1,pt,pt_base_fare_adult_octopus_distance_proxy,28.5,TD_GTFS_20260720+MTR_OPEN_DATA_20260720_mode_balanced_distance_bin_median,2026-07-14,low_official_fare_distance_proxy_no_itinerary,work_poi_osm:missing:70359,home_hk_collective_000017,work,home,59035.0,resident,fixed_worker,False,37330.49111039653,7.7,50.0,28.5,28.6,27.8,7.7,50.0,25830.5,,not_applied_no_serialized_itinerary_or_eligibility,,adult,Octopus,median_of_mode_specific_official_fare_distance_bin_medians
hk_collective_000018,0,pt,pt_base_fare_adult_octopus_distance_proxy,28.5,TD_GTFS_20260720+MTR_OPEN_DATA_20260720_mode_balanced_distance_bin_median,2026-07-14,low_official_fare_distance_proxy_no_itinerary,home_hk_collective_000018,border_2,home,border,21757.0,resident,usual_resident_border,False,35312.2827808523,7.7,50.0,28.5,28.6,27.8,7.7,50.0,23812.3,,not_applied_no_serialized_itinerary_or_eligibility,,adult,Octopus,median_of_mode_specific_official_fare_distance_bin_medians
hk_collective_000018,1,pt,pt_base_fare_adult_octopus_distance_proxy,28.5,TD_GTFS_20260720+MTR_OPEN_DATA_20260720_mode_balanced_distance_bin_median,2026-07-14,low_official_fare_distance_proxy_no_itinerary,border_2,home_hk_collective_000018,border,home,71381.0,resident,usual_resident_border,False,35312.2827808523,7.7,50.0,28.5,28.6,27.8,7.7,50.0,23812.3,,not_applied_no_serialized_itinerary_or_eligibility,,adult,Octopus,median_of_mode_specific_official_fare_distance_bin_medians
hk_collective_000020,0,pt,pt_base_fare_adult_octopus_distance_proxy,11.7,TD_GTFS_20260720+MTR_OPEN_DATA_20260720_mode_balanced_distance_bin_median,2026-07-14,low_official_fare_distance_proxy_no_itinerary,home_hk_collective_000020,work_mobile_poi_igeocom:553055,home,work_mobile,31291.0,resident,work_mobile,False,7320.277527121167,6.1,51.0,11.7,12.4,11.0,6.1,30.0,179.7,,not_applied_no_serialized_itinerary_or_eligibility,,adult,Octopus,median_of_mode_specific_official_fare_distance_bin_medians
hk_collective_000020,1,pt,pt_base_fare_adult_octopus_distance_proxy,11.7,TD_GTFS_20260720+MTR_OPEN_DATA_20260720_mode_balanced_distance_bin_median,2026-07-14,low_official_fare_distance_proxy_no_itinerary,work_mobile_poi_igeocom:553055,home_hk_collective_000020,work_mobile,home,62113.0,resident,work_mobile,False,7320.277527121167,6.1,51.0,11.7,12.4,11.0,6.1,30.0,179.7,,not_applied_no_serialized_itinerary_or_eligibility,,adult,Octopus,median_of_mode_specific_official_fare_distance_bin_medians
hk_collective_000022,0,pt,pt_base_fare_adult_octopus_distance_proxy,28.5,TD_GTFS_20260720+MTR_OPEN_DATA_20260720_mode_balanced_distance_bin_median,2026-07-14,low_official_fare_distance_proxy_no_itinerary,home_hk_collective_000022,work_grid_1146,home,work,28129.0,resident,fixed_worker,False,35604.73973624474,7.7,50.0,28.5,28.6,27.8,7.7,50.0,24104.7,,not_applied_no_serialized_itinerary_or_eligibility,,adult,Octopus,median_of_mode_specific_official_fare_distance_bin_medians
hk_collective_000022,1,pt,pt_base_fare_adult_octopus_distance_proxy,28.5,TD_GTFS_20260720+MTR_OPEN_DATA_20260720_mode_balanced_distance_bin_median,2026-07-14,low_official_fare_distance_proxy_no_itinerary,work_grid_1146,home_hk_collective_000022,work,home,59207.0,resident,fixed_worker,False,35604.73973624474,7.7,50.0,28.5,28.6,27.8,7.7,50.0,24104.7,,not_applied_no_serialized_itinerary_or_eligibility,,adult,Octopus,median_of_mode_specific_official_fare_distance_bin_medians
hk_collective_000024,0,pt,pt_base_fare_adult_octopus_distance_proxy,24.8,TD_GTFS_20260720+MTR_OPEN_DATA_20260720_mode_balanced_distance_bin_median,2026-07-14,low_official_fare_distance_proxy_no_itinerary,home_hk_collective_000024,work_poi_igeocom:21074465,home,work,30511.0,resident,fixed_worker,False,33733.63594025965,7.7,50.0,24.8,28.6,24.3,7.7,50.0,22233.6,,not_applied_no_serialized_itinerary_or_eligibility,,adult,Octopus,median_of_mode_specific_official_fare_distance_bin_medians
hk_collective_000024,1,pt,pt_base_fare_adult_octopus_distance_proxy,24.8,TD_GTFS_20260720+MTR_OPEN_DATA_20260720_mode_balanced_distance_bin_median,2026-07-14,low_official_fare_distance_proxy_no_itinerary,work_poi_igeocom:21074465,home_hk_collective_000024,work,home,64691.0,resident,fixed_worker,False,33733.63594025965,7.7,50.0,24.8,28.6,24.3,7.7,50.0,22233.6,,not_applied_no_serialized_itinerary_or_eligibility,,adult,Octopus,median_of_mode_specific_official_fare_distance_bin_medians
hk_collective_000026,0,pt,pt_base_fare_adult_octopus_distance_proxy,15.8,TD_GTFS_20260720+MTR_OPEN_DATA_20260720_mode_balanced_distance_bin_median,2026-07-14,low_official_fare_distance_proxy_no_itinerary,home_hk_collective_000026,education_tertiary_poi_igeocom:21105525,home,education_tertiary,31732.0,resident,tertiary_student,False,12570.750645581533,7.7,31.9,12.7,15.9,15.8,7.7,31.9,1070.8,,not_applied_no_serialized_itinerary_or_eligibility,,adult,Octopus,median_of_mode_specific_official_fare_distance_bin_medians
hk_collective_000026,1,pt,pt_base_fare_adult_octopus_distance_proxy,15.8,TD_GTFS_20260720+MTR_OPEN_DATA_20260720_mode_balanced_distance_bin_median,2026-07-14,low_official_fare_distance_proxy_no_itinerary,education_tertiary_poi_igeocom:21105525,home_hk_collective_000026,education_tertiary,home,55259.0,resident,tertiary_student,False,12570.750645581533,7.7,31.9,12.7,15.9,15.8,7.7,31.9,1070.8,,not_applied_no_serialized_itinerary_or_eligibility,,adult,Octopus,median_of_mode_specific_official_fare_distance_bin_medians
hk_collective_000026,2,pt,pt_base_fare_adult_octopus_distance_proxy,11.7,TD_GTFS_20260720+MTR_OPEN_DATA_20260720_mode_balanced_distance_bin_median,2026-07-14,low_official_fare_distance_proxy_no_itinerary,home_hk_collective_000026,resident_dining_osm_6925197167_30290,home,dining,55883.0,resident,tertiary_student,True,7450.470520109983,6.1,51.0,11.7,12.4,11.0,6.1,30.0,49.5,,not_applied_no_serialized_itinerary_or_eligibility,,adult,Octopus,median_of_mode_specific_official_fare_distance_bin_medians
hk_collective_000026,3,pt,pt_base_fare_adult_octopus_distance_proxy,11.7,TD_GTFS_20260720+MTR_OPEN_DATA_20260720_mode_balanced_distance_bin_median,2026-07-14,low_official_fare_distance_proxy_no_itinerary,resident_dining_osm_6925197167_30290,home_hk_collective_000026,dining,home,62483.0,resident,tertiary_student,True,7450.470520109983,6.1,51.0,11.7,12.4,11.0,6.1,30.0,49.5,,not_applied_no_serialized_itinerary_or_eligibility,,adult,Octopus,median_of_mode_specific_official_fare_distance_bin_medians
hk_collective_000028,0,pt,pt_base_fare_adult_octopus_distance_proxy,13.8,TD_GTFS_20260720+MTR_OPEN_DATA_20260720_mode_balanced_distance_bin_median,2026-07-14,low_official_fare_distance_proxy_no_itinerary,home_hk_collective_000028,resident_leisure_igeocom_528559,home,leisure,39572.0,resident,home_only,True,9430.073438293965,7.4,28.1,12.5,13.8,13.8,7.4,20.0,69.9,,not_applied_no_serialized_itinerary_or_eligibility,,adult,Octopus,median_of_mode_specific_official_fare_distance_bin_medians
hk_collective_000028,1,pt,pt_base_fare_adult_octopus_distance_proxy,9.2,TD_GTFS_20260720+MTR_OPEN_DATA_20260720_mode_balanced_distance_bin_median,2026-07-14,low_official_fare_distance_proxy_no_itinerary,resident_leisure_igeocom_528559,resident_dining_osm_12404728797_44426,leisure,dining,50972.0,resident,home_only,True,4733.37781852384,5.4,20.0,8.4,9.5,9.2,5.4,16.3,233.4,,not_applied_no_serialized_itinerary_or_eligibility,,adult,Octopus,median_of_mode_specific_official_fare_distance_bin_medians
hk_collective_000028,2,pt,pt_base_fare_adult_octopus_distance_proxy,9.2,TD_GTFS_20260720+MTR_OPEN_DATA_20260720_mode_balanced_distance_bin_median,2026-07-14,low_official_fare_distance_proxy_no_itinerary,resident_dining_osm_12404728797_44426,home_hk_collective_000028,dining,home,57572.0,resident,home_only,True,4710.556534615569,5.4,20.0,8.4,9.5,9.2,5.4,16.3,210.6,,not_applied_no_serialized_itinerary_or_eligibility,,adult,Octopus,median_of_mode_specific_official_fare_distance_bin_medians
hk_collective_000030,0,pt,pt_base_fare_adult_octopus_distance_proxy,28.6,TD_GTFS_20260720+MTR_OPEN_DATA_20260720_mode_balanced_distance_bin_median,2026-07-14,low_official_fare_distance_proxy_no_itinerary,home_hk_collective_000030,work_poi_igeocom:539399,home,work,31457.0,resident,fixed_worker,False,31392.748872155706,7.7,54.4,27.9,28.6,54.4,7.7,50.0,19892.7,,not_applied_no_serialized_itinerary_or_eligibility,,adult,Octopus,median_of_mode_specific_official_fare_distance_bin_medians
hk_collective_000030,1,pt,pt_base_fare_adult_octopus_distance_proxy,28.6,TD_GTFS_20260720+MTR_OPEN_DATA_20260720_mode_balanced_distance_bin_median,2026-07-14,low_official_fare_distance_proxy_no_itinerary,work_poi_igeocom:539399,home_hk_collective_000030,work,home,62327.0,resident,fixed_worker,False,31392.748872155706,7.7,54.4,27.9,28.6,54.4,7.7,50.0,19892.7,,not_applied_no_serialized_itinerary_or_eligibility,,adult,Octopus,median_of_mode_specific_official_fare_distance_bin_medians
hk_collective_000032,0,pt,pt_base_fare_adult_octopus_distance_proxy,23.8,TD_GTFS_20260720+MTR_OPEN_DATA_20260720_mode_balanced_distance_bin_median,2026-07-14,low_official_fare_distance_proxy_no_itinerary,home_hk_collective_000032,work_poi_igeocom:21079254,home,work,29014.0,resident,fixed_worker,False,23452.022434006674,7.7,50.0,23.8,28.5,22.5,7.7,50.0,11952.0,,not_applied_no_serialized_itinerary_or_eligibility,,adult,Octopus,median_of_mode_specific_official_fare_distance_bin_medians
hk_collective_000032,1,pt,pt_base_fare_adult_octopus_distance_proxy,23.8,TD_GTFS_20260720+MTR_OPEN_DATA_20260720_mode_balanced_distance_bin_median,2026-07-14,low_official_fare_distance_proxy_no_itinerary,work_poi_igeocom:21079254,home_hk_collective_000032,work,home,69877.0,resident,fixed_worker,False,23452.022434006674,7.7,50.0,23.8,28.5,22.5,7.7,50.0,11952.0,,not_applied_no_serialized_itinerary_or_eligibility,,adult,Octopus,median_of_mode_specific_official_fare_distance_bin_medians
hk_collective_000036,0,pt,pt_base_fare_adult_octopus_distance_proxy,24.5,TD_GTFS_20260720+MTR_OPEN_DATA_20260720_mode_balanced_distance_bin_median,2026-07-14,low_official_fare_distance_proxy_no_itinerary,home_hk_collective_000036,resident_shopping_osm_6320858129_28098,home,shopping,37913.0,resident,home_only,True,24819.038595760332,7.7,50.0,23.8,28.6,24.5,7.7,50.0,13319.0,,not_applied_no_serialized_itinerary_or_eligibility,,adult,Octopus,median_of_mode_specific_official_fare_distance_bin_medians
hk_collective_000036,1,pt,pt_base_fare_adult_octopus_distance_proxy,24.5,TD_GTFS_20260720+MTR_OPEN_DATA_20260720_mode_balanced_distance_bin_median,2026-07-14,low_official_fare_distance_proxy_no_itinerary,resident_shopping_osm_6320858129_28098,home_hk_collective_000036,shopping,home,44813.0,resident,home_only,True,24819.038595760332,7.7,50.0,23.8,28.6,24.5,7.7,50.0,13319.0,,not_applied_no_serialized_itinerary_or_eligibility,,adult,Octopus,median_of_mode_specific_official_fare_distance_bin_medians
hk_collective_000037,0,pt,pt_base_fare_adult_octopus_distance_proxy,28.6,TD_GTFS_20260720+MTR_OPEN_DATA_20260720_mode_balanced_distance_bin_median,2026-07-14,low_official_fare_distance_proxy_no_itinerary,home_hk_collective_000037,work_mobile_poi_igeocom:21133106,home,work_mobile,28910.0,resident,work_mobile,False,27402.51743372498,7.7,52.2,24.8,28.6,30.2,7.7,50.0,15902.5,,not_applied_no_serialized_itinerary_or_eligibility,,adult,Octopus,median_of_mode_specific_official_fare_distance_bin_medians
hk_collective_000037,1,pt,pt_base_fare_adult_octopus_distance_proxy,28.6,TD_GTFS_20260720+MTR_OPEN_DATA_20260720_mode_balanced_distance_bin_median,2026-07-14,low_official_fare_distance_proxy_no_itinerary,work_mobile_poi_igeocom:21133106,home_hk_collective_000037,work_mobile,home,60655.0,resident,work_mobile,False,27402.51743372498,7.7,52.2,24.8,28.6,30.2,7.7,50.0,15902.5,,not_applied_no_serialized_itinerary_or_eligibility,,adult,Octopus,median_of_mode_specific_official_fare_distance_bin_medians
hk_collective_000038,0,pt,pt_base_fare_adult_octopus_distance_proxy,7.0,TD_GTFS_20260720+MTR_OPEN_DATA_20260720_mode_balanced_distance_bin_median,2026-07-14,low_official_fare_distance_proxy_no_itinerary,home_hk_collective_000038,work_mobile_poi_osm:missing:64175,home,work_mobile,28465.0,resident,work_mobile,False,1439.7030283708104,4.9,30.0,7.3,7.0,4.9,5.3,10.0,60.3,,not_applied_no_serialized_itinerary_or_eligibility,,adult,Octopus,median_of_mode_specific_official_fare_distance_bin_medians
hk_collective_000038,1,pt,pt_base_fare_adult_octopus_distance_proxy,7.0,TD_GTFS_20260720+MTR_OPEN_DATA_20260720_mode_balanced_distance_bin_median,2026-07-14,low_official_fare_distance_proxy_no_itinerary,work_mobile_poi_osm:missing:64175,home_hk_collective_000038,work_mobile,home,67705.0,resident,work_mobile,False,1439.7030283708104,4.9,30.0,7.3,7.0,4.9,5.3,10.0,60.3,,not_applied_no_serialized_itinerary_or_eligibility,,adult,Octopus,median_of_mode_specific_official_fare_distance_bin_medians
hk_collective_000040,0,pt,pt_base_fare_adult_octopus_distance_proxy,7.0,TD_GTFS_20260720+MTR_OPEN_DATA_20260720_mode_balanced_distance_bin_median,2026-07-14,low_official_fare_distance_proxy_no_itinerary,home_hk_collective_000040,work_mobile_poi_igeocom:539374,home,work_mobile,29386.0,resident,work_mobile,False,1708.451098528927,4.9,30.0,7.3,7.0,4.9,5.3,10.0,208.5,,not_applied_no_serialized_itinerary_or_eligibility,,adult,Octopus,median_of_mode_specific_official_fare_distance_bin_medians
hk_collective_000040,1,pt,pt_base_fare_adult_octopus_distance_proxy,7.0,TD_GTFS_20260720+MTR_OPEN_DATA_20260720_mode_balanced_distance_bin_median,2026-07-14,low_official_fare_distance_proxy_no_itinerary,work_mobile_poi_igeocom:539374,home_hk_collective_000040,work_mobile,home,66567.0,resident,work_mobile,False,1708.451098528927,4.9,30.0,7.3,7.0,4.9,5.3,10.0,208.5,,not_applied_no_serialized_itinerary_or_eligibility,,adult,Octopus,median_of_mode_specific_official_fare_distance_bin_medians
hk_collective_000041,0,pt,pt_base_fare_adult_octopus_distance_proxy,28.5,TD_GTFS_20260720+MTR_OPEN_DATA_20260720_mode_balanced_distance_bin_median,2026-07-14,low_official_fare_distance_proxy_no_itinerary,home_hk_collective_000041,work_grid_1499,home,work,23856.0,resident,fixed_worker,False,45037.64406319452,7.7,50.0,28.5,28.6,27.8,7.7,50.0,33537.6,,not_applied_no_serialized_itinerary_or_eligibility,,adult,Octopus,median_of_mode_specific_official_fare_distance_bin_medians
hk_collective_000041,1,pt,pt_base_fare_adult_octopus_distance_proxy,28.5,TD_GTFS_20260720+MTR_OPEN_DATA_20260720_mode_balanced_distance_bin_median,2026-07-14,low_official_fare_distance_proxy_no_itinerary,work_grid_1499,home_hk_collective_000041,work,home,55613.0,resident,fixed_worker,False,45037.64406319452,7.7,50.0,28.5,28.6,27.8,7.7,50.0,33537.6,,not_applied_no_serialized_itinerary_or_eligibility,,adult,Octopus,median_of_mode_specific_official_fare_distance_bin_medians
hk_collective_000045,0,pt,pt_base_fare_adult_octopus_distance_proxy,28.5,TD_GTFS_20260720+MTR_OPEN_DATA_20260720_mode_balanced_distance_bin_median,2026-07-14,low_official_fare_distance_proxy_no_itinerary,home_hk_collective_000045,work_poi_osm:missing:70717,home,work,26772.0,resident,fixed_worker,False,43069.32680652842,7.7,50.0,28.5,28.6,27.8,7.7,50.0,31569.3,,not_applied_no_serialized_itinerary_or_eligibility,,adult,Octopus,median_of_mode_specific_official_fare_distance_bin_medians
hk_collective_000045,1,pt,pt_base_fare_adult_octopus_distance_proxy,28.5,TD_GTFS_20260720+MTR_OPEN_DATA_20260720_mode_balanced_distance_bin_median,2026-07-14,low_official_fare_distance_proxy_no_itinerary,work_poi_osm:missing:70717,home_hk_collective_000045,work,home,61842.0,resident,fixed_worker,False,43069.32680652842,7.7,50.0,28.5,28.6,27.8,7.7,50.0,31569.3,,not_applied_no_serialized_itinerary_or_eligibility,,adult,Octopus,median_of_mode_specific_official_fare_distance_bin_medians
hk_collective_000046,0,pt,pt_base_fare_adult_octopus_distance_proxy,7.8,TD_GTFS_20260720+MTR_OPEN_DATA_20260720_mode_balanced_distance_bin_median,2026-07-14,low_official_fare_distance_proxy_no_itinerary,home_hk_collective_000046,border_0,home,border,19815.0,resident,usual_resident_border,False,3988.826711434317,5.3,52.0,7.8,8.8,7.4,5.4,20.0,488.8,,not_applied_no_serialized_itinerary_or_eligibility,,adult,Octopus,median_of_mode_specific_official_fare_distance_bin_medians
hk_collective_000046,1,pt,pt_base_fare_adult_octopus_distance_proxy,7.8,TD_GTFS_20260720+MTR_OPEN_DATA_20260720_mode_balanced_distance_bin_median,2026-07-14,low_official_fare_distance_proxy_no_itinerary,border_0,home_hk_collective_000046,border,home,66199.0,resident,usual_resident_border,False,3988.826711434317,5.3,52.0,7.8,8.8,7.4,5.4,20.0,488.8,,not_applied_no_serialized_itinerary_or_eligibility,,adult,Octopus,median_of_mode_specific_official_fare_distance_bin_medians
hk_collective_000048,0,pt,pt_base_fare_adult_octopus_distance_proxy,21.6,TD_GTFS_20260720+MTR_OPEN_DATA_20260720_mode_balanced_distance_bin_median,2026-07-14,low_official_fare_distance_proxy_no_itinerary,home_hk_collective_000048,work_mobile_poi_igeocom:558364,home,work_mobile,33577.0,resident,work_mobile,False,21172.237685185428,7.7,36.7,19.6,25.0,22.5,7.7,21.6,9672.2,,not_applied_no_serialized_itinerary_or_eligibility,,adult,Octopus,median_of_mode_specific_official_fare_distance_bin_medians
hk_collective_000048,1,pt,pt_base_fare_adult_octopus_distance_proxy,21.6,TD_GTFS_20260720+MTR_OPEN_DATA_20260720_mode_balanced_distance_bin_median,2026-07-14,low_official_fare_distance_proxy_no_itinerary,work_mobile_poi_igeocom:558364,home_hk_collective_000048,work_mobile,home,64888.0,resident,work_mobile,False,21172.237685185428,7.7,36.7,19.6,25.0,22.5,7.7,21.6,9672.2,,not_applied_no_serialized_itinerary_or_eligibility,,adult,Octopus,median_of_mode_specific_official_fare_distance_bin_medians
hk_collective_000049,0,pt,pt_base_fare_adult_octopus_distance_proxy,28.6,TD_GTFS_20260720+MTR_OPEN_DATA_20260720_mode_balanced_distance_bin_median,2026-07-14,low_official_fare_distance_proxy_no_itinerary,home_hk_collective_000049,education_tertiary_poi_igeocom:550218,home,education_tertiary,33786.0,resident,tertiary_student,False,28337.724860753795,7.7,54.4,27.3,28.6,30.2,7.7,50.0,16837.7,,not_applied_no_serialized_itinerary_or_eligibility,,adult,Octopus,median_of_mode_specific_official_fare_distance_bin_medians
hk_collective_000049,1,pt,pt_base_fare_adult_octopus_distance_proxy,28.6,TD_GTFS_20260720+MTR_OPEN_DATA_20260720_mode_balanced_distance_bin_median,2026-07-14,low_official_fare_distance_proxy_no_itinerary,education_tertiary_poi_igeocom:550218,home_hk_collective_000049,education_tertiary,home,64233.0,resident,tertiary_student,False,28337.724860753795,7.7,54.4,27.3,28.6,30.2,7.7,50.0,16837.7,,not_applied_no_serialized_itinerary_or_eligibility,,adult,Octopus,median_of_mode_specific_official_fare_distance_bin_medians
hk_collective_000049,2,pt,pt_base_fare_adult_octopus_distance_proxy,7.0,TD_GTFS_20260720+MTR_OPEN_DATA_20260720_mode_balanced_distance_bin_median,2026-07-14,low_official_fare_distance_proxy_no_itinerary,home_hk_collective_000049,resident_leisure_igeocom_557051,home,leisure,65344.0,resident,tertiary_student,True,1791.631259005497,4.9,30.0,7.3,7.0,4.9,5.3,10.0,291.6,,not_applied_no_serialized_itinerary_or_eligibility,,adult,Octopus,median_of_mode_specific_official_fare_distance_bin_medians
hk_collective_000049,3,pt,pt_base_fare_adult_octopus_distance_proxy,7.0,TD_GTFS_20260720+MTR_OPEN_DATA_20260720_mode_balanced_distance_bin_median,2026-07-14,low_official_fare_distance_proxy_no_itinerary,resident_leisure_igeocom_557051,home_hk_collective_000049,leisure,home,76744.0,resident,tertiary_student,True,1791.631259005497,4.9,30.0,7.3,7.0,4.9,5.3,10.0,291.6,,not_applied_no_serialized_itinerary_or_eligibility,,adult,Octopus,median_of_mode_specific_official_fare_distance_bin_medians
hk_collective_000054,0,pt,pt_base_fare_adult_octopus_distance_proxy,28.6,TD_GTFS_20260720+MTR_OPEN_DATA_20260720_mode_balanced_distance_bin_median,2026-07-14,low_official_fare_distance_proxy_no_itinerary,home_hk_collective_000054,work_grid_1146,home,work,31111.0,resident,fixed_worker,False,29755.8896973369,7.7,54.4,27.6,28.6,30.2,7.7,50.0,18255.9,,not_applied_no_serialized_itinerary_or_eligibility,,adult,Octopus,median_of_mode_specific_official_fare_distance_bin_medians
hk_collective_000054,1,pt,pt_base_fare_adult_octopus_distance_proxy,28.6,TD_GTFS_20260720+MTR_OPEN_DATA_20260720_mode_balanced_distance_bin_median,2026-07-14,low_official_fare_distance_proxy_no_itinerary,work_grid_1146,home_hk_collective_000054,work,home,59321.0,resident,fixed_worker,False,29755.8896973369,7.7,54.4,27.6,28.6,30.2,7.7,50.0,18255.9,,not_applied_no_serialized_itinerary_or_eligibility,,adult,Octopus,median_of_mode_specific_official_fare_distance_bin_medians
hk_collective_000057,0,pt,pt_base_fare_adult_octopus_distance_proxy,15.8,TD_GTFS_20260720+MTR_OPEN_DATA_20260720_mode_balanced_distance_bin_median,2026-07-14,low_official_fare_distance_proxy_no_itinerary,home_hk_collective_000057,work_mobile_grid_331,home,work_mobile,30986.0,resident,work_mobile,False,13033.861868187274,7.7,59.0,13.1,18.7,15.8,7.7,30.0,1533.9,,not_applied_no_serialized_itinerary_or_eligibility,,adult,Octopus,median_of_mode_specific_official_fare_distance_bin_medians
hk_collective_000057,1,pt,pt_base_fare_adult_octopus_distance_proxy,15.8,TD_GTFS_20260720+MTR_OPEN_DATA_20260720_mode_balanced_distance_bin_median,2026-07-14,low_official_fare_distance_proxy_no_itinerary,work_mobile_grid_331,home_hk_collective_000057,work_mobile,home,67267.0,resident,work_mobile,False,13033.861868187274,7.7,59.0,13.1,18.7,15.8,7.7,30.0,1533.9,,not_applied_no_serialized_itinerary_or_eligibility,,adult,Octopus,median_of_mode_specific_official_fare_distance_bin_medians
hk_collective_000058,0,pt,pt_base_fare_adult_octopus_distance_proxy,6.2,TD_GTFS_20260720+MTR_OPEN_DATA_20260720_mode_balanced_distance_bin_median,2026-07-14,low_official_fare_distance_proxy_no_itinerary,home_hk_collective_000058,school_227,home,school_primary,28985.0,resident,day_school_student,False,790.5547975150237,3.0,51.0,6.8,6.2,4.9,5.1,8.3,290.6,,not_applied_no_serialized_itinerary_or_eligibility,,adult,Octopus,median_of_mode_specific_official_fare_distance_bin_medians
hk_collective_000058,1,pt,pt_base_fare_adult_octopus_distance_proxy,6.2,TD_GTFS_20260720+MTR_OPEN_DATA_20260720_mode_balanced_distance_bin_median,2026-07-14,low_official_fare_distance_proxy_no_itinerary,school_227,home_hk_collective_000058,school_primary,home,55706.0,resident,day_school_student,False,790.5547975150237,3.0,51.0,6.8,6.2,4.9,5.1,8.3,290.6,,not_applied_no_serialized_itinerary_or_eligibility,,adult,Octopus,median_of_mode_specific_official_fare_distance_bin_medians
hk_collective_000059,0,pt,pt_base_fare_adult_octopus_distance_proxy,7.5,TD_GTFS_20260720+MTR_OPEN_DATA_20260720_mode_balanced_distance_bin_median,2026-07-14,low_official_fare_distance_proxy_no_itinerary,home_hk_collective_000059,work_mobile_poi_osm:3813493499:13237,home,work_mobile,34549.0,resident,work_mobile,False,2094.343734578981,4.9,45.0,7.5,8.0,5.9,5.4,20.0,405.7,,not_applied_no_serialized_itinerary_or_eligibility,,adult,Octopus,median_of_mode_specific_official_fare_distance_bin_medians
hk_collective_000059,1,pt,pt_base_fare_adult_octopus_distance_proxy,7.5,TD_GTFS_20260720+MTR_OPEN_DATA_20260720_mode_balanced_distance_bin_median,2026-07-14,low_official_fare_distance_proxy_no_itinerary,work_mobile_poi_osm:3813493499:13237,home_hk_collective_000059,work_mobile,home,68847.0,resident,work_mobile,False,2094.343734578981,4.9,45.0,7.5,8.0,5.9,5.4,20.0,405.7,,not_applied_no_serialized_itinerary_or_eligibility,,adult,Octopus,median_of_mode_specific_official_fare_distance_bin_medians
hk_collective_000062,0,pt,pt_base_fare_adult_octopus_distance_proxy,15.4,TD_GTFS_20260720+MTR_OPEN_DATA_20260720_mode_balanced_distance_bin_median,2026-07-14,low_official_fare_distance_proxy_no_itinerary,home_hk_collective_000062,work_mobile_grid_462,home,work_mobile,30990.0,resident,work_mobile,False,11336.610312014127,7.7,36.0,12.9,15.4,15.8,7.7,36.0,163.4,,not_applied_no_serialized_itinerary_or_eligibility,,adult,Octopus,median_of_mode_specific_official_fare_distance_bin_medians
hk_collective_000062,1,pt,pt_base_fare_adult_octopus_distance_proxy,15.4,TD_GTFS_20260720+MTR_OPEN_DATA_20260720_mode_balanced_distance_bin_median,2026-07-14,low_official_fare_distance_proxy_no_itinerary,work_mobile_grid_462,home_hk_collective_000062,work_mobile,home,72400.0,resident,work_mobile,False,11336.610312014127,7.7,36.0,12.9,15.4,15.8,7.7,36.0,163.4,,not_applied_no_serialized_itinerary_or_eligibility,,adult,Octopus,median_of_mode_specific_official_fare_distance_bin_medians
hk_collective_000063,0,pt,pt_base_fare_adult_octopus_distance_proxy,7.8,TD_GTFS_20260720+MTR_OPEN_DATA_20260720_mode_balanced_distance_bin_median,2026-07-14,low_official_fare_distance_proxy_no_itinerary,home_hk_collective_000063,education_tertiary_poi_osm:missing:56088,home,education_tertiary,26047.0,resident,tertiary_student,False,3168.830765685721,5.3,52.0,7.8,8.8,7.4,5.4,20.0,331.2,,not_applied_no_serialized_itinerary_or_eligibility,,adult,Octopus,median_of_mode_specific_official_fare_distance_bin_medians
hk_collective_000063,1,pt,pt_base_fare_adult_octopus_distance_proxy,7.8,TD_GTFS_20260720+MTR_OPEN_DATA_20260720_mode_balanced_distance_bin_median,2026-07-14,low_official_fare_distance_proxy_no_itinerary,education_tertiary_poi_osm:missing:56088,home_hk_collective_000063,education_tertiary,home,64980.0,resident,tertiary_student,False,3168.830765685721,5.3,52.0,7.8,8.8,7.4,5.4,20.0,331.2,,not_applied_no_serialized_itinerary_or_eligibility,,adult,Octopus,median_of_mode_specific_official_fare_distance_bin_medians
hk_collective_000065,0,pt,pt_base_fare_adult_octopus_distance_proxy,7.5,TD_GTFS_20260720+MTR_OPEN_DATA_20260720_mode_balanced_distance_bin_median,2026-07-14,low_official_fare_distance_proxy_no_itinerary,home_hk_collective_000065,work_mobile_grid_210,home,work_mobile,26353.0,resident,work_mobile,False,2958.915331891147,4.9,45.0,7.5,8.0,5.9,5.4,20.0,458.9,,not_applied_no_serialized_itinerary_or_eligibility,,adult,Octopus,median_of_mode_specific_official_fare_distance_bin_medians
hk_collective_000065,1,pt,pt_base_fare_adult_octopus_distance_proxy,7.5,TD_GTFS_20260720+MTR_OPEN_DATA_20260720_mode_balanced_distance_bin_median,2026-07-14,low_official_fare_distance_proxy_no_itinerary,work_mobile_grid_210,home_hk_collective_000065,work_mobile,home,56491.0,resident,work_mobile,False,2958.915331891147,4.9,45.0,7.5,8.0,5.9,5.4,20.0,458.9,,not_applied_no_serialized_itinerary_or_eligibility,,adult,Octopus,median_of_mode_specific_official_fare_distance_bin_medians
hk_collective_000067,0,pt,pt_base_fare_adult_octopus_distance_proxy,28.6,TD_GTFS_20260720+MTR_OPEN_DATA_20260720_mode_balanced_distance_bin_median,2026-07-14,low_official_fare_distance_proxy_no_itinerary,home_hk_collective_000067,work_grid_1146,home,work,32256.0,resident,fixed_worker,False,28154.430566277206,7.7,54.4,27.3,28.6,30.2,7.7,50.0,16654.4,,not_applied_no_serialized_itinerary_or_eligibility,,adult,Octopus,median_of_mode_specific_official_fare_distance_bin_medians
hk_collective_000067,1,pt,pt_base_fare_adult_octopus_distance_proxy,28.6,TD_GTFS_20260720+MTR_OPEN_DATA_20260720_mode_balanced_distance_bin_median,2026-07-14,low_official_fare_distance_proxy_no_itinerary,work_grid_1146,home_hk_collective_000067,work,home,62397.0,resident,fixed_worker,False,28154.430566277206,7.7,54.4,27.3,28.6,30.2,7.7,50.0,16654.4,,not_applied_no_serialized_itinerary_or_eligibility,,adult,Octopus,median_of_mode_specific_official_fare_distance_bin_medians
hk_collective_000068,0,pt,pt_base_fare_adult_octopus_distance_proxy,28.5,TD_GTFS_20260720+MTR_OPEN_DATA_20260720_mode_balanced_distance_bin_median,2026-07-14,low_official_fare_distance_proxy_no_itinerary,home_hk_collective_000068,work_grid_1465,home,work,26012.0,resident,fixed_worker,False,45031.24115268246,7.7,50.0,28.5,28.6,27.8,7.7,50.0,33531.2,,not_applied_no_serialized_itinerary_or_eligibility,,adult,Octopus,median_of_mode_specific_official_fare_distance_bin_medians
hk_collective_000068,1,pt,pt_base_fare_adult_octopus_distance_proxy,28.5,TD_GTFS_20260720+MTR_OPEN_DATA_20260720_mode_balanced_distance_bin_median,2026-07-14,low_official_fare_distance_proxy_no_itinerary,work_grid_1465,home_hk_collective_000068,work,home,57527.0,resident,fixed_worker,False,45031.24115268246,7.7,50.0,28.5,28.6,27.8,7.7,50.0,33531.2,,not_applied_no_serialized_itinerary_or_eligibility,,adult,Octopus,median_of_mode_specific_official_fare_distance_bin_medians
hk_collective_000069,0,pt,pt_base_fare_adult_octopus_distance_proxy,28.6,TD_GTFS_20260720+MTR_OPEN_DATA_20260720_mode_balanced_distance_bin_median,2026-07-14,low_official_fare_distance_proxy_no_itinerary,home_hk_collective_000069,work_grid_1146,home,work,29016.0,resident,fixed_worker,False,28644.649459066037,7.7,54.4,27.3,28.6,30.2,7.7,50.0,17144.6,,not_applied_no_serialized_itinerary_or_eligibility,,adult,Octopus,median_of_mode_specific_official_fare_distance_bin_medians
hk_collective_000069,1,pt,pt_base_fare_adult_octopus_distance_proxy,28.6,TD_GTFS_20260720+MTR_OPEN_DATA_20260720_mode_balanced_distance_bin_median,2026-07-14,low_official_fare_distance_proxy_no_itinerary,work_grid_1146,home_hk_collective_000069,work,home,56651.0,resident,fixed_worker,False,28644.649459066037,7.7,54.4,27.3,28.6,30.2,7.7,50.0,17144.6,,not_applied_no_serialized_itinerary_or_eligibility,,adult,Octopus,median_of_mode_specific_official_fare_distance_bin_medians
hk_collective_000071,0,pt,pt_base_fare_adult_octopus_distance_proxy,23.8,TD_GTFS_20260720+MTR_OPEN_DATA_20260720_mode_balanced_distance_bin_median,2026-07-14,low_official_fare_distance_proxy_no_itinerary,home_hk_collective_000071,work_poi_igeocom:531413,home,work,23971.0,resident,fixed_worker,False,23336.89229012149,7.7,50.0,23.8,28.5,22.5,7.7,50.0,11836.9,,not_applied_no_serialized_itinerary_or_eligibility,,adult,Octopus,median_of_mode_specific_official_fare_distance_bin_medians
hk_collective_000071,1,pt,pt_base_fare_adult_octopus_distance_proxy,23.8,TD_GTFS_20260720+MTR_OPEN_DATA_20260720_mode_balanced_distance_bin_median,2026-07-14,low_official_fare_distance_proxy_no_itinerary,work_poi_igeocom:531413,home_hk_collective_000071,work,home,54127.0,resident,fixed_worker,False,23336.89229012149,7.7,50.0,23.8,28.5,22.5,7.7,50.0,11836.9,,not_applied_no_serialized_itinerary_or_eligibility,,adult,Octopus,median_of_mode_specific_official_fare_distance_bin_medians
hk_collective_000071,2,pt,pt_base_fare_adult_octopus_distance_proxy,15.4,TD_GTFS_20260720+MTR_OPEN_DATA_20260720_mode_balanced_distance_bin_median,2026-07-14,low_official_fare_distance_proxy_no_itinerary,home_hk_collective_000071,resident_personal_business_igeocom_21168996,home,personal_business,62599.0,resident,fixed_worker,True,11365.234070735361,7.7,36.0,12.9,15.4,15.8,7.7,36.0,134.8,,not_applied_no_serialized_itinerary_or_eligibility,,adult,Octopus,median_of_mode_specific_official_fare_distance_bin_medians
hk_collective_000071,3,pt,pt_base_fare_adult_octopus_distance_proxy,7.5,TD_GTFS_20260720+MTR_OPEN_DATA_20260720_mode_balanced_distance_bin_median,2026-07-14,low_official_fare_distance_proxy_no_itinerary,resident_personal_business_igeocom_21168996,resident_dining_osm_6925197168_30291,personal_business,dining,69499.0,resident,fixed_worker,True,2502.5448695632695,4.9,45.0,7.5,8.0,5.9,5.4,20.0,2.5,,not_applied_no_serialized_itinerary_or_eligibility,,adult,Octopus,median_of_mode_specific_official_fare_distance_bin_medians
hk_collective_000071,4,pt,pt_base_fare_adult_octopus_distance_proxy,15.8,TD_GTFS_20260720+MTR_OPEN_DATA_20260720_mode_balanced_distance_bin_median,2026-07-14,low_official_fare_distance_proxy_no_itinerary,resident_dining_osm_6925197168_30291,home_hk_collective_000071,dining,home,76099.0,resident,fixed_worker,True,13459.845751872585,7.7,59.0,13.1,18.7,15.8,7.7,30.0,1959.8,,not_applied_no_serialized_itinerary_or_eligibility,,adult,Octopus,median_of_mode_specific_official_fare_distance_bin_medians
hk_collective_000072,0,pt,pt_base_fare_adult_octopus_distance_proxy,28.6,TD_GTFS_20260720+MTR_OPEN_DATA_20260720_mode_balanced_distance_bin_median,2026-07-14,low_official_fare_distance_proxy_no_itinerary,home_hk_collective_000072,work_poi_igeocom:21079002,home,work,30229.0,resident,fixed_worker,False,29076.759005483975,7.7,54.4,27.6,28.6,30.2,7.7,50.0,17576.8,,not_applied_no_serialized_itinerary_or_eligibility,,adult,Octopus,median_of_mode_specific_official_fare_distance_bin_medians
hk_collective_000072,1,pt,pt_base_fare_adult_octopus_distance_proxy,28.6,TD_GTFS_20260720+MTR_OPEN_DATA_20260720_mode_balanced_distance_bin_median,2026-07-14,low_official_fare_distance_proxy_no_itinerary,work_poi_igeocom:21079002,home_hk_collective_000072,work,home,66411.0,resident,fixed_worker,False,29076.759005483975,7.7,54.4,27.6,28.6,30.2,7.7,50.0,17576.8,,not_applied_no_serialized_itinerary_or_eligibility,,adult,Octopus,median_of_mode_specific_official_fare_distance_bin_medians
hk_collective_000072,2,pt,pt_base_fare_adult_octopus_distance_proxy,7.0,TD_GTFS_20260720+MTR_OPEN_DATA_20260720_mode_balanced_distance_bin_median,2026-07-14,low_official_fare_distance_proxy_no_itinerary,home_hk_collective_000072,resident_dining_osm_12564276316_45064,home,dining,71548.0,resident,fixed_worker,True,1424.1938226480968,4.9,30.0,7.3,7.0,4.9,5.3,10.0,75.8,,not_applied_no_serialized_itinerary_or_eligibility,,adult,Octopus,median_of_mode_specific_official_fare_distance_bin_medians
hk_collective_000072,3,pt,pt_base_fare_adult_octopus_distance_proxy,17.9,TD_GTFS_20260720+MTR_OPEN_DATA_20260720_mode_balanced_distance_bin_median,2026-07-14,low_official_fare_distance_proxy_no_itinerary,resident_dining_osm_12564276316_45064,resident_personal_business_igeocom_532946,dining,personal_business,78148.0,resident,fixed_worker,True,18652.544665105954,7.7,34.6,17.9,15.7,21.2,7.7,21.6,7152.5,,not_applied_no_serialized_itinerary_or_eligibility,,adult,Octopus,median_of_mode_specific_official_fare_distance_bin_medians
hk_collective_000072,4,pt,pt_base_fare_adult_octopus_distance_proxy,18.5,TD_GTFS_20260720+MTR_OPEN_DATA_20260720_mode_balanced_distance_bin_median,2026-07-14,low_official_fare_distance_proxy_no_itinerary,resident_personal_business_igeocom_532946,home_hk_collective_000072,personal_business,home,85048.0,resident,fixed_worker,True,17274.439526100123,7.7,33.0,18.5,15.7,21.0,7.7,21.6,5774.4,,not_applied_no_serialized_itinerary_or_eligibility,,adult,Octopus,median_of_mode_specific_official_fare_distance_bin_medians
hk_collective_000073,0,pt,pt_base_fare_adult_octopus_distance_proxy,22.9,TD_GTFS_20260720+MTR_OPEN_DATA_20260720_mode_balanced_distance_bin_median,2026-07-14,low_official_fare_distance_proxy_no_itinerary,home_hk_collective_000073,work_poi_osm:4856508506:21186,home,work,26868.0,resident,fixed_worker,False,22423.028579920978,7.7,50.0,20.8,28.0,22.9,7.7,50.0,10923.0,,not_applied_no_serialized_itinerary_or_eligibility,,adult,Octopus,median_of_mode_specific_official_fare_distance_bin_medians
hk_collective_000073,1,pt,pt_base_fare_adult_octopus_distance_proxy,22.9,TD_GTFS_20260720+MTR_OPEN_DATA_20260720_mode_balanced_distance_bin_median,2026-07-14,low_official_fare_distance_proxy_no_itinerary,work_poi_osm:4856508506:21186,home_hk_collective_000073,work,home,60200.0,resident,fixed_worker,False,22423.028579920978,7.7,50.0,20.8,28.0,22.9,7.7,50.0,10923.0,,not_applied_no_serialized_itinerary_or_eligibility,,adult,Octopus,median_of_mode_specific_official_fare_distance_bin_medians
hk_collective_000076,0,pt,pt_base_fare_adult_octopus_distance_proxy,18.1,TD_GTFS_20260720+MTR_OPEN_DATA_20260720_mode_balanced_distance_bin_median,2026-07-14,low_official_fare_distance_proxy_no_itinerary,home_hk_collective_000076,work_poi_igeocom:540806,home,work,25551.0,resident,fixed_worker,False,19749.841293999016,7.7,34.6,17.2,18.1,22.9,7.7,21.6,8249.8,,not_applied_no_serialized_itinerary_or_eligibility,,adult,Octopus,median_of_mode_specific_official_fare_distance_bin_medians
hk_collective_000076,1,pt,pt_base_fare_adult_octopus_distance_proxy,18.1,TD_GTFS_20260720+MTR_OPEN_DATA_20260720_mode_balanced_distance_bin_median,2026-07-14,low_official_fare_distance_proxy_no_itinerary,work_poi_igeocom:540806,home_hk_collective_000076,work,home,49791.0,resident,fixed_worker,False,19749.841293999016,7.7,34.6,17.2,18.1,22.9,7.7,21.6,8249.8,,not_applied_no_serialized_itinerary_or_eligibility,,adult,Octopus,median_of_mode_specific_official_fare_distance_bin_medians
hk_collective_000077,0,pt,pt_base_fare_adult_octopus_distance_proxy,12.1,TD_GTFS_20260720+MTR_OPEN_DATA_20260720_mode_balanced_distance_bin_median,2026-07-14,low_official_fare_distance_proxy_no_itinerary,home_hk_collective_000077,work_poi_igeocom:562223,home,work,29971.0,resident,fixed_worker,False,8725.20566001617,6.5,65.0,12.1,13.8,11.1,6.5,20.0,225.2,,not_applied_no_serialized_itinerary_or_eligibility,,adult,Octopus,median_of_mode_specific_official_fare_distance_bin_medians
hk_collective_000077,1,pt,pt_base_fare_adult_octopus_distance_proxy,12.1,TD_GTFS_20260720+MTR_OPEN_DATA_20260720_mode_balanced_distance_bin_median,2026-07-14,low_official_fare_distance_proxy_no_itinerary,work_poi_igeocom:562223,home_hk_collective_000077,work,home,59598.0,resident,fixed_worker,False,8725.20566001617,6.5,65.0,12.1,13.8,11.1,6.5,20.0,225.2,,not_applied_no_serialized_itinerary_or_eligibility,,adult,Octopus,median_of_mode_specific_official_fare_distance_bin_medians
hk_collective_000079,0,pt,pt_base_fare_adult_octopus_distance_proxy,15.4,TD_GTFS_20260720+MTR_OPEN_DATA_20260720_mode_balanced_distance_bin_median,2026-07-14,low_official_fare_distance_proxy_no_itinerary,home_hk_collective_000079,school_2362,home,school_kindergarten,26237.0,resident,day_school_student,False,11664.959132516044,7.7,36.0,12.9,15.4,15.8,7.7,36.0,165.0,,not_applied_no_serialized_itinerary_or_eligibility,,adult,Octopus,median_of_mode_specific_official_fare_distance_bin_medians
hk_collective_000079,1,pt,pt_base_fare_adult_octopus_distance_proxy,15.4,TD_GTFS_20260720+MTR_OPEN_DATA_20260720_mode_balanced_distance_bin_median,2026-07-14,low_official_fare_distance_proxy_no_itinerary,school_2362,home_hk_collective_000079,school_kindergarten,home,44088.0,resident,day_school_student,False,11664.959132516044,7.7,36.0,12.9,15.4,15.8,7.7,36.0,165.0,,not_applied_no_serialized_itinerary_or_eligibility,,adult,Octopus,median_of_mode_specific_official_fare_distance_bin_medians
hk_collective_000080,0,pt,pt_base_fare_adult_octopus_distance_proxy,7.8,TD_GTFS_20260720+MTR_OPEN_DATA_20260720_mode_balanced_distance_bin_median,2026-07-14,low_official_fare_distance_proxy_no_itinerary,home_hk_collective_000080,work_mobile_poi_igeocom:547162,home,work_mobile,27060.0,resident,work_mobile,False,3638.744267567916,5.3,52.0,7.8,8.8,7.4,5.4,20.0,138.7,,not_applied_no_serialized_itinerary_or_eligibility,,adult,Octopus,median_of_mode_specific_official_fare_distance_bin_medians
hk_collective_000080,1,pt,pt_base_fare_adult_octopus_distance_proxy,7.8,TD_GTFS_20260720+MTR_OPEN_DATA_20260720_mode_balanced_distance_bin_median,2026-07-14,low_official_fare_distance_proxy_no_itinerary,work_mobile_poi_igeocom:547162,home_hk_collective_000080,work_mobile,home,60398.0,resident,work_mobile,False,3638.744267567916,5.3,52.0,7.8,8.8,7.4,5.4,20.0,138.7,,not_applied_no_serialized_itinerary_or_eligibility,,adult,Octopus,median_of_mode_specific_official_fare_distance_bin_medians
hk_collective_000083,0,pt,pt_base_fare_adult_octopus_distance_proxy,28.6,TD_GTFS_20260720+MTR_OPEN_DATA_20260720_mode_balanced_distance_bin_median,2026-07-14,low_official_fare_distance_proxy_no_itinerary,home_hk_collective_000083,work_poi_osm:missing:58566,home,work,33195.0,resident,fixed_worker,False,29310.532633320177,7.7,54.4,27.6,28.6,30.2,7.7,50.0,17810.5,,not_applied_no_serialized_itinerary_or_eligibility,,adult,Octopus,median_of_mode_specific_official_fare_distance_bin_medians
hk_collective_000083,1,pt,pt_base_fare_adult_octopus_distance_proxy,28.6,TD_GTFS_20260720+MTR_OPEN_DATA_20260720_mode_balanced_distance_bin_median,2026-07-14,low_official_fare_distance_proxy_no_itinerary,work_poi_osm:missing:58566,home_hk_collective_000083,work,home,67523.0,resident,fixed_worker,False,29310.532633320177,7.7,54.4,27.6,28.6,30.2,7.7,50.0,17810.5,,not_applied_no_serialized_itinerary_or_eligibility,,adult,Octopus,median_of_mode_specific_official_fare_distance_bin_medians
hk_collective_000084,0,pt,pt_base_fare_adult_octopus_distance_proxy,21.6,TD_GTFS_20260720+MTR_OPEN_DATA_20260720_mode_balanced_distance_bin_median,2026-07-14,low_official_fare_distance_proxy_no_itinerary,home_hk_collective_000084,resident_leisure_igeocom_537291,home,leisure,49395.0,resident,home_only,True,21729.686325546594,7.7,36.7,19.6,25.0,22.5,7.7,21.6,10229.7,,not_applied_no_serialized_itinerary_or_eligibility,,adult,Octopus,median_of_mode_specific_official_fare_distance_bin_medians
hk_collective_000084,1,pt,pt_base_fare_adult_octopus_distance_proxy,7.8,TD_GTFS_20260720+MTR_OPEN_DATA_20260720_mode_balanced_distance_bin_median,2026-07-14,low_official_fare_distance_proxy_no_itinerary,resident_leisure_igeocom_537291,resident_shopping_igeocom_529590,leisure,shopping,60795.0,resident,home_only,True,3754.189176268288,5.3,52.0,7.8,8.8,7.4,5.4,20.0,254.2,,not_applied_no_serialized_itinerary_or_eligibility,,adult,Octopus,median_of_mode_specific_official_fare_distance_bin_medians
hk_collective_000084,2,pt,pt_base_fare_adult_octopus_distance_proxy,28.6,TD_GTFS_20260720+MTR_OPEN_DATA_20260720_mode_balanced_distance_bin_median,2026-07-14,low_official_fare_distance_proxy_no_itinerary,resident_shopping_igeocom_529590,home_hk_collective_000084,shopping,home,67695.0,resident,home_only,True,25400.65460998231,7.7,50.0,24.0,28.6,29.3,7.7,50.0,13900.7,,not_applied_no_serialized_itinerary_or_eligibility,,adult,Octopus,median_of_mode_specific_official_fare_distance_bin_medians
hk_collective_000085,0,pt,pt_base_fare_adult_octopus_distance_proxy,7.0,TD_GTFS_20260720+MTR_OPEN_DATA_20260720_mode_balanced_distance_bin_median,2026-07-14,low_official_fare_distance_proxy_no_itinerary,home_hk_collective_000085,school_607,home,school_secondary,26488.0,resident,day_school_student,False,1575.0673932823488,4.9,30.0,7.3,7.0,4.9,5.3,10.0,75.1,,not_applied_no_serialized_itinerary_or_eligibility,,adult,Octopus,median_of_mode_specific_official_fare_distance_bin_medians
hk_collective_000085,1,pt,pt_base_fare_adult_octopus_distance_proxy,7.0,TD_GTFS_20260720+MTR_OPEN_DATA_20260720_mode_balanced_distance_bin_median,2026-07-14,low_official_fare_distance_proxy_no_itinerary,school_607,home_hk_collective_000085,school_secondary,home,56072.0,resident,day_school_student,False,1575.0673932823488,4.9,30.0,7.3,7.0,4.9,5.3,10.0,75.1,,not_applied_no_serialized_itinerary_or_eligibility,,adult,Octopus,median_of_mode_specific_official_fare_distance_bin_medians
hk_collective_000087,0,pt,pt_base_fare_adult_octopus_distance_proxy,11.1,TD_GTFS_20260720+MTR_OPEN_DATA_20260720_mode_balanced_distance_bin_median,2026-07-14,low_official_fare_distance_proxy_no_itinerary,home_hk_collective_000087,resident_personal_business_igeocom_21247810,home,personal_business,52486.0,resident,home_only,True,6308.334826218709,5.4,50.0,11.0,11.7,11.1,5.4,20.0,191.7,,not_applied_no_serialized_itinerary_or_eligibility,,adult,Octopus,median_of_mode_specific_official_fare_distance_bin_medians
hk_collective_000087,1,pt,pt_base_fare_adult_octopus_distance_proxy,11.1,TD_GTFS_20260720+MTR_OPEN_DATA_20260720_mode_balanced_distance_bin_median,2026-07-14,low_official_fare_distance_proxy_no_itinerary,resident_personal_business_igeocom_21247810,home_hk_collective_000087,personal_business,home,59386.0,resident,home_only,True,6308.334826218709,5.4,50.0,11.0,11.7,11.1,5.4,20.0,191.7,,not_applied_no_serialized_itinerary_or_eligibility,,adult,Octopus,median_of_mode_specific_official_fare_distance_bin_medians
hk_collective_000092,0,pt,pt_base_fare_adult_octopus_distance_proxy,18.1,TD_GTFS_20260720+MTR_OPEN_DATA_20260720_mode_balanced_distance_bin_median,2026-07-14,low_official_fare_distance_proxy_no_itinerary,home_hk_collective_000092,work_mobile_poi_osm:missing:70571,home,work_mobile,30750.0,resident,work_mobile,False,19732.019945966043,7.7,34.6,17.2,18.1,22.9,7.7,21.6,8232.0,,not_applied_no_serialized_itinerary_or_eligibility,,adult,Octopus,median_of_mode_specific_official_fare_distance_bin_medians
hk_collective_000092,1,pt,pt_base_fare_adult_octopus_distance_proxy,18.1,TD_GTFS_20260720+MTR_OPEN_DATA_20260720_mode_balanced_distance_bin_median,2026-07-14,low_official_fare_distance_proxy_no_itinerary,work_mobile_poi_osm:missing:70571,home_hk_collective_000092,work_mobile,home,67445.0,resident,work_mobile,False,19732.019945966043,7.7,34.6,17.2,18.1,22.9,7.7,21.6,8232.0,,not_applied_no_serialized_itinerary_or_eligibility,,adult,Octopus,median_of_mode_specific_official_fare_distance_bin_medians
hk_collective_000093,0,pt,pt_base_fare_adult_octopus_distance_proxy,24.5,TD_GTFS_20260720+MTR_OPEN_DATA_20260720_mode_balanced_distance_bin_median,2026-07-14,low_official_fare_distance_proxy_no_itinerary,home_hk_collective_000093,school_3437,home,school_secondary,25748.0,resident,day_school_student,False,24289.17456238197,7.7,50.0,23.8,28.6,24.5,7.7,50.0,12789.2,,not_applied_no_serialized_itinerary_or_eligibility,,adult,Octopus,median_of_mode_specific_official_fare_distance_bin_medians
hk_collective_000093,1,pt,pt_base_fare_adult_octopus_distance_proxy,24.5,TD_GTFS_20260720+MTR_OPEN_DATA_20260720_mode_balanced_distance_bin_median,2026-07-14,low_official_fare_distance_proxy_no_itinerary,school_3437,home_hk_collective_000093,school_secondary,home,57687.0,resident,day_school_student,False,24289.17456238197,7.7,50.0,23.8,28.6,24.5,7.7,50.0,12789.2,,not_applied_no_serialized_itinerary_or_eligibility,,adult,Octopus,median_of_mode_specific_official_fare_distance_bin_medians
hk_collective_000095,0,pt,pt_base_fare_adult_octopus_distance_proxy,17.2,TD_GTFS_20260720+MTR_OPEN_DATA_20260720_mode_balanced_distance_bin_median,2026-07-14,low_official_fare_distance_proxy_no_itinerary,home_hk_collective_000095,border_2,home,border,24731.0,resident,usual_resident_border,False,16736.256792700562,7.7,80.0,17.2,15.7,19.7,7.7,45.0,5236.3,,not_applied_no_serialized_itinerary_or_eligibility,,adult,Octopus,median_of_mode_specific_official_fare_distance_bin_medians
hk_collective_000095,1,pt,pt_base_fare_adult_octopus_distance_proxy,17.2,TD_GTFS_20260720+MTR_OPEN_DATA_20260720_mode_balanced_distance_bin_median,2026-07-14,low_official_fare_distance_proxy_no_itinerary,border_2,home_hk_collective_000095,border,home,66698.0,resident,usual_resident_border,False,16736.256792700562,7.7,80.0,17.2,15.7,19.7,7.7,45.0,5236.3,,not_applied_no_serialized_itinerary_or_eligibility,,adult,Octopus,median_of_mode_specific_official_fare_distance_bin_medians
hk_collective_000096,0,pt,pt_base_fare_adult_octopus_distance_proxy,7.8,TD_GTFS_20260720+MTR_OPEN_DATA_20260720_mode_balanced_distance_bin_median,2026-07-14,low_official_fare_distance_proxy_no_itinerary,home_hk_collective_000096,work_poi_igeocom:530345,home,work,32208.0,resident,fixed_worker,False,3202.9286969848577,5.3,52.0,7.8,8.8,7.4,5.4,20.0,297.1,,not_applied_no_serialized_itinerary_or_eligibility,,adult,Octopus,median_of_mode_specific_official_fare_distance_bin_medians
hk_collective_000096,1,pt,pt_base_fare_adult_octopus_distance_proxy,7.8,TD_GTFS_20260720+MTR_OPEN_DATA_20260720_mode_balanced_distance_bin_median,2026-07-14,low_official_fare_distance_proxy_no_itinerary,work_poi_igeocom:530345,home_hk_collective_000096,work,home,67602.0,resident,fixed_worker,False,3202.9286969848577,5.3,52.0,7.8,8.8,7.4,5.4,20.0,297.1,,not_applied_no_serialized_itinerary_or_eligibility,,adult,Octopus,median_of_mode_specific_official_fare_distance_bin_medians
hk_collective_000097,0,pt,pt_base_fare_adult_octopus_distance_proxy,7.5,TD_GTFS_20260720+MTR_OPEN_DATA_20260720_mode_balanced_distance_bin_median,2026-07-14,low_official_fare_distance_proxy_no_itinerary,home_hk_collective_000097,work_mobile_poi_igeocom:551372,home,work_mobile,24727.0,resident,work_mobile,False,2421.085004332258,4.9,45.0,7.5,8.0,5.9,5.4,20.0,78.9,,not_applied_no_serialized_itinerary_or_eligibility,,adult,Octopus,median_of_mode_specific_official_fare_distance_bin_medians
hk_collective_000097,1,pt,pt_base_fare_adult_octopus_distance_proxy,7.5,TD_GTFS_20260720+MTR_OPEN_DATA_20260720_mode_balanced_distance_bin_median,2026-07-14,low_official_fare_distance_proxy_no_itinerary,work_mobile_poi_igeocom:551372,home_hk_collective_000097,work_mobile,home,48912.0,resident,work_mobile,False,2421.085004332258,4.9,45.0,7.5,8.0,5.9,5.4,20.0,78.9,,not_applied_no_serialized_itinerary_or_eligibility,,adult,Octopus,median_of_mode_specific_official_fare_distance_bin_medians
hk_collective_000098,0,pt,pt_base_fare_adult_octopus_distance_proxy,15.8,TD_GTFS_20260720+MTR_OPEN_DATA_20260720_mode_balanced_distance_bin_median,2026-07-14,low_official_fare_distance_proxy_no_itinerary,home_hk_collective_000098,work_mobile_poi_igeocom:547662,home,work_mobile,31032.0,resident,work_mobile,False,12863.602431882126,7.7,31.9,12.7,15.9,15.8,7.7,31.9,1363.6,,not_applied_no_serialized_itinerary_or_eligibility,,adult,Octopus,median_of_mode_specific_official_fare_distance_bin_medians
hk_collective_000098,1,pt,pt_base_fare_adult_octopus_distance_proxy,15.8,TD_GTFS_20260720+MTR_OPEN_DATA_20260720_mode_balanced_distance_bin_median,2026-07-14,low_official_fare_distance_proxy_no_itinerary,work_mobile_poi_igeocom:547662,home_hk_collective_000098,work_mobile,home,65183.0,resident,work_mobile,False,12863.602431882126,7.7,31.9,12.7,15.9,15.8,7.7,31.9,1363.6,,not_applied_no_serialized_itinerary_or_eligibility,,adult,Octopus,median_of_mode_specific_official_fare_distance_bin_medians
hk_collective_000099,0,pt,pt_base_fare_adult_octopus_distance_proxy,7.0,TD_GTFS_20260720+MTR_OPEN_DATA_20260720_mode_balanced_distance_bin_median,2026-07-14,low_official_fare_distance_proxy_no_itinerary,home_hk_collective_000099,resident_social_osm_12002805421_43354,home,social,50046.0,resident,home_only,True,1911.4961087161626,4.9,30.0,7.3,7.0,4.9,5.3,10.0,411.5,,not_applied_no_serialized_itinerary_or_eligibility,,adult,Octopus,median_of_mode_specific_official_fare_distance_bin_medians
hk_collective_000099,1,pt,pt_base_fare_adult_octopus_distance_proxy,7.0,TD_GTFS_20260720+MTR_OPEN_DATA_20260720_mode_balanced_distance_bin_median,2026-07-14,low_official_fare_distance_proxy_no_itinerary,resident_social_osm_12002805421_43354,home_hk_collective_000099,social,home,59646.0,resident,home_only,True,1911.4961087161626,4.9,30.0,7.3,7.0,4.9,5.3,10.0,411.5,,not_applied_no_serialized_itinerary_or_eligibility,,adult,Octopus,median_of_mode_specific_official_fare_distance_bin_medians
hk_collective_000100,0,pt,pt_base_fare_adult_octopus_distance_proxy,9.2,TD_GTFS_20260720+MTR_OPEN_DATA_20260720_mode_balanced_distance_bin_median,2026-07-14,low_official_fare_distance_proxy_no_itinerary,home_hk_collective_000100,work_mobile_poi_igeocom:561757,home,work_mobile,31727.0,resident,work_mobile,False,4155.996375496688,5.4,20.0,8.4,9.5,9.2,5.4,16.3,344.0,,not_applied_no_serialized_itinerary_or_eligibility,,adult,Octopus,median_of_mode_specific_official_fare_distance_bin_medians
hk_collective_000100,1,pt,pt_base_fare_adult_octopus_distance_proxy,9.2,TD_GTFS_20260720+MTR_OPEN_DATA_20260720_mode_balanced_distance_bin_median,2026-07-14,low_official_fare_distance_proxy_no_itinerary,work_mobile_poi_igeocom:561757,home_hk_collective_000100,work_mobile,home,69387.0,resident,work_mobile,False,4155.996375496688,5.4,20.0,8.4,9.5,9.2,5.4,16.3,344.0,,not_applied_no_serialized_itinerary_or_eligibility,,adult,Octopus,median_of_mode_specific_official_fare_distance_bin_medians
hk_collective_000101,0,pt,pt_base_fare_adult_octopus_distance_proxy,11.7,TD_GTFS_20260720+MTR_OPEN_DATA_20260720_mode_balanced_distance_bin_median,2026-07-14,low_official_fare_distance_proxy_no_itinerary,home_hk_collective_000101,work_mobile_poi_igeocom:548850,home,work_mobile,31290.0,resident,work_mobile,False,7863.630836895219,6.1,51.0,11.7,12.4,11.0,6.1,30.0,363.6,,not_applied_no_serialized_itinerary_or_eligibility,,adult,Octopus,median_of_mode_specific_official_fare_distance_bin_medians
hk_collective_000101,1,pt,pt_base_fare_adult_octopus_distance_proxy,11.7,TD_GTFS_20260720+MTR_OPEN_DATA_20260720_mode_balanced_distance_bin_median,2026-07-14,low_official_fare_distance_proxy_no_itinerary,work_mobile_poi_igeocom:548850,home_hk_collective_000101,work_mobile,home,67370.0,resident,work_mobile,False,7863.630836895219,6.1,51.0,11.7,12.4,11.0,6.1,30.0,363.6,,not_applied_no_serialized_itinerary_or_eligibility,,adult,Octopus,median_of_mode_specific_official_fare_distance_bin_medians
hk_collective_000102,0,pt,pt_base_fare_adult_octopus_distance_proxy,18.5,TD_GTFS_20260720+MTR_OPEN_DATA_20260720_mode_balanced_distance_bin_median,2026-07-14,low_official_fare_distance_proxy_no_itinerary,home_hk_collective_000102,resident_medical_osm_4860719168_22148,home,medical,41206.0,resident,home_only,True,17499.907027055935,7.7,33.0,18.5,15.7,21.0,7.7,21.6,5999.9,,not_applied_no_serialized_itinerary_or_eligibility,,adult,Octopus,median_of_mode_specific_official_fare_distance_bin_medians
hk_collective_000102,1,pt,pt_base_fare_adult_octopus_distance_proxy,18.4,TD_GTFS_20260720+MTR_OPEN_DATA_20260720_mode_balanced_distance_bin_median,2026-07-14,low_official_fare_distance_proxy_no_itinerary,resident_medical_osm_4860719168_22148,resident_leisure_igeocom_536328,medical,leisure,49006.0,resident,home_only,True,15336.825602043737,7.7,27.3,16.9,19.1,18.4,7.7,20.0,3836.8,,not_applied_no_serialized_itinerary_or_eligibility,,adult,Octopus,median_of_mode_specific_official_fare_distance_bin_medians
hk_collective_000102,2,pt,pt_base_fare_adult_octopus_distance_proxy,28.6,TD_GTFS_20260720+MTR_OPEN_DATA_20260720_mode_balanced_distance_bin_median,2026-07-14,low_official_fare_distance_proxy_no_itinerary,resident_leisure_igeocom_536328,home_hk_collective_000102,leisure,home,60406.0,resident,home_only,True,31951.337706369726,7.7,54.4,27.9,28.6,54.4,7.7,50.0,20451.3,,not_applied_no_serialized_itinerary_or_eligibility,,adult,Octopus,median_of_mode_specific_official_fare_distance_bin_medians
hk_collective_000103,0,pt,pt_base_fare_adult_octopus_distance_proxy,28.6,TD_GTFS_20260720+MTR_OPEN_DATA_20260720_mode_balanced_distance_bin_median,2026-07-14,low_official_fare_distance_proxy_no_itinerary,home_hk_collective_000103,work_poi_osm:missing:52866,home,work,33177.0,resident,fixed_worker,False,27541.805838038887,7.7,52.2,24.8,28.6,30.2,7.7,50.0,16041.8,,not_applied_no_serialized_itinerary_or_eligibility,,adult,Octopus,median_of_mode_specific_official_fare_distance_bin_medians
hk_collective_000103,1,pt,pt_base_fare_adult_octopus_distance_proxy,28.6,TD_GTFS_20260720+MTR_OPEN_DATA_20260720_mode_balanced_distance_bin_median,2026-07-14,low_official_fare_distance_proxy_no_itinerary,work_poi_osm:missing:52866,home_hk_collective_000103,work,home,62282.0,resident,fixed_worker,False,27541.805838038887,7.7,52.2,24.8,28.6,30.2,7.7,50.0,16041.8,,not_applied_no_serialized_itinerary_or_eligibility,,adult,Octopus,median_of_mode_specific_official_fare_distance_bin_medians
hk_collective_000106,0,pt,pt_base_fare_adult_octopus_distance_proxy,11.7,TD_GTFS_20260720+MTR_OPEN_DATA_20260720_mode_balanced_distance_bin_median,2026-07-14,low_official_fare_distance_proxy_no_itinerary,home_hk_collective_000106,resident_leisure_igeocom_21130255,home,leisure,57297.0,resident,home_only,True,7659.207014898969,6.1,51.0,11.7,12.4,11.0,6.1,30.0,159.2,,not_applied_no_serialized_itinerary_or_eligibility,,adult,Octopus,median_of_mode_specific_official_fare_distance_bin_medians
hk_collective_000106,1,pt,pt_base_fare_adult_octopus_distance_proxy,11.7,TD_GTFS_20260720+MTR_OPEN_DATA_20260720_mode_balanced_distance_bin_median,2026-07-14,low_official_fare_distance_proxy_no_itinerary,resident_leisure_igeocom_21130255,home_hk_collective_000106,leisure,home,68697.0,resident,home_only,True,7659.207014898969,6.1,51.0,11.7,12.4,11.0,6.1,30.0,159.2,,not_applied_no_serialized_itinerary_or_eligibility,,adult,Octopus,median_of_mode_specific_official_fare_distance_bin_medians
hk_collective_000108,0,pt,pt_base_fare_adult_octopus_distance_proxy,22.9,TD_GTFS_20260720+MTR_OPEN_DATA_20260720_mode_balanced_distance_bin_median,2026-07-14,low_official_fare_distance_proxy_no_itinerary,home_hk_collective_000108,work_poi_osm:missing:71320,home,work,32303.0,resident,fixed_worker,False,22960.135909191224,7.7,50.0,20.8,28.0,22.9,7.7,50.0,11460.1,,not_applied_no_serialized_itinerary_or_eligibility,,adult,Octopus,median_of_mode_specific_official_fare_distance_bin_medians
hk_collective_000108,1,pt,pt_base_fare_adult_octopus_distance_proxy,22.9,TD_GTFS_20260720+MTR_OPEN_DATA_20260720_mode_balanced_distance_bin_median,2026-07-14,low_official_fare_distance_proxy_no_itinerary,work_poi_osm:missing:71320,home_hk_collective_000108,work,home,56680.0,resident,fixed_worker,False,22960.135909191224,7.7,50.0,20.8,28.0,22.9,7.7,50.0,11460.1,,not_applied_no_serialized_itinerary_or_eligibility,,adult,Octopus,median_of_mode_specific_official_fare_distance_bin_medians
hk_collective_000109,0,pt,pt_base_fare_adult_octopus_distance_proxy,18.5,TD_GTFS_20260720+MTR_OPEN_DATA_20260720_mode_balanced_distance_bin_median,2026-07-14,low_official_fare_distance_proxy_no_itinerary,home_hk_collective_000109,work_poi_igeocom:548014,home,work,32445.0,resident,fixed_worker,False,17672.873606876503,7.7,33.0,18.5,15.7,21.0,7.7,21.6,6172.9,,not_applied_no_serialized_itinerary_or_eligibility,,adult,Octopus,median_of_mode_specific_official_fare_distance_bin_medians
hk_collective_000109,1,pt,pt_base_fare_adult_octopus_distance_proxy,18.5,TD_GTFS_20260720+MTR_OPEN_DATA_20260720_mode_balanced_distance_bin_median,2026-07-14,low_official_fare_distance_proxy_no_itinerary,work_poi_igeocom:548014,home_hk_collective_000109,work,home,64967.0,resident,fixed_worker,False,17672.873606876503,7.7,33.0,18.5,15.7,21.0,7.7,21.6,6172.9,,not_applied_no_serialized_itinerary_or_eligibility,,adult,Octopus,median_of_mode_specific_official_fare_distance_bin_medians
hk_collective_000110,0,pt,pt_base_fare_adult_octopus_distance_proxy,28.5,TD_GTFS_20260720+MTR_OPEN_DATA_20260720_mode_balanced_distance_bin_median,2026-07-14,low_official_fare_distance_proxy_no_itinerary,home_hk_collective_000110,work_grid_1465,home,work,27575.0,resident,fixed_worker,False,44273.99909667938,7.7,50.0,28.5,28.6,27.8,7.7,50.0,32774.0,,not_applied_no_serialized_itinerary_or_eligibility,,adult,Octopus,median_of_mode_specific_official_fare_distance_bin_medians
hk_collective_000110,1,pt,pt_base_fare_adult_octopus_distance_proxy,28.5,TD_GTFS_20260720+MTR_OPEN_DATA_20260720_mode_balanced_distance_bin_median,2026-07-14,low_official_fare_distance_proxy_no_itinerary,work_grid_1465,home_hk_collective_000110,work,home,54239.0,resident,fixed_worker,False,44273.99909667938,7.7,50.0,28.5,28.6,27.8,7.7,50.0,32774.0,,not_applied_no_serialized_itinerary_or_eligibility,,adult,Octopus,median_of_mode_specific_official_fare_distance_bin_medians
hk_collective_000112,0,pt,pt_base_fare_adult_octopus_distance_proxy,23.8,TD_GTFS_20260720+MTR_OPEN_DATA_20260720_mode_balanced_distance_bin_median,2026-07-14,low_official_fare_distance_proxy_no_itinerary,home_hk_collective_000112,education_tertiary_poi_osm:14282160:51842,home,education_tertiary,26940.0,resident,tertiary_student,False,23168.887846478287,7.7,50.0,23.8,28.5,22.5,7.7,50.0,11668.9,,not_applied_no_serialized_itinerary_or_eligibility,,adult,Octopus,median_of_mode_specific_official_fare_distance_bin_medians
hk_collective_000112,1,pt,pt_base_fare_adult_octopus_distance_proxy,23.8,TD_GTFS_20260720+MTR_OPEN_DATA_20260720_mode_balanced_distance_bin_median,2026-07-14,low_official_fare_distance_proxy_no_itinerary,education_tertiary_poi_osm:14282160:51842,home_hk_collective_000112,education_tertiary,home,68009.0,resident,tertiary_student,False,23168.887846478287,7.7,50.0,23.8,28.5,22.5,7.7,50.0,11668.9,,not_applied_no_serialized_itinerary_or_eligibility,,adult,Octopus,median_of_mode_specific_official_fare_distance_bin_medians
hk_collective_000113,0,pt,pt_base_fare_adult_octopus_distance_proxy,21.6,TD_GTFS_20260720+MTR_OPEN_DATA_20260720_mode_balanced_distance_bin_median,2026-07-14,low_official_fare_distance_proxy_no_itinerary,home_hk_collective_000113,border_10,home,border,23921.0,resident,usual_resident_border,False,20029.70369489087,7.7,36.7,18.8,25.0,22.1,7.7,21.6,8529.7,,not_applied_no_serialized_itinerary_or_eligibility,,adult,Octopus,median_of_mode_specific_official_fare_distance_bin_medians
hk_collective_000113,1,pt,pt_base_fare_adult_octopus_distance_proxy,21.6,TD_GTFS_20260720+MTR_OPEN_DATA_20260720_mode_balanced_distance_bin_median,2026-07-14,low_official_fare_distance_proxy_no_itinerary,border_10,home_hk_collective_000113,border,home,63566.0,resident,usual_resident_border,False,20029.70369489087,7.7,36.7,18.8,25.0,22.1,7.7,21.6,8529.7,,not_applied_no_serialized_itinerary_or_eligibility,,adult,Octopus,median_of_mode_specific_official_fare_distance_bin_medians
hk_collective_000115,0,pt,pt_base_fare_adult_octopus_distance_proxy,13.8,TD_GTFS_20260720+MTR_OPEN_DATA_20260720_mode_balanced_distance_bin_median,2026-07-14,low_official_fare_distance_proxy_no_itinerary,home_hk_collective_000115,work_mobile_poi_igeocom:545372,home,work_mobile,30550.0,resident,work_mobile,False,9440.203295363612,7.4,28.1,12.5,13.8,13.8,7.4,20.0,59.8,,not_applied_no_serialized_itinerary_or_eligibility,,adult,Octopus,median_of_mode_specific_official_fare_distance_bin_medians
hk_collective_000115,1,pt,pt_base_fare_adult_octopus_distance_proxy,13.8,TD_GTFS_20260720+MTR_OPEN_DATA_20260720_mode_balanced_distance_bin_median,2026-07-14,low_official_fare_distance_proxy_no_itinerary,work_mobile_poi_igeocom:545372,home_hk_collective_000115,work_mobile,home,67641.0,resident,work_mobile,False,9440.203295363612,7.4,28.1,12.5,13.8,13.8,7.4,20.0,59.8,,not_applied_no_serialized_itinerary_or_eligibility,,adult,Octopus,median_of_mode_specific_official_fare_distance_bin_medians
hk_collective_000116,0,pt,pt_base_fare_adult_octopus_distance_proxy,28.6,TD_GTFS_20260720+MTR_OPEN_DATA_20260720_mode_balanced_distance_bin_median,2026-07-14,low_official_fare_distance_proxy_no_itinerary,home_hk_collective_000116,work_poi_osm:12093138214:43671,home,work,25109.0,resident,fixed_worker,False,26893.072803351264,7.7,50.0,23.8,28.6,30.2,7.7,50.0,15393.1,,not_applied_no_serialized_itinerary_or_eligibility,,adult,Octopus,median_of_mode_specific_official_fare_distance_bin_medians
hk_collective_000116,1,pt,pt_base_fare_adult_octopus_distance_proxy,28.6,TD_GTFS_20260720+MTR_OPEN_DATA_20260720_mode_balanced_distance_bin_median,2026-07-14,low_official_fare_distance_proxy_no_itinerary,work_poi_osm:12093138214:43671,home_hk_collective_000116,work,home,58889.0,resident,fixed_worker,False,26893.072803351264,7.7,50.0,23.8,28.6,30.2,7.7,50.0,15393.1,,not_applied_no_serialized_itinerary_or_eligibility,,adult,Octopus,median_of_mode_specific_official_fare_distance_bin_medians
hk_collective_000119,0,pt,pt_base_fare_adult_octopus_distance_proxy,21.6,TD_GTFS_20260720+MTR_OPEN_DATA_20260720_mode_balanced_distance_bin_median,2026-07-14,low_official_fare_distance_proxy_no_itinerary,home_hk_collective_000119,work_poi_osm:missing:55559,home,work,27332.0,resident,fixed_worker,False,21953.637157072175,7.7,36.7,19.6,25.0,22.5,7.7,21.6,10453.6,,not_applied_no_serialized_itinerary_or_eligibility,,adult,Octopus,median_of_mode_specific_official_fare_distance_bin_medians
hk_collective_000119,1,pt,pt_base_fare_adult_octopus_distance_proxy,21.6,TD_GTFS_20260720+MTR_OPEN_DATA_20260720_mode_balanced_distance_bin_median,2026-07-14,low_official_fare_distance_proxy_no_itinerary,work_poi_osm:missing:55559,home_hk_collective_000119,work,home,52915.0,resident,fixed_worker,False,21953.637157072175,7.7,36.7,19.6,25.0,22.5,7.7,21.6,10453.6,,not_applied_no_serialized_itinerary_or_eligibility,,adult,Octopus,median_of_mode_specific_official_fare_distance_bin_medians
hk_collective_000123,0,pt,pt_base_fare_adult_octopus_distance_proxy,15.4,TD_GTFS_20260720+MTR_OPEN_DATA_20260720_mode_balanced_distance_bin_median,2026-07-14,low_official_fare_distance_proxy_no_itinerary,home_hk_collective_000123,work_poi_osm:missing:68286,home,work,25950.0,resident,fixed_worker,False,10709.399573892542,7.7,80.0,13.6,15.4,15.8,7.7,49.2,209.4,,not_applied_no_serialized_itinerary_or_eligibility,,adult,Octopus,median_of_mode_specific_official_fare_distance_bin_medians
hk_collective_000123,1,pt,pt_base_fare_adult_octopus_distance_proxy,15.4,TD_GTFS_20260720+MTR_OPEN_DATA_20260720_mode_balanced_distance_bin_median,2026-07-14,low_official_fare_distance_proxy_no_itinerary,work_poi_osm:missing:68286,home_hk_collective_000123,work,home,54588.0,resident,fixed_worker,False,10709.399573892542,7.7,80.0,13.6,15.4,15.8,7.7,49.2,209.4,,not_applied_no_serialized_itinerary_or_eligibility,,adult,Octopus,median_of_mode_specific_official_fare_distance_bin_medians
hk_collective_000124,0,pt,pt_base_fare_adult_octopus_distance_proxy,18.1,TD_GTFS_20260720+MTR_OPEN_DATA_20260720_mode_balanced_distance_bin_median,2026-07-14,low_official_fare_distance_proxy_no_itinerary,home_hk_collective_000124,work_poi_igeocom:526582,home,work,29835.0,resident,fixed_worker,False,19821.934245194607,7.7,34.6,17.2,18.1,22.9,7.7,21.6,8321.9,,not_applied_no_serialized_itinerary_or_eligibility,,adult,Octopus,median_of_mode_specific_official_fare_distance_bin_medians
hk_collective_000124,1,pt,pt_base_fare_adult_octopus_distance_proxy,18.1,TD_GTFS_20260720+MTR_OPEN_DATA_20260720_mode_balanced_distance_bin_median,2026-07-14,low_official_fare_distance_proxy_no_itinerary,work_poi_igeocom:526582,home_hk_collective_000124,work,home,66069.0,resident,fixed_worker,False,19821.934245194607,7.7,34.6,17.2,18.1,22.9,7.7,21.6,8321.9,,not_applied_no_serialized_itinerary_or_eligibility,,adult,Octopus,median_of_mode_specific_official_fare_distance_bin_medians
hk_collective_000124,2,pt,pt_base_fare_adult_octopus_distance_proxy,18.1,TD_GTFS_20260720+MTR_OPEN_DATA_20260720_mode_balanced_distance_bin_median,2026-07-14,low_official_fare_distance_proxy_no_itinerary,home_hk_collective_000124,resident_shopping_osm_6187953341_27443,home,shopping,73023.0,resident,fixed_worker,True,19155.19539991431,7.7,34.6,17.2,18.1,22.9,7.7,21.6,7655.2,,not_applied_no_serialized_itinerary_or_eligibility,,adult,Octopus,median_of_mode_specific_official_fare_distance_bin_medians
hk_collective_000124,3,pt,pt_base_fare_adult_octopus_distance_proxy,18.1,TD_GTFS_20260720+MTR_OPEN_DATA_20260720_mode_balanced_distance_bin_median,2026-07-14,low_official_fare_distance_proxy_no_itinerary,resident_shopping_osm_6187953341_27443,home_hk_collective_000124,shopping,home,79923.0,resident,fixed_worker,True,19155.19539991431,7.7,34.6,17.2,18.1,22.9,7.7,21.6,7655.2,,not_applied_no_serialized_itinerary_or_eligibility,,adult,Octopus,median_of_mode_specific_official_fare_distance_bin_medians
hk_collective_000127,0,pt,pt_base_fare_adult_octopus_distance_proxy,28.5,TD_GTFS_20260720+MTR_OPEN_DATA_20260720_mode_balanced_distance_bin_median,2026-07-14,low_official_fare_distance_proxy_no_itinerary,home_hk_collective_000127,work_grid_1499,home,work,26027.0,resident,fixed_worker,False,38797.23967160389,7.7,50.0,28.5,28.6,27.8,7.7,50.0,27297.2,,not_applied_no_serialized_itinerary_or_eligibility,,adult,Octopus,median_of_mode_specific_official_fare_distance_bin_medians
hk_collective_000127,1,pt,pt_base_fare_adult_octopus_distance_proxy,28.5,TD_GTFS_20260720+MTR_OPEN_DATA_20260720_mode_balanced_distance_bin_median,2026-07-14,low_official_fare_distance_proxy_no_itinerary,work_grid_1499,home_hk_collective_000127,work,home,58527.0,resident,fixed_worker,False,38797.23967160389,7.7,50.0,28.5,28.6,27.8,7.7,50.0,27297.2,,not_applied_no_serialized_itinerary_or_eligibility,,adult,Octopus,median_of_mode_specific_official_fare_distance_bin_medians
hk_collective_000130,0,pt,pt_base_fare_adult_octopus_distance_proxy,22.9,TD_GTFS_20260720+MTR_OPEN_DATA_20260720_mode_balanced_distance_bin_median,2026-07-14,low_official_fare_distance_proxy_no_itinerary,home_hk_collective_000130,border_10,home,border,28423.0,resident,usual_resident_border,False,22359.775213213477,7.7,50.0,20.8,28.0,22.9,7.7,50.0,10859.8,,not_applied_no_serialized_itinerary_or_eligibility,,adult,Octopus,median_of_mode_specific_official_fare_distance_bin_medians
hk_collective_000130,1,pt,pt_base_fare_adult_octopus_distance_proxy,22.9,TD_GTFS_20260720+MTR_OPEN_DATA_20260720_mode_balanced_distance_bin_median,2026-07-14,low_official_fare_distance_proxy_no_itinerary,border_10,home_hk_collective_000130,border,home,70415.0,resident,usual_resident_border,False,22359.775213213477,7.7,50.0,20.8,28.0,22.9,7.7,50.0,10859.8,,not_applied_no_serialized_itinerary_or_eligibility,,adult,Octopus,median_of_mode_specific_official_fare_distance_bin_medians
hk_collective_000134,0,pt,pt_base_fare_adult_octopus_distance_proxy,23.8,TD_GTFS_20260720+MTR_OPEN_DATA_20260720_mode_balanced_distance_bin_median,2026-07-14,low_official_fare_distance_proxy_no_itinerary,home_hk_collective_000134,work_poi_igeocom:544765,home,work,28888.0,resident,fixed_worker,False,23492.92538904137,7.7,50.0,23.8,28.5,22.5,7.7,50.0,11992.9,,not_applied_no_serialized_itinerary_or_eligibility,,adult,Octopus,median_of_mode_specific_official_fare_distance_bin_medians
hk_collective_000134,1,pt,pt_base_fare_adult_octopus_distance_proxy,23.8,TD_GTFS_20260720+MTR_OPEN_DATA_20260720_mode_balanced_distance_bin_median,2026-07-14,low_official_fare_distance_proxy_no_itinerary,work_poi_igeocom:544765,home_hk_collective_000134,work,home,65257.0,resident,fixed_worker,False,23492.92538904137,7.7,50.0,23.8,28.5,22.5,7.7,50.0,11992.9,,not_applied_no_serialized_itinerary_or_eligibility,,adult,Octopus,median_of_mode_specific_official_fare_distance_bin_medians
hk_collective_000134,2,pt,pt_base_fare_adult_octopus_distance_proxy,7.0,TD_GTFS_20260720+MTR_OPEN_DATA_20260720_mode_balanced_distance_bin_median,2026-07-14,low_official_fare_distance_proxy_no_itinerary,home_hk_collective_000134,resident_leisure_igeocom_562325,home,leisure,67193.0,resident,fixed_worker,True,1334.3190945591284,4.9,30.0,7.3,7.0,4.9,5.3,10.0,165.7,,not_applied_no_serialized_itinerary_or_eligibility,,adult,Octopus,median_of_mode_specific_official_fare_distance_bin_medians
hk_collective_000134,3,pt,pt_base_fare_adult_octopus_distance_proxy,7.0,TD_GTFS_20260720+MTR_OPEN_DATA_20260720_mode_balanced_distance_bin_median,2026-07-14,low_official_fare_distance_proxy_no_itinerary,resident_leisure_igeocom_562325,home_hk_collective_000134,leisure,home,78593.0,resident,fixed_worker,True,1334.3190945591284,4.9,30.0,7.3,7.0,4.9,5.3,10.0,165.7,,not_applied_no_serialized_itinerary_or_eligibility,,adult,Octopus,median_of_mode_specific_official_fare_distance_bin_medians
hk_collective_000135,0,pt,pt_base_fare_adult_octopus_distance_proxy,21.6,TD_GTFS_20260720+MTR_OPEN_DATA_20260720_mode_balanced_distance_bin_median,2026-07-14,low_official_fare_distance_proxy_no_itinerary,home_hk_collective_000135,work_poi_osm:missing:61977,home,work,31300.0,resident,fixed_worker,False,21422.26082566127,7.7,36.7,19.6,25.0,22.5,7.7,21.6,9922.3,,not_applied_no_serialized_itinerary_or_eligibility,,adult,Octopus,median_of_mode_specific_official_fare_distance_bin_medians
hk_collective_000135,1,pt,pt_base_fare_adult_octopus_distance_proxy,21.6,TD_GTFS_20260720+MTR_OPEN_DATA_20260720_mode_balanced_distance_bin_median,2026-07-14,low_official_fare_distance_proxy_no_itinerary,work_poi_osm:missing:61977,home_hk_collective_000135,work,home,59007.0,resident,fixed_worker,False,21422.26082566127,7.7,36.7,19.6,25.0,22.5,7.7,21.6,9922.3,,not_applied_no_serialized_itinerary_or_eligibility,,adult,Octopus,median_of_mode_specific_official_fare_distance_bin_medians
hk_collective_000136,0,pt,pt_base_fare_adult_octopus_distance_proxy,15.8,TD_GTFS_20260720+MTR_OPEN_DATA_20260720_mode_balanced_distance_bin_median,2026-07-14,low_official_fare_distance_proxy_no_itinerary,home_hk_collective_000136,border_8,home,border,29049.0,resident,usual_resident_border,False,12257.11454844152,7.7,31.9,12.7,15.9,15.8,7.7,31.9,757.1,,not_applied_no_serialized_itinerary_or_eligibility,,adult,Octopus,median_of_mode_specific_official_fare_distance_bin_medians
hk_collective_000136,1,pt,pt_base_fare_adult_octopus_distance_proxy,15.8,TD_GTFS_20260720+MTR_OPEN_DATA_20260720_mode_balanced_distance_bin_median,2026-07-14,low_official_fare_distance_proxy_no_itinerary,border_8,home_hk_collective_000136,border,home,68688.0,resident,usual_resident_border,False,12257.11454844152,7.7,31.9,12.7,15.9,15.8,7.7,31.9,757.1,,not_applied_no_serialized_itinerary_or_eligibility,,adult,Octopus,median_of_mode_specific_official_fare_distance_bin_medians
hk_collective_000137,0,pt,pt_base_fare_adult_octopus_distance_proxy,28.6,TD_GTFS_20260720+MTR_OPEN_DATA_20260720_mode_balanced_distance_bin_median,2026-07-14,low_official_fare_distance_proxy_no_itinerary,home_hk_collective_000137,work_poi_igeocom:537852,home,work,28190.0,resident,fixed_worker,False,25792.64304042155,7.7,50.0,24.0,28.6,29.3,7.7,50.0,14292.6,,not_applied_no_serialized_itinerary_or_eligibility,,adult,Octopus,median_of_mode_specific_official_fare_distance_bin_medians
hk_collective_000137,1,pt,pt_base_fare_adult_octopus_distance_proxy,28.6,TD_GTFS_20260720+MTR_OPEN_DATA_20260720_mode_balanced_distance_bin_median,2026-07-14,low_official_fare_distance_proxy_no_itinerary,work_poi_igeocom:537852,home_hk_collective_000137,work,home,53041.0,resident,fixed_worker,False,25792.64304042155,7.7,50.0,24.0,28.6,29.3,7.7,50.0,14292.6,,not_applied_no_serialized_itinerary_or_eligibility,,adult,Octopus,median_of_mode_specific_official_fare_distance_bin_medians
hk_collective_000138,0,pt,pt_base_fare_adult_octopus_distance_proxy,13.8,TD_GTFS_20260720+MTR_OPEN_DATA_20260720_mode_balanced_distance_bin_median,2026-07-14,low_official_fare_distance_proxy_no_itinerary,home_hk_collective_000138,school_497,home,school_secondary,27333.0,resident,day_school_student,False,9422.90991257623,7.4,28.1,12.5,13.8,13.8,7.4,20.0,77.1,,not_applied_no_serialized_itinerary_or_eligibility,,adult,Octopus,median_of_mode_specific_official_fare_distance_bin_medians
hk_collective_000138,1,pt,pt_base_fare_adult_octopus_distance_proxy,13.8,TD_GTFS_20260720+MTR_OPEN_DATA_20260720_mode_balanced_distance_bin_median,2026-07-14,low_official_fare_distance_proxy_no_itinerary,school_497,home_hk_collective_000138,school_secondary,home,55992.0,resident,day_school_student,False,9422.90991257623,7.4,28.1,12.5,13.8,13.8,7.4,20.0,77.1,,not_applied_no_serialized_itinerary_or_eligibility,,adult,Octopus,median_of_mode_specific_official_fare_distance_bin_medians
hk_collective_000139,0,pt,pt_base_fare_adult_octopus_distance_proxy,28.6,TD_GTFS_20260720+MTR_OPEN_DATA_20260720_mode_balanced_distance_bin_median,2026-07-14,low_official_fare_distance_proxy_no_itinerary,home_hk_collective_000139,work_poi_osm:missing:70521,home,work,32096.0,resident,fixed_worker,False,26334.164744948383,7.7,50.0,23.8,28.6,30.2,7.7,50.0,14834.2,,not_applied_no_serialized_itinerary_or_eligibility,,adult,Octopus,median_of_mode_specific_official_fare_distance_bin_medians
hk_collective_000139,1,pt,pt_base_fare_adult_octopus_distance_proxy,28.6,TD_GTFS_20260720+MTR_OPEN_DATA_20260720_mode_balanced_distance_bin_median,2026-07-14,low_official_fare_distance_proxy_no_itinerary,work_poi_osm:missing:70521,home_hk_collective_000139,work,home,63361.0,resident,fixed_worker,False,26334.164744948383,7.7,50.0,23.8,28.6,30.2,7.7,50.0,14834.2,,not_applied_no_serialized_itinerary_or_eligibility,,adult,Octopus,median_of_mode_specific_official_fare_distance_bin_medians
hk_collective_000140,0,pt,pt_base_fare_adult_octopus_distance_proxy,28.5,TD_GTFS_20260720+MTR_OPEN_DATA_20260720_mode_balanced_distance_bin_median,2026-07-14,low_official_fare_distance_proxy_no_itinerary,home_hk_collective_000140,work_grid_1583,home,work,25432.0,resident,fixed_worker,False,44412.293315171126,7.7,50.0,28.5,28.6,27.8,7.7,50.0,32912.3,,not_applied_no_serialized_itinerary_or_eligibility,,adult,Octopus,median_of_mode_specific_official_fare_distance_bin_medians
hk_collective_000140,1,pt,pt_base_fare_adult_octopus_distance_proxy,28.5,TD_GTFS_20260720+MTR_OPEN_DATA_20260720_mode_balanced_distance_bin_median,2026-07-14,low_official_fare_distance_proxy_no_itinerary,work_grid_1583,home_hk_collective_000140,work,home,60348.0,resident,fixed_worker,False,44412.293315171126,7.7,50.0,28.5,28.6,27.8,7.7,50.0,32912.3,,not_applied_no_serialized_itinerary_or_eligibility,,adult,Octopus,median_of_mode_specific_official_fare_distance_bin_medians
hk_collective_000141,0,pt,pt_base_fare_adult_octopus_distance_proxy,21.6,TD_GTFS_20260720+MTR_OPEN_DATA_20260720_mode_balanced_distance_bin_median,2026-07-14,low_official_fare_distance_proxy_no_itinerary,home_hk_collective_000141,work_poi_igeocom:21078182,home,work,28327.0,resident,fixed_worker,False,20908.95180815919,7.7,36.7,18.8,25.0,22.1,7.7,21.6,9409.0,,not_applied_no_serialized_itinerary_or_eligibility,,adult,Octopus,median_of_mode_specific_official_fare_distance_bin_medians
hk_collective_000141,1,pt,pt_base_fare_adult_octopus_distance_proxy,21.6,TD_GTFS_20260720+MTR_OPEN_DATA_20260720_mode_balanced_distance_bin_median,2026-07-14,low_official_fare_distance_proxy_no_itinerary,work_poi_igeocom:21078182,home_hk_collective_000141,work,home,54832.0,resident,fixed_worker,False,20908.95180815919,7.7,36.7,18.8,25.0,22.1,7.7,21.6,9409.0,,not_applied_no_serialized_itinerary_or_eligibility,,adult,Octopus,median_of_mode_specific_official_fare_distance_bin_medians
hk_collective_000142,0,pt,pt_base_fare_adult_octopus_distance_proxy,7.5,TD_GTFS_20260720+MTR_OPEN_DATA_20260720_mode_balanced_distance_bin_median,2026-07-14,low_official_fare_distance_proxy_no_itinerary,home_hk_collective_000142,work_poi_igeocom:561150,home,work,31439.0,resident,fixed_worker,False,2216.8637079324903,4.9,45.0,7.5,8.0,5.9,5.4,20.0,283.1,,not_applied_no_serialized_itinerary_or_eligibility,,adult,Octopus,median_of_mode_specific_official_fare_distance_bin_medians
hk_collective_000142,1,pt,pt_base_fare_adult_octopus_distance_proxy,7.5,TD_GTFS_20260720+MTR_OPEN_DATA_20260720_mode_balanced_distance_bin_median,2026-07-14,low_official_fare_distance_proxy_no_itinerary,work_poi_igeocom:561150,home_hk_collective_000142,work,home,63033.0,resident,fixed_worker,False,2216.8637079324903,4.9,45.0,7.5,8.0,5.9,5.4,20.0,283.1,,not_applied_no_serialized_itinerary_or_eligibility,,adult,Octopus,median_of_mode_specific_official_fare_distance_bin_medians
hk_collective_000144,0,pt,pt_base_fare_adult_octopus_distance_proxy,28.6,TD_GTFS_20260720+MTR_OPEN_DATA_20260720_mode_balanced_distance_bin_median,2026-07-14,low_official_fare_distance_proxy_no_itinerary,home_hk_collective_000144,work_poi_osm:missing:53302,home,work,24694.0,resident,fixed_worker,False,29241.05942019155,7.7,54.4,27.6,28.6,30.2,7.7,50.0,17741.1,,not_applied_no_serialized_itinerary_or_eligibility,,adult,Octopus,median_of_mode_specific_official_fare_distance_bin_medians
hk_collective_000144,1,pt,pt_base_fare_adult_octopus_distance_proxy,28.6,TD_GTFS_20260720+MTR_OPEN_DATA_20260720_mode_balanced_distance_bin_median,2026-07-14,low_official_fare_distance_proxy_no_itinerary,work_poi_osm:missing:53302,home_hk_collective_000144,work,home,52231.0,resident,fixed_worker,False,29241.05942019155,7.7,54.4,27.6,28.6,30.2,7.7,50.0,17741.1,,not_applied_no_serialized_itinerary_or_eligibility,,adult,Octopus,median_of_mode_specific_official_fare_distance_bin_medians
hk_collective_000145,0,pt,pt_base_fare_adult_octopus_distance_proxy,7.5,TD_GTFS_20260720+MTR_OPEN_DATA_20260720_mode_balanced_distance_bin_median,2026-07-14,low_official_fare_distance_proxy_no_itinerary,home_hk_collective_000145,resident_medical_osm_12003219534_43364,home,medical,42904.0,resident,home_only,True,2367.5322640794943,4.9,45.0,7.5,8.0,5.9,5.4,20.0,132.5,,not_applied_no_serialized_itinerary_or_eligibility,,adult,Octopus,median_of_mode_specific_official_fare_distance_bin_medians
hk_collective_000145,1,pt,pt_base_fare_adult_octopus_distance_proxy,7.5,TD_GTFS_20260720+MTR_OPEN_DATA_20260720_mode_balanced_distance_bin_median,2026-07-14,low_official_fare_distance_proxy_no_itinerary,resident_medical_osm_12003219534_43364,home_hk_collective_000145,medical,home,50704.0,resident,home_only,True,2367.5322640794943,4.9,45.0,7.5,8.0,5.9,5.4,20.0,132.5,,not_applied_no_serialized_itinerary_or_eligibility,,adult,Octopus,median_of_mode_specific_official_fare_distance_bin_medians
hk_collective_000146,0,pt,pt_base_fare_adult_octopus_distance_proxy,7.0,TD_GTFS_20260720+MTR_OPEN_DATA_20260720_mode_balanced_distance_bin_median,2026-07-14,low_official_fare_distance_proxy_no_itinerary,home_hk_collective_000146,work_mobile_poi_osm:missing:57164,home,work_mobile,34489.0,resident,work_mobile,False,1655.3260735665078,4.9,30.0,7.3,7.0,4.9,5.3,10.0,155.3,,not_applied_no_serialized_itinerary_or_eligibility,,adult,Octopus,median_of_mode_specific_official_fare_distance_bin_medians
hk_collective_000146,1,pt,pt_base_fare_adult_octopus_distance_proxy,7.0,TD_GTFS_20260720+MTR_OPEN_DATA_20260720_mode_balanced_distance_bin_median,2026-07-14,low_official_fare_distance_proxy_no_itinerary,work_mobile_poi_osm:missing:57164,home_hk_collective_000146,work_mobile,home,70799.0,resident,work_mobile,False,1655.3260735665078,4.9,30.0,7.3,7.0,4.9,5.3,10.0,155.3,,not_applied_no_serialized_itinerary_or_eligibility,,adult,Octopus,median_of_mode_specific_official_fare_distance_bin_medians
hk_collective_000146,2,pt,pt_base_fare_adult_octopus_distance_proxy,21.6,TD_GTFS_20260720+MTR_OPEN_DATA_20260720_mode_balanced_distance_bin_median,2026-07-14,low_official_fare_distance_proxy_no_itinerary,home_hk_collective_000146,resident_personal_business_igeocom_549699,home,personal_business,75155.0,resident,work_mobile,True,21117.119413418997,7.7,36.7,19.6,25.0,22.5,7.7,21.6,9617.1,,not_applied_no_serialized_itinerary_or_eligibility,,adult,Octopus,median_of_mode_specific_official_fare_distance_bin_medians
hk_collective_000146,3,pt,pt_base_fare_adult_octopus_distance_proxy,21.6,TD_GTFS_20260720+MTR_OPEN_DATA_20260720_mode_balanced_distance_bin_median,2026-07-14,low_official_fare_distance_proxy_no_itinerary,resident_personal_business_igeocom_549699,home_hk_collective_000146,personal_business,home,82055.0,resident,work_mobile,True,21117.119413418997,7.7,36.7,19.6,25.0,22.5,7.7,21.6,9617.1,,not_applied_no_serialized_itinerary_or_eligibility,,adult,Octopus,median_of_mode_specific_official_fare_distance_bin_medians
hk_collective_000147,0,pt,pt_base_fare_adult_octopus_distance_proxy,7.0,TD_GTFS_20260720+MTR_OPEN_DATA_20260720_mode_balanced_distance_bin_median,2026-07-14,low_official_fare_distance_proxy_no_itinerary,home_hk_collective_000147,resident_shopping_osm_4675924775_18797,home,shopping,53052.0,resident,home_only,True,1381.1221648826936,4.9,30.0,7.3,7.0,4.9,5.3,10.0,118.9,,not_applied_no_serialized_itinerary_or_eligibility,,adult,Octopus,median_of_mode_specific_official_fare_distance_bin_medians
hk_collective_000147,1,pt,pt_base_fare_adult_octopus_distance_proxy,21.6,TD_GTFS_20260720+MTR_OPEN_DATA_20260720_mode_balanced_distance_bin_median,2026-07-14,low_official_fare_distance_proxy_no_itinerary,resident_shopping_osm_4675924775_18797,resident_leisure_igeocom_542276,shopping,leisure,59952.0,resident,home_only,True,21546.235334440367,7.7,36.7,19.6,25.0,22.5,7.7,21.6,10046.2,,not_applied_no_serialized_itinerary_or_eligibility,,adult,Octopus,median_of_mode_specific_official_fare_distance_bin_medians
hk_collective_000147,2,pt,pt_base_fare_adult_octopus_distance_proxy,21.6,TD_GTFS_20260720+MTR_OPEN_DATA_20260720_mode_balanced_distance_bin_median,2026-07-14,low_official_fare_distance_proxy_no_itinerary,resident_leisure_igeocom_542276,home_hk_collective_000147,leisure,home,71352.0,resident,home_only,True,21288.031913846044,7.7,36.7,19.6,25.0,22.5,7.7,21.6,9788.0,,not_applied_no_serialized_itinerary_or_eligibility,,adult,Octopus,median_of_mode_specific_official_fare_distance_bin_medians
hk_collective_000149,0,pt,pt_base_fare_adult_octopus_distance_proxy,18.4,TD_GTFS_20260720+MTR_OPEN_DATA_20260720_mode_balanced_distance_bin_median,2026-07-14,low_official_fare_distance_proxy_no_itinerary,home_hk_collective_000149,work_poi_igeocom:531250,home,work,29573.0,resident,fixed_worker,False,15127.328931798198,7.7,27.3,16.9,19.1,18.4,7.7,20.0,3627.3,,not_applied_no_serialized_itinerary_or_eligibility,,adult,Octopus,median_of_mode_specific_official_fare_distance_bin_medians
hk_collective_000149,1,pt,pt_base_fare_adult_octopus_distance_proxy,18.4,TD_GTFS_20260720+MTR_OPEN_DATA_20260720_mode_balanced_distance_bin_median,2026-07-14,low_official_fare_distance_proxy_no_itinerary,work_poi_igeocom:531250,home_hk_collective_000149,work,home,65570.0,resident,fixed_worker,False,15127.328931798198,7.7,27.3,16.9,19.1,18.4,7.7,20.0,3627.3,,not_applied_no_serialized_itinerary_or_eligibility,,adult,Octopus,median_of_mode_specific_official_fare_distance_bin_medians
hk_collective_000150,0,pt,pt_base_fare_adult_octopus_distance_proxy,7.5,TD_GTFS_20260720+MTR_OPEN_DATA_20260720_mode_balanced_distance_bin_median,2026-07-14,low_official_fare_distance_proxy_no_itinerary,home_hk_collective_000150,school_2349,home,school_kindergarten,28060.0,resident,day_school_student,False,2266.2049009298757,4.9,45.0,7.5,8.0,5.9,5.4,20.0,233.8,,not_applied_no_serialized_itinerary_or_eligibility,,adult,Octopus,median_of_mode_specific_official_fare_distance_bin_medians
hk_collective_000150,1,pt,pt_base_fare_adult_octopus_distance_proxy,7.5,TD_GTFS_20260720+MTR_OPEN_DATA_20260720_mode_balanced_distance_bin_median,2026-07-14,low_official_fare_distance_proxy_no_itinerary,school_2349,home_hk_collective_000150,school_kindergarten,home,46734.0,resident,day_school_student,False,2266.2049009298757,4.9,45.0,7.5,8.0,5.9,5.4,20.0,233.8,,not_applied_no_serialized_itinerary_or_eligibility,,adult,Octopus,median_of_mode_specific_official_fare_distance_bin_medians
hk_collective_000151,0,pt,pt_base_fare_adult_octopus_distance_proxy,28.6,TD_GTFS_20260720+MTR_OPEN_DATA_20260720_mode_balanced_distance_bin_median,2026-07-14,low_official_fare_distance_proxy_no_itinerary,home_hk_collective_000151,work_poi_igeocom:549266,home,work,26857.0,resident,fixed_worker,False,25511.92107644702,7.7,50.0,24.0,28.6,29.3,7.7,50.0,14011.9,,not_applied_no_serialized_itinerary_or_eligibility,,adult,Octopus,median_of_mode_specific_official_fare_distance_bin_medians
hk_collective_000151,1,pt,pt_base_fare_adult_octopus_distance_proxy,28.6,TD_GTFS_20260720+MTR_OPEN_DATA_20260720_mode_balanced_distance_bin_median,2026-07-14,low_official_fare_distance_proxy_no_itinerary,work_poi_igeocom:549266,home_hk_collective_000151,work,home,61782.0,resident,fixed_worker,False,25511.92107644702,7.7,50.0,24.0,28.6,29.3,7.7,50.0,14011.9,,not_applied_no_serialized_itinerary_or_eligibility,,adult,Octopus,median_of_mode_specific_official_fare_distance_bin_medians
hk_collective_000152,0,pt,pt_base_fare_adult_octopus_distance_proxy,22.9,TD_GTFS_20260720+MTR_OPEN_DATA_20260720_mode_balanced_distance_bin_median,2026-07-14,low_official_fare_distance_proxy_no_itinerary,home_hk_collective_000152,work_poi_igeocom:21079339,home,work,27792.0,resident,fixed_worker,False,22192.37161363008,7.7,50.0,20.8,28.0,22.9,7.7,50.0,10692.4,,not_applied_no_serialized_itinerary_or_eligibility,,adult,Octopus,median_of_mode_specific_official_fare_distance_bin_medians
hk_collective_000152,1,pt,pt_base_fare_adult_octopus_distance_proxy,22.9,TD_GTFS_20260720+MTR_OPEN_DATA_20260720_mode_balanced_distance_bin_median,2026-07-14,low_official_fare_distance_proxy_no_itinerary,work_poi_igeocom:21079339,home_hk_collective_000152,work,home,54750.0,resident,fixed_worker,False,22192.37161363008,7.7,50.0,20.8,28.0,22.9,7.7,50.0,10692.4,,not_applied_no_serialized_itinerary_or_eligibility,,adult,Octopus,median_of_mode_specific_official_fare_distance_bin_medians
hk_collective_000154,0,pt,pt_base_fare_adult_octopus_distance_proxy,28.6,TD_GTFS_20260720+MTR_OPEN_DATA_20260720_mode_balanced_distance_bin_median,2026-07-14,low_official_fare_distance_proxy_no_itinerary,home_hk_collective_000154,work_mobile_poi_igeocom:545021,home,work_mobile,25189.0,resident,work_mobile,False,27339.034977982108,7.7,52.2,24.8,28.6,30.2,7.7,50.0,15839.0,,not_applied_no_serialized_itinerary_or_eligibility,,adult,Octopus,median_of_mode_specific_official_fare_distance_bin_medians
hk_collective_000154,1,pt,pt_base_fare_adult_octopus_distance_proxy,28.6,TD_GTFS_20260720+MTR_OPEN_DATA_20260720_mode_balanced_distance_bin_median,2026-07-14,low_official_fare_distance_proxy_no_itinerary,work_mobile_poi_igeocom:545021,home_hk_collective_000154,work_mobile,home,58131.0,resident,work_mobile,False,27339.034977982108,7.7,52.2,24.8,28.6,30.2,7.7,50.0,15839.0,,not_applied_no_serialized_itinerary_or_eligibility,,adult,Octopus,median_of_mode_specific_official_fare_distance_bin_medians
hk_collective_000157,0,pt,pt_base_fare_adult_octopus_distance_proxy,15.4,TD_GTFS_20260720+MTR_OPEN_DATA_20260720_mode_balanced_distance_bin_median,2026-07-14,low_official_fare_distance_proxy_no_itinerary,home_hk_collective_000157,work_poi_igeocom:562787,home,work,33207.0,resident,fixed_worker,False,11230.983708591577,7.7,36.0,12.9,15.4,15.8,7.7,36.0,269.0,,not_applied_no_serialized_itinerary_or_eligibility,,adult,Octopus,median_of_mode_specific_official_fare_distance_bin_medians
hk_collective_000157,1,pt,pt_base_fare_adult_octopus_distance_proxy,15.4,TD_GTFS_20260720+MTR_OPEN_DATA_20260720_mode_balanced_distance_bin_median,2026-07-14,low_official_fare_distance_proxy_no_itinerary,work_poi_igeocom:562787,home_hk_collective_000157,work,home,63966.0,resident,fixed_worker,False,11230.983708591577,7.7,36.0,12.9,15.4,15.8,7.7,36.0,269.0,,not_applied_no_serialized_itinerary_or_eligibility,,adult,Octopus,median_of_mode_specific_official_fare_distance_bin_medians
hk_collective_000158,0,pt,pt_base_fare_adult_octopus_distance_proxy,12.1,TD_GTFS_20260720+MTR_OPEN_DATA_20260720_mode_balanced_distance_bin_median,2026-07-14,low_official_fare_distance_proxy_no_itinerary,home_hk_collective_000158,work_poi_igeocom:21248041,home,work,34400.0,resident,fixed_worker,False,8106.433990527715,6.5,65.0,12.1,13.8,11.1,6.5,20.0,393.6,,not_applied_no_serialized_itinerary_or_eligibility,,adult,Octopus,median_of_mode_specific_official_fare_distance_bin_medians
hk_collective_000158,1,pt,pt_base_fare_adult_octopus_distance_proxy,12.1,TD_GTFS_20260720+MTR_OPEN_DATA_20260720_mode_balanced_distance_bin_median,2026-07-14,low_official_fare_distance_proxy_no_itinerary,work_poi_igeocom:21248041,home_hk_collective_000158,work,home,67037.0,resident,fixed_worker,False,8106.433990527715,6.5,65.0,12.1,13.8,11.1,6.5,20.0,393.6,,not_applied_no_serialized_itinerary_or_eligibility,,adult,Octopus,median_of_mode_specific_official_fare_distance_bin_medians
hk_collective_000159,0,pt,pt_base_fare_adult_octopus_distance_proxy,11.7,TD_GTFS_20260720+MTR_OPEN_DATA_20260720_mode_balanced_distance_bin_median,2026-07-14,low_official_fare_distance_proxy_no_itinerary,home_hk_collective_000159,work_mobile_poi_igeocom:538626,home,work_mobile,30450.0,resident,work_mobile,False,7638.823482020488,6.1,51.0,11.7,12.4,11.0,6.1,30.0,138.8,,not_applied_no_serialized_itinerary_or_eligibility,,adult,Octopus,median_of_mode_specific_official_fare_distance_bin_medians
hk_collective_000159,1,pt,pt_base_fare_adult_octopus_distance_proxy,11.7,TD_GTFS_20260720+MTR_OPEN_DATA_20260720_mode_balanced_distance_bin_median,2026-07-14,low_official_fare_distance_proxy_no_itinerary,work_mobile_poi_igeocom:538626,home_hk_collective_000159,work_mobile,home,61676.0,resident,work_mobile,False,7638.823482020488,6.1,51.0,11.7,12.4,11.0,6.1,30.0,138.8,,not_applied_no_serialized_itinerary_or_eligibility,,adult,Octopus,median_of_mode_specific_official_fare_distance_bin_medians
hk_collective_000160,0,pt,pt_base_fare_adult_octopus_distance_proxy,13.8,TD_GTFS_20260720+MTR_OPEN_DATA_20260720_mode_balanced_distance_bin_median,2026-07-14,low_official_fare_distance_proxy_no_itinerary,home_hk_collective_000160,resident_dining_osm_2406456645_6434,home,dining,59883.0,resident,home_only,True,9067.548161204164,7.4,28.1,12.5,13.8,13.8,7.4,20.0,432.5,,not_applied_no_serialized_itinerary_or_eligibility,,adult,Octopus,median_of_mode_specific_official_fare_distance_bin_medians
hk_collective_000160,1,pt,pt_base_fare_adult_octopus_distance_proxy,15.8,TD_GTFS_20260720+MTR_OPEN_DATA_20260720_mode_balanced_distance_bin_median,2026-07-14,low_official_fare_distance_proxy_no_itinerary,resident_dining_osm_2406456645_6434,resident_shopping_igeocom_534342,dining,shopping,66483.0,resident,home_only,True,12955.587555096758,7.7,31.9,12.7,15.9,15.8,7.7,31.9,1455.6,,not_applied_no_serialized_itinerary_or_eligibility,,adult,Octopus,median_of_mode_specific_official_fare_distance_bin_medians
hk_collective_000160,2,pt,pt_base_fare_adult_octopus_distance_proxy,18.4,TD_GTFS_20260720+MTR_OPEN_DATA_20260720_mode_balanced_distance_bin_median,2026-07-14,low_official_fare_distance_proxy_no_itinerary,resident_shopping_igeocom_534342,home_hk_collective_000160,shopping,home,73383.0,resident,home_only,True,15458.184503391985,7.7,27.3,16.9,19.1,18.4,7.7,20.0,3958.2,,not_applied_no_serialized_itinerary_or_eligibility,,adult,Octopus,median_of_mode_specific_official_fare_distance_bin_medians
hk_collective_000161,0,pt,pt_base_fare_adult_octopus_distance_proxy,28.6,TD_GTFS_20260720+MTR_OPEN_DATA_20260720_mode_balanced_distance_bin_median,2026-07-14,low_official_fare_distance_proxy_no_itinerary,home_hk_collective_000161,work_poi_igeocom:21271963,home,work,27620.0,resident,fixed_worker,False,26252.024443272756,7.7,50.0,23.8,28.6,30.2,7.7,50.0,14752.0,,not_applied_no_serialized_itinerary_or_eligibility,,adult,Octopus,median_of_mode_specific_official_fare_distance_bin_medians
hk_collective_000161,1,pt,pt_base_fare_adult_octopus_distance_proxy,28.6,TD_GTFS_20260720+MTR_OPEN_DATA_20260720_mode_balanced_distance_bin_median,2026-07-14,low_official_fare_distance_proxy_no_itinerary,work_poi_igeocom:21271963,home_hk_collective_000161,work,home,57724.0,resident,fixed_worker,False,26252.024443272756,7.7,50.0,23.8,28.6,30.2,7.7,50.0,14752.0,,not_applied_no_serialized_itinerary_or_eligibility,,adult,Octopus,median_of_mode_specific_official_fare_distance_bin_medians
hk_collective_000163,0,pt,pt_base_fare_adult_octopus_distance_proxy,15.8,TD_GTFS_20260720+MTR_OPEN_DATA_20260720_mode_balanced_distance_bin_median,2026-07-14,low_official_fare_distance_proxy_no_itinerary,home_hk_collective_000163,work_poi_osm:missing:68943,home,work,28382.0,resident,fixed_worker,False,13286.606508188912,7.7,59.0,13.1,18.7,15.8,7.7,30.0,1786.6,,not_applied_no_serialized_itinerary_or_eligibility,,adult,Octopus,median_of_mode_specific_official_fare_distance_bin_medians
hk_collective_000163,1,pt,pt_base_fare_adult_octopus_distance_proxy,15.8,TD_GTFS_20260720+MTR_OPEN_DATA_20260720_mode_balanced_distance_bin_median,2026-07-14,low_official_fare_distance_proxy_no_itinerary,work_poi_osm:missing:68943,home_hk_collective_000163,work,home,63096.0,resident,fixed_worker,False,13286.606508188912,7.7,59.0,13.1,18.7,15.8,7.7,30.0,1786.6,,not_applied_no_serialized_itinerary_or_eligibility,,adult,Octopus,median_of_mode_specific_official_fare_distance_bin_medians
hk_collective_000164,0,pt,pt_base_fare_adult_octopus_distance_proxy,7.5,TD_GTFS_20260720+MTR_OPEN_DATA_20260720_mode_balanced_distance_bin_median,2026-07-14,low_official_fare_distance_proxy_no_itinerary,home_hk_collective_000164,resident_shopping_igeocom_552590,home,shopping,41722.0,resident,home_only,True,2430.699535598781,4.9,45.0,7.5,8.0,5.9,5.4,20.0,69.3,,not_applied_no_serialized_itinerary_or_eligibility,,adult,Octopus,median_of_mode_specific_official_fare_distance_bin_medians
hk_collective_000164,1,pt,pt_base_fare_adult_octopus_distance_proxy,11.7,TD_GTFS_20260720+MTR_OPEN_DATA_20260720_mode_balanced_distance_bin_median,2026-07-14,low_official_fare_distance_proxy_no_itinerary,resident_shopping_igeocom_552590,resident_dining_osm_11722929666_42602,shopping,dining,48622.0,resident,home_only,True,7178.877913951458,6.1,51.0,11.7,12.4,11.0,6.1,30.0,321.1,,not_applied_no_serialized_itinerary_or_eligibility,,adult,Octopus,median_of_mode_specific_official_fare_distance_bin_medians
hk_collective_000164,2,pt,pt_base_fare_adult_octopus_distance_proxy,13.8,TD_GTFS_20260720+MTR_OPEN_DATA_20260720_mode_balanced_distance_bin_median,2026-07-14,low_official_fare_distance_proxy_no_itinerary,resident_dining_osm_11722929666_42602,home_hk_collective_000164,dining,home,55222.0,resident,home_only,True,9602.555300832324,7.4,28.1,12.5,13.8,13.8,7.4,20.0,102.6,,not_applied_no_serialized_itinerary_or_eligibility,,adult,Octopus,median_of_mode_specific_official_fare_distance_bin_medians
hk_collective_000165,0,pt,pt_base_fare_adult_octopus_distance_proxy,21.6,TD_GTFS_20260720+MTR_OPEN_DATA_20260720_mode_balanced_distance_bin_median,2026-07-14,low_official_fare_distance_proxy_no_itinerary,home_hk_collective_000165,school_1015,home,school_secondary,29808.0,resident,day_school_student,False,20798.899623210073,7.7,36.7,18.8,25.0,22.1,7.7,21.6,9298.9,,not_applied_no_serialized_itinerary_or_eligibility,,adult,Octopus,median_of_mode_specific_official_fare_distance_bin_medians
hk_collective_000165,1,pt,pt_base_fare_adult_octopus_distance_proxy,21.6,TD_GTFS_20260720+MTR_OPEN_DATA_20260720_mode_balanced_distance_bin_median,2026-07-14,low_official_fare_distance_proxy_no_itinerary,school_1015,home_hk_collective_000165,school_secondary,home,58283.0,resident,day_school_student,False,20798.899623210073,7.7,36.7,18.8,25.0,22.1,7.7,21.6,9298.9,,not_applied_no_serialized_itinerary_or_eligibility,,adult,Octopus,median_of_mode_specific_official_fare_distance_bin_medians
hk_collective_000167,0,pt,pt_base_fare_adult_octopus_distance_proxy,11.1,TD_GTFS_20260720+MTR_OPEN_DATA_20260720_mode_balanced_distance_bin_median,2026-07-14,low_official_fare_distance_proxy_no_itinerary,home_hk_collective_000167,work_poi_igeocom:552220,home,work,29071.0,resident,fixed_worker,False,6984.2389981377655,5.4,50.0,11.0,11.7,11.1,5.4,20.0,484.2,,not_applied_no_serialized_itinerary_or_eligibility,,adult,Octopus,median_of_mode_specific_official_fare_distance_bin_medians
hk_collective_000167,1,pt,pt_base_fare_adult_octopus_distance_proxy,11.1,TD_GTFS_20260720+MTR_OPEN_DATA_20260720_mode_balanced_distance_bin_median,2026-07-14,low_official_fare_distance_proxy_no_itinerary,work_poi_igeocom:552220,home_hk_collective_000167,work,home,64614.0,resident,fixed_worker,False,6984.2389981377655,5.4,50.0,11.0,11.7,11.1,5.4,20.0,484.2,,not_applied_no_serialized_itinerary_or_eligibility,,adult,Octopus,median_of_mode_specific_official_fare_distance_bin_medians
hk_collective_000168,0,pt,pt_base_fare_adult_octopus_distance_proxy,15.4,TD_GTFS_20260720+MTR_OPEN_DATA_20260720_mode_balanced_distance_bin_median,2026-07-14,low_official_fare_distance_proxy_no_itinerary,home_hk_collective_000168,work_poi_osm:13992208604:48486,home,work,27759.0,resident,fixed_worker,False,11171.782752354484,7.7,36.0,12.9,15.4,15.8,7.7,36.0,328.2,,not_applied_no_serialized_itinerary_or_eligibility,,adult,Octopus,median_of_mode_specific_official_fare_distance_bin_medians
hk_collective_000168,1,pt,pt_base_fare_adult_octopus_distance_proxy,15.4,TD_GTFS_20260720+MTR_OPEN_DATA_20260720_mode_balanced_distance_bin_median,2026-07-14,low_official_fare_distance_proxy_no_itinerary,work_poi_osm:13992208604:48486,home_hk_collective_000168,work,home,67402.0,resident,fixed_worker,False,11171.782752354484,7.7,36.0,12.9,15.4,15.8,7.7,36.0,328.2,,not_applied_no_serialized_itinerary_or_eligibility,,adult,Octopus,median_of_mode_specific_official_fare_distance_bin_medians
hk_collective_000170,0,pt,pt_base_fare_adult_octopus_distance_proxy,28.6,TD_GTFS_20260720+MTR_OPEN_DATA_20260720_mode_balanced_distance_bin_median,2026-07-14,low_official_fare_distance_proxy_no_itinerary,home_hk_collective_000170,work_poi_igeocom:21074385,home,work,25186.0,resident,fixed_worker,False,29357.957186175503,7.7,54.4,27.6,28.6,30.2,7.7,50.0,17858.0,,not_applied_no_serialized_itinerary_or_eligibility,,adult,Octopus,median_of_mode_specific_official_fare_distance_bin_medians
hk_collective_000170,1,pt,pt_base_fare_adult_octopus_distance_proxy,28.6,TD_GTFS_20260720+MTR_OPEN_DATA_20260720_mode_balanced_distance_bin_median,2026-07-14,low_official_fare_distance_proxy_no_itinerary,work_poi_igeocom:21074385,home_hk_collective_000170,work,home,61824.0,resident,fixed_worker,False,29357.957186175503,7.7,54.4,27.6,28.6,30.2,7.7,50.0,17858.0,,not_applied_no_serialized_itinerary_or_eligibility,,adult,Octopus,median_of_mode_specific_official_fare_distance_bin_medians
hk_collective_000171,0,pt,pt_base_fare_adult_octopus_distance_proxy,28.6,TD_GTFS_20260720+MTR_OPEN_DATA_20260720_mode_balanced_distance_bin_median,2026-07-14,low_official_fare_distance_proxy_no_itinerary,home_hk_collective_000171,border_12,home,border,26305.0,resident,usual_resident_border,False,26620.14913417196,7.7,50.0,23.8,28.6,30.2,7.7,50.0,15120.1,,not_applied_no_serialized_itinerary_or_eligibility,,adult,Octopus,median_of_mode_specific_official_fare_distance_bin_medians
hk_collective_000171,1,pt,pt_base_fare_adult_octopus_distance_proxy,28.6,TD_GTFS_20260720+MTR_OPEN_DATA_20260720_mode_balanced_distance_bin_median,2026-07-14,low_official_fare_distance_proxy_no_itinerary,border_12,home_hk_collective_000171,border,home,66154.0,resident,usual_resident_border,False,26620.14913417196,7.7,50.0,23.8,28.6,30.2,7.7,50.0,15120.1,,not_applied_no_serialized_itinerary_or_eligibility,,adult,Octopus,median_of_mode_specific_official_fare_distance_bin_medians
hk_collective_000173,0,pt,pt_base_fare_adult_octopus_distance_proxy,11.1,TD_GTFS_20260720+MTR_OPEN_DATA_20260720_mode_balanced_distance_bin_median,2026-07-14,low_official_fare_distance_proxy_no_itinerary,home_hk_collective_000173,work_mobile_poi_osm:missing:60553,home,work_mobile,26573.0,resident,work_mobile,False,6052.93844798577,5.4,50.0,11.0,11.7,11.1,5.4,20.0,447.1,,not_applied_no_serialized_itinerary_or_eligibility,,adult,Octopus,median_of_mode_specific_official_fare_distance_bin_medians
hk_collective_000173,1,pt,pt_base_fare_adult_octopus_distance_proxy,11.1,TD_GTFS_20260720+MTR_OPEN_DATA_20260720_mode_balanced_distance_bin_median,2026-07-14,low_official_fare_distance_proxy_no_itinerary,work_mobile_poi_osm:missing:60553,home_hk_collective_000173,work_mobile,home,61232.0,resident,work_mobile,False,6052.93844798577,5.4,50.0,11.0,11.7,11.1,5.4,20.0,447.1,,not_applied_no_serialized_itinerary_or_eligibility,,adult,Octopus,median_of_mode_specific_official_fare_distance_bin_medians
hk_collective_000174,0,pt,pt_base_fare_adult_octopus_distance_proxy,28.6,TD_GTFS_20260720+MTR_OPEN_DATA_20260720_mode_balanced_distance_bin_median,2026-07-14,low_official_fare_distance_proxy_no_itinerary,home_hk_collective_000174,work_poi_osm:11416746949:41945,home,work,28222.0,resident,fixed_worker,False,25858.991452594557,7.7,50.0,24.0,28.6,29.3,7.7,50.0,14359.0,,not_applied_no_serialized_itinerary_or_eligibility,,adult,Octopus,median_of_mode_specific_official_fare_distance_bin_medians
hk_collective_000174,1,pt,pt_base_fare_adult_octopus_distance_proxy,28.6,TD_GTFS_20260720+MTR_OPEN_DATA_20260720_mode_balanced_distance_bin_median,2026-07-14,low_official_fare_distance_proxy_no_itinerary,work_poi_osm:11416746949:41945,home_hk_collective_000174,work,home,54481.0,resident,fixed_worker,False,25858.991452594557,7.7,50.0,24.0,28.6,29.3,7.7,50.0,14359.0,,not_applied_no_serialized_itinerary_or_eligibility,,adult,Octopus,median_of_mode_specific_official_fare_distance_bin_medians
hk_collective_000175,0,pt,pt_base_fare_adult_octopus_distance_proxy,7.0,TD_GTFS_20260720+MTR_OPEN_DATA_20260720_mode_balanced_distance_bin_median,2026-07-14,low_official_fare_distance_proxy_no_itinerary,home_hk_collective_000175,work_poi_igeocom:21247916,home,work,23140.0,resident,fixed_worker,False,1198.8143041856592,4.9,30.0,7.3,7.0,4.9,5.3,10.0,301.2,,not_applied_no_serialized_itinerary_or_eligibility,,adult,Octopus,median_of_mode_specific_official_fare_distance_bin_medians
hk_collective_000175,1,pt,pt_base_fare_adult_octopus_distance_proxy,7.0,TD_GTFS_20260720+MTR_OPEN_DATA_20260720_mode_balanced_distance_bin_median,2026-07-14,low_official_fare_distance_proxy_no_itinerary,work_poi_igeocom:21247916,home_hk_collective_000175,work,home,53009.0,resident,fixed_worker,False,1198.8143041856592,4.9,30.0,7.3,7.0,4.9,5.3,10.0,301.2,,not_applied_no_serialized_itinerary_or_eligibility,,adult,Octopus,median_of_mode_specific_official_fare_distance_bin_medians
hk_collective_000177,0,pt,pt_base_fare_adult_octopus_distance_proxy,6.2,TD_GTFS_20260720+MTR_OPEN_DATA_20260720_mode_balanced_distance_bin_median,2026-07-14,low_official_fare_distance_proxy_no_itinerary,home_hk_collective_000177,school_316,home,school_primary,24201.0,resident,day_school_student,False,892.860469674707,3.0,51.0,6.8,6.2,4.9,5.1,8.3,392.9,,not_applied_no_serialized_itinerary_or_eligibility,,adult,Octopus,median_of_mode_specific_official_fare_distance_bin_medians
hk_collective_000177,1,pt,pt_base_fare_adult_octopus_distance_proxy,6.2,TD_GTFS_20260720+MTR_OPEN_DATA_20260720_mode_balanced_distance_bin_median,2026-07-14,low_official_fare_distance_proxy_no_itinerary,school_316,home_hk_collective_000177,school_primary,home,55912.0,resident,day_school_student,False,892.860469674707,3.0,51.0,6.8,6.2,4.9,5.1,8.3,392.9,,not_applied_no_serialized_itinerary_or_eligibility,,adult,Octopus,median_of_mode_specific_official_fare_distance_bin_medians
hk_collective_000178,0,pt,pt_base_fare_adult_octopus_distance_proxy,28.6,TD_GTFS_20260720+MTR_OPEN_DATA_20260720_mode_balanced_distance_bin_median,2026-07-14,low_official_fare_distance_proxy_no_itinerary,home_hk_collective_000178,work_poi_osm:missing:60465,home,work,30013.0,resident,fixed_worker,False,28434.035670047924,7.7,54.4,27.3,28.6,30.2,7.7,50.0,16934.0,,not_applied_no_serialized_itinerary_or_eligibility,,adult,Octopus,median_of_mode_specific_official_fare_distance_bin_medians
hk_collective_000178,1,pt,pt_base_fare_adult_octopus_distance_proxy,28.6,TD_GTFS_20260720+MTR_OPEN_DATA_20260720_mode_balanced_distance_bin_median,2026-07-14,low_official_fare_distance_proxy_no_itinerary,work_poi_osm:missing:60465,home_hk_collective_000178,work,home,66919.0,resident,fixed_worker,False,28434.035670047924,7.7,54.4,27.3,28.6,30.2,7.7,50.0,16934.0,,not_applied_no_serialized_itinerary_or_eligibility,,adult,Octopus,median_of_mode_specific_official_fare_distance_bin_medians
hk_collective_000179,0,pt,pt_base_fare_adult_octopus_distance_proxy,17.2,TD_GTFS_20260720+MTR_OPEN_DATA_20260720_mode_balanced_distance_bin_median,2026-07-14,low_official_fare_distance_proxy_no_itinerary,home_hk_collective_000179,work_poi_igeocom:549776,home,work,25354.0,resident,fixed_worker,False,16036.065617758537,7.7,80.0,17.2,15.7,19.7,7.7,45.0,4536.1,,not_applied_no_serialized_itinerary_or_eligibility,,adult,Octopus,median_of_mode_specific_official_fare_distance_bin_medians
hk_collective_000179,1,pt,pt_base_fare_adult_octopus_distance_proxy,17.2,TD_GTFS_20260720+MTR_OPEN_DATA_20260720_mode_balanced_distance_bin_median,2026-07-14,low_official_fare_distance_proxy_no_itinerary,work_poi_igeocom:549776,home_hk_collective_000179,work,home,55850.0,resident,fixed_worker,False,16036.065617758537,7.7,80.0,17.2,15.7,19.7,7.7,45.0,4536.1,,not_applied_no_serialized_itinerary_or_eligibility,,adult,Octopus,median_of_mode_specific_official_fare_distance_bin_medians
hk_collective_000187,0,pt,pt_base_fare_adult_octopus_distance_proxy,17.9,TD_GTFS_20260720+MTR_OPEN_DATA_20260720_mode_balanced_distance_bin_median,2026-07-14,low_official_fare_distance_proxy_no_itinerary,home_hk_collective_000187,work_poi_osm:missing:62737,home,work,34391.0,resident,fixed_worker,False,18837.99571633705,7.7,34.6,17.9,15.7,21.2,7.7,21.6,7338.0,,not_applied_no_serialized_itinerary_or_eligibility,,adult,Octopus,median_of_mode_specific_official_fare_distance_bin_medians
hk_collective_000187,1,pt,pt_base_fare_adult_octopus_distance_proxy,17.9,TD_GTFS_20260720+MTR_OPEN_DATA_20260720_mode_balanced_distance_bin_median,2026-07-14,low_official_fare_distance_proxy_no_itinerary,work_poi_osm:missing:62737,home_hk_collective_000187,work,home,67853.0,resident,fixed_worker,False,18837.99571633705,7.7,34.6,17.9,15.7,21.2,7.7,21.6,7338.0,,not_applied_no_serialized_itinerary_or_eligibility,,adult,Octopus,median_of_mode_specific_official_fare_distance_bin_medians
hk_collective_000190,0,pt,pt_base_fare_adult_octopus_distance_proxy,28.6,TD_GTFS_20260720+MTR_OPEN_DATA_20260720_mode_balanced_distance_bin_median,2026-07-14,low_official_fare_distance_proxy_no_itinerary,home_hk_collective_000190,work_poi_igeocom:534385,home,work,33219.0,resident,fixed_worker,False,26000.406806877352,7.7,50.0,23.8,28.6,30.2,7.7,50.0,14500.4,,not_applied_no_serialized_itinerary_or_eligibility,,adult,Octopus,median_of_mode_specific_official_fare_distance_bin_medians
hk_collective_000190,1,pt,pt_base_fare_adult_octopus_distance_proxy,28.6,TD_GTFS_20260720+MTR_OPEN_DATA_20260720_mode_balanced_distance_bin_median,2026-07-14,low_official_fare_distance_proxy_no_itinerary,work_poi_igeocom:534385,home_hk_collective_000190,work,home,65067.0,resident,fixed_worker,False,26000.406806877352,7.7,50.0,23.8,28.6,30.2,7.7,50.0,14500.4,,not_applied_no_serialized_itinerary_or_eligibility,,adult,Octopus,median_of_mode_specific_official_fare_distance_bin_medians
hk_collective_000191,0,pt,pt_base_fare_adult_octopus_distance_proxy,15.8,TD_GTFS_20260720+MTR_OPEN_DATA_20260720_mode_balanced_distance_bin_median,2026-07-14,low_official_fare_distance_proxy_no_itinerary,home_hk_collective_000191,work_poi_igeocom:21136599,home,work,24833.0,resident,fixed_worker,False,13931.806940128507,7.7,59.0,13.1,18.7,15.8,7.7,30.0,2431.8,,not_applied_no_serialized_itinerary_or_eligibility,,adult,Octopus,median_of_mode_specific_official_fare_distance_bin_medians
hk_collective_000191,1,pt,pt_base_fare_adult_octopus_distance_proxy,15.8,TD_GTFS_20260720+MTR_OPEN_DATA_20260720_mode_balanced_distance_bin_median,2026-07-14,low_official_fare_distance_proxy_no_itinerary,work_poi_igeocom:21136599,home_hk_collective_000191,work,home,57558.0,resident,fixed_worker,False,13931.806940128507,7.7,59.0,13.1,18.7,15.8,7.7,30.0,2431.8,,not_applied_no_serialized_itinerary_or_eligibility,,adult,Octopus,median_of_mode_specific_official_fare_distance_bin_medians
hk_collective_000192,0,pt,pt_base_fare_adult_octopus_distance_proxy,11.1,TD_GTFS_20260720+MTR_OPEN_DATA_20260720_mode_balanced_distance_bin_median,2026-07-14,low_official_fare_distance_proxy_no_itinerary,home_hk_collective_000192,work_poi_osm:11792663028:42877,home,work,27689.0,resident,fixed_worker,False,6966.374226729977,5.4,50.0,11.0,11.7,11.1,5.4,20.0,466.4,,not_applied_no_serialized_itinerary_or_eligibility,,adult,Octopus,median_of_mode_specific_official_fare_distance_bin_medians
hk_collective_000192,1,pt,pt_base_fare_adult_octopus_distance_proxy,11.1,TD_GTFS_20260720+MTR_OPEN_DATA_20260720_mode_balanced_distance_bin_median,2026-07-14,low_official_fare_distance_proxy_no_itinerary,work_poi_osm:11792663028:42877,home_hk_collective_000192,work,home,62242.0,resident,fixed_worker,False,6966.374226729977,5.4,50.0,11.0,11.7,11.1,5.4,20.0,466.4,,not_applied_no_serialized_itinerary_or_eligibility,,adult,Octopus,median_of_mode_specific_official_fare_distance_bin_medians
hk_collective_000193,0,pt,pt_base_fare_adult_octopus_distance_proxy,7.5,TD_GTFS_20260720+MTR_OPEN_DATA_20260720_mode_balanced_distance_bin_median,2026-07-14,low_official_fare_distance_proxy_no_itinerary,home_hk_collective_000193,work_poi_igeocom:536093,home,work,33088.0,resident,fixed_worker,False,2976.715776953028,4.9,45.0,7.5,8.0,5.9,5.4,20.0,476.7,,not_applied_no_serialized_itinerary_or_eligibility,,adult,Octopus,median_of_mode_specific_official_fare_distance_bin_medians
hk_collective_000193,1,pt,pt_base_fare_adult_octopus_distance_proxy,7.5,TD_GTFS_20260720+MTR_OPEN_DATA_20260720_mode_balanced_distance_bin_median,2026-07-14,low_official_fare_distance_proxy_no_itinerary,work_poi_igeocom:536093,home_hk_collective_000193,work,home,71560.0,resident,fixed_worker,False,2976.715776953028,4.9,45.0,7.5,8.0,5.9,5.4,20.0,476.7,,not_applied_no_serialized_itinerary_or_eligibility,,adult,Octopus,median_of_mode_specific_official_fare_distance_bin_medians
hk_collective_000193,2,pt,pt_base_fare_adult_octopus_distance_proxy,15.8,TD_GTFS_20260720+MTR_OPEN_DATA_20260720_mode_balanced_distance_bin_median,2026-07-14,low_official_fare_distance_proxy_no_itinerary,home_hk_collective_000193,resident_leisure_igeocom_21128182,home,leisure,78413.0,resident,fixed_worker,True,12306.224499000931,7.7,31.9,12.7,15.9,15.8,7.7,31.9,806.2,,not_applied_no_serialized_itinerary_or_eligibility,,adult,Octopus,median_of_mode_specific_official_fare_distance_bin_medians
hk_collective_000193,3,pt,pt_base_fare_adult_octopus_distance_proxy,17.9,TD_GTFS_20260720+MTR_OPEN_DATA_20260720_mode_balanced_distance_bin_median,2026-07-14,low_official_fare_distance_proxy_no_itinerary,resident_leisure_igeocom_21128182,resident_dining_osm_13817898164_47980,leisure,dining,89813.0,resident,fixed_worker,True,18554.160652359784,7.7,34.6,17.9,15.7,21.2,7.7,21.6,7054.2,,not_applied_no_serialized_itinerary_or_eligibility,,adult,Octopus,median_of_mode_specific_official_fare_distance_bin_medians
hk_collective_000193,4,pt,pt_base_fare_adult_octopus_distance_proxy,11.1,TD_GTFS_20260720+MTR_OPEN_DATA_20260720_mode_balanced_distance_bin_median,2026-07-14,low_official_fare_distance_proxy_no_itinerary,resident_dining_osm_13817898164_47980,home_hk_collective_000193,dining,home,91800.0,resident,fixed_worker,True,6367.517920989146,5.4,50.0,11.0,11.7,11.1,5.4,20.0,132.5,,not_applied_no_serialized_itinerary_or_eligibility,,adult,Octopus,median_of_mode_specific_official_fare_distance_bin_medians
hk_collective_000194,0,pt,pt_base_fare_adult_octopus_distance_proxy,28.6,TD_GTFS_20260720+MTR_OPEN_DATA_20260720_mode_balanced_distance_bin_median,2026-07-14,low_official_fare_distance_proxy_no_itinerary,home_hk_collective_000194,work_poi_osm:10606214405:37728,home,work,28565.0,resident,fixed_worker,False,31643.202798943865,7.7,54.4,27.9,28.6,54.4,7.7,50.0,20143.2,,not_applied_no_serialized_itinerary_or_eligibility,,adult,Octopus,median_of_mode_specific_official_fare_distance_bin_medians
hk_collective_000194,1,pt,pt_base_fare_adult_octopus_distance_proxy,28.6,TD_GTFS_20260720+MTR_OPEN_DATA_20260720_mode_balanced_distance_bin_median,2026-07-14,low_official_fare_distance_proxy_no_itinerary,work_poi_osm:10606214405:37728,home_hk_collective_000194,work,home,63981.0,resident,fixed_worker,False,31643.202798943865,7.7,54.4,27.9,28.6,54.4,7.7,50.0,20143.2,,not_applied_no_serialized_itinerary_or_eligibility,,adult,Octopus,median_of_mode_specific_official_fare_distance_bin_medians
hk_collective_000196,0,pt,pt_base_fare_adult_octopus_distance_proxy,13.8,TD_GTFS_20260720+MTR_OPEN_DATA_20260720_mode_balanced_distance_bin_median,2026-07-14,low_official_fare_distance_proxy_no_itinerary,home_hk_collective_000196,work_poi_igeocom:551906,home,work,30863.0,resident,fixed_worker,False,9529.604160375613,7.4,28.1,12.5,13.8,13.8,7.4,20.0,29.6,,not_applied_no_serialized_itinerary_or_eligibility,,adult,Octopus,median_of_mode_specific_official_fare_distance_bin_medians
hk_collective_000196,1,pt,pt_base_fare_adult_octopus_distance_proxy,13.8,TD_GTFS_20260720+MTR_OPEN_DATA_20260720_mode_balanced_distance_bin_median,2026-07-14,low_official_fare_distance_proxy_no_itinerary,work_poi_igeocom:551906,home_hk_collective_000196,work,home,60994.0,resident,fixed_worker,False,9529.604160375613,7.4,28.1,12.5,13.8,13.8,7.4,20.0,29.6,,not_applied_no_serialized_itinerary_or_eligibility,,adult,Octopus,median_of_mode_specific_official_fare_distance_bin_medians
hk_collective_000197,0,pt,pt_base_fare_adult_octopus_distance_proxy,9.2,TD_GTFS_20260720+MTR_OPEN_DATA_20260720_mode_balanced_distance_bin_median,2026-07-14,low_official_fare_distance_proxy_no_itinerary,home_hk_collective_000197,work_poi_igeocom:544018,home,work,29255.0,resident,fixed_worker,False,4768.6994328904675,5.4,20.0,8.4,9.5,9.2,5.4,16.3,268.7,,not_applied_no_serialized_itinerary_or_eligibility,,adult,Octopus,median_of_mode_specific_official_fare_distance_bin_medians
hk_collective_000197,1,pt,pt_base_fare_adult_octopus_distance_proxy,9.2,TD_GTFS_20260720+MTR_OPEN_DATA_20260720_mode_balanced_distance_bin_median,2026-07-14,low_official_fare_distance_proxy_no_itinerary,work_poi_igeocom:544018,home_hk_collective_000197,work,home,59152.0,resident,fixed_worker,False,4768.6994328904675,5.4,20.0,8.4,9.5,9.2,5.4,16.3,268.7,,not_applied_no_serialized_itinerary_or_eligibility,,adult,Octopus,median_of_mode_specific_official_fare_distance_bin_medians
hk_collective_000199,0,pt,pt_base_fare_adult_octopus_distance_proxy,12.1,TD_GTFS_20260720+MTR_OPEN_DATA_20260720_mode_balanced_distance_bin_median,2026-07-14,low_official_fare_distance_proxy_no_itinerary,home_hk_collective_000199,work_poi_osm:4417068715:17198,home,work,29442.0,resident,fixed_worker,False,8992.45369349067,6.5,65.0,12.1,13.8,11.1,6.5,20.0,492.5,,not_applied_no_serialized_itinerary_or_eligibility,,adult,Octopus,median_of_mode_specific_official_fare_distance_bin_medians
hk_collective_000199,1,pt,pt_base_fare_adult_octopus_distance_proxy,12.1,TD_GTFS_20260720+MTR_OPEN_DATA_20260720_mode_balanced_distance_bin_median,2026-07-14,low_official_fare_distance_proxy_no_itinerary,work_poi_osm:4417068715:17198,home_hk_collective_000199,work,home,64944.0,resident,fixed_worker,False,8992.45369349067,6.5,65.0,12.1,13.8,11.1,6.5,20.0,492.5,,not_applied_no_serialized_itinerary_or_eligibility,,adult,Octopus,median_of_mode_specific_official_fare_distance_bin_medians
hk_collective_000200,0,pt,pt_base_fare_adult_octopus_distance_proxy,9.2,TD_GTFS_20260720+MTR_OPEN_DATA_20260720_mode_balanced_distance_bin_median,2026-07-14,low_official_fare_distance_proxy_no_itinerary,home_hk_collective_000200,work_grid_185,home,work,30190.0,resident,fixed_worker,False,4428.253019698276,5.4,20.0,8.4,9.5,9.2,5.4,16.3,71.7,,not_applied_no_serialized_itinerary_or_eligibility,,adult,Octopus,median_of_mode_specific_official_fare_distance_bin_medians
hk_collective_000200,1,pt,pt_base_fare_adult_octopus_distance_proxy,9.2,TD_GTFS_20260720+MTR_OPEN_DATA_20260720_mode_balanced_distance_bin_median,2026-07-14,low_official_fare_distance_proxy_no_itinerary,work_grid_185,home_hk_collective_000200,work,home,61168.0,resident,fixed_worker,False,4428.253019698276,5.4,20.0,8.4,9.5,9.2,5.4,16.3,71.7,,not_applied_no_serialized_itinerary_or_eligibility,,adult,Octopus,median_of_mode_specific_official_fare_distance_bin_medians
hk_collective_000202,0,pt,pt_base_fare_adult_octopus_distance_proxy,28.6,TD_GTFS_20260720+MTR_OPEN_DATA_20260720_mode_balanced_distance_bin_median,2026-07-14,low_official_fare_distance_proxy_no_itinerary,home_hk_collective_000202,work_poi_igeocom:21184324,home,work,26437.0,resident,fixed_worker,False,26077.03353522231,7.7,50.0,23.8,28.6,30.2,7.7,50.0,14577.0,,not_applied_no_serialized_itinerary_or_eligibility,,adult,Octopus,median_of_mode_specific_official_fare_distance_bin_medians
hk_collective_000202,1,pt,pt_base_fare_adult_octopus_distance_proxy,28.6,TD_GTFS_20260720+MTR_OPEN_DATA_20260720_mode_balanced_distance_bin_median,2026-07-14,low_official_fare_distance_proxy_no_itinerary,work_poi_igeocom:21184324,home_hk_collective_000202,work,home,59223.0,resident,fixed_worker,False,26077.03353522231,7.7,50.0,23.8,28.6,30.2,7.7,50.0,14577.0,,not_applied_no_serialized_itinerary_or_eligibility,,adult,Octopus,median_of_mode_specific_official_fare_distance_bin_medians
hk_collective_000203,0,pt,pt_base_fare_adult_octopus_distance_proxy,28.6,TD_GTFS_20260720+MTR_OPEN_DATA_20260720_mode_balanced_distance_bin_median,2026-07-14,low_official_fare_distance_proxy_no_itinerary,home_hk_collective_000203,work_poi_osm:4847959963:19842,home,work,29199.0,resident,fixed_worker,False,29031.849058571257,7.7,54.4,27.6,28.6,30.2,7.7,50.0,17531.8,,not_applied_no_serialized_itinerary_or_eligibility,,adult,Octopus,median_of_mode_specific_official_fare_distance_bin_medians
hk_collective_000203,1,pt,pt_base_fare_adult_octopus_distance_proxy,28.6,TD_GTFS_20260720+MTR_OPEN_DATA_20260720_mode_balanced_distance_bin_median,2026-07-14,low_official_fare_distance_proxy_no_itinerary,work_poi_osm:4847959963:19842,home_hk_collective_000203,work,home,60713.0,resident,fixed_worker,False,29031.849058571257,7.7,54.4,27.6,28.6,30.2,7.7,50.0,17531.8,,not_applied_no_serialized_itinerary_or_eligibility,,adult,Octopus,median_of_mode_specific_official_fare_distance_bin_medians
hk_collective_000204,0,pt,pt_base_fare_adult_octopus_distance_proxy,22.9,TD_GTFS_20260720+MTR_OPEN_DATA_20260720_mode_balanced_distance_bin_median,2026-07-14,low_official_fare_distance_proxy_no_itinerary,home_hk_collective_000204,work_poi_igeocom:21183675,home,work,24558.0,resident,fixed_worker,False,22042.76148582713,7.7,50.0,20.8,28.0,22.9,7.7,50.0,10542.8,,not_applied_no_serialized_itinerary_or_eligibility,,adult,Octopus,median_of_mode_specific_official_fare_distance_bin_medians
hk_collective_000204,1,pt,pt_base_fare_adult_octopus_distance_proxy,22.9,TD_GTFS_20260720+MTR_OPEN_DATA_20260720_mode_balanced_distance_bin_median,2026-07-14,low_official_fare_distance_proxy_no_itinerary,work_poi_igeocom:21183675,home_hk_collective_000204,work,home,60473.0,resident,fixed_worker,False,22042.76148582713,7.7,50.0,20.8,28.0,22.9,7.7,50.0,10542.8,,not_applied_no_serialized_itinerary_or_eligibility,,adult,Octopus,median_of_mode_specific_official_fare_distance_bin_medians
hk_collective_000205,0,pt,pt_base_fare_adult_octopus_distance_proxy,23.8,TD_GTFS_20260720+MTR_OPEN_DATA_20260720_mode_balanced_distance_bin_median,2026-07-14,low_official_fare_distance_proxy_no_itinerary,home_hk_collective_000205,work_poi_igeocom:535954,home,work,27081.0,resident,fixed_worker,False,23074.122056640135,7.7,50.0,23.8,28.5,22.5,7.7,50.0,11574.1,,not_applied_no_serialized_itinerary_or_eligibility,,adult,Octopus,median_of_mode_specific_official_fare_distance_bin_medians
hk_collective_000205,1,pt,pt_base_fare_adult_octopus_distance_proxy,23.8,TD_GTFS_20260720+MTR_OPEN_DATA_20260720_mode_balanced_distance_bin_median,2026-07-14,low_official_fare_distance_proxy_no_itinerary,work_poi_igeocom:535954,home_hk_collective_000205,work,home,68757.0,resident,fixed_worker,False,23074.122056640135,7.7,50.0,23.8,28.5,22.5,7.7,50.0,11574.1,,not_applied_no_serialized_itinerary_or_eligibility,,adult,Octopus,median_of_mode_specific_official_fare_distance_bin_medians
hk_collective_000206,0,pt,pt_base_fare_adult_octopus_distance_proxy,7.0,TD_GTFS_20260720+MTR_OPEN_DATA_20260720_mode_balanced_distance_bin_median,2026-07-14,low_official_fare_distance_proxy_no_itinerary,home_hk_collective_000206,resident_shopping_osm_3336290994_12178,home,shopping,30967.0,resident,home_only,True,1788.9814686407556,4.9,30.0,7.3,7.0,4.9,5.3,10.0,289.0,,not_applied_no_serialized_itinerary_or_eligibility,,adult,Octopus,median_of_mode_specific_official_fare_distance_bin_medians
hk_collective_000206,1,pt,pt_base_fare_adult_octopus_distance_proxy,6.2,TD_GTFS_20260720+MTR_OPEN_DATA_20260720_mode_balanced_distance_bin_median,2026-07-14,low_official_fare_distance_proxy_no_itinerary,resident_shopping_osm_3336290994_12178,resident_leisure_osm_missing_63299,shopping,leisure,37867.0,resident,home_only,True,647.0067266547454,3.0,51.0,6.8,6.2,4.9,5.1,8.3,147.0,,not_applied_no_serialized_itinerary_or_eligibility,,adult,Octopus,median_of_mode_specific_official_fare_distance_bin_medians
hk_collective_000206,2,pt,pt_base_fare_adult_octopus_distance_proxy,7.0,TD_GTFS_20260720+MTR_OPEN_DATA_20260720_mode_balanced_distance_bin_median,2026-07-14,low_official_fare_distance_proxy_no_itinerary,resident_leisure_osm_missing_63299,home_hk_collective_000206,leisure,home,49267.0,resident,home_only,True,1170.4644039368993,4.9,30.0,7.3,7.0,4.9,5.3,10.0,329.5,,not_applied_no_serialized_itinerary_or_eligibility,,adult,Octopus,median_of_mode_specific_official_fare_distance_bin_medians
hk_collective_000207,0,pt,pt_base_fare_adult_octopus_distance_proxy,6.2,TD_GTFS_20260720+MTR_OPEN_DATA_20260720_mode_balanced_distance_bin_median,2026-07-14,low_official_fare_distance_proxy_no_itinerary,home_hk_collective_000207,school_734,home,school_secondary,25851.0,resident,day_school_student,False,822.2872341372224,3.0,51.0,6.8,6.2,4.9,5.1,8.3,322.3,,not_applied_no_serialized_itinerary_or_eligibility,,adult,Octopus,median_of_mode_specific_official_fare_distance_bin_medians
hk_collective_000207,1,pt,pt_base_fare_adult_octopus_distance_proxy,6.2,TD_GTFS_20260720+MTR_OPEN_DATA_20260720_mode_balanced_distance_bin_median,2026-07-14,low_official_fare_distance_proxy_no_itinerary,school_734,home_hk_collective_000207,school_secondary,home,57368.0,resident,day_school_student,False,822.2872341372224,3.0,51.0,6.8,6.2,4.9,5.1,8.3,322.3,,not_applied_no_serialized_itinerary_or_eligibility,,adult,Octopus,median_of_mode_specific_official_fare_distance_bin_medians
hk_collective_000208,0,pt,pt_base_fare_adult_octopus_distance_proxy,24.8,TD_GTFS_20260720+MTR_OPEN_DATA_20260720_mode_balanced_distance_bin_median,2026-07-14,low_official_fare_distance_proxy_no_itinerary,home_hk_collective_000208,work_grid_1262,home,work,27841.0,resident,fixed_worker,False,33203.93115213624,7.7,50.0,24.8,28.6,24.3,7.7,50.0,21703.9,,not_applied_no_serialized_itinerary_or_eligibility,,adult,Octopus,median_of_mode_specific_official_fare_distance_bin_medians
hk_collective_000208,1,pt,pt_base_fare_adult_octopus_distance_proxy,24.8,TD_GTFS_20260720+MTR_OPEN_DATA_20260720_mode_balanced_distance_bin_median,2026-07-14,low_official_fare_distance_proxy_no_itinerary,work_grid_1262,home_hk_collective_000208,work,home,64974.0,resident,fixed_worker,False,33203.93115213624,7.7,50.0,24.8,28.6,24.3,7.7,50.0,21703.9,,not_applied_no_serialized_itinerary_or_eligibility,,adult,Octopus,median_of_mode_specific_official_fare_distance_bin_medians
hk_collective_000209,0,pt,pt_base_fare_adult_octopus_distance_proxy,15.8,TD_GTFS_20260720+MTR_OPEN_DATA_20260720_mode_balanced_distance_bin_median,2026-07-14,low_official_fare_distance_proxy_no_itinerary,home_hk_collective_000209,work_mobile_poi_igeocom:21136599,home,work_mobile,26150.0,resident,work_mobile,False,13193.249738978047,7.7,59.0,13.1,18.7,15.8,7.7,30.0,1693.2,,not_applied_no_serialized_itinerary_or_eligibility,,adult,Octopus,median_of_mode_specific_official_fare_distance_bin_medians
hk_collective_000209,1,pt,pt_base_fare_adult_octopus_distance_proxy,15.8,TD_GTFS_20260720+MTR_OPEN_DATA_20260720_mode_balanced_distance_bin_median,2026-07-14,low_official_fare_distance_proxy_no_itinerary,work_mobile_poi_igeocom:21136599,home_hk_collective_000209,work_mobile,home,57754.0,resident,work_mobile,False,13193.249738978047,7.7,59.0,13.1,18.7,15.8,7.7,30.0,1693.2,,not_applied_no_serialized_itinerary_or_eligibility,,adult,Octopus,median_of_mode_specific_official_fare_distance_bin_medians
hk_collective_000214,0,pt,pt_base_fare_adult_octopus_distance_proxy,28.6,TD_GTFS_20260720+MTR_OPEN_DATA_20260720_mode_balanced_distance_bin_median,2026-07-14,low_official_fare_distance_proxy_no_itinerary,home_hk_collective_000214,work_poi_igeocom:531363,home,work,30225.0,resident,fixed_worker,False,31998.185739247125,7.7,54.4,27.9,28.6,54.4,7.7,50.0,20498.2,,not_applied_no_serialized_itinerary_or_eligibility,,adult,Octopus,median_of_mode_specific_official_fare_distance_bin_medians
hk_collective_000214,1,pt,pt_base_fare_adult_octopus_distance_proxy,28.6,TD_GTFS_20260720+MTR_OPEN_DATA_20260720_mode_balanced_distance_bin_median,2026-07-14,low_official_fare_distance_proxy_no_itinerary,work_poi_igeocom:531363,home_hk_collective_000214,work,home,62948.0,resident,fixed_worker,False,31998.185739247125,7.7,54.4,27.9,28.6,54.4,7.7,50.0,20498.2,,not_applied_no_serialized_itinerary_or_eligibility,,adult,Octopus,median_of_mode_specific_official_fare_distance_bin_medians
hk_collective_000215,0,pt,pt_base_fare_adult_octopus_distance_proxy,6.2,TD_GTFS_20260720+MTR_OPEN_DATA_20260720_mode_balanced_distance_bin_median,2026-07-14,low_official_fare_distance_proxy_no_itinerary,home_hk_collective_000215,work_poi_osm:1727955511:3571,home,work,28053.0,resident,fixed_worker,False,510.4493132257419,3.0,51.0,6.8,6.2,4.9,5.1,8.3,10.4,,not_applied_no_serialized_itinerary_or_eligibility,,adult,Octopus,median_of_mode_specific_official_fare_distance_bin_medians
hk_collective_000215,1,pt,pt_base_fare_adult_octopus_distance_proxy,6.2,TD_GTFS_20260720+MTR_OPEN_DATA_20260720_mode_balanced_distance_bin_median,2026-07-14,low_official_fare_distance_proxy_no_itinerary,work_poi_osm:1727955511:3571,home_hk_collective_000215,work,home,57446.0,resident,fixed_worker,False,510.4493132257419,3.0,51.0,6.8,6.2,4.9,5.1,8.3,10.4,,not_applied_no_serialized_itinerary_or_eligibility,,adult,Octopus,median_of_mode_specific_official_fare_distance_bin_medians
hk_collective_000216,0,pt,pt_base_fare_adult_octopus_distance_proxy,24.5,TD_GTFS_20260720+MTR_OPEN_DATA_20260720_mode_balanced_distance_bin_median,2026-07-14,low_official_fare_distance_proxy_no_itinerary,home_hk_collective_000216,work_poi_osm:missing:69204,home,work,33638.0,resident,fixed_worker,False,24331.75653873277,7.7,50.0,23.8,28.6,24.5,7.7,50.0,12831.8,,not_applied_no_serialized_itinerary_or_eligibility,,adult,Octopus,median_of_mode_specific_official_fare_distance_bin_medians
hk_collective_000216,1,pt,pt_base_fare_adult_octopus_distance_proxy,24.5,TD_GTFS_20260720+MTR_OPEN_DATA_20260720_mode_balanced_distance_bin_median,2026-07-14,low_official_fare_distance_proxy_no_itinerary,work_poi_osm:missing:69204,home_hk_collective_000216,work,home,64375.0,resident,fixed_worker,False,24331.75653873277,7.7,50.0,23.8,28.6,24.5,7.7,50.0,12831.8,,not_applied_no_serialized_itinerary_or_eligibility,,adult,Octopus,median_of_mode_specific_official_fare_distance_bin_medians
hk_collective_000217,0,pt,pt_base_fare_adult_octopus_distance_proxy,18.5,TD_GTFS_20260720+MTR_OPEN_DATA_20260720_mode_balanced_distance_bin_median,2026-07-14,low_official_fare_distance_proxy_no_itinerary,home_hk_collective_000217,work_poi_igeocom:552201,home,work,30261.0,resident,fixed_worker,False,17545.3139782079,7.7,33.0,18.5,15.7,21.0,7.7,21.6,6045.3,,not_applied_no_serialized_itinerary_or_eligibility,,adult,Octopus,median_of_mode_specific_official_fare_distance_bin_medians
hk_collective_000217,1,pt,pt_base_fare_adult_octopus_distance_proxy,18.5,TD_GTFS_20260720+MTR_OPEN_DATA_20260720_mode_balanced_distance_bin_median,2026-07-14,low_official_fare_distance_proxy_no_itinerary,work_poi_igeocom:552201,home_hk_collective_000217,work,home,73521.0,resident,fixed_worker,False,17545.3139782079,7.7,33.0,18.5,15.7,21.0,7.7,21.6,6045.3,,not_applied_no_serialized_itinerary_or_eligibility,,adult,Octopus,median_of_mode_specific_official_fare_distance_bin_medians
hk_collective_000220,0,pt,pt_base_fare_adult_octopus_distance_proxy,18.5,TD_GTFS_20260720+MTR_OPEN_DATA_20260720_mode_balanced_distance_bin_median,2026-07-14,low_official_fare_distance_proxy_no_itinerary,home_hk_collective_000220,work_poi_igeocom:21078167,home,work,29965.0,resident,fixed_worker,False,17406.157374220315,7.7,33.0,18.5,15.7,21.0,7.7,21.6,5906.2,,not_applied_no_serialized_itinerary_or_eligibility,,adult,Octopus,median_of_mode_specific_official_fare_distance_bin_medians
hk_collective_000220,1,pt,pt_base_fare_adult_octopus_distance_proxy,18.5,TD_GTFS_20260720+MTR_OPEN_DATA_20260720_mode_balanced_distance_bin_median,2026-07-14,low_official_fare_distance_proxy_no_itinerary,work_poi_igeocom:21078167,home_hk_collective_000220,work,home,75446.0,resident,fixed_worker,False,17406.157374220315,7.7,33.0,18.5,15.7,21.0,7.7,21.6,5906.2,,not_applied_no_serialized_itinerary_or_eligibility,,adult,Octopus,median_of_mode_specific_official_fare_distance_bin_medians
hk_collective_000222,0,pt,pt_base_fare_adult_octopus_distance_proxy,18.1,TD_GTFS_20260720+MTR_OPEN_DATA_20260720_mode_balanced_distance_bin_median,2026-07-14,low_official_fare_distance_proxy_no_itinerary,home_hk_collective_000222,work_poi_osm:4848301626:20082,home,work,30937.0,resident,fixed_worker,False,19305.1574263602,7.7,34.6,17.2,18.1,22.9,7.7,21.6,7805.2,,not_applied_no_serialized_itinerary_or_eligibility,,adult,Octopus,median_of_mode_specific_official_fare_distance_bin_medians
hk_collective_000222,1,pt,pt_base_fare_adult_octopus_distance_proxy,18.1,TD_GTFS_20260720+MTR_OPEN_DATA_20260720_mode_balanced_distance_bin_median,2026-07-14,low_official_fare_distance_proxy_no_itinerary,work_poi_osm:4848301626:20082,home_hk_collective_000222,work,home,62070.0,resident,fixed_worker,False,19305.1574263602,7.7,34.6,17.2,18.1,22.9,7.7,21.6,7805.2,,not_applied_no_serialized_itinerary_or_eligibility,,adult,Octopus,median_of_mode_specific_official_fare_distance_bin_medians
hk_collective_000223,0,pt,pt_base_fare_adult_octopus_distance_proxy,21.6,TD_GTFS_20260720+MTR_OPEN_DATA_20260720_mode_balanced_distance_bin_median,2026-07-14,low_official_fare_distance_proxy_no_itinerary,home_hk_collective_000223,work_mobile_grid_421,home,work_mobile,27132.0,resident,work_mobile,False,20080.641105327508,7.7,36.7,18.8,25.0,22.1,7.7,21.6,8580.6,,not_applied_no_serialized_itinerary_or_eligibility,,adult,Octopus,median_of_mode_specific_official_fare_distance_bin_medians
hk_collective_000223,1,pt,pt_base_fare_adult_octopus_distance_proxy,21.6,TD_GTFS_20260720+MTR_OPEN_DATA_20260720_mode_balanced_distance_bin_median,2026-07-14,low_official_fare_distance_proxy_no_itinerary,work_mobile_grid_421,home_hk_collective_000223,work_mobile,home,61886.0,resident,work_mobile,False,20080.641105327508,7.7,36.7,18.8,25.0,22.1,7.7,21.6,8580.6,,not_applied_no_serialized_itinerary_or_eligibility,,adult,Octopus,median_of_mode_specific_official_fare_distance_bin_medians
hk_collective_000224,0,pt,pt_base_fare_adult_octopus_distance_proxy,9.8,TD_GTFS_20260720+MTR_OPEN_DATA_20260720_mode_balanced_distance_bin_median,2026-07-14,low_official_fare_distance_proxy_no_itinerary,home_hk_collective_000224,work_mobile_poi_osm:2081898087:5093,home,work_mobile,29186.0,resident,work_mobile,False,5107.990408910618,5.4,20.0,9.8,10.1,9.6,5.4,19.0,392.0,,not_applied_no_serialized_itinerary_or_eligibility,,adult,Octopus,median_of_mode_specific_official_fare_distance_bin_medians
hk_collective_000224,1,pt,pt_base_fare_adult_octopus_distance_proxy,9.8,TD_GTFS_20260720+MTR_OPEN_DATA_20260720_mode_balanced_distance_bin_median,2026-07-14,low_official_fare_distance_proxy_no_itinerary,work_mobile_poi_osm:2081898087:5093,home_hk_collective_000224,work_mobile,home,61916.0,resident,work_mobile,False,5107.990408910618,5.4,20.0,9.8,10.1,9.6,5.4,19.0,392.0,,not_applied_no_serialized_itinerary_or_eligibility,,adult,Octopus,median_of_mode_specific_official_fare_distance_bin_medians
hk_collective_000226,0,pt,pt_base_fare_adult_octopus_distance_proxy,15.4,TD_GTFS_20260720+MTR_OPEN_DATA_20260720_mode_balanced_distance_bin_median,2026-07-14,low_official_fare_distance_proxy_no_itinerary,home_hk_collective_000226,education_tertiary_poi_igeocom:556118,home,education_tertiary,33380.0,resident,tertiary_student,False,10324.681150524304,7.7,80.0,13.6,15.4,15.8,7.7,49.2,175.3,,not_applied_no_serialized_itinerary_or_eligibility,,adult,Octopus,median_of_mode_specific_official_fare_distance_bin_medians
hk_collective_000226,1,pt,pt_base_fare_adult_octopus_distance_proxy,15.4,TD_GTFS_20260720+MTR_OPEN_DATA_20260720_mode_balanced_distance_bin_median,2026-07-14,low_official_fare_distance_proxy_no_itinerary,education_tertiary_poi_igeocom:556118,home_hk_collective_000226,education_tertiary,home,60109.0,resident,tertiary_student,False,10324.681150524304,7.7,80.0,13.6,15.4,15.8,7.7,49.2,175.3,,not_applied_no_serialized_itinerary_or_eligibility,,adult,Octopus,median_of_mode_specific_official_fare_distance_bin_medians
hk_collective_000228,0,pt,pt_base_fare_adult_octopus_distance_proxy,24.5,TD_GTFS_20260720+MTR_OPEN_DATA_20260720_mode_balanced_distance_bin_median,2026-07-14,low_official_fare_distance_proxy_no_itinerary,home_hk_collective_000228,work_poi_osm:7084644601:30800,home,work,28305.0,resident,fixed_worker,False,24216.16061845962,7.7,50.0,23.8,28.6,24.5,7.7,50.0,12716.2,,not_applied_no_serialized_itinerary_or_eligibility,,adult,Octopus,median_of_mode_specific_official_fare_distance_bin_medians
hk_collective_000228,1,pt,pt_base_fare_adult_octopus_distance_proxy,24.5,TD_GTFS_20260720+MTR_OPEN_DATA_20260720_mode_balanced_distance_bin_median,2026-07-14,low_official_fare_distance_proxy_no_itinerary,work_poi_osm:7084644601:30800,home_hk_collective_000228,work,home,64017.0,resident,fixed_worker,False,24216.16061845962,7.7,50.0,23.8,28.6,24.5,7.7,50.0,12716.2,,not_applied_no_serialized_itinerary_or_eligibility,,adult,Octopus,median_of_mode_specific_official_fare_distance_bin_medians
hk_collective_000230,0,pt,pt_base_fare_adult_octopus_distance_proxy,12.1,TD_GTFS_20260720+MTR_OPEN_DATA_20260720_mode_balanced_distance_bin_median,2026-07-14,low_official_fare_distance_proxy_no_itinerary,home_hk_collective_000230,work_mobile_poi_igeocom:543065,home,work_mobile,28334.0,resident,work_mobile,False,8356.68057644454,6.5,65.0,12.1,13.8,11.1,6.5,20.0,143.3,,not_applied_no_serialized_itinerary_or_eligibility,,adult,Octopus,median_of_mode_specific_official_fare_distance_bin_medians
hk_collective_000230,1,pt,pt_base_fare_adult_octopus_distance_proxy,12.1,TD_GTFS_20260720+MTR_OPEN_DATA_20260720_mode_balanced_distance_bin_median,2026-07-14,low_official_fare_distance_proxy_no_itinerary,work_mobile_poi_igeocom:543065,home_hk_collective_000230,work_mobile,home,62119.0,resident,work_mobile,False,8356.68057644454,6.5,65.0,12.1,13.8,11.1,6.5,20.0,143.3,,not_applied_no_serialized_itinerary_or_eligibility,,adult,Octopus,median_of_mode_specific_official_fare_distance_bin_medians
hk_collective_000230,2,pt,pt_base_fare_adult_octopus_distance_proxy,28.6,TD_GTFS_20260720+MTR_OPEN_DATA_20260720_mode_balanced_distance_bin_median,2026-07-14,low_official_fare_distance_proxy_no_itinerary,home_hk_collective_000230,resident_shopping_igeocom_549383,home,shopping,67225.0,resident,work_mobile,True,26467.96169700046,7.7,50.0,23.8,28.6,30.2,7.7,50.0,14968.0,,not_applied_no_serialized_itinerary_or_eligibility,,adult,Octopus,median_of_mode_specific_official_fare_distance_bin_medians
hk_collective_000230,3,pt,pt_base_fare_adult_octopus_distance_proxy,28.6,TD_GTFS_20260720+MTR_OPEN_DATA_20260720_mode_balanced_distance_bin_median,2026-07-14,low_official_fare_distance_proxy_no_itinerary,resident_shopping_igeocom_549383,home_hk_collective_000230,shopping,home,74125.0,resident,work_mobile,True,26467.96169700046,7.7,50.0,23.8,28.6,30.2,7.7,50.0,14968.0,,not_applied_no_serialized_itinerary_or_eligibility,,adult,Octopus,median_of_mode_specific_official_fare_distance_bin_medians
hk_collective_000232,0,pt,pt_base_fare_adult_octopus_distance_proxy,28.5,TD_GTFS_20260720+MTR_OPEN_DATA_20260720_mode_balanced_distance_bin_median,2026-07-14,low_official_fare_distance_proxy_no_itinerary,home_hk_collective_000232,work_grid_1528,home,work,24682.0,resident,fixed_worker,False,40010.56593266732,7.7,50.0,28.5,28.6,27.8,7.7,50.0,28510.6,,not_applied_no_serialized_itinerary_or_eligibility,,adult,Octopus,median_of_mode_specific_official_fare_distance_bin_medians
hk_collective_000232,1,pt,pt_base_fare_adult_octopus_distance_proxy,28.5,TD_GTFS_20260720+MTR_OPEN_DATA_20260720_mode_balanced_distance_bin_median,2026-07-14,low_official_fare_distance_proxy_no_itinerary,work_grid_1528,home_hk_collective_000232,work,home,52089.0,resident,fixed_worker,False,40010.56593266732,7.7,50.0,28.5,28.6,27.8,7.7,50.0,28510.6,,not_applied_no_serialized_itinerary_or_eligibility,,adult,Octopus,median_of_mode_specific_official_fare_distance_bin_medians
hk_collective_000233,0,pt,pt_base_fare_adult_octopus_distance_proxy,7.5,TD_GTFS_20260720+MTR_OPEN_DATA_20260720_mode_balanced_distance_bin_median,2026-07-14,low_official_fare_distance_proxy_no_itinerary,home_hk_collective_000233,resident_social_osm_missing_67638,home,social,46284.0,resident,home_only,True,2212.982309991912,4.9,45.0,7.5,8.0,5.9,5.4,20.0,287.0,,not_applied_no_serialized_itinerary_or_eligibility,,adult,Octopus,median_of_mode_specific_official_fare_distance_bin_medians
hk_collective_000233,1,pt,pt_base_fare_adult_octopus_distance_proxy,7.8,TD_GTFS_20260720+MTR_OPEN_DATA_20260720_mode_balanced_distance_bin_median,2026-07-14,low_official_fare_distance_proxy_no_itinerary,resident_social_osm_missing_67638,resident_dining_osm_12005604142_43387,social,dining,55884.0,resident,home_only,True,3409.8478848913323,5.3,52.0,7.8,8.8,7.4,5.4,20.0,90.2,,not_applied_no_serialized_itinerary_or_eligibility,,adult,Octopus,median_of_mode_specific_official_fare_distance_bin_medians
hk_collective_000233,2,pt,pt_base_fare_adult_octopus_distance_proxy,7.8,TD_GTFS_20260720+MTR_OPEN_DATA_20260720_mode_balanced_distance_bin_median,2026-07-14,low_official_fare_distance_proxy_no_itinerary,resident_dining_osm_12005604142_43387,home_hk_collective_000233,dining,home,62484.0,resident,home_only,True,3482.7749687910637,5.3,52.0,7.8,8.8,7.4,5.4,20.0,17.2,,not_applied_no_serialized_itinerary_or_eligibility,,adult,Octopus,median_of_mode_specific_official_fare_distance_bin_medians
hk_collective_000234,0,pt,pt_base_fare_adult_octopus_distance_proxy,15.4,TD_GTFS_20260720+MTR_OPEN_DATA_20260720_mode_balanced_distance_bin_median,2026-07-14,low_official_fare_distance_proxy_no_itinerary,home_hk_collective_000234,work_poi_osm:missing:64157,home,work,30606.0,resident,fixed_worker,False,10537.539832692364,7.7,80.0,13.6,15.4,15.8,7.7,49.2,37.5,,not_applied_no_serialized_itinerary_or_eligibility,,adult,Octopus,median_of_mode_specific_official_fare_distance_bin_medians
hk_collective_000234,1,pt,pt_base_fare_adult_octopus_distance_proxy,15.4,TD_GTFS_20260720+MTR_OPEN_DATA_20260720_mode_balanced_distance_bin_median,2026-07-14,low_official_fare_distance_proxy_no_itinerary,work_poi_osm:missing:64157,home_hk_collective_000234,work,home,72499.0,resident,fixed_worker,False,10537.539832692364,7.7,80.0,13.6,15.4,15.8,7.7,49.2,37.5,,not_applied_no_serialized_itinerary_or_eligibility,,adult,Octopus,median_of_mode_specific_official_fare_distance_bin_medians
hk_collective_000235,0,pt,pt_base_fare_adult_octopus_distance_proxy,12.1,TD_GTFS_20260720+MTR_OPEN_DATA_20260720_mode_balanced_distance_bin_median,2026-07-14,low_official_fare_distance_proxy_no_itinerary,home_hk_collective_000235,work_mobile_poi_igeocom:556677,home,work_mobile,35628.0,resident,work_mobile,False,8383.278842035861,6.5,65.0,12.1,13.8,11.1,6.5,20.0,116.7,,not_applied_no_serialized_itinerary_or_eligibility,,adult,Octopus,median_of_mode_specific_official_fare_distance_bin_medians
hk_collective_000235,1,pt,pt_base_fare_adult_octopus_distance_proxy,12.1,TD_GTFS_20260720+MTR_OPEN_DATA_20260720_mode_balanced_distance_bin_median,2026-07-14,low_official_fare_distance_proxy_no_itinerary,work_mobile_poi_igeocom:556677,home_hk_collective_000235,work_mobile,home,62175.0,resident,work_mobile,False,8383.278842035861,6.5,65.0,12.1,13.8,11.1,6.5,20.0,116.7,,not_applied_no_serialized_itinerary_or_eligibility,,adult,Octopus,median_of_mode_specific_official_fare_distance_bin_medians
hk_collective_000237,0,pt,pt_base_fare_adult_octopus_distance_proxy,13.8,TD_GTFS_20260720+MTR_OPEN_DATA_20260720_mode_balanced_distance_bin_median,2026-07-14,low_official_fare_distance_proxy_no_itinerary,home_hk_collective_000237,work_poi_osm:missing:59880,home,work,29985.0,resident,fixed_worker,False,9105.46419185181,7.4,28.1,12.5,13.8,13.8,7.4,20.0,394.5,,not_applied_no_serialized_itinerary_or_eligibility,,adult,Octopus,median_of_mode_specific_official_fare_distance_bin_medians
hk_collective_000237,1,pt,pt_base_fare_adult_octopus_distance_proxy,13.8,TD_GTFS_20260720+MTR_OPEN_DATA_20260720_mode_balanced_distance_bin_median,2026-07-14,low_official_fare_distance_proxy_no_itinerary,work_poi_osm:missing:59880,home_hk_collective_000237,work,home,59808.0,resident,fixed_worker,False,9105.46419185181,7.4,28.1,12.5,13.8,13.8,7.4,20.0,394.5,,not_applied_no_serialized_itinerary_or_eligibility,,adult,Octopus,median_of_mode_specific_official_fare_distance_bin_medians
hk_collective_000238,0,pt,pt_base_fare_adult_octopus_distance_proxy,24.5,TD_GTFS_20260720+MTR_OPEN_DATA_20260720_mode_balanced_distance_bin_median,2026-07-14,low_official_fare_distance_proxy_no_itinerary,home_hk_collective_000238,work_poi_osm:missing:73555,home,work,29483.0,resident,fixed_worker,False,24415.70111964622,7.7,50.0,23.8,28.6,24.5,7.7,50.0,12915.7,,not_applied_no_serialized_itinerary_or_eligibility,,adult,Octopus,median_of_mode_specific_official_fare_distance_bin_medians
hk_collective_000238,1,pt,pt_base_fare_adult_octopus_distance_proxy,24.5,TD_GTFS_20260720+MTR_OPEN_DATA_20260720_mode_balanced_distance_bin_median,2026-07-14,low_official_fare_distance_proxy_no_itinerary,work_poi_osm:missing:73555,home_hk_collective_000238,work,home,56494.0,resident,fixed_worker,False,24415.70111964622,7.7,50.0,23.8,28.6,24.5,7.7,50.0,12915.7,,not_applied_no_serialized_itinerary_or_eligibility,,adult,Octopus,median_of_mode_specific_official_fare_distance_bin_medians
hk_collective_000239,0,pt,pt_base_fare_adult_octopus_distance_proxy,23.8,TD_GTFS_20260720+MTR_OPEN_DATA_20260720_mode_balanced_distance_bin_median,2026-07-14,low_official_fare_distance_proxy_no_itinerary,home_hk_collective_000239,work_poi_osm:4862458901:22735,home,work,25362.0,resident,fixed_worker,False,23204.444852286586,7.7,50.0,23.8,28.5,22.5,7.7,50.0,11704.4,,not_applied_no_serialized_itinerary_or_eligibility,,adult,Octopus,median_of_mode_specific_official_fare_distance_bin_medians
hk_collective_000239,1,pt,pt_base_fare_adult_octopus_distance_proxy,23.8,TD_GTFS_20260720+MTR_OPEN_DATA_20260720_mode_balanced_distance_bin_median,2026-07-14,low_official_fare_distance_proxy_no_itinerary,work_poi_osm:4862458901:22735,home_hk_collective_000239,work,home,68625.0,resident,fixed_worker,False,23204.444852286586,7.7,50.0,23.8,28.5,22.5,7.7,50.0,11704.4,,not_applied_no_serialized_itinerary_or_eligibility,,adult,Octopus,median_of_mode_specific_official_fare_distance_bin_medians
hk_collective_000240,0,pt,pt_base_fare_adult_octopus_distance_proxy,15.4,TD_GTFS_20260720+MTR_OPEN_DATA_20260720_mode_balanced_distance_bin_median,2026-07-14,low_official_fare_distance_proxy_no_itinerary,home_hk_collective_000240,work_mobile_poi_osm:9995141132:36535,home,work_mobile,28833.0,resident,work_mobile,False,11679.827719042927,7.7,36.0,12.9,15.4,15.8,7.7,36.0,179.8,,not_applied_no_serialized_itinerary_or_eligibility,,adult,Octopus,median_of_mode_specific_official_fare_distance_bin_medians
hk_collective_000240,1,pt,pt_base_fare_adult_octopus_distance_proxy,15.4,TD_GTFS_20260720+MTR_OPEN_DATA_20260720_mode_balanced_distance_bin_median,2026-07-14,low_official_fare_distance_proxy_no_itinerary,work_mobile_poi_osm:9995141132:36535,home_hk_collective_000240,work_mobile,home,65228.0,resident,work_mobile,False,11679.827719042927,7.7,36.0,12.9,15.4,15.8,7.7,36.0,179.8,,not_applied_no_serialized_itinerary_or_eligibility,,adult,Octopus,median_of_mode_specific_official_fare_distance_bin_medians
hk_collective_000242,0,pt,pt_base_fare_adult_octopus_distance_proxy,28.6,TD_GTFS_20260720+MTR_OPEN_DATA_20260720_mode_balanced_distance_bin_median,2026-07-14,low_official_fare_distance_proxy_no_itinerary,home_hk_collective_000242,work_poi_osm:missing:69236,home,work,28951.0,resident,fixed_worker,False,26758.37283551004,7.7,50.0,23.8,28.6,30.2,7.7,50.0,15258.4,,not_applied_no_serialized_itinerary_or_eligibility,,adult,Octopus,median_of_mode_specific_official_fare_distance_bin_medians
hk_collective_000242,1,pt,pt_base_fare_adult_octopus_distance_proxy,28.6,TD_GTFS_20260720+MTR_OPEN_DATA_20260720_mode_balanced_distance_bin_median,2026-07-14,low_official_fare_distance_proxy_no_itinerary,work_poi_osm:missing:69236,home_hk_collective_000242,work,home,61172.0,resident,fixed_worker,False,26758.37283551004,7.7,50.0,23.8,28.6,30.2,7.7,50.0,15258.4,,not_applied_no_serialized_itinerary_or_eligibility,,adult,Octopus,median_of_mode_specific_official_fare_distance_bin_medians
hk_collective_000242,2,pt,pt_base_fare_adult_octopus_distance_proxy,7.0,TD_GTFS_20260720+MTR_OPEN_DATA_20260720_mode_balanced_distance_bin_median,2026-07-14,low_official_fare_distance_proxy_no_itinerary,home_hk_collective_000242,resident_social_osm_12008881919_43409,home,social,66294.0,resident,fixed_worker,True,1093.1090644890064,4.9,30.0,7.3,7.0,4.9,5.3,10.0,406.9,,not_applied_no_serialized_itinerary_or_eligibility,,adult,Octopus,median_of_mode_specific_official_fare_distance_bin_medians
hk_collective_000242,3,pt,pt_base_fare_adult_octopus_distance_proxy,7.0,TD_GTFS_20260720+MTR_OPEN_DATA_20260720_mode_balanced_distance_bin_median,2026-07-14,low_official_fare_distance_proxy_no_itinerary,resident_social_osm_12008881919_43409,home_hk_collective_000242,social,home,75894.0,resident,fixed_worker,True,1093.1090644890064,4.9,30.0,7.3,7.0,4.9,5.3,10.0,406.9,,not_applied_no_serialized_itinerary_or_eligibility,,adult,Octopus,median_of_mode_specific_official_fare_distance_bin_medians
hk_collective_000243,0,pt,pt_base_fare_adult_octopus_distance_proxy,9.8,TD_GTFS_20260720+MTR_OPEN_DATA_20260720_mode_balanced_distance_bin_median,2026-07-14,low_official_fare_distance_proxy_no_itinerary,home_hk_collective_000243,work_poi_osm:12990177:51805,home,work,31113.0,resident,fixed_worker,False,5607.029324002865,5.4,20.0,9.8,10.1,9.6,5.4,19.0,107.0,,not_applied_no_serialized_itinerary_or_eligibility,,adult,Octopus,median_of_mode_specific_official_fare_distance_bin_medians
hk_collective_000243,1,pt,pt_base_fare_adult_octopus_distance_proxy,9.8,TD_GTFS_20260720+MTR_OPEN_DATA_20260720_mode_balanced_distance_bin_median,2026-07-14,low_official_fare_distance_proxy_no_itinerary,work_poi_osm:12990177:51805,home_hk_collective_000243,work,home,64590.0,resident,fixed_worker,False,5607.029324002865,5.4,20.0,9.8,10.1,9.6,5.4,19.0,107.0,,not_applied_no_serialized_itinerary_or_eligibility,,adult,Octopus,median_of_mode_specific_official_fare_distance_bin_medians
hk_collective_000244,0,pt,pt_base_fare_adult_octopus_distance_proxy,24.5,TD_GTFS_20260720+MTR_OPEN_DATA_20260720_mode_balanced_distance_bin_median,2026-07-14,low_official_fare_distance_proxy_no_itinerary,home_hk_collective_000244,work_poi_osm:missing:65605,home,work,27288.0,resident,fixed_worker,False,24072.905660087774,7.7,50.0,23.8,28.6,24.5,7.7,50.0,12572.9,,not_applied_no_serialized_itinerary_or_eligibility,,adult,Octopus,median_of_mode_specific_official_fare_distance_bin_medians
hk_collective_000244,1,pt,pt_base_fare_adult_octopus_distance_proxy,24.5,TD_GTFS_20260720+MTR_OPEN_DATA_20260720_mode_balanced_distance_bin_median,2026-07-14,low_official_fare_distance_proxy_no_itinerary,work_poi_osm:missing:65605,home_hk_collective_000244,work,home,56163.0,resident,fixed_worker,False,24072.905660087774,7.7,50.0,23.8,28.6,24.5,7.7,50.0,12572.9,,not_applied_no_serialized_itinerary_or_eligibility,,adult,Octopus,median_of_mode_specific_official_fare_distance_bin_medians
hk_collective_000245,0,pt,pt_base_fare_adult_octopus_distance_proxy,28.6,TD_GTFS_20260720+MTR_OPEN_DATA_20260720_mode_balanced_distance_bin_median,2026-07-14,low_official_fare_distance_proxy_no_itinerary,home_hk_collective_000245,work_poi_osm:5140833321:24551,home,work,27896.0,resident,fixed_worker,False,25530.241386100875,7.7,50.0,24.0,28.6,29.3,7.7,50.0,14030.2,,not_applied_no_serialized_itinerary_or_eligibility,,adult,Octopus,median_of_mode_specific_official_fare_distance_bin_medians
hk_collective_000245,1,pt,pt_base_fare_adult_octopus_distance_proxy,28.6,TD_GTFS_20260720+MTR_OPEN_DATA_20260720_mode_balanced_distance_bin_median,2026-07-14,low_official_fare_distance_proxy_no_itinerary,work_poi_osm:5140833321:24551,home_hk_collective_000245,work,home,59541.0,resident,fixed_worker,False,25530.241386100875,7.7,50.0,24.0,28.6,29.3,7.7,50.0,14030.2,,not_applied_no_serialized_itinerary_or_eligibility,,adult,Octopus,median_of_mode_specific_official_fare_distance_bin_medians
hk_collective_000249,0,pt,pt_base_fare_adult_octopus_distance_proxy,28.6,TD_GTFS_20260720+MTR_OPEN_DATA_20260720_mode_balanced_distance_bin_median,2026-07-14,low_official_fare_distance_proxy_no_itinerary,home_hk_collective_000249,work_poi_osm:8500069025:33311,home,work,27889.0,resident,fixed_worker,False,26073.737508835748,7.7,50.0,23.8,28.6,30.2,7.7,50.0,14573.7,,not_applied_no_serialized_itinerary_or_eligibility,,adult,Octopus,median_of_mode_specific_official_fare_distance_bin_medians
hk_collective_000249,1,pt,pt_base_fare_adult_octopus_distance_proxy,28.6,TD_GTFS_20260720+MTR_OPEN_DATA_20260720_mode_balanced_distance_bin_median,2026-07-14,low_official_fare_distance_proxy_no_itinerary,work_poi_osm:8500069025:33311,home_hk_collective_000249,work,home,60703.0,resident,fixed_worker,False,26073.737508835748,7.7,50.0,23.8,28.6,30.2,7.7,50.0,14573.7,,not_applied_no_serialized_itinerary_or_eligibility,,adult,Octopus,median_of_mode_specific_official_fare_distance_bin_medians
hk_collective_000253,0,pt,pt_base_fare_adult_octopus_distance_proxy,28.6,TD_GTFS_20260720+MTR_OPEN_DATA_20260720_mode_balanced_distance_bin_median,2026-07-14,low_official_fare_distance_proxy_no_itinerary,home_hk_collective_000253,work_poi_igeocom:530625,home,work,27226.0,resident,fixed_worker,False,28802.395372381194,7.7,54.4,27.3,28.6,30.2,7.7,50.0,17302.4,,not_applied_no_serialized_itinerary_or_eligibility,,adult,Octopus,median_of_mode_specific_official_fare_distance_bin_medians
hk_collective_000253,1,pt,pt_base_fare_adult_octopus_distance_proxy,28.6,TD_GTFS_20260720+MTR_OPEN_DATA_20260720_mode_balanced_distance_bin_median,2026-07-14,low_official_fare_distance_proxy_no_itinerary,work_poi_igeocom:530625,home_hk_collective_000253,work,home,58223.0,resident,fixed_worker,False,28802.395372381194,7.7,54.4,27.3,28.6,30.2,7.7,50.0,17302.4,,not_applied_no_serialized_itinerary_or_eligibility,,adult,Octopus,median_of_mode_specific_official_fare_distance_bin_medians
hk_collective_000253,2,pt,pt_base_fare_adult_octopus_distance_proxy,7.0,TD_GTFS_20260720+MTR_OPEN_DATA_20260720_mode_balanced_distance_bin_median,2026-07-14,low_official_fare_distance_proxy_no_itinerary,home_hk_collective_000253,resident_dining_osm_13426457001_47376,home,dining,63760.0,resident,fixed_worker,True,1649.290514847343,4.9,30.0,7.3,7.0,4.9,5.3,10.0,149.3,,not_applied_no_serialized_itinerary_or_eligibility,,adult,Octopus,median_of_mode_specific_official_fare_distance_bin_medians
hk_collective_000253,3,pt,pt_base_fare_adult_octopus_distance_proxy,11.1,TD_GTFS_20260720+MTR_OPEN_DATA_20260720_mode_balanced_distance_bin_median,2026-07-14,low_official_fare_distance_proxy_no_itinerary,resident_dining_osm_13426457001_47376,resident_social_osm_12089944186_43661,dining,social,70360.0,resident,fixed_worker,True,6119.366767584362,5.4,50.0,11.0,11.7,11.1,5.4,20.0,380.6,,not_applied_no_serialized_itinerary_or_eligibility,,adult,Octopus,median_of_mode_specific_official_fare_distance_bin_medians
hk_collective_000253,4,pt,pt_base_fare_adult_octopus_distance_proxy,11.7,TD_GTFS_20260720+MTR_OPEN_DATA_20260720_mode_balanced_distance_bin_median,2026-07-14,low_official_fare_distance_proxy_no_itinerary,resident_social_osm_12089944186_43661,home_hk_collective_000253,social,home,79960.0,resident,fixed_worker,True,7723.732076904126,6.1,51.0,11.7,12.4,11.0,6.1,30.0,223.7,,not_applied_no_serialized_itinerary_or_eligibility,,adult,Octopus,median_of_mode_specific_official_fare_distance_bin_medians
hk_collective_000254,0,pt,pt_base_fare_adult_octopus_distance_proxy,21.6,TD_GTFS_20260720+MTR_OPEN_DATA_20260720_mode_balanced_distance_bin_median,2026-07-14,low_official_fare_distance_proxy_no_itinerary,home_hk_collective_000254,work_mobile_poi_igeocom:531937,home,work_mobile,28585.0,resident,work_mobile,False,21238.37486811912,7.7,36.7,19.6,25.0,22.5,7.7,21.6,9738.4,,not_applied_no_serialized_itinerary_or_eligibility,,adult,Octopus,median_of_mode_specific_official_fare_distance_bin_medians
hk_collective_000254,1,pt,pt_base_fare_adult_octopus_distance_proxy,21.6,TD_GTFS_20260720+MTR_OPEN_DATA_20260720_mode_balanced_distance_bin_median,2026-07-14,low_official_fare_distance_proxy_no_itinerary,work_mobile_poi_igeocom:531937,home_hk_collective_000254,work_mobile,home,60039.0,resident,work_mobile,False,21238.37486811912,7.7,36.7,19.6,25.0,22.5,7.7,21.6,9738.4,,not_applied_no_serialized_itinerary_or_eligibility,,adult,Octopus,median_of_mode_specific_official_fare_distance_bin_medians
hk_collective_000255,0,pt,pt_base_fare_adult_octopus_distance_proxy,18.4,TD_GTFS_20260720+MTR_OPEN_DATA_20260720_mode_balanced_distance_bin_median,2026-07-14,low_official_fare_distance_proxy_no_itinerary,home_hk_collective_000255,resident_shopping_osm_4864295175_23059,home,shopping,38944.0,resident,home_only,True,15630.836416127258,7.7,27.3,16.9,19.1,18.4,7.7,20.0,4130.8,,not_applied_no_serialized_itinerary_or_eligibility,,adult,Octopus,median_of_mode_specific_official_fare_distance_bin_medians
hk_collective_000255,1,pt,pt_base_fare_adult_octopus_distance_proxy,15.4,TD_GTFS_20260720+MTR_OPEN_DATA_20260720_mode_balanced_distance_bin_median,2026-07-14,low_official_fare_distance_proxy_no_itinerary,resident_shopping_osm_4864295175_23059,resident_personal_business_igeocom_546692,shopping,personal_business,45844.0,resident,home_only,True,10895.474616912084,7.7,80.0,13.6,15.4,15.8,7.7,49.2,395.5,,not_applied_no_serialized_itinerary_or_eligibility,,adult,Octopus,median_of_mode_specific_official_fare_distance_bin_medians
hk_collective_000255,2,pt,pt_base_fare_adult_octopus_distance_proxy,24.5,TD_GTFS_20260720+MTR_OPEN_DATA_20260720_mode_balanced_distance_bin_median,2026-07-14,low_official_fare_distance_proxy_no_itinerary,resident_personal_business_igeocom_546692,home_hk_collective_000255,personal_business,home,52744.0,resident,home_only,True,24049.850347894255,7.7,50.0,23.8,28.6,24.5,7.7,50.0,12549.9,,not_applied_no_serialized_itinerary_or_eligibility,,adult,Octopus,median_of_mode_specific_official_fare_distance_bin_medians
hk_collective_000257,0,pt,pt_base_fare_adult_octopus_distance_proxy,7.8,TD_GTFS_20260720+MTR_OPEN_DATA_20260720_mode_balanced_distance_bin_median,2026-07-14,low_official_fare_distance_proxy_no_itinerary,home_hk_collective_000257,work_poi_osm:159846742:48800,home,work,23373.0,resident,fixed_worker,False,3405.0035552899776,5.3,52.0,7.8,8.8,7.4,5.4,20.0,95.0,,not_applied_no_serialized_itinerary_or_eligibility,,adult,Octopus,median_of_mode_specific_official_fare_distance_bin_medians
hk_collective_000257,1,pt,pt_base_fare_adult_octopus_distance_proxy,7.8,TD_GTFS_20260720+MTR_OPEN_DATA_20260720_mode_balanced_distance_bin_median,2026-07-14,low_official_fare_distance_proxy_no_itinerary,work_poi_osm:159846742:48800,home_hk_collective_000257,work,home,56999.0,resident,fixed_worker,False,3405.0035552899776,5.3,52.0,7.8,8.8,7.4,5.4,20.0,95.0,,not_applied_no_serialized_itinerary_or_eligibility,,adult,Octopus,median_of_mode_specific_official_fare_distance_bin_medians
hk_collective_000258,0,pt,pt_base_fare_adult_octopus_distance_proxy,17.9,TD_GTFS_20260720+MTR_OPEN_DATA_20260720_mode_balanced_distance_bin_median,2026-07-14,low_official_fare_distance_proxy_no_itinerary,home_hk_collective_000258,work_poi_igeocom:560578,home,work,27162.0,resident,fixed_worker,False,18600.221926048787,7.7,34.6,17.9,15.7,21.2,7.7,21.6,7100.2,,not_applied_no_serialized_itinerary_or_eligibility,,adult,Octopus,median_of_mode_specific_official_fare_distance_bin_medians
hk_collective_000258,1,pt,pt_base_fare_adult_octopus_distance_proxy,17.9,TD_GTFS_20260720+MTR_OPEN_DATA_20260720_mode_balanced_distance_bin_median,2026-07-14,low_official_fare_distance_proxy_no_itinerary,work_poi_igeocom:560578,home_hk_collective_000258,work,home,54224.0,resident,fixed_worker,False,18600.221926048787,7.7,34.6,17.9,15.7,21.2,7.7,21.6,7100.2,,not_applied_no_serialized_itinerary_or_eligibility,,adult,Octopus,median_of_mode_specific_official_fare_distance_bin_medians
hk_collective_000259,0,pt,pt_base_fare_adult_octopus_distance_proxy,9.2,TD_GTFS_20260720+MTR_OPEN_DATA_20260720_mode_balanced_distance_bin_median,2026-07-14,low_official_fare_distance_proxy_no_itinerary,home_hk_collective_000259,work_poi_igeocom:21074437,home,work,29410.0,resident,fixed_worker,False,4576.484925352225,5.4,20.0,8.4,9.5,9.2,5.4,16.3,76.5,,not_applied_no_serialized_itinerary_or_eligibility,,adult,Octopus,median_of_mode_specific_official_fare_distance_bin_medians
hk_collective_000259,1,pt,pt_base_fare_adult_octopus_distance_proxy,9.2,TD_GTFS_20260720+MTR_OPEN_DATA_20260720_mode_balanced_distance_bin_median,2026-07-14,low_official_fare_distance_proxy_no_itinerary,work_poi_igeocom:21074437,home_hk_collective_000259,work,home,62186.0,resident,fixed_worker,False,4576.484925352225,5.4,20.0,8.4,9.5,9.2,5.4,16.3,76.5,,not_applied_no_serialized_itinerary_or_eligibility,,adult,Octopus,median_of_mode_specific_official_fare_distance_bin_medians
hk_collective_000260,0,pt,pt_base_fare_adult_octopus_distance_proxy,18.5,TD_GTFS_20260720+MTR_OPEN_DATA_20260720_mode_balanced_distance_bin_median,2026-07-14,low_official_fare_distance_proxy_no_itinerary,home_hk_collective_000260,work_mobile_poi_igeocom:21276991,home,work_mobile,30565.0,resident,work_mobile,False,17852.058750079395,7.7,33.0,18.5,15.7,21.0,7.7,21.6,6352.1,,not_applied_no_serialized_itinerary_or_eligibility,,adult,Octopus,median_of_mode_specific_official_fare_distance_bin_medians
hk_collective_000260,1,pt,pt_base_fare_adult_octopus_distance_proxy,18.5,TD_GTFS_20260720+MTR_OPEN_DATA_20260720_mode_balanced_distance_bin_median,2026-07-14,low_official_fare_distance_proxy_no_itinerary,work_mobile_poi_igeocom:21276991,home_hk_collective_000260,work_mobile,home,55447.0,resident,work_mobile,False,17852.058750079395,7.7,33.0,18.5,15.7,21.0,7.7,21.6,6352.1,,not_applied_no_serialized_itinerary_or_eligibility,,adult,Octopus,median_of_mode_specific_official_fare_distance_bin_medians
hk_collective_000260,2,pt,pt_base_fare_adult_octopus_distance_proxy,11.1,TD_GTFS_20260720+MTR_OPEN_DATA_20260720_mode_balanced_distance_bin_median,2026-07-14,low_official_fare_distance_proxy_no_itinerary,home_hk_collective_000260,resident_dining_osm_3997834250_13808,home,dining,64446.0,resident,work_mobile,True,6547.927685122038,5.4,50.0,11.0,11.7,11.1,5.4,20.0,47.9,,not_applied_no_serialized_itinerary_or_eligibility,,adult,Octopus,median_of_mode_specific_official_fare_distance_bin_medians
hk_collective_000260,3,pt,pt_base_fare_adult_octopus_distance_proxy,11.1,TD_GTFS_20260720+MTR_OPEN_DATA_20260720_mode_balanced_distance_bin_median,2026-07-14,low_official_fare_distance_proxy_no_itinerary,resident_dining_osm_3997834250_13808,home_hk_collective_000260,dining,home,71046.0,resident,work_mobile,True,6547.927685122038,5.4,50.0,11.0,11.7,11.1,5.4,20.0,47.9,,not_applied_no_serialized_itinerary_or_eligibility,,adult,Octopus,median_of_mode_specific_official_fare_distance_bin_medians
hk_collective_000261,0,pt,pt_base_fare_adult_octopus_distance_proxy,23.8,TD_GTFS_20260720+MTR_OPEN_DATA_20260720_mode_balanced_distance_bin_median,2026-07-14,low_official_fare_distance_proxy_no_itinerary,home_hk_collective_000261,work_poi_igeocom:548502,home,work,28700.0,resident,fixed_worker,False,23089.854707179336,7.7,50.0,23.8,28.5,22.5,7.7,50.0,11589.9,,not_applied_no_serialized_itinerary_or_eligibility,,adult,Octopus,median_of_mode_specific_official_fare_distance_bin_medians
hk_collective_000261,1,pt,pt_base_fare_adult_octopus_distance_proxy,23.8,TD_GTFS_20260720+MTR_OPEN_DATA_20260720_mode_balanced_distance_bin_median,2026-07-14,low_official_fare_distance_proxy_no_itinerary,work_poi_igeocom:548502,home_hk_collective_000261,work,home,57245.0,resident,fixed_worker,False,23089.854707179336,7.7,50.0,23.8,28.5,22.5,7.7,50.0,11589.9,,not_applied_no_serialized_itinerary_or_eligibility,,adult,Octopus,median_of_mode_specific_official_fare_distance_bin_medians
hk_collective_000262,0,pt,pt_base_fare_adult_octopus_distance_proxy,7.5,TD_GTFS_20260720+MTR_OPEN_DATA_20260720_mode_balanced_distance_bin_median,2026-07-14,low_official_fare_distance_proxy_no_itinerary,home_hk_collective_000262,resident_social_igeocom_543195,home,social,54332.0,resident,home_only,True,2956.9961297343807,4.9,45.0,7.5,8.0,5.9,5.4,20.0,457.0,,not_applied_no_serialized_itinerary_or_eligibility,,adult,Octopus,median_of_mode_specific_official_fare_distance_bin_medians
hk_collective_000262,1,pt,pt_base_fare_adult_octopus_distance_proxy,7.5,TD_GTFS_20260720+MTR_OPEN_DATA_20260720_mode_balanced_distance_bin_median,2026-07-14,low_official_fare_distance_proxy_no_itinerary,resident_social_igeocom_543195,home_hk_collective_000262,social,home,63932.0,resident,home_only,True,2956.9961297343807,4.9,45.0,7.5,8.0,5.9,5.4,20.0,457.0,,not_applied_no_serialized_itinerary_or_eligibility,,adult,Octopus,median_of_mode_specific_official_fare_distance_bin_medians
hk_collective_000263,0,pt,pt_base_fare_adult_octopus_distance_proxy,15.4,TD_GTFS_20260720+MTR_OPEN_DATA_20260720_mode_balanced_distance_bin_median,2026-07-14,low_official_fare_distance_proxy_no_itinerary,home_hk_collective_000263,border_0,home,border,21058.0,resident,usual_resident_border,False,11560.90603155335,7.7,36.0,12.9,15.4,15.8,7.7,36.0,60.9,,not_applied_no_serialized_itinerary_or_eligibility,,adult,Octopus,median_of_mode_specific_official_fare_distance_bin_medians
hk_collective_000263,1,pt,pt_base_fare_adult_octopus_distance_proxy,15.4,TD_GTFS_20260720+MTR_OPEN_DATA_20260720_mode_balanced_distance_bin_median,2026-07-14,low_official_fare_distance_proxy_no_itinerary,border_0,home_hk_collective_000263,border,home,68813.0,resident,usual_resident_border,False,11560.90603155335,7.7,36.0,12.9,15.4,15.8,7.7,36.0,60.9,,not_applied_no_serialized_itinerary_or_eligibility,,adult,Octopus,median_of_mode_specific_official_fare_distance_bin_medians
hk_collective_000267,0,pt,pt_base_fare_adult_octopus_distance_proxy,21.6,TD_GTFS_20260720+MTR_OPEN_DATA_20260720_mode_balanced_distance_bin_median,2026-07-14,low_official_fare_distance_proxy_no_itinerary,home_hk_collective_000267,work_poi_igeocom:21167567,home,work,31148.0,resident,fixed_worker,False,20482.596031605328,7.7,36.7,18.8,25.0,22.1,7.7,21.6,8982.6,,not_applied_no_serialized_itinerary_or_eligibility,,adult,Octopus,median_of_mode_specific_official_fare_distance_bin_medians
hk_collective_000267,1,pt,pt_base_fare_adult_octopus_distance_proxy,21.6,TD_GTFS_20260720+MTR_OPEN_DATA_20260720_mode_balanced_distance_bin_median,2026-07-14,low_official_fare_distance_proxy_no_itinerary,work_poi_igeocom:21167567,home_hk_collective_000267,work,home,71133.0,resident,fixed_worker,False,20482.596031605328,7.7,36.7,18.8,25.0,22.1,7.7,21.6,8982.6,,not_applied_no_serialized_itinerary_or_eligibility,,adult,Octopus,median_of_mode_specific_official_fare_distance_bin_medians
hk_collective_000269,0,pt,pt_base_fare_adult_octopus_distance_proxy,18.4,TD_GTFS_20260720+MTR_OPEN_DATA_20260720_mode_balanced_distance_bin_median,2026-07-14,low_official_fare_distance_proxy_no_itinerary,home_hk_collective_000269,work_poi_igeocom:542707,home,work,32372.0,resident,fixed_worker,False,15717.616215551228,7.7,27.3,16.9,19.1,18.4,7.7,20.0,4217.6,,not_applied_no_serialized_itinerary_or_eligibility,,adult,Octopus,median_of_mode_specific_official_fare_distance_bin_medians
hk_collective_000269,1,pt,pt_base_fare_adult_octopus_distance_proxy,18.4,TD_GTFS_20260720+MTR_OPEN_DATA_20260720_mode_balanced_distance_bin_median,2026-07-14,low_official_fare_distance_proxy_no_itinerary,work_poi_igeocom:542707,home_hk_collective_000269,work,home,67405.0,resident,fixed_worker,False,15717.616215551228,7.7,27.3,16.9,19.1,18.4,7.7,20.0,4217.6,,not_applied_no_serialized_itinerary_or_eligibility,,adult,Octopus,median_of_mode_specific_official_fare_distance_bin_medians
hk_collective_000270,0,pt,pt_base_fare_adult_octopus_distance_proxy,28.6,TD_GTFS_20260720+MTR_OPEN_DATA_20260720_mode_balanced_distance_bin_median,2026-07-14,low_official_fare_distance_proxy_no_itinerary,home_hk_collective_000270,work_grid_1180,home,work,26138.0,resident,fixed_worker,False,29546.794115737026,7.7,54.4,27.6,28.6,30.2,7.7,50.0,18046.8,,not_applied_no_serialized_itinerary_or_eligibility,,adult,Octopus,median_of_mode_specific_official_fare_distance_bin_medians
hk_collective_000270,1,pt,pt_base_fare_adult_octopus_distance_proxy,28.6,TD_GTFS_20260720+MTR_OPEN_DATA_20260720_mode_balanced_distance_bin_median,2026-07-14,low_official_fare_distance_proxy_no_itinerary,work_grid_1180,home_hk_collective_000270,work,home,56464.0,resident,fixed_worker,False,29546.794115737026,7.7,54.4,27.6,28.6,30.2,7.7,50.0,18046.8,,not_applied_no_serialized_itinerary_or_eligibility,,adult,Octopus,median_of_mode_specific_official_fare_distance_bin_medians
hk_collective_000273,0,pt,pt_base_fare_adult_octopus_distance_proxy,25.5,TD_GTFS_20260720+MTR_OPEN_DATA_20260720_mode_balanced_distance_bin_median,2026-07-14,low_official_fare_distance_proxy_no_itinerary,home_hk_collective_000273,work_poi_igeocom:21078373,home,work,32653.0,resident,fixed_worker,False,32089.96418967918,7.7,51.4,24.8,28.6,25.5,7.7,50.0,20590.0,,not_applied_no_serialized_itinerary_or_eligibility,,adult,Octopus,median_of_mode_specific_official_fare_distance_bin_medians
hk_collective_000273,1,pt,pt_base_fare_adult_octopus_distance_proxy,25.5,TD_GTFS_20260720+MTR_OPEN_DATA_20260720_mode_balanced_distance_bin_median,2026-07-14,low_official_fare_distance_proxy_no_itinerary,work_poi_igeocom:21078373,home_hk_collective_000273,work,home,71479.0,resident,fixed_worker,False,32089.96418967918,7.7,51.4,24.8,28.6,25.5,7.7,50.0,20590.0,,not_applied_no_serialized_itinerary_or_eligibility,,adult,Octopus,median_of_mode_specific_official_fare_distance_bin_medians
hk_collective_000274,0,pt,pt_base_fare_adult_octopus_distance_proxy,28.6,TD_GTFS_20260720+MTR_OPEN_DATA_20260720_mode_balanced_distance_bin_median,2026-07-14,low_official_fare_distance_proxy_no_itinerary,home_hk_collective_000274,work_poi_igeocom:554219,home,work,31046.0,resident,fixed_worker,False,29970.210878174108,7.7,54.4,27.6,28.6,30.2,7.7,50.0,18470.2,,not_applied_no_serialized_itinerary_or_eligibility,,adult,Octopus,median_of_mode_specific_official_fare_distance_bin_medians
hk_collective_000274,1,pt,pt_base_fare_adult_octopus_distance_proxy,28.6,TD_GTFS_20260720+MTR_OPEN_DATA_20260720_mode_balanced_distance_bin_median,2026-07-14,low_official_fare_distance_proxy_no_itinerary,work_poi_igeocom:554219,home_hk_collective_000274,work,home,59453.0,resident,fixed_worker,False,29970.210878174108,7.7,54.4,27.6,28.6,30.2,7.7,50.0,18470.2,,not_applied_no_serialized_itinerary_or_eligibility,,adult,Octopus,median_of_mode_specific_official_fare_distance_bin_medians
hk_collective_000275,0,pt,pt_base_fare_adult_octopus_distance_proxy,18.4,TD_GTFS_20260720+MTR_OPEN_DATA_20260720_mode_balanced_distance_bin_median,2026-07-14,low_official_fare_distance_proxy_no_itinerary,home_hk_collective_000275,work_mobile_poi_igeocom:21243350,home,work_mobile,29927.0,resident,work_mobile,False,15837.975048750373,7.7,27.3,16.9,19.1,18.4,7.7,20.0,4338.0,,not_applied_no_serialized_itinerary_or_eligibility,,adult,Octopus,median_of_mode_specific_official_fare_distance_bin_medians
hk_collective_000275,1,pt,pt_base_fare_adult_octopus_distance_proxy,18.4,TD_GTFS_20260720+MTR_OPEN_DATA_20260720_mode_balanced_distance_bin_median,2026-07-14,low_official_fare_distance_proxy_no_itinerary,work_mobile_poi_igeocom:21243350,home_hk_collective_000275,work_mobile,home,59763.0,resident,work_mobile,False,15837.975048750373,7.7,27.3,16.9,19.1,18.4,7.7,20.0,4338.0,,not_applied_no_serialized_itinerary_or_eligibility,,adult,Octopus,median_of_mode_specific_official_fare_distance_bin_medians
hk_collective_000276,0,pt,pt_base_fare_adult_octopus_distance_proxy,18.4,TD_GTFS_20260720+MTR_OPEN_DATA_20260720_mode_balanced_distance_bin_median,2026-07-14,low_official_fare_distance_proxy_no_itinerary,home_hk_collective_000276,work_poi_igeocom:21074594,home,work,25699.0,resident,fixed_worker,False,15829.801272433857,7.7,27.3,16.9,19.1,18.4,7.7,20.0,4329.8,,not_applied_no_serialized_itinerary_or_eligibility,,adult,Octopus,median_of_mode_specific_official_fare_distance_bin_medians
hk_collective_000276,1,pt,pt_base_fare_adult_octopus_distance_proxy,18.4,TD_GTFS_20260720+MTR_OPEN_DATA_20260720_mode_balanced_distance_bin_median,2026-07-14,low_official_fare_distance_proxy_no_itinerary,work_poi_igeocom:21074594,home_hk_collective_000276,work,home,61660.0,resident,fixed_worker,False,15829.801272433857,7.7,27.3,16.9,19.1,18.4,7.7,20.0,4329.8,,not_applied_no_serialized_itinerary_or_eligibility,,adult,Octopus,median_of_mode_specific_official_fare_distance_bin_medians
hk_collective_000277,0,pt,pt_base_fare_adult_octopus_distance_proxy,21.6,TD_GTFS_20260720+MTR_OPEN_DATA_20260720_mode_balanced_distance_bin_median,2026-07-14,low_official_fare_distance_proxy_no_itinerary,home_hk_collective_000277,work_poi_igeocom:21079203,home,work,29805.0,resident,fixed_worker,False,21003.617482105336,7.7,36.7,19.6,25.0,22.5,7.7,21.6,9503.6,,not_applied_no_serialized_itinerary_or_eligibility,,adult,Octopus,median_of_mode_specific_official_fare_distance_bin_medians
hk_collective_000277,1,pt,pt_base_fare_adult_octopus_distance_proxy,21.6,TD_GTFS_20260720+MTR_OPEN_DATA_20260720_mode_balanced_distance_bin_median,2026-07-14,low_official_fare_distance_proxy_no_itinerary,work_poi_igeocom:21079203,home_hk_collective_000277,work,home,58438.0,resident,fixed_worker,False,21003.617482105336,7.7,36.7,19.6,25.0,22.5,7.7,21.6,9503.6,,not_applied_no_serialized_itinerary_or_eligibility,,adult,Octopus,median_of_mode_specific_official_fare_distance_bin_medians
hk_collective_000279,0,pt,pt_base_fare_adult_octopus_distance_proxy,12.1,TD_GTFS_20260720+MTR_OPEN_DATA_20260720_mode_balanced_distance_bin_median,2026-07-14,low_official_fare_distance_proxy_no_itinerary,home_hk_collective_000279,work_poi_igeocom:21184286,home,work,30322.0,resident,fixed_worker,False,8652.010621112318,6.5,65.0,12.1,13.8,11.1,6.5,20.0,152.0,,not_applied_no_serialized_itinerary_or_eligibility,,adult,Octopus,median_of_mode_specific_official_fare_distance_bin_medians
hk_collective_000279,1,pt,pt_base_fare_adult_octopus_distance_proxy,12.1,TD_GTFS_20260720+MTR_OPEN_DATA_20260720_mode_balanced_distance_bin_median,2026-07-14,low_official_fare_distance_proxy_no_itinerary,work_poi_igeocom:21184286,home_hk_collective_000279,work,home,61817.0,resident,fixed_worker,False,8652.010621112318,6.5,65.0,12.1,13.8,11.1,6.5,20.0,152.0,,not_applied_no_serialized_itinerary_or_eligibility,,adult,Octopus,median_of_mode_specific_official_fare_distance_bin_medians
hk_collective_000280,0,pt,pt_base_fare_adult_octopus_distance_proxy,18.4,TD_GTFS_20260720+MTR_OPEN_DATA_20260720_mode_balanced_distance_bin_median,2026-07-14,low_official_fare_distance_proxy_no_itinerary,home_hk_collective_000280,resident_shopping_osm_9763811311_35112,home,shopping,43659.0,resident,home_only,True,15178.618497075946,7.7,27.3,16.9,19.1,18.4,7.7,20.0,3678.6,,not_applied_no_serialized_itinerary_or_eligibility,,adult,Octopus,median_of_mode_specific_official_fare_distance_bin_medians
hk_collective_000280,1,pt,pt_base_fare_adult_octopus_distance_proxy,18.4,TD_GTFS_20260720+MTR_OPEN_DATA_20260720_mode_balanced_distance_bin_median,2026-07-14,low_official_fare_distance_proxy_no_itinerary,resident_shopping_osm_9763811311_35112,home_hk_collective_000280,shopping,home,50559.0,resident,home_only,True,15178.618497075946,7.7,27.3,16.9,19.1,18.4,7.7,20.0,3678.6,,not_applied_no_serialized_itinerary_or_eligibility,,adult,Octopus,median_of_mode_specific_official_fare_distance_bin_medians
hk_collective_000282,0,pt,pt_base_fare_adult_octopus_distance_proxy,28.6,TD_GTFS_20260720+MTR_OPEN_DATA_20260720_mode_balanced_distance_bin_median,2026-07-14,low_official_fare_distance_proxy_no_itinerary,home_hk_collective_000282,work_poi_igeocom:531127,home,work,29274.0,resident,fixed_worker,False,29322.007661812935,7.7,54.4,27.6,28.6,30.2,7.7,50.0,17822.0,,not_applied_no_serialized_itinerary_or_eligibility,,adult,Octopus,median_of_mode_specific_official_fare_distance_bin_medians
hk_collective_000282,1,pt,pt_base_fare_adult_octopus_distance_proxy,28.6,TD_GTFS_20260720+MTR_OPEN_DATA_20260720_mode_balanced_distance_bin_median,2026-07-14,low_official_fare_distance_proxy_no_itinerary,work_poi_igeocom:531127,home_hk_collective_000282,work,home,58820.0,resident,fixed_worker,False,29322.007661812935,7.7,54.4,27.6,28.6,30.2,7.7,50.0,17822.0,,not_applied_no_serialized_itinerary_or_eligibility,,adult,Octopus,median_of_mode_specific_official_fare_distance_bin_medians
hk_collective_000283,0,pt,pt_base_fare_adult_octopus_distance_proxy,21.6,TD_GTFS_20260720+MTR_OPEN_DATA_20260720_mode_balanced_distance_bin_median,2026-07-14,low_official_fare_distance_proxy_no_itinerary,home_hk_collective_000283,work_poi_igeocom:563088,home,work,27630.0,resident,fixed_worker,False,20941.403273523458,7.7,36.7,18.8,25.0,22.1,7.7,21.6,9441.4,,not_applied_no_serialized_itinerary_or_eligibility,,adult,Octopus,median_of_mode_specific_official_fare_distance_bin_medians
hk_collective_000283,1,pt,pt_base_fare_adult_octopus_distance_proxy,21.6,TD_GTFS_20260720+MTR_OPEN_DATA_20260720_mode_balanced_distance_bin_median,2026-07-14,low_official_fare_distance_proxy_no_itinerary,work_poi_igeocom:563088,home_hk_collective_000283,work,home,51812.0,resident,fixed_worker,False,20941.403273523458,7.7,36.7,18.8,25.0,22.1,7.7,21.6,9441.4,,not_applied_no_serialized_itinerary_or_eligibility,,adult,Octopus,median_of_mode_specific_official_fare_distance_bin_medians
hk_collective_000284,0,pt,pt_base_fare_adult_octopus_distance_proxy,15.8,TD_GTFS_20260720+MTR_OPEN_DATA_20260720_mode_balanced_distance_bin_median,2026-07-14,low_official_fare_distance_proxy_no_itinerary,home_hk_collective_000284,work_mobile_grid_475,home,work_mobile,31171.0,resident,work_mobile,False,12220.558761274655,7.7,31.9,12.7,15.9,15.8,7.7,31.9,720.6,,not_applied_no_serialized_itinerary_or_eligibility,,adult,Octopus,median_of_mode_specific_official_fare_distance_bin_medians
hk_collective_000284,1,pt,pt_base_fare_adult_octopus_distance_proxy,15.8,TD_GTFS_20260720+MTR_OPEN_DATA_20260720_mode_balanced_distance_bin_median,2026-07-14,low_official_fare_distance_proxy_no_itinerary,work_mobile_grid_475,home_hk_collective_000284,work_mobile,home,66496.0,resident,work_mobile,False,12220.558761274655,7.7,31.9,12.7,15.9,15.8,7.7,31.9,720.6,,not_applied_no_serialized_itinerary_or_eligibility,,adult,Octopus,median_of_mode_specific_official_fare_distance_bin_medians
hk_collective_000285,0,pt,pt_base_fare_adult_octopus_distance_proxy,21.6,TD_GTFS_20260720+MTR_OPEN_DATA_20260720_mode_balanced_distance_bin_median,2026-07-14,low_official_fare_distance_proxy_no_itinerary,home_hk_collective_000285,border_1,home,border,20778.0,resident,usual_resident_border,False,20167.346061194985,7.7,36.7,18.8,25.0,22.1,7.7,21.6,8667.3,,not_applied_no_serialized_itinerary_or_eligibility,,adult,Octopus,median_of_mode_specific_official_fare_distance_bin_medians
hk_collective_000285,1,pt,pt_base_fare_adult_octopus_distance_proxy,21.6,TD_GTFS_20260720+MTR_OPEN_DATA_20260720_mode_balanced_distance_bin_median,2026-07-14,low_official_fare_distance_proxy_no_itinerary,border_1,home_hk_collective_000285,border,home,74618.0,resident,usual_resident_border,False,20167.346061194985,7.7,36.7,18.8,25.0,22.1,7.7,21.6,8667.3,,not_applied_no_serialized_itinerary_or_eligibility,,adult,Octopus,median_of_mode_specific_official_fare_distance_bin_medians
hk_collective_000287,0,pt,pt_base_fare_adult_octopus_distance_proxy,18.4,TD_GTFS_20260720+MTR_OPEN_DATA_20260720_mode_balanced_distance_bin_median,2026-07-14,low_official_fare_distance_proxy_no_itinerary,home_hk_collective_000287,border_2,home,border,24149.0,resident,usual_resident_border,False,15396.410285515423,7.7,27.3,16.9,19.1,18.4,7.7,20.0,3896.4,,not_applied_no_serialized_itinerary_or_eligibility,,adult,Octopus,median_of_mode_specific_official_fare_distance_bin_medians
hk_collective_000287,1,pt,pt_base_fare_adult_octopus_distance_proxy,18.4,TD_GTFS_20260720+MTR_OPEN_DATA_20260720_mode_balanced_distance_bin_median,2026-07-14,low_official_fare_distance_proxy_no_itinerary,border_2,home_hk_collective_000287,border,home,63996.0,resident,usual_resident_border,False,15396.410285515423,7.7,27.3,16.9,19.1,18.4,7.7,20.0,3896.4,,not_applied_no_serialized_itinerary_or_eligibility,,adult,Octopus,median_of_mode_specific_official_fare_distance_bin_medians
hk_collective_000288,0,pt,pt_base_fare_adult_octopus_distance_proxy,22.9,TD_GTFS_20260720+MTR_OPEN_DATA_20260720_mode_balanced_distance_bin_median,2026-07-14,low_official_fare_distance_proxy_no_itinerary,home_hk_collective_000288,work_poi_osm:missing:68581,home,work,28265.0,resident,fixed_worker,False,22666.70565520542,7.7,50.0,20.8,28.0,22.9,7.7,50.0,11166.7,,not_applied_no_serialized_itinerary_or_eligibility,,adult,Octopus,median_of_mode_specific_official_fare_distance_bin_medians
hk_collective_000288,1,pt,pt_base_fare_adult_octopus_distance_proxy,22.9,TD_GTFS_20260720+MTR_OPEN_DATA_20260720_mode_balanced_distance_bin_median,2026-07-14,low_official_fare_distance_proxy_no_itinerary,work_poi_osm:missing:68581,home_hk_collective_000288,work,home,57346.0,resident,fixed_worker,False,22666.70565520542,7.7,50.0,20.8,28.0,22.9,7.7,50.0,11166.7,,not_applied_no_serialized_itinerary_or_eligibility,,adult,Octopus,median_of_mode_specific_official_fare_distance_bin_medians
hk_collective_000288,2,pt,pt_base_fare_adult_octopus_distance_proxy,15.9,TD_GTFS_20260720+MTR_OPEN_DATA_20260720_mode_balanced_distance_bin_median,2026-07-14,low_official_fare_distance_proxy_no_itinerary,home_hk_collective_000288,resident_shopping_igeocom_553722,home,shopping,64214.0,resident,fixed_worker,True,14594.130512345104,7.7,55.8,14.3,19.1,15.9,7.7,55.8,3094.1,,not_applied_no_serialized_itinerary_or_eligibility,,adult,Octopus,median_of_mode_specific_official_fare_distance_bin_medians
hk_collective_000288,3,pt,pt_base_fare_adult_octopus_distance_proxy,6.2,TD_GTFS_20260720+MTR_OPEN_DATA_20260720_mode_balanced_distance_bin_median,2026-07-14,low_official_fare_distance_proxy_no_itinerary,resident_shopping_igeocom_553722,resident_leisure_igeocom_543275,shopping,leisure,71114.0,resident,fixed_worker,True,597.4673676318092,3.0,51.0,6.8,6.2,4.9,5.1,8.3,97.5,,not_applied_no_serialized_itinerary_or_eligibility,,adult,Octopus,median_of_mode_specific_official_fare_distance_bin_medians
hk_collective_000288,4,pt,pt_base_fare_adult_octopus_distance_proxy,15.9,TD_GTFS_20260720+MTR_OPEN_DATA_20260720_mode_balanced_distance_bin_median,2026-07-14,low_official_fare_distance_proxy_no_itinerary,resident_leisure_igeocom_543275,home_hk_collective_000288,leisure,home,82514.0,resident,fixed_worker,True,14765.012087541147,7.7,55.8,14.3,19.1,15.9,7.7,55.8,3265.0,,not_applied_no_serialized_itinerary_or_eligibility,,adult,Octopus,median_of_mode_specific_official_fare_distance_bin_medians
hk_collective_000290,0,pt,pt_base_fare_adult_octopus_distance_proxy,7.8,TD_GTFS_20260720+MTR_OPEN_DATA_20260720_mode_balanced_distance_bin_median,2026-07-14,low_official_fare_distance_proxy_no_itinerary,home_hk_collective_000290,work_poi_igeocom:21246698,home,work,26586.0,resident,fixed_worker,False,3671.3997814193945,5.3,52.0,7.8,8.8,7.4,5.4,20.0,171.4,,not_applied_no_serialized_itinerary_or_eligibility,,adult,Octopus,median_of_mode_specific_official_fare_distance_bin_medians
hk_collective_000290,1,pt,pt_base_fare_adult_octopus_distance_proxy,7.8,TD_GTFS_20260720+MTR_OPEN_DATA_20260720_mode_balanced_distance_bin_median,2026-07-14,low_official_fare_distance_proxy_no_itinerary,work_poi_igeocom:21246698,home_hk_collective_000290,work,home,63769.0,resident,fixed_worker,False,3671.3997814193945,5.3,52.0,7.8,8.8,7.4,5.4,20.0,171.4,,not_applied_no_serialized_itinerary_or_eligibility,,adult,Octopus,median_of_mode_specific_official_fare_distance_bin_medians
hk_collective_000291,0,pt,pt_base_fare_adult_octopus_distance_proxy,28.6,TD_GTFS_20260720+MTR_OPEN_DATA_20260720_mode_balanced_distance_bin_median,2026-07-14,low_official_fare_distance_proxy_no_itinerary,home_hk_collective_000291,work_grid_1146,home,work,29817.0,resident,fixed_worker,False,25629.87518081734,7.7,50.0,24.0,28.6,29.3,7.7,50.0,14129.9,,not_applied_no_serialized_itinerary_or_eligibility,,adult,Octopus,median_of_mode_specific_official_fare_distance_bin_medians
hk_collective_000291,1,pt,pt_base_fare_adult_octopus_distance_proxy,28.6,TD_GTFS_20260720+MTR_OPEN_DATA_20260720_mode_balanced_distance_bin_median,2026-07-14,low_official_fare_distance_proxy_no_itinerary,work_grid_1146,home_hk_collective_000291,work,home,63645.0,resident,fixed_worker,False,25629.87518081734,7.7,50.0,24.0,28.6,29.3,7.7,50.0,14129.9,,not_applied_no_serialized_itinerary_or_eligibility,,adult,Octopus,median_of_mode_specific_official_fare_distance_bin_medians
hk_collective_000292,0,pt,pt_base_fare_adult_octopus_distance_proxy,21.6,TD_GTFS_20260720+MTR_OPEN_DATA_20260720_mode_balanced_distance_bin_median,2026-07-14,low_official_fare_distance_proxy_no_itinerary,home_hk_collective_000292,work_poi_osm:missing:65123,home,work,30011.0,resident,fixed_worker,False,20355.209820728367,7.7,36.7,18.8,25.0,22.1,7.7,21.6,8855.2,,not_applied_no_serialized_itinerary_or_eligibility,,adult,Octopus,median_of_mode_specific_official_fare_distance_bin_medians
hk_collective_000292,1,pt,pt_base_fare_adult_octopus_distance_proxy,21.6,TD_GTFS_20260720+MTR_OPEN_DATA_20260720_mode_balanced_distance_bin_median,2026-07-14,low_official_fare_distance_proxy_no_itinerary,work_poi_osm:missing:65123,home_hk_collective_000292,work,home,59024.0,resident,fixed_worker,False,20355.209820728367,7.7,36.7,18.8,25.0,22.1,7.7,21.6,8855.2,,not_applied_no_serialized_itinerary_or_eligibility,,adult,Octopus,median_of_mode_specific_official_fare_distance_bin_medians
hk_collective_000293,0,pt,pt_base_fare_adult_octopus_distance_proxy,18.4,TD_GTFS_20260720+MTR_OPEN_DATA_20260720_mode_balanced_distance_bin_median,2026-07-14,low_official_fare_distance_proxy_no_itinerary,home_hk_collective_000293,work_poi_igeocom:21078366,home,work,34382.0,resident,fixed_worker,False,15612.222397970967,7.7,27.3,16.9,19.1,18.4,7.7,20.0,4112.2,,not_applied_no_serialized_itinerary_or_eligibility,,adult,Octopus,median_of_mode_specific_official_fare_distance_bin_medians
hk_collective_000293,1,pt,pt_base_fare_adult_octopus_distance_proxy,18.4,TD_GTFS_20260720+MTR_OPEN_DATA_20260720_mode_balanced_distance_bin_median,2026-07-14,low_official_fare_distance_proxy_no_itinerary,work_poi_igeocom:21078366,home_hk_collective_000293,work,home,69876.0,resident,fixed_worker,False,15612.222397970967,7.7,27.3,16.9,19.1,18.4,7.7,20.0,4112.2,,not_applied_no_serialized_itinerary_or_eligibility,,adult,Octopus,median_of_mode_specific_official_fare_distance_bin_medians
hk_collective_000294,0,pt,pt_base_fare_adult_octopus_distance_proxy,28.5,TD_GTFS_20260720+MTR_OPEN_DATA_20260720_mode_balanced_distance_bin_median,2026-07-14,low_official_fare_distance_proxy_no_itinerary,home_hk_collective_000294,work_grid_1499,home,work,30095.0,resident,fixed_worker,False,41783.90946194805,7.7,50.0,28.5,28.6,27.8,7.7,50.0,30283.9,,not_applied_no_serialized_itinerary_or_eligibility,,adult,Octopus,median_of_mode_specific_official_fare_distance_bin_medians
hk_collective_000294,1,pt,pt_base_fare_adult_octopus_distance_proxy,28.5,TD_GTFS_20260720+MTR_OPEN_DATA_20260720_mode_balanced_distance_bin_median,2026-07-14,low_official_fare_distance_proxy_no_itinerary,work_grid_1499,home_hk_collective_000294,work,home,60184.0,resident,fixed_worker,False,41783.90946194805,7.7,50.0,28.5,28.6,27.8,7.7,50.0,30283.9,,not_applied_no_serialized_itinerary_or_eligibility,,adult,Octopus,median_of_mode_specific_official_fare_distance_bin_medians
hk_collective_000295,0,pt,pt_base_fare_adult_octopus_distance_proxy,28.5,TD_GTFS_20260720+MTR_OPEN_DATA_20260720_mode_balanced_distance_bin_median,2026-07-14,low_official_fare_distance_proxy_no_itinerary,home_hk_collective_000295,work_poi_osm:7802996207:32049,home,work,35953.0,resident,fixed_worker,False,44433.933615997295,7.7,50.0,28.5,28.6,27.8,7.7,50.0,32933.9,,not_applied_no_serialized_itinerary_or_eligibility,,adult,Octopus,median_of_mode_specific_official_fare_distance_bin_medians
hk_collective_000295,1,pt,pt_base_fare_adult_octopus_distance_proxy,28.5,TD_GTFS_20260720+MTR_OPEN_DATA_20260720_mode_balanced_distance_bin_median,2026-07-14,low_official_fare_distance_proxy_no_itinerary,work_poi_osm:7802996207:32049,home_hk_collective_000295,work,home,65885.0,resident,fixed_worker,False,44433.933615997295,7.7,50.0,28.5,28.6,27.8,7.7,50.0,32933.9,,not_applied_no_serialized_itinerary_or_eligibility,,adult,Octopus,median_of_mode_specific_official_fare_distance_bin_medians
hk_collective_000298,0,pt,pt_base_fare_adult_octopus_distance_proxy,13.8,TD_GTFS_20260720+MTR_OPEN_DATA_20260720_mode_balanced_distance_bin_median,2026-07-14,low_official_fare_distance_proxy_no_itinerary,home_hk_collective_000298,work_mobile_poi_osm:missing:56088,home,work_mobile,34456.0,resident,work_mobile,False,9278.088658410059,7.4,28.1,12.5,13.8,13.8,7.4,20.0,221.9,,not_applied_no_serialized_itinerary_or_eligibility,,adult,Octopus,median_of_mode_specific_official_fare_distance_bin_medians
hk_collective_000298,1,pt,pt_base_fare_adult_octopus_distance_proxy,13.8,TD_GTFS_20260720+MTR_OPEN_DATA_20260720_mode_balanced_distance_bin_median,2026-07-14,low_official_fare_distance_proxy_no_itinerary,work_mobile_poi_osm:missing:56088,home_hk_collective_000298,work_mobile,home,77671.0,resident,work_mobile,False,9278.088658410059,7.4,28.1,12.5,13.8,13.8,7.4,20.0,221.9,,not_applied_no_serialized_itinerary_or_eligibility,,adult,Octopus,median_of_mode_specific_official_fare_distance_bin_medians
hk_collective_000299,0,pt,pt_base_fare_adult_octopus_distance_proxy,28.6,TD_GTFS_20260720+MTR_OPEN_DATA_20260720_mode_balanced_distance_bin_median,2026-07-14,low_official_fare_distance_proxy_no_itinerary,home_hk_collective_000299,work_poi_igeocom:546834,home,work,29565.0,resident,fixed_worker,False,28904.787790259747,7.7,54.4,27.3,28.6,30.2,7.7,50.0,17404.8,,not_applied_no_serialized_itinerary_or_eligibility,,adult,Octopus,median_of_mode_specific_official_fare_distance_bin_medians
hk_collective_000299,1,pt,pt_base_fare_adult_octopus_distance_proxy,28.6,TD_GTFS_20260720+MTR_OPEN_DATA_20260720_mode_balanced_distance_bin_median,2026-07-14,low_official_fare_distance_proxy_no_itinerary,work_poi_igeocom:546834,home_hk_collective_000299,work,home,64445.0,resident,fixed_worker,False,28904.787790259747,7.7,54.4,27.3,28.6,30.2,7.7,50.0,17404.8,,not_applied_no_serialized_itinerary_or_eligibility,,adult,Octopus,median_of_mode_specific_official_fare_distance_bin_medians
hk_collective_000300,0,pt,pt_base_fare_adult_octopus_distance_proxy,21.6,TD_GTFS_20260720+MTR_OPEN_DATA_20260720_mode_balanced_distance_bin_median,2026-07-14,low_official_fare_distance_proxy_no_itinerary,home_hk_collective_000300,education_tertiary_poi_igeocom:529729,home,education_tertiary,31322.0,resident,tertiary_student,False,20160.740233781835,7.7,36.7,18.8,25.0,22.1,7.7,21.6,8660.7,,not_applied_no_serialized_itinerary_or_eligibility,,adult,Octopus,median_of_mode_specific_official_fare_distance_bin_medians
hk_collective_000300,1,pt,pt_base_fare_adult_octopus_distance_proxy,21.6,TD_GTFS_20260720+MTR_OPEN_DATA_20260720_mode_balanced_distance_bin_median,2026-07-14,low_official_fare_distance_proxy_no_itinerary,education_tertiary_poi_igeocom:529729,home_hk_collective_000300,education_tertiary,home,57024.0,resident,tertiary_student,False,20160.740233781835,7.7,36.7,18.8,25.0,22.1,7.7,21.6,8660.7,,not_applied_no_serialized_itinerary_or_eligibility,,adult,Octopus,median_of_mode_specific_official_fare_distance_bin_medians
hk_collective_000301,0,pt,pt_base_fare_adult_octopus_distance_proxy,28.6,TD_GTFS_20260720+MTR_OPEN_DATA_20260720_mode_balanced_distance_bin_median,2026-07-14,low_official_fare_distance_proxy_no_itinerary,home_hk_collective_000301,work_poi_osm:4450189381:17512,home,work,29381.0,resident,fixed_worker,False,26477.354823407626,7.7,50.0,23.8,28.6,30.2,7.7,50.0,14977.4,,not_applied_no_serialized_itinerary_or_eligibility,,adult,Octopus,median_of_mode_specific_official_fare_distance_bin_medians
hk_collective_000301,1,pt,pt_base_fare_adult_octopus_distance_proxy,28.6,TD_GTFS_20260720+MTR_OPEN_DATA_20260720_mode_balanced_distance_bin_median,2026-07-14,low_official_fare_distance_proxy_no_itinerary,work_poi_osm:4450189381:17512,home_hk_collective_000301,work,home,54566.0,resident,fixed_worker,False,26477.354823407626,7.7,50.0,23.8,28.6,30.2,7.7,50.0,14977.4,,not_applied_no_serialized_itinerary_or_eligibility,,adult,Octopus,median_of_mode_specific_official_fare_distance_bin_medians
hk_collective_000302,0,pt,pt_base_fare_adult_octopus_distance_proxy,28.6,TD_GTFS_20260720+MTR_OPEN_DATA_20260720_mode_balanced_distance_bin_median,2026-07-14,low_official_fare_distance_proxy_no_itinerary,home_hk_collective_000302,work_grid_895,home,work,28925.0,resident,fixed_worker,False,27712.214566244187,7.7,52.2,24.8,28.6,30.2,7.7,50.0,16212.2,,not_applied_no_serialized_itinerary_or_eligibility,,adult,Octopus,median_of_mode_specific_official_fare_distance_bin_medians
hk_collective_000302,1,pt,pt_base_fare_adult_octopus_distance_proxy,28.6,TD_GTFS_20260720+MTR_OPEN_DATA_20260720_mode_balanced_distance_bin_median,2026-07-14,low_official_fare_distance_proxy_no_itinerary,work_grid_895,home_hk_collective_000302,work,home,60659.0,resident,fixed_worker,False,27712.214566244187,7.7,52.2,24.8,28.6,30.2,7.7,50.0,16212.2,,not_applied_no_serialized_itinerary_or_eligibility,,adult,Octopus,median_of_mode_specific_official_fare_distance_bin_medians
hk_collective_000303,0,pt,pt_base_fare_adult_octopus_distance_proxy,21.6,TD_GTFS_20260720+MTR_OPEN_DATA_20260720_mode_balanced_distance_bin_median,2026-07-14,low_official_fare_distance_proxy_no_itinerary,home_hk_collective_000303,work_poi_igeocom:535547,home,work,29375.0,resident,fixed_worker,False,21078.250855003876,7.7,36.7,19.6,25.0,22.5,7.7,21.6,9578.3,,not_applied_no_serialized_itinerary_or_eligibility,,adult,Octopus,median_of_mode_specific_official_fare_distance_bin_medians
hk_collective_000303,1,pt,pt_base_fare_adult_octopus_distance_proxy,21.6,TD_GTFS_20260720+MTR_OPEN_DATA_20260720_mode_balanced_distance_bin_median,2026-07-14,low_official_fare_distance_proxy_no_itinerary,work_poi_igeocom:535547,home_hk_collective_000303,work,home,60067.0,resident,fixed_worker,False,21078.250855003876,7.7,36.7,19.6,25.0,22.5,7.7,21.6,9578.3,,not_applied_no_serialized_itinerary_or_eligibility,,adult,Octopus,median_of_mode_specific_official_fare_distance_bin_medians
hk_collective_000306,0,pt,pt_base_fare_adult_octopus_distance_proxy,28.6,TD_GTFS_20260720+MTR_OPEN_DATA_20260720_mode_balanced_distance_bin_median,2026-07-14,low_official_fare_distance_proxy_no_itinerary,home_hk_collective_000306,work_poi_osm:6472291409:29026,home,work,27482.0,resident,fixed_worker,False,25167.25229295854,7.7,50.0,24.0,28.6,29.3,7.7,50.0,13667.3,,not_applied_no_serialized_itinerary_or_eligibility,,adult,Octopus,median_of_mode_specific_official_fare_distance_bin_medians
hk_collective_000306,1,pt,pt_base_fare_adult_octopus_distance_proxy,28.6,TD_GTFS_20260720+MTR_OPEN_DATA_20260720_mode_balanced_distance_bin_median,2026-07-14,low_official_fare_distance_proxy_no_itinerary,work_poi_osm:6472291409:29026,home_hk_collective_000306,work,home,53008.0,resident,fixed_worker,False,25167.25229295854,7.7,50.0,24.0,28.6,29.3,7.7,50.0,13667.3,,not_applied_no_serialized_itinerary_or_eligibility,,adult,Octopus,median_of_mode_specific_official_fare_distance_bin_medians
hk_collective_000306,2,pt,pt_base_fare_adult_octopus_distance_proxy,12.1,TD_GTFS_20260720+MTR_OPEN_DATA_20260720_mode_balanced_distance_bin_median,2026-07-14,low_official_fare_distance_proxy_no_itinerary,home_hk_collective_000306,resident_shopping_osm_11083054293_39416,home,shopping,64334.0,resident,fixed_worker,True,8460.464641871462,6.5,65.0,12.1,13.8,11.1,6.5,20.0,39.5,,not_applied_no_serialized_itinerary_or_eligibility,,adult,Octopus,median_of_mode_specific_official_fare_distance_bin_medians
hk_collective_000306,3,pt,pt_base_fare_adult_octopus_distance_proxy,12.1,TD_GTFS_20260720+MTR_OPEN_DATA_20260720_mode_balanced_distance_bin_median,2026-07-14,low_official_fare_distance_proxy_no_itinerary,resident_shopping_osm_11083054293_39416,home_hk_collective_000306,shopping,home,71234.0,resident,fixed_worker,True,8460.464641871462,6.5,65.0,12.1,13.8,11.1,6.5,20.0,39.5,,not_applied_no_serialized_itinerary_or_eligibility,,adult,Octopus,median_of_mode_specific_official_fare_distance_bin_medians
hk_collective_000307,0,pt,pt_base_fare_adult_octopus_distance_proxy,23.8,TD_GTFS_20260720+MTR_OPEN_DATA_20260720_mode_balanced_distance_bin_median,2026-07-14,low_official_fare_distance_proxy_no_itinerary,home_hk_collective_000307,work_poi_igeocom:543954,home,work,32468.0,resident,fixed_worker,False,23425.355751727613,7.7,50.0,23.8,28.5,22.5,7.7,50.0,11925.4,,not_applied_no_serialized_itinerary_or_eligibility,,adult,Octopus,median_of_mode_specific_official_fare_distance_bin_medians
hk_collective_000307,1,pt,pt_base_fare_adult_octopus_distance_proxy,23.8,TD_GTFS_20260720+MTR_OPEN_DATA_20260720_mode_balanced_distance_bin_median,2026-07-14,low_official_fare_distance_proxy_no_itinerary,work_poi_igeocom:543954,home_hk_collective_000307,work,home,71667.0,resident,fixed_worker,False,23425.355751727613,7.7,50.0,23.8,28.5,22.5,7.7,50.0,11925.4,,not_applied_no_serialized_itinerary_or_eligibility,,adult,Octopus,median_of_mode_specific_official_fare_distance_bin_medians
hk_collective_000309,0,pt,pt_base_fare_adult_octopus_distance_proxy,28.6,TD_GTFS_20260720+MTR_OPEN_DATA_20260720_mode_balanced_distance_bin_median,2026-07-14,low_official_fare_distance_proxy_no_itinerary,home_hk_collective_000309,work_poi_osm:12382452762:44390,home,work,27261.0,resident,fixed_worker,False,26416.6542378104,7.7,50.0,23.8,28.6,30.2,7.7,50.0,14916.7,,not_applied_no_serialized_itinerary_or_eligibility,,adult,Octopus,median_of_mode_specific_official_fare_distance_bin_medians
hk_collective_000309,1,pt,pt_base_fare_adult_octopus_distance_proxy,28.6,TD_GTFS_20260720+MTR_OPEN_DATA_20260720_mode_balanced_distance_bin_median,2026-07-14,low_official_fare_distance_proxy_no_itinerary,work_poi_osm:12382452762:44390,home_hk_collective_000309,work,home,63017.0,resident,fixed_worker,False,26416.6542378104,7.7,50.0,23.8,28.6,30.2,7.7,50.0,14916.7,,not_applied_no_serialized_itinerary_or_eligibility,,adult,Octopus,median_of_mode_specific_official_fare_distance_bin_medians
hk_collective_000310,0,pt,pt_base_fare_adult_octopus_distance_proxy,28.6,TD_GTFS_20260720+MTR_OPEN_DATA_20260720_mode_balanced_distance_bin_median,2026-07-14,low_official_fare_distance_proxy_no_itinerary,home_hk_collective_000310,work_grid_895,home,work,24879.0,resident,fixed_worker,False,27031.424474670875,7.7,52.2,24.8,28.6,30.2,7.7,50.0,15531.4,,not_applied_no_serialized_itinerary_or_eligibility,,adult,Octopus,median_of_mode_specific_official_fare_distance_bin_medians
hk_collective_000310,1,pt,pt_base_fare_adult_octopus_distance_proxy,28.6,TD_GTFS_20260720+MTR_OPEN_DATA_20260720_mode_balanced_distance_bin_median,2026-07-14,low_official_fare_distance_proxy_no_itinerary,work_grid_895,home_hk_collective_000310,work,home,62202.0,resident,fixed_worker,False,27031.424474670875,7.7,52.2,24.8,28.6,30.2,7.7,50.0,15531.4,,not_applied_no_serialized_itinerary_or_eligibility,,adult,Octopus,median_of_mode_specific_official_fare_distance_bin_medians
hk_collective_000312,0,pt,pt_base_fare_adult_octopus_distance_proxy,9.8,TD_GTFS_20260720+MTR_OPEN_DATA_20260720_mode_balanced_distance_bin_median,2026-07-14,low_official_fare_distance_proxy_no_itinerary,home_hk_collective_000312,work_mobile_poi_igeocom:539965,home,work_mobile,24222.0,resident,work_mobile,False,5375.453089960522,5.4,20.0,9.8,10.1,9.6,5.4,19.0,124.5,,not_applied_no_serialized_itinerary_or_eligibility,,adult,Octopus,median_of_mode_specific_official_fare_distance_bin_medians
hk_collective_000312,1,pt,pt_base_fare_adult_octopus_distance_proxy,9.8,TD_GTFS_20260720+MTR_OPEN_DATA_20260720_mode_balanced_distance_bin_median,2026-07-14,low_official_fare_distance_proxy_no_itinerary,work_mobile_poi_igeocom:539965,home_hk_collective_000312,work_mobile,home,63552.0,resident,work_mobile,False,5375.453089960522,5.4,20.0,9.8,10.1,9.6,5.4,19.0,124.5,,not_applied_no_serialized_itinerary_or_eligibility,,adult,Octopus,median_of_mode_specific_official_fare_distance_bin_medians
hk_collective_000313,0,pt,pt_base_fare_adult_octopus_distance_proxy,21.6,TD_GTFS_20260720+MTR_OPEN_DATA_20260720_mode_balanced_distance_bin_median,2026-07-14,low_official_fare_distance_proxy_no_itinerary,home_hk_collective_000313,work_mobile_poi_osm:missing:76527,home,work_mobile,25769.0,resident,work_mobile,False,20342.141747253303,7.7,36.7,18.8,25.0,22.1,7.7,21.6,8842.1,,not_applied_no_serialized_itinerary_or_eligibility,,adult,Octopus,median_of_mode_specific_official_fare_distance_bin_medians
hk_collective_000313,1,pt,pt_base_fare_adult_octopus_distance_proxy,21.6,TD_GTFS_20260720+MTR_OPEN_DATA_20260720_mode_balanced_distance_bin_median,2026-07-14,low_official_fare_distance_proxy_no_itinerary,work_mobile_poi_osm:missing:76527,home_hk_collective_000313,work_mobile,home,57737.0,resident,work_mobile,False,20342.141747253303,7.7,36.7,18.8,25.0,22.1,7.7,21.6,8842.1,,not_applied_no_serialized_itinerary_or_eligibility,,adult,Octopus,median_of_mode_specific_official_fare_distance_bin_medians
hk_collective_000315,0,pt,pt_base_fare_adult_octopus_distance_proxy,15.8,TD_GTFS_20260720+MTR_OPEN_DATA_20260720_mode_balanced_distance_bin_median,2026-07-14,low_official_fare_distance_proxy_no_itinerary,home_hk_collective_000315,education_tertiary_poi_igeocom:21129976,home,education_tertiary,29023.0,resident,tertiary_student,False,12099.491294055815,7.7,31.9,12.7,15.9,15.8,7.7,31.9,599.5,,not_applied_no_serialized_itinerary_or_eligibility,,adult,Octopus,median_of_mode_specific_official_fare_distance_bin_medians
hk_collective_000315,1,pt,pt_base_fare_adult_octopus_distance_proxy,15.8,TD_GTFS_20260720+MTR_OPEN_DATA_20260720_mode_balanced_distance_bin_median,2026-07-14,low_official_fare_distance_proxy_no_itinerary,education_tertiary_poi_igeocom:21129976,home_hk_collective_000315,education_tertiary,home,65885.0,resident,tertiary_student,False,12099.491294055815,7.7,31.9,12.7,15.9,15.8,7.7,31.9,599.5,,not_applied_no_serialized_itinerary_or_eligibility,,adult,Octopus,median_of_mode_specific_official_fare_distance_bin_medians
hk_collective_000316,0,pt,pt_base_fare_adult_octopus_distance_proxy,11.7,TD_GTFS_20260720+MTR_OPEN_DATA_20260720_mode_balanced_distance_bin_median,2026-07-14,low_official_fare_distance_proxy_no_itinerary,home_hk_collective_000316,work_poi_igeocom:21248051,home,work,30452.0,resident,fixed_worker,False,7633.404557965425,6.1,51.0,11.7,12.4,11.0,6.1,30.0,133.4,,not_applied_no_serialized_itinerary_or_eligibility,,adult,Octopus,median_of_mode_specific_official_fare_distance_bin_medians
hk_collective_000316,1,pt,pt_base_fare_adult_octopus_distance_proxy,11.7,TD_GTFS_20260720+MTR_OPEN_DATA_20260720_mode_balanced_distance_bin_median,2026-07-14,low_official_fare_distance_proxy_no_itinerary,work_poi_igeocom:21248051,home_hk_collective_000316,work,home,67870.0,resident,fixed_worker,False,7633.404557965425,6.1,51.0,11.7,12.4,11.0,6.1,30.0,133.4,,not_applied_no_serialized_itinerary_or_eligibility,,adult,Octopus,median_of_mode_specific_official_fare_distance_bin_medians
hk_collective_000319,0,pt,pt_base_fare_adult_octopus_distance_proxy,15.8,TD_GTFS_20260720+MTR_OPEN_DATA_20260720_mode_balanced_distance_bin_median,2026-07-14,low_official_fare_distance_proxy_no_itinerary,home_hk_collective_000319,education_tertiary_poi_igeocom:549198,home,education_tertiary,28470.0,resident,tertiary_student,False,13910.247718069228,7.7,59.0,13.1,18.7,15.8,7.7,30.0,2410.2,,not_applied_no_serialized_itinerary_or_eligibility,,adult,Octopus,median_of_mode_specific_official_fare_distance_bin_medians
hk_collective_000319,1,pt,pt_base_fare_adult_octopus_distance_proxy,15.8,TD_GTFS_20260720+MTR_OPEN_DATA_20260720_mode_balanced_distance_bin_median,2026-07-14,low_official_fare_distance_proxy_no_itinerary,education_tertiary_poi_igeocom:549198,home_hk_collective_000319,education_tertiary,home,64730.0,resident,tertiary_student,False,13910.247718069228,7.7,59.0,13.1,18.7,15.8,7.7,30.0,2410.2,,not_applied_no_serialized_itinerary_or_eligibility,,adult,Octopus,median_of_mode_specific_official_fare_distance_bin_medians
hk_collective_000321,0,pt,pt_base_fare_adult_octopus_distance_proxy,9.8,TD_GTFS_20260720+MTR_OPEN_DATA_20260720_mode_balanced_distance_bin_median,2026-07-14,low_official_fare_distance_proxy_no_itinerary,home_hk_collective_000321,work_poi_igeocom:545256,home,work,32209.0,resident,fixed_worker,False,5603.800152777387,5.4,20.0,9.8,10.1,9.6,5.4,19.0,103.8,,not_applied_no_serialized_itinerary_or_eligibility,,adult,Octopus,median_of_mode_specific_official_fare_distance_bin_medians
hk_collective_000321,1,pt,pt_base_fare_adult_octopus_distance_proxy,9.8,TD_GTFS_20260720+MTR_OPEN_DATA_20260720_mode_balanced_distance_bin_median,2026-07-14,low_official_fare_distance_proxy_no_itinerary,work_poi_igeocom:545256,home_hk_collective_000321,work,home,70353.0,resident,fixed_worker,False,5603.800152777387,5.4,20.0,9.8,10.1,9.6,5.4,19.0,103.8,,not_applied_no_serialized_itinerary_or_eligibility,,adult,Octopus,median_of_mode_specific_official_fare_distance_bin_medians
hk_collective_000322,0,pt,pt_base_fare_adult_octopus_distance_proxy,17.2,TD_GTFS_20260720+MTR_OPEN_DATA_20260720_mode_balanced_distance_bin_median,2026-07-14,low_official_fare_distance_proxy_no_itinerary,home_hk_collective_000322,work_poi_igeocom:21247647,home,work,29480.0,resident,fixed_worker,False,16231.370739631864,7.7,80.0,17.2,15.7,19.7,7.7,45.0,4731.4,,not_applied_no_serialized_itinerary_or_eligibility,,adult,Octopus,median_of_mode_specific_official_fare_distance_bin_medians
hk_collective_000322,1,pt,pt_base_fare_adult_octopus_distance_proxy,17.2,TD_GTFS_20260720+MTR_OPEN_DATA_20260720_mode_balanced_distance_bin_median,2026-07-14,low_official_fare_distance_proxy_no_itinerary,work_poi_igeocom:21247647,home_hk_collective_000322,work,home,61376.0,resident,fixed_worker,False,16231.370739631864,7.7,80.0,17.2,15.7,19.7,7.7,45.0,4731.4,,not_applied_no_serialized_itinerary_or_eligibility,,adult,Octopus,median_of_mode_specific_official_fare_distance_bin_medians
hk_collective_000323,0,pt,pt_base_fare_adult_octopus_distance_proxy,24.5,TD_GTFS_20260720+MTR_OPEN_DATA_20260720_mode_balanced_distance_bin_median,2026-07-14,low_official_fare_distance_proxy_no_itinerary,home_hk_collective_000323,work_poi_osm:12914003312:46067,home,work,26152.0,resident,fixed_worker,False,24278.365500882006,7.7,50.0,23.8,28.6,24.5,7.7,50.0,12778.4,,not_applied_no_serialized_itinerary_or_eligibility,,adult,Octopus,median_of_mode_specific_official_fare_distance_bin_medians
hk_collective_000323,1,pt,pt_base_fare_adult_octopus_distance_proxy,24.5,TD_GTFS_20260720+MTR_OPEN_DATA_20260720_mode_balanced_distance_bin_median,2026-07-14,low_official_fare_distance_proxy_no_itinerary,work_poi_osm:12914003312:46067,home_hk_collective_000323,work,home,54040.0,resident,fixed_worker,False,24278.365500882006,7.7,50.0,23.8,28.6,24.5,7.7,50.0,12778.4,,not_applied_no_serialized_itinerary_or_eligibility,,adult,Octopus,median_of_mode_specific_official_fare_distance_bin_medians
hk_collective_000324,0,pt,pt_base_fare_adult_octopus_distance_proxy,6.2,TD_GTFS_20260720+MTR_OPEN_DATA_20260720_mode_balanced_distance_bin_median,2026-07-14,low_official_fare_distance_proxy_no_itinerary,home_hk_collective_000324,school_2281,home,school_kindergarten,24881.0,resident,day_school_student,False,890.0595001149735,3.0,51.0,6.8,6.2,4.9,5.1,8.3,390.1,,not_applied_no_serialized_itinerary_or_eligibility,,adult,Octopus,median_of_mode_specific_official_fare_distance_bin_medians
hk_collective_000324,1,pt,pt_base_fare_adult_octopus_distance_proxy,6.2,TD_GTFS_20260720+MTR_OPEN_DATA_20260720_mode_balanced_distance_bin_median,2026-07-14,low_official_fare_distance_proxy_no_itinerary,school_2281,home_hk_collective_000324,school_kindergarten,home,45506.0,resident,day_school_student,False,890.0595001149735,3.0,51.0,6.8,6.2,4.9,5.1,8.3,390.1,,not_applied_no_serialized_itinerary_or_eligibility,,adult,Octopus,median_of_mode_specific_official_fare_distance_bin_medians
hk_collective_000326,0,pt,pt_base_fare_adult_octopus_distance_proxy,28.6,TD_GTFS_20260720+MTR_OPEN_DATA_20260720_mode_balanced_distance_bin_median,2026-07-14,low_official_fare_distance_proxy_no_itinerary,home_hk_collective_000326,work_poi_igeocom:540039,home,work,31118.0,resident,fixed_worker,False,26143.416207947794,7.7,50.0,23.8,28.6,30.2,7.7,50.0,14643.4,,not_applied_no_serialized_itinerary_or_eligibility,,adult,Octopus,median_of_mode_specific_official_fare_distance_bin_medians
hk_collective_000326,1,pt,pt_base_fare_adult_octopus_distance_proxy,28.6,TD_GTFS_20260720+MTR_OPEN_DATA_20260720_mode_balanced_distance_bin_median,2026-07-14,low_official_fare_distance_proxy_no_itinerary,work_poi_igeocom:540039,home_hk_collective_000326,work,home,63659.0,resident,fixed_worker,False,26143.416207947794,7.7,50.0,23.8,28.6,30.2,7.7,50.0,14643.4,,not_applied_no_serialized_itinerary_or_eligibility,,adult,Octopus,median_of_mode_specific_official_fare_distance_bin_medians
hk_collective_000326,2,pt,pt_base_fare_adult_octopus_distance_proxy,7.0,TD_GTFS_20260720+MTR_OPEN_DATA_20260720_mode_balanced_distance_bin_median,2026-07-14,low_official_fare_distance_proxy_no_itinerary,home_hk_collective_000326,resident_dining_osm_4851056503_20766,home,dining,68993.0,resident,fixed_worker,True,1635.6861435988337,4.9,30.0,7.3,7.0,4.9,5.3,10.0,135.7,,not_applied_no_serialized_itinerary_or_eligibility,,adult,Octopus,median_of_mode_specific_official_fare_distance_bin_medians
hk_collective_000326,3,pt,pt_base_fare_adult_octopus_distance_proxy,6.2,TD_GTFS_20260720+MTR_OPEN_DATA_20260720_mode_balanced_distance_bin_median,2026-07-14,low_official_fare_distance_proxy_no_itinerary,resident_dining_osm_4851056503_20766,resident_shopping_igeocom_563362,dining,shopping,75593.0,resident,fixed_worker,True,718.0013594756796,3.0,51.0,6.8,6.2,4.9,5.1,8.3,218.0,,not_applied_no_serialized_itinerary_or_eligibility,,adult,Octopus,median_of_mode_specific_official_fare_distance_bin_medians
hk_collective_000326,4,pt,pt_base_fare_adult_octopus_distance_proxy,7.0,TD_GTFS_20260720+MTR_OPEN_DATA_20260720_mode_balanced_distance_bin_median,2026-07-14,low_official_fare_distance_proxy_no_itinerary,resident_shopping_igeocom_563362,home_hk_collective_000326,shopping,home,82493.0,resident,fixed_worker,True,1173.0669442789435,4.9,30.0,7.3,7.0,4.9,5.3,10.0,326.9,,not_applied_no_serialized_itinerary_or_eligibility,,adult,Octopus,median_of_mode_specific_official_fare_distance_bin_medians
hk_collective_000327,0,pt,pt_base_fare_adult_octopus_distance_proxy,28.6,TD_GTFS_20260720+MTR_OPEN_DATA_20260720_mode_balanced_distance_bin_median,2026-07-14,low_official_fare_distance_proxy_no_itinerary,home_hk_collective_000327,work_poi_igeocom:554076,home,work,28410.0,resident,fixed_worker,False,28445.02860732757,7.7,54.4,27.3,28.6,30.2,7.7,50.0,16945.0,,not_applied_no_serialized_itinerary_or_eligibility,,adult,Octopus,median_of_mode_specific_official_fare_distance_bin_medians
hk_collective_000327,1,pt,pt_base_fare_adult_octopus_distance_proxy,28.6,TD_GTFS_20260720+MTR_OPEN_DATA_20260720_mode_balanced_distance_bin_median,2026-07-14,low_official_fare_distance_proxy_no_itinerary,work_poi_igeocom:554076,home_hk_collective_000327,work,home,60700.0,resident,fixed_worker,False,28445.02860732757,7.7,54.4,27.3,28.6,30.2,7.7,50.0,16945.0,,not_applied_no_serialized_itinerary_or_eligibility,,adult,Octopus,median_of_mode_specific_official_fare_distance_bin_medians
hk_collective_000328,0,pt,pt_base_fare_adult_octopus_distance_proxy,13.8,TD_GTFS_20260720+MTR_OPEN_DATA_20260720_mode_balanced_distance_bin_median,2026-07-14,low_official_fare_distance_proxy_no_itinerary,home_hk_collective_000328,work_poi_igeocom:558493,home,work,33481.0,resident,fixed_worker,False,9627.922268663553,7.4,28.1,12.5,13.8,13.8,7.4,20.0,127.9,,not_applied_no_serialized_itinerary_or_eligibility,,adult,Octopus,median_of_mode_specific_official_fare_distance_bin_medians
hk_collective_000328,1,pt,pt_base_fare_adult_octopus_distance_proxy,13.8,TD_GTFS_20260720+MTR_OPEN_DATA_20260720_mode_balanced_distance_bin_median,2026-07-14,low_official_fare_distance_proxy_no_itinerary,work_poi_igeocom:558493,home_hk_collective_000328,work,home,61383.0,resident,fixed_worker,False,9627.922268663553,7.4,28.1,12.5,13.8,13.8,7.4,20.0,127.9,,not_applied_no_serialized_itinerary_or_eligibility,,adult,Octopus,median_of_mode_specific_official_fare_distance_bin_medians
hk_collective_000329,0,pt,pt_base_fare_adult_octopus_distance_proxy,15.4,TD_GTFS_20260720+MTR_OPEN_DATA_20260720_mode_balanced_distance_bin_median,2026-07-14,low_official_fare_distance_proxy_no_itinerary,home_hk_collective_000329,border_8,home,border,21375.0,resident,usual_resident_border,False,10323.6100770231,7.7,80.0,13.6,15.4,15.8,7.7,49.2,176.4,,not_applied_no_serialized_itinerary_or_eligibility,,adult,Octopus,median_of_mode_specific_official_fare_distance_bin_medians
hk_collective_000329,1,pt,pt_base_fare_adult_octopus_distance_proxy,15.4,TD_GTFS_20260720+MTR_OPEN_DATA_20260720_mode_balanced_distance_bin_median,2026-07-14,low_official_fare_distance_proxy_no_itinerary,border_8,home_hk_collective_000329,border,home,61763.0,resident,usual_resident_border,False,10323.6100770231,7.7,80.0,13.6,15.4,15.8,7.7,49.2,176.4,,not_applied_no_serialized_itinerary_or_eligibility,,adult,Octopus,median_of_mode_specific_official_fare_distance_bin_medians
hk_collective_000330,0,pt,pt_base_fare_adult_octopus_distance_proxy,6.2,TD_GTFS_20260720+MTR_OPEN_DATA_20260720_mode_balanced_distance_bin_median,2026-07-14,low_official_fare_distance_proxy_no_itinerary,home_hk_collective_000330,resident_leisure_osm_missing_60805,home,leisure,56271.0,resident,home_only,True,825.2704268757468,3.0,51.0,6.8,6.2,4.9,5.1,8.3,325.3,,not_applied_no_serialized_itinerary_or_eligibility,,adult,Octopus,median_of_mode_specific_official_fare_distance_bin_medians
hk_collective_000330,1,pt,pt_base_fare_adult_octopus_distance_proxy,6.2,TD_GTFS_20260720+MTR_OPEN_DATA_20260720_mode_balanced_distance_bin_median,2026-07-14,low_official_fare_distance_proxy_no_itinerary,resident_leisure_osm_missing_60805,home_hk_collective_000330,leisure,home,67671.0,resident,home_only,True,825.2704268757468,3.0,51.0,6.8,6.2,4.9,5.1,8.3,325.3,,not_applied_no_serialized_itinerary_or_eligibility,,adult,Octopus,median_of_mode_specific_official_fare_distance_bin_medians
hk_collective_000331,0,pt,pt_base_fare_adult_octopus_distance_proxy,21.6,TD_GTFS_20260720+MTR_OPEN_DATA_20260720_mode_balanced_distance_bin_median,2026-07-14,low_official_fare_distance_proxy_no_itinerary,home_hk_collective_000331,work_poi_igeocom:21142771,home,work,27069.0,resident,fixed_worker,False,21913.815336602758,7.7,36.7,19.6,25.0,22.5,7.7,21.6,10413.8,,not_applied_no_serialized_itinerary_or_eligibility,,adult,Octopus,median_of_mode_specific_official_fare_distance_bin_medians
hk_collective_000331,1,pt,pt_base_fare_adult_octopus_distance_proxy,21.6,TD_GTFS_20260720+MTR_OPEN_DATA_20260720_mode_balanced_distance_bin_median,2026-07-14,low_official_fare_distance_proxy_no_itinerary,work_poi_igeocom:21142771,home_hk_collective_000331,work,home,66813.0,resident,fixed_worker,False,21913.815336602758,7.7,36.7,19.6,25.0,22.5,7.7,21.6,10413.8,,not_applied_no_serialized_itinerary_or_eligibility,,adult,Octopus,median_of_mode_specific_official_fare_distance_bin_medians
hk_collective_000333,0,pt,pt_base_fare_adult_octopus_distance_proxy,23.8,TD_GTFS_20260720+MTR_OPEN_DATA_20260720_mode_balanced_distance_bin_median,2026-07-14,low_official_fare_distance_proxy_no_itinerary,home_hk_collective_000333,work_poi_osm:1224531088:1792,home,work,32772.0,resident,fixed_worker,False,23841.443362347392,7.7,50.0,23.8,28.5,22.5,7.7,50.0,12341.4,,not_applied_no_serialized_itinerary_or_eligibility,,adult,Octopus,median_of_mode_specific_official_fare_distance_bin_medians
hk_collective_000333,1,pt,pt_base_fare_adult_octopus_distance_proxy,23.8,TD_GTFS_20260720+MTR_OPEN_DATA_20260720_mode_balanced_distance_bin_median,2026-07-14,low_official_fare_distance_proxy_no_itinerary,work_poi_osm:1224531088:1792,home_hk_collective_000333,work,home,63985.0,resident,fixed_worker,False,23841.443362347392,7.7,50.0,23.8,28.5,22.5,7.7,50.0,12341.4,,not_applied_no_serialized_itinerary_or_eligibility,,adult,Octopus,median_of_mode_specific_official_fare_distance_bin_medians
hk_collective_000334,0,pt,pt_base_fare_adult_octopus_distance_proxy,11.1,TD_GTFS_20260720+MTR_OPEN_DATA_20260720_mode_balanced_distance_bin_median,2026-07-14,low_official_fare_distance_proxy_no_itinerary,home_hk_collective_000334,work_poi_igeocom:541729,home,work,26960.0,resident,fixed_worker,False,6623.152820362337,5.4,50.0,11.0,11.7,11.1,5.4,20.0,123.2,,not_applied_no_serialized_itinerary_or_eligibility,,adult,Octopus,median_of_mode_specific_official_fare_distance_bin_medians
hk_collective_000334,1,pt,pt_base_fare_adult_octopus_distance_proxy,11.1,TD_GTFS_20260720+MTR_OPEN_DATA_20260720_mode_balanced_distance_bin_median,2026-07-14,low_official_fare_distance_proxy_no_itinerary,work_poi_igeocom:541729,home_hk_collective_000334,work,home,70401.0,resident,fixed_worker,False,6623.152820362337,5.4,50.0,11.0,11.7,11.1,5.4,20.0,123.2,,not_applied_no_serialized_itinerary_or_eligibility,,adult,Octopus,median_of_mode_specific_official_fare_distance_bin_medians
hk_collective_000335,0,pt,pt_base_fare_adult_octopus_distance_proxy,27.9,TD_GTFS_20260720+MTR_OPEN_DATA_20260720_mode_balanced_distance_bin_median,2026-07-14,low_official_fare_distance_proxy_no_itinerary,home_hk_collective_000335,work_poi_igeocom:546834,home,work,30179.0,resident,fixed_worker,False,34585.86525096901,7.7,50.0,27.9,28.6,27.8,7.7,50.0,23085.9,,not_applied_no_serialized_itinerary_or_eligibility,,adult,Octopus,median_of_mode_specific_official_fare_distance_bin_medians
hk_collective_000335,1,pt,pt_base_fare_adult_octopus_distance_proxy,27.9,TD_GTFS_20260720+MTR_OPEN_DATA_20260720_mode_balanced_distance_bin_median,2026-07-14,low_official_fare_distance_proxy_no_itinerary,work_poi_igeocom:546834,home_hk_collective_000335,work,home,61461.0,resident,fixed_worker,False,34585.86525096901,7.7,50.0,27.9,28.6,27.8,7.7,50.0,23085.9,,not_applied_no_serialized_itinerary_or_eligibility,,adult,Octopus,median_of_mode_specific_official_fare_distance_bin_medians
hk_collective_000336,0,pt,pt_base_fare_adult_octopus_distance_proxy,23.8,TD_GTFS_20260720+MTR_OPEN_DATA_20260720_mode_balanced_distance_bin_median,2026-07-14,low_official_fare_distance_proxy_no_itinerary,home_hk_collective_000336,work_poi_igeocom:21133931,home,work,26986.0,resident,fixed_worker,False,23161.448971827627,7.7,50.0,23.8,28.5,22.5,7.7,50.0,11661.4,,not_applied_no_serialized_itinerary_or_eligibility,,adult,Octopus,median_of_mode_specific_official_fare_distance_bin_medians
hk_collective_000336,1,pt,pt_base_fare_adult_octopus_distance_proxy,23.8,TD_GTFS_20260720+MTR_OPEN_DATA_20260720_mode_balanced_distance_bin_median,2026-07-14,low_official_fare_distance_proxy_no_itinerary,work_poi_igeocom:21133931,home_hk_collective_000336,work,home,62048.0,resident,fixed_worker,False,23161.448971827627,7.7,50.0,23.8,28.5,22.5,7.7,50.0,11661.4,,not_applied_no_serialized_itinerary_or_eligibility,,adult,Octopus,median_of_mode_specific_official_fare_distance_bin_medians
hk_collective_000338,0,pt,pt_base_fare_adult_octopus_distance_proxy,21.6,TD_GTFS_20260720+MTR_OPEN_DATA_20260720_mode_balanced_distance_bin_median,2026-07-14,low_official_fare_distance_proxy_no_itinerary,home_hk_collective_000338,work_poi_igeocom:539479,home,work,31713.0,resident,fixed_worker,False,21896.452895655522,7.7,36.7,19.6,25.0,22.5,7.7,21.6,10396.5,,not_applied_no_serialized_itinerary_or_eligibility,,adult,Octopus,median_of_mode_specific_official_fare_distance_bin_medians
hk_collective_000338,1,pt,pt_base_fare_adult_octopus_distance_proxy,21.6,TD_GTFS_20260720+MTR_OPEN_DATA_20260720_mode_balanced_distance_bin_median,2026-07-14,low_official_fare_distance_proxy_no_itinerary,work_poi_igeocom:539479,home_hk_collective_000338,work,home,63576.0,resident,fixed_worker,False,21896.452895655522,7.7,36.7,19.6,25.0,22.5,7.7,21.6,10396.5,,not_applied_no_serialized_itinerary_or_eligibility,,adult,Octopus,median_of_mode_specific_official_fare_distance_bin_medians
hk_collective_000339,0,pt,pt_base_fare_adult_octopus_distance_proxy,24.5,TD_GTFS_20260720+MTR_OPEN_DATA_20260720_mode_balanced_distance_bin_median,2026-07-14,low_official_fare_distance_proxy_no_itinerary,home_hk_collective_000339,border_12,home,border,31446.0,resident,usual_resident_border,False,24413.059283044724,7.7,50.0,23.8,28.6,24.5,7.7,50.0,12913.1,,not_applied_no_serialized_itinerary_or_eligibility,,adult,Octopus,median_of_mode_specific_official_fare_distance_bin_medians
hk_collective_000339,1,pt,pt_base_fare_adult_octopus_distance_proxy,24.5,TD_GTFS_20260720+MTR_OPEN_DATA_20260720_mode_balanced_distance_bin_median,2026-07-14,low_official_fare_distance_proxy_no_itinerary,border_12,home_hk_collective_000339,border,home,58464.0,resident,usual_resident_border,False,24413.059283044724,7.7,50.0,23.8,28.6,24.5,7.7,50.0,12913.1,,not_applied_no_serialized_itinerary_or_eligibility,,adult,Octopus,median_of_mode_specific_official_fare_distance_bin_medians
hk_collective_000340,0,pt,pt_base_fare_adult_octopus_distance_proxy,15.8,TD_GTFS_20260720+MTR_OPEN_DATA_20260720_mode_balanced_distance_bin_median,2026-07-14,low_official_fare_distance_proxy_no_itinerary,home_hk_collective_000340,work_poi_osm:3950258857:13748,home,work,26052.0,resident,fixed_worker,False,12985.497245983865,7.7,31.9,12.7,15.9,15.8,7.7,31.9,1485.5,,not_applied_no_serialized_itinerary_or_eligibility,,adult,Octopus,median_of_mode_specific_official_fare_distance_bin_medians
hk_collective_000340,1,pt,pt_base_fare_adult_octopus_distance_proxy,15.8,TD_GTFS_20260720+MTR_OPEN_DATA_20260720_mode_balanced_distance_bin_median,2026-07-14,low_official_fare_distance_proxy_no_itinerary,work_poi_osm:3950258857:13748,home_hk_collective_000340,work,home,61131.0,resident,fixed_worker,False,12985.497245983865,7.7,31.9,12.7,15.9,15.8,7.7,31.9,1485.5,,not_applied_no_serialized_itinerary_or_eligibility,,adult,Octopus,median_of_mode_specific_official_fare_distance_bin_medians
hk_collective_000340,2,pt,pt_base_fare_adult_octopus_distance_proxy,23.8,TD_GTFS_20260720+MTR_OPEN_DATA_20260720_mode_balanced_distance_bin_median,2026-07-14,low_official_fare_distance_proxy_no_itinerary,home_hk_collective_000340,resident_dining_osm_11036277190_38918,home,dining,63984.0,resident,fixed_worker,True,23166.192534790425,7.7,50.0,23.8,28.5,22.5,7.7,50.0,11666.2,,not_applied_no_serialized_itinerary_or_eligibility,,adult,Octopus,median_of_mode_specific_official_fare_distance_bin_medians
hk_collective_000340,3,pt,pt_base_fare_adult_octopus_distance_proxy,23.8,TD_GTFS_20260720+MTR_OPEN_DATA_20260720_mode_balanced_distance_bin_median,2026-07-14,low_official_fare_distance_proxy_no_itinerary,resident_dining_osm_11036277190_38918,home_hk_collective_000340,dining,home,70584.0,resident,fixed_worker,True,23166.192534790425,7.7,50.0,23.8,28.5,22.5,7.7,50.0,11666.2,,not_applied_no_serialized_itinerary_or_eligibility,,adult,Octopus,median_of_mode_specific_official_fare_distance_bin_medians
hk_collective_000344,0,pt,pt_base_fare_adult_octopus_distance_proxy,15.9,TD_GTFS_20260720+MTR_OPEN_DATA_20260720_mode_balanced_distance_bin_median,2026-07-14,low_official_fare_distance_proxy_no_itinerary,home_hk_collective_000344,work_poi_igeocom:554347,home,work,31109.0,resident,fixed_worker,False,14418.246385503706,7.7,55.8,14.3,19.1,15.9,7.7,55.8,2918.2,,not_applied_no_serialized_itinerary_or_eligibility,,adult,Octopus,median_of_mode_specific_official_fare_distance_bin_medians
hk_collective_000344,1,pt,pt_base_fare_adult_octopus_distance_proxy,15.9,TD_GTFS_20260720+MTR_OPEN_DATA_20260720_mode_balanced_distance_bin_median,2026-07-14,low_official_fare_distance_proxy_no_itinerary,work_poi_igeocom:554347,home_hk_collective_000344,work,home,65826.0,resident,fixed_worker,False,14418.246385503706,7.7,55.8,14.3,19.1,15.9,7.7,55.8,2918.2,,not_applied_no_serialized_itinerary_or_eligibility,,adult,Octopus,median_of_mode_specific_official_fare_distance_bin_medians
hk_collective_000345,0,pt,pt_base_fare_adult_octopus_distance_proxy,23.8,TD_GTFS_20260720+MTR_OPEN_DATA_20260720_mode_balanced_distance_bin_median,2026-07-14,low_official_fare_distance_proxy_no_itinerary,home_hk_collective_000345,work_poi_igeocom:21247643,home,work,32800.0,resident,fixed_worker,False,23331.83975498852,7.7,50.0,23.8,28.5,22.5,7.7,50.0,11831.8,,not_applied_no_serialized_itinerary_or_eligibility,,adult,Octopus,median_of_mode_specific_official_fare_distance_bin_medians
hk_collective_000345,1,pt,pt_base_fare_adult_octopus_distance_proxy,23.8,TD_GTFS_20260720+MTR_OPEN_DATA_20260720_mode_balanced_distance_bin_median,2026-07-14,low_official_fare_distance_proxy_no_itinerary,work_poi_igeocom:21247643,home_hk_collective_000345,work,home,63153.0,resident,fixed_worker,False,23331.83975498852,7.7,50.0,23.8,28.5,22.5,7.7,50.0,11831.8,,not_applied_no_serialized_itinerary_or_eligibility,,adult,Octopus,median_of_mode_specific_official_fare_distance_bin_medians
hk_collective_000346,0,pt,pt_base_fare_adult_octopus_distance_proxy,11.7,TD_GTFS_20260720+MTR_OPEN_DATA_20260720_mode_balanced_distance_bin_median,2026-07-14,low_official_fare_distance_proxy_no_itinerary,home_hk_collective_000346,work_poi_igeocom:556677,home,work,30296.0,resident,fixed_worker,False,7493.037928921437,6.1,51.0,11.7,12.4,11.0,6.1,30.0,7.0,,not_applied_no_serialized_itinerary_or_eligibility,,adult,Octopus,median_of_mode_specific_official_fare_distance_bin_medians
hk_collective_000346,1,pt,pt_base_fare_adult_octopus_distance_proxy,11.7,TD_GTFS_20260720+MTR_OPEN_DATA_20260720_mode_balanced_distance_bin_median,2026-07-14,low_official_fare_distance_proxy_no_itinerary,work_poi_igeocom:556677,home_hk_collective_000346,work,home,55526.0,resident,fixed_worker,False,7493.037928921437,6.1,51.0,11.7,12.4,11.0,6.1,30.0,7.0,,not_applied_no_serialized_itinerary_or_eligibility,,adult,Octopus,median_of_mode_specific_official_fare_distance_bin_medians
hk_collective_000347,0,pt,pt_base_fare_adult_octopus_distance_proxy,28.6,TD_GTFS_20260720+MTR_OPEN_DATA_20260720_mode_balanced_distance_bin_median,2026-07-14,low_official_fare_distance_proxy_no_itinerary,home_hk_collective_000347,work_poi_igeocom:541351,home,work,26961.0,resident,fixed_worker,False,31995.266837348885,7.7,54.4,27.9,28.6,54.4,7.7,50.0,20495.3,,not_applied_no_serialized_itinerary_or_eligibility,,adult,Octopus,median_of_mode_specific_official_fare_distance_bin_medians
hk_collective_000347,1,pt,pt_base_fare_adult_octopus_distance_proxy,28.6,TD_GTFS_20260720+MTR_OPEN_DATA_20260720_mode_balanced_distance_bin_median,2026-07-14,low_official_fare_distance_proxy_no_itinerary,work_poi_igeocom:541351,home_hk_collective_000347,work,home,58437.0,resident,fixed_worker,False,31995.266837348885,7.7,54.4,27.9,28.6,54.4,7.7,50.0,20495.3,,not_applied_no_serialized_itinerary_or_eligibility,,adult,Octopus,median_of_mode_specific_official_fare_distance_bin_medians
hk_collective_000348,0,pt,pt_base_fare_adult_octopus_distance_proxy,23.8,TD_GTFS_20260720+MTR_OPEN_DATA_20260720_mode_balanced_distance_bin_median,2026-07-14,low_official_fare_distance_proxy_no_itinerary,home_hk_collective_000348,work_poi_osm:missing:67021,home,work,35521.0,resident,fixed_worker,False,23224.21302374909,7.7,50.0,23.8,28.5,22.5,7.7,50.0,11724.2,,not_applied_no_serialized_itinerary_or_eligibility,,adult,Octopus,median_of_mode_specific_official_fare_distance_bin_medians
hk_collective_000348,1,pt,pt_base_fare_adult_octopus_distance_proxy,23.8,TD_GTFS_20260720+MTR_OPEN_DATA_20260720_mode_balanced_distance_bin_median,2026-07-14,low_official_fare_distance_proxy_no_itinerary,work_poi_osm:missing:67021,home_hk_collective_000348,work,home,60388.0,resident,fixed_worker,False,23224.21302374909,7.7,50.0,23.8,28.5,22.5,7.7,50.0,11724.2,,not_applied_no_serialized_itinerary_or_eligibility,,adult,Octopus,median_of_mode_specific_official_fare_distance_bin_medians
hk_collective_000349,0,pt,pt_base_fare_adult_octopus_distance_proxy,7.8,TD_GTFS_20260720+MTR_OPEN_DATA_20260720_mode_balanced_distance_bin_median,2026-07-14,low_official_fare_distance_proxy_no_itinerary,home_hk_collective_000349,work_mobile_poi_igeocom:542466,home,work_mobile,29335.0,resident,work_mobile,False,3068.0272148119707,5.3,52.0,7.8,8.8,7.4,5.4,20.0,432.0,,not_applied_no_serialized_itinerary_or_eligibility,,adult,Octopus,median_of_mode_specific_official_fare_distance_bin_medians
hk_collective_000349,1,pt,pt_base_fare_adult_octopus_distance_proxy,7.8,TD_GTFS_20260720+MTR_OPEN_DATA_20260720_mode_balanced_distance_bin_median,2026-07-14,low_official_fare_distance_proxy_no_itinerary,work_mobile_poi_igeocom:542466,home_hk_collective_000349,work_mobile,home,63426.0,resident,work_mobile,False,3068.0272148119707,5.3,52.0,7.8,8.8,7.4,5.4,20.0,432.0,,not_applied_no_serialized_itinerary_or_eligibility,,adult,Octopus,median_of_mode_specific_official_fare_distance_bin_medians
hk_collective_000351,0,pt,pt_base_fare_adult_octopus_distance_proxy,28.6,TD_GTFS_20260720+MTR_OPEN_DATA_20260720_mode_balanced_distance_bin_median,2026-07-14,low_official_fare_distance_proxy_no_itinerary,home_hk_collective_000351,work_poi_igeocom:531363,home,work,29246.0,resident,fixed_worker,False,31854.809360715142,7.7,54.4,27.9,28.6,54.4,7.7,50.0,20354.8,,not_applied_no_serialized_itinerary_or_eligibility,,adult,Octopus,median_of_mode_specific_official_fare_distance_bin_medians
hk_collective_000351,1,pt,pt_base_fare_adult_octopus_distance_proxy,28.6,TD_GTFS_20260720+MTR_OPEN_DATA_20260720_mode_balanced_distance_bin_median,2026-07-14,low_official_fare_distance_proxy_no_itinerary,work_poi_igeocom:531363,home_hk_collective_000351,work,home,62759.0,resident,fixed_worker,False,31854.809360715142,7.7,54.4,27.9,28.6,54.4,7.7,50.0,20354.8,,not_applied_no_serialized_itinerary_or_eligibility,,adult,Octopus,median_of_mode_specific_official_fare_distance_bin_medians
hk_collective_000352,0,pt,pt_base_fare_adult_octopus_distance_proxy,22.9,TD_GTFS_20260720+MTR_OPEN_DATA_20260720_mode_balanced_distance_bin_median,2026-07-14,low_official_fare_distance_proxy_no_itinerary,home_hk_collective_000352,work_poi_igeocom:21158877,home,work,29524.0,resident,fixed_worker,False,22586.172056779407,7.7,50.0,20.8,28.0,22.9,7.7,50.0,11086.2,,not_applied_no_serialized_itinerary_or_eligibility,,adult,Octopus,median_of_mode_specific_official_fare_distance_bin_medians
hk_collective_000352,1,pt,pt_base_fare_adult_octopus_distance_proxy,22.9,TD_GTFS_20260720+MTR_OPEN_DATA_20260720_mode_balanced_distance_bin_median,2026-07-14,low_official_fare_distance_proxy_no_itinerary,work_poi_igeocom:21158877,home_hk_collective_000352,work,home,63010.0,resident,fixed_worker,False,22586.172056779407,7.7,50.0,20.8,28.0,22.9,7.7,50.0,11086.2,,not_applied_no_serialized_itinerary_or_eligibility,,adult,Octopus,median_of_mode_specific_official_fare_distance_bin_medians
hk_collective_000353,0,pt,pt_base_fare_adult_octopus_distance_proxy,28.1,TD_GTFS_20260720+MTR_OPEN_DATA_20260720_mode_balanced_distance_bin_median,2026-07-14,low_official_fare_distance_proxy_no_itinerary,home_hk_collective_000353,work_poi_igeocom:21110121,home,work,26835.0,resident,fixed_worker,False,30083.61056024392,7.7,54.0,27.9,28.6,28.1,7.7,50.0,18583.6,,not_applied_no_serialized_itinerary_or_eligibility,,adult,Octopus,median_of_mode_specific_official_fare_distance_bin_medians
hk_collective_000353,1,pt,pt_base_fare_adult_octopus_distance_proxy,28.1,TD_GTFS_20260720+MTR_OPEN_DATA_20260720_mode_balanced_distance_bin_median,2026-07-14,low_official_fare_distance_proxy_no_itinerary,work_poi_igeocom:21110121,home_hk_collective_000353,work,home,54295.0,resident,fixed_worker,False,30083.61056024392,7.7,54.0,27.9,28.6,28.1,7.7,50.0,18583.6,,not_applied_no_serialized_itinerary_or_eligibility,,adult,Octopus,median_of_mode_specific_official_fare_distance_bin_medians
hk_collective_000357,0,pt,pt_base_fare_adult_octopus_distance_proxy,23.8,TD_GTFS_20260720+MTR_OPEN_DATA_20260720_mode_balanced_distance_bin_median,2026-07-14,low_official_fare_distance_proxy_no_itinerary,home_hk_collective_000357,work_poi_osm:12853886691:45807,home,work,32773.0,resident,fixed_worker,False,23238.943746405228,7.7,50.0,23.8,28.5,22.5,7.7,50.0,11738.9,,not_applied_no_serialized_itinerary_or_eligibility,,adult,Octopus,median_of_mode_specific_official_fare_distance_bin_medians
hk_collective_000357,1,pt,pt_base_fare_adult_octopus_distance_proxy,23.8,TD_GTFS_20260720+MTR_OPEN_DATA_20260720_mode_balanced_distance_bin_median,2026-07-14,low_official_fare_distance_proxy_no_itinerary,work_poi_osm:12853886691:45807,home_hk_collective_000357,work,home,67168.0,resident,fixed_worker,False,23238.943746405228,7.7,50.0,23.8,28.5,22.5,7.7,50.0,11738.9,,not_applied_no_serialized_itinerary_or_eligibility,,adult,Octopus,median_of_mode_specific_official_fare_distance_bin_medians
hk_collective_000358,0,pt,pt_base_fare_adult_octopus_distance_proxy,21.6,TD_GTFS_20260720+MTR_OPEN_DATA_20260720_mode_balanced_distance_bin_median,2026-07-14,low_official_fare_distance_proxy_no_itinerary,home_hk_collective_000358,work_poi_osm:4275573547:15135,home,work,31380.0,resident,fixed_worker,False,21382.163700757825,7.7,36.7,19.6,25.0,22.5,7.7,21.6,9882.2,,not_applied_no_serialized_itinerary_or_eligibility,,adult,Octopus,median_of_mode_specific_official_fare_distance_bin_medians
hk_collective_000358,1,pt,pt_base_fare_adult_octopus_distance_proxy,21.6,TD_GTFS_20260720+MTR_OPEN_DATA_20260720_mode_balanced_distance_bin_median,2026-07-14,low_official_fare_distance_proxy_no_itinerary,work_poi_osm:4275573547:15135,home_hk_collective_000358,work,home,60326.0,resident,fixed_worker,False,21382.163700757825,7.7,36.7,19.6,25.0,22.5,7.7,21.6,9882.2,,not_applied_no_serialized_itinerary_or_eligibility,,adult,Octopus,median_of_mode_specific_official_fare_distance_bin_medians
hk_collective_000359,0,pt,pt_base_fare_adult_octopus_distance_proxy,21.6,TD_GTFS_20260720+MTR_OPEN_DATA_20260720_mode_balanced_distance_bin_median,2026-07-14,low_official_fare_distance_proxy_no_itinerary,home_hk_collective_000359,work_poi_igeocom:557149,home,work,32277.0,resident,fixed_worker,False,20806.072099201323,7.7,36.7,18.8,25.0,22.1,7.7,21.6,9306.1,,not_applied_no_serialized_itinerary_or_eligibility,,adult,Octopus,median_of_mode_specific_official_fare_distance_bin_medians
hk_collective_000359,1,pt,pt_base_fare_adult_octopus_distance_proxy,21.6,TD_GTFS_20260720+MTR_OPEN_DATA_20260720_mode_balanced_distance_bin_median,2026-07-14,low_official_fare_distance_proxy_no_itinerary,work_poi_igeocom:557149,home_hk_collective_000359,work,home,71616.0,resident,fixed_worker,False,20806.072099201323,7.7,36.7,18.8,25.0,22.1,7.7,21.6,9306.1,,not_applied_no_serialized_itinerary_or_eligibility,,adult,Octopus,median_of_mode_specific_official_fare_distance_bin_medians
hk_collective_000360,0,pt,pt_base_fare_adult_octopus_distance_proxy,11.1,TD_GTFS_20260720+MTR_OPEN_DATA_20260720_mode_balanced_distance_bin_median,2026-07-14,low_official_fare_distance_proxy_no_itinerary,home_hk_collective_000360,work_poi_igeocom:21171822,home,work,31913.0,resident,fixed_worker,False,6204.628451936472,5.4,50.0,11.0,11.7,11.1,5.4,20.0,295.4,,not_applied_no_serialized_itinerary_or_eligibility,,adult,Octopus,median_of_mode_specific_official_fare_distance_bin_medians
hk_collective_000360,1,pt,pt_base_fare_adult_octopus_distance_proxy,11.1,TD_GTFS_20260720+MTR_OPEN_DATA_20260720_mode_balanced_distance_bin_median,2026-07-14,low_official_fare_distance_proxy_no_itinerary,work_poi_igeocom:21171822,home_hk_collective_000360,work,home,62305.0,resident,fixed_worker,False,6204.628451936472,5.4,50.0,11.0,11.7,11.1,5.4,20.0,295.4,,not_applied_no_serialized_itinerary_or_eligibility,,adult,Octopus,median_of_mode_specific_official_fare_distance_bin_medians
hk_collective_000363,0,pt,pt_base_fare_adult_octopus_distance_proxy,28.6,TD_GTFS_20260720+MTR_OPEN_DATA_20260720_mode_balanced_distance_bin_median,2026-07-14,low_official_fare_distance_proxy_no_itinerary,home_hk_collective_000363,work_poi_igeocom:559990,home,work,32533.0,resident,fixed_worker,False,28461.962982383437,7.7,54.4,27.3,28.6,30.2,7.7,50.0,16962.0,,not_applied_no_serialized_itinerary_or_eligibility,,adult,Octopus,median_of_mode_specific_official_fare_distance_bin_medians
hk_collective_000363,1,pt,pt_base_fare_adult_octopus_distance_proxy,28.6,TD_GTFS_20260720+MTR_OPEN_DATA_20260720_mode_balanced_distance_bin_median,2026-07-14,low_official_fare_distance_proxy_no_itinerary,work_poi_igeocom:559990,home_hk_collective_000363,work,home,59709.0,resident,fixed_worker,False,28461.962982383437,7.7,54.4,27.3,28.6,30.2,7.7,50.0,16962.0,,not_applied_no_serialized_itinerary_or_eligibility,,adult,Octopus,median_of_mode_specific_official_fare_distance_bin_medians
hk_collective_000365,0,pt,pt_base_fare_adult_octopus_distance_proxy,28.6,TD_GTFS_20260720+MTR_OPEN_DATA_20260720_mode_balanced_distance_bin_median,2026-07-14,low_official_fare_distance_proxy_no_itinerary,home_hk_collective_000365,work_poi_osm:missing:60812,home,work,28116.0,resident,fixed_worker,False,26201.522342891392,7.7,50.0,23.8,28.6,30.2,7.7,50.0,14701.5,,not_applied_no_serialized_itinerary_or_eligibility,,adult,Octopus,median_of_mode_specific_official_fare_distance_bin_medians
hk_collective_000365,1,pt,pt_base_fare_adult_octopus_distance_proxy,28.6,TD_GTFS_20260720+MTR_OPEN_DATA_20260720_mode_balanced_distance_bin_median,2026-07-14,low_official_fare_distance_proxy_no_itinerary,work_poi_osm:missing:60812,home_hk_collective_000365,work,home,70509.0,resident,fixed_worker,False,26201.522342891392,7.7,50.0,23.8,28.6,30.2,7.7,50.0,14701.5,,not_applied_no_serialized_itinerary_or_eligibility,,adult,Octopus,median_of_mode_specific_official_fare_distance_bin_medians
hk_collective_000366,0,pt,pt_base_fare_adult_octopus_distance_proxy,11.1,TD_GTFS_20260720+MTR_OPEN_DATA_20260720_mode_balanced_distance_bin_median,2026-07-14,low_official_fare_distance_proxy_no_itinerary,home_hk_collective_000366,resident_social_osm_7336866_51621,home,social,36294.0,resident,home_only,True,6218.393527932951,5.4,50.0,11.0,11.7,11.1,5.4,20.0,281.6,,not_applied_no_serialized_itinerary_or_eligibility,,adult,Octopus,median_of_mode_specific_official_fare_distance_bin_medians
hk_collective_000366,1,pt,pt_base_fare_adult_octopus_distance_proxy,15.9,TD_GTFS_20260720+MTR_OPEN_DATA_20260720_mode_balanced_distance_bin_median,2026-07-14,low_official_fare_distance_proxy_no_itinerary,resident_social_osm_7336866_51621,resident_dining_osm_6815269168_29952,social,dining,45894.0,resident,home_only,True,14226.802984405056,7.7,55.8,14.3,19.1,15.9,7.7,55.8,2726.8,,not_applied_no_serialized_itinerary_or_eligibility,,adult,Octopus,median_of_mode_specific_official_fare_distance_bin_medians
hk_collective_000366,2,pt,pt_base_fare_adult_octopus_distance_proxy,18.1,TD_GTFS_20260720+MTR_OPEN_DATA_20260720_mode_balanced_distance_bin_median,2026-07-14,low_official_fare_distance_proxy_no_itinerary,resident_dining_osm_6815269168_29952,home_hk_collective_000366,dining,home,52494.0,resident,home_only,True,19080.30037886998,7.7,34.6,17.2,18.1,22.9,7.7,21.6,7580.3,,not_applied_no_serialized_itinerary_or_eligibility,,adult,Octopus,median_of_mode_specific_official_fare_distance_bin_medians
hk_collective_000367,0,pt,pt_base_fare_adult_octopus_distance_proxy,11.1,TD_GTFS_20260720+MTR_OPEN_DATA_20260720_mode_balanced_distance_bin_median,2026-07-14,low_official_fare_distance_proxy_no_itinerary,home_hk_collective_000367,work_poi_igeocom:560258,home,work,30806.0,resident,fixed_worker,False,6739.754928066145,5.4,50.0,11.0,11.7,11.1,5.4,20.0,239.8,,not_applied_no_serialized_itinerary_or_eligibility,,adult,Octopus,median_of_mode_specific_official_fare_distance_bin_medians
hk_collective_000367,1,pt,pt_base_fare_adult_octopus_distance_proxy,11.1,TD_GTFS_20260720+MTR_OPEN_DATA_20260720_mode_balanced_distance_bin_median,2026-07-14,low_official_fare_distance_proxy_no_itinerary,work_poi_igeocom:560258,home_hk_collective_000367,work,home,51554.0,resident,fixed_worker,False,6739.754928066145,5.4,50.0,11.0,11.7,11.1,5.4,20.0,239.8,,not_applied_no_serialized_itinerary_or_eligibility,,adult,Octopus,median_of_mode_specific_official_fare_distance_bin_medians
hk_collective_000368,0,pt,pt_base_fare_adult_octopus_distance_proxy,28.6,TD_GTFS_20260720+MTR_OPEN_DATA_20260720_mode_balanced_distance_bin_median,2026-07-14,low_official_fare_distance_proxy_no_itinerary,home_hk_collective_000368,work_poi_igeocom:21247207,home,work,33581.0,resident,fixed_worker,False,26634.57325467565,7.7,50.0,23.8,28.6,30.2,7.7,50.0,15134.6,,not_applied_no_serialized_itinerary_or_eligibility,,adult,Octopus,median_of_mode_specific_official_fare_distance_bin_medians
hk_collective_000368,1,pt,pt_base_fare_adult_octopus_distance_proxy,28.6,TD_GTFS_20260720+MTR_OPEN_DATA_20260720_mode_balanced_distance_bin_median,2026-07-14,low_official_fare_distance_proxy_no_itinerary,work_poi_igeocom:21247207,home_hk_collective_000368,work,home,70962.0,resident,fixed_worker,False,26634.57325467565,7.7,50.0,23.8,28.6,30.2,7.7,50.0,15134.6,,not_applied_no_serialized_itinerary_or_eligibility,,adult,Octopus,median_of_mode_specific_official_fare_distance_bin_medians
hk_collective_000369,0,pt,pt_base_fare_adult_octopus_distance_proxy,21.6,TD_GTFS_20260720+MTR_OPEN_DATA_20260720_mode_balanced_distance_bin_median,2026-07-14,low_official_fare_distance_proxy_no_itinerary,home_hk_collective_000369,work_poi_osm:missing:72733,home,work,28487.0,resident,fixed_worker,False,21945.69710177088,7.7,36.7,19.6,25.0,22.5,7.7,21.6,10445.7,,not_applied_no_serialized_itinerary_or_eligibility,,adult,Octopus,median_of_mode_specific_official_fare_distance_bin_medians
hk_collective_000369,1,pt,pt_base_fare_adult_octopus_distance_proxy,21.6,TD_GTFS_20260720+MTR_OPEN_DATA_20260720_mode_balanced_distance_bin_median,2026-07-14,low_official_fare_distance_proxy_no_itinerary,work_poi_osm:missing:72733,home_hk_collective_000369,work,home,53413.0,resident,fixed_worker,False,21945.69710177088,7.7,36.7,19.6,25.0,22.5,7.7,21.6,10445.7,,not_applied_no_serialized_itinerary_or_eligibility,,adult,Octopus,median_of_mode_specific_official_fare_distance_bin_medians
hk_collective_000370,0,pt,pt_base_fare_adult_octopus_distance_proxy,24.5,TD_GTFS_20260720+MTR_OPEN_DATA_20260720_mode_balanced_distance_bin_median,2026-07-14,low_official_fare_distance_proxy_no_itinerary,home_hk_collective_000370,work_poi_igeocom:560416,home,work,28455.0,resident,fixed_worker,False,24556.43616136032,7.7,50.0,23.8,28.6,24.5,7.7,50.0,13056.4,,not_applied_no_serialized_itinerary_or_eligibility,,adult,Octopus,median_of_mode_specific_official_fare_distance_bin_medians
hk_collective_000370,1,pt,pt_base_fare_adult_octopus_distance_proxy,24.5,TD_GTFS_20260720+MTR_OPEN_DATA_20260720_mode_balanced_distance_bin_median,2026-07-14,low_official_fare_distance_proxy_no_itinerary,work_poi_igeocom:560416,home_hk_collective_000370,work,home,58252.0,resident,fixed_worker,False,24556.43616136032,7.7,50.0,23.8,28.6,24.5,7.7,50.0,13056.4,,not_applied_no_serialized_itinerary_or_eligibility,,adult,Octopus,median_of_mode_specific_official_fare_distance_bin_medians
hk_collective_000371,0,pt,pt_base_fare_adult_octopus_distance_proxy,28.6,TD_GTFS_20260720+MTR_OPEN_DATA_20260720_mode_balanced_distance_bin_median,2026-07-14,low_official_fare_distance_proxy_no_itinerary,home_hk_collective_000371,work_poi_igeocom:540498,home,work,32122.0,resident,fixed_worker,False,31250.017986777766,7.7,54.4,27.9,28.6,54.4,7.7,50.0,19750.0,,not_applied_no_serialized_itinerary_or_eligibility,,adult,Octopus,median_of_mode_specific_official_fare_distance_bin_medians
hk_collective_000371,1,pt,pt_base_fare_adult_octopus_distance_proxy,28.6,TD_GTFS_20260720+MTR_OPEN_DATA_20260720_mode_balanced_distance_bin_median,2026-07-14,low_official_fare_distance_proxy_no_itinerary,work_poi_igeocom:540498,home_hk_collective_000371,work,home,67577.0,resident,fixed_worker,False,31250.017986777766,7.7,54.4,27.9,28.6,54.4,7.7,50.0,19750.0,,not_applied_no_serialized_itinerary_or_eligibility,,adult,Octopus,median_of_mode_specific_official_fare_distance_bin_medians
hk_collective_000372,0,pt,pt_base_fare_adult_octopus_distance_proxy,28.6,TD_GTFS_20260720+MTR_OPEN_DATA_20260720_mode_balanced_distance_bin_median,2026-07-14,low_official_fare_distance_proxy_no_itinerary,home_hk_collective_000372,work_poi_osm:13249029846:46759,home,work,28182.0,resident,fixed_worker,False,28681.043679783415,7.7,54.4,27.3,28.6,30.2,7.7,50.0,17181.0,,not_applied_no_serialized_itinerary_or_eligibility,,adult,Octopus,median_of_mode_specific_official_fare_distance_bin_medians
hk_collective_000372,1,pt,pt_base_fare_adult_octopus_distance_proxy,28.6,TD_GTFS_20260720+MTR_OPEN_DATA_20260720_mode_balanced_distance_bin_median,2026-07-14,low_official_fare_distance_proxy_no_itinerary,work_poi_osm:13249029846:46759,home_hk_collective_000372,work,home,56819.0,resident,fixed_worker,False,28681.043679783415,7.7,54.4,27.3,28.6,30.2,7.7,50.0,17181.0,,not_applied_no_serialized_itinerary_or_eligibility,,adult,Octopus,median_of_mode_specific_official_fare_distance_bin_medians
hk_collective_000373,0,pt,pt_base_fare_adult_octopus_distance_proxy,21.6,TD_GTFS_20260720+MTR_OPEN_DATA_20260720_mode_balanced_distance_bin_median,2026-07-14,low_official_fare_distance_proxy_no_itinerary,home_hk_collective_000373,work_poi_osm:5777613389:26357,home,work,26942.0,resident,fixed_worker,False,21758.26072392809,7.7,36.7,19.6,25.0,22.5,7.7,21.6,10258.3,,not_applied_no_serialized_itinerary_or_eligibility,,adult,Octopus,median_of_mode_specific_official_fare_distance_bin_medians
hk_collective_000373,1,pt,pt_base_fare_adult_octopus_distance_proxy,21.6,TD_GTFS_20260720+MTR_OPEN_DATA_20260720_mode_balanced_distance_bin_median,2026-07-14,low_official_fare_distance_proxy_no_itinerary,work_poi_osm:5777613389:26357,home_hk_collective_000373,work,home,60497.0,resident,fixed_worker,False,21758.26072392809,7.7,36.7,19.6,25.0,22.5,7.7,21.6,10258.3,,not_applied_no_serialized_itinerary_or_eligibility,,adult,Octopus,median_of_mode_specific_official_fare_distance_bin_medians
hk_collective_000374,0,pt,pt_base_fare_adult_octopus_distance_proxy,7.0,TD_GTFS_20260720+MTR_OPEN_DATA_20260720_mode_balanced_distance_bin_median,2026-07-14,low_official_fare_distance_proxy_no_itinerary,home_hk_collective_000374,work_poi_igeocom:561363,home,work,32617.0,resident,fixed_worker,False,1554.4116022242474,4.9,30.0,7.3,7.0,4.9,5.3,10.0,54.4,,not_applied_no_serialized_itinerary_or_eligibility,,adult,Octopus,median_of_mode_specific_official_fare_distance_bin_medians
hk_collective_000374,1,pt,pt_base_fare_adult_octopus_distance_proxy,7.0,TD_GTFS_20260720+MTR_OPEN_DATA_20260720_mode_balanced_distance_bin_median,2026-07-14,low_official_fare_distance_proxy_no_itinerary,work_poi_igeocom:561363,home_hk_collective_000374,work,home,72088.0,resident,fixed_worker,False,1554.4116022242474,4.9,30.0,7.3,7.0,4.9,5.3,10.0,54.4,,not_applied_no_serialized_itinerary_or_eligibility,,adult,Octopus,median_of_mode_specific_official_fare_distance_bin_medians
hk_collective_000375,0,pt,pt_base_fare_adult_octopus_distance_proxy,18.1,TD_GTFS_20260720+MTR_OPEN_DATA_20260720_mode_balanced_distance_bin_median,2026-07-14,low_official_fare_distance_proxy_no_itinerary,home_hk_collective_000375,border_1,home,border,32839.0,resident,usual_resident_border,False,19746.12667492911,7.7,34.6,17.2,18.1,22.9,7.7,21.6,8246.1,,not_applied_no_serialized_itinerary_or_eligibility,,adult,Octopus,median_of_mode_specific_official_fare_distance_bin_medians
hk_collective_000375,1,pt,pt_base_fare_adult_octopus_distance_proxy,18.1,TD_GTFS_20260720+MTR_OPEN_DATA_20260720_mode_balanced_distance_bin_median,2026-07-14,low_official_fare_distance_proxy_no_itinerary,border_1,home_hk_collective_000375,border,home,65357.0,resident,usual_resident_border,False,19746.12667492911,7.7,34.6,17.2,18.1,22.9,7.7,21.6,8246.1,,not_applied_no_serialized_itinerary_or_eligibility,,adult,Octopus,median_of_mode_specific_official_fare_distance_bin_medians
hk_collective_000376,0,pt,pt_base_fare_adult_octopus_distance_proxy,21.6,TD_GTFS_20260720+MTR_OPEN_DATA_20260720_mode_balanced_distance_bin_median,2026-07-14,low_official_fare_distance_proxy_no_itinerary,home_hk_collective_000376,work_poi_osm:6652767222:29468,home,work,29723.0,resident,fixed_worker,False,20507.034766862416,7.7,36.7,18.8,25.0,22.1,7.7,21.6,9007.0,,not_applied_no_serialized_itinerary_or_eligibility,,adult,Octopus,median_of_mode_specific_official_fare_distance_bin_medians
hk_collective_000376,1,pt,pt_base_fare_adult_octopus_distance_proxy,21.6,TD_GTFS_20260720+MTR_OPEN_DATA_20260720_mode_balanced_distance_bin_median,2026-07-14,low_official_fare_distance_proxy_no_itinerary,work_poi_osm:6652767222:29468,home_hk_collective_000376,work,home,64966.0,resident,fixed_worker,False,20507.034766862416,7.7,36.7,18.8,25.0,22.1,7.7,21.6,9007.0,,not_applied_no_serialized_itinerary_or_eligibility,,adult,Octopus,median_of_mode_specific_official_fare_distance_bin_medians
hk_collective_000378,0,pt,pt_base_fare_adult_octopus_distance_proxy,22.9,TD_GTFS_20260720+MTR_OPEN_DATA_20260720_mode_balanced_distance_bin_median,2026-07-14,low_official_fare_distance_proxy_no_itinerary,home_hk_collective_000378,work_poi_igeocom:21078516,home,work,28037.0,resident,fixed_worker,False,22582.477774775474,7.7,50.0,20.8,28.0,22.9,7.7,50.0,11082.5,,not_applied_no_serialized_itinerary_or_eligibility,,adult,Octopus,median_of_mode_specific_official_fare_distance_bin_medians
hk_collective_000378,1,pt,pt_base_fare_adult_octopus_distance_proxy,22.9,TD_GTFS_20260720+MTR_OPEN_DATA_20260720_mode_balanced_distance_bin_median,2026-07-14,low_official_fare_distance_proxy_no_itinerary,work_poi_igeocom:21078516,home_hk_collective_000378,work,home,58959.0,resident,fixed_worker,False,22582.477774775474,7.7,50.0,20.8,28.0,22.9,7.7,50.0,11082.5,,not_applied_no_serialized_itinerary_or_eligibility,,adult,Octopus,median_of_mode_specific_official_fare_distance_bin_medians
hk_collective_000378,2,pt,pt_base_fare_adult_octopus_distance_proxy,11.1,TD_GTFS_20260720+MTR_OPEN_DATA_20260720_mode_balanced_distance_bin_median,2026-07-14,low_official_fare_distance_proxy_no_itinerary,home_hk_collective_000378,resident_leisure_osm_missing_56148,home,leisure,65983.0,resident,fixed_worker,True,6802.230056702733,5.4,50.0,11.0,11.7,11.1,5.4,20.0,302.2,,not_applied_no_serialized_itinerary_or_eligibility,,adult,Octopus,median_of_mode_specific_official_fare_distance_bin_medians
hk_collective_000378,3,pt,pt_base_fare_adult_octopus_distance_proxy,11.1,TD_GTFS_20260720+MTR_OPEN_DATA_20260720_mode_balanced_distance_bin_median,2026-07-14,low_official_fare_distance_proxy_no_itinerary,resident_leisure_osm_missing_56148,home_hk_collective_000378,leisure,home,77383.0,resident,fixed_worker,True,6802.230056702733,5.4,50.0,11.0,11.7,11.1,5.4,20.0,302.2,,not_applied_no_serialized_itinerary_or_eligibility,,adult,Octopus,median_of_mode_specific_official_fare_distance_bin_medians
hk_collective_000379,0,pt,pt_base_fare_adult_octopus_distance_proxy,15.8,TD_GTFS_20260720+MTR_OPEN_DATA_20260720_mode_balanced_distance_bin_median,2026-07-14,low_official_fare_distance_proxy_no_itinerary,home_hk_collective_000379,work_poi_igeocom:549632,home,work,25471.0,resident,fixed_worker,False,13158.605628234527,7.7,59.0,13.1,18.7,15.8,7.7,30.0,1658.6,,not_applied_no_serialized_itinerary_or_eligibility,,adult,Octopus,median_of_mode_specific_official_fare_distance_bin_medians
hk_collective_000379,1,pt,pt_base_fare_adult_octopus_distance_proxy,15.8,TD_GTFS_20260720+MTR_OPEN_DATA_20260720_mode_balanced_distance_bin_median,2026-07-14,low_official_fare_distance_proxy_no_itinerary,work_poi_igeocom:549632,home_hk_collective_000379,work,home,64583.0,resident,fixed_worker,False,13158.605628234527,7.7,59.0,13.1,18.7,15.8,7.7,30.0,1658.6,,not_applied_no_serialized_itinerary_or_eligibility,,adult,Octopus,median_of_mode_specific_official_fare_distance_bin_medians
hk_collective_000381,0,pt,pt_base_fare_adult_octopus_distance_proxy,24.5,TD_GTFS_20260720+MTR_OPEN_DATA_20260720_mode_balanced_distance_bin_median,2026-07-14,low_official_fare_distance_proxy_no_itinerary,home_hk_collective_000381,work_mobile_poi_igeocom:539177,home,work_mobile,26347.0,resident,work_mobile,False,24752.467217541256,7.7,50.0,23.8,28.6,24.5,7.7,50.0,13252.5,,not_applied_no_serialized_itinerary_or_eligibility,,adult,Octopus,median_of_mode_specific_official_fare_distance_bin_medians
hk_collective_000381,1,pt,pt_base_fare_adult_octopus_distance_proxy,24.5,TD_GTFS_20260720+MTR_OPEN_DATA_20260720_mode_balanced_distance_bin_median,2026-07-14,low_official_fare_distance_proxy_no_itinerary,work_mobile_poi_igeocom:539177,home_hk_collective_000381,work_mobile,home,55160.0,resident,work_mobile,False,24752.467217541256,7.7,50.0,23.8,28.6,24.5,7.7,50.0,13252.5,,not_applied_no_serialized_itinerary_or_eligibility,,adult,Octopus,median_of_mode_specific_official_fare_distance_bin_medians
hk_collective_000383,0,pt,pt_base_fare_adult_octopus_distance_proxy,9.2,TD_GTFS_20260720+MTR_OPEN_DATA_20260720_mode_balanced_distance_bin_median,2026-07-14,low_official_fare_distance_proxy_no_itinerary,home_hk_collective_000383,resident_dining_osm_11591004911_42453,home,dining,32400.0,resident,home_only,True,4744.434625265341,5.4,20.0,8.4,9.5,9.2,5.4,16.3,244.4,,not_applied_no_serialized_itinerary_or_eligibility,,adult,Octopus,median_of_mode_specific_official_fare_distance_bin_medians
hk_collective_000383,1,pt,pt_base_fare_adult_octopus_distance_proxy,9.2,TD_GTFS_20260720+MTR_OPEN_DATA_20260720_mode_balanced_distance_bin_median,2026-07-14,low_official_fare_distance_proxy_no_itinerary,resident_dining_osm_11591004911_42453,home_hk_collective_000383,dining,home,39000.0,resident,home_only,True,4744.434625265341,5.4,20.0,8.4,9.5,9.2,5.4,16.3,244.4,,not_applied_no_serialized_itinerary_or_eligibility,,adult,Octopus,median_of_mode_specific_official_fare_distance_bin_medians
hk_collective_000384,0,pt,pt_base_fare_adult_octopus_distance_proxy,24.5,TD_GTFS_20260720+MTR_OPEN_DATA_20260720_mode_balanced_distance_bin_median,2026-07-14,low_official_fare_distance_proxy_no_itinerary,home_hk_collective_000384,school_1026,home,school_secondary,31346.0,resident,day_school_student,False,24642.012694885354,7.7,50.0,23.8,28.6,24.5,7.7,50.0,13142.0,,not_applied_no_serialized_itinerary_or_eligibility,,adult,Octopus,median_of_mode_specific_official_fare_distance_bin_medians
hk_collective_000384,1,pt,pt_base_fare_adult_octopus_distance_proxy,24.5,TD_GTFS_20260720+MTR_OPEN_DATA_20260720_mode_balanced_distance_bin_median,2026-07-14,low_official_fare_distance_proxy_no_itinerary,school_1026,home_hk_collective_000384,school_secondary,home,57027.0,resident,day_school_student,False,24642.012694885354,7.7,50.0,23.8,28.6,24.5,7.7,50.0,13142.0,,not_applied_no_serialized_itinerary_or_eligibility,,adult,Octopus,median_of_mode_specific_official_fare_distance_bin_medians
hk_collective_000386,0,pt,pt_base_fare_adult_octopus_distance_proxy,17.2,TD_GTFS_20260720+MTR_OPEN_DATA_20260720_mode_balanced_distance_bin_median,2026-07-14,low_official_fare_distance_proxy_no_itinerary,home_hk_collective_000386,work_poi_igeocom:529325,home,work,31175.0,resident,fixed_worker,False,16601.1041482611,7.7,80.0,17.2,15.7,19.7,7.7,45.0,5101.1,,not_applied_no_serialized_itinerary_or_eligibility,,adult,Octopus,median_of_mode_specific_official_fare_distance_bin_medians
hk_collective_000386,1,pt,pt_base_fare_adult_octopus_distance_proxy,17.2,TD_GTFS_20260720+MTR_OPEN_DATA_20260720_mode_balanced_distance_bin_median,2026-07-14,low_official_fare_distance_proxy_no_itinerary,work_poi_igeocom:529325,home_hk_collective_000386,work,home,71696.0,resident,fixed_worker,False,16601.1041482611,7.7,80.0,17.2,15.7,19.7,7.7,45.0,5101.1,,not_applied_no_serialized_itinerary_or_eligibility,,adult,Octopus,median_of_mode_specific_official_fare_distance_bin_medians
hk_collective_000387,0,pt,pt_base_fare_adult_octopus_distance_proxy,22.9,TD_GTFS_20260720+MTR_OPEN_DATA_20260720_mode_balanced_distance_bin_median,2026-07-14,low_official_fare_distance_proxy_no_itinerary,home_hk_collective_000387,work_poi_igeocom:21225540,home,work,26837.0,resident,fixed_worker,False,22942.46926820963,7.7,50.0,20.8,28.0,22.9,7.7,50.0,11442.5,,not_applied_no_serialized_itinerary_or_eligibility,,adult,Octopus,median_of_mode_specific_official_fare_distance_bin_medians
hk_collective_000387,1,pt,pt_base_fare_adult_octopus_distance_proxy,22.9,TD_GTFS_20260720+MTR_OPEN_DATA_20260720_mode_balanced_distance_bin_median,2026-07-14,low_official_fare_distance_proxy_no_itinerary,work_poi_igeocom:21225540,home_hk_collective_000387,work,home,60739.0,resident,fixed_worker,False,22942.46926820963,7.7,50.0,20.8,28.0,22.9,7.7,50.0,11442.5,,not_applied_no_serialized_itinerary_or_eligibility,,adult,Octopus,median_of_mode_specific_official_fare_distance_bin_medians
hk_collective_000388,0,pt,pt_base_fare_adult_octopus_distance_proxy,28.5,TD_GTFS_20260720+MTR_OPEN_DATA_20260720_mode_balanced_distance_bin_median,2026-07-14,low_official_fare_distance_proxy_no_itinerary,home_hk_collective_000388,work_grid_895,home,work,31069.0,resident,fixed_worker,False,37333.29494296765,7.7,50.0,28.5,28.6,27.8,7.7,50.0,25833.3,,not_applied_no_serialized_itinerary_or_eligibility,,adult,Octopus,median_of_mode_specific_official_fare_distance_bin_medians
hk_collective_000388,1,pt,pt_base_fare_adult_octopus_distance_proxy,28.5,TD_GTFS_20260720+MTR_OPEN_DATA_20260720_mode_balanced_distance_bin_median,2026-07-14,low_official_fare_distance_proxy_no_itinerary,work_grid_895,home_hk_collective_000388,work,home,62264.0,resident,fixed_worker,False,37333.29494296765,7.7,50.0,28.5,28.6,27.8,7.7,50.0,25833.3,,not_applied_no_serialized_itinerary_or_eligibility,,adult,Octopus,median_of_mode_specific_official_fare_distance_bin_medians
hk_collective_000389,0,pt,pt_base_fare_adult_octopus_distance_proxy,23.8,TD_GTFS_20260720+MTR_OPEN_DATA_20260720_mode_balanced_distance_bin_median,2026-07-14,low_official_fare_distance_proxy_no_itinerary,home_hk_collective_000389,work_poi_igeocom:21167707,home,work,29076.0,resident,fixed_worker,False,23959.440062619684,7.7,50.0,23.8,28.5,22.5,7.7,50.0,12459.4,,not_applied_no_serialized_itinerary_or_eligibility,,adult,Octopus,median_of_mode_specific_official_fare_distance_bin_medians
hk_collective_000389,1,pt,pt_base_fare_adult_octopus_distance_proxy,23.8,TD_GTFS_20260720+MTR_OPEN_DATA_20260720_mode_balanced_distance_bin_median,2026-07-14,low_official_fare_distance_proxy_no_itinerary,work_poi_igeocom:21167707,home_hk_collective_000389,work,home,62116.0,resident,fixed_worker,False,23959.440062619684,7.7,50.0,23.8,28.5,22.5,7.7,50.0,12459.4,,not_applied_no_serialized_itinerary_or_eligibility,,adult,Octopus,median_of_mode_specific_official_fare_distance_bin_medians
hk_collective_000390,0,pt,pt_base_fare_adult_octopus_distance_proxy,18.5,TD_GTFS_20260720+MTR_OPEN_DATA_20260720_mode_balanced_distance_bin_median,2026-07-14,low_official_fare_distance_proxy_no_itinerary,home_hk_collective_000390,work_mobile_poi_igeocom:21061359,home,work_mobile,23788.0,resident,work_mobile,False,17435.113615728627,7.7,33.0,18.5,15.7,21.0,7.7,21.6,5935.1,,not_applied_no_serialized_itinerary_or_eligibility,,adult,Octopus,median_of_mode_specific_official_fare_distance_bin_medians
hk_collective_000390,1,pt,pt_base_fare_adult_octopus_distance_proxy,18.5,TD_GTFS_20260720+MTR_OPEN_DATA_20260720_mode_balanced_distance_bin_median,2026-07-14,low_official_fare_distance_proxy_no_itinerary,work_mobile_poi_igeocom:21061359,home_hk_collective_000390,work_mobile,home,60110.0,resident,work_mobile,False,17435.113615728627,7.7,33.0,18.5,15.7,21.0,7.7,21.6,5935.1,,not_applied_no_serialized_itinerary_or_eligibility,,adult,Octopus,median_of_mode_specific_official_fare_distance_bin_medians
hk_collective_000391,0,pt,pt_base_fare_adult_octopus_distance_proxy,21.6,TD_GTFS_20260720+MTR_OPEN_DATA_20260720_mode_balanced_distance_bin_median,2026-07-14,low_official_fare_distance_proxy_no_itinerary,home_hk_collective_000391,work_poi_osm:missing:54407,home,work,27472.0,resident,fixed_worker,False,21662.86377880568,7.7,36.7,19.6,25.0,22.5,7.7,21.6,10162.9,,not_applied_no_serialized_itinerary_or_eligibility,,adult,Octopus,median_of_mode_specific_official_fare_distance_bin_medians
hk_collective_000391,1,pt,pt_base_fare_adult_octopus_distance_proxy,21.6,TD_GTFS_20260720+MTR_OPEN_DATA_20260720_mode_balanced_distance_bin_median,2026-07-14,low_official_fare_distance_proxy_no_itinerary,work_poi_osm:missing:54407,home_hk_collective_000391,work,home,59583.0,resident,fixed_worker,False,21662.86377880568,7.7,36.7,19.6,25.0,22.5,7.7,21.6,10162.9,,not_applied_no_serialized_itinerary_or_eligibility,,adult,Octopus,median_of_mode_specific_official_fare_distance_bin_medians
hk_collective_000393,0,pt,pt_base_fare_adult_octopus_distance_proxy,18.4,TD_GTFS_20260720+MTR_OPEN_DATA_20260720_mode_balanced_distance_bin_median,2026-07-14,low_official_fare_distance_proxy_no_itinerary,home_hk_collective_000393,work_poi_igeocom:21160925,home,work,31074.0,resident,fixed_worker,False,15189.525065739814,7.7,27.3,16.9,19.1,18.4,7.7,20.0,3689.5,,not_applied_no_serialized_itinerary_or_eligibility,,adult,Octopus,median_of_mode_specific_official_fare_distance_bin_medians
hk_collective_000393,1,pt,pt_base_fare_adult_octopus_distance_proxy,18.4,TD_GTFS_20260720+MTR_OPEN_DATA_20260720_mode_balanced_distance_bin_median,2026-07-14,low_official_fare_distance_proxy_no_itinerary,work_poi_igeocom:21160925,home_hk_collective_000393,work,home,60541.0,resident,fixed_worker,False,15189.525065739814,7.7,27.3,16.9,19.1,18.4,7.7,20.0,3689.5,,not_applied_no_serialized_itinerary_or_eligibility,,adult,Octopus,median_of_mode_specific_official_fare_distance_bin_medians
hk_collective_000394,0,pt,pt_base_fare_adult_octopus_distance_proxy,18.4,TD_GTFS_20260720+MTR_OPEN_DATA_20260720_mode_balanced_distance_bin_median,2026-07-14,low_official_fare_distance_proxy_no_itinerary,home_hk_collective_000394,work_poi_osm:4846572101:19727,home,work,29862.0,resident,fixed_worker,False,15828.930360226921,7.7,27.3,16.9,19.1,18.4,7.7,20.0,4328.9,,not_applied_no_serialized_itinerary_or_eligibility,,adult,Octopus,median_of_mode_specific_official_fare_distance_bin_medians
hk_collective_000394,1,pt,pt_base_fare_adult_octopus_distance_proxy,18.4,TD_GTFS_20260720+MTR_OPEN_DATA_20260720_mode_balanced_distance_bin_median,2026-07-14,low_official_fare_distance_proxy_no_itinerary,work_poi_osm:4846572101:19727,home_hk_collective_000394,work,home,61810.0,resident,fixed_worker,False,15828.930360226921,7.7,27.3,16.9,19.1,18.4,7.7,20.0,4328.9,,not_applied_no_serialized_itinerary_or_eligibility,,adult,Octopus,median_of_mode_specific_official_fare_distance_bin_medians
hk_collective_000395,0,pt,pt_base_fare_adult_octopus_distance_proxy,17.2,TD_GTFS_20260720+MTR_OPEN_DATA_20260720_mode_balanced_distance_bin_median,2026-07-14,low_official_fare_distance_proxy_no_itinerary,home_hk_collective_000395,work_poi_igeocom:559700,home,work,25582.0,resident,fixed_worker,False,16552.771285657887,7.7,80.0,17.2,15.7,19.7,7.7,45.0,5052.8,,not_applied_no_serialized_itinerary_or_eligibility,,adult,Octopus,median_of_mode_specific_official_fare_distance_bin_medians
hk_collective_000395,1,pt,pt_base_fare_adult_octopus_distance_proxy,17.2,TD_GTFS_20260720+MTR_OPEN_DATA_20260720_mode_balanced_distance_bin_median,2026-07-14,low_official_fare_distance_proxy_no_itinerary,work_poi_igeocom:559700,home_hk_collective_000395,work,home,59449.0,resident,fixed_worker,False,16552.771285657887,7.7,80.0,17.2,15.7,19.7,7.7,45.0,5052.8,,not_applied_no_serialized_itinerary_or_eligibility,,adult,Octopus,median_of_mode_specific_official_fare_distance_bin_medians
hk_collective_000397,0,pt,pt_base_fare_adult_octopus_distance_proxy,21.6,TD_GTFS_20260720+MTR_OPEN_DATA_20260720_mode_balanced_distance_bin_median,2026-07-14,low_official_fare_distance_proxy_no_itinerary,home_hk_collective_000397,work_poi_igeocom:527197,home,work,29411.0,resident,fixed_worker,False,21940.582728308756,7.7,36.7,19.6,25.0,22.5,7.7,21.6,10440.6,,not_applied_no_serialized_itinerary_or_eligibility,,adult,Octopus,median_of_mode_specific_official_fare_distance_bin_medians
hk_collective_000397,1,pt,pt_base_fare_adult_octopus_distance_proxy,21.6,TD_GTFS_20260720+MTR_OPEN_DATA_20260720_mode_balanced_distance_bin_median,2026-07-14,low_official_fare_distance_proxy_no_itinerary,work_poi_igeocom:527197,home_hk_collective_000397,work,home,62147.0,resident,fixed_worker,False,21940.582728308756,7.7,36.7,19.6,25.0,22.5,7.7,21.6,10440.6,,not_applied_no_serialized_itinerary_or_eligibility,,adult,Octopus,median_of_mode_specific_official_fare_distance_bin_medians
hk_collective_000398,0,pt,pt_base_fare_adult_octopus_distance_proxy,28.6,TD_GTFS_20260720+MTR_OPEN_DATA_20260720_mode_balanced_distance_bin_median,2026-07-14,low_official_fare_distance_proxy_no_itinerary,home_hk_collective_000398,work_poi_osm:5714824021:26138,home,work,25130.0,resident,fixed_worker,False,29506.75866105686,7.7,54.4,27.6,28.6,30.2,7.7,50.0,18006.8,,not_applied_no_serialized_itinerary_or_eligibility,,adult,Octopus,median_of_mode_specific_official_fare_distance_bin_medians
hk_collective_000398,1,pt,pt_base_fare_adult_octopus_distance_proxy,28.6,TD_GTFS_20260720+MTR_OPEN_DATA_20260720_mode_balanced_distance_bin_median,2026-07-14,low_official_fare_distance_proxy_no_itinerary,work_poi_osm:5714824021:26138,home_hk_collective_000398,work,home,58133.0,resident,fixed_worker,False,29506.75866105686,7.7,54.4,27.6,28.6,30.2,7.7,50.0,18006.8,,not_applied_no_serialized_itinerary_or_eligibility,,adult,Octopus,median_of_mode_specific_official_fare_distance_bin_medians
hk_collective_000399,0,pt,pt_base_fare_adult_octopus_distance_proxy,28.6,TD_GTFS_20260720+MTR_OPEN_DATA_20260720_mode_balanced_distance_bin_median,2026-07-14,low_official_fare_distance_proxy_no_itinerary,home_hk_collective_000399,border_3,home,border,33482.0,resident,usual_resident_border,False,27965.160407386036,7.7,52.2,24.8,28.6,30.2,7.7,50.0,16465.2,,not_applied_no_serialized_itinerary_or_eligibility,,adult,Octopus,median_of_mode_specific_official_fare_distance_bin_medians
hk_collective_000399,1,pt,pt_base_fare_adult_octopus_distance_proxy,28.6,TD_GTFS_20260720+MTR_OPEN_DATA_20260720_mode_balanced_distance_bin_median,2026-07-14,low_official_fare_distance_proxy_no_itinerary,border_3,home_hk_collective_000399,border,home,68054.0,resident,usual_resident_border,False,27965.160407386036,7.7,52.2,24.8,28.6,30.2,7.7,50.0,16465.2,,not_applied_no_serialized_itinerary_or_eligibility,,adult,Octopus,median_of_mode_specific_official_fare_distance_bin_medians
hk_collective_000400,0,pt,pt_base_fare_adult_octopus_distance_proxy,28.5,TD_GTFS_20260720+MTR_OPEN_DATA_20260720_mode_balanced_distance_bin_median,2026-07-14,low_official_fare_distance_proxy_no_itinerary,home_hk_collective_000400,work_poi_osm:7802996207:32049,home,work,27852.0,resident,fixed_worker,False,41839.878398006644,7.7,50.0,28.5,28.6,27.8,7.7,50.0,30339.9,,not_applied_no_serialized_itinerary_or_eligibility,,adult,Octopus,median_of_mode_specific_official_fare_distance_bin_medians
hk_collective_000400,1,pt,pt_base_fare_adult_octopus_distance_proxy,28.5,TD_GTFS_20260720+MTR_OPEN_DATA_20260720_mode_balanced_distance_bin_median,2026-07-14,low_official_fare_distance_proxy_no_itinerary,work_poi_osm:7802996207:32049,home_hk_collective_000400,work,home,60264.0,resident,fixed_worker,False,41839.878398006644,7.7,50.0,28.5,28.6,27.8,7.7,50.0,30339.9,,not_applied_no_serialized_itinerary_or_eligibility,,adult,Octopus,median_of_mode_specific_official_fare_distance_bin_medians
hk_collective_000401,0,pt,pt_base_fare_adult_octopus_distance_proxy,21.6,TD_GTFS_20260720+MTR_OPEN_DATA_20260720_mode_balanced_distance_bin_median,2026-07-14,low_official_fare_distance_proxy_no_itinerary,home_hk_collective_000401,work_poi_igeocom:538377,home,work,31426.0,resident,fixed_worker,False,21999.742248314513,7.7,36.7,19.6,25.0,22.5,7.7,21.6,10499.7,,not_applied_no_serialized_itinerary_or_eligibility,,adult,Octopus,median_of_mode_specific_official_fare_distance_bin_medians
hk_collective_000401,1,pt,pt_base_fare_adult_octopus_distance_proxy,21.6,TD_GTFS_20260720+MTR_OPEN_DATA_20260720_mode_balanced_distance_bin_median,2026-07-14,low_official_fare_distance_proxy_no_itinerary,work_poi_igeocom:538377,home_hk_collective_000401,work,home,68015.0,resident,fixed_worker,False,21999.742248314513,7.7,36.7,19.6,25.0,22.5,7.7,21.6,10499.7,,not_applied_no_serialized_itinerary_or_eligibility,,adult,Octopus,median_of_mode_specific_official_fare_distance_bin_medians
hk_collective_000402,0,pt,pt_base_fare_adult_octopus_distance_proxy,28.6,TD_GTFS_20260720+MTR_OPEN_DATA_20260720_mode_balanced_distance_bin_median,2026-07-14,low_official_fare_distance_proxy_no_itinerary,home_hk_collective_000402,work_mobile_grid_1146,home,work_mobile,36164.0,resident,work_mobile,False,25729.65043639593,7.7,50.0,24.0,28.6,29.3,7.7,50.0,14229.7,,not_applied_no_serialized_itinerary_or_eligibility,,adult,Octopus,median_of_mode_specific_official_fare_distance_bin_medians
hk_collective_000402,1,pt,pt_base_fare_adult_octopus_distance_proxy,28.6,TD_GTFS_20260720+MTR_OPEN_DATA_20260720_mode_balanced_distance_bin_median,2026-07-14,low_official_fare_distance_proxy_no_itinerary,work_mobile_grid_1146,home_hk_collective_000402,work_mobile,home,65996.0,resident,work_mobile,False,25729.65043639593,7.7,50.0,24.0,28.6,29.3,7.7,50.0,14229.7,,not_applied_no_serialized_itinerary_or_eligibility,,adult,Octopus,median_of_mode_specific_official_fare_distance_bin_medians
hk_collective_000405,0,pt,pt_base_fare_adult_octopus_distance_proxy,7.8,TD_GTFS_20260720+MTR_OPEN_DATA_20260720_mode_balanced_distance_bin_median,2026-07-14,low_official_fare_distance_proxy_no_itinerary,home_hk_collective_000405,resident_dining_osm_missing_69923,home,dining,45473.0,resident,home_only,True,3343.6406649078494,5.3,52.0,7.8,8.8,7.4,5.4,20.0,156.4,,not_applied_no_serialized_itinerary_or_eligibility,,adult,Octopus,median_of_mode_specific_official_fare_distance_bin_medians
hk_collective_000405,1,pt,pt_base_fare_adult_octopus_distance_proxy,7.5,TD_GTFS_20260720+MTR_OPEN_DATA_20260720_mode_balanced_distance_bin_median,2026-07-14,low_official_fare_distance_proxy_no_itinerary,resident_dining_osm_missing_69923,resident_shopping_osm_12009998212_43452,dining,shopping,52073.0,resident,home_only,True,2367.425415159911,4.9,45.0,7.5,8.0,5.9,5.4,20.0,132.6,,not_applied_no_serialized_itinerary_or_eligibility,,adult,Octopus,median_of_mode_specific_official_fare_distance_bin_medians
hk_collective_000405,2,pt,pt_base_fare_adult_octopus_distance_proxy,7.8,TD_GTFS_20260720+MTR_OPEN_DATA_20260720_mode_balanced_distance_bin_median,2026-07-14,low_official_fare_distance_proxy_no_itinerary,resident_shopping_osm_12009998212_43452,home_hk_collective_000405,shopping,home,58973.0,resident,home_only,True,3701.1209889481925,5.3,52.0,7.8,8.8,7.4,5.4,20.0,201.1,,not_applied_no_serialized_itinerary_or_eligibility,,adult,Octopus,median_of_mode_specific_official_fare_distance_bin_medians
hk_collective_000407,0,pt,pt_base_fare_adult_octopus_distance_proxy,13.8,TD_GTFS_20260720+MTR_OPEN_DATA_20260720_mode_balanced_distance_bin_median,2026-07-14,low_official_fare_distance_proxy_no_itinerary,home_hk_collective_000407,work_mobile_poi_igeocom:543806,home,work_mobile,30717.0,resident,work_mobile,False,9718.918515738249,7.4,28.1,12.5,13.8,13.8,7.4,20.0,218.9,,not_applied_no_serialized_itinerary_or_eligibility,,adult,Octopus,median_of_mode_specific_official_fare_distance_bin_medians
hk_collective_000407,1,pt,pt_base_fare_adult_octopus_distance_proxy,13.8,TD_GTFS_20260720+MTR_OPEN_DATA_20260720_mode_balanced_distance_bin_median,2026-07-14,low_official_fare_distance_proxy_no_itinerary,work_mobile_poi_igeocom:543806,home_hk_collective_000407,work_mobile,home,65166.0,resident,work_mobile,False,9718.918515738249,7.4,28.1,12.5,13.8,13.8,7.4,20.0,218.9,,not_applied_no_serialized_itinerary_or_eligibility,,adult,Octopus,median_of_mode_specific_official_fare_distance_bin_medians
hk_collective_000408,0,pt,pt_base_fare_adult_octopus_distance_proxy,9.2,TD_GTFS_20260720+MTR_OPEN_DATA_20260720_mode_balanced_distance_bin_median,2026-07-14,low_official_fare_distance_proxy_no_itinerary,home_hk_collective_000408,school_382,home,school_primary,27631.0,resident,day_school_student,False,4041.1603705229086,5.4,20.0,8.4,9.5,9.2,5.4,16.3,458.8,,not_applied_no_serialized_itinerary_or_eligibility,,adult,Octopus,median_of_mode_specific_official_fare_distance_bin_medians
hk_collective_000408,1,pt,pt_base_fare_adult_octopus_distance_proxy,9.2,TD_GTFS_20260720+MTR_OPEN_DATA_20260720_mode_balanced_distance_bin_median,2026-07-14,low_official_fare_distance_proxy_no_itinerary,school_382,home_hk_collective_000408,school_primary,home,56192.0,resident,day_school_student,False,4041.1603705229086,5.4,20.0,8.4,9.5,9.2,5.4,16.3,458.8,,not_applied_no_serialized_itinerary_or_eligibility,,adult,Octopus,median_of_mode_specific_official_fare_distance_bin_medians
hk_collective_000410,0,pt,pt_base_fare_adult_octopus_distance_proxy,23.8,TD_GTFS_20260720+MTR_OPEN_DATA_20260720_mode_balanced_distance_bin_median,2026-07-14,low_official_fare_distance_proxy_no_itinerary,home_hk_collective_000410,work_poi_igeocom:556066,home,work,31328.0,resident,fixed_worker,False,23868.95443189887,7.7,50.0,23.8,28.5,22.5,7.7,50.0,12369.0,,not_applied_no_serialized_itinerary_or_eligibility,,adult,Octopus,median_of_mode_specific_official_fare_distance_bin_medians
hk_collective_000410,1,pt,pt_base_fare_adult_octopus_distance_proxy,23.8,TD_GTFS_20260720+MTR_OPEN_DATA_20260720_mode_balanced_distance_bin_median,2026-07-14,low_official_fare_distance_proxy_no_itinerary,work_poi_igeocom:556066,home_hk_collective_000410,work,home,65399.0,resident,fixed_worker,False,23868.95443189887,7.7,50.0,23.8,28.5,22.5,7.7,50.0,12369.0,,not_applied_no_serialized_itinerary_or_eligibility,,adult,Octopus,median_of_mode_specific_official_fare_distance_bin_medians
hk_collective_000411,0,pt,pt_base_fare_adult_octopus_distance_proxy,17.9,TD_GTFS_20260720+MTR_OPEN_DATA_20260720_mode_balanced_distance_bin_median,2026-07-14,low_official_fare_distance_proxy_no_itinerary,home_hk_collective_000411,work_poi_osm:4864422346:23131,home,work,29256.0,resident,fixed_worker,False,18583.124489988466,7.7,34.6,17.9,15.7,21.2,7.7,21.6,7083.1,,not_applied_no_serialized_itinerary_or_eligibility,,adult,Octopus,median_of_mode_specific_official_fare_distance_bin_medians
hk_collective_000411,1,pt,pt_base_fare_adult_octopus_distance_proxy,17.9,TD_GTFS_20260720+MTR_OPEN_DATA_20260720_mode_balanced_distance_bin_median,2026-07-14,low_official_fare_distance_proxy_no_itinerary,work_poi_osm:4864422346:23131,home_hk_collective_000411,work,home,62009.0,resident,fixed_worker,False,18583.124489988466,7.7,34.6,17.9,15.7,21.2,7.7,21.6,7083.1,,not_applied_no_serialized_itinerary_or_eligibility,,adult,Octopus,median_of_mode_specific_official_fare_distance_bin_medians
hk_collective_000412,0,pt,pt_base_fare_adult_octopus_distance_proxy,18.1,TD_GTFS_20260720+MTR_OPEN_DATA_20260720_mode_balanced_distance_bin_median,2026-07-14,low_official_fare_distance_proxy_no_itinerary,home_hk_collective_000412,work_poi_igeocom:21135091,home,work,25545.0,resident,fixed_worker,False,19776.64316775796,7.7,34.6,17.2,18.1,22.9,7.7,21.6,8276.6,,not_applied_no_serialized_itinerary_or_eligibility,,adult,Octopus,median_of_mode_specific_official_fare_distance_bin_medians
hk_collective_000412,1,pt,pt_base_fare_adult_octopus_distance_proxy,18.1,TD_GTFS_20260720+MTR_OPEN_DATA_20260720_mode_balanced_distance_bin_median,2026-07-14,low_official_fare_distance_proxy_no_itinerary,work_poi_igeocom:21135091,home_hk_collective_000412,work,home,62395.0,resident,fixed_worker,False,19776.64316775796,7.7,34.6,17.2,18.1,22.9,7.7,21.6,8276.6,,not_applied_no_serialized_itinerary_or_eligibility,,adult,Octopus,median_of_mode_specific_official_fare_distance_bin_medians
hk_collective_000416,0,pt,pt_base_fare_adult_octopus_distance_proxy,9.2,TD_GTFS_20260720+MTR_OPEN_DATA_20260720_mode_balanced_distance_bin_median,2026-07-14,low_official_fare_distance_proxy_no_itinerary,home_hk_collective_000416,work_mobile_poi_osm:8999071990:33913,home,work_mobile,30225.0,resident,work_mobile,False,4325.997119412139,5.4,20.0,8.4,9.5,9.2,5.4,16.3,174.0,,not_applied_no_serialized_itinerary_or_eligibility,,adult,Octopus,median_of_mode_specific_official_fare_distance_bin_medians
hk_collective_000416,1,pt,pt_base_fare_adult_octopus_distance_proxy,9.2,TD_GTFS_20260720+MTR_OPEN_DATA_20260720_mode_balanced_distance_bin_median,2026-07-14,low_official_fare_distance_proxy_no_itinerary,work_mobile_poi_osm:8999071990:33913,home_hk_collective_000416,work_mobile,home,60848.0,resident,work_mobile,False,4325.997119412139,5.4,20.0,8.4,9.5,9.2,5.4,16.3,174.0,,not_applied_no_serialized_itinerary_or_eligibility,,adult,Octopus,median_of_mode_specific_official_fare_distance_bin_medians
hk_collective_000418,0,pt,pt_base_fare_adult_octopus_distance_proxy,28.6,TD_GTFS_20260720+MTR_OPEN_DATA_20260720_mode_balanced_distance_bin_median,2026-07-14,low_official_fare_distance_proxy_no_itinerary,home_hk_collective_000418,work_poi_igeocom:556574,home,work,24427.0,resident,fixed_worker,False,28389.064139890874,7.7,54.4,27.3,28.6,30.2,7.7,50.0,16889.1,,not_applied_no_serialized_itinerary_or_eligibility,,adult,Octopus,median_of_mode_specific_official_fare_distance_bin_medians
hk_collective_000418,1,pt,pt_base_fare_adult_octopus_distance_proxy,28.6,TD_GTFS_20260720+MTR_OPEN_DATA_20260720_mode_balanced_distance_bin_median,2026-07-14,low_official_fare_distance_proxy_no_itinerary,work_poi_igeocom:556574,home_hk_collective_000418,work,home,56097.0,resident,fixed_worker,False,28389.064139890874,7.7,54.4,27.3,28.6,30.2,7.7,50.0,16889.1,,not_applied_no_serialized_itinerary_or_eligibility,,adult,Octopus,median_of_mode_specific_official_fare_distance_bin_medians
hk_collective_000419,0,pt,pt_base_fare_adult_octopus_distance_proxy,28.6,TD_GTFS_20260720+MTR_OPEN_DATA_20260720_mode_balanced_distance_bin_median,2026-07-14,low_official_fare_distance_proxy_no_itinerary,home_hk_collective_000419,work_poi_igeocom:544848,home,work,28465.0,resident,fixed_worker,False,28799.13026223594,7.7,54.4,27.3,28.6,30.2,7.7,50.0,17299.1,,not_applied_no_serialized_itinerary_or_eligibility,,adult,Octopus,median_of_mode_specific_official_fare_distance_bin_medians
hk_collective_000419,1,pt,pt_base_fare_adult_octopus_distance_proxy,28.6,TD_GTFS_20260720+MTR_OPEN_DATA_20260720_mode_balanced_distance_bin_median,2026-07-14,low_official_fare_distance_proxy_no_itinerary,work_poi_igeocom:544848,home_hk_collective_000419,work,home,65251.0,resident,fixed_worker,False,28799.13026223594,7.7,54.4,27.3,28.6,30.2,7.7,50.0,17299.1,,not_applied_no_serialized_itinerary_or_eligibility,,adult,Octopus,median_of_mode_specific_official_fare_distance_bin_medians
hk_collective_000420,0,pt,pt_base_fare_adult_octopus_distance_proxy,7.8,TD_GTFS_20260720+MTR_OPEN_DATA_20260720_mode_balanced_distance_bin_median,2026-07-14,low_official_fare_distance_proxy_no_itinerary,home_hk_collective_000420,work_poi_igeocom:549270,home,work,29624.0,resident,fixed_worker,False,3305.543616281318,5.3,52.0,7.8,8.8,7.4,5.4,20.0,194.5,,not_applied_no_serialized_itinerary_or_eligibility,,adult,Octopus,median_of_mode_specific_official_fare_distance_bin_medians
hk_collective_000420,1,pt,pt_base_fare_adult_octopus_distance_proxy,7.8,TD_GTFS_20260720+MTR_OPEN_DATA_20260720_mode_balanced_distance_bin_median,2026-07-14,low_official_fare_distance_proxy_no_itinerary,work_poi_igeocom:549270,home_hk_collective_000420,work,home,64622.0,resident,fixed_worker,False,3305.543616281318,5.3,52.0,7.8,8.8,7.4,5.4,20.0,194.5,,not_applied_no_serialized_itinerary_or_eligibility,,adult,Octopus,median_of_mode_specific_official_fare_distance_bin_medians
hk_collective_000420,2,pt,pt_base_fare_adult_octopus_distance_proxy,21.6,TD_GTFS_20260720+MTR_OPEN_DATA_20260720_mode_balanced_distance_bin_median,2026-07-14,low_official_fare_distance_proxy_no_itinerary,home_hk_collective_000420,resident_leisure_igeocom_533745,home,leisure,66730.0,resident,fixed_worker,True,21946.043898666754,7.7,36.7,19.6,25.0,22.5,7.7,21.6,10446.0,,not_applied_no_serialized_itinerary_or_eligibility,,adult,Octopus,median_of_mode_specific_official_fare_distance_bin_medians
hk_collective_000420,3,pt,pt_base_fare_adult_octopus_distance_proxy,21.6,TD_GTFS_20260720+MTR_OPEN_DATA_20260720_mode_balanced_distance_bin_median,2026-07-14,low_official_fare_distance_proxy_no_itinerary,resident_leisure_igeocom_533745,home_hk_collective_000420,leisure,home,78130.0,resident,fixed_worker,True,21946.043898666754,7.7,36.7,19.6,25.0,22.5,7.7,21.6,10446.0,,not_applied_no_serialized_itinerary_or_eligibility,,adult,Octopus,median_of_mode_specific_official_fare_distance_bin_medians
hk_collective_000421,0,pt,pt_base_fare_adult_octopus_distance_proxy,23.8,TD_GTFS_20260720+MTR_OPEN_DATA_20260720_mode_balanced_distance_bin_median,2026-07-14,low_official_fare_distance_proxy_no_itinerary,home_hk_collective_000421,work_poi_osm:missing:69242,home,work,25884.0,resident,fixed_worker,False,23928.929778371323,7.7,50.0,23.8,28.5,22.5,7.7,50.0,12428.9,,not_applied_no_serialized_itinerary_or_eligibility,,adult,Octopus,median_of_mode_specific_official_fare_distance_bin_medians
hk_collective_000421,1,pt,pt_base_fare_adult_octopus_distance_proxy,23.8,TD_GTFS_20260720+MTR_OPEN_DATA_20260720_mode_balanced_distance_bin_median,2026-07-14,low_official_fare_distance_proxy_no_itinerary,work_poi_osm:missing:69242,home_hk_collective_000421,work,home,55561.0,resident,fixed_worker,False,23928.929778371323,7.7,50.0,23.8,28.5,22.5,7.7,50.0,12428.9,,not_applied_no_serialized_itinerary_or_eligibility,,adult,Octopus,median_of_mode_specific_official_fare_distance_bin_medians
hk_collective_000422,0,pt,pt_base_fare_adult_octopus_distance_proxy,9.8,TD_GTFS_20260720+MTR_OPEN_DATA_20260720_mode_balanced_distance_bin_median,2026-07-14,low_official_fare_distance_proxy_no_itinerary,home_hk_collective_000422,school_373,home,school_primary,25993.0,resident,day_school_student,False,5738.045471344884,5.4,20.0,9.8,10.1,9.6,5.4,19.0,238.0,,not_applied_no_serialized_itinerary_or_eligibility,,adult,Octopus,median_of_mode_specific_official_fare_distance_bin_medians
hk_collective_000422,1,pt,pt_base_fare_adult_octopus_distance_proxy,9.8,TD_GTFS_20260720+MTR_OPEN_DATA_20260720_mode_balanced_distance_bin_median,2026-07-14,low_official_fare_distance_proxy_no_itinerary,school_373,home_hk_collective_000422,school_primary,home,56534.0,resident,day_school_student,False,5738.045471344884,5.4,20.0,9.8,10.1,9.6,5.4,19.0,238.0,,not_applied_no_serialized_itinerary_or_eligibility,,adult,Octopus,median_of_mode_specific_official_fare_distance_bin_medians
hk_collective_000423,0,pt,pt_base_fare_adult_octopus_distance_proxy,18.5,TD_GTFS_20260720+MTR_OPEN_DATA_20260720_mode_balanced_distance_bin_median,2026-07-14,low_official_fare_distance_proxy_no_itinerary,home_hk_collective_000423,work_poi_igeocom:538979,home,work,28811.0,resident,fixed_worker,False,17330.881014480703,7.7,33.0,18.5,15.7,21.0,7.7,21.6,5830.9,,not_applied_no_serialized_itinerary_or_eligibility,,adult,Octopus,median_of_mode_specific_official_fare_distance_bin_medians
hk_collective_000423,1,pt,pt_base_fare_adult_octopus_distance_proxy,18.5,TD_GTFS_20260720+MTR_OPEN_DATA_20260720_mode_balanced_distance_bin_median,2026-07-14,low_official_fare_distance_proxy_no_itinerary,work_poi_igeocom:538979,home_hk_collective_000423,work,home,67725.0,resident,fixed_worker,False,17330.881014480703,7.7,33.0,18.5,15.7,21.0,7.7,21.6,5830.9,,not_applied_no_serialized_itinerary_or_eligibility,,adult,Octopus,median_of_mode_specific_official_fare_distance_bin_medians
hk_collective_000425,0,pt,pt_base_fare_adult_octopus_distance_proxy,11.7,TD_GTFS_20260720+MTR_OPEN_DATA_20260720_mode_balanced_distance_bin_median,2026-07-14,low_official_fare_distance_proxy_no_itinerary,home_hk_collective_000425,education_tertiary_poi_igeocom:21096257,home,education_tertiary,28592.0,resident,tertiary_student,False,7337.055340552009,6.1,51.0,11.7,12.4,11.0,6.1,30.0,162.9,,not_applied_no_serialized_itinerary_or_eligibility,,adult,Octopus,median_of_mode_specific_official_fare_distance_bin_medians
hk_collective_000425,1,pt,pt_base_fare_adult_octopus_distance_proxy,11.7,TD_GTFS_20260720+MTR_OPEN_DATA_20260720_mode_balanced_distance_bin_median,2026-07-14,low_official_fare_distance_proxy_no_itinerary,education_tertiary_poi_igeocom:21096257,home_hk_collective_000425,education_tertiary,home,63012.0,resident,tertiary_student,False,7337.055340552009,6.1,51.0,11.7,12.4,11.0,6.1,30.0,162.9,,not_applied_no_serialized_itinerary_or_eligibility,,adult,Octopus,median_of_mode_specific_official_fare_distance_bin_medians
hk_collective_000427,0,pt,pt_base_fare_adult_octopus_distance_proxy,9.2,TD_GTFS_20260720+MTR_OPEN_DATA_20260720_mode_balanced_distance_bin_median,2026-07-14,low_official_fare_distance_proxy_no_itinerary,home_hk_collective_000427,resident_personal_business_igeocom_552943,home,personal_business,45981.0,resident,work_home,True,4953.606460885817,5.4,20.0,8.4,9.5,9.2,5.4,16.3,453.6,,not_applied_no_serialized_itinerary_or_eligibility,,adult,Octopus,median_of_mode_specific_official_fare_distance_bin_medians
hk_collective_000427,1,pt,pt_base_fare_adult_octopus_distance_proxy,9.2,TD_GTFS_20260720+MTR_OPEN_DATA_20260720_mode_balanced_distance_bin_median,2026-07-14,low_official_fare_distance_proxy_no_itinerary,resident_personal_business_igeocom_552943,home_hk_collective_000427,personal_business,home,52881.0,resident,work_home,True,4953.606460885817,5.4,20.0,8.4,9.5,9.2,5.4,16.3,453.6,,not_applied_no_serialized_itinerary_or_eligibility,,adult,Octopus,median_of_mode_specific_official_fare_distance_bin_medians
hk_collective_000428,0,pt,pt_base_fare_adult_octopus_distance_proxy,7.8,TD_GTFS_20260720+MTR_OPEN_DATA_20260720_mode_balanced_distance_bin_median,2026-07-14,low_official_fare_distance_proxy_no_itinerary,home_hk_collective_000428,resident_dining_osm_13061623072_46374,home,dining,55023.0,resident,home_only,True,3514.1512504415555,5.3,52.0,7.8,8.8,7.4,5.4,20.0,14.2,,not_applied_no_serialized_itinerary_or_eligibility,,adult,Octopus,median_of_mode_specific_official_fare_distance_bin_medians
hk_collective_000428,1,pt,pt_base_fare_adult_octopus_distance_proxy,7.8,TD_GTFS_20260720+MTR_OPEN_DATA_20260720_mode_balanced_distance_bin_median,2026-07-14,low_official_fare_distance_proxy_no_itinerary,resident_dining_osm_13061623072_46374,home_hk_collective_000428,dining,home,61623.0,resident,home_only,True,3514.1512504415555,5.3,52.0,7.8,8.8,7.4,5.4,20.0,14.2,,not_applied_no_serialized_itinerary_or_eligibility,,adult,Octopus,median_of_mode_specific_official_fare_distance_bin_medians
hk_collective_000429,0,pt,pt_base_fare_adult_octopus_distance_proxy,18.5,TD_GTFS_20260720+MTR_OPEN_DATA_20260720_mode_balanced_distance_bin_median,2026-07-14,low_official_fare_distance_proxy_no_itinerary,home_hk_collective_000429,work_poi_igeocom:563113,home,work,27574.0,resident,fixed_worker,False,17921.316602953324,7.7,33.0,18.5,15.7,21.0,7.7,21.6,6421.3,,not_applied_no_serialized_itinerary_or_eligibility,,adult,Octopus,median_of_mode_specific_official_fare_distance_bin_medians
hk_collective_000429,1,pt,pt_base_fare_adult_octopus_distance_proxy,18.5,TD_GTFS_20260720+MTR_OPEN_DATA_20260720_mode_balanced_distance_bin_median,2026-07-14,low_official_fare_distance_proxy_no_itinerary,work_poi_igeocom:563113,home_hk_collective_000429,work,home,66953.0,resident,fixed_worker,False,17921.316602953324,7.7,33.0,18.5,15.7,21.0,7.7,21.6,6421.3,,not_applied_no_serialized_itinerary_or_eligibility,,adult,Octopus,median_of_mode_specific_official_fare_distance_bin_medians
hk_collective_000430,0,pt,pt_base_fare_adult_octopus_distance_proxy,18.4,TD_GTFS_20260720+MTR_OPEN_DATA_20260720_mode_balanced_distance_bin_median,2026-07-14,low_official_fare_distance_proxy_no_itinerary,home_hk_collective_000430,work_poi_igeocom:21205398,home,work,24588.0,resident,fixed_worker,False,15320.741924517053,7.7,27.3,16.9,19.1,18.4,7.7,20.0,3820.7,,not_applied_no_serialized_itinerary_or_eligibility,,adult,Octopus,median_of_mode_specific_official_fare_distance_bin_medians
hk_collective_000430,1,pt,pt_base_fare_adult_octopus_distance_proxy,18.4,TD_GTFS_20260720+MTR_OPEN_DATA_20260720_mode_balanced_distance_bin_median,2026-07-14,low_official_fare_distance_proxy_no_itinerary,work_poi_igeocom:21205398,home_hk_collective_000430,work,home,60642.0,resident,fixed_worker,False,15320.741924517053,7.7,27.3,16.9,19.1,18.4,7.7,20.0,3820.7,,not_applied_no_serialized_itinerary_or_eligibility,,adult,Octopus,median_of_mode_specific_official_fare_distance_bin_medians
hk_collective_000431,0,pt,pt_base_fare_adult_octopus_distance_proxy,28.6,TD_GTFS_20260720+MTR_OPEN_DATA_20260720_mode_balanced_distance_bin_median,2026-07-14,low_official_fare_distance_proxy_no_itinerary,home_hk_collective_000431,work_poi_igeocom:557745,home,work,30493.0,resident,fixed_worker,False,28521.873085235206,7.7,54.4,27.3,28.6,30.2,7.7,50.0,17021.9,,not_applied_no_serialized_itinerary_or_eligibility,,adult,Octopus,median_of_mode_specific_official_fare_distance_bin_medians
hk_collective_000431,1,pt,pt_base_fare_adult_octopus_distance_proxy,28.6,TD_GTFS_20260720+MTR_OPEN_DATA_20260720_mode_balanced_distance_bin_median,2026-07-14,low_official_fare_distance_proxy_no_itinerary,work_poi_igeocom:557745,home_hk_collective_000431,work,home,60976.0,resident,fixed_worker,False,28521.873085235206,7.7,54.4,27.3,28.6,30.2,7.7,50.0,17021.9,,not_applied_no_serialized_itinerary_or_eligibility,,adult,Octopus,median_of_mode_specific_official_fare_distance_bin_medians
hk_collective_000434,0,pt,pt_base_fare_adult_octopus_distance_proxy,22.9,TD_GTFS_20260720+MTR_OPEN_DATA_20260720_mode_balanced_distance_bin_median,2026-07-14,low_official_fare_distance_proxy_no_itinerary,home_hk_collective_000434,work_poi_igeocom:535906,home,work,29355.0,resident,fixed_worker,False,22918.851615114487,7.7,50.0,20.8,28.0,22.9,7.7,50.0,11418.9,,not_applied_no_serialized_itinerary_or_eligibility,,adult,Octopus,median_of_mode_specific_official_fare_distance_bin_medians
hk_collective_000434,1,pt,pt_base_fare_adult_octopus_distance_proxy,22.9,TD_GTFS_20260720+MTR_OPEN_DATA_20260720_mode_balanced_distance_bin_median,2026-07-14,low_official_fare_distance_proxy_no_itinerary,work_poi_igeocom:535906,home_hk_collective_000434,work,home,58515.0,resident,fixed_worker,False,22918.851615114487,7.7,50.0,20.8,28.0,22.9,7.7,50.0,11418.9,,not_applied_no_serialized_itinerary_or_eligibility,,adult,Octopus,median_of_mode_specific_official_fare_distance_bin_medians
hk_collective_000437,0,pt,pt_base_fare_adult_octopus_distance_proxy,24.5,TD_GTFS_20260720+MTR_OPEN_DATA_20260720_mode_balanced_distance_bin_median,2026-07-14,low_official_fare_distance_proxy_no_itinerary,home_hk_collective_000437,work_mobile_poi_igeocom:21133677,home,work_mobile,32752.0,resident,work_mobile,False,24946.76894437072,7.7,50.0,23.8,28.6,24.5,7.7,50.0,13446.8,,not_applied_no_serialized_itinerary_or_eligibility,,adult,Octopus,median_of_mode_specific_official_fare_distance_bin_medians
hk_collective_000437,1,pt,pt_base_fare_adult_octopus_distance_proxy,24.5,TD_GTFS_20260720+MTR_OPEN_DATA_20260720_mode_balanced_distance_bin_median,2026-07-14,low_official_fare_distance_proxy_no_itinerary,work_mobile_poi_igeocom:21133677,home_hk_collective_000437,work_mobile,home,61808.0,resident,work_mobile,False,24946.76894437072,7.7,50.0,23.8,28.6,24.5,7.7,50.0,13446.8,,not_applied_no_serialized_itinerary_or_eligibility,,adult,Octopus,median_of_mode_specific_official_fare_distance_bin_medians
hk_collective_000438,0,pt,pt_base_fare_adult_octopus_distance_proxy,18.1,TD_GTFS_20260720+MTR_OPEN_DATA_20260720_mode_balanced_distance_bin_median,2026-07-14,low_official_fare_distance_proxy_no_itinerary,home_hk_collective_000438,work_poi_igeocom:532379,home,work,30949.0,resident,fixed_worker,False,19169.006436678435,7.7,34.6,17.2,18.1,22.9,7.7,21.6,7669.0,,not_applied_no_serialized_itinerary_or_eligibility,,adult,Octopus,median_of_mode_specific_official_fare_distance_bin_medians
hk_collective_000438,1,pt,pt_base_fare_adult_octopus_distance_proxy,18.1,TD_GTFS_20260720+MTR_OPEN_DATA_20260720_mode_balanced_distance_bin_median,2026-07-14,low_official_fare_distance_proxy_no_itinerary,work_poi_igeocom:532379,home_hk_collective_000438,work,home,64048.0,resident,fixed_worker,False,19169.006436678435,7.7,34.6,17.2,18.1,22.9,7.7,21.6,7669.0,,not_applied_no_serialized_itinerary_or_eligibility,,adult,Octopus,median_of_mode_specific_official_fare_distance_bin_medians
hk_collective_000438,2,pt,pt_base_fare_adult_octopus_distance_proxy,11.1,TD_GTFS_20260720+MTR_OPEN_DATA_20260720_mode_balanced_distance_bin_median,2026-07-14,low_official_fare_distance_proxy_no_itinerary,home_hk_collective_000438,resident_shopping_osm_missing_73417,home,shopping,68118.0,resident,fixed_worker,True,6256.310740631171,5.4,50.0,11.0,11.7,11.1,5.4,20.0,243.7,,not_applied_no_serialized_itinerary_or_eligibility,,adult,Octopus,median_of_mode_specific_official_fare_distance_bin_medians
hk_collective_000438,3,pt,pt_base_fare_adult_octopus_distance_proxy,11.1,TD_GTFS_20260720+MTR_OPEN_DATA_20260720_mode_balanced_distance_bin_median,2026-07-14,low_official_fare_distance_proxy_no_itinerary,resident_shopping_osm_missing_73417,home_hk_collective_000438,shopping,home,75018.0,resident,fixed_worker,True,6256.310740631171,5.4,50.0,11.0,11.7,11.1,5.4,20.0,243.7,,not_applied_no_serialized_itinerary_or_eligibility,,adult,Octopus,median_of_mode_specific_official_fare_distance_bin_medians
hk_collective_000439,0,pt,pt_base_fare_adult_octopus_distance_proxy,15.9,TD_GTFS_20260720+MTR_OPEN_DATA_20260720_mode_balanced_distance_bin_median,2026-07-14,low_official_fare_distance_proxy_no_itinerary,home_hk_collective_000439,work_poi_igeocom:21246740,home,work,27860.0,resident,fixed_worker,False,14473.617923925935,7.7,55.8,14.3,19.1,15.9,7.7,55.8,2973.6,,not_applied_no_serialized_itinerary_or_eligibility,,adult,Octopus,median_of_mode_specific_official_fare_distance_bin_medians
hk_collective_000439,1,pt,pt_base_fare_adult_octopus_distance_proxy,15.9,TD_GTFS_20260720+MTR_OPEN_DATA_20260720_mode_balanced_distance_bin_median,2026-07-14,low_official_fare_distance_proxy_no_itinerary,work_poi_igeocom:21246740,home_hk_collective_000439,work,home,56765.0,resident,fixed_worker,False,14473.617923925935,7.7,55.8,14.3,19.1,15.9,7.7,55.8,2973.6,,not_applied_no_serialized_itinerary_or_eligibility,,adult,Octopus,median_of_mode_specific_official_fare_distance_bin_medians
hk_collective_000440,0,pt,pt_base_fare_adult_octopus_distance_proxy,6.2,TD_GTFS_20260720+MTR_OPEN_DATA_20260720_mode_balanced_distance_bin_median,2026-07-14,low_official_fare_distance_proxy_no_itinerary,home_hk_collective_000440,school_752,home,school_secondary,29803.0,resident,day_school_student,False,951.3574259320051,3.0,51.0,6.8,6.2,4.9,5.1,8.3,451.4,,not_applied_no_serialized_itinerary_or_eligibility,,adult,Octopus,median_of_mode_specific_official_fare_distance_bin_medians
hk_collective_000440,1,pt,pt_base_fare_adult_octopus_distance_proxy,6.2,TD_GTFS_20260720+MTR_OPEN_DATA_20260720_mode_balanced_distance_bin_median,2026-07-14,low_official_fare_distance_proxy_no_itinerary,school_752,home_hk_collective_000440,school_secondary,home,55627.0,resident,day_school_student,False,951.3574259320051,3.0,51.0,6.8,6.2,4.9,5.1,8.3,451.4,,not_applied_no_serialized_itinerary_or_eligibility,,adult,Octopus,median_of_mode_specific_official_fare_distance_bin_medians
hk_collective_000440,2,pt,pt_base_fare_adult_octopus_distance_proxy,11.1,TD_GTFS_20260720+MTR_OPEN_DATA_20260720_mode_balanced_distance_bin_median,2026-07-14,low_official_fare_distance_proxy_no_itinerary,home_hk_collective_000440,resident_dining_osm_12028786327_43499,home,dining,58328.0,resident,day_school_student,True,6554.522990715574,5.4,50.0,11.0,11.7,11.1,5.4,20.0,54.5,,not_applied_no_serialized_itinerary_or_eligibility,,adult,Octopus,median_of_mode_specific_official_fare_distance_bin_medians
hk_collective_000440,3,pt,pt_base_fare_adult_octopus_distance_proxy,11.1,TD_GTFS_20260720+MTR_OPEN_DATA_20260720_mode_balanced_distance_bin_median,2026-07-14,low_official_fare_distance_proxy_no_itinerary,resident_dining_osm_12028786327_43499,home_hk_collective_000440,dining,home,64928.0,resident,day_school_student,True,6554.522990715574,5.4,50.0,11.0,11.7,11.1,5.4,20.0,54.5,,not_applied_no_serialized_itinerary_or_eligibility,,adult,Octopus,median_of_mode_specific_official_fare_distance_bin_medians
hk_collective_000445,0,pt,pt_base_fare_adult_octopus_distance_proxy,13.8,TD_GTFS_20260720+MTR_OPEN_DATA_20260720_mode_balanced_distance_bin_median,2026-07-14,low_official_fare_distance_proxy_no_itinerary,home_hk_collective_000445,border_2,home,border,25068.0,resident,usual_resident_border,False,9442.578900861896,7.4,28.1,12.5,13.8,13.8,7.4,20.0,57.4,,not_applied_no_serialized_itinerary_or_eligibility,,adult,Octopus,median_of_mode_specific_official_fare_distance_bin_medians
hk_collective_000445,1,pt,pt_base_fare_adult_octopus_distance_proxy,13.8,TD_GTFS_20260720+MTR_OPEN_DATA_20260720_mode_balanced_distance_bin_median,2026-07-14,low_official_fare_distance_proxy_no_itinerary,border_2,home_hk_collective_000445,border,home,76779.0,resident,usual_resident_border,False,9442.578900861896,7.4,28.1,12.5,13.8,13.8,7.4,20.0,57.4,,not_applied_no_serialized_itinerary_or_eligibility,,adult,Octopus,median_of_mode_specific_official_fare_distance_bin_medians
hk_collective_000446,0,pt,pt_base_fare_adult_octopus_distance_proxy,9.2,TD_GTFS_20260720+MTR_OPEN_DATA_20260720_mode_balanced_distance_bin_median,2026-07-14,low_official_fare_distance_proxy_no_itinerary,home_hk_collective_000446,resident_medical_igeocom_562095,home,medical,45229.0,resident,home_only,True,4295.127022370708,5.4,20.0,8.4,9.5,9.2,5.4,16.3,204.9,,not_applied_no_serialized_itinerary_or_eligibility,,adult,Octopus,median_of_mode_specific_official_fare_distance_bin_medians
hk_collective_000446,1,pt,pt_base_fare_adult_octopus_distance_proxy,7.8,TD_GTFS_20260720+MTR_OPEN_DATA_20260720_mode_balanced_distance_bin_median,2026-07-14,low_official_fare_distance_proxy_no_itinerary,resident_medical_igeocom_562095,resident_leisure_osm_missing_66741,medical,leisure,53029.0,resident,home_only,True,3502.5989706162195,5.3,52.0,7.8,8.8,7.4,5.4,20.0,2.6,,not_applied_no_serialized_itinerary_or_eligibility,,adult,Octopus,median_of_mode_specific_official_fare_distance_bin_medians
hk_collective_000446,2,pt,pt_base_fare_adult_octopus_distance_proxy,7.0,TD_GTFS_20260720+MTR_OPEN_DATA_20260720_mode_balanced_distance_bin_median,2026-07-14,low_official_fare_distance_proxy_no_itinerary,resident_leisure_osm_missing_66741,home_hk_collective_000446,leisure,home,64429.0,resident,home_only,True,1445.6970615260327,4.9,30.0,7.3,7.0,4.9,5.3,10.0,54.3,,not_applied_no_serialized_itinerary_or_eligibility,,adult,Octopus,median_of_mode_specific_official_fare_distance_bin_medians
hk_collective_000447,0,pt,pt_base_fare_adult_octopus_distance_proxy,7.8,TD_GTFS_20260720+MTR_OPEN_DATA_20260720_mode_balanced_distance_bin_median,2026-07-14,low_official_fare_distance_proxy_no_itinerary,home_hk_collective_000447,resident_medical_igeocom_539267,home,medical,34300.0,resident,work_home,True,3949.0900593880733,5.3,52.0,7.8,8.8,7.4,5.4,20.0,449.1,,not_applied_no_serialized_itinerary_or_eligibility,,adult,Octopus,median_of_mode_specific_official_fare_distance_bin_medians
hk_collective_000447,1,pt,pt_base_fare_adult_octopus_distance_proxy,7.8,TD_GTFS_20260720+MTR_OPEN_DATA_20260720_mode_balanced_distance_bin_median,2026-07-14,low_official_fare_distance_proxy_no_itinerary,resident_medical_igeocom_539267,home_hk_collective_000447,medical,home,42100.0,resident,work_home,True,3949.0900593880733,5.3,52.0,7.8,8.8,7.4,5.4,20.0,449.1,,not_applied_no_serialized_itinerary_or_eligibility,,adult,Octopus,median_of_mode_specific_official_fare_distance_bin_medians
hk_collective_000448,0,pt,pt_base_fare_adult_octopus_distance_proxy,6.2,TD_GTFS_20260720+MTR_OPEN_DATA_20260720_mode_balanced_distance_bin_median,2026-07-14,low_official_fare_distance_proxy_no_itinerary,home_hk_collective_000448,work_poi_osm:221450095:49330,home,work,32967.0,resident,fixed_worker,False,517.1059971437253,3.0,51.0,6.8,6.2,4.9,5.1,8.3,17.1,,not_applied_no_serialized_itinerary_or_eligibility,,adult,Octopus,median_of_mode_specific_official_fare_distance_bin_medians
hk_collective_000448,1,pt,pt_base_fare_adult_octopus_distance_proxy,6.2,TD_GTFS_20260720+MTR_OPEN_DATA_20260720_mode_balanced_distance_bin_median,2026-07-14,low_official_fare_distance_proxy_no_itinerary,work_poi_osm:221450095:49330,home_hk_collective_000448,work,home,60393.0,resident,fixed_worker,False,517.1059971437253,3.0,51.0,6.8,6.2,4.9,5.1,8.3,17.1,,not_applied_no_serialized_itinerary_or_eligibility,,adult,Octopus,median_of_mode_specific_official_fare_distance_bin_medians
hk_collective_000449,0,pt,pt_base_fare_adult_octopus_distance_proxy,18.5,TD_GTFS_20260720+MTR_OPEN_DATA_20260720_mode_balanced_distance_bin_median,2026-07-14,low_official_fare_distance_proxy_no_itinerary,home_hk_collective_000449,border_0,home,border,29421.0,resident,usual_resident_border,False,17780.650965159824,7.7,33.0,18.5,15.7,21.0,7.7,21.6,6280.7,,not_applied_no_serialized_itinerary_or_eligibility,,adult,Octopus,median_of_mode_specific_official_fare_distance_bin_medians
hk_collective_000449,1,pt,pt_base_fare_adult_octopus_distance_proxy,18.5,TD_GTFS_20260720+MTR_OPEN_DATA_20260720_mode_balanced_distance_bin_median,2026-07-14,low_official_fare_distance_proxy_no_itinerary,border_0,home_hk_collective_000449,border,home,71799.0,resident,usual_resident_border,False,17780.650965159824,7.7,33.0,18.5,15.7,21.0,7.7,21.6,6280.7,,not_applied_no_serialized_itinerary_or_eligibility,,adult,Octopus,median_of_mode_specific_official_fare_distance_bin_medians
hk_collective_000450,0,pt,pt_base_fare_adult_octopus_distance_proxy,6.2,TD_GTFS_20260720+MTR_OPEN_DATA_20260720_mode_balanced_distance_bin_median,2026-07-14,low_official_fare_distance_proxy_no_itinerary,home_hk_collective_000450,work_mobile_poi_igeocom:558012,home,work_mobile,25189.0,resident,work_mobile,False,497.3321380174542,3.0,51.0,6.8,6.2,4.9,5.1,8.3,2.7,,not_applied_no_serialized_itinerary_or_eligibility,,adult,Octopus,median_of_mode_specific_official_fare_distance_bin_medians
hk_collective_000450,1,pt,pt_base_fare_adult_octopus_distance_proxy,6.2,TD_GTFS_20260720+MTR_OPEN_DATA_20260720_mode_balanced_distance_bin_median,2026-07-14,low_official_fare_distance_proxy_no_itinerary,work_mobile_poi_igeocom:558012,home_hk_collective_000450,work_mobile,home,48120.0,resident,work_mobile,False,497.3321380174542,3.0,51.0,6.8,6.2,4.9,5.1,8.3,2.7,,not_applied_no_serialized_itinerary_or_eligibility,,adult,Octopus,median_of_mode_specific_official_fare_distance_bin_medians
hk_collective_000452,0,pt,pt_base_fare_adult_octopus_distance_proxy,23.8,TD_GTFS_20260720+MTR_OPEN_DATA_20260720_mode_balanced_distance_bin_median,2026-07-14,low_official_fare_distance_proxy_no_itinerary,home_hk_collective_000452,resident_personal_business_igeocom_559441,home,personal_business,56700.0,resident,home_only,True,23284.905219407327,7.7,50.0,23.8,28.5,22.5,7.7,50.0,11784.9,,not_applied_no_serialized_itinerary_or_eligibility,,adult,Octopus,median_of_mode_specific_official_fare_distance_bin_medians
hk_collective_000452,1,pt,pt_base_fare_adult_octopus_distance_proxy,7.5,TD_GTFS_20260720+MTR_OPEN_DATA_20260720_mode_balanced_distance_bin_median,2026-07-14,low_official_fare_distance_proxy_no_itinerary,resident_personal_business_igeocom_559441,resident_dining_osm_13939516801_48287,personal_business,dining,63600.0,resident,home_only,True,2240.9242460259666,4.9,45.0,7.5,8.0,5.9,5.4,20.0,259.1,,not_applied_no_serialized_itinerary_or_eligibility,,adult,Octopus,median_of_mode_specific_official_fare_distance_bin_medians
hk_collective_000452,2,pt,pt_base_fare_adult_octopus_distance_proxy,28.6,TD_GTFS_20260720+MTR_OPEN_DATA_20260720_mode_balanced_distance_bin_median,2026-07-14,low_official_fare_distance_proxy_no_itinerary,resident_dining_osm_13939516801_48287,home_hk_collective_000452,dining,home,70200.0,resident,home_only,True,25397.34926394703,7.7,50.0,24.0,28.6,29.3,7.7,50.0,13897.3,,not_applied_no_serialized_itinerary_or_eligibility,,adult,Octopus,median_of_mode_specific_official_fare_distance_bin_medians
hk_collective_000454,0,pt,pt_base_fare_adult_octopus_distance_proxy,6.2,TD_GTFS_20260720+MTR_OPEN_DATA_20260720_mode_balanced_distance_bin_median,2026-07-14,low_official_fare_distance_proxy_no_itinerary,home_hk_collective_000454,school_3396,home,school_primary,23946.0,resident,day_school_student,False,172.60993454925244,3.0,51.0,6.8,6.2,4.9,5.1,8.3,327.4,,not_applied_no_serialized_itinerary_or_eligibility,,adult,Octopus,median_of_mode_specific_official_fare_distance_bin_medians
hk_collective_000454,1,pt,pt_base_fare_adult_octopus_distance_proxy,6.2,TD_GTFS_20260720+MTR_OPEN_DATA_20260720_mode_balanced_distance_bin_median,2026-07-14,low_official_fare_distance_proxy_no_itinerary,school_3396,home_hk_collective_000454,school_primary,home,56964.0,resident,day_school_student,False,172.60993454925244,3.0,51.0,6.8,6.2,4.9,5.1,8.3,327.4,,not_applied_no_serialized_itinerary_or_eligibility,,adult,Octopus,median_of_mode_specific_official_fare_distance_bin_medians
hk_collective_000455,0,pt,pt_base_fare_adult_octopus_distance_proxy,15.8,TD_GTFS_20260720+MTR_OPEN_DATA_20260720_mode_balanced_distance_bin_median,2026-07-14,low_official_fare_distance_proxy_no_itinerary,home_hk_collective_000455,work_poi_osm:738744374:50628,home,work,31211.0,resident,fixed_worker,False,13549.89984645209,7.7,59.0,13.1,18.7,15.8,7.7,30.0,2049.9,,not_applied_no_serialized_itinerary_or_eligibility,,adult,Octopus,median_of_mode_specific_official_fare_distance_bin_medians
hk_collective_000455,1,pt,pt_base_fare_adult_octopus_distance_proxy,15.8,TD_GTFS_20260720+MTR_OPEN_DATA_20260720_mode_balanced_distance_bin_median,2026-07-14,low_official_fare_distance_proxy_no_itinerary,work_poi_osm:738744374:50628,home_hk_collective_000455,work,home,63788.0,resident,fixed_worker,False,13549.89984645209,7.7,59.0,13.1,18.7,15.8,7.7,30.0,2049.9,,not_applied_no_serialized_itinerary_or_eligibility,,adult,Octopus,median_of_mode_specific_official_fare_distance_bin_medians
hk_collective_000456,0,pt,pt_base_fare_adult_octopus_distance_proxy,18.5,TD_GTFS_20260720+MTR_OPEN_DATA_20260720_mode_balanced_distance_bin_median,2026-07-14,low_official_fare_distance_proxy_no_itinerary,home_hk_collective_000456,work_poi_igeocom:21152855,home,work,30050.0,resident,fixed_worker,False,17931.502251883776,7.7,33.0,18.5,15.7,21.0,7.7,21.6,6431.5,,not_applied_no_serialized_itinerary_or_eligibility,,adult,Octopus,median_of_mode_specific_official_fare_distance_bin_medians
hk_collective_000456,1,pt,pt_base_fare_adult_octopus_distance_proxy,18.5,TD_GTFS_20260720+MTR_OPEN_DATA_20260720_mode_balanced_distance_bin_median,2026-07-14,low_official_fare_distance_proxy_no_itinerary,work_poi_igeocom:21152855,home_hk_collective_000456,work,home,71229.0,resident,fixed_worker,False,17931.502251883776,7.7,33.0,18.5,15.7,21.0,7.7,21.6,6431.5,,not_applied_no_serialized_itinerary_or_eligibility,,adult,Octopus,median_of_mode_specific_official_fare_distance_bin_medians
hk_collective_000457,0,pt,pt_base_fare_adult_octopus_distance_proxy,17.2,TD_GTFS_20260720+MTR_OPEN_DATA_20260720_mode_balanced_distance_bin_median,2026-07-14,low_official_fare_distance_proxy_no_itinerary,home_hk_collective_000457,work_poi_osm:missing:68713,home,work,31224.0,resident,fixed_worker,False,16770.875969045035,7.7,80.0,17.2,15.7,19.7,7.7,45.0,5270.9,,not_applied_no_serialized_itinerary_or_eligibility,,adult,Octopus,median_of_mode_specific_official_fare_distance_bin_medians
hk_collective_000457,1,pt,pt_base_fare_adult_octopus_distance_proxy,17.2,TD_GTFS_20260720+MTR_OPEN_DATA_20260720_mode_balanced_distance_bin_median,2026-07-14,low_official_fare_distance_proxy_no_itinerary,work_poi_osm:missing:68713,home_hk_collective_000457,work,home,68292.0,resident,fixed_worker,False,16770.875969045035,7.7,80.0,17.2,15.7,19.7,7.7,45.0,5270.9,,not_applied_no_serialized_itinerary_or_eligibility,,adult,Octopus,median_of_mode_specific_official_fare_distance_bin_medians
hk_collective_000458,0,pt,pt_base_fare_adult_octopus_distance_proxy,18.4,TD_GTFS_20260720+MTR_OPEN_DATA_20260720_mode_balanced_distance_bin_median,2026-07-14,low_official_fare_distance_proxy_no_itinerary,home_hk_collective_000458,work_poi_osm:missing:58789,home,work,31553.0,resident,fixed_worker,False,15328.566297956073,7.7,27.3,16.9,19.1,18.4,7.7,20.0,3828.6,,not_applied_no_serialized_itinerary_or_eligibility,,adult,Octopus,median_of_mode_specific_official_fare_distance_bin_medians
hk_collective_000458,1,pt,pt_base_fare_adult_octopus_distance_proxy,18.4,TD_GTFS_20260720+MTR_OPEN_DATA_20260720_mode_balanced_distance_bin_median,2026-07-14,low_official_fare_distance_proxy_no_itinerary,work_poi_osm:missing:58789,home_hk_collective_000458,work,home,65569.0,resident,fixed_worker,False,15328.566297956073,7.7,27.3,16.9,19.1,18.4,7.7,20.0,3828.6,,not_applied_no_serialized_itinerary_or_eligibility,,adult,Octopus,median_of_mode_specific_official_fare_distance_bin_medians
hk_collective_000459,0,pt,pt_base_fare_adult_octopus_distance_proxy,28.5,TD_GTFS_20260720+MTR_OPEN_DATA_20260720_mode_balanced_distance_bin_median,2026-07-14,low_official_fare_distance_proxy_no_itinerary,home_hk_collective_000459,work_poi_osm:3237582061:11802,home,work,26648.0,resident,fixed_worker,False,39987.88244387672,7.7,50.0,28.5,28.6,27.8,7.7,50.0,28487.9,,not_applied_no_serialized_itinerary_or_eligibility,,adult,Octopus,median_of_mode_specific_official_fare_distance_bin_medians
hk_collective_000459,1,pt,pt_base_fare_adult_octopus_distance_proxy,28.5,TD_GTFS_20260720+MTR_OPEN_DATA_20260720_mode_balanced_distance_bin_median,2026-07-14,low_official_fare_distance_proxy_no_itinerary,work_poi_osm:3237582061:11802,home_hk_collective_000459,work,home,46749.0,resident,fixed_worker,False,39987.88244387672,7.7,50.0,28.5,28.6,27.8,7.7,50.0,28487.9,,not_applied_no_serialized_itinerary_or_eligibility,,adult,Octopus,median_of_mode_specific_official_fare_distance_bin_medians
hk_collective_000460,0,pt,pt_base_fare_adult_octopus_distance_proxy,15.9,TD_GTFS_20260720+MTR_OPEN_DATA_20260720_mode_balanced_distance_bin_median,2026-07-14,low_official_fare_distance_proxy_no_itinerary,home_hk_collective_000460,work_poi_igeocom:542744,home,work,30416.0,resident,fixed_worker,False,14389.09453202842,7.7,55.8,14.3,19.1,15.9,7.7,55.8,2889.1,,not_applied_no_serialized_itinerary_or_eligibility,,adult,Octopus,median_of_mode_specific_official_fare_distance_bin_medians
hk_collective_000460,1,pt,pt_base_fare_adult_octopus_distance_proxy,15.9,TD_GTFS_20260720+MTR_OPEN_DATA_20260720_mode_balanced_distance_bin_median,2026-07-14,low_official_fare_distance_proxy_no_itinerary,work_poi_igeocom:542744,home_hk_collective_000460,work,home,68319.0,resident,fixed_worker,False,14389.09453202842,7.7,55.8,14.3,19.1,15.9,7.7,55.8,2889.1,,not_applied_no_serialized_itinerary_or_eligibility,,adult,Octopus,median_of_mode_specific_official_fare_distance_bin_medians
hk_collective_000461,0,pt,pt_base_fare_adult_octopus_distance_proxy,28.5,TD_GTFS_20260720+MTR_OPEN_DATA_20260720_mode_balanced_distance_bin_median,2026-07-14,low_official_fare_distance_proxy_no_itinerary,home_hk_collective_000461,work_grid_1499,home,work,28645.0,resident,fixed_worker,False,40042.974690548464,7.7,50.0,28.5,28.6,27.8,7.7,50.0,28543.0,,not_applied_no_serialized_itinerary_or_eligibility,,adult,Octopus,median_of_mode_specific_official_fare_distance_bin_medians
hk_collective_000461,1,pt,pt_base_fare_adult_octopus_distance_proxy,28.5,TD_GTFS_20260720+MTR_OPEN_DATA_20260720_mode_balanced_distance_bin_median,2026-07-14,low_official_fare_distance_proxy_no_itinerary,work_grid_1499,home_hk_collective_000461,work,home,59349.0,resident,fixed_worker,False,40042.974690548464,7.7,50.0,28.5,28.6,27.8,7.7,50.0,28543.0,,not_applied_no_serialized_itinerary_or_eligibility,,adult,Octopus,median_of_mode_specific_official_fare_distance_bin_medians
hk_collective_000462,0,pt,pt_base_fare_adult_octopus_distance_proxy,18.4,TD_GTFS_20260720+MTR_OPEN_DATA_20260720_mode_balanced_distance_bin_median,2026-07-14,low_official_fare_distance_proxy_no_itinerary,home_hk_collective_000462,work_poi_igeocom:531424,home,work,24839.0,resident,fixed_worker,False,15528.940621135083,7.7,27.3,16.9,19.1,18.4,7.7,20.0,4028.9,,not_applied_no_serialized_itinerary_or_eligibility,,adult,Octopus,median_of_mode_specific_official_fare_distance_bin_medians
hk_collective_000462,1,pt,pt_base_fare_adult_octopus_distance_proxy,18.4,TD_GTFS_20260720+MTR_OPEN_DATA_20260720_mode_balanced_distance_bin_median,2026-07-14,low_official_fare_distance_proxy_no_itinerary,work_poi_igeocom:531424,home_hk_collective_000462,work,home,57047.0,resident,fixed_worker,False,15528.940621135083,7.7,27.3,16.9,19.1,18.4,7.7,20.0,4028.9,,not_applied_no_serialized_itinerary_or_eligibility,,adult,Octopus,median_of_mode_specific_official_fare_distance_bin_medians
hk_collective_000466,0,pt,pt_base_fare_adult_octopus_distance_proxy,15.8,TD_GTFS_20260720+MTR_OPEN_DATA_20260720_mode_balanced_distance_bin_median,2026-07-14,low_official_fare_distance_proxy_no_itinerary,home_hk_collective_000466,work_poi_igeocom:540617,home,work,28651.0,resident,fixed_worker,False,12245.972798255929,7.7,31.9,12.7,15.9,15.8,7.7,31.9,746.0,,not_applied_no_serialized_itinerary_or_eligibility,,adult,Octopus,median_of_mode_specific_official_fare_distance_bin_medians
hk_collective_000466,1,pt,pt_base_fare_adult_octopus_distance_proxy,15.8,TD_GTFS_20260720+MTR_OPEN_DATA_20260720_mode_balanced_distance_bin_median,2026-07-14,low_official_fare_distance_proxy_no_itinerary,work_poi_igeocom:540617,home_hk_collective_000466,work,home,61983.0,resident,fixed_worker,False,12245.972798255929,7.7,31.9,12.7,15.9,15.8,7.7,31.9,746.0,,not_applied_no_serialized_itinerary_or_eligibility,,adult,Octopus,median_of_mode_specific_official_fare_distance_bin_medians
hk_collective_000467,0,pt,pt_base_fare_adult_octopus_distance_proxy,15.8,TD_GTFS_20260720+MTR_OPEN_DATA_20260720_mode_balanced_distance_bin_median,2026-07-14,low_official_fare_distance_proxy_no_itinerary,home_hk_collective_000467,work_poi_igeocom:21247837,home,work,32885.0,resident,fixed_worker,False,12315.02346341509,7.7,31.9,12.7,15.9,15.8,7.7,31.9,815.0,,not_applied_no_serialized_itinerary_or_eligibility,,adult,Octopus,median_of_mode_specific_official_fare_distance_bin_medians
hk_collective_000467,1,pt,pt_base_fare_adult_octopus_distance_proxy,15.8,TD_GTFS_20260720+MTR_OPEN_DATA_20260720_mode_balanced_distance_bin_median,2026-07-14,low_official_fare_distance_proxy_no_itinerary,work_poi_igeocom:21247837,home_hk_collective_000467,work,home,70290.0,resident,fixed_worker,False,12315.02346341509,7.7,31.9,12.7,15.9,15.8,7.7,31.9,815.0,,not_applied_no_serialized_itinerary_or_eligibility,,adult,Octopus,median_of_mode_specific_official_fare_distance_bin_medians
hk_collective_000468,0,pt,pt_base_fare_adult_octopus_distance_proxy,13.8,TD_GTFS_20260720+MTR_OPEN_DATA_20260720_mode_balanced_distance_bin_median,2026-07-14,low_official_fare_distance_proxy_no_itinerary,home_hk_collective_000468,work_poi_igeocom:21079362,home,work,25773.0,resident,fixed_worker,False,9683.472020853711,7.4,28.1,12.5,13.8,13.8,7.4,20.0,183.5,,not_applied_no_serialized_itinerary_or_eligibility,,adult,Octopus,median_of_mode_specific_official_fare_distance_bin_medians
hk_collective_000468,1,pt,pt_base_fare_adult_octopus_distance_proxy,13.8,TD_GTFS_20260720+MTR_OPEN_DATA_20260720_mode_balanced_distance_bin_median,2026-07-14,low_official_fare_distance_proxy_no_itinerary,work_poi_igeocom:21079362,home_hk_collective_000468,work,home,61809.0,resident,fixed_worker,False,9683.472020853711,7.4,28.1,12.5,13.8,13.8,7.4,20.0,183.5,,not_applied_no_serialized_itinerary_or_eligibility,,adult,Octopus,median_of_mode_specific_official_fare_distance_bin_medians
hk_collective_000469,0,pt,pt_base_fare_adult_octopus_distance_proxy,18.1,TD_GTFS_20260720+MTR_OPEN_DATA_20260720_mode_balanced_distance_bin_median,2026-07-14,low_official_fare_distance_proxy_no_itinerary,home_hk_collective_000469,work_poi_igeocom:528955,home,work,28482.0,resident,fixed_worker,False,19959.204189491742,7.7,34.6,17.2,18.1,22.9,7.7,21.6,8459.2,,not_applied_no_serialized_itinerary_or_eligibility,,adult,Octopus,median_of_mode_specific_official_fare_distance_bin_medians
hk_collective_000469,1,pt,pt_base_fare_adult_octopus_distance_proxy,18.1,TD_GTFS_20260720+MTR_OPEN_DATA_20260720_mode_balanced_distance_bin_median,2026-07-14,low_official_fare_distance_proxy_no_itinerary,work_poi_igeocom:528955,home_hk_collective_000469,work,home,57544.0,resident,fixed_worker,False,19959.204189491742,7.7,34.6,17.2,18.1,22.9,7.7,21.6,8459.2,,not_applied_no_serialized_itinerary_or_eligibility,,adult,Octopus,median_of_mode_specific_official_fare_distance_bin_medians
hk_collective_000470,0,pt,pt_base_fare_adult_octopus_distance_proxy,28.6,TD_GTFS_20260720+MTR_OPEN_DATA_20260720_mode_balanced_distance_bin_median,2026-07-14,low_official_fare_distance_proxy_no_itinerary,home_hk_collective_000470,work_poi_igeocom:531363,home,work,29764.0,resident,fixed_worker,False,29245.181680796813,7.7,54.4,27.6,28.6,30.2,7.7,50.0,17745.2,,not_applied_no_serialized_itinerary_or_eligibility,,adult,Octopus,median_of_mode_specific_official_fare_distance_bin_medians
hk_collective_000470,1,pt,pt_base_fare_adult_octopus_distance_proxy,28.6,TD_GTFS_20260720+MTR_OPEN_DATA_20260720_mode_balanced_distance_bin_median,2026-07-14,low_official_fare_distance_proxy_no_itinerary,work_poi_igeocom:531363,home_hk_collective_000470,work,home,70108.0,resident,fixed_worker,False,29245.181680796813,7.7,54.4,27.6,28.6,30.2,7.7,50.0,17745.2,,not_applied_no_serialized_itinerary_or_eligibility,,adult,Octopus,median_of_mode_specific_official_fare_distance_bin_medians
hk_collective_000471,0,pt,pt_base_fare_adult_octopus_distance_proxy,7.8,TD_GTFS_20260720+MTR_OPEN_DATA_20260720_mode_balanced_distance_bin_median,2026-07-14,low_official_fare_distance_proxy_no_itinerary,home_hk_collective_000471,work_poi_igeocom:529977,home,work,32485.0,resident,fixed_worker,False,3285.579364286538,5.3,52.0,7.8,8.8,7.4,5.4,20.0,214.4,,not_applied_no_serialized_itinerary_or_eligibility,,adult,Octopus,median_of_mode_specific_official_fare_distance_bin_medians
hk_collective_000471,1,pt,pt_base_fare_adult_octopus_distance_proxy,7.8,TD_GTFS_20260720+MTR_OPEN_DATA_20260720_mode_balanced_distance_bin_median,2026-07-14,low_official_fare_distance_proxy_no_itinerary,work_poi_igeocom:529977,home_hk_collective_000471,work,home,63255.0,resident,fixed_worker,False,3285.579364286538,5.3,52.0,7.8,8.8,7.4,5.4,20.0,214.4,,not_applied_no_serialized_itinerary_or_eligibility,,adult,Octopus,median_of_mode_specific_official_fare_distance_bin_medians
hk_collective_000472,0,pt,pt_base_fare_adult_octopus_distance_proxy,12.1,TD_GTFS_20260720+MTR_OPEN_DATA_20260720_mode_balanced_distance_bin_median,2026-07-14,low_official_fare_distance_proxy_no_itinerary,home_hk_collective_000472,work_poi_igeocom:549544,home,work,36290.0,resident,fixed_worker,False,8826.997303582133,6.5,65.0,12.1,13.8,11.1,6.5,20.0,327.0,,not_applied_no_serialized_itinerary_or_eligibility,,adult,Octopus,median_of_mode_specific_official_fare_distance_bin_medians
hk_collective_000472,1,pt,pt_base_fare_adult_octopus_distance_proxy,12.1,TD_GTFS_20260720+MTR_OPEN_DATA_20260720_mode_balanced_distance_bin_median,2026-07-14,low_official_fare_distance_proxy_no_itinerary,work_poi_igeocom:549544,home_hk_collective_000472,work,home,67497.0,resident,fixed_worker,False,8826.997303582133,6.5,65.0,12.1,13.8,11.1,6.5,20.0,327.0,,not_applied_no_serialized_itinerary_or_eligibility,,adult,Octopus,median_of_mode_specific_official_fare_distance_bin_medians
hk_collective_000473,0,pt,pt_base_fare_adult_octopus_distance_proxy,17.2,TD_GTFS_20260720+MTR_OPEN_DATA_20260720_mode_balanced_distance_bin_median,2026-07-14,low_official_fare_distance_proxy_no_itinerary,home_hk_collective_000473,work_poi_igeocom:21096281,home,work,28512.0,resident,fixed_worker,False,16426.78661490634,7.7,80.0,17.2,15.7,19.7,7.7,45.0,4926.8,,not_applied_no_serialized_itinerary_or_eligibility,,adult,Octopus,median_of_mode_specific_official_fare_distance_bin_medians
hk_collective_000473,1,pt,pt_base_fare_adult_octopus_distance_proxy,17.2,TD_GTFS_20260720+MTR_OPEN_DATA_20260720_mode_balanced_distance_bin_median,2026-07-14,low_official_fare_distance_proxy_no_itinerary,work_poi_igeocom:21096281,home_hk_collective_000473,work,home,64350.0,resident,fixed_worker,False,16426.78661490634,7.7,80.0,17.2,15.7,19.7,7.7,45.0,4926.8,,not_applied_no_serialized_itinerary_or_eligibility,,adult,Octopus,median_of_mode_specific_official_fare_distance_bin_medians
hk_collective_000474,0,pt,pt_base_fare_adult_octopus_distance_proxy,9.2,TD_GTFS_20260720+MTR_OPEN_DATA_20260720_mode_balanced_distance_bin_median,2026-07-14,low_official_fare_distance_proxy_no_itinerary,home_hk_collective_000474,work_poi_igeocom:539001,home,work,28401.0,resident,fixed_worker,False,4642.07940360791,5.4,20.0,8.4,9.5,9.2,5.4,16.3,142.1,,not_applied_no_serialized_itinerary_or_eligibility,,adult,Octopus,median_of_mode_specific_official_fare_distance_bin_medians
hk_collective_000474,1,pt,pt_base_fare_adult_octopus_distance_proxy,9.2,TD_GTFS_20260720+MTR_OPEN_DATA_20260720_mode_balanced_distance_bin_median,2026-07-14,low_official_fare_distance_proxy_no_itinerary,work_poi_igeocom:539001,home_hk_collective_000474,work,home,57271.0,resident,fixed_worker,False,4642.07940360791,5.4,20.0,8.4,9.5,9.2,5.4,16.3,142.1,,not_applied_no_serialized_itinerary_or_eligibility,,adult,Octopus,median_of_mode_specific_official_fare_distance_bin_medians
hk_collective_000475,0,pt,pt_base_fare_adult_octopus_distance_proxy,7.8,TD_GTFS_20260720+MTR_OPEN_DATA_20260720_mode_balanced_distance_bin_median,2026-07-14,low_official_fare_distance_proxy_no_itinerary,home_hk_collective_000475,school_1474,home,school_kindergarten,28445.0,resident,day_school_student,False,3895.6498964831385,5.3,52.0,7.8,8.8,7.4,5.4,20.0,395.6,,not_applied_no_serialized_itinerary_or_eligibility,,adult,Octopus,median_of_mode_specific_official_fare_distance_bin_medians
hk_collective_000475,1,pt,pt_base_fare_adult_octopus_distance_proxy,7.8,TD_GTFS_20260720+MTR_OPEN_DATA_20260720_mode_balanced_distance_bin_median,2026-07-14,low_official_fare_distance_proxy_no_itinerary,school_1474,home_hk_collective_000475,school_kindergarten,home,44577.0,resident,day_school_student,False,3895.6498964831385,5.3,52.0,7.8,8.8,7.4,5.4,20.0,395.6,,not_applied_no_serialized_itinerary_or_eligibility,,adult,Octopus,median_of_mode_specific_official_fare_distance_bin_medians
hk_collective_000476,0,pt,pt_base_fare_adult_octopus_distance_proxy,21.6,TD_GTFS_20260720+MTR_OPEN_DATA_20260720_mode_balanced_distance_bin_median,2026-07-14,low_official_fare_distance_proxy_no_itinerary,home_hk_collective_000476,education_tertiary_poi_osm:missing:53330,home,education_tertiary,28023.0,resident,tertiary_student,False,21047.663606865575,7.7,36.7,19.6,25.0,22.5,7.7,21.6,9547.7,,not_applied_no_serialized_itinerary_or_eligibility,,adult,Octopus,median_of_mode_specific_official_fare_distance_bin_medians
hk_collective_000476,1,pt,pt_base_fare_adult_octopus_distance_proxy,21.6,TD_GTFS_20260720+MTR_OPEN_DATA_20260720_mode_balanced_distance_bin_median,2026-07-14,low_official_fare_distance_proxy_no_itinerary,education_tertiary_poi_osm:missing:53330,home_hk_collective_000476,education_tertiary,home,59626.0,resident,tertiary_student,False,21047.663606865575,7.7,36.7,19.6,25.0,22.5,7.7,21.6,9547.7,,not_applied_no_serialized_itinerary_or_eligibility,,adult,Octopus,median_of_mode_specific_official_fare_distance_bin_medians
hk_collective_000478,0,pt,pt_base_fare_adult_octopus_distance_proxy,24.5,TD_GTFS_20260720+MTR_OPEN_DATA_20260720_mode_balanced_distance_bin_median,2026-07-14,low_official_fare_distance_proxy_no_itinerary,home_hk_collective_000478,work_poi_osm:5397786896:25316,home,work,25583.0,resident,fixed_worker,False,24419.892519135792,7.7,50.0,23.8,28.6,24.5,7.7,50.0,12919.9,,not_applied_no_serialized_itinerary_or_eligibility,,adult,Octopus,median_of_mode_specific_official_fare_distance_bin_medians
hk_collective_000478,1,pt,pt_base_fare_adult_octopus_distance_proxy,24.5,TD_GTFS_20260720+MTR_OPEN_DATA_20260720_mode_balanced_distance_bin_median,2026-07-14,low_official_fare_distance_proxy_no_itinerary,work_poi_osm:5397786896:25316,home_hk_collective_000478,work,home,69130.0,resident,fixed_worker,False,24419.892519135792,7.7,50.0,23.8,28.6,24.5,7.7,50.0,12919.9,,not_applied_no_serialized_itinerary_or_eligibility,,adult,Octopus,median_of_mode_specific_official_fare_distance_bin_medians
hk_collective_000480,0,pt,pt_base_fare_adult_octopus_distance_proxy,17.2,TD_GTFS_20260720+MTR_OPEN_DATA_20260720_mode_balanced_distance_bin_median,2026-07-14,low_official_fare_distance_proxy_no_itinerary,home_hk_collective_000480,work_poi_igeocom:548579,home,work,32887.0,resident,fixed_worker,False,16347.764480348536,7.7,80.0,17.2,15.7,19.7,7.7,45.0,4847.8,,not_applied_no_serialized_itinerary_or_eligibility,,adult,Octopus,median_of_mode_specific_official_fare_distance_bin_medians
hk_collective_000480,1,pt,pt_base_fare_adult_octopus_distance_proxy,17.2,TD_GTFS_20260720+MTR_OPEN_DATA_20260720_mode_balanced_distance_bin_median,2026-07-14,low_official_fare_distance_proxy_no_itinerary,work_poi_igeocom:548579,home_hk_collective_000480,work,home,58796.0,resident,fixed_worker,False,16347.764480348536,7.7,80.0,17.2,15.7,19.7,7.7,45.0,4847.8,,not_applied_no_serialized_itinerary_or_eligibility,,adult,Octopus,median_of_mode_specific_official_fare_distance_bin_medians
hk_collective_000482,0,pt,pt_base_fare_adult_octopus_distance_proxy,21.6,TD_GTFS_20260720+MTR_OPEN_DATA_20260720_mode_balanced_distance_bin_median,2026-07-14,low_official_fare_distance_proxy_no_itinerary,home_hk_collective_000482,school_637,home,school_secondary,25340.0,resident,day_school_student,False,20521.36088427724,7.7,36.7,18.8,25.0,22.1,7.7,21.6,9021.4,,not_applied_no_serialized_itinerary_or_eligibility,,adult,Octopus,median_of_mode_specific_official_fare_distance_bin_medians
hk_collective_000482,1,pt,pt_base_fare_adult_octopus_distance_proxy,21.6,TD_GTFS_20260720+MTR_OPEN_DATA_20260720_mode_balanced_distance_bin_median,2026-07-14,low_official_fare_distance_proxy_no_itinerary,school_637,home_hk_collective_000482,school_secondary,home,57410.0,resident,day_school_student,False,20521.36088427724,7.7,36.7,18.8,25.0,22.1,7.7,21.6,9021.4,,not_applied_no_serialized_itinerary_or_eligibility,,adult,Octopus,median_of_mode_specific_official_fare_distance_bin_medians
hk_collective_000483,0,pt,pt_base_fare_adult_octopus_distance_proxy,7.5,TD_GTFS_20260720+MTR_OPEN_DATA_20260720_mode_balanced_distance_bin_median,2026-07-14,low_official_fare_distance_proxy_no_itinerary,home_hk_collective_000483,work_mobile_poi_igeocom:549875,home,work_mobile,28978.0,resident,work_mobile,False,2126.825646733829,4.9,45.0,7.5,8.0,5.9,5.4,20.0,373.2,,not_applied_no_serialized_itinerary_or_eligibility,,adult,Octopus,median_of_mode_specific_official_fare_distance_bin_medians
hk_collective_000483,1,pt,pt_base_fare_adult_octopus_distance_proxy,7.5,TD_GTFS_20260720+MTR_OPEN_DATA_20260720_mode_balanced_distance_bin_median,2026-07-14,low_official_fare_distance_proxy_no_itinerary,work_mobile_poi_igeocom:549875,home_hk_collective_000483,work_mobile,home,64857.0,resident,work_mobile,False,2126.825646733829,4.9,45.0,7.5,8.0,5.9,5.4,20.0,373.2,,not_applied_no_serialized_itinerary_or_eligibility,,adult,Octopus,median_of_mode_specific_official_fare_distance_bin_medians
hk_collective_000483,2,pt,pt_base_fare_adult_octopus_distance_proxy,22.9,TD_GTFS_20260720+MTR_OPEN_DATA_20260720_mode_balanced_distance_bin_median,2026-07-14,low_official_fare_distance_proxy_no_itinerary,home_hk_collective_000483,resident_personal_business_osm_4846562784_19724,home,personal_business,71122.0,resident,work_mobile,True,22788.565086968065,7.7,50.0,20.8,28.0,22.9,7.7,50.0,11288.6,,not_applied_no_serialized_itinerary_or_eligibility,,adult,Octopus,median_of_mode_specific_official_fare_distance_bin_medians
hk_collective_000483,3,pt,pt_base_fare_adult_octopus_distance_proxy,22.9,TD_GTFS_20260720+MTR_OPEN_DATA_20260720_mode_balanced_distance_bin_median,2026-07-14,low_official_fare_distance_proxy_no_itinerary,resident_personal_business_osm_4846562784_19724,home_hk_collective_000483,personal_business,home,78022.0,resident,work_mobile,True,22788.565086968065,7.7,50.0,20.8,28.0,22.9,7.7,50.0,11288.6,,not_applied_no_serialized_itinerary_or_eligibility,,adult,Octopus,median_of_mode_specific_official_fare_distance_bin_medians
hk_collective_000484,0,pt,pt_base_fare_adult_octopus_distance_proxy,15.8,TD_GTFS_20260720+MTR_OPEN_DATA_20260720_mode_balanced_distance_bin_median,2026-07-14,low_official_fare_distance_proxy_no_itinerary,home_hk_collective_000484,resident_leisure_igeocom_535449,home,leisure,54403.0,resident,home_only,True,13649.025973900129,7.7,59.0,13.1,18.7,15.8,7.7,30.0,2149.0,,not_applied_no_serialized_itinerary_or_eligibility,,adult,Octopus,median_of_mode_specific_official_fare_distance_bin_medians
hk_collective_000484,1,pt,pt_base_fare_adult_octopus_distance_proxy,15.8,TD_GTFS_20260720+MTR_OPEN_DATA_20260720_mode_balanced_distance_bin_median,2026-07-14,low_official_fare_distance_proxy_no_itinerary,resident_leisure_igeocom_535449,home_hk_collective_000484,leisure,home,65803.0,resident,home_only,True,13649.025973900129,7.7,59.0,13.1,18.7,15.8,7.7,30.0,2149.0,,not_applied_no_serialized_itinerary_or_eligibility,,adult,Octopus,median_of_mode_specific_official_fare_distance_bin_medians
hk_collective_000486,0,pt,pt_base_fare_adult_octopus_distance_proxy,21.6,TD_GTFS_20260720+MTR_OPEN_DATA_20260720_mode_balanced_distance_bin_median,2026-07-14,low_official_fare_distance_proxy_no_itinerary,home_hk_collective_000486,education_tertiary_poi_osm:missing:63613,home,education_tertiary,32052.0,resident,tertiary_student,False,20959.66233982806,7.7,36.7,18.8,25.0,22.1,7.7,21.6,9459.7,,not_applied_no_serialized_itinerary_or_eligibility,,adult,Octopus,median_of_mode_specific_official_fare_distance_bin_medians
hk_collective_000486,1,pt,pt_base_fare_adult_octopus_distance_proxy,21.6,TD_GTFS_20260720+MTR_OPEN_DATA_20260720_mode_balanced_distance_bin_median,2026-07-14,low_official_fare_distance_proxy_no_itinerary,education_tertiary_poi_osm:missing:63613,home_hk_collective_000486,education_tertiary,home,68614.0,resident,tertiary_student,False,20959.66233982806,7.7,36.7,18.8,25.0,22.1,7.7,21.6,9459.7,,not_applied_no_serialized_itinerary_or_eligibility,,adult,Octopus,median_of_mode_specific_official_fare_distance_bin_medians
hk_collective_000493,0,pt,pt_base_fare_adult_octopus_distance_proxy,9.2,TD_GTFS_20260720+MTR_OPEN_DATA_20260720_mode_balanced_distance_bin_median,2026-07-14,low_official_fare_distance_proxy_no_itinerary,home_hk_collective_000493,resident_shopping_osm_10796686876_38105,home,shopping,39465.0,resident,home_only,True,4136.935344223401,5.4,20.0,8.4,9.5,9.2,5.4,16.3,363.1,,not_applied_no_serialized_itinerary_or_eligibility,,adult,Octopus,median_of_mode_specific_official_fare_distance_bin_medians
hk_collective_000493,1,pt,pt_base_fare_adult_octopus_distance_proxy,9.2,TD_GTFS_20260720+MTR_OPEN_DATA_20260720_mode_balanced_distance_bin_median,2026-07-14,low_official_fare_distance_proxy_no_itinerary,resident_shopping_osm_10796686876_38105,home_hk_collective_000493,shopping,home,46365.0,resident,home_only,True,4136.935344223401,5.4,20.0,8.4,9.5,9.2,5.4,16.3,363.1,,not_applied_no_serialized_itinerary_or_eligibility,,adult,Octopus,median_of_mode_specific_official_fare_distance_bin_medians
hk_collective_000497,0,pt,pt_base_fare_adult_octopus_distance_proxy,9.2,TD_GTFS_20260720+MTR_OPEN_DATA_20260720_mode_balanced_distance_bin_median,2026-07-14,low_official_fare_distance_proxy_no_itinerary,home_hk_collective_000497,school_701,home,school_secondary,27031.0,resident,day_school_student,False,4391.750993555422,5.4,20.0,8.4,9.5,9.2,5.4,16.3,108.2,,not_applied_no_serialized_itinerary_or_eligibility,,adult,Octopus,median_of_mode_specific_official_fare_distance_bin_medians
hk_collective_000497,1,pt,pt_base_fare_adult_octopus_distance_proxy,9.2,TD_GTFS_20260720+MTR_OPEN_DATA_20260720_mode_balanced_distance_bin_median,2026-07-14,low_official_fare_distance_proxy_no_itinerary,school_701,home_hk_collective_000497,school_secondary,home,56963.0,resident,day_school_student,False,4391.750993555422,5.4,20.0,8.4,9.5,9.2,5.4,16.3,108.2,,not_applied_no_serialized_itinerary_or_eligibility,,adult,Octopus,median_of_mode_specific_official_fare_distance_bin_medians
hk_collective_000499,0,pt,pt_base_fare_adult_octopus_distance_proxy,28.6,TD_GTFS_20260720+MTR_OPEN_DATA_20260720_mode_balanced_distance_bin_median,2026-07-14,low_official_fare_distance_proxy_no_itinerary,home_hk_collective_000499,work_poi_igeocom:544681,home,work,23299.0,resident,fixed_worker,False,29642.463909349586,7.7,54.4,27.6,28.6,30.2,7.7,50.0,18142.5,,not_applied_no_serialized_itinerary_or_eligibility,,adult,Octopus,median_of_mode_specific_official_fare_distance_bin_medians
hk_collective_000499,1,pt,pt_base_fare_adult_octopus_distance_proxy,28.6,TD_GTFS_20260720+MTR_OPEN_DATA_20260720_mode_balanced_distance_bin_median,2026-07-14,low_official_fare_distance_proxy_no_itinerary,work_poi_igeocom:544681,home_hk_collective_000499,work,home,52983.0,resident,fixed_worker,False,29642.463909349586,7.7,54.4,27.6,28.6,30.2,7.7,50.0,18142.5,,not_applied_no_serialized_itinerary_or_eligibility,,adult,Octopus,median_of_mode_specific_official_fare_distance_bin_medians
hk_collective_000499,2,pt,pt_base_fare_adult_octopus_distance_proxy,17.9,TD_GTFS_20260720+MTR_OPEN_DATA_20260720_mode_balanced_distance_bin_median,2026-07-14,low_official_fare_distance_proxy_no_itinerary,home_hk_collective_000499,resident_shopping_igeocom_21128387,home,shopping,61200.0,resident,fixed_worker,True,18285.28425666637,7.7,34.6,17.9,15.7,21.2,7.7,21.6,6785.3,,not_applied_no_serialized_itinerary_or_eligibility,,adult,Octopus,median_of_mode_specific_official_fare_distance_bin_medians
hk_collective_000499,3,pt,pt_base_fare_adult_octopus_distance_proxy,17.9,TD_GTFS_20260720+MTR_OPEN_DATA_20260720_mode_balanced_distance_bin_median,2026-07-14,low_official_fare_distance_proxy_no_itinerary,resident_shopping_igeocom_21128387,home_hk_collective_000499,shopping,home,68100.0,resident,fixed_worker,True,18285.28425666637,7.7,34.6,17.9,15.7,21.2,7.7,21.6,6785.3,,not_applied_no_serialized_itinerary_or_eligibility,,adult,Octopus,median_of_mode_specific_official_fare_distance_bin_medians
hk_collective_000500,0,pt,pt_base_fare_adult_octopus_distance_proxy,7.8,TD_GTFS_20260720+MTR_OPEN_DATA_20260720_mode_balanced_distance_bin_median,2026-07-14,low_official_fare_distance_proxy_no_itinerary,home_hk_collective_000500,school_572,home,school_secondary,29592.0,resident,day_school_student,False,3028.857948992049,5.3,52.0,7.8,8.8,7.4,5.4,20.0,471.1,,not_applied_no_serialized_itinerary_or_eligibility,,adult,Octopus,median_of_mode_specific_official_fare_distance_bin_medians
hk_collective_000500,1,pt,pt_base_fare_adult_octopus_distance_proxy,7.8,TD_GTFS_20260720+MTR_OPEN_DATA_20260720_mode_balanced_distance_bin_median,2026-07-14,low_official_fare_distance_proxy_no_itinerary,school_572,home_hk_collective_000500,school_secondary,home,57495.0,resident,day_school_student,False,3028.857948992049,5.3,52.0,7.8,8.8,7.4,5.4,20.0,471.1,,not_applied_no_serialized_itinerary_or_eligibility,,adult,Octopus,median_of_mode_specific_official_fare_distance_bin_medians
hk_collective_000501,0,pt,pt_base_fare_adult_octopus_distance_proxy,28.6,TD_GTFS_20260720+MTR_OPEN_DATA_20260720_mode_balanced_distance_bin_median,2026-07-14,low_official_fare_distance_proxy_no_itinerary,home_hk_collective_000501,work_poi_igeocom:21177520,home,work,29066.0,resident,fixed_worker,False,27078.555761182128,7.7,52.2,24.8,28.6,30.2,7.7,50.0,15578.6,,not_applied_no_serialized_itinerary_or_eligibility,,adult,Octopus,median_of_mode_specific_official_fare_distance_bin_medians
hk_collective_000501,1,pt,pt_base_fare_adult_octopus_distance_proxy,28.6,TD_GTFS_20260720+MTR_OPEN_DATA_20260720_mode_balanced_distance_bin_median,2026-07-14,low_official_fare_distance_proxy_no_itinerary,work_poi_igeocom:21177520,home_hk_collective_000501,work,home,66761.0,resident,fixed_worker,False,27078.555761182128,7.7,52.2,24.8,28.6,30.2,7.7,50.0,15578.6,,not_applied_no_serialized_itinerary_or_eligibility,,adult,Octopus,median_of_mode_specific_official_fare_distance_bin_medians
hk_collective_000502,0,pt,pt_base_fare_adult_octopus_distance_proxy,15.8,TD_GTFS_20260720+MTR_OPEN_DATA_20260720_mode_balanced_distance_bin_median,2026-07-14,low_official_fare_distance_proxy_no_itinerary,home_hk_collective_000502,work_poi_igeocom:546211,home,work,31172.0,resident,fixed_worker,False,13878.365001152595,7.7,59.0,13.1,18.7,15.8,7.7,30.0,2378.4,,not_applied_no_serialized_itinerary_or_eligibility,,adult,Octopus,median_of_mode_specific_official_fare_distance_bin_medians
hk_collective_000502,1,pt,pt_base_fare_adult_octopus_distance_proxy,15.8,TD_GTFS_20260720+MTR_OPEN_DATA_20260720_mode_balanced_distance_bin_median,2026-07-14,low_official_fare_distance_proxy_no_itinerary,work_poi_igeocom:546211,home_hk_collective_000502,work,home,73069.0,resident,fixed_worker,False,13878.365001152595,7.7,59.0,13.1,18.7,15.8,7.7,30.0,2378.4,,not_applied_no_serialized_itinerary_or_eligibility,,adult,Octopus,median_of_mode_specific_official_fare_distance_bin_medians
hk_collective_000502,2,pt,pt_base_fare_adult_octopus_distance_proxy,21.6,TD_GTFS_20260720+MTR_OPEN_DATA_20260720_mode_balanced_distance_bin_median,2026-07-14,low_official_fare_distance_proxy_no_itinerary,home_hk_collective_000502,resident_shopping_igeocom_543357,home,shopping,73739.0,resident,fixed_worker,True,21002.986053014585,7.7,36.7,19.6,25.0,22.5,7.7,21.6,9503.0,,not_applied_no_serialized_itinerary_or_eligibility,,adult,Octopus,median_of_mode_specific_official_fare_distance_bin_medians
hk_collective_000502,3,pt,pt_base_fare_adult_octopus_distance_proxy,15.8,TD_GTFS_20260720+MTR_OPEN_DATA_20260720_mode_balanced_distance_bin_median,2026-07-14,low_official_fare_distance_proxy_no_itinerary,resident_shopping_igeocom_543357,resident_leisure_igeocom_536107,shopping,leisure,80639.0,resident,fixed_worker,True,12643.210169623459,7.7,31.9,12.7,15.9,15.8,7.7,31.9,1143.2,,not_applied_no_serialized_itinerary_or_eligibility,,adult,Octopus,median_of_mode_specific_official_fare_distance_bin_medians
hk_collective_000502,4,pt,pt_base_fare_adult_octopus_distance_proxy,25.5,TD_GTFS_20260720+MTR_OPEN_DATA_20260720_mode_balanced_distance_bin_median,2026-07-14,low_official_fare_distance_proxy_no_itinerary,resident_leisure_igeocom_536107,home_hk_collective_000502,leisure,home,91800.0,resident,fixed_worker,True,32063.544126696812,7.7,51.4,24.8,28.6,25.5,7.7,50.0,20563.5,,not_applied_no_serialized_itinerary_or_eligibility,,adult,Octopus,median_of_mode_specific_official_fare_distance_bin_medians
hk_collective_000504,0,pt,pt_base_fare_adult_octopus_distance_proxy,6.2,TD_GTFS_20260720+MTR_OPEN_DATA_20260720_mode_balanced_distance_bin_median,2026-07-14,low_official_fare_distance_proxy_no_itinerary,home_hk_collective_000504,work_mobile_poi_igeocom:21078066,home,work_mobile,26223.0,resident,work_mobile,False,173.45363715993741,3.0,51.0,6.8,6.2,4.9,5.1,8.3,326.5,,not_applied_no_serialized_itinerary_or_eligibility,,adult,Octopus,median_of_mode_specific_official_fare_distance_bin_medians
hk_collective_000504,1,pt,pt_base_fare_adult_octopus_distance_proxy,6.2,TD_GTFS_20260720+MTR_OPEN_DATA_20260720_mode_balanced_distance_bin_median,2026-07-14,low_official_fare_distance_proxy_no_itinerary,work_mobile_poi_igeocom:21078066,home_hk_collective_000504,work_mobile,home,52232.0,resident,work_mobile,False,173.45363715993741,3.0,51.0,6.8,6.2,4.9,5.1,8.3,326.5,,not_applied_no_serialized_itinerary_or_eligibility,,adult,Octopus,median_of_mode_specific_official_fare_distance_bin_medians
hk_collective_000505,0,pt,pt_base_fare_adult_octopus_distance_proxy,15.4,TD_GTFS_20260720+MTR_OPEN_DATA_20260720_mode_balanced_distance_bin_median,2026-07-14,low_official_fare_distance_proxy_no_itinerary,home_hk_collective_000505,work_mobile_poi_igeocom:546145,home,work_mobile,28870.0,resident,work_mobile,False,10874.069185889977,7.7,80.0,13.6,15.4,15.8,7.7,49.2,374.1,,not_applied_no_serialized_itinerary_or_eligibility,,adult,Octopus,median_of_mode_specific_official_fare_distance_bin_medians
hk_collective_000505,1,pt,pt_base_fare_adult_octopus_distance_proxy,15.4,TD_GTFS_20260720+MTR_OPEN_DATA_20260720_mode_balanced_distance_bin_median,2026-07-14,low_official_fare_distance_proxy_no_itinerary,work_mobile_poi_igeocom:546145,home_hk_collective_000505,work_mobile,home,64116.0,resident,work_mobile,False,10874.069185889977,7.7,80.0,13.6,15.4,15.8,7.7,49.2,374.1,,not_applied_no_serialized_itinerary_or_eligibility,,adult,Octopus,median_of_mode_specific_official_fare_distance_bin_medians
hk_collective_000508,0,pt,pt_base_fare_adult_octopus_distance_proxy,9.2,TD_GTFS_20260720+MTR_OPEN_DATA_20260720_mode_balanced_distance_bin_median,2026-07-14,low_official_fare_distance_proxy_no_itinerary,home_hk_collective_000508,resident_shopping_osm_missing_73417,home,shopping,58001.0,resident,home_only,True,4840.991305293272,5.4,20.0,8.4,9.5,9.2,5.4,16.3,341.0,,not_applied_no_serialized_itinerary_or_eligibility,,adult,Octopus,median_of_mode_specific_official_fare_distance_bin_medians
hk_collective_000508,1,pt,pt_base_fare_adult_octopus_distance_proxy,9.2,TD_GTFS_20260720+MTR_OPEN_DATA_20260720_mode_balanced_distance_bin_median,2026-07-14,low_official_fare_distance_proxy_no_itinerary,resident_shopping_osm_missing_73417,home_hk_collective_000508,shopping,home,64901.0,resident,home_only,True,4840.991305293272,5.4,20.0,8.4,9.5,9.2,5.4,16.3,341.0,,not_applied_no_serialized_itinerary_or_eligibility,,adult,Octopus,median_of_mode_specific_official_fare_distance_bin_medians
hk_collective_000509,0,pt,pt_base_fare_adult_octopus_distance_proxy,7.0,TD_GTFS_20260720+MTR_OPEN_DATA_20260720_mode_balanced_distance_bin_median,2026-07-14,low_official_fare_distance_proxy_no_itinerary,home_hk_collective_000509,work_poi_osm:missing:58543,home,work,22488.0,resident,fixed_worker,False,1065.4575744182791,4.9,30.0,7.3,7.0,4.9,5.3,10.0,434.5,,not_applied_no_serialized_itinerary_or_eligibility,,adult,Octopus,median_of_mode_specific_official_fare_distance_bin_medians
hk_collective_000509,1,pt,pt_base_fare_adult_octopus_distance_proxy,7.0,TD_GTFS_20260720+MTR_OPEN_DATA_20260720_mode_balanced_distance_bin_median,2026-07-14,low_official_fare_distance_proxy_no_itinerary,work_poi_osm:missing:58543,home_hk_collective_000509,work,home,52591.0,resident,fixed_worker,False,1065.4575744182791,4.9,30.0,7.3,7.0,4.9,5.3,10.0,434.5,,not_applied_no_serialized_itinerary_or_eligibility,,adult,Octopus,median_of_mode_specific_official_fare_distance_bin_medians
hk_collective_000511,0,pt,pt_base_fare_adult_octopus_distance_proxy,28.6,TD_GTFS_20260720+MTR_OPEN_DATA_20260720_mode_balanced_distance_bin_median,2026-07-14,low_official_fare_distance_proxy_no_itinerary,home_hk_collective_000511,work_poi_igeocom:549936,home,work,28333.0,resident,fixed_worker,False,25156.586645868956,7.7,50.0,24.0,28.6,29.3,7.7,50.0,13656.6,,not_applied_no_serialized_itinerary_or_eligibility,,adult,Octopus,median_of_mode_specific_official_fare_distance_bin_medians
hk_collective_000511,1,pt,pt_base_fare_adult_octopus_distance_proxy,28.6,TD_GTFS_20260720+MTR_OPEN_DATA_20260720_mode_balanced_distance_bin_median,2026-07-14,low_official_fare_distance_proxy_no_itinerary,work_poi_igeocom:549936,home_hk_collective_000511,work,home,65877.0,resident,fixed_worker,False,25156.586645868956,7.7,50.0,24.0,28.6,29.3,7.7,50.0,13656.6,,not_applied_no_serialized_itinerary_or_eligibility,,adult,Octopus,median_of_mode_specific_official_fare_distance_bin_medians
hk_collective_000512,0,pt,pt_base_fare_adult_octopus_distance_proxy,9.8,TD_GTFS_20260720+MTR_OPEN_DATA_20260720_mode_balanced_distance_bin_median,2026-07-14,low_official_fare_distance_proxy_no_itinerary,home_hk_collective_000512,border_8,home,border,23676.0,resident,usual_resident_border,False,5902.432898711534,5.4,20.0,9.8,10.1,9.6,5.4,19.0,402.4,,not_applied_no_serialized_itinerary_or_eligibility,,adult,Octopus,median_of_mode_specific_official_fare_distance_bin_medians
hk_collective_000512,1,pt,pt_base_fare_adult_octopus_distance_proxy,9.8,TD_GTFS_20260720+MTR_OPEN_DATA_20260720_mode_balanced_distance_bin_median,2026-07-14,low_official_fare_distance_proxy_no_itinerary,border_8,home_hk_collective_000512,border,home,73332.0,resident,usual_resident_border,False,5902.432898711534,5.4,20.0,9.8,10.1,9.6,5.4,19.0,402.4,,not_applied_no_serialized_itinerary_or_eligibility,,adult,Octopus,median_of_mode_specific_official_fare_distance_bin_medians
hk_collective_000514,0,pt,pt_base_fare_adult_octopus_distance_proxy,21.6,TD_GTFS_20260720+MTR_OPEN_DATA_20260720_mode_balanced_distance_bin_median,2026-07-14,low_official_fare_distance_proxy_no_itinerary,home_hk_collective_000514,work_mobile_poi_igeocom:541867,home,work_mobile,31088.0,resident,work_mobile,False,20521.634313851115,7.7,36.7,18.8,25.0,22.1,7.7,21.6,9021.6,,not_applied_no_serialized_itinerary_or_eligibility,,adult,Octopus,median_of_mode_specific_official_fare_distance_bin_medians
hk_collective_000514,1,pt,pt_base_fare_adult_octopus_distance_proxy,21.6,TD_GTFS_20260720+MTR_OPEN_DATA_20260720_mode_balanced_distance_bin_median,2026-07-14,low_official_fare_distance_proxy_no_itinerary,work_mobile_poi_igeocom:541867,home_hk_collective_000514,work_mobile,home,63954.0,resident,work_mobile,False,20521.634313851115,7.7,36.7,18.8,25.0,22.1,7.7,21.6,9021.6,,not_applied_no_serialized_itinerary_or_eligibility,,adult,Octopus,median_of_mode_specific_official_fare_distance_bin_medians
hk_collective_000520,0,pt,pt_base_fare_adult_octopus_distance_proxy,18.5,TD_GTFS_20260720+MTR_OPEN_DATA_20260720_mode_balanced_distance_bin_median,2026-07-14,low_official_fare_distance_proxy_no_itinerary,home_hk_collective_000520,school_1004,home,school_secondary,26685.0,resident,day_school_student,False,17311.37740655034,7.7,33.0,18.5,15.7,21.0,7.7,21.6,5811.4,,not_applied_no_serialized_itinerary_or_eligibility,,adult,Octopus,median_of_mode_specific_official_fare_distance_bin_medians
hk_collective_000520,1,pt,pt_base_fare_adult_octopus_distance_proxy,18.5,TD_GTFS_20260720+MTR_OPEN_DATA_20260720_mode_balanced_distance_bin_median,2026-07-14,low_official_fare_distance_proxy_no_itinerary,school_1004,home_hk_collective_000520,school_secondary,home,57370.0,resident,day_school_student,False,17311.37740655034,7.7,33.0,18.5,15.7,21.0,7.7,21.6,5811.4,,not_applied_no_serialized_itinerary_or_eligibility,,adult,Octopus,median_of_mode_specific_official_fare_distance_bin_medians
hk_collective_000522,0,pt,pt_base_fare_adult_octopus_distance_proxy,21.6,TD_GTFS_20260720+MTR_OPEN_DATA_20260720_mode_balanced_distance_bin_median,2026-07-14,low_official_fare_distance_proxy_no_itinerary,home_hk_collective_000522,work_poi_osm:missing:66399,home,work,26610.0,resident,fixed_worker,False,20217.56937271073,7.7,36.7,18.8,25.0,22.1,7.7,21.6,8717.6,,not_applied_no_serialized_itinerary_or_eligibility,,adult,Octopus,median_of_mode_specific_official_fare_distance_bin_medians
hk_collective_000522,1,pt,pt_base_fare_adult_octopus_distance_proxy,21.6,TD_GTFS_20260720+MTR_OPEN_DATA_20260720_mode_balanced_distance_bin_median,2026-07-14,low_official_fare_distance_proxy_no_itinerary,work_poi_osm:missing:66399,home_hk_collective_000522,work,home,59334.0,resident,fixed_worker,False,20217.56937271073,7.7,36.7,18.8,25.0,22.1,7.7,21.6,8717.6,,not_applied_no_serialized_itinerary_or_eligibility,,adult,Octopus,median_of_mode_specific_official_fare_distance_bin_medians
hk_collective_000528,0,pt,pt_base_fare_adult_octopus_distance_proxy,18.1,TD_GTFS_20260720+MTR_OPEN_DATA_20260720_mode_balanced_distance_bin_median,2026-07-14,low_official_fare_distance_proxy_no_itinerary,home_hk_collective_000528,resident_shopping_igeocom_21137927,home,shopping,43186.0,resident,home_only,True,19200.403851388997,7.7,34.6,17.2,18.1,22.9,7.7,21.6,7700.4,,not_applied_no_serialized_itinerary_or_eligibility,,adult,Octopus,median_of_mode_specific_official_fare_distance_bin_medians
hk_collective_000528,1,pt,pt_base_fare_adult_octopus_distance_proxy,9.8,TD_GTFS_20260720+MTR_OPEN_DATA_20260720_mode_balanced_distance_bin_median,2026-07-14,low_official_fare_distance_proxy_no_itinerary,resident_shopping_igeocom_21137927,resident_shopping_igeocom_561307,shopping,shopping,50086.0,resident,home_only,True,5938.47104556316,5.4,20.0,9.8,10.1,9.6,5.4,19.0,438.5,,not_applied_no_serialized_itinerary_or_eligibility,,adult,Octopus,median_of_mode_specific_official_fare_distance_bin_medians
hk_collective_000528,2,pt,pt_base_fare_adult_octopus_distance_proxy,15.8,TD_GTFS_20260720+MTR_OPEN_DATA_20260720_mode_balanced_distance_bin_median,2026-07-14,low_official_fare_distance_proxy_no_itinerary,resident_shopping_igeocom_561307,home_hk_collective_000528,shopping,home,56986.0,resident,home_only,True,13752.310743162076,7.7,59.0,13.1,18.7,15.8,7.7,30.0,2252.3,,not_applied_no_serialized_itinerary_or_eligibility,,adult,Octopus,median_of_mode_specific_official_fare_distance_bin_medians
hk_collective_000529,0,pt,pt_base_fare_adult_octopus_distance_proxy,15.8,TD_GTFS_20260720+MTR_OPEN_DATA_20260720_mode_balanced_distance_bin_median,2026-07-14,low_official_fare_distance_proxy_no_itinerary,home_hk_collective_000529,work_poi_igeocom:545449,home,work,27888.0,resident,fixed_worker,False,12627.011832806123,7.7,31.9,12.7,15.9,15.8,7.7,31.9,1127.0,,not_applied_no_serialized_itinerary_or_eligibility,,adult,Octopus,median_of_mode_specific_official_fare_distance_bin_medians
hk_collective_000529,1,pt,pt_base_fare_adult_octopus_distance_proxy,15.8,TD_GTFS_20260720+MTR_OPEN_DATA_20260720_mode_balanced_distance_bin_median,2026-07-14,low_official_fare_distance_proxy_no_itinerary,work_poi_igeocom:545449,home_hk_collective_000529,work,home,63694.0,resident,fixed_worker,False,12627.011832806123,7.7,31.9,12.7,15.9,15.8,7.7,31.9,1127.0,,not_applied_no_serialized_itinerary_or_eligibility,,adult,Octopus,median_of_mode_specific_official_fare_distance_bin_medians
hk_collective_000530,0,pt,pt_base_fare_adult_octopus_distance_proxy,18.1,TD_GTFS_20260720+MTR_OPEN_DATA_20260720_mode_balanced_distance_bin_median,2026-07-14,low_official_fare_distance_proxy_no_itinerary,home_hk_collective_000530,work_poi_igeocom:21078385,home,work,23796.0,resident,fixed_worker,False,19757.867396877104,7.7,34.6,17.2,18.1,22.9,7.7,21.6,8257.9,,not_applied_no_serialized_itinerary_or_eligibility,,adult,Octopus,median_of_mode_specific_official_fare_distance_bin_medians
hk_collective_000530,1,pt,pt_base_fare_adult_octopus_distance_proxy,18.1,TD_GTFS_20260720+MTR_OPEN_DATA_20260720_mode_balanced_distance_bin_median,2026-07-14,low_official_fare_distance_proxy_no_itinerary,work_poi_igeocom:21078385,home_hk_collective_000530,work,home,64991.0,resident,fixed_worker,False,19757.867396877104,7.7,34.6,17.2,18.1,22.9,7.7,21.6,8257.9,,not_applied_no_serialized_itinerary_or_eligibility,,adult,Octopus,median_of_mode_specific_official_fare_distance_bin_medians
hk_collective_000534,0,pt,pt_base_fare_adult_octopus_distance_proxy,22.9,TD_GTFS_20260720+MTR_OPEN_DATA_20260720_mode_balanced_distance_bin_median,2026-07-14,low_official_fare_distance_proxy_no_itinerary,home_hk_collective_000534,work_poi_igeocom:539220,home,work,33191.0,resident,fixed_worker,False,22017.89127049084,7.7,50.0,20.8,28.0,22.9,7.7,50.0,10517.9,,not_applied_no_serialized_itinerary_or_eligibility,,adult,Octopus,median_of_mode_specific_official_fare_distance_bin_medians
hk_collective_000534,1,pt,pt_base_fare_adult_octopus_distance_proxy,22.9,TD_GTFS_20260720+MTR_OPEN_DATA_20260720_mode_balanced_distance_bin_median,2026-07-14,low_official_fare_distance_proxy_no_itinerary,work_poi_igeocom:539220,home_hk_collective_000534,work,home,73208.0,resident,fixed_worker,False,22017.89127049084,7.7,50.0,20.8,28.0,22.9,7.7,50.0,10517.9,,not_applied_no_serialized_itinerary_or_eligibility,,adult,Octopus,median_of_mode_specific_official_fare_distance_bin_medians
hk_collective_000535,0,pt,pt_base_fare_adult_octopus_distance_proxy,17.9,TD_GTFS_20260720+MTR_OPEN_DATA_20260720_mode_balanced_distance_bin_median,2026-07-14,low_official_fare_distance_proxy_no_itinerary,home_hk_collective_000535,work_poi_igeocom:21078936,home,work,29010.0,resident,fixed_worker,False,18583.12307903349,7.7,34.6,17.9,15.7,21.2,7.7,21.6,7083.1,,not_applied_no_serialized_itinerary_or_eligibility,,adult,Octopus,median_of_mode_specific_official_fare_distance_bin_medians
hk_collective_000535,1,pt,pt_base_fare_adult_octopus_distance_proxy,17.9,TD_GTFS_20260720+MTR_OPEN_DATA_20260720_mode_balanced_distance_bin_median,2026-07-14,low_official_fare_distance_proxy_no_itinerary,work_poi_igeocom:21078936,home_hk_collective_000535,work,home,64773.0,resident,fixed_worker,False,18583.12307903349,7.7,34.6,17.9,15.7,21.2,7.7,21.6,7083.1,,not_applied_no_serialized_itinerary_or_eligibility,,adult,Octopus,median_of_mode_specific_official_fare_distance_bin_medians
hk_collective_000536,0,pt,pt_base_fare_adult_octopus_distance_proxy,18.4,TD_GTFS_20260720+MTR_OPEN_DATA_20260720_mode_balanced_distance_bin_median,2026-07-14,low_official_fare_distance_proxy_no_itinerary,home_hk_collective_000536,border_1,home,border,31322.0,resident,usual_resident_border,False,15136.385414181992,7.7,27.3,16.9,19.1,18.4,7.7,20.0,3636.4,,not_applied_no_serialized_itinerary_or_eligibility,,adult,Octopus,median_of_mode_specific_official_fare_distance_bin_medians
hk_collective_000536,1,pt,pt_base_fare_adult_octopus_distance_proxy,18.4,TD_GTFS_20260720+MTR_OPEN_DATA_20260720_mode_balanced_distance_bin_median,2026-07-14,low_official_fare_distance_proxy_no_itinerary,border_1,home_hk_collective_000536,border,home,74546.0,resident,usual_resident_border,False,15136.385414181992,7.7,27.3,16.9,19.1,18.4,7.7,20.0,3636.4,,not_applied_no_serialized_itinerary_or_eligibility,,adult,Octopus,median_of_mode_specific_official_fare_distance_bin_medians
hk_collective_000537,0,pt,pt_base_fare_adult_octopus_distance_proxy,9.8,TD_GTFS_20260720+MTR_OPEN_DATA_20260720_mode_balanced_distance_bin_median,2026-07-14,low_official_fare_distance_proxy_no_itinerary,home_hk_collective_000537,work_mobile_poi_osm:missing:76152,home,work_mobile,30174.0,resident,work_mobile,False,5814.749259739309,5.4,20.0,9.8,10.1,9.6,5.4,19.0,314.7,,not_applied_no_serialized_itinerary_or_eligibility,,adult,Octopus,median_of_mode_specific_official_fare_distance_bin_medians
hk_collective_000537,1,pt,pt_base_fare_adult_octopus_distance_proxy,9.8,TD_GTFS_20260720+MTR_OPEN_DATA_20260720_mode_balanced_distance_bin_median,2026-07-14,low_official_fare_distance_proxy_no_itinerary,work_mobile_poi_osm:missing:76152,home_hk_collective_000537,work_mobile,home,59994.0,resident,work_mobile,False,5814.749259739309,5.4,20.0,9.8,10.1,9.6,5.4,19.0,314.7,,not_applied_no_serialized_itinerary_or_eligibility,,adult,Octopus,median_of_mode_specific_official_fare_distance_bin_medians
hk_collective_000539,0,pt,pt_base_fare_adult_octopus_distance_proxy,28.6,TD_GTFS_20260720+MTR_OPEN_DATA_20260720_mode_balanced_distance_bin_median,2026-07-14,low_official_fare_distance_proxy_no_itinerary,home_hk_collective_000539,work_poi_osm:missing:53206,home,work,31802.0,resident,fixed_worker,False,28846.408730766525,7.7,54.4,27.3,28.6,30.2,7.7,50.0,17346.4,,not_applied_no_serialized_itinerary_or_eligibility,,adult,Octopus,median_of_mode_specific_official_fare_distance_bin_medians
hk_collective_000539,1,pt,pt_base_fare_adult_octopus_distance_proxy,28.6,TD_GTFS_20260720+MTR_OPEN_DATA_20260720_mode_balanced_distance_bin_median,2026-07-14,low_official_fare_distance_proxy_no_itinerary,work_poi_osm:missing:53206,home_hk_collective_000539,work,home,70288.0,resident,fixed_worker,False,28846.408730766525,7.7,54.4,27.3,28.6,30.2,7.7,50.0,17346.4,,not_applied_no_serialized_itinerary_or_eligibility,,adult,Octopus,median_of_mode_specific_official_fare_distance_bin_medians
hk_collective_000541,0,pt,pt_base_fare_adult_octopus_distance_proxy,11.7,TD_GTFS_20260720+MTR_OPEN_DATA_20260720_mode_balanced_distance_bin_median,2026-07-14,low_official_fare_distance_proxy_no_itinerary,home_hk_collective_000541,border_8,home,border,18731.0,resident,usual_resident_border,False,7994.236091736336,6.1,51.0,11.7,12.4,11.0,6.1,30.0,494.2,,not_applied_no_serialized_itinerary_or_eligibility,,adult,Octopus,median_of_mode_specific_official_fare_distance_bin_medians
hk_collective_000541,1,pt,pt_base_fare_adult_octopus_distance_proxy,11.7,TD_GTFS_20260720+MTR_OPEN_DATA_20260720_mode_balanced_distance_bin_median,2026-07-14,low_official_fare_distance_proxy_no_itinerary,border_8,home_hk_collective_000541,border,home,73728.0,resident,usual_resident_border,False,7994.236091736336,6.1,51.0,11.7,12.4,11.0,6.1,30.0,494.2,,not_applied_no_serialized_itinerary_or_eligibility,,adult,Octopus,median_of_mode_specific_official_fare_distance_bin_medians
hk_collective_000542,0,pt,pt_base_fare_adult_octopus_distance_proxy,25.5,TD_GTFS_20260720+MTR_OPEN_DATA_20260720_mode_balanced_distance_bin_median,2026-07-14,low_official_fare_distance_proxy_no_itinerary,home_hk_collective_000542,work_poi_igeocom:526858,home,work,26702.0,resident,fixed_worker,False,32183.316699845156,7.7,51.4,24.8,28.6,25.5,7.7,50.0,20683.3,,not_applied_no_serialized_itinerary_or_eligibility,,adult,Octopus,median_of_mode_specific_official_fare_distance_bin_medians
hk_collective_000542,1,pt,pt_base_fare_adult_octopus_distance_proxy,25.5,TD_GTFS_20260720+MTR_OPEN_DATA_20260720_mode_balanced_distance_bin_median,2026-07-14,low_official_fare_distance_proxy_no_itinerary,work_poi_igeocom:526858,home_hk_collective_000542,work,home,53091.0,resident,fixed_worker,False,32183.316699845156,7.7,51.4,24.8,28.6,25.5,7.7,50.0,20683.3,,not_applied_no_serialized_itinerary_or_eligibility,,adult,Octopus,median_of_mode_specific_official_fare_distance_bin_medians
hk_collective_000544,0,pt,pt_base_fare_adult_octopus_distance_proxy,28.6,TD_GTFS_20260720+MTR_OPEN_DATA_20260720_mode_balanced_distance_bin_median,2026-07-14,low_official_fare_distance_proxy_no_itinerary,home_hk_collective_000544,work_poi_osm:4846442726:19697,home,work,32436.0,resident,fixed_worker,False,31386.796757525095,7.7,54.4,27.9,28.6,54.4,7.7,50.0,19886.8,,not_applied_no_serialized_itinerary_or_eligibility,,adult,Octopus,median_of_mode_specific_official_fare_distance_bin_medians
hk_collective_000544,1,pt,pt_base_fare_adult_octopus_distance_proxy,28.6,TD_GTFS_20260720+MTR_OPEN_DATA_20260720_mode_balanced_distance_bin_median,2026-07-14,low_official_fare_distance_proxy_no_itinerary,work_poi_osm:4846442726:19697,home_hk_collective_000544,work,home,70731.0,resident,fixed_worker,False,31386.796757525095,7.7,54.4,27.9,28.6,54.4,7.7,50.0,19886.8,,not_applied_no_serialized_itinerary_or_eligibility,,adult,Octopus,median_of_mode_specific_official_fare_distance_bin_medians
hk_collective_000545,0,pt,pt_base_fare_adult_octopus_distance_proxy,18.5,TD_GTFS_20260720+MTR_OPEN_DATA_20260720_mode_balanced_distance_bin_median,2026-07-14,low_official_fare_distance_proxy_no_itinerary,home_hk_collective_000545,work_poi_osm:7528576366:31601,home,work,25802.0,resident,fixed_worker,False,17904.617945563048,7.7,33.0,18.5,15.7,21.0,7.7,21.6,6404.6,,not_applied_no_serialized_itinerary_or_eligibility,,adult,Octopus,median_of_mode_specific_official_fare_distance_bin_medians
hk_collective_000545,1,pt,pt_base_fare_adult_octopus_distance_proxy,18.5,TD_GTFS_20260720+MTR_OPEN_DATA_20260720_mode_balanced_distance_bin_median,2026-07-14,low_official_fare_distance_proxy_no_itinerary,work_poi_osm:7528576366:31601,home_hk_collective_000545,work,home,59368.0,resident,fixed_worker,False,17904.617945563048,7.7,33.0,18.5,15.7,21.0,7.7,21.6,6404.6,,not_applied_no_serialized_itinerary_or_eligibility,,adult,Octopus,median_of_mode_specific_official_fare_distance_bin_medians
hk_collective_000546,0,pt,pt_base_fare_adult_octopus_distance_proxy,17.9,TD_GTFS_20260720+MTR_OPEN_DATA_20260720_mode_balanced_distance_bin_median,2026-07-14,low_official_fare_distance_proxy_no_itinerary,home_hk_collective_000546,work_poi_igeocom:21177625,home,work,31182.0,resident,fixed_worker,False,18563.70356965219,7.7,34.6,17.9,15.7,21.2,7.7,21.6,7063.7,,not_applied_no_serialized_itinerary_or_eligibility,,adult,Octopus,median_of_mode_specific_official_fare_distance_bin_medians
hk_collective_000546,1,pt,pt_base_fare_adult_octopus_distance_proxy,17.9,TD_GTFS_20260720+MTR_OPEN_DATA_20260720_mode_balanced_distance_bin_median,2026-07-14,low_official_fare_distance_proxy_no_itinerary,work_poi_igeocom:21177625,home_hk_collective_000546,work,home,69550.0,resident,fixed_worker,False,18563.70356965219,7.7,34.6,17.9,15.7,21.2,7.7,21.6,7063.7,,not_applied_no_serialized_itinerary_or_eligibility,,adult,Octopus,median_of_mode_specific_official_fare_distance_bin_medians
hk_collective_000548,0,pt,pt_base_fare_adult_octopus_distance_proxy,15.8,TD_GTFS_20260720+MTR_OPEN_DATA_20260720_mode_balanced_distance_bin_median,2026-07-14,low_official_fare_distance_proxy_no_itinerary,home_hk_collective_000548,work_poi_osm:11502423876:42250,home,work,27521.0,resident,fixed_worker,False,13555.403294631933,7.7,59.0,13.1,18.7,15.8,7.7,30.0,2055.4,,not_applied_no_serialized_itinerary_or_eligibility,,adult,Octopus,median_of_mode_specific_official_fare_distance_bin_medians
hk_collective_000548,1,pt,pt_base_fare_adult_octopus_distance_proxy,15.8,TD_GTFS_20260720+MTR_OPEN_DATA_20260720_mode_balanced_distance_bin_median,2026-07-14,low_official_fare_distance_proxy_no_itinerary,work_poi_osm:11502423876:42250,home_hk_collective_000548,work,home,55942.0,resident,fixed_worker,False,13555.403294631933,7.7,59.0,13.1,18.7,15.8,7.7,30.0,2055.4,,not_applied_no_serialized_itinerary_or_eligibility,,adult,Octopus,median_of_mode_specific_official_fare_distance_bin_medians
hk_collective_000550,0,pt,pt_base_fare_adult_octopus_distance_proxy,15.9,TD_GTFS_20260720+MTR_OPEN_DATA_20260720_mode_balanced_distance_bin_median,2026-07-14,low_official_fare_distance_proxy_no_itinerary,home_hk_collective_000550,border_1,home,border,14453.0,resident,usual_resident_border,False,14596.913218756412,7.7,55.8,14.3,19.1,15.9,7.7,55.8,3096.9,,not_applied_no_serialized_itinerary_or_eligibility,,adult,Octopus,median_of_mode_specific_official_fare_distance_bin_medians
hk_collective_000550,1,pt,pt_base_fare_adult_octopus_distance_proxy,15.9,TD_GTFS_20260720+MTR_OPEN_DATA_20260720_mode_balanced_distance_bin_median,2026-07-14,low_official_fare_distance_proxy_no_itinerary,border_1,home_hk_collective_000550,border,home,78485.0,resident,usual_resident_border,False,14596.913218756412,7.7,55.8,14.3,19.1,15.9,7.7,55.8,3096.9,,not_applied_no_serialized_itinerary_or_eligibility,,adult,Octopus,median_of_mode_specific_official_fare_distance_bin_medians
hk_collective_000552,0,pt,pt_base_fare_adult_octopus_distance_proxy,23.8,TD_GTFS_20260720+MTR_OPEN_DATA_20260720_mode_balanced_distance_bin_median,2026-07-14,low_official_fare_distance_proxy_no_itinerary,home_hk_collective_000552,work_poi_osm:3805527729:13080,home,work,29155.0,resident,fixed_worker,False,23727.639149147242,7.7,50.0,23.8,28.5,22.5,7.7,50.0,12227.6,,not_applied_no_serialized_itinerary_or_eligibility,,adult,Octopus,median_of_mode_specific_official_fare_distance_bin_medians
hk_collective_000552,1,pt,pt_base_fare_adult_octopus_distance_proxy,23.8,TD_GTFS_20260720+MTR_OPEN_DATA_20260720_mode_balanced_distance_bin_median,2026-07-14,low_official_fare_distance_proxy_no_itinerary,work_poi_osm:3805527729:13080,home_hk_collective_000552,work,home,53943.0,resident,fixed_worker,False,23727.639149147242,7.7,50.0,23.8,28.5,22.5,7.7,50.0,12227.6,,not_applied_no_serialized_itinerary_or_eligibility,,adult,Octopus,median_of_mode_specific_official_fare_distance_bin_medians
hk_collective_000553,0,pt,pt_base_fare_adult_octopus_distance_proxy,12.1,TD_GTFS_20260720+MTR_OPEN_DATA_20260720_mode_balanced_distance_bin_median,2026-07-14,low_official_fare_distance_proxy_no_itinerary,home_hk_collective_000553,work_poi_osm:4849819129:20305,home,work,24413.0,resident,fixed_worker,False,8020.198543752856,6.5,65.0,12.1,13.8,11.1,6.5,20.0,479.8,,not_applied_no_serialized_itinerary_or_eligibility,,adult,Octopus,median_of_mode_specific_official_fare_distance_bin_medians
hk_collective_000553,1,pt,pt_base_fare_adult_octopus_distance_proxy,12.1,TD_GTFS_20260720+MTR_OPEN_DATA_20260720_mode_balanced_distance_bin_median,2026-07-14,low_official_fare_distance_proxy_no_itinerary,work_poi_osm:4849819129:20305,home_hk_collective_000553,work,home,67404.0,resident,fixed_worker,False,8020.198543752856,6.5,65.0,12.1,13.8,11.1,6.5,20.0,479.8,,not_applied_no_serialized_itinerary_or_eligibility,,adult,Octopus,median_of_mode_specific_official_fare_distance_bin_medians
hk_collective_000554,0,pt,pt_base_fare_adult_octopus_distance_proxy,28.6,TD_GTFS_20260720+MTR_OPEN_DATA_20260720_mode_balanced_distance_bin_median,2026-07-14,low_official_fare_distance_proxy_no_itinerary,home_hk_collective_000554,work_poi_igeocom:21146002,home,work,28010.0,resident,fixed_worker,False,26779.746038762234,7.7,50.0,23.8,28.6,30.2,7.7,50.0,15279.7,,not_applied_no_serialized_itinerary_or_eligibility,,adult,Octopus,median_of_mode_specific_official_fare_distance_bin_medians
hk_collective_000554,1,pt,pt_base_fare_adult_octopus_distance_proxy,28.6,TD_GTFS_20260720+MTR_OPEN_DATA_20260720_mode_balanced_distance_bin_median,2026-07-14,low_official_fare_distance_proxy_no_itinerary,work_poi_igeocom:21146002,home_hk_collective_000554,work,home,52314.0,resident,fixed_worker,False,26779.746038762234,7.7,50.0,23.8,28.6,30.2,7.7,50.0,15279.7,,not_applied_no_serialized_itinerary_or_eligibility,,adult,Octopus,median_of_mode_specific_official_fare_distance_bin_medians
hk_collective_000555,0,pt,pt_base_fare_adult_octopus_distance_proxy,15.8,TD_GTFS_20260720+MTR_OPEN_DATA_20260720_mode_balanced_distance_bin_median,2026-07-14,low_official_fare_distance_proxy_no_itinerary,home_hk_collective_000555,work_poi_igeocom:533819,home,work,26888.0,resident,fixed_worker,False,12941.455721473922,7.7,31.9,12.7,15.9,15.8,7.7,31.9,1441.5,,not_applied_no_serialized_itinerary_or_eligibility,,adult,Octopus,median_of_mode_specific_official_fare_distance_bin_medians
hk_collective_000555,1,pt,pt_base_fare_adult_octopus_distance_proxy,15.8,TD_GTFS_20260720+MTR_OPEN_DATA_20260720_mode_balanced_distance_bin_median,2026-07-14,low_official_fare_distance_proxy_no_itinerary,work_poi_igeocom:533819,home_hk_collective_000555,work,home,57574.0,resident,fixed_worker,False,12941.455721473922,7.7,31.9,12.7,15.9,15.8,7.7,31.9,1441.5,,not_applied_no_serialized_itinerary_or_eligibility,,adult,Octopus,median_of_mode_specific_official_fare_distance_bin_medians
hk_collective_000556,0,pt,pt_base_fare_adult_octopus_distance_proxy,28.6,TD_GTFS_20260720+MTR_OPEN_DATA_20260720_mode_balanced_distance_bin_median,2026-07-14,low_official_fare_distance_proxy_no_itinerary,home_hk_collective_000556,work_poi_igeocom:21187391,home,work,29064.0,resident,fixed_worker,False,26918.563768555796,7.7,50.0,23.8,28.6,30.2,7.7,50.0,15418.6,,not_applied_no_serialized_itinerary_or_eligibility,,adult,Octopus,median_of_mode_specific_official_fare_distance_bin_medians
hk_collective_000556,1,pt,pt_base_fare_adult_octopus_distance_proxy,28.6,TD_GTFS_20260720+MTR_OPEN_DATA_20260720_mode_balanced_distance_bin_median,2026-07-14,low_official_fare_distance_proxy_no_itinerary,work_poi_igeocom:21187391,home_hk_collective_000556,work,home,60941.0,resident,fixed_worker,False,26918.563768555796,7.7,50.0,23.8,28.6,30.2,7.7,50.0,15418.6,,not_applied_no_serialized_itinerary_or_eligibility,,adult,Octopus,median_of_mode_specific_official_fare_distance_bin_medians
hk_collective_000558,0,pt,pt_base_fare_adult_octopus_distance_proxy,23.8,TD_GTFS_20260720+MTR_OPEN_DATA_20260720_mode_balanced_distance_bin_median,2026-07-14,low_official_fare_distance_proxy_no_itinerary,home_hk_collective_000558,work_poi_igeocom:541594,home,work,31169.0,resident,fixed_worker,False,23532.802803381484,7.7,50.0,23.8,28.5,22.5,7.7,50.0,12032.8,,not_applied_no_serialized_itinerary_or_eligibility,,adult,Octopus,median_of_mode_specific_official_fare_distance_bin_medians
hk_collective_000558,1,pt,pt_base_fare_adult_octopus_distance_proxy,23.8,TD_GTFS_20260720+MTR_OPEN_DATA_20260720_mode_balanced_distance_bin_median,2026-07-14,low_official_fare_distance_proxy_no_itinerary,work_poi_igeocom:541594,home_hk_collective_000558,work,home,60348.0,resident,fixed_worker,False,23532.802803381484,7.7,50.0,23.8,28.5,22.5,7.7,50.0,12032.8,,not_applied_no_serialized_itinerary_or_eligibility,,adult,Octopus,median_of_mode_specific_official_fare_distance_bin_medians
hk_collective_000558,2,pt,pt_base_fare_adult_octopus_distance_proxy,28.6,TD_GTFS_20260720+MTR_OPEN_DATA_20260720_mode_balanced_distance_bin_median,2026-07-14,low_official_fare_distance_proxy_no_itinerary,home_hk_collective_000558,resident_dining_osm_6159589631_27365,home,dining,67240.0,resident,fixed_worker,True,28363.14035597144,7.7,54.4,27.3,28.6,30.2,7.7,50.0,16863.1,,not_applied_no_serialized_itinerary_or_eligibility,,adult,Octopus,median_of_mode_specific_official_fare_distance_bin_medians
hk_collective_000558,3,pt,pt_base_fare_adult_octopus_distance_proxy,28.6,TD_GTFS_20260720+MTR_OPEN_DATA_20260720_mode_balanced_distance_bin_median,2026-07-14,low_official_fare_distance_proxy_no_itinerary,resident_dining_osm_6159589631_27365,home_hk_collective_000558,dining,home,73840.0,resident,fixed_worker,True,28363.14035597144,7.7,54.4,27.3,28.6,30.2,7.7,50.0,16863.1,,not_applied_no_serialized_itinerary_or_eligibility,,adult,Octopus,median_of_mode_specific_official_fare_distance_bin_medians
hk_collective_000559,0,pt,pt_base_fare_adult_octopus_distance_proxy,13.8,TD_GTFS_20260720+MTR_OPEN_DATA_20260720_mode_balanced_distance_bin_median,2026-07-14,low_official_fare_distance_proxy_no_itinerary,home_hk_collective_000559,work_poi_igeocom:551709,home,work,30987.0,resident,fixed_worker,False,9027.844047537814,7.4,28.1,12.5,13.8,13.8,7.4,20.0,472.2,,not_applied_no_serialized_itinerary_or_eligibility,,adult,Octopus,median_of_mode_specific_official_fare_distance_bin_medians
hk_collective_000559,1,pt,pt_base_fare_adult_octopus_distance_proxy,13.8,TD_GTFS_20260720+MTR_OPEN_DATA_20260720_mode_balanced_distance_bin_median,2026-07-14,low_official_fare_distance_proxy_no_itinerary,work_poi_igeocom:551709,home_hk_collective_000559,work,home,59943.0,resident,fixed_worker,False,9027.844047537814,7.4,28.1,12.5,13.8,13.8,7.4,20.0,472.2,,not_applied_no_serialized_itinerary_or_eligibility,,adult,Octopus,median_of_mode_specific_official_fare_distance_bin_medians
hk_collective_000559,2,pt,pt_base_fare_adult_octopus_distance_proxy,7.0,TD_GTFS_20260720+MTR_OPEN_DATA_20260720_mode_balanced_distance_bin_median,2026-07-14,low_official_fare_distance_proxy_no_itinerary,home_hk_collective_000559,resident_leisure_igeocom_548837,home,leisure,65488.0,resident,fixed_worker,True,1417.9534417723298,4.9,30.0,7.3,7.0,4.9,5.3,10.0,82.0,,not_applied_no_serialized_itinerary_or_eligibility,,adult,Octopus,median_of_mode_specific_official_fare_distance_bin_medians
hk_collective_000559,3,pt,pt_base_fare_adult_octopus_distance_proxy,7.0,TD_GTFS_20260720+MTR_OPEN_DATA_20260720_mode_balanced_distance_bin_median,2026-07-14,low_official_fare_distance_proxy_no_itinerary,resident_leisure_igeocom_548837,home_hk_collective_000559,leisure,home,76888.0,resident,fixed_worker,True,1417.9534417723298,4.9,30.0,7.3,7.0,4.9,5.3,10.0,82.0,,not_applied_no_serialized_itinerary_or_eligibility,,adult,Octopus,median_of_mode_specific_official_fare_distance_bin_medians
hk_collective_000560,0,pt,pt_base_fare_adult_octopus_distance_proxy,22.9,TD_GTFS_20260720+MTR_OPEN_DATA_20260720_mode_balanced_distance_bin_median,2026-07-14,low_official_fare_distance_proxy_no_itinerary,home_hk_collective_000560,work_poi_igeocom:21135024,home,work,29761.0,resident,fixed_worker,False,22509.2449012683,7.7,50.0,20.8,28.0,22.9,7.7,50.0,11009.2,,not_applied_no_serialized_itinerary_or_eligibility,,adult,Octopus,median_of_mode_specific_official_fare_distance_bin_medians
hk_collective_000560,1,pt,pt_base_fare_adult_octopus_distance_proxy,22.9,TD_GTFS_20260720+MTR_OPEN_DATA_20260720_mode_balanced_distance_bin_median,2026-07-14,low_official_fare_distance_proxy_no_itinerary,work_poi_igeocom:21135024,home_hk_collective_000560,work,home,70770.0,resident,fixed_worker,False,22509.2449012683,7.7,50.0,20.8,28.0,22.9,7.7,50.0,11009.2,,not_applied_no_serialized_itinerary_or_eligibility,,adult,Octopus,median_of_mode_specific_official_fare_distance_bin_medians
hk_collective_000561,0,pt,pt_base_fare_adult_octopus_distance_proxy,6.2,TD_GTFS_20260720+MTR_OPEN_DATA_20260720_mode_balanced_distance_bin_median,2026-07-14,low_official_fare_distance_proxy_no_itinerary,home_hk_collective_000561,work_mobile_poi_igeocom:21077976,home,work_mobile,33829.0,resident,work_mobile,False,648.348885672436,3.0,51.0,6.8,6.2,4.9,5.1,8.3,148.3,,not_applied_no_serialized_itinerary_or_eligibility,,adult,Octopus,median_of_mode_specific_official_fare_distance_bin_medians
hk_collective_000561,1,pt,pt_base_fare_adult_octopus_distance_proxy,6.2,TD_GTFS_20260720+MTR_OPEN_DATA_20260720_mode_balanced_distance_bin_median,2026-07-14,low_official_fare_distance_proxy_no_itinerary,work_mobile_poi_igeocom:21077976,home_hk_collective_000561,work_mobile,home,66121.0,resident,work_mobile,False,648.348885672436,3.0,51.0,6.8,6.2,4.9,5.1,8.3,148.3,,not_applied_no_serialized_itinerary_or_eligibility,,adult,Octopus,median_of_mode_specific_official_fare_distance_bin_medians
hk_collective_000563,0,pt,pt_base_fare_adult_octopus_distance_proxy,28.6,TD_GTFS_20260720+MTR_OPEN_DATA_20260720_mode_balanced_distance_bin_median,2026-07-14,low_official_fare_distance_proxy_no_itinerary,home_hk_collective_000563,work_poi_osm:missing:64229,home,work,31266.0,resident,fixed_worker,False,27118.152309445857,7.7,52.2,24.8,28.6,30.2,7.7,50.0,15618.2,,not_applied_no_serialized_itinerary_or_eligibility,,adult,Octopus,median_of_mode_specific_official_fare_distance_bin_medians
hk_collective_000563,1,pt,pt_base_fare_adult_octopus_distance_proxy,28.6,TD_GTFS_20260720+MTR_OPEN_DATA_20260720_mode_balanced_distance_bin_median,2026-07-14,low_official_fare_distance_proxy_no_itinerary,work_poi_osm:missing:64229,home_hk_collective_000563,work,home,67752.0,resident,fixed_worker,False,27118.152309445857,7.7,52.2,24.8,28.6,30.2,7.7,50.0,15618.2,,not_applied_no_serialized_itinerary_or_eligibility,,adult,Octopus,median_of_mode_specific_official_fare_distance_bin_medians
hk_collective_000564,0,pt,pt_base_fare_adult_octopus_distance_proxy,21.6,TD_GTFS_20260720+MTR_OPEN_DATA_20260720_mode_balanced_distance_bin_median,2026-07-14,low_official_fare_distance_proxy_no_itinerary,home_hk_collective_000564,work_poi_osm:13722662384:47840,home,work,33140.0,resident,fixed_worker,False,20056.07968189333,7.7,36.7,18.8,25.0,22.1,7.7,21.6,8556.1,,not_applied_no_serialized_itinerary_or_eligibility,,adult,Octopus,median_of_mode_specific_official_fare_distance_bin_medians
hk_collective_000564,1,pt,pt_base_fare_adult_octopus_distance_proxy,21.6,TD_GTFS_20260720+MTR_OPEN_DATA_20260720_mode_balanced_distance_bin_median,2026-07-14,low_official_fare_distance_proxy_no_itinerary,work_poi_osm:13722662384:47840,home_hk_collective_000564,work,home,61387.0,resident,fixed_worker,False,20056.07968189333,7.7,36.7,18.8,25.0,22.1,7.7,21.6,8556.1,,not_applied_no_serialized_itinerary_or_eligibility,,adult,Octopus,median_of_mode_specific_official_fare_distance_bin_medians
hk_collective_000565,2,pt,pt_base_fare_adult_octopus_distance_proxy,7.8,TD_GTFS_20260720+MTR_OPEN_DATA_20260720_mode_balanced_distance_bin_median,2026-07-14,low_official_fare_distance_proxy_no_itinerary,home_hk_collective_000565,resident_dining_osm_12791435557_45689,home,dining,68929.0,resident,fixed_worker,True,3590.6351244146267,5.3,52.0,7.8,8.8,7.4,5.4,20.0,90.6,,not_applied_no_serialized_itinerary_or_eligibility,,adult,Octopus,median_of_mode_specific_official_fare_distance_bin_medians
hk_collective_000565,3,pt,pt_base_fare_adult_octopus_distance_proxy,7.5,TD_GTFS_20260720+MTR_OPEN_DATA_20260720_mode_balanced_distance_bin_median,2026-07-14,low_official_fare_distance_proxy_no_itinerary,resident_dining_osm_12791435557_45689,resident_leisure_igeocom_535865,dining,leisure,75529.0,resident,fixed_worker,True,2418.1157865421255,4.9,45.0,7.5,8.0,5.9,5.4,20.0,81.9,,not_applied_no_serialized_itinerary_or_eligibility,,adult,Octopus,median_of_mode_specific_official_fare_distance_bin_medians
hk_collective_000565,4,pt,pt_base_fare_adult_octopus_distance_proxy,7.0,TD_GTFS_20260720+MTR_OPEN_DATA_20260720_mode_balanced_distance_bin_median,2026-07-14,low_official_fare_distance_proxy_no_itinerary,resident_leisure_igeocom_535865,home_hk_collective_000565,leisure,home,86929.0,resident,fixed_worker,True,1603.1816722966041,4.9,30.0,7.3,7.0,4.9,5.3,10.0,103.2,,not_applied_no_serialized_itinerary_or_eligibility,,adult,Octopus,median_of_mode_specific_official_fare_distance_bin_medians
hk_collective_000567,0,pt,pt_base_fare_adult_octopus_distance_proxy,7.5,TD_GTFS_20260720+MTR_OPEN_DATA_20260720_mode_balanced_distance_bin_median,2026-07-14,low_official_fare_distance_proxy_no_itinerary,home_hk_collective_000567,work_poi_igeocom:547659,home,work,24812.0,resident,fixed_worker,False,2200.535828311138,4.9,45.0,7.5,8.0,5.9,5.4,20.0,299.5,,not_applied_no_serialized_itinerary_or_eligibility,,adult,Octopus,median_of_mode_specific_official_fare_distance_bin_medians
hk_collective_000567,1,pt,pt_base_fare_adult_octopus_distance_proxy,7.5,TD_GTFS_20260720+MTR_OPEN_DATA_20260720_mode_balanced_distance_bin_median,2026-07-14,low_official_fare_distance_proxy_no_itinerary,work_poi_igeocom:547659,home_hk_collective_000567,work,home,52953.0,resident,fixed_worker,False,2200.535828311138,4.9,45.0,7.5,8.0,5.9,5.4,20.0,299.5,,not_applied_no_serialized_itinerary_or_eligibility,,adult,Octopus,median_of_mode_specific_official_fare_distance_bin_medians
hk_collective_000569,0,pt,pt_base_fare_adult_octopus_distance_proxy,24.8,TD_GTFS_20260720+MTR_OPEN_DATA_20260720_mode_balanced_distance_bin_median,2026-07-14,low_official_fare_distance_proxy_no_itinerary,home_hk_collective_000569,work_poi_igeocom:528921,home,work,28179.0,resident,fixed_worker,False,33703.48784043154,7.7,50.0,24.8,28.6,24.3,7.7,50.0,22203.5,,not_applied_no_serialized_itinerary_or_eligibility,,adult,Octopus,median_of_mode_specific_official_fare_distance_bin_medians
hk_collective_000569,1,pt,pt_base_fare_adult_octopus_distance_proxy,24.8,TD_GTFS_20260720+MTR_OPEN_DATA_20260720_mode_balanced_distance_bin_median,2026-07-14,low_official_fare_distance_proxy_no_itinerary,work_poi_igeocom:528921,home_hk_collective_000569,work,home,72592.0,resident,fixed_worker,False,33703.48784043154,7.7,50.0,24.8,28.6,24.3,7.7,50.0,22203.5,,not_applied_no_serialized_itinerary_or_eligibility,,adult,Octopus,median_of_mode_specific_official_fare_distance_bin_medians
hk_collective_000570,0,pt,pt_base_fare_adult_octopus_distance_proxy,17.2,TD_GTFS_20260720+MTR_OPEN_DATA_20260720_mode_balanced_distance_bin_median,2026-07-14,low_official_fare_distance_proxy_no_itinerary,home_hk_collective_000570,work_poi_osm:13432297720:47392,home,work,30957.0,resident,fixed_worker,False,16870.383578075936,7.7,80.0,17.2,15.7,19.7,7.7,45.0,5370.4,,not_applied_no_serialized_itinerary_or_eligibility,,adult,Octopus,median_of_mode_specific_official_fare_distance_bin_medians
hk_collective_000570,1,pt,pt_base_fare_adult_octopus_distance_proxy,17.2,TD_GTFS_20260720+MTR_OPEN_DATA_20260720_mode_balanced_distance_bin_median,2026-07-14,low_official_fare_distance_proxy_no_itinerary,work_poi_osm:13432297720:47392,home_hk_collective_000570,work,home,60182.0,resident,fixed_worker,False,16870.383578075936,7.7,80.0,17.2,15.7,19.7,7.7,45.0,5370.4,,not_applied_no_serialized_itinerary_or_eligibility,,adult,Octopus,median_of_mode_specific_official_fare_distance_bin_medians
hk_collective_000570,2,pt,pt_base_fare_adult_octopus_distance_proxy,15.9,TD_GTFS_20260720+MTR_OPEN_DATA_20260720_mode_balanced_distance_bin_median,2026-07-14,low_official_fare_distance_proxy_no_itinerary,home_hk_collective_000570,resident_personal_business_igeocom_533407,home,personal_business,64605.0,resident,fixed_worker,True,14404.359705466333,7.7,55.8,14.3,19.1,15.9,7.7,55.8,2904.4,,not_applied_no_serialized_itinerary_or_eligibility,,adult,Octopus,median_of_mode_specific_official_fare_distance_bin_medians
hk_collective_000570,3,pt,pt_base_fare_adult_octopus_distance_proxy,15.9,TD_GTFS_20260720+MTR_OPEN_DATA_20260720_mode_balanced_distance_bin_median,2026-07-14,low_official_fare_distance_proxy_no_itinerary,resident_personal_business_igeocom_533407,home_hk_collective_000570,personal_business,home,71505.0,resident,fixed_worker,True,14404.359705466333,7.7,55.8,14.3,19.1,15.9,7.7,55.8,2904.4,,not_applied_no_serialized_itinerary_or_eligibility,,adult,Octopus,median_of_mode_specific_official_fare_distance_bin_medians
hk_collective_000571,0,pt,pt_base_fare_adult_octopus_distance_proxy,23.8,TD_GTFS_20260720+MTR_OPEN_DATA_20260720_mode_balanced_distance_bin_median,2026-07-14,low_official_fare_distance_proxy_no_itinerary,home_hk_collective_000571,work_poi_osm:missing:68805,home,work,34615.0,resident,fixed_worker,False,23373.195207581917,7.7,50.0,23.8,28.5,22.5,7.7,50.0,11873.2,,not_applied_no_serialized_itinerary_or_eligibility,,adult,Octopus,median_of_mode_specific_official_fare_distance_bin_medians
hk_collective_000571,1,pt,pt_base_fare_adult_octopus_distance_proxy,23.8,TD_GTFS_20260720+MTR_OPEN_DATA_20260720_mode_balanced_distance_bin_median,2026-07-14,low_official_fare_distance_proxy_no_itinerary,work_poi_osm:missing:68805,home_hk_collective_000571,work,home,69754.0,resident,fixed_worker,False,23373.195207581917,7.7,50.0,23.8,28.5,22.5,7.7,50.0,11873.2,,not_applied_no_serialized_itinerary_or_eligibility,,adult,Octopus,median_of_mode_specific_official_fare_distance_bin_medians
hk_collective_000573,0,pt,pt_base_fare_adult_octopus_distance_proxy,28.6,TD_GTFS_20260720+MTR_OPEN_DATA_20260720_mode_balanced_distance_bin_median,2026-07-14,low_official_fare_distance_proxy_no_itinerary,home_hk_collective_000573,work_poi_igeocom:551015,home,work,29770.0,resident,fixed_worker,False,26958.15079275137,7.7,50.0,23.8,28.6,30.2,7.7,50.0,15458.2,,not_applied_no_serialized_itinerary_or_eligibility,,adult,Octopus,median_of_mode_specific_official_fare_distance_bin_medians
hk_collective_000573,1,pt,pt_base_fare_adult_octopus_distance_proxy,28.6,TD_GTFS_20260720+MTR_OPEN_DATA_20260720_mode_balanced_distance_bin_median,2026-07-14,low_official_fare_distance_proxy_no_itinerary,work_poi_igeocom:551015,home_hk_collective_000573,work,home,69918.0,resident,fixed_worker,False,26958.15079275137,7.7,50.0,23.8,28.6,30.2,7.7,50.0,15458.2,,not_applied_no_serialized_itinerary_or_eligibility,,adult,Octopus,median_of_mode_specific_official_fare_distance_bin_medians
hk_collective_000574,0,pt,pt_base_fare_adult_octopus_distance_proxy,23.8,TD_GTFS_20260720+MTR_OPEN_DATA_20260720_mode_balanced_distance_bin_median,2026-07-14,low_official_fare_distance_proxy_no_itinerary,home_hk_collective_000574,work_poi_osm:4850515477:20614,home,work,25859.0,resident,fixed_worker,False,23830.90085082533,7.7,50.0,23.8,28.5,22.5,7.7,50.0,12330.9,,not_applied_no_serialized_itinerary_or_eligibility,,adult,Octopus,median_of_mode_specific_official_fare_distance_bin_medians
hk_collective_000574,1,pt,pt_base_fare_adult_octopus_distance_proxy,23.8,TD_GTFS_20260720+MTR_OPEN_DATA_20260720_mode_balanced_distance_bin_median,2026-07-14,low_official_fare_distance_proxy_no_itinerary,work_poi_osm:4850515477:20614,home_hk_collective_000574,work,home,64727.0,resident,fixed_worker,False,23830.90085082533,7.7,50.0,23.8,28.5,22.5,7.7,50.0,12330.9,,not_applied_no_serialized_itinerary_or_eligibility,,adult,Octopus,median_of_mode_specific_official_fare_distance_bin_medians
hk_collective_000575,0,pt,pt_base_fare_adult_octopus_distance_proxy,7.5,TD_GTFS_20260720+MTR_OPEN_DATA_20260720_mode_balanced_distance_bin_median,2026-07-14,low_official_fare_distance_proxy_no_itinerary,home_hk_collective_000575,work_mobile_poi_osm:7666662678:31826,home,work_mobile,29997.0,resident,work_mobile,False,2310.6078415663756,4.9,45.0,7.5,8.0,5.9,5.4,20.0,189.4,,not_applied_no_serialized_itinerary_or_eligibility,,adult,Octopus,median_of_mode_specific_official_fare_distance_bin_medians
hk_collective_000575,1,pt,pt_base_fare_adult_octopus_distance_proxy,7.5,TD_GTFS_20260720+MTR_OPEN_DATA_20260720_mode_balanced_distance_bin_median,2026-07-14,low_official_fare_distance_proxy_no_itinerary,work_mobile_poi_osm:7666662678:31826,home_hk_collective_000575,work_mobile,home,63267.0,resident,work_mobile,False,2310.6078415663756,4.9,45.0,7.5,8.0,5.9,5.4,20.0,189.4,,not_applied_no_serialized_itinerary_or_eligibility,,adult,Octopus,median_of_mode_specific_official_fare_distance_bin_medians
hk_collective_000576,0,pt,pt_base_fare_adult_octopus_distance_proxy,18.5,TD_GTFS_20260720+MTR_OPEN_DATA_20260720_mode_balanced_distance_bin_median,2026-07-14,low_official_fare_distance_proxy_no_itinerary,home_hk_collective_000576,work_poi_igeocom:559029,home,work,28127.0,resident,fixed_worker,False,17272.488364643028,7.7,33.0,18.5,15.7,21.0,7.7,21.6,5772.5,,not_applied_no_serialized_itinerary_or_eligibility,,adult,Octopus,median_of_mode_specific_official_fare_distance_bin_medians
hk_collective_000576,1,pt,pt_base_fare_adult_octopus_distance_proxy,18.5,TD_GTFS_20260720+MTR_OPEN_DATA_20260720_mode_balanced_distance_bin_median,2026-07-14,low_official_fare_distance_proxy_no_itinerary,work_poi_igeocom:559029,home_hk_collective_000576,work,home,54659.0,resident,fixed_worker,False,17272.488364643028,7.7,33.0,18.5,15.7,21.0,7.7,21.6,5772.5,,not_applied_no_serialized_itinerary_or_eligibility,,adult,Octopus,median_of_mode_specific_official_fare_distance_bin_medians
hk_collective_000577,0,pt,pt_base_fare_adult_octopus_distance_proxy,15.9,TD_GTFS_20260720+MTR_OPEN_DATA_20260720_mode_balanced_distance_bin_median,2026-07-14,low_official_fare_distance_proxy_no_itinerary,home_hk_collective_000577,work_poi_igeocom:549737,home,work,31815.0,resident,fixed_worker,False,14770.570483491254,7.7,55.8,14.3,19.1,15.9,7.7,55.8,3270.6,,not_applied_no_serialized_itinerary_or_eligibility,,adult,Octopus,median_of_mode_specific_official_fare_distance_bin_medians
hk_collective_000577,1,pt,pt_base_fare_adult_octopus_distance_proxy,15.9,TD_GTFS_20260720+MTR_OPEN_DATA_20260720_mode_balanced_distance_bin_median,2026-07-14,low_official_fare_distance_proxy_no_itinerary,work_poi_igeocom:549737,home_hk_collective_000577,work,home,64222.0,resident,fixed_worker,False,14770.570483491254,7.7,55.8,14.3,19.1,15.9,7.7,55.8,3270.6,,not_applied_no_serialized_itinerary_or_eligibility,,adult,Octopus,median_of_mode_specific_official_fare_distance_bin_medians
hk_collective_000577,2,pt,pt_base_fare_adult_octopus_distance_proxy,28.6,TD_GTFS_20260720+MTR_OPEN_DATA_20260720_mode_balanced_distance_bin_median,2026-07-14,low_official_fare_distance_proxy_no_itinerary,home_hk_collective_000577,resident_shopping_osm_12464268720_44812,home,shopping,68892.0,resident,fixed_worker,True,27204.72105445851,7.7,52.2,24.8,28.6,30.2,7.7,50.0,15704.7,,not_applied_no_serialized_itinerary_or_eligibility,,adult,Octopus,median_of_mode_specific_official_fare_distance_bin_medians
hk_collective_000577,3,pt,pt_base_fare_adult_octopus_distance_proxy,11.1,TD_GTFS_20260720+MTR_OPEN_DATA_20260720_mode_balanced_distance_bin_median,2026-07-14,low_official_fare_distance_proxy_no_itinerary,resident_shopping_osm_12464268720_44812,resident_personal_business_osm_4847919143_19819,shopping,personal_business,75792.0,resident,fixed_worker,True,6214.979588018152,5.4,50.0,11.0,11.7,11.1,5.4,20.0,285.0,,not_applied_no_serialized_itinerary_or_eligibility,,adult,Octopus,median_of_mode_specific_official_fare_distance_bin_medians
hk_collective_000577,4,pt,pt_base_fare_adult_octopus_distance_proxy,23.8,TD_GTFS_20260720+MTR_OPEN_DATA_20260720_mode_balanced_distance_bin_median,2026-07-14,low_official_fare_distance_proxy_no_itinerary,resident_personal_business_osm_4847919143_19819,home_hk_collective_000577,personal_business,home,82692.0,resident,fixed_worker,True,23666.72324789642,7.7,50.0,23.8,28.5,22.5,7.7,50.0,12166.7,,not_applied_no_serialized_itinerary_or_eligibility,,adult,Octopus,median_of_mode_specific_official_fare_distance_bin_medians
hk_collective_000578,0,pt,pt_base_fare_adult_octopus_distance_proxy,11.1,TD_GTFS_20260720+MTR_OPEN_DATA_20260720_mode_balanced_distance_bin_median,2026-07-14,low_official_fare_distance_proxy_no_itinerary,home_hk_collective_000578,work_poi_igeocom:549106,home,work,20142.0,resident,fixed_worker,False,6281.506162264849,5.4,50.0,11.0,11.7,11.1,5.4,20.0,218.5,,not_applied_no_serialized_itinerary_or_eligibility,,adult,Octopus,median_of_mode_specific_official_fare_distance_bin_medians
hk_collective_000578,1,pt,pt_base_fare_adult_octopus_distance_proxy,11.1,TD_GTFS_20260720+MTR_OPEN_DATA_20260720_mode_balanced_distance_bin_median,2026-07-14,low_official_fare_distance_proxy_no_itinerary,work_poi_igeocom:549106,home_hk_collective_000578,work,home,52649.0,resident,fixed_worker,False,6281.506162264849,5.4,50.0,11.0,11.7,11.1,5.4,20.0,218.5,,not_applied_no_serialized_itinerary_or_eligibility,,adult,Octopus,median_of_mode_specific_official_fare_distance_bin_medians
hk_collective_000578,2,pt,pt_base_fare_adult_octopus_distance_proxy,7.8,TD_GTFS_20260720+MTR_OPEN_DATA_20260720_mode_balanced_distance_bin_median,2026-07-14,low_official_fare_distance_proxy_no_itinerary,home_hk_collective_000578,resident_shopping_osm_missing_60393,home,shopping,63866.0,resident,fixed_worker,True,3537.170382261197,5.3,52.0,7.8,8.8,7.4,5.4,20.0,37.2,,not_applied_no_serialized_itinerary_or_eligibility,,adult,Octopus,median_of_mode_specific_official_fare_distance_bin_medians
hk_collective_000578,3,pt,pt_base_fare_adult_octopus_distance_proxy,6.2,TD_GTFS_20260720+MTR_OPEN_DATA_20260720_mode_balanced_distance_bin_median,2026-07-14,low_official_fare_distance_proxy_no_itinerary,resident_shopping_osm_missing_60393,resident_dining_osm_5037090149_24293,shopping,dining,70766.0,resident,fixed_worker,True,411.9736281001921,3.0,51.0,6.8,6.2,4.9,5.1,8.3,88.0,,not_applied_no_serialized_itinerary_or_eligibility,,adult,Octopus,median_of_mode_specific_official_fare_distance_bin_medians
hk_collective_000578,4,pt,pt_base_fare_adult_octopus_distance_proxy,7.8,TD_GTFS_20260720+MTR_OPEN_DATA_20260720_mode_balanced_distance_bin_median,2026-07-14,low_official_fare_distance_proxy_no_itinerary,resident_dining_osm_5037090149_24293,home_hk_collective_000578,dining,home,77366.0,resident,fixed_worker,True,3385.2803021353525,5.3,52.0,7.8,8.8,7.4,5.4,20.0,114.7,,not_applied_no_serialized_itinerary_or_eligibility,,adult,Octopus,median_of_mode_specific_official_fare_distance_bin_medians
hk_collective_000579,0,pt,pt_base_fare_adult_octopus_distance_proxy,24.5,TD_GTFS_20260720+MTR_OPEN_DATA_20260720_mode_balanced_distance_bin_median,2026-07-14,low_official_fare_distance_proxy_no_itinerary,home_hk_collective_000579,resident_dining_osm_9409054818_34438,home,dining,43840.0,resident,home_only,True,24885.650444549312,7.7,50.0,23.8,28.6,24.5,7.7,50.0,13385.7,,not_applied_no_serialized_itinerary_or_eligibility,,adult,Octopus,median_of_mode_specific_official_fare_distance_bin_medians
hk_collective_000579,1,pt,pt_base_fare_adult_octopus_distance_proxy,9.2,TD_GTFS_20260720+MTR_OPEN_DATA_20260720_mode_balanced_distance_bin_median,2026-07-14,low_official_fare_distance_proxy_no_itinerary,resident_dining_osm_9409054818_34438,resident_shopping_igeocom_539534,dining,shopping,50440.0,resident,home_only,True,4275.961343186778,5.4,20.0,8.4,9.5,9.2,5.4,16.3,224.0,,not_applied_no_serialized_itinerary_or_eligibility,,adult,Octopus,median_of_mode_specific_official_fare_distance_bin_medians
hk_collective_000579,2,pt,pt_base_fare_adult_octopus_distance_proxy,21.6,TD_GTFS_20260720+MTR_OPEN_DATA_20260720_mode_balanced_distance_bin_median,2026-07-14,low_official_fare_distance_proxy_no_itinerary,resident_shopping_igeocom_539534,home_hk_collective_000579,shopping,home,57340.0,resident,home_only,True,20942.9574407425,7.7,36.7,18.8,25.0,22.1,7.7,21.6,9443.0,,not_applied_no_serialized_itinerary_or_eligibility,,adult,Octopus,median_of_mode_specific_official_fare_distance_bin_medians
hk_collective_000582,0,pt,pt_base_fare_adult_octopus_distance_proxy,7.0,TD_GTFS_20260720+MTR_OPEN_DATA_20260720_mode_balanced_distance_bin_median,2026-07-14,low_official_fare_distance_proxy_no_itinerary,home_hk_collective_000582,resident_shopping_igeocom_21127604,home,shopping,44898.0,resident,home_only,True,1386.200528917206,4.9,30.0,7.3,7.0,4.9,5.3,10.0,113.8,,not_applied_no_serialized_itinerary_or_eligibility,,adult,Octopus,median_of_mode_specific_official_fare_distance_bin_medians
hk_collective_000582,1,pt,pt_base_fare_adult_octopus_distance_proxy,7.0,TD_GTFS_20260720+MTR_OPEN_DATA_20260720_mode_balanced_distance_bin_median,2026-07-14,low_official_fare_distance_proxy_no_itinerary,resident_shopping_igeocom_21127604,home_hk_collective_000582,shopping,home,51798.0,resident,home_only,True,1386.200528917206,4.9,30.0,7.3,7.0,4.9,5.3,10.0,113.8,,not_applied_no_serialized_itinerary_or_eligibility,,adult,Octopus,median_of_mode_specific_official_fare_distance_bin_medians
hk_collective_000583,0,pt,pt_base_fare_adult_octopus_distance_proxy,23.8,TD_GTFS_20260720+MTR_OPEN_DATA_20260720_mode_balanced_distance_bin_median,2026-07-14,low_official_fare_distance_proxy_no_itinerary,home_hk_collective_000583,resident_shopping_igeocom_529949,home,shopping,50094.0,resident,home_only,True,23453.649461275294,7.7,50.0,23.8,28.5,22.5,7.7,50.0,11953.6,,not_applied_no_serialized_itinerary_or_eligibility,,adult,Octopus,median_of_mode_specific_official_fare_distance_bin_medians
hk_collective_000583,1,pt,pt_base_fare_adult_octopus_distance_proxy,23.8,TD_GTFS_20260720+MTR_OPEN_DATA_20260720_mode_balanced_distance_bin_median,2026-07-14,low_official_fare_distance_proxy_no_itinerary,resident_shopping_igeocom_529949,home_hk_collective_000583,shopping,home,56994.0,resident,home_only,True,23453.649461275294,7.7,50.0,23.8,28.5,22.5,7.7,50.0,11953.6,,not_applied_no_serialized_itinerary_or_eligibility,,adult,Octopus,median_of_mode_specific_official_fare_distance_bin_medians
hk_collective_000584,0,pt,pt_base_fare_adult_octopus_distance_proxy,17.2,TD_GTFS_20260720+MTR_OPEN_DATA_20260720_mode_balanced_distance_bin_median,2026-07-14,low_official_fare_distance_proxy_no_itinerary,home_hk_collective_000584,work_poi_igeocom:21247813,home,work,28920.0,resident,fixed_worker,False,16664.817087742762,7.7,80.0,17.2,15.7,19.7,7.7,45.0,5164.8,,not_applied_no_serialized_itinerary_or_eligibility,,adult,Octopus,median_of_mode_specific_official_fare_distance_bin_medians
hk_collective_000584,1,pt,pt_base_fare_adult_octopus_distance_proxy,17.2,TD_GTFS_20260720+MTR_OPEN_DATA_20260720_mode_balanced_distance_bin_median,2026-07-14,low_official_fare_distance_proxy_no_itinerary,work_poi_igeocom:21247813,home_hk_collective_000584,work,home,57483.0,resident,fixed_worker,False,16664.817087742762,7.7,80.0,17.2,15.7,19.7,7.7,45.0,5164.8,,not_applied_no_serialized_itinerary_or_eligibility,,adult,Octopus,median_of_mode_specific_official_fare_distance_bin_medians
hk_collective_000586,0,pt,pt_base_fare_adult_octopus_distance_proxy,28.1,TD_GTFS_20260720+MTR_OPEN_DATA_20260720_mode_balanced_distance_bin_median,2026-07-14,low_official_fare_distance_proxy_no_itinerary,home_hk_collective_000586,work_poi_osm:8417172779:33208,home,work,29566.0,resident,fixed_worker,False,30847.653522063927,7.7,54.0,27.9,28.6,28.1,7.7,50.0,19347.7,,not_applied_no_serialized_itinerary_or_eligibility,,adult,Octopus,median_of_mode_specific_official_fare_distance_bin_medians
hk_collective_000586,1,pt,pt_base_fare_adult_octopus_distance_proxy,28.1,TD_GTFS_20260720+MTR_OPEN_DATA_20260720_mode_balanced_distance_bin_median,2026-07-14,low_official_fare_distance_proxy_no_itinerary,work_poi_osm:8417172779:33208,home_hk_collective_000586,work,home,60322.0,resident,fixed_worker,False,30847.653522063927,7.7,54.0,27.9,28.6,28.1,7.7,50.0,19347.7,,not_applied_no_serialized_itinerary_or_eligibility,,adult,Octopus,median_of_mode_specific_official_fare_distance_bin_medians
hk_collective_000588,0,pt,pt_base_fare_adult_octopus_distance_proxy,15.8,TD_GTFS_20260720+MTR_OPEN_DATA_20260720_mode_balanced_distance_bin_median,2026-07-14,low_official_fare_distance_proxy_no_itinerary,home_hk_collective_000588,border_1,home,border,26240.0,resident,usual_resident_border,False,13284.828982651705,7.7,59.0,13.1,18.7,15.8,7.7,30.0,1784.8,,not_applied_no_serialized_itinerary_or_eligibility,,adult,Octopus,median_of_mode_specific_official_fare_distance_bin_medians
hk_collective_000588,1,pt,pt_base_fare_adult_octopus_distance_proxy,15.8,TD_GTFS_20260720+MTR_OPEN_DATA_20260720_mode_balanced_distance_bin_median,2026-07-14,low_official_fare_distance_proxy_no_itinerary,border_1,home_hk_collective_000588,border,home,67826.0,resident,usual_resident_border,False,13284.828982651705,7.7,59.0,13.1,18.7,15.8,7.7,30.0,1784.8,,not_applied_no_serialized_itinerary_or_eligibility,,adult,Octopus,median_of_mode_specific_official_fare_distance_bin_medians
hk_collective_000589,0,pt,pt_base_fare_adult_octopus_distance_proxy,28.6,TD_GTFS_20260720+MTR_OPEN_DATA_20260720_mode_balanced_distance_bin_median,2026-07-14,low_official_fare_distance_proxy_no_itinerary,home_hk_collective_000589,work_poi_igeocom:563354,home,work,22780.0,resident,fixed_worker,False,29126.26424959127,7.7,54.4,27.6,28.6,30.2,7.7,50.0,17626.3,,not_applied_no_serialized_itinerary_or_eligibility,,adult,Octopus,median_of_mode_specific_official_fare_distance_bin_medians
hk_collective_000589,1,pt,pt_base_fare_adult_octopus_distance_proxy,28.6,TD_GTFS_20260720+MTR_OPEN_DATA_20260720_mode_balanced_distance_bin_median,2026-07-14,low_official_fare_distance_proxy_no_itinerary,work_poi_igeocom:563354,home_hk_collective_000589,work,home,53054.0,resident,fixed_worker,False,29126.26424959127,7.7,54.4,27.6,28.6,30.2,7.7,50.0,17626.3,,not_applied_no_serialized_itinerary_or_eligibility,,adult,Octopus,median_of_mode_specific_official_fare_distance_bin_medians
hk_collective_000591,0,pt,pt_base_fare_adult_octopus_distance_proxy,18.4,TD_GTFS_20260720+MTR_OPEN_DATA_20260720_mode_balanced_distance_bin_median,2026-07-14,low_official_fare_distance_proxy_no_itinerary,home_hk_collective_000591,resident_shopping_igeocom_558852,home,shopping,40360.0,resident,home_only,True,15552.885589396194,7.7,27.3,16.9,19.1,18.4,7.7,20.0,4052.9,,not_applied_no_serialized_itinerary_or_eligibility,,adult,Octopus,median_of_mode_specific_official_fare_distance_bin_medians
hk_collective_000591,1,pt,pt_base_fare_adult_octopus_distance_proxy,18.4,TD_GTFS_20260720+MTR_OPEN_DATA_20260720_mode_balanced_distance_bin_median,2026-07-14,low_official_fare_distance_proxy_no_itinerary,resident_shopping_igeocom_558852,home_hk_collective_000591,shopping,home,47260.0,resident,home_only,True,15552.885589396194,7.7,27.3,16.9,19.1,18.4,7.7,20.0,4052.9,,not_applied_no_serialized_itinerary_or_eligibility,,adult,Octopus,median_of_mode_specific_official_fare_distance_bin_medians
hk_collective_000592,0,pt,pt_base_fare_adult_octopus_distance_proxy,22.9,TD_GTFS_20260720+MTR_OPEN_DATA_20260720_mode_balanced_distance_bin_median,2026-07-14,low_official_fare_distance_proxy_no_itinerary,home_hk_collective_000592,work_grid_1098,home,work,30138.0,resident,fixed_worker,False,22395.9703065652,7.7,50.0,20.8,28.0,22.9,7.7,50.0,10896.0,,not_applied_no_serialized_itinerary_or_eligibility,,adult,Octopus,median_of_mode_specific_official_fare_distance_bin_medians
hk_collective_000592,1,pt,pt_base_fare_adult_octopus_distance_proxy,22.9,TD_GTFS_20260720+MTR_OPEN_DATA_20260720_mode_balanced_distance_bin_median,2026-07-14,low_official_fare_distance_proxy_no_itinerary,work_grid_1098,home_hk_collective_000592,work,home,58664.0,resident,fixed_worker,False,22395.9703065652,7.7,50.0,20.8,28.0,22.9,7.7,50.0,10896.0,,not_applied_no_serialized_itinerary_or_eligibility,,adult,Octopus,median_of_mode_specific_official_fare_distance_bin_medians
hk_collective_000593,0,pt,pt_base_fare_adult_octopus_distance_proxy,12.1,TD_GTFS_20260720+MTR_OPEN_DATA_20260720_mode_balanced_distance_bin_median,2026-07-14,low_official_fare_distance_proxy_no_itinerary,home_hk_collective_000593,border_2,home,border,25283.0,resident,usual_resident_border,False,8543.018462938402,6.5,65.0,12.1,13.8,11.1,6.5,20.0,43.0,,not_applied_no_serialized_itinerary_or_eligibility,,adult,Octopus,median_of_mode_specific_official_fare_distance_bin_medians
hk_collective_000593,1,pt,pt_base_fare_adult_octopus_distance_proxy,12.1,TD_GTFS_20260720+MTR_OPEN_DATA_20260720_mode_balanced_distance_bin_median,2026-07-14,low_official_fare_distance_proxy_no_itinerary,border_2,home_hk_collective_000593,border,home,79061.0,resident,usual_resident_border,False,8543.018462938402,6.5,65.0,12.1,13.8,11.1,6.5,20.0,43.0,,not_applied_no_serialized_itinerary_or_eligibility,,adult,Octopus,median_of_mode_specific_official_fare_distance_bin_medians
hk_collective_000594,0,pt,pt_base_fare_adult_octopus_distance_proxy,21.6,TD_GTFS_20260720+MTR_OPEN_DATA_20260720_mode_balanced_distance_bin_median,2026-07-14,low_official_fare_distance_proxy_no_itinerary,home_hk_collective_000594,work_poi_igeocom:21203365,home,work,22820.0,resident,fixed_worker,False,20894.140555392976,7.7,36.7,18.8,25.0,22.1,7.7,21.6,9394.1,,not_applied_no_serialized_itinerary_or_eligibility,,adult,Octopus,median_of_mode_specific_official_fare_distance_bin_medians
hk_collective_000594,1,pt,pt_base_fare_adult_octopus_distance_proxy,21.6,TD_GTFS_20260720+MTR_OPEN_DATA_20260720_mode_balanced_distance_bin_median,2026-07-14,low_official_fare_distance_proxy_no_itinerary,work_poi_igeocom:21203365,home_hk_collective_000594,work,home,53182.0,resident,fixed_worker,False,20894.140555392976,7.7,36.7,18.8,25.0,22.1,7.7,21.6,9394.1,,not_applied_no_serialized_itinerary_or_eligibility,,adult,Octopus,median_of_mode_specific_official_fare_distance_bin_medians
hk_collective_000595,0,pt,pt_base_fare_adult_octopus_distance_proxy,24.8,TD_GTFS_20260720+MTR_OPEN_DATA_20260720_mode_balanced_distance_bin_median,2026-07-14,low_official_fare_distance_proxy_no_itinerary,home_hk_collective_000595,work_poi_igeocom:540498,home,work,28826.0,resident,fixed_worker,False,33943.52517766966,7.7,50.0,24.8,28.6,24.3,7.7,50.0,22443.5,,not_applied_no_serialized_itinerary_or_eligibility,,adult,Octopus,median_of_mode_specific_official_fare_distance_bin_medians
hk_collective_000595,1,pt,pt_base_fare_adult_octopus_distance_proxy,24.8,TD_GTFS_20260720+MTR_OPEN_DATA_20260720_mode_balanced_distance_bin_median,2026-07-14,low_official_fare_distance_proxy_no_itinerary,work_poi_igeocom:540498,home_hk_collective_000595,work,home,62563.0,resident,fixed_worker,False,33943.52517766966,7.7,50.0,24.8,28.6,24.3,7.7,50.0,22443.5,,not_applied_no_serialized_itinerary_or_eligibility,,adult,Octopus,median_of_mode_specific_official_fare_distance_bin_medians
hk_collective_000596,0,pt,pt_base_fare_adult_octopus_distance_proxy,18.5,TD_GTFS_20260720+MTR_OPEN_DATA_20260720_mode_balanced_distance_bin_median,2026-07-14,low_official_fare_distance_proxy_no_itinerary,home_hk_collective_000596,work_poi_osm:10687418320:37834,home,work,28723.0,resident,fixed_worker,False,17040.250028360602,7.7,33.0,18.5,15.7,21.0,7.7,21.6,5540.3,,not_applied_no_serialized_itinerary_or_eligibility,,adult,Octopus,median_of_mode_specific_official_fare_distance_bin_medians
hk_collective_000596,1,pt,pt_base_fare_adult_octopus_distance_proxy,18.5,TD_GTFS_20260720+MTR_OPEN_DATA_20260720_mode_balanced_distance_bin_median,2026-07-14,low_official_fare_distance_proxy_no_itinerary,work_poi_osm:10687418320:37834,home_hk_collective_000596,work,home,59848.0,resident,fixed_worker,False,17040.250028360602,7.7,33.0,18.5,15.7,21.0,7.7,21.6,5540.3,,not_applied_no_serialized_itinerary_or_eligibility,,adult,Octopus,median_of_mode_specific_official_fare_distance_bin_medians
hk_collective_000597,0,pt,pt_base_fare_adult_octopus_distance_proxy,21.6,TD_GTFS_20260720+MTR_OPEN_DATA_20260720_mode_balanced_distance_bin_median,2026-07-14,low_official_fare_distance_proxy_no_itinerary,home_hk_collective_000597,work_poi_igeocom:21247117,home,work,30318.0,resident,fixed_worker,False,20124.08287100235,7.7,36.7,18.8,25.0,22.1,7.7,21.6,8624.1,,not_applied_no_serialized_itinerary_or_eligibility,,adult,Octopus,median_of_mode_specific_official_fare_distance_bin_medians
hk_collective_000597,1,pt,pt_base_fare_adult_octopus_distance_proxy,21.6,TD_GTFS_20260720+MTR_OPEN_DATA_20260720_mode_balanced_distance_bin_median,2026-07-14,low_official_fare_distance_proxy_no_itinerary,work_poi_igeocom:21247117,home_hk_collective_000597,work,home,76586.0,resident,fixed_worker,False,20124.08287100235,7.7,36.7,18.8,25.0,22.1,7.7,21.6,8624.1,,not_applied_no_serialized_itinerary_or_eligibility,,adult,Octopus,median_of_mode_specific_official_fare_distance_bin_medians
hk_collective_000598,0,pt,pt_base_fare_adult_octopus_distance_proxy,24.5,TD_GTFS_20260720+MTR_OPEN_DATA_20260720_mode_balanced_distance_bin_median,2026-07-14,low_official_fare_distance_proxy_no_itinerary,home_hk_collective_000598,work_poi_osm:4864502681:23178,home,work,29359.0,resident,fixed_worker,False,24877.5209402059,7.7,50.0,23.8,28.6,24.5,7.7,50.0,13377.5,,not_applied_no_serialized_itinerary_or_eligibility,,adult,Octopus,median_of_mode_specific_official_fare_distance_bin_medians
hk_collective_000598,1,pt,pt_base_fare_adult_octopus_distance_proxy,24.5,TD_GTFS_20260720+MTR_OPEN_DATA_20260720_mode_balanced_distance_bin_median,2026-07-14,low_official_fare_distance_proxy_no_itinerary,work_poi_osm:4864502681:23178,home_hk_collective_000598,work,home,58667.0,resident,fixed_worker,False,24877.5209402059,7.7,50.0,23.8,28.6,24.5,7.7,50.0,13377.5,,not_applied_no_serialized_itinerary_or_eligibility,,adult,Octopus,median_of_mode_specific_official_fare_distance_bin_medians
hk_collective_000600,0,pt,pt_base_fare_adult_octopus_distance_proxy,17.2,TD_GTFS_20260720+MTR_OPEN_DATA_20260720_mode_balanced_distance_bin_median,2026-07-14,low_official_fare_distance_proxy_no_itinerary,home_hk_collective_000600,resident_medical_osm_missing_56509,home,medical,32169.0,resident,home_only,True,16644.792907103245,7.7,80.0,17.2,15.7,19.7,7.7,45.0,5144.8,,not_applied_no_serialized_itinerary_or_eligibility,,adult,Octopus,median_of_mode_specific_official_fare_distance_bin_medians
hk_collective_000600,1,pt,pt_base_fare_adult_octopus_distance_proxy,17.2,TD_GTFS_20260720+MTR_OPEN_DATA_20260720_mode_balanced_distance_bin_median,2026-07-14,low_official_fare_distance_proxy_no_itinerary,resident_medical_osm_missing_56509,home_hk_collective_000600,medical,home,39969.0,resident,home_only,True,16644.792907103245,7.7,80.0,17.2,15.7,19.7,7.7,45.0,5144.8,,not_applied_no_serialized_itinerary_or_eligibility,,adult,Octopus,median_of_mode_specific_official_fare_distance_bin_medians
hk_collective_000601,0,pt,pt_base_fare_adult_octopus_distance_proxy,23.8,TD_GTFS_20260720+MTR_OPEN_DATA_20260720_mode_balanced_distance_bin_median,2026-07-14,low_official_fare_distance_proxy_no_itinerary,home_hk_collective_000601,work_poi_osm:missing:69191,home,work,26711.0,resident,fixed_worker,False,23986.925122190554,7.7,50.0,23.8,28.5,22.5,7.7,50.0,12486.9,,not_applied_no_serialized_itinerary_or_eligibility,,adult,Octopus,median_of_mode_specific_official_fare_distance_bin_medians
hk_collective_000601,1,pt,pt_base_fare_adult_octopus_distance_proxy,23.8,TD_GTFS_20260720+MTR_OPEN_DATA_20260720_mode_balanced_distance_bin_median,2026-07-14,low_official_fare_distance_proxy_no_itinerary,work_poi_osm:missing:69191,home_hk_collective_000601,work,home,62787.0,resident,fixed_worker,False,23986.925122190554,7.7,50.0,23.8,28.5,22.5,7.7,50.0,12486.9,,not_applied_no_serialized_itinerary_or_eligibility,,adult,Octopus,median_of_mode_specific_official_fare_distance_bin_medians
hk_collective_000603,0,pt,pt_base_fare_adult_octopus_distance_proxy,23.8,TD_GTFS_20260720+MTR_OPEN_DATA_20260720_mode_balanced_distance_bin_median,2026-07-14,low_official_fare_distance_proxy_no_itinerary,home_hk_collective_000603,resident_shopping_osm_4864524175_23196,home,shopping,45701.0,resident,home_only,True,23663.8269045944,7.7,50.0,23.8,28.5,22.5,7.7,50.0,12163.8,,not_applied_no_serialized_itinerary_or_eligibility,,adult,Octopus,median_of_mode_specific_official_fare_distance_bin_medians
hk_collective_000603,1,pt,pt_base_fare_adult_octopus_distance_proxy,23.8,TD_GTFS_20260720+MTR_OPEN_DATA_20260720_mode_balanced_distance_bin_median,2026-07-14,low_official_fare_distance_proxy_no_itinerary,resident_shopping_osm_4864524175_23196,home_hk_collective_000603,shopping,home,52601.0,resident,home_only,True,23663.8269045944,7.7,50.0,23.8,28.5,22.5,7.7,50.0,12163.8,,not_applied_no_serialized_itinerary_or_eligibility,,adult,Octopus,median_of_mode_specific_official_fare_distance_bin_medians
hk_collective_000606,0,pt,pt_base_fare_adult_octopus_distance_proxy,18.5,TD_GTFS_20260720+MTR_OPEN_DATA_20260720_mode_balanced_distance_bin_median,2026-07-14,low_official_fare_distance_proxy_no_itinerary,home_hk_collective_000606,work_mobile_poi_osm:3212348221:11638,home,work_mobile,25502.0,resident,work_mobile,False,17492.177778618967,7.7,33.0,18.5,15.7,21.0,7.7,21.6,5992.2,,not_applied_no_serialized_itinerary_or_eligibility,,adult,Octopus,median_of_mode_specific_official_fare_distance_bin_medians
hk_collective_000606,1,pt,pt_base_fare_adult_octopus_distance_proxy,18.5,TD_GTFS_20260720+MTR_OPEN_DATA_20260720_mode_balanced_distance_bin_median,2026-07-14,low_official_fare_distance_proxy_no_itinerary,work_mobile_poi_osm:3212348221:11638,home_hk_collective_000606,work_mobile,home,50841.0,resident,work_mobile,False,17492.177778618967,7.7,33.0,18.5,15.7,21.0,7.7,21.6,5992.2,,not_applied_no_serialized_itinerary_or_eligibility,,adult,Octopus,median_of_mode_specific_official_fare_distance_bin_medians
hk_collective_000607,0,pt,pt_base_fare_adult_octopus_distance_proxy,7.5,TD_GTFS_20260720+MTR_OPEN_DATA_20260720_mode_balanced_distance_bin_median,2026-07-14,low_official_fare_distance_proxy_no_itinerary,home_hk_collective_000607,work_poi_igeocom:531147,home,work,32551.0,resident,fixed_worker,False,2142.222313543274,4.9,45.0,7.5,8.0,5.9,5.4,20.0,357.8,,not_applied_no_serialized_itinerary_or_eligibility,,adult,Octopus,median_of_mode_specific_official_fare_distance_bin_medians
hk_collective_000607,1,pt,pt_base_fare_adult_octopus_distance_proxy,7.5,TD_GTFS_20260720+MTR_OPEN_DATA_20260720_mode_balanced_distance_bin_median,2026-07-14,low_official_fare_distance_proxy_no_itinerary,work_poi_igeocom:531147,home_hk_collective_000607,work,home,59960.0,resident,fixed_worker,False,2142.222313543274,4.9,45.0,7.5,8.0,5.9,5.4,20.0,357.8,,not_applied_no_serialized_itinerary_or_eligibility,,adult,Octopus,median_of_mode_specific_official_fare_distance_bin_medians
hk_collective_000611,0,pt,pt_base_fare_adult_octopus_distance_proxy,15.8,TD_GTFS_20260720+MTR_OPEN_DATA_20260720_mode_balanced_distance_bin_median,2026-07-14,low_official_fare_distance_proxy_no_itinerary,home_hk_collective_000611,work_mobile_poi_osm:7892787534:32171,home,work_mobile,27950.0,resident,work_mobile,False,12589.0734307243,7.7,31.9,12.7,15.9,15.8,7.7,31.9,1089.1,,not_applied_no_serialized_itinerary_or_eligibility,,adult,Octopus,median_of_mode_specific_official_fare_distance_bin_medians
hk_collective_000611,1,pt,pt_base_fare_adult_octopus_distance_proxy,15.8,TD_GTFS_20260720+MTR_OPEN_DATA_20260720_mode_balanced_distance_bin_median,2026-07-14,low_official_fare_distance_proxy_no_itinerary,work_mobile_poi_osm:7892787534:32171,home_hk_collective_000611,work_mobile,home,61287.0,resident,work_mobile,False,12589.0734307243,7.7,31.9,12.7,15.9,15.8,7.7,31.9,1089.1,,not_applied_no_serialized_itinerary_or_eligibility,,adult,Octopus,median_of_mode_specific_official_fare_distance_bin_medians
hk_collective_000612,0,pt,pt_base_fare_adult_octopus_distance_proxy,12.1,TD_GTFS_20260720+MTR_OPEN_DATA_20260720_mode_balanced_distance_bin_median,2026-07-14,low_official_fare_distance_proxy_no_itinerary,home_hk_collective_000612,work_mobile_poi_igeocom:537612,home,work_mobile,30646.0,resident,work_mobile,False,8301.113151803185,6.5,65.0,12.1,13.8,11.1,6.5,20.0,198.9,,not_applied_no_serialized_itinerary_or_eligibility,,adult,Octopus,median_of_mode_specific_official_fare_distance_bin_medians
hk_collective_000612,1,pt,pt_base_fare_adult_octopus_distance_proxy,12.1,TD_GTFS_20260720+MTR_OPEN_DATA_20260720_mode_balanced_distance_bin_median,2026-07-14,low_official_fare_distance_proxy_no_itinerary,work_mobile_poi_igeocom:537612,home_hk_collective_000612,work_mobile,home,60834.0,resident,work_mobile,False,8301.113151803185,6.5,65.0,12.1,13.8,11.1,6.5,20.0,198.9,,not_applied_no_serialized_itinerary_or_eligibility,,adult,Octopus,median_of_mode_specific_official_fare_distance_bin_medians
hk_collective_000617,0,pt,pt_base_fare_adult_octopus_distance_proxy,24.8,TD_GTFS_20260720+MTR_OPEN_DATA_20260720_mode_balanced_distance_bin_median,2026-07-14,low_official_fare_distance_proxy_no_itinerary,home_hk_collective_000617,work_grid_1499,home,work,30337.0,resident,fixed_worker,False,33772.919038660366,7.7,50.0,24.8,28.6,24.3,7.7,50.0,22272.9,,not_applied_no_serialized_itinerary_or_eligibility,,adult,Octopus,median_of_mode_specific_official_fare_distance_bin_medians
hk_collective_000617,1,pt,pt_base_fare_adult_octopus_distance_proxy,24.8,TD_GTFS_20260720+MTR_OPEN_DATA_20260720_mode_balanced_distance_bin_median,2026-07-14,low_official_fare_distance_proxy_no_itinerary,work_grid_1499,home_hk_collective_000617,work,home,65412.0,resident,fixed_worker,False,33772.919038660366,7.7,50.0,24.8,28.6,24.3,7.7,50.0,22272.9,,not_applied_no_serialized_itinerary_or_eligibility,,adult,Octopus,median_of_mode_specific_official_fare_distance_bin_medians
hk_collective_000619,0,pt,pt_base_fare_adult_octopus_distance_proxy,17.9,TD_GTFS_20260720+MTR_OPEN_DATA_20260720_mode_balanced_distance_bin_median,2026-07-14,low_official_fare_distance_proxy_no_itinerary,home_hk_collective_000619,education_tertiary_poi_igeocom:545971,home,education_tertiary,26844.0,resident,tertiary_student,False,18442.9544178456,7.7,34.6,17.9,15.7,21.2,7.7,21.6,6943.0,,not_applied_no_serialized_itinerary_or_eligibility,,adult,Octopus,median_of_mode_specific_official_fare_distance_bin_medians
hk_collective_000619,1,pt,pt_base_fare_adult_octopus_distance_proxy,17.9,TD_GTFS_20260720+MTR_OPEN_DATA_20260720_mode_balanced_distance_bin_median,2026-07-14,low_official_fare_distance_proxy_no_itinerary,education_tertiary_poi_igeocom:545971,home_hk_collective_000619,education_tertiary,home,51798.0,resident,tertiary_student,False,18442.9544178456,7.7,34.6,17.9,15.7,21.2,7.7,21.6,6943.0,,not_applied_no_serialized_itinerary_or_eligibility,,adult,Octopus,median_of_mode_specific_official_fare_distance_bin_medians
hk_collective_000621,0,pt,pt_base_fare_adult_octopus_distance_proxy,15.9,TD_GTFS_20260720+MTR_OPEN_DATA_20260720_mode_balanced_distance_bin_median,2026-07-14,low_official_fare_distance_proxy_no_itinerary,home_hk_collective_000621,work_poi_osm:12845464001:45745,home,work,32622.0,resident,fixed_worker,False,14650.74956279196,7.7,55.8,14.3,19.1,15.9,7.7,55.8,3150.7,,not_applied_no_serialized_itinerary_or_eligibility,,adult,Octopus,median_of_mode_specific_official_fare_distance_bin_medians
hk_collective_000621,1,pt,pt_base_fare_adult_octopus_distance_proxy,15.9,TD_GTFS_20260720+MTR_OPEN_DATA_20260720_mode_balanced_distance_bin_median,2026-07-14,low_official_fare_distance_proxy_no_itinerary,work_poi_osm:12845464001:45745,home_hk_collective_000621,work,home,64457.0,resident,fixed_worker,False,14650.74956279196,7.7,55.8,14.3,19.1,15.9,7.7,55.8,3150.7,,not_applied_no_serialized_itinerary_or_eligibility,,adult,Octopus,median_of_mode_specific_official_fare_distance_bin_medians
hk_collective_000622,0,pt,pt_base_fare_adult_octopus_distance_proxy,15.8,TD_GTFS_20260720+MTR_OPEN_DATA_20260720_mode_balanced_distance_bin_median,2026-07-14,low_official_fare_distance_proxy_no_itinerary,home_hk_collective_000622,work_mobile_poi_osm:missing:64820,home,work_mobile,30503.0,resident,work_mobile,False,12290.008506145463,7.7,31.9,12.7,15.9,15.8,7.7,31.9,790.0,,not_applied_no_serialized_itinerary_or_eligibility,,adult,Octopus,median_of_mode_specific_official_fare_distance_bin_medians
hk_collective_000622,1,pt,pt_base_fare_adult_octopus_distance_proxy,15.8,TD_GTFS_20260720+MTR_OPEN_DATA_20260720_mode_balanced_distance_bin_median,2026-07-14,low_official_fare_distance_proxy_no_itinerary,work_mobile_poi_osm:missing:64820,home_hk_collective_000622,work_mobile,home,60503.0,resident,work_mobile,False,12290.008506145463,7.7,31.9,12.7,15.9,15.8,7.7,31.9,790.0,,not_applied_no_serialized_itinerary_or_eligibility,,adult,Octopus,median_of_mode_specific_official_fare_distance_bin_medians
hk_collective_000623,0,pt,pt_base_fare_adult_octopus_distance_proxy,11.7,TD_GTFS_20260720+MTR_OPEN_DATA_20260720_mode_balanced_distance_bin_median,2026-07-14,low_official_fare_distance_proxy_no_itinerary,home_hk_collective_000623,work_mobile_grid_522,home,work_mobile,31744.0,resident,work_mobile,False,7472.026749660126,6.1,51.0,11.7,12.4,11.0,6.1,30.0,28.0,,not_applied_no_serialized_itinerary_or_eligibility,,adult,Octopus,median_of_mode_specific_official_fare_distance_bin_medians
hk_collective_000623,1,pt,pt_base_fare_adult_octopus_distance_proxy,11.7,TD_GTFS_20260720+MTR_OPEN_DATA_20260720_mode_balanced_distance_bin_median,2026-07-14,low_official_fare_distance_proxy_no_itinerary,work_mobile_grid_522,home_hk_collective_000623,work_mobile,home,67745.0,resident,work_mobile,False,7472.026749660126,6.1,51.0,11.7,12.4,11.0,6.1,30.0,28.0,,not_applied_no_serialized_itinerary_or_eligibility,,adult,Octopus,median_of_mode_specific_official_fare_distance_bin_medians
hk_collective_000627,0,pt,pt_base_fare_adult_octopus_distance_proxy,18.4,TD_GTFS_20260720+MTR_OPEN_DATA_20260720_mode_balanced_distance_bin_median,2026-07-14,low_official_fare_distance_proxy_no_itinerary,home_hk_collective_000627,work_mobile_poi_osm:missing:71525,home,work_mobile,30924.0,resident,work_mobile,False,15783.898070520521,7.7,27.3,16.9,19.1,18.4,7.7,20.0,4283.9,,not_applied_no_serialized_itinerary_or_eligibility,,adult,Octopus,median_of_mode_specific_official_fare_distance_bin_medians
hk_collective_000627,1,pt,pt_base_fare_adult_octopus_distance_proxy,18.4,TD_GTFS_20260720+MTR_OPEN_DATA_20260720_mode_balanced_distance_bin_median,2026-07-14,low_official_fare_distance_proxy_no_itinerary,work_mobile_poi_osm:missing:71525,home_hk_collective_000627,work_mobile,home,66568.0,resident,work_mobile,False,15783.898070520521,7.7,27.3,16.9,19.1,18.4,7.7,20.0,4283.9,,not_applied_no_serialized_itinerary_or_eligibility,,adult,Octopus,median_of_mode_specific_official_fare_distance_bin_medians
hk_collective_000628,0,pt,pt_base_fare_adult_octopus_distance_proxy,15.8,TD_GTFS_20260720+MTR_OPEN_DATA_20260720_mode_balanced_distance_bin_median,2026-07-14,low_official_fare_distance_proxy_no_itinerary,home_hk_collective_000628,resident_leisure_igeocom_532150,home,leisure,38905.0,resident,home_only,True,12383.579961165908,7.7,31.9,12.7,15.9,15.8,7.7,31.9,883.6,,not_applied_no_serialized_itinerary_or_eligibility,,adult,Octopus,median_of_mode_specific_official_fare_distance_bin_medians
hk_collective_000628,1,pt,pt_base_fare_adult_octopus_distance_proxy,15.8,TD_GTFS_20260720+MTR_OPEN_DATA_20260720_mode_balanced_distance_bin_median,2026-07-14,low_official_fare_distance_proxy_no_itinerary,resident_leisure_igeocom_532150,home_hk_collective_000628,leisure,home,50305.0,resident,home_only,True,12383.579961165908,7.7,31.9,12.7,15.9,15.8,7.7,31.9,883.6,,not_applied_no_serialized_itinerary_or_eligibility,,adult,Octopus,median_of_mode_specific_official_fare_distance_bin_medians
hk_collective_000630,0,pt,pt_base_fare_adult_octopus_distance_proxy,9.2,TD_GTFS_20260720+MTR_OPEN_DATA_20260720_mode_balanced_distance_bin_median,2026-07-14,low_official_fare_distance_proxy_no_itinerary,home_hk_collective_000630,resident_leisure_igeocom_555988,home,leisure,50336.0,resident,work_home,True,4429.510658099025,5.4,20.0,8.4,9.5,9.2,5.4,16.3,70.5,,not_applied_no_serialized_itinerary_or_eligibility,,adult,Octopus,median_of_mode_specific_official_fare_distance_bin_medians
hk_collective_000630,1,pt,pt_base_fare_adult_octopus_distance_proxy,21.6,TD_GTFS_20260720+MTR_OPEN_DATA_20260720_mode_balanced_distance_bin_median,2026-07-14,low_official_fare_distance_proxy_no_itinerary,resident_leisure_igeocom_555988,resident_shopping_osm_12464268720_44812,leisure,shopping,61736.0,resident,work_home,True,21463.537297811312,7.7,36.7,19.6,25.0,22.5,7.7,21.6,9963.5,,not_applied_no_serialized_itinerary_or_eligibility,,adult,Octopus,median_of_mode_specific_official_fare_distance_bin_medians
hk_collective_000630,2,pt,pt_base_fare_adult_octopus_distance_proxy,23.8,TD_GTFS_20260720+MTR_OPEN_DATA_20260720_mode_balanced_distance_bin_median,2026-07-14,low_official_fare_distance_proxy_no_itinerary,resident_shopping_osm_12464268720_44812,home_hk_collective_000630,shopping,home,68636.0,resident,work_home,True,23911.43983122814,7.7,50.0,23.8,28.5,22.5,7.7,50.0,12411.4,,not_applied_no_serialized_itinerary_or_eligibility,,adult,Octopus,median_of_mode_specific_official_fare_distance_bin_medians
hk_collective_000631,0,pt,pt_base_fare_adult_octopus_distance_proxy,17.2,TD_GTFS_20260720+MTR_OPEN_DATA_20260720_mode_balanced_distance_bin_median,2026-07-14,low_official_fare_distance_proxy_no_itinerary,home_hk_collective_000631,work_mobile_poi_osm:4417068715:17198,home,work_mobile,33004.0,resident,work_mobile,False,16721.666390926184,7.7,80.0,17.2,15.7,19.7,7.7,45.0,5221.7,,not_applied_no_serialized_itinerary_or_eligibility,,adult,Octopus,median_of_mode_specific_official_fare_distance_bin_medians
hk_collective_000631,1,pt,pt_base_fare_adult_octopus_distance_proxy,17.2,TD_GTFS_20260720+MTR_OPEN_DATA_20260720_mode_balanced_distance_bin_median,2026-07-14,low_official_fare_distance_proxy_no_itinerary,work_mobile_poi_osm:4417068715:17198,home_hk_collective_000631,work_mobile,home,66296.0,resident,work_mobile,False,16721.666390926184,7.7,80.0,17.2,15.7,19.7,7.7,45.0,5221.7,,not_applied_no_serialized_itinerary_or_eligibility,,adult,Octopus,median_of_mode_specific_official_fare_distance_bin_medians
hk_collective_000632,0,pt,pt_base_fare_adult_octopus_distance_proxy,11.1,TD_GTFS_20260720+MTR_OPEN_DATA_20260720_mode_balanced_distance_bin_median,2026-07-14,low_official_fare_distance_proxy_no_itinerary,home_hk_collective_000632,resident_social_igeocom_21133002,home,social,53669.0,resident,home_only,True,6536.149882002863,5.4,50.0,11.0,11.7,11.1,5.4,20.0,36.1,,not_applied_no_serialized_itinerary_or_eligibility,,adult,Octopus,median_of_mode_specific_official_fare_distance_bin_medians
hk_collective_000632,1,pt,pt_base_fare_adult_octopus_distance_proxy,11.1,TD_GTFS_20260720+MTR_OPEN_DATA_20260720_mode_balanced_distance_bin_median,2026-07-14,low_official_fare_distance_proxy_no_itinerary,resident_social_igeocom_21133002,home_hk_collective_000632,social,home,63269.0,resident,home_only,True,6536.149882002863,5.4,50.0,11.0,11.7,11.1,5.4,20.0,36.1,,not_applied_no_serialized_itinerary_or_eligibility,,adult,Octopus,median_of_mode_specific_official_fare_distance_bin_medians
hk_collective_000633,2,pt,pt_base_fare_adult_octopus_distance_proxy,24.5,TD_GTFS_20260720+MTR_OPEN_DATA_20260720_mode_balanced_distance_bin_median,2026-07-14,low_official_fare_distance_proxy_no_itinerary,home_hk_collective_000633,resident_dining_osm_6355740185_28552,home,dining,61212.0,resident,day_school_student,True,24096.454195100316,7.7,50.0,23.8,28.6,24.5,7.7,50.0,12596.5,,not_applied_no_serialized_itinerary_or_eligibility,,adult,Octopus,median_of_mode_specific_official_fare_distance_bin_medians
hk_collective_000633,3,pt,pt_base_fare_adult_octopus_distance_proxy,24.5,TD_GTFS_20260720+MTR_OPEN_DATA_20260720_mode_balanced_distance_bin_median,2026-07-14,low_official_fare_distance_proxy_no_itinerary,resident_dining_osm_6355740185_28552,home_hk_collective_000633,dining,home,67812.0,resident,day_school_student,True,24096.454195100316,7.7,50.0,23.8,28.6,24.5,7.7,50.0,12596.5,,not_applied_no_serialized_itinerary_or_eligibility,,adult,Octopus,median_of_mode_specific_official_fare_distance_bin_medians
hk_collective_000634,0,pt,pt_base_fare_adult_octopus_distance_proxy,28.6,TD_GTFS_20260720+MTR_OPEN_DATA_20260720_mode_balanced_distance_bin_median,2026-07-14,low_official_fare_distance_proxy_no_itinerary,home_hk_collective_000634,work_poi_igeocom:531959,home,work,32348.0,resident,fixed_worker,False,27475.97094848966,7.7,52.2,24.8,28.6,30.2,7.7,50.0,15976.0,,not_applied_no_serialized_itinerary_or_eligibility,,adult,Octopus,median_of_mode_specific_official_fare_distance_bin_medians
hk_collective_000634,1,pt,pt_base_fare_adult_octopus_distance_proxy,28.6,TD_GTFS_20260720+MTR_OPEN_DATA_20260720_mode_balanced_distance_bin_median,2026-07-14,low_official_fare_distance_proxy_no_itinerary,work_poi_igeocom:531959,home_hk_collective_000634,work,home,71262.0,resident,fixed_worker,False,27475.97094848966,7.7,52.2,24.8,28.6,30.2,7.7,50.0,15976.0,,not_applied_no_serialized_itinerary_or_eligibility,,adult,Octopus,median_of_mode_specific_official_fare_distance_bin_medians
hk_collective_000637,0,pt,pt_base_fare_adult_octopus_distance_proxy,7.0,TD_GTFS_20260720+MTR_OPEN_DATA_20260720_mode_balanced_distance_bin_median,2026-07-14,low_official_fare_distance_proxy_no_itinerary,home_hk_collective_000637,resident_shopping_osm_2176507422_5533,home,shopping,40054.0,resident,home_only,True,1940.7125009485821,4.9,30.0,7.3,7.0,4.9,5.3,10.0,440.7,,not_applied_no_serialized_itinerary_or_eligibility,,adult,Octopus,median_of_mode_specific_official_fare_distance_bin_medians
hk_collective_000637,1,pt,pt_base_fare_adult_octopus_distance_proxy,7.0,TD_GTFS_20260720+MTR_OPEN_DATA_20260720_mode_balanced_distance_bin_median,2026-07-14,low_official_fare_distance_proxy_no_itinerary,resident_shopping_osm_2176507422_5533,home_hk_collective_000637,shopping,home,46954.0,resident,home_only,True,1940.7125009485821,4.9,30.0,7.3,7.0,4.9,5.3,10.0,440.7,,not_applied_no_serialized_itinerary_or_eligibility,,adult,Octopus,median_of_mode_specific_official_fare_distance_bin_medians
hk_collective_000638,2,pt,pt_base_fare_adult_octopus_distance_proxy,7.0,TD_GTFS_20260720+MTR_OPEN_DATA_20260720_mode_balanced_distance_bin_median,2026-07-14,low_official_fare_distance_proxy_no_itinerary,home_hk_collective_000638,resident_shopping_osm_12262774815_44127,home,shopping,62770.0,resident,fixed_worker,True,1742.1081067263272,4.9,30.0,7.3,7.0,4.9,5.3,10.0,242.1,,not_applied_no_serialized_itinerary_or_eligibility,,adult,Octopus,median_of_mode_specific_official_fare_distance_bin_medians
hk_collective_000638,3,pt,pt_base_fare_adult_octopus_distance_proxy,6.2,TD_GTFS_20260720+MTR_OPEN_DATA_20260720_mode_balanced_distance_bin_median,2026-07-14,low_official_fare_distance_proxy_no_itinerary,resident_shopping_osm_12262774815_44127,resident_dining_osm_4479449491_17788,shopping,dining,69670.0,resident,fixed_worker,True,550.3817340136756,3.0,51.0,6.8,6.2,4.9,5.1,8.3,50.4,,not_applied_no_serialized_itinerary_or_eligibility,,adult,Octopus,median_of_mode_specific_official_fare_distance_bin_medians
hk_collective_000638,4,pt,pt_base_fare_adult_octopus_distance_proxy,7.0,TD_GTFS_20260720+MTR_OPEN_DATA_20260720_mode_balanced_distance_bin_median,2026-07-14,low_official_fare_distance_proxy_no_itinerary,resident_dining_osm_4479449491_17788,home_hk_collective_000638,dining,home,76270.0,resident,fixed_worker,True,1768.1965369905379,4.9,30.0,7.3,7.0,4.9,5.3,10.0,268.2,,not_applied_no_serialized_itinerary_or_eligibility,,adult,Octopus,median_of_mode_specific_official_fare_distance_bin_medians
hk_collective_000639,0,pt,pt_base_fare_adult_octopus_distance_proxy,11.7,TD_GTFS_20260720+MTR_OPEN_DATA_20260720_mode_balanced_distance_bin_median,2026-07-14,low_official_fare_distance_proxy_no_itinerary,home_hk_collective_000639,work_poi_osm:12641943691:45206,home,work,26615.0,resident,fixed_worker,False,7002.189547520575,6.1,51.0,11.7,12.4,11.0,6.1,30.0,497.8,,not_applied_no_serialized_itinerary_or_eligibility,,adult,Octopus,median_of_mode_specific_official_fare_distance_bin_medians
hk_collective_000639,1,pt,pt_base_fare_adult_octopus_distance_proxy,11.7,TD_GTFS_20260720+MTR_OPEN_DATA_20260720_mode_balanced_distance_bin_median,2026-07-14,low_official_fare_distance_proxy_no_itinerary,work_poi_osm:12641943691:45206,home_hk_collective_000639,work,home,63040.0,resident,fixed_worker,False,7002.189547520575,6.1,51.0,11.7,12.4,11.0,6.1,30.0,497.8,,not_applied_no_serialized_itinerary_or_eligibility,,adult,Octopus,median_of_mode_specific_official_fare_distance_bin_medians
hk_collective_000641,0,pt,pt_base_fare_adult_octopus_distance_proxy,28.6,TD_GTFS_20260720+MTR_OPEN_DATA_20260720_mode_balanced_distance_bin_median,2026-07-14,low_official_fare_distance_proxy_no_itinerary,home_hk_collective_000641,work_poi_igeocom:563354,home,work,28456.0,resident,fixed_worker,False,27198.093453563448,7.7,52.2,24.8,28.6,30.2,7.7,50.0,15698.1,,not_applied_no_serialized_itinerary_or_eligibility,,adult,Octopus,median_of_mode_specific_official_fare_distance_bin_medians
hk_collective_000641,1,pt,pt_base_fare_adult_octopus_distance_proxy,28.6,TD_GTFS_20260720+MTR_OPEN_DATA_20260720_mode_balanced_distance_bin_median,2026-07-14,low_official_fare_distance_proxy_no_itinerary,work_poi_igeocom:563354,home_hk_collective_000641,work,home,67314.0,resident,fixed_worker,False,27198.093453563448,7.7,52.2,24.8,28.6,30.2,7.7,50.0,15698.1,,not_applied_no_serialized_itinerary_or_eligibility,,adult,Octopus,median_of_mode_specific_official_fare_distance_bin_medians
hk_collective_000642,0,pt,pt_base_fare_adult_octopus_distance_proxy,6.2,TD_GTFS_20260720+MTR_OPEN_DATA_20260720_mode_balanced_distance_bin_median,2026-07-14,low_official_fare_distance_proxy_no_itinerary,home_hk_collective_000642,resident_shopping_osm_10796686872_38101,home,shopping,57494.0,resident,home_only,True,467.2047243821468,3.0,51.0,6.8,6.2,4.9,5.1,8.3,32.8,,not_applied_no_serialized_itinerary_or_eligibility,,adult,Octopus,median_of_mode_specific_official_fare_distance_bin_medians
hk_collective_000642,1,pt,pt_base_fare_adult_octopus_distance_proxy,11.1,TD_GTFS_20260720+MTR_OPEN_DATA_20260720_mode_balanced_distance_bin_median,2026-07-14,low_official_fare_distance_proxy_no_itinerary,resident_shopping_osm_10796686872_38101,resident_medical_igeocom_559467,shopping,medical,64394.0,resident,home_only,True,6220.299912525527,5.4,50.0,11.0,11.7,11.1,5.4,20.0,279.7,,not_applied_no_serialized_itinerary_or_eligibility,,adult,Octopus,median_of_mode_specific_official_fare_distance_bin_medians
hk_collective_000642,2,pt,pt_base_fare_adult_octopus_distance_proxy,9.8,TD_GTFS_20260720+MTR_OPEN_DATA_20260720_mode_balanced_distance_bin_median,2026-07-14,low_official_fare_distance_proxy_no_itinerary,resident_medical_igeocom_559467,home_hk_collective_000642,medical,home,72194.0,resident,home_only,True,5856.546541132597,5.4,20.0,9.8,10.1,9.6,5.4,19.0,356.5,,not_applied_no_serialized_itinerary_or_eligibility,,adult,Octopus,median_of_mode_specific_official_fare_distance_bin_medians
hk_collective_000643,0,pt,pt_base_fare_adult_octopus_distance_proxy,18.4,TD_GTFS_20260720+MTR_OPEN_DATA_20260720_mode_balanced_distance_bin_median,2026-07-14,low_official_fare_distance_proxy_no_itinerary,home_hk_collective_000643,work_poi_igeocom:550621,home,work,27585.0,resident,fixed_worker,False,15961.546128487327,7.7,27.3,16.9,19.1,18.4,7.7,20.0,4461.5,,not_applied_no_serialized_itinerary_or_eligibility,,adult,Octopus,median_of_mode_specific_official_fare_distance_bin_medians
hk_collective_000643,1,pt,pt_base_fare_adult_octopus_distance_proxy,18.4,TD_GTFS_20260720+MTR_OPEN_DATA_20260720_mode_balanced_distance_bin_median,2026-07-14,low_official_fare_distance_proxy_no_itinerary,work_poi_igeocom:550621,home_hk_collective_000643,work,home,58033.0,resident,fixed_worker,False,15961.546128487327,7.7,27.3,16.9,19.1,18.4,7.7,20.0,4461.5,,not_applied_no_serialized_itinerary_or_eligibility,,adult,Octopus,median_of_mode_specific_official_fare_distance_bin_medians
hk_collective_000644,0,pt,pt_base_fare_adult_octopus_distance_proxy,22.9,TD_GTFS_20260720+MTR_OPEN_DATA_20260720_mode_balanced_distance_bin_median,2026-07-14,low_official_fare_distance_proxy_no_itinerary,home_hk_collective_000644,work_poi_osm:4864607462:23273,home,work,31172.0,resident,fixed_worker,False,22577.269367338715,7.7,50.0,20.8,28.0,22.9,7.7,50.0,11077.3,,not_applied_no_serialized_itinerary_or_eligibility,,adult,Octopus,median_of_mode_specific_official_fare_distance_bin_medians
hk_collective_000644,1,pt,pt_base_fare_adult_octopus_distance_proxy,22.9,TD_GTFS_20260720+MTR_OPEN_DATA_20260720_mode_balanced_distance_bin_median,2026-07-14,low_official_fare_distance_proxy_no_itinerary,work_poi_osm:4864607462:23273,home_hk_collective_000644,work,home,60778.0,resident,fixed_worker,False,22577.269367338715,7.7,50.0,20.8,28.0,22.9,7.7,50.0,11077.3,,not_applied_no_serialized_itinerary_or_eligibility,,adult,Octopus,median_of_mode_specific_official_fare_distance_bin_medians
hk_collective_000645,0,pt,pt_base_fare_adult_octopus_distance_proxy,18.5,TD_GTFS_20260720+MTR_OPEN_DATA_20260720_mode_balanced_distance_bin_median,2026-07-14,low_official_fare_distance_proxy_no_itinerary,home_hk_collective_000645,work_poi_igeocom:21074604,home,work,30377.0,resident,fixed_worker,False,17859.013768216304,7.7,33.0,18.5,15.7,21.0,7.7,21.6,6359.0,,not_applied_no_serialized_itinerary_or_eligibility,,adult,Octopus,median_of_mode_specific_official_fare_distance_bin_medians
hk_collective_000645,1,pt,pt_base_fare_adult_octopus_distance_proxy,18.5,TD_GTFS_20260720+MTR_OPEN_DATA_20260720_mode_balanced_distance_bin_median,2026-07-14,low_official_fare_distance_proxy_no_itinerary,work_poi_igeocom:21074604,home_hk_collective_000645,work,home,61104.0,resident,fixed_worker,False,17859.013768216304,7.7,33.0,18.5,15.7,21.0,7.7,21.6,6359.0,,not_applied_no_serialized_itinerary_or_eligibility,,adult,Octopus,median_of_mode_specific_official_fare_distance_bin_medians
hk_collective_000646,0,pt,pt_base_fare_adult_octopus_distance_proxy,21.6,TD_GTFS_20260720+MTR_OPEN_DATA_20260720_mode_balanced_distance_bin_median,2026-07-14,low_official_fare_distance_proxy_no_itinerary,home_hk_collective_000646,work_poi_osm:9401681809:34410,home,work,28078.0,resident,fixed_worker,False,20702.58789221893,7.7,36.7,18.8,25.0,22.1,7.7,21.6,9202.6,,not_applied_no_serialized_itinerary_or_eligibility,,adult,Octopus,median_of_mode_specific_official_fare_distance_bin_medians
hk_collective_000646,1,pt,pt_base_fare_adult_octopus_distance_proxy,21.6,TD_GTFS_20260720+MTR_OPEN_DATA_20260720_mode_balanced_distance_bin_median,2026-07-14,low_official_fare_distance_proxy_no_itinerary,work_poi_osm:9401681809:34410,home_hk_collective_000646,work,home,65214.0,resident,fixed_worker,False,20702.58789221893,7.7,36.7,18.8,25.0,22.1,7.7,21.6,9202.6,,not_applied_no_serialized_itinerary_or_eligibility,,adult,Octopus,median_of_mode_specific_official_fare_distance_bin_medians
hk_collective_000648,0,pt,pt_base_fare_adult_octopus_distance_proxy,28.6,TD_GTFS_20260720+MTR_OPEN_DATA_20260720_mode_balanced_distance_bin_median,2026-07-14,low_official_fare_distance_proxy_no_itinerary,home_hk_collective_000648,work_poi_igeocom:21184248,home,work,29568.0,resident,fixed_worker,False,27161.51228788413,7.7,52.2,24.8,28.6,30.2,7.7,50.0,15661.5,,not_applied_no_serialized_itinerary_or_eligibility,,adult,Octopus,median_of_mode_specific_official_fare_distance_bin_medians
hk_collective_000648,1,pt,pt_base_fare_adult_octopus_distance_proxy,28.6,TD_GTFS_20260720+MTR_OPEN_DATA_20260720_mode_balanced_distance_bin_median,2026-07-14,low_official_fare_distance_proxy_no_itinerary,work_poi_igeocom:21184248,home_hk_collective_000648,work,home,65872.0,resident,fixed_worker,False,27161.51228788413,7.7,52.2,24.8,28.6,30.2,7.7,50.0,15661.5,,not_applied_no_serialized_itinerary_or_eligibility,,adult,Octopus,median_of_mode_specific_official_fare_distance_bin_medians
hk_collective_000649,0,pt,pt_base_fare_adult_octopus_distance_proxy,28.6,TD_GTFS_20260720+MTR_OPEN_DATA_20260720_mode_balanced_distance_bin_median,2026-07-14,low_official_fare_distance_proxy_no_itinerary,home_hk_collective_000649,work_poi_igeocom:542322,home,work,35342.0,resident,fixed_worker,False,25565.615047586925,7.7,50.0,24.0,28.6,29.3,7.7,50.0,14065.6,,not_applied_no_serialized_itinerary_or_eligibility,,adult,Octopus,median_of_mode_specific_official_fare_distance_bin_medians
hk_collective_000649,1,pt,pt_base_fare_adult_octopus_distance_proxy,28.6,TD_GTFS_20260720+MTR_OPEN_DATA_20260720_mode_balanced_distance_bin_median,2026-07-14,low_official_fare_distance_proxy_no_itinerary,work_poi_igeocom:542322,home_hk_collective_000649,work,home,66560.0,resident,fixed_worker,False,25565.615047586925,7.7,50.0,24.0,28.6,29.3,7.7,50.0,14065.6,,not_applied_no_serialized_itinerary_or_eligibility,,adult,Octopus,median_of_mode_specific_official_fare_distance_bin_medians
hk_collective_000650,0,pt,pt_base_fare_adult_octopus_distance_proxy,12.1,TD_GTFS_20260720+MTR_OPEN_DATA_20260720_mode_balanced_distance_bin_median,2026-07-14,low_official_fare_distance_proxy_no_itinerary,home_hk_collective_000650,work_mobile_poi_igeocom:548967,home,work_mobile,27131.0,resident,work_mobile,False,8268.875010355523,6.5,65.0,12.1,13.8,11.1,6.5,20.0,231.1,,not_applied_no_serialized_itinerary_or_eligibility,,adult,Octopus,median_of_mode_specific_official_fare_distance_bin_medians
hk_collective_000650,1,pt,pt_base_fare_adult_octopus_distance_proxy,12.1,TD_GTFS_20260720+MTR_OPEN_DATA_20260720_mode_balanced_distance_bin_median,2026-07-14,low_official_fare_distance_proxy_no_itinerary,work_mobile_poi_igeocom:548967,home_hk_collective_000650,work_mobile,home,62673.0,resident,work_mobile,False,8268.875010355523,6.5,65.0,12.1,13.8,11.1,6.5,20.0,231.1,,not_applied_no_serialized_itinerary_or_eligibility,,adult,Octopus,median_of_mode_specific_official_fare_distance_bin_medians
hk_collective_000651,0,pt,pt_base_fare_adult_octopus_distance_proxy,17.9,TD_GTFS_20260720+MTR_OPEN_DATA_20260720_mode_balanced_distance_bin_median,2026-07-14,low_official_fare_distance_proxy_no_itinerary,home_hk_collective_000651,border_12,home,border,23121.0,resident,usual_resident_border,False,18575.444069640875,7.7,34.6,17.9,15.7,21.2,7.7,21.6,7075.4,,not_applied_no_serialized_itinerary_or_eligibility,,adult,Octopus,median_of_mode_specific_official_fare_distance_bin_medians
hk_collective_000651,1,pt,pt_base_fare_adult_octopus_distance_proxy,17.9,TD_GTFS_20260720+MTR_OPEN_DATA_20260720_mode_balanced_distance_bin_median,2026-07-14,low_official_fare_distance_proxy_no_itinerary,border_12,home_hk_collective_000651,border,home,65582.0,resident,usual_resident_border,False,18575.444069640875,7.7,34.6,17.9,15.7,21.2,7.7,21.6,7075.4,,not_applied_no_serialized_itinerary_or_eligibility,,adult,Octopus,median_of_mode_specific_official_fare_distance_bin_medians
hk_collective_000653,0,pt,pt_base_fare_adult_octopus_distance_proxy,23.8,TD_GTFS_20260720+MTR_OPEN_DATA_20260720_mode_balanced_distance_bin_median,2026-07-14,low_official_fare_distance_proxy_no_itinerary,home_hk_collective_000653,work_poi_igeocom:528195,home,work,28416.0,resident,fixed_worker,False,23749.874042042484,7.7,50.0,23.8,28.5,22.5,7.7,50.0,12249.9,,not_applied_no_serialized_itinerary_or_eligibility,,adult,Octopus,median_of_mode_specific_official_fare_distance_bin_medians
hk_collective_000653,1,pt,pt_base_fare_adult_octopus_distance_proxy,23.8,TD_GTFS_20260720+MTR_OPEN_DATA_20260720_mode_balanced_distance_bin_median,2026-07-14,low_official_fare_distance_proxy_no_itinerary,work_poi_igeocom:528195,home_hk_collective_000653,work,home,61637.0,resident,fixed_worker,False,23749.874042042484,7.7,50.0,23.8,28.5,22.5,7.7,50.0,12249.9,,not_applied_no_serialized_itinerary_or_eligibility,,adult,Octopus,median_of_mode_specific_official_fare_distance_bin_medians
hk_collective_000654,0,pt,pt_base_fare_adult_octopus_distance_proxy,6.2,TD_GTFS_20260720+MTR_OPEN_DATA_20260720_mode_balanced_distance_bin_median,2026-07-14,low_official_fare_distance_proxy_no_itinerary,home_hk_collective_000654,school_2113,home,school_kindergarten,27255.0,resident,day_school_student,False,298.3111016807947,3.0,51.0,6.8,6.2,4.9,5.1,8.3,201.7,,not_applied_no_serialized_itinerary_or_eligibility,,adult,Octopus,median_of_mode_specific_official_fare_distance_bin_medians
hk_collective_000654,1,pt,pt_base_fare_adult_octopus_distance_proxy,6.2,TD_GTFS_20260720+MTR_OPEN_DATA_20260720_mode_balanced_distance_bin_median,2026-07-14,low_official_fare_distance_proxy_no_itinerary,school_2113,home_hk_collective_000654,school_kindergarten,home,44560.0,resident,day_school_student,False,298.3111016807947,3.0,51.0,6.8,6.2,4.9,5.1,8.3,201.7,,not_applied_no_serialized_itinerary_or_eligibility,,adult,Octopus,median_of_mode_specific_official_fare_distance_bin_medians
hk_collective_000655,0,pt,pt_base_fare_adult_octopus_distance_proxy,22.9,TD_GTFS_20260720+MTR_OPEN_DATA_20260720_mode_balanced_distance_bin_median,2026-07-14,low_official_fare_distance_proxy_no_itinerary,home_hk_collective_000655,work_poi_igeocom:549974,home,work,29924.0,resident,fixed_worker,False,22754.25206130165,7.7,50.0,20.8,28.0,22.9,7.7,50.0,11254.3,,not_applied_no_serialized_itinerary_or_eligibility,,adult,Octopus,median_of_mode_specific_official_fare_distance_bin_medians
hk_collective_000655,1,pt,pt_base_fare_adult_octopus_distance_proxy,22.9,TD_GTFS_20260720+MTR_OPEN_DATA_20260720_mode_balanced_distance_bin_median,2026-07-14,low_official_fare_distance_proxy_no_itinerary,work_poi_igeocom:549974,home_hk_collective_000655,work,home,63521.0,resident,fixed_worker,False,22754.25206130165,7.7,50.0,20.8,28.0,22.9,7.7,50.0,11254.3,,not_applied_no_serialized_itinerary_or_eligibility,,adult,Octopus,median_of_mode_specific_official_fare_distance_bin_medians
hk_collective_000656,0,pt,pt_base_fare_adult_octopus_distance_proxy,17.2,TD_GTFS_20260720+MTR_OPEN_DATA_20260720_mode_balanced_distance_bin_median,2026-07-14,low_official_fare_distance_proxy_no_itinerary,home_hk_collective_000656,education_tertiary_poi_igeocom:526835,home,education_tertiary,33770.0,resident,tertiary_student,False,16451.263097255352,7.7,80.0,17.2,15.7,19.7,7.7,45.0,4951.3,,not_applied_no_serialized_itinerary_or_eligibility,,adult,Octopus,median_of_mode_specific_official_fare_distance_bin_medians
hk_collective_000656,1,pt,pt_base_fare_adult_octopus_distance_proxy,17.2,TD_GTFS_20260720+MTR_OPEN_DATA_20260720_mode_balanced_distance_bin_median,2026-07-14,low_official_fare_distance_proxy_no_itinerary,education_tertiary_poi_igeocom:526835,home_hk_collective_000656,education_tertiary,home,62880.0,resident,tertiary_student,False,16451.263097255352,7.7,80.0,17.2,15.7,19.7,7.7,45.0,4951.3,,not_applied_no_serialized_itinerary_or_eligibility,,adult,Octopus,median_of_mode_specific_official_fare_distance_bin_medians
hk_collective_000657,0,pt,pt_base_fare_adult_octopus_distance_proxy,23.8,TD_GTFS_20260720+MTR_OPEN_DATA_20260720_mode_balanced_distance_bin_median,2026-07-14,low_official_fare_distance_proxy_no_itinerary,home_hk_collective_000657,work_poi_osm:missing:64017,home,work,27132.0,resident,fixed_worker,False,23765.52171848668,7.7,50.0,23.8,28.5,22.5,7.7,50.0,12265.5,,not_applied_no_serialized_itinerary_or_eligibility,,adult,Octopus,median_of_mode_specific_official_fare_distance_bin_medians
hk_collective_000657,1,pt,pt_base_fare_adult_octopus_distance_proxy,23.8,TD_GTFS_20260720+MTR_OPEN_DATA_20260720_mode_balanced_distance_bin_median,2026-07-14,low_official_fare_distance_proxy_no_itinerary,work_poi_osm:missing:64017,home_hk_collective_000657,work,home,63126.0,resident,fixed_worker,False,23765.52171848668,7.7,50.0,23.8,28.5,22.5,7.7,50.0,12265.5,,not_applied_no_serialized_itinerary_or_eligibility,,adult,Octopus,median_of_mode_specific_official_fare_distance_bin_medians
hk_collective_000658,0,pt,pt_base_fare_adult_octopus_distance_proxy,17.2,TD_GTFS_20260720+MTR_OPEN_DATA_20260720_mode_balanced_distance_bin_median,2026-07-14,low_official_fare_distance_proxy_no_itinerary,home_hk_collective_000658,work_poi_osm:missing:76599,home,work,25762.0,resident,fixed_worker,False,16207.005065911164,7.7,80.0,17.2,15.7,19.7,7.7,45.0,4707.0,,not_applied_no_serialized_itinerary_or_eligibility,,adult,Octopus,median_of_mode_specific_official_fare_distance_bin_medians
hk_collective_000658,1,pt,pt_base_fare_adult_octopus_distance_proxy,17.2,TD_GTFS_20260720+MTR_OPEN_DATA_20260720_mode_balanced_distance_bin_median,2026-07-14,low_official_fare_distance_proxy_no_itinerary,work_poi_osm:missing:76599,home_hk_collective_000658,work,home,56034.0,resident,fixed_worker,False,16207.005065911164,7.7,80.0,17.2,15.7,19.7,7.7,45.0,4707.0,,not_applied_no_serialized_itinerary_or_eligibility,,adult,Octopus,median_of_mode_specific_official_fare_distance_bin_medians
hk_collective_000658,2,pt,pt_base_fare_adult_octopus_distance_proxy,6.2,TD_GTFS_20260720+MTR_OPEN_DATA_20260720_mode_balanced_distance_bin_median,2026-07-14,low_official_fare_distance_proxy_no_itinerary,home_hk_collective_000658,resident_shopping_osm_2176507422_5533,home,shopping,63801.0,resident,fixed_worker,True,911.3363306705662,3.0,51.0,6.8,6.2,4.9,5.1,8.3,411.3,,not_applied_no_serialized_itinerary_or_eligibility,,adult,Octopus,median_of_mode_specific_official_fare_distance_bin_medians
hk_collective_000658,3,pt,pt_base_fare_adult_octopus_distance_proxy,7.8,TD_GTFS_20260720+MTR_OPEN_DATA_20260720_mode_balanced_distance_bin_median,2026-07-14,low_official_fare_distance_proxy_no_itinerary,resident_shopping_osm_2176507422_5533,resident_leisure_osm_missing_56392,shopping,leisure,70701.0,resident,fixed_worker,True,3191.4932775494663,5.3,52.0,7.8,8.8,7.4,5.4,20.0,308.5,,not_applied_no_serialized_itinerary_or_eligibility,,adult,Octopus,median_of_mode_specific_official_fare_distance_bin_medians
hk_collective_000658,4,pt,pt_base_fare_adult_octopus_distance_proxy,7.5,TD_GTFS_20260720+MTR_OPEN_DATA_20260720_mode_balanced_distance_bin_median,2026-07-14,low_official_fare_distance_proxy_no_itinerary,resident_leisure_osm_missing_56392,home_hk_collective_000658,leisure,home,82101.0,resident,fixed_worker,True,2296.2789103563073,4.9,45.0,7.5,8.0,5.9,5.4,20.0,203.7,,not_applied_no_serialized_itinerary_or_eligibility,,adult,Octopus,median_of_mode_specific_official_fare_distance_bin_medians
hk_collective_000659,0,pt,pt_base_fare_adult_octopus_distance_proxy,28.6,TD_GTFS_20260720+MTR_OPEN_DATA_20260720_mode_balanced_distance_bin_median,2026-07-14,low_official_fare_distance_proxy_no_itinerary,home_hk_collective_000659,work_grid_1378,home,work,28405.0,resident,fixed_worker,False,28575.157434275818,7.7,54.4,27.3,28.6,30.2,7.7,50.0,17075.2,,not_applied_no_serialized_itinerary_or_eligibility,,adult,Octopus,median_of_mode_specific_official_fare_distance_bin_medians
hk_collective_000659,1,pt,pt_base_fare_adult_octopus_distance_proxy,28.6,TD_GTFS_20260720+MTR_OPEN_DATA_20260720_mode_balanced_distance_bin_median,2026-07-14,low_official_fare_distance_proxy_no_itinerary,work_grid_1378,home_hk_collective_000659,work,home,60309.0,resident,fixed_worker,False,28575.157434275818,7.7,54.4,27.3,28.6,30.2,7.7,50.0,17075.2,,not_applied_no_serialized_itinerary_or_eligibility,,adult,Octopus,median_of_mode_specific_official_fare_distance_bin_medians
hk_collective_000660,0,pt,pt_base_fare_adult_octopus_distance_proxy,17.9,TD_GTFS_20260720+MTR_OPEN_DATA_20260720_mode_balanced_distance_bin_median,2026-07-14,low_official_fare_distance_proxy_no_itinerary,home_hk_collective_000660,work_grid_90,home,work,31509.0,resident,fixed_worker,False,18672.921935280618,7.7,34.6,17.9,15.7,21.2,7.7,21.6,7172.9,,not_applied_no_serialized_itinerary_or_eligibility,,adult,Octopus,median_of_mode_specific_official_fare_distance_bin_medians
hk_collective_000660,1,pt,pt_base_fare_adult_octopus_distance_proxy,17.9,TD_GTFS_20260720+MTR_OPEN_DATA_20260720_mode_balanced_distance_bin_median,2026-07-14,low_official_fare_distance_proxy_no_itinerary,work_grid_90,home_hk_collective_000660,work,home,60683.0,resident,fixed_worker,False,18672.921935280618,7.7,34.6,17.9,15.7,21.2,7.7,21.6,7172.9,,not_applied_no_serialized_itinerary_or_eligibility,,adult,Octopus,median_of_mode_specific_official_fare_distance_bin_medians
hk_collective_000661,0,pt,pt_base_fare_adult_octopus_distance_proxy,23.8,TD_GTFS_20260720+MTR_OPEN_DATA_20260720_mode_balanced_distance_bin_median,2026-07-14,low_official_fare_distance_proxy_no_itinerary,home_hk_collective_000661,work_grid_1247,home,work,26411.0,resident,fixed_worker,False,23689.297642689842,7.7,50.0,23.8,28.5,22.5,7.7,50.0,12189.3,,not_applied_no_serialized_itinerary_or_eligibility,,adult,Octopus,median_of_mode_specific_official_fare_distance_bin_medians
hk_collective_000661,1,pt,pt_base_fare_adult_octopus_distance_proxy,23.8,TD_GTFS_20260720+MTR_OPEN_DATA_20260720_mode_balanced_distance_bin_median,2026-07-14,low_official_fare_distance_proxy_no_itinerary,work_grid_1247,home_hk_collective_000661,work,home,54783.0,resident,fixed_worker,False,23689.297642689842,7.7,50.0,23.8,28.5,22.5,7.7,50.0,12189.3,,not_applied_no_serialized_itinerary_or_eligibility,,adult,Octopus,median_of_mode_specific_official_fare_distance_bin_medians
hk_collective_000662,0,pt,pt_base_fare_adult_octopus_distance_proxy,15.9,TD_GTFS_20260720+MTR_OPEN_DATA_20260720_mode_balanced_distance_bin_median,2026-07-14,low_official_fare_distance_proxy_no_itinerary,home_hk_collective_000662,work_poi_igeocom:547487,home,work,27260.0,resident,fixed_worker,False,14363.916164351676,7.7,55.8,14.3,19.1,15.9,7.7,55.8,2863.9,,not_applied_no_serialized_itinerary_or_eligibility,,adult,Octopus,median_of_mode_specific_official_fare_distance_bin_medians
hk_collective_000662,1,pt,pt_base_fare_adult_octopus_distance_proxy,15.9,TD_GTFS_20260720+MTR_OPEN_DATA_20260720_mode_balanced_distance_bin_median,2026-07-14,low_official_fare_distance_proxy_no_itinerary,work_poi_igeocom:547487,home_hk_collective_000662,work,home,45705.0,resident,fixed_worker,False,14363.916164351676,7.7,55.8,14.3,19.1,15.9,7.7,55.8,2863.9,,not_applied_no_serialized_itinerary_or_eligibility,,adult,Octopus,median_of_mode_specific_official_fare_distance_bin_medians
hk_collective_000663,0,pt,pt_base_fare_adult_octopus_distance_proxy,28.6,TD_GTFS_20260720+MTR_OPEN_DATA_20260720_mode_balanced_distance_bin_median,2026-07-14,low_official_fare_distance_proxy_no_itinerary,home_hk_collective_000663,work_poi_igeocom:527823,home,work,31954.0,resident,fixed_worker,False,27269.705278499066,7.7,52.2,24.8,28.6,30.2,7.7,50.0,15769.7,,not_applied_no_serialized_itinerary_or_eligibility,,adult,Octopus,median_of_mode_specific_official_fare_distance_bin_medians
hk_collective_000663,1,pt,pt_base_fare_adult_octopus_distance_proxy,28.6,TD_GTFS_20260720+MTR_OPEN_DATA_20260720_mode_balanced_distance_bin_median,2026-07-14,low_official_fare_distance_proxy_no_itinerary,work_poi_igeocom:527823,home_hk_collective_000663,work,home,56807.0,resident,fixed_worker,False,27269.705278499066,7.7,52.2,24.8,28.6,30.2,7.7,50.0,15769.7,,not_applied_no_serialized_itinerary_or_eligibility,,adult,Octopus,median_of_mode_specific_official_fare_distance_bin_medians
hk_collective_000664,0,pt,pt_base_fare_adult_octopus_distance_proxy,28.6,TD_GTFS_20260720+MTR_OPEN_DATA_20260720_mode_balanced_distance_bin_median,2026-07-14,low_official_fare_distance_proxy_no_itinerary,home_hk_collective_000664,work_poi_osm:5255726164:24885,home,work,26407.0,resident,fixed_worker,False,25727.554040995587,7.7,50.0,24.0,28.6,29.3,7.7,50.0,14227.6,,not_applied_no_serialized_itinerary_or_eligibility,,adult,Octopus,median_of_mode_specific_official_fare_distance_bin_medians
hk_collective_000664,1,pt,pt_base_fare_adult_octopus_distance_proxy,28.6,TD_GTFS_20260720+MTR_OPEN_DATA_20260720_mode_balanced_distance_bin_median,2026-07-14,low_official_fare_distance_proxy_no_itinerary,work_poi_osm:5255726164:24885,home_hk_collective_000664,work,home,60070.0,resident,fixed_worker,False,25727.554040995587,7.7,50.0,24.0,28.6,29.3,7.7,50.0,14227.6,,not_applied_no_serialized_itinerary_or_eligibility,,adult,Octopus,median_of_mode_specific_official_fare_distance_bin_medians
hk_collective_000665,0,pt,pt_base_fare_adult_octopus_distance_proxy,22.9,TD_GTFS_20260720+MTR_OPEN_DATA_20260720_mode_balanced_distance_bin_median,2026-07-14,low_official_fare_distance_proxy_no_itinerary,home_hk_collective_000665,work_poi_osm:missing:67423,home,work,22899.0,resident,fixed_worker,False,22051.72103662714,7.7,50.0,20.8,28.0,22.9,7.7,50.0,10551.7,,not_applied_no_serialized_itinerary_or_eligibility,,adult,Octopus,median_of_mode_specific_official_fare_distance_bin_medians
hk_collective_000665,1,pt,pt_base_fare_adult_octopus_distance_proxy,22.9,TD_GTFS_20260720+MTR_OPEN_DATA_20260720_mode_balanced_distance_bin_median,2026-07-14,low_official_fare_distance_proxy_no_itinerary,work_poi_osm:missing:67423,home_hk_collective_000665,work,home,59837.0,resident,fixed_worker,False,22051.72103662714,7.7,50.0,20.8,28.0,22.9,7.7,50.0,10551.7,,not_applied_no_serialized_itinerary_or_eligibility,,adult,Octopus,median_of_mode_specific_official_fare_distance_bin_medians
hk_collective_000666,2,pt,pt_base_fare_adult_octopus_distance_proxy,11.1,TD_GTFS_20260720+MTR_OPEN_DATA_20260720_mode_balanced_distance_bin_median,2026-07-14,low_official_fare_distance_proxy_no_itinerary,home_hk_collective_000666,resident_shopping_igeocom_558330,home,shopping,75767.0,resident,fixed_worker,True,6811.371149330317,5.4,50.0,11.0,11.7,11.1,5.4,20.0,311.4,,not_applied_no_serialized_itinerary_or_eligibility,,adult,Octopus,median_of_mode_specific_official_fare_distance_bin_medians
hk_collective_000666,3,pt,pt_base_fare_adult_octopus_distance_proxy,15.4,TD_GTFS_20260720+MTR_OPEN_DATA_20260720_mode_balanced_distance_bin_median,2026-07-14,low_official_fare_distance_proxy_no_itinerary,resident_shopping_igeocom_558330,resident_dining_osm_12564276315_45063,shopping,dining,82667.0,resident,fixed_worker,True,11412.470109504105,7.7,36.0,12.9,15.4,15.8,7.7,36.0,87.5,,not_applied_no_serialized_itinerary_or_eligibility,,adult,Octopus,median_of_mode_specific_official_fare_distance_bin_medians
hk_collective_000666,4,pt,pt_base_fare_adult_octopus_distance_proxy,18.5,TD_GTFS_20260720+MTR_OPEN_DATA_20260720_mode_balanced_distance_bin_median,2026-07-14,low_official_fare_distance_proxy_no_itinerary,resident_dining_osm_12564276315_45063,home_hk_collective_000666,dining,home,89267.0,resident,fixed_worker,True,17934.798647452903,7.7,33.0,18.5,15.7,21.0,7.7,21.6,6434.8,,not_applied_no_serialized_itinerary_or_eligibility,,adult,Octopus,median_of_mode_specific_official_fare_distance_bin_medians
hk_collective_000668,0,pt,pt_base_fare_adult_octopus_distance_proxy,15.9,TD_GTFS_20260720+MTR_OPEN_DATA_20260720_mode_balanced_distance_bin_median,2026-07-14,low_official_fare_distance_proxy_no_itinerary,home_hk_collective_000668,work_poi_igeocom:21184282,home,work,27640.0,resident,fixed_worker,False,14018.249801140013,7.7,55.8,14.3,19.1,15.9,7.7,55.8,2518.2,,not_applied_no_serialized_itinerary_or_eligibility,,adult,Octopus,median_of_mode_specific_official_fare_distance_bin_medians
hk_collective_000668,1,pt,pt_base_fare_adult_octopus_distance_proxy,15.9,TD_GTFS_20260720+MTR_OPEN_DATA_20260720_mode_balanced_distance_bin_median,2026-07-14,low_official_fare_distance_proxy_no_itinerary,work_poi_igeocom:21184282,home_hk_collective_000668,work,home,62584.0,resident,fixed_worker,False,14018.249801140013,7.7,55.8,14.3,19.1,15.9,7.7,55.8,2518.2,,not_applied_no_serialized_itinerary_or_eligibility,,adult,Octopus,median_of_mode_specific_official_fare_distance_bin_medians
hk_collective_000669,0,pt,pt_base_fare_adult_octopus_distance_proxy,9.8,TD_GTFS_20260720+MTR_OPEN_DATA_20260720_mode_balanced_distance_bin_median,2026-07-14,low_official_fare_distance_proxy_no_itinerary,home_hk_collective_000669,work_mobile_poi_igeocom:21063694,home,work_mobile,31634.0,resident,work_mobile,False,5722.201839163272,5.4,20.0,9.8,10.1,9.6,5.4,19.0,222.2,,not_applied_no_serialized_itinerary_or_eligibility,,adult,Octopus,median_of_mode_specific_official_fare_distance_bin_medians
hk_collective_000669,1,pt,pt_base_fare_adult_octopus_distance_proxy,9.8,TD_GTFS_20260720+MTR_OPEN_DATA_20260720_mode_balanced_distance_bin_median,2026-07-14,low_official_fare_distance_proxy_no_itinerary,work_mobile_poi_igeocom:21063694,home_hk_collective_000669,work_mobile,home,76164.0,resident,work_mobile,False,5722.201839163272,5.4,20.0,9.8,10.1,9.6,5.4,19.0,222.2,,not_applied_no_serialized_itinerary_or_eligibility,,adult,Octopus,median_of_mode_specific_official_fare_distance_bin_medians
hk_collective_000671,0,pt,pt_base_fare_adult_octopus_distance_proxy,9.8,TD_GTFS_20260720+MTR_OPEN_DATA_20260720_mode_balanced_distance_bin_median,2026-07-14,low_official_fare_distance_proxy_no_itinerary,home_hk_collective_000671,work_mobile_poi_osm:missing:66591,home,work_mobile,28666.0,resident,work_mobile,False,5084.832876739669,5.4,20.0,9.8,10.1,9.6,5.4,19.0,415.2,,not_applied_no_serialized_itinerary_or_eligibility,,adult,Octopus,median_of_mode_specific_official_fare_distance_bin_medians
hk_collective_000671,1,pt,pt_base_fare_adult_octopus_distance_proxy,9.8,TD_GTFS_20260720+MTR_OPEN_DATA_20260720_mode_balanced_distance_bin_median,2026-07-14,low_official_fare_distance_proxy_no_itinerary,work_mobile_poi_osm:missing:66591,home_hk_collective_000671,work_mobile,home,66342.0,resident,work_mobile,False,5084.832876739669,5.4,20.0,9.8,10.1,9.6,5.4,19.0,415.2,,not_applied_no_serialized_itinerary_or_eligibility,,adult,Octopus,median_of_mode_specific_official_fare_distance_bin_medians
hk_collective_000673,0,pt,pt_base_fare_adult_octopus_distance_proxy,21.6,TD_GTFS_20260720+MTR_OPEN_DATA_20260720_mode_balanced_distance_bin_median,2026-07-14,low_official_fare_distance_proxy_no_itinerary,home_hk_collective_000673,work_mobile_poi_igeocom:558198,home,work_mobile,31788.0,resident,work_mobile,False,21309.237591482863,7.7,36.7,19.6,25.0,22.5,7.7,21.6,9809.2,,not_applied_no_serialized_itinerary_or_eligibility,,adult,Octopus,median_of_mode_specific_official_fare_distance_bin_medians
hk_collective_000673,1,pt,pt_base_fare_adult_octopus_distance_proxy,21.6,TD_GTFS_20260720+MTR_OPEN_DATA_20260720_mode_balanced_distance_bin_median,2026-07-14,low_official_fare_distance_proxy_no_itinerary,work_mobile_poi_igeocom:558198,home_hk_collective_000673,work_mobile,home,77867.0,resident,work_mobile,False,21309.237591482863,7.7,36.7,19.6,25.0,22.5,7.7,21.6,9809.2,,not_applied_no_serialized_itinerary_or_eligibility,,adult,Octopus,median_of_mode_specific_official_fare_distance_bin_medians
hk_collective_000674,0,pt,pt_base_fare_adult_octopus_distance_proxy,15.8,TD_GTFS_20260720+MTR_OPEN_DATA_20260720_mode_balanced_distance_bin_median,2026-07-14,low_official_fare_distance_proxy_no_itinerary,home_hk_collective_000674,border_1,home,border,27770.0,resident,usual_resident_border,False,13375.841440016357,7.7,59.0,13.1,18.7,15.8,7.7,30.0,1875.8,,not_applied_no_serialized_itinerary_or_eligibility,,adult,Octopus,median_of_mode_specific_official_fare_distance_bin_medians
hk_collective_000674,1,pt,pt_base_fare_adult_octopus_distance_proxy,15.8,TD_GTFS_20260720+MTR_OPEN_DATA_20260720_mode_balanced_distance_bin_median,2026-07-14,low_official_fare_distance_proxy_no_itinerary,border_1,home_hk_collective_000674,border,home,69456.0,resident,usual_resident_border,False,13375.841440016357,7.7,59.0,13.1,18.7,15.8,7.7,30.0,1875.8,,not_applied_no_serialized_itinerary_or_eligibility,,adult,Octopus,median_of_mode_specific_official_fare_distance_bin_medians
hk_collective_000675,0,pt,pt_base_fare_adult_octopus_distance_proxy,28.6,TD_GTFS_20260720+MTR_OPEN_DATA_20260720_mode_balanced_distance_bin_median,2026-07-14,low_official_fare_distance_proxy_no_itinerary,home_hk_collective_000675,resident_dining_osm_2439978544_6760,home,dining,46969.0,resident,home_only,True,28029.328871284626,7.7,54.4,27.3,28.6,30.2,7.7,50.0,16529.3,,not_applied_no_serialized_itinerary_or_eligibility,,adult,Octopus,median_of_mode_specific_official_fare_distance_bin_medians
hk_collective_000675,1,pt,pt_base_fare_adult_octopus_distance_proxy,7.5,TD_GTFS_20260720+MTR_OPEN_DATA_20260720_mode_balanced_distance_bin_median,2026-07-14,low_official_fare_distance_proxy_no_itinerary,resident_dining_osm_2439978544_6760,resident_social_igeocom_533081,dining,social,53569.0,resident,home_only,True,2352.3121275120166,4.9,45.0,7.5,8.0,5.9,5.4,20.0,147.7,,not_applied_no_serialized_itinerary_or_eligibility,,adult,Octopus,median_of_mode_specific_official_fare_distance_bin_medians
hk_collective_000675,2,pt,pt_base_fare_adult_octopus_distance_proxy,28.6,TD_GTFS_20260720+MTR_OPEN_DATA_20260720_mode_balanced_distance_bin_median,2026-07-14,low_official_fare_distance_proxy_no_itinerary,resident_social_igeocom_533081,home_hk_collective_000675,social,home,63169.0,resident,home_only,True,28881.47514871421,7.7,54.4,27.3,28.6,30.2,7.7,50.0,17381.5,,not_applied_no_serialized_itinerary_or_eligibility,,adult,Octopus,median_of_mode_specific_official_fare_distance_bin_medians
hk_collective_000677,0,pt,pt_base_fare_adult_octopus_distance_proxy,9.2,TD_GTFS_20260720+MTR_OPEN_DATA_20260720_mode_balanced_distance_bin_median,2026-07-14,low_official_fare_distance_proxy_no_itinerary,home_hk_collective_000677,work_mobile_poi_igeocom:21158842,home,work_mobile,27622.0,resident,work_mobile,False,4385.841795932544,5.4,20.0,8.4,9.5,9.2,5.4,16.3,114.2,,not_applied_no_serialized_itinerary_or_eligibility,,adult,Octopus,median_of_mode_specific_official_fare_distance_bin_medians
hk_collective_000677,1,pt,pt_base_fare_adult_octopus_distance_proxy,9.2,TD_GTFS_20260720+MTR_OPEN_DATA_20260720_mode_balanced_distance_bin_median,2026-07-14,low_official_fare_distance_proxy_no_itinerary,work_mobile_poi_igeocom:21158842,home_hk_collective_000677,work_mobile,home,53242.0,resident,work_mobile,False,4385.841795932544,5.4,20.0,8.4,9.5,9.2,5.4,16.3,114.2,,not_applied_no_serialized_itinerary_or_eligibility,,adult,Octopus,median_of_mode_specific_official_fare_distance_bin_medians
hk_collective_000678,0,pt,pt_base_fare_adult_octopus_distance_proxy,17.2,TD_GTFS_20260720+MTR_OPEN_DATA_20260720_mode_balanced_distance_bin_median,2026-07-14,low_official_fare_distance_proxy_no_itinerary,home_hk_collective_000678,work_mobile_poi_igeocom:533992,home,work_mobile,27120.0,resident,work_mobile,False,16366.28805087383,7.7,80.0,17.2,15.7,19.7,7.7,45.0,4866.3,,not_applied_no_serialized_itinerary_or_eligibility,,adult,Octopus,median_of_mode_specific_official_fare_distance_bin_medians
hk_collective_000678,1,pt,pt_base_fare_adult_octopus_distance_proxy,17.2,TD_GTFS_20260720+MTR_OPEN_DATA_20260720_mode_balanced_distance_bin_median,2026-07-14,low_official_fare_distance_proxy_no_itinerary,work_mobile_poi_igeocom:533992,home_hk_collective_000678,work_mobile,home,61574.0,resident,work_mobile,False,16366.28805087383,7.7,80.0,17.2,15.7,19.7,7.7,45.0,4866.3,,not_applied_no_serialized_itinerary_or_eligibility,,adult,Octopus,median_of_mode_specific_official_fare_distance_bin_medians
hk_collective_000680,0,pt,pt_base_fare_adult_octopus_distance_proxy,18.4,TD_GTFS_20260720+MTR_OPEN_DATA_20260720_mode_balanced_distance_bin_median,2026-07-14,low_official_fare_distance_proxy_no_itinerary,home_hk_collective_000680,work_poi_osm:12096404043:43687,home,work,25500.0,resident,fixed_worker,False,15646.388801885576,7.7,27.3,16.9,19.1,18.4,7.7,20.0,4146.4,,not_applied_no_serialized_itinerary_or_eligibility,,adult,Octopus,median_of_mode_specific_official_fare_distance_bin_medians
hk_collective_000680,1,pt,pt_base_fare_adult_octopus_distance_proxy,18.4,TD_GTFS_20260720+MTR_OPEN_DATA_20260720_mode_balanced_distance_bin_median,2026-07-14,low_official_fare_distance_proxy_no_itinerary,work_poi_osm:12096404043:43687,home_hk_collective_000680,work,home,60037.0,resident,fixed_worker,False,15646.388801885576,7.7,27.3,16.9,19.1,18.4,7.7,20.0,4146.4,,not_applied_no_serialized_itinerary_or_eligibility,,adult,Octopus,median_of_mode_specific_official_fare_distance_bin_medians
hk_collective_000681,0,pt,pt_base_fare_adult_octopus_distance_proxy,28.6,TD_GTFS_20260720+MTR_OPEN_DATA_20260720_mode_balanced_distance_bin_median,2026-07-14,low_official_fare_distance_proxy_no_itinerary,home_hk_collective_000681,work_poi_igeocom:21229180,home,work,29425.0,resident,fixed_worker,False,29414.501263305247,7.7,54.4,27.6,28.6,30.2,7.7,50.0,17914.5,,not_applied_no_serialized_itinerary_or_eligibility,,adult,Octopus,median_of_mode_specific_official_fare_distance_bin_medians
hk_collective_000681,1,pt,pt_base_fare_adult_octopus_distance_proxy,28.6,TD_GTFS_20260720+MTR_OPEN_DATA_20260720_mode_balanced_distance_bin_median,2026-07-14,low_official_fare_distance_proxy_no_itinerary,work_poi_igeocom:21229180,home_hk_collective_000681,work,home,62453.0,resident,fixed_worker,False,29414.501263305247,7.7,54.4,27.6,28.6,30.2,7.7,50.0,17914.5,,not_applied_no_serialized_itinerary_or_eligibility,,adult,Octopus,median_of_mode_specific_official_fare_distance_bin_medians
hk_collective_000682,0,pt,pt_base_fare_adult_octopus_distance_proxy,15.9,TD_GTFS_20260720+MTR_OPEN_DATA_20260720_mode_balanced_distance_bin_median,2026-07-14,low_official_fare_distance_proxy_no_itinerary,home_hk_collective_000682,resident_leisure_igeocom_533568,home,leisure,34398.0,resident,work_home,True,14639.533525478892,7.7,55.8,14.3,19.1,15.9,7.7,55.8,3139.5,,not_applied_no_serialized_itinerary_or_eligibility,,adult,Octopus,median_of_mode_specific_official_fare_distance_bin_medians
hk_collective_000682,1,pt,pt_base_fare_adult_octopus_distance_proxy,15.9,TD_GTFS_20260720+MTR_OPEN_DATA_20260720_mode_balanced_distance_bin_median,2026-07-14,low_official_fare_distance_proxy_no_itinerary,resident_leisure_igeocom_533568,home_hk_collective_000682,leisure,home,45798.0,resident,work_home,True,14639.533525478892,7.7,55.8,14.3,19.1,15.9,7.7,55.8,3139.5,,not_applied_no_serialized_itinerary_or_eligibility,,adult,Octopus,median_of_mode_specific_official_fare_distance_bin_medians
hk_collective_000691,0,pt,pt_base_fare_adult_octopus_distance_proxy,28.1,TD_GTFS_20260720+MTR_OPEN_DATA_20260720_mode_balanced_distance_bin_median,2026-07-14,low_official_fare_distance_proxy_no_itinerary,home_hk_collective_000691,work_poi_igeocom:21152018,home,work,24695.0,resident,fixed_worker,False,30300.759889030232,7.7,54.0,27.9,28.6,28.1,7.7,50.0,18800.8,,not_applied_no_serialized_itinerary_or_eligibility,,adult,Octopus,median_of_mode_specific_official_fare_distance_bin_medians
hk_collective_000691,1,pt,pt_base_fare_adult_octopus_distance_proxy,28.1,TD_GTFS_20260720+MTR_OPEN_DATA_20260720_mode_balanced_distance_bin_median,2026-07-14,low_official_fare_distance_proxy_no_itinerary,work_poi_igeocom:21152018,home_hk_collective_000691,work,home,61226.0,resident,fixed_worker,False,30300.759889030232,7.7,54.0,27.9,28.6,28.1,7.7,50.0,18800.8,,not_applied_no_serialized_itinerary_or_eligibility,,adult,Octopus,median_of_mode_specific_official_fare_distance_bin_medians
hk_collective_000692,0,pt,pt_base_fare_adult_octopus_distance_proxy,21.6,TD_GTFS_20260720+MTR_OPEN_DATA_20260720_mode_balanced_distance_bin_median,2026-07-14,low_official_fare_distance_proxy_no_itinerary,home_hk_collective_000692,resident_shopping_igeocom_540796,home,shopping,42294.0,resident,home_only,True,20054.809714365874,7.7,36.7,18.8,25.0,22.1,7.7,21.6,8554.8,,not_applied_no_serialized_itinerary_or_eligibility,,adult,Octopus,median_of_mode_specific_official_fare_distance_bin_medians
hk_collective_000692,1,pt,pt_base_fare_adult_octopus_distance_proxy,21.6,TD_GTFS_20260720+MTR_OPEN_DATA_20260720_mode_balanced_distance_bin_median,2026-07-14,low_official_fare_distance_proxy_no_itinerary,resident_shopping_igeocom_540796,home_hk_collective_000692,shopping,home,49194.0,resident,home_only,True,20054.809714365874,7.7,36.7,18.8,25.0,22.1,7.7,21.6,8554.8,,not_applied_no_serialized_itinerary_or_eligibility,,adult,Octopus,median_of_mode_specific_official_fare_distance_bin_medians
hk_collective_000693,0,pt,pt_base_fare_adult_octopus_distance_proxy,7.5,TD_GTFS_20260720+MTR_OPEN_DATA_20260720_mode_balanced_distance_bin_median,2026-07-14,low_official_fare_distance_proxy_no_itinerary,home_hk_collective_000693,work_poi_igeocom:532864,home,work,31515.0,resident,fixed_worker,False,2085.8422250711824,4.9,45.0,7.5,8.0,5.9,5.4,20.0,414.2,,not_applied_no_serialized_itinerary_or_eligibility,,adult,Octopus,median_of_mode_specific_official_fare_distance_bin_medians
hk_collective_000693,1,pt,pt_base_fare_adult_octopus_distance_proxy,7.5,TD_GTFS_20260720+MTR_OPEN_DATA_20260720_mode_balanced_distance_bin_median,2026-07-14,low_official_fare_distance_proxy_no_itinerary,work_poi_igeocom:532864,home_hk_collective_000693,work,home,63062.0,resident,fixed_worker,False,2085.8422250711824,4.9,45.0,7.5,8.0,5.9,5.4,20.0,414.2,,not_applied_no_serialized_itinerary_or_eligibility,,adult,Octopus,median_of_mode_specific_official_fare_distance_bin_medians
hk_collective_000695,0,pt,pt_base_fare_adult_octopus_distance_proxy,18.4,TD_GTFS_20260720+MTR_OPEN_DATA_20260720_mode_balanced_distance_bin_median,2026-07-14,low_official_fare_distance_proxy_no_itinerary,home_hk_collective_000695,work_poi_osm:6324670114:28157,home,work,31380.0,resident,fixed_worker,False,15323.324010280352,7.7,27.3,16.9,19.1,18.4,7.7,20.0,3823.3,,not_applied_no_serialized_itinerary_or_eligibility,,adult,Octopus,median_of_mode_specific_official_fare_distance_bin_medians
hk_collective_000695,1,pt,pt_base_fare_adult_octopus_distance_proxy,18.4,TD_GTFS_20260720+MTR_OPEN_DATA_20260720_mode_balanced_distance_bin_median,2026-07-14,low_official_fare_distance_proxy_no_itinerary,work_poi_osm:6324670114:28157,home_hk_collective_000695,work,home,63158.0,resident,fixed_worker,False,15323.324010280352,7.7,27.3,16.9,19.1,18.4,7.7,20.0,3823.3,,not_applied_no_serialized_itinerary_or_eligibility,,adult,Octopus,median_of_mode_specific_official_fare_distance_bin_medians
hk_collective_000696,0,pt,pt_base_fare_adult_octopus_distance_proxy,18.4,TD_GTFS_20260720+MTR_OPEN_DATA_20260720_mode_balanced_distance_bin_median,2026-07-14,low_official_fare_distance_proxy_no_itinerary,home_hk_collective_000696,work_poi_osm:missing:68706,home,work,28188.0,resident,fixed_worker,False,15302.1186983938,7.7,27.3,16.9,19.1,18.4,7.7,20.0,3802.1,,not_applied_no_serialized_itinerary_or_eligibility,,adult,Octopus,median_of_mode_specific_official_fare_distance_bin_medians
hk_collective_000696,1,pt,pt_base_fare_adult_octopus_distance_proxy,18.4,TD_GTFS_20260720+MTR_OPEN_DATA_20260720_mode_balanced_distance_bin_median,2026-07-14,low_official_fare_distance_proxy_no_itinerary,work_poi_osm:missing:68706,home_hk_collective_000696,work,home,61439.0,resident,fixed_worker,False,15302.1186983938,7.7,27.3,16.9,19.1,18.4,7.7,20.0,3802.1,,not_applied_no_serialized_itinerary_or_eligibility,,adult,Octopus,median_of_mode_specific_official_fare_distance_bin_medians
hk_collective_000697,0,pt,pt_base_fare_adult_octopus_distance_proxy,15.4,TD_GTFS_20260720+MTR_OPEN_DATA_20260720_mode_balanced_distance_bin_median,2026-07-14,low_official_fare_distance_proxy_no_itinerary,home_hk_collective_000697,resident_social_igeocom_21079504,home,social,39069.0,resident,home_only,True,11788.266737797301,7.7,36.0,12.9,15.4,15.8,7.7,36.0,288.3,,not_applied_no_serialized_itinerary_or_eligibility,,adult,Octopus,median_of_mode_specific_official_fare_distance_bin_medians
hk_collective_000697,1,pt,pt_base_fare_adult_octopus_distance_proxy,15.4,TD_GTFS_20260720+MTR_OPEN_DATA_20260720_mode_balanced_distance_bin_median,2026-07-14,low_official_fare_distance_proxy_no_itinerary,resident_social_igeocom_21079504,home_hk_collective_000697,social,home,48669.0,resident,home_only,True,11788.266737797301,7.7,36.0,12.9,15.4,15.8,7.7,36.0,288.3,,not_applied_no_serialized_itinerary_or_eligibility,,adult,Octopus,median_of_mode_specific_official_fare_distance_bin_medians
hk_collective_000698,0,pt,pt_base_fare_adult_octopus_distance_proxy,15.8,TD_GTFS_20260720+MTR_OPEN_DATA_20260720_mode_balanced_distance_bin_median,2026-07-14,low_official_fare_distance_proxy_no_itinerary,home_hk_collective_000698,border_1,home,border,30008.0,resident,usual_resident_border,False,12102.35122403198,7.7,31.9,12.7,15.9,15.8,7.7,31.9,602.4,,not_applied_no_serialized_itinerary_or_eligibility,,adult,Octopus,median_of_mode_specific_official_fare_distance_bin_medians
hk_collective_000698,1,pt,pt_base_fare_adult_octopus_distance_proxy,15.8,TD_GTFS_20260720+MTR_OPEN_DATA_20260720_mode_balanced_distance_bin_median,2026-07-14,low_official_fare_distance_proxy_no_itinerary,border_1,home_hk_collective_000698,border,home,67777.0,resident,usual_resident_border,False,12102.35122403198,7.7,31.9,12.7,15.9,15.8,7.7,31.9,602.4,,not_applied_no_serialized_itinerary_or_eligibility,,adult,Octopus,median_of_mode_specific_official_fare_distance_bin_medians
hk_collective_000699,0,pt,pt_base_fare_adult_octopus_distance_proxy,24.5,TD_GTFS_20260720+MTR_OPEN_DATA_20260720_mode_balanced_distance_bin_median,2026-07-14,low_official_fare_distance_proxy_no_itinerary,home_hk_collective_000699,work_mobile_poi_igeocom:21158823,home,work_mobile,31719.0,resident,work_mobile,False,24816.50881168153,7.7,50.0,23.8,28.6,24.5,7.7,50.0,13316.5,,not_applied_no_serialized_itinerary_or_eligibility,,adult,Octopus,median_of_mode_specific_official_fare_distance_bin_medians
hk_collective_000699,1,pt,pt_base_fare_adult_octopus_distance_proxy,24.5,TD_GTFS_20260720+MTR_OPEN_DATA_20260720_mode_balanced_distance_bin_median,2026-07-14,low_official_fare_distance_proxy_no_itinerary,work_mobile_poi_igeocom:21158823,home_hk_collective_000699,work_mobile,home,60171.0,resident,work_mobile,False,24816.50881168153,7.7,50.0,23.8,28.6,24.5,7.7,50.0,13316.5,,not_applied_no_serialized_itinerary_or_eligibility,,adult,Octopus,median_of_mode_specific_official_fare_distance_bin_medians
hk_collective_000702,0,pt,pt_base_fare_adult_octopus_distance_proxy,15.4,TD_GTFS_20260720+MTR_OPEN_DATA_20260720_mode_balanced_distance_bin_median,2026-07-14,low_official_fare_distance_proxy_no_itinerary,home_hk_collective_000702,work_poi_igeocom:533294,home,work,30116.0,resident,fixed_worker,False,10808.766237701426,7.7,80.0,13.6,15.4,15.8,7.7,49.2,308.8,,not_applied_no_serialized_itinerary_or_eligibility,,adult,Octopus,median_of_mode_specific_official_fare_distance_bin_medians
hk_collective_000702,1,pt,pt_base_fare_adult_octopus_distance_proxy,15.4,TD_GTFS_20260720+MTR_OPEN_DATA_20260720_mode_balanced_distance_bin_median,2026-07-14,low_official_fare_distance_proxy_no_itinerary,work_poi_igeocom:533294,home_hk_collective_000702,work,home,63856.0,resident,fixed_worker,False,10808.766237701426,7.7,80.0,13.6,15.4,15.8,7.7,49.2,308.8,,not_applied_no_serialized_itinerary_or_eligibility,,adult,Octopus,median_of_mode_specific_official_fare_distance_bin_medians
hk_collective_000703,0,pt,pt_base_fare_adult_octopus_distance_proxy,18.4,TD_GTFS_20260720+MTR_OPEN_DATA_20260720_mode_balanced_distance_bin_median,2026-07-14,low_official_fare_distance_proxy_no_itinerary,home_hk_collective_000703,work_poi_igeocom:548861,home,work,27684.0,resident,fixed_worker,False,15202.09359163994,7.7,27.3,16.9,19.1,18.4,7.7,20.0,3702.1,,not_applied_no_serialized_itinerary_or_eligibility,,adult,Octopus,median_of_mode_specific_official_fare_distance_bin_medians
hk_collective_000703,1,pt,pt_base_fare_adult_octopus_distance_proxy,18.4,TD_GTFS_20260720+MTR_OPEN_DATA_20260720_mode_balanced_distance_bin_median,2026-07-14,low_official_fare_distance_proxy_no_itinerary,work_poi_igeocom:548861,home_hk_collective_000703,work,home,60068.0,resident,fixed_worker,False,15202.09359163994,7.7,27.3,16.9,19.1,18.4,7.7,20.0,3702.1,,not_applied_no_serialized_itinerary_or_eligibility,,adult,Octopus,median_of_mode_specific_official_fare_distance_bin_medians
hk_collective_000705,0,pt,pt_base_fare_adult_octopus_distance_proxy,17.2,TD_GTFS_20260720+MTR_OPEN_DATA_20260720_mode_balanced_distance_bin_median,2026-07-14,low_official_fare_distance_proxy_no_itinerary,home_hk_collective_000705,work_poi_osm:missing:52369,home,work,29724.0,resident,fixed_worker,False,16649.20162540996,7.7,80.0,17.2,15.7,19.7,7.7,45.0,5149.2,,not_applied_no_serialized_itinerary_or_eligibility,,adult,Octopus,median_of_mode_specific_official_fare_distance_bin_medians
hk_collective_000705,1,pt,pt_base_fare_adult_octopus_distance_proxy,17.2,TD_GTFS_20260720+MTR_OPEN_DATA_20260720_mode_balanced_distance_bin_median,2026-07-14,low_official_fare_distance_proxy_no_itinerary,work_poi_osm:missing:52369,home_hk_collective_000705,work,home,56520.0,resident,fixed_worker,False,16649.20162540996,7.7,80.0,17.2,15.7,19.7,7.7,45.0,5149.2,,not_applied_no_serialized_itinerary_or_eligibility,,adult,Octopus,median_of_mode_specific_official_fare_distance_bin_medians
hk_collective_000706,0,pt,pt_base_fare_adult_octopus_distance_proxy,18.5,TD_GTFS_20260720+MTR_OPEN_DATA_20260720_mode_balanced_distance_bin_median,2026-07-14,low_official_fare_distance_proxy_no_itinerary,home_hk_collective_000706,resident_leisure_igeocom_539028,home,leisure,43002.0,resident,home_only,True,17958.555496327008,7.7,33.0,18.5,15.7,21.0,7.7,21.6,6458.6,,not_applied_no_serialized_itinerary_or_eligibility,,adult,Octopus,median_of_mode_specific_official_fare_distance_bin_medians
hk_collective_000706,1,pt,pt_base_fare_adult_octopus_distance_proxy,9.8,TD_GTFS_20260720+MTR_OPEN_DATA_20260720_mode_balanced_distance_bin_median,2026-07-14,low_official_fare_distance_proxy_no_itinerary,resident_leisure_igeocom_539028,resident_shopping_igeocom_529267,leisure,shopping,54402.0,resident,home_only,True,5913.554258622749,5.4,20.0,9.8,10.1,9.6,5.4,19.0,413.6,,not_applied_no_serialized_itinerary_or_eligibility,,adult,Octopus,median_of_mode_specific_official_fare_distance_bin_medians
hk_collective_000706,2,pt,pt_base_fare_adult_octopus_distance_proxy,17.2,TD_GTFS_20260720+MTR_OPEN_DATA_20260720_mode_balanced_distance_bin_median,2026-07-14,low_official_fare_distance_proxy_no_itinerary,resident_shopping_igeocom_529267,home_hk_collective_000706,shopping,home,61302.0,resident,home_only,True,16649.455184495564,7.7,80.0,17.2,15.7,19.7,7.7,45.0,5149.5,,not_applied_no_serialized_itinerary_or_eligibility,,adult,Octopus,median_of_mode_specific_official_fare_distance_bin_medians
hk_collective_000707,0,pt,pt_base_fare_adult_octopus_distance_proxy,12.1,TD_GTFS_20260720+MTR_OPEN_DATA_20260720_mode_balanced_distance_bin_median,2026-07-14,low_official_fare_distance_proxy_no_itinerary,home_hk_collective_000707,resident_personal_business_igeocom_549526,home,personal_business,44896.0,resident,work_home,True,8821.07130599198,6.5,65.0,12.1,13.8,11.1,6.5,20.0,321.1,,not_applied_no_serialized_itinerary_or_eligibility,,adult,Octopus,median_of_mode_specific_official_fare_distance_bin_medians
hk_collective_000707,1,pt,pt_base_fare_adult_octopus_distance_proxy,12.1,TD_GTFS_20260720+MTR_OPEN_DATA_20260720_mode_balanced_distance_bin_median,2026-07-14,low_official_fare_distance_proxy_no_itinerary,resident_personal_business_igeocom_549526,home_hk_collective_000707,personal_business,home,51796.0,resident,work_home,True,8821.07130599198,6.5,65.0,12.1,13.8,11.1,6.5,20.0,321.1,,not_applied_no_serialized_itinerary_or_eligibility,,adult,Octopus,median_of_mode_specific_official_fare_distance_bin_medians
