matsim_line_id,matsim_route_id,service_scope,operator_scope_status,official_operator,official_operator_components_json,official_route_id,official_route_sequence,official_direction,boarding_stop_id,alighting_stop_id,candidate_count,distinct_amount_count,candidate_fare_ids_json,candidate_amounts_hkd_json,candidate_record_ids_json,candidate_records_json,explicit_raw_zero_candidate_record_count,contains_explicit_raw_zero_candidate,record_status,fare_amount_role,passenger_type,payment_medium,day_type,time_period,cost_effective_date,cost_effective_date_status,source_revision_cutoff_date,source_download_date,source_file,source_sha256,matching_method,mapping_status,mapping_quality,selection_performed,production_cost_created,unresolved_reason
line_bus_1000001,bus_1000001_1,confirmed_franchised_bus,confirmed_franchised_bus,KMB,"[""KMB""]",1000001,1,1,12408,13183,2,2,"[""1000001-1-20-21"",""1000001-2-1-2""]","[7.4,10.4]","[""gtfs:fare_rules:614843;fare_attributes:614843"",""gtfs:fare_rules:614844;fare_attributes:614844""]","[{""currency"":""HKD"",""destination_id"":""13183"",""fare_attribute_line"":614843,""fare_attributes_source_file"":""data/transit/hongkong/PublicTransportGTFS/gtfs.zip::fare_attributes.txt"",""fare_id"":""1000001-1-20-21"",""fare_rule_line"":614843,""fare_rules_source_file"":""data/transit/hongkong/PublicTransportGTFS/gtfs.zip::fare_rules.txt"",""origin_id"":""12408"",""price"":7.4,""route_id"":""1000001"",""source_sha256"":""e5ad020b79d0020625a4e8eb5428c2253a07705b71bfb809d8a3fa178032ce06""},{""currency"":""HKD"",""destination_id"":""13183"",""fare_attribute_line"":614844,""fare_attributes_source_file"":""data/transit/hongkong/PublicTransportGTFS/gtfs.zip::fare_attributes.txt"",""fare_id"":""1000001-2-1-2"",""fare_rule_line"":614844,""fare_rules_source_file"":""data/transit/hongkong/PublicTransportGTFS/gtfs.zip::fare_rules.txt"",""origin_id"":""12408"",""price"":10.4,""route_id"":""1000001"",""source_sha256"":""e5ad020b79d0020625a4e8eb5428c2253a07705b71bfb809d8a3fa178032ce06""}]",0,False,conflicting_amounts,published_fare_candidate_passenger_and_payment_basis_unspecified,unspecified_in_source,unspecified_in_source,unspecified_in_source,unspecified_in_source,,not_encoded_in_source_revision_cutoff_only,2026-07-14,2026-07-20,data/transit/hongkong/PublicTransportGTFS/gtfs.zip::fare_rules.txt;data/transit/hongkong/PublicTransportGTFS/gtfs.zip::fare_attributes.txt,e5ad020b79d0020625a4e8eb5428c2253a07705b71bfb809d8a3fa178032ce06,exact_route_id_and_ordered_stop_od_candidate_audit,exact,A,False,False,multiple_raw_candidates_with_different_amounts
line_bus_1000001,bus_1000001_2,confirmed_franchised_bus,confirmed_franchised_bus,KMB,"[""KMB""]",1000001,2,2,12408,13183,2,2,"[""1000001-1-20-21"",""1000001-2-1-2""]","[7.4,10.4]","[""gtfs:fare_rules:614843;fare_attributes:614843"",""gtfs:fare_rules:614844;fare_attributes:614844""]","[{""currency"":""HKD"",""destination_id"":""13183"",""fare_attribute_line"":614843,""fare_attributes_source_file"":""data/transit/hongkong/PublicTransportGTFS/gtfs.zip::fare_attributes.txt"",""fare_id"":""1000001-1-20-21"",""fare_rule_line"":614843,""fare_rules_source_file"":""data/transit/hongkong/PublicTransportGTFS/gtfs.zip::fare_rules.txt"",""origin_id"":""12408"",""price"":7.4,""route_id"":""1000001"",""source_sha256"":""e5ad020b79d0020625a4e8eb5428c2253a07705b71bfb809d8a3fa178032ce06""},{""currency"":""HKD"",""destination_id"":""13183"",""fare_attribute_line"":614844,""fare_attributes_source_file"":""data/transit/hongkong/PublicTransportGTFS/gtfs.zip::fare_attributes.txt"",""fare_id"":""1000001-2-1-2"",""fare_rule_line"":614844,""fare_rules_source_file"":""data/transit/hongkong/PublicTransportGTFS/gtfs.zip::fare_rules.txt"",""origin_id"":""12408"",""price"":10.4,""route_id"":""1000001"",""source_sha256"":""e5ad020b79d0020625a4e8eb5428c2253a07705b71bfb809d8a3fa178032ce06""}]",0,False,conflicting_amounts,published_fare_candidate_passenger_and_payment_basis_unspecified,unspecified_in_source,unspecified_in_source,unspecified_in_source,unspecified_in_source,,not_encoded_in_source_revision_cutoff_only,2026-07-14,2026-07-20,data/transit/hongkong/PublicTransportGTFS/gtfs.zip::fare_rules.txt;data/transit/hongkong/PublicTransportGTFS/gtfs.zip::fare_attributes.txt,e5ad020b79d0020625a4e8eb5428c2253a07705b71bfb809d8a3fa178032ce06,exact_route_id_and_ordered_stop_od_candidate_audit,exact,A,False,False,multiple_raw_candidates_with_different_amounts
line_bus_1000023,bus_1000023_1,confirmed_franchised_bus,confirmed_franchised_bus,LWB,"[""LWB""]",1000023,1,1,13309,13304,2,2,"[""1000023-1-23-24"",""1000023-2-2-3""]","[19.8,29.0]","[""gtfs:fare_rules:619541;fare_attributes:619541"",""gtfs:fare_rules:619570;fare_attributes:619570""]","[{""currency"":""HKD"",""destination_id"":""13304"",""fare_attribute_line"":619541,""fare_attributes_source_file"":""data/transit/hongkong/PublicTransportGTFS/gtfs.zip::fare_attributes.txt"",""fare_id"":""1000023-1-23-24"",""fare_rule_line"":619541,""fare_rules_source_file"":""data/transit/hongkong/PublicTransportGTFS/gtfs.zip::fare_rules.txt"",""origin_id"":""13309"",""price"":19.8,""route_id"":""1000023"",""source_sha256"":""e5ad020b79d0020625a4e8eb5428c2253a07705b71bfb809d8a3fa178032ce06""},{""currency"":""HKD"",""destination_id"":""13304"",""fare_attribute_line"":619570,""fare_attributes_source_file"":""data/transit/hongkong/PublicTransportGTFS/gtfs.zip::fare_attributes.txt"",""fare_id"":""1000023-2-2-3"",""fare_rule_line"":619570,""fare_rules_source_file"":""data/transit/hongkong/PublicTransportGTFS/gtfs.zip::fare_rules.txt"",""origin_id"":""13309"",""price"":29.0,""route_id"":""1000023"",""source_sha256"":""e5ad020b79d0020625a4e8eb5428c2253a07705b71bfb809d8a3fa178032ce06""}]",0,False,conflicting_amounts,published_fare_candidate_passenger_and_payment_basis_unspecified,unspecified_in_source,unspecified_in_source,unspecified_in_source,unspecified_in_source,,not_encoded_in_source_revision_cutoff_only,2026-07-14,2026-07-20,data/transit/hongkong/PublicTransportGTFS/gtfs.zip::fare_rules.txt;data/transit/hongkong/PublicTransportGTFS/gtfs.zip::fare_attributes.txt,e5ad020b79d0020625a4e8eb5428c2253a07705b71bfb809d8a3fa178032ce06,exact_route_id_and_ordered_stop_od_candidate_audit,exact,A,False,False,multiple_raw_candidates_with_different_amounts
line_bus_1000023,bus_1000023_2,confirmed_franchised_bus,confirmed_franchised_bus,LWB,"[""LWB""]",1000023,2,2,13309,13304,2,2,"[""1000023-1-23-24"",""1000023-2-2-3""]","[19.8,29.0]","[""gtfs:fare_rules:619541;fare_attributes:619541"",""gtfs:fare_rules:619570;fare_attributes:619570""]","[{""currency"":""HKD"",""destination_id"":""13304"",""fare_attribute_line"":619541,""fare_attributes_source_file"":""data/transit/hongkong/PublicTransportGTFS/gtfs.zip::fare_attributes.txt"",""fare_id"":""1000023-1-23-24"",""fare_rule_line"":619541,""fare_rules_source_file"":""data/transit/hongkong/PublicTransportGTFS/gtfs.zip::fare_rules.txt"",""origin_id"":""13309"",""price"":19.8,""route_id"":""1000023"",""source_sha256"":""e5ad020b79d0020625a4e8eb5428c2253a07705b71bfb809d8a3fa178032ce06""},{""currency"":""HKD"",""destination_id"":""13304"",""fare_attribute_line"":619570,""fare_attributes_source_file"":""data/transit/hongkong/PublicTransportGTFS/gtfs.zip::fare_attributes.txt"",""fare_id"":""1000023-2-2-3"",""fare_rule_line"":619570,""fare_rules_source_file"":""data/transit/hongkong/PublicTransportGTFS/gtfs.zip::fare_rules.txt"",""origin_id"":""13309"",""price"":29.0,""route_id"":""1000023"",""source_sha256"":""e5ad020b79d0020625a4e8eb5428c2253a07705b71bfb809d8a3fa178032ce06""}]",0,False,conflicting_amounts,published_fare_candidate_passenger_and_payment_basis_unspecified,unspecified_in_source,unspecified_in_source,unspecified_in_source,unspecified_in_source,,not_encoded_in_source_revision_cutoff_only,2026-07-14,2026-07-20,data/transit/hongkong/PublicTransportGTFS/gtfs.zip::fare_rules.txt;data/transit/hongkong/PublicTransportGTFS/gtfs.zip::fare_attributes.txt,e5ad020b79d0020625a4e8eb5428c2253a07705b71bfb809d8a3fa178032ce06,exact_route_id_and_ordered_stop_od_candidate_audit,exact,A,False,False,multiple_raw_candidates_with_different_amounts
line_bus_1000026,bus_1000026_1,confirmed_franchised_bus,confirmed_franchised_bus,LWB,"[""LWB""]",1000026,1,1,10339,943,2,2,"[""1000026-1-22-23"",""1000026-2-4-5""]","[3.8,14.4]","[""gtfs:fare_rules:620822;fare_attributes:620822"",""gtfs:fare_rules:620897;fare_attributes:620897""]","[{""currency"":""HKD"",""destination_id"":""943"",""fare_attribute_line"":620822,""fare_attributes_source_file"":""data/transit/hongkong/PublicTransportGTFS/gtfs.zip::fare_attributes.txt"",""fare_id"":""1000026-1-22-23"",""fare_rule_line"":620822,""fare_rules_source_file"":""data/transit/hongkong/PublicTransportGTFS/gtfs.zip::fare_rules.txt"",""origin_id"":""10339"",""price"":3.8,""route_id"":""1000026"",""source_sha256"":""e5ad020b79d0020625a4e8eb5428c2253a07705b71bfb809d8a3fa178032ce06""},{""currency"":""HKD"",""destination_id"":""943"",""fare_attribute_line"":620897,""fare_attributes_source_file"":""data/transit/hongkong/PublicTransportGTFS/gtfs.zip::fare_attributes.txt"",""fare_id"":""1000026-2-4-5"",""fare_rule_line"":620897,""fare_rules_source_file"":""data/transit/hongkong/PublicTransportGTFS/gtfs.zip::fare_rules.txt"",""origin_id"":""10339"",""price"":14.4,""route_id"":""1000026"",""source_sha256"":""e5ad020b79d0020625a4e8eb5428c2253a07705b71bfb809d8a3fa178032ce06""}]",0,False,conflicting_amounts,published_fare_candidate_passenger_and_payment_basis_unspecified,unspecified_in_source,unspecified_in_source,unspecified_in_source,unspecified_in_source,,not_encoded_in_source_revision_cutoff_only,2026-07-14,2026-07-20,data/transit/hongkong/PublicTransportGTFS/gtfs.zip::fare_rules.txt;data/transit/hongkong/PublicTransportGTFS/gtfs.zip::fare_attributes.txt,e5ad020b79d0020625a4e8eb5428c2253a07705b71bfb809d8a3fa178032ce06,exact_route_id_and_ordered_stop_od_candidate_audit,exact,A,False,False,multiple_raw_candidates_with_different_amounts
line_bus_1000026,bus_1000026_1,confirmed_franchised_bus,confirmed_franchised_bus,LWB,"[""LWB""]",1000026,1,1,13347,10339,2,2,"[""1000026-1-21-22"",""1000026-2-3-4""]","[3.8,14.4]","[""gtfs:fare_rules:620818;fare_attributes:620818"",""gtfs:fare_rules:620875;fare_attributes:620875""]","[{""currency"":""HKD"",""destination_id"":""10339"",""fare_attribute_line"":620818,""fare_attributes_source_file"":""data/transit/hongkong/PublicTransportGTFS/gtfs.zip::fare_attributes.txt"",""fare_id"":""1000026-1-21-22"",""fare_rule_line"":620818,""fare_rules_source_file"":""data/transit/hongkong/PublicTransportGTFS/gtfs.zip::fare_rules.txt"",""origin_id"":""13347"",""price"":3.8,""route_id"":""1000026"",""source_sha256"":""e5ad020b79d0020625a4e8eb5428c2253a07705b71bfb809d8a3fa178032ce06""},{""currency"":""HKD"",""destination_id"":""10339"",""fare_attribute_line"":620875,""fare_attributes_source_file"":""data/transit/hongkong/PublicTransportGTFS/gtfs.zip::fare_attributes.txt"",""fare_id"":""1000026-2-3-4"",""fare_rule_line"":620875,""fare_rules_source_file"":""data/transit/hongkong/PublicTransportGTFS/gtfs.zip::fare_rules.txt"",""origin_id"":""13347"",""price"":14.4,""route_id"":""1000026"",""source_sha256"":""e5ad020b79d0020625a4e8eb5428c2253a07705b71bfb809d8a3fa178032ce06""}]",0,False,conflicting_amounts,published_fare_candidate_passenger_and_payment_basis_unspecified,unspecified_in_source,unspecified_in_source,unspecified_in_source,unspecified_in_source,,not_encoded_in_source_revision_cutoff_only,2026-07-14,2026-07-20,data/transit/hongkong/PublicTransportGTFS/gtfs.zip::fare_rules.txt;data/transit/hongkong/PublicTransportGTFS/gtfs.zip::fare_attributes.txt,e5ad020b79d0020625a4e8eb5428c2253a07705b71bfb809d8a3fa178032ce06,exact_route_id_and_ordered_stop_od_candidate_audit,exact,A,False,False,multiple_raw_candidates_with_different_amounts
line_bus_1000026,bus_1000026_1,confirmed_franchised_bus,confirmed_franchised_bus,LWB,"[""LWB""]",1000026,1,1,13347,943,2,2,"[""1000026-1-21-23"",""1000026-2-3-5""]","[3.8,14.4]","[""gtfs:fare_rules:620819;fare_attributes:620819"",""gtfs:fare_rules:620876;fare_attributes:620876""]","[{""currency"":""HKD"",""destination_id"":""943"",""fare_attribute_line"":620819,""fare_attributes_source_file"":""data/transit/hongkong/PublicTransportGTFS/gtfs.zip::fare_attributes.txt"",""fare_id"":""1000026-1-21-23"",""fare_rule_line"":620819,""fare_rules_source_file"":""data/transit/hongkong/PublicTransportGTFS/gtfs.zip::fare_rules.txt"",""origin_id"":""13347"",""price"":3.8,""route_id"":""1000026"",""source_sha256"":""e5ad020b79d0020625a4e8eb5428c2253a07705b71bfb809d8a3fa178032ce06""},{""currency"":""HKD"",""destination_id"":""943"",""fare_attribute_line"":620876,""fare_attributes_source_file"":""data/transit/hongkong/PublicTransportGTFS/gtfs.zip::fare_attributes.txt"",""fare_id"":""1000026-2-3-5"",""fare_rule_line"":620876,""fare_rules_source_file"":""data/transit/hongkong/PublicTransportGTFS/gtfs.zip::fare_rules.txt"",""origin_id"":""13347"",""price"":14.4,""route_id"":""1000026"",""source_sha256"":""e5ad020b79d0020625a4e8eb5428c2253a07705b71bfb809d8a3fa178032ce06""}]",0,False,conflicting_amounts,published_fare_candidate_passenger_and_payment_basis_unspecified,unspecified_in_source,unspecified_in_source,unspecified_in_source,unspecified_in_source,,not_encoded_in_source_revision_cutoff_only,2026-07-14,2026-07-20,data/transit/hongkong/PublicTransportGTFS/gtfs.zip::fare_rules.txt;data/transit/hongkong/PublicTransportGTFS/gtfs.zip::fare_attributes.txt,e5ad020b79d0020625a4e8eb5428c2253a07705b71bfb809d8a3fa178032ce06,exact_route_id_and_ordered_stop_od_candidate_audit,exact,A,False,False,multiple_raw_candidates_with_different_amounts
line_bus_1000026,bus_1000026_2,confirmed_franchised_bus,confirmed_franchised_bus,LWB,"[""LWB""]",1000026,2,2,10339,943,2,2,"[""1000026-1-22-23"",""1000026-2-4-5""]","[3.8,14.4]","[""gtfs:fare_rules:620822;fare_attributes:620822"",""gtfs:fare_rules:620897;fare_attributes:620897""]","[{""currency"":""HKD"",""destination_id"":""943"",""fare_attribute_line"":620822,""fare_attributes_source_file"":""data/transit/hongkong/PublicTransportGTFS/gtfs.zip::fare_attributes.txt"",""fare_id"":""1000026-1-22-23"",""fare_rule_line"":620822,""fare_rules_source_file"":""data/transit/hongkong/PublicTransportGTFS/gtfs.zip::fare_rules.txt"",""origin_id"":""10339"",""price"":3.8,""route_id"":""1000026"",""source_sha256"":""e5ad020b79d0020625a4e8eb5428c2253a07705b71bfb809d8a3fa178032ce06""},{""currency"":""HKD"",""destination_id"":""943"",""fare_attribute_line"":620897,""fare_attributes_source_file"":""data/transit/hongkong/PublicTransportGTFS/gtfs.zip::fare_attributes.txt"",""fare_id"":""1000026-2-4-5"",""fare_rule_line"":620897,""fare_rules_source_file"":""data/transit/hongkong/PublicTransportGTFS/gtfs.zip::fare_rules.txt"",""origin_id"":""10339"",""price"":14.4,""route_id"":""1000026"",""source_sha256"":""e5ad020b79d0020625a4e8eb5428c2253a07705b71bfb809d8a3fa178032ce06""}]",0,False,conflicting_amounts,published_fare_candidate_passenger_and_payment_basis_unspecified,unspecified_in_source,unspecified_in_source,unspecified_in_source,unspecified_in_source,,not_encoded_in_source_revision_cutoff_only,2026-07-14,2026-07-20,data/transit/hongkong/PublicTransportGTFS/gtfs.zip::fare_rules.txt;data/transit/hongkong/PublicTransportGTFS/gtfs.zip::fare_attributes.txt,e5ad020b79d0020625a4e8eb5428c2253a07705b71bfb809d8a3fa178032ce06,exact_route_id_and_ordered_stop_od_candidate_audit,exact,A,False,False,multiple_raw_candidates_with_different_amounts
line_bus_1000026,bus_1000026_2,confirmed_franchised_bus,confirmed_franchised_bus,LWB,"[""LWB""]",1000026,2,2,13347,10339,2,2,"[""1000026-1-21-22"",""1000026-2-3-4""]","[3.8,14.4]","[""gtfs:fare_rules:620818;fare_attributes:620818"",""gtfs:fare_rules:620875;fare_attributes:620875""]","[{""currency"":""HKD"",""destination_id"":""10339"",""fare_attribute_line"":620818,""fare_attributes_source_file"":""data/transit/hongkong/PublicTransportGTFS/gtfs.zip::fare_attributes.txt"",""fare_id"":""1000026-1-21-22"",""fare_rule_line"":620818,""fare_rules_source_file"":""data/transit/hongkong/PublicTransportGTFS/gtfs.zip::fare_rules.txt"",""origin_id"":""13347"",""price"":3.8,""route_id"":""1000026"",""source_sha256"":""e5ad020b79d0020625a4e8eb5428c2253a07705b71bfb809d8a3fa178032ce06""},{""currency"":""HKD"",""destination_id"":""10339"",""fare_attribute_line"":620875,""fare_attributes_source_file"":""data/transit/hongkong/PublicTransportGTFS/gtfs.zip::fare_attributes.txt"",""fare_id"":""1000026-2-3-4"",""fare_rule_line"":620875,""fare_rules_source_file"":""data/transit/hongkong/PublicTransportGTFS/gtfs.zip::fare_rules.txt"",""origin_id"":""13347"",""price"":14.4,""route_id"":""1000026"",""source_sha256"":""e5ad020b79d0020625a4e8eb5428c2253a07705b71bfb809d8a3fa178032ce06""}]",0,False,conflicting_amounts,published_fare_candidate_passenger_and_payment_basis_unspecified,unspecified_in_source,unspecified_in_source,unspecified_in_source,unspecified_in_source,,not_encoded_in_source_revision_cutoff_only,2026-07-14,2026-07-20,data/transit/hongkong/PublicTransportGTFS/gtfs.zip::fare_rules.txt;data/transit/hongkong/PublicTransportGTFS/gtfs.zip::fare_attributes.txt,e5ad020b79d0020625a4e8eb5428c2253a07705b71bfb809d8a3fa178032ce06,exact_route_id_and_ordered_stop_od_candidate_audit,exact,A,False,False,multiple_raw_candidates_with_different_amounts
line_bus_1000026,bus_1000026_2,confirmed_franchised_bus,confirmed_franchised_bus,LWB,"[""LWB""]",1000026,2,2,13347,943,2,2,"[""1000026-1-21-23"",""1000026-2-3-5""]","[3.8,14.4]","[""gtfs:fare_rules:620819;fare_attributes:620819"",""gtfs:fare_rules:620876;fare_attributes:620876""]","[{""currency"":""HKD"",""destination_id"":""943"",""fare_attribute_line"":620819,""fare_attributes_source_file"":""data/transit/hongkong/PublicTransportGTFS/gtfs.zip::fare_attributes.txt"",""fare_id"":""1000026-1-21-23"",""fare_rule_line"":620819,""fare_rules_source_file"":""data/transit/hongkong/PublicTransportGTFS/gtfs.zip::fare_rules.txt"",""origin_id"":""13347"",""price"":3.8,""route_id"":""1000026"",""source_sha256"":""e5ad020b79d0020625a4e8eb5428c2253a07705b71bfb809d8a3fa178032ce06""},{""currency"":""HKD"",""destination_id"":""943"",""fare_attribute_line"":620876,""fare_attributes_source_file"":""data/transit/hongkong/PublicTransportGTFS/gtfs.zip::fare_attributes.txt"",""fare_id"":""1000026-2-3-5"",""fare_rule_line"":620876,""fare_rules_source_file"":""data/transit/hongkong/PublicTransportGTFS/gtfs.zip::fare_rules.txt"",""origin_id"":""13347"",""price"":14.4,""route_id"":""1000026"",""source_sha256"":""e5ad020b79d0020625a4e8eb5428c2253a07705b71bfb809d8a3fa178032ce06""}]",0,False,conflicting_amounts,published_fare_candidate_passenger_and_payment_basis_unspecified,unspecified_in_source,unspecified_in_source,unspecified_in_source,unspecified_in_source,,not_encoded_in_source_revision_cutoff_only,2026-07-14,2026-07-20,data/transit/hongkong/PublicTransportGTFS/gtfs.zip::fare_rules.txt;data/transit/hongkong/PublicTransportGTFS/gtfs.zip::fare_attributes.txt,e5ad020b79d0020625a4e8eb5428c2253a07705b71bfb809d8a3fa178032ce06,exact_route_id_and_ordered_stop_od_candidate_audit,exact,A,False,False,multiple_raw_candidates_with_different_amounts
line_bus_1000063,bus_1000063_1,confirmed_franchised_bus,confirmed_franchised_bus,KMB,"[""KMB""]",1000063,1,1,1551,3,2,2,"[""1000063-1-33-37"",""1000063-2-5-9""]","[5.3,11.4]","[""gtfs:fare_rules:629820;fare_attributes:629820"",""gtfs:fare_rules:630010;fare_attributes:630010""]","[{""currency"":""HKD"",""destination_id"":""3"",""fare_attribute_line"":629820,""fare_attributes_source_file"":""data/transit/hongkong/PublicTransportGTFS/gtfs.zip::fare_attributes.txt"",""fare_id"":""1000063-1-33-37"",""fare_rule_line"":629820,""fare_rules_source_file"":""data/transit/hongkong/PublicTransportGTFS/gtfs.zip::fare_rules.txt"",""origin_id"":""1551"",""price"":5.3,""route_id"":""1000063"",""source_sha256"":""e5ad020b79d0020625a4e8eb5428c2253a07705b71bfb809d8a3fa178032ce06""},{""currency"":""HKD"",""destination_id"":""3"",""fare_attribute_line"":630010,""fare_attributes_source_file"":""data/transit/hongkong/PublicTransportGTFS/gtfs.zip::fare_attributes.txt"",""fare_id"":""1000063-2-5-9"",""fare_rule_line"":630010,""fare_rules_source_file"":""data/transit/hongkong/PublicTransportGTFS/gtfs.zip::fare_rules.txt"",""origin_id"":""1551"",""price"":11.4,""route_id"":""1000063"",""source_sha256"":""e5ad020b79d0020625a4e8eb5428c2253a07705b71bfb809d8a3fa178032ce06""}]",0,False,conflicting_amounts,published_fare_candidate_passenger_and_payment_basis_unspecified,unspecified_in_source,unspecified_in_source,unspecified_in_source,unspecified_in_source,,not_encoded_in_source_revision_cutoff_only,2026-07-14,2026-07-20,data/transit/hongkong/PublicTransportGTFS/gtfs.zip::fare_rules.txt;data/transit/hongkong/PublicTransportGTFS/gtfs.zip::fare_attributes.txt,e5ad020b79d0020625a4e8eb5428c2253a07705b71bfb809d8a3fa178032ce06,exact_route_id_and_ordered_stop_od_candidate_audit,exact,A,False,False,multiple_raw_candidates_with_different_amounts
line_bus_1000063,bus_1000063_2,confirmed_franchised_bus,confirmed_franchised_bus,KMB,"[""KMB""]",1000063,2,2,1551,3,2,2,"[""1000063-1-33-37"",""1000063-2-5-9""]","[5.3,11.4]","[""gtfs:fare_rules:629820;fare_attributes:629820"",""gtfs:fare_rules:630010;fare_attributes:630010""]","[{""currency"":""HKD"",""destination_id"":""3"",""fare_attribute_line"":629820,""fare_attributes_source_file"":""data/transit/hongkong/PublicTransportGTFS/gtfs.zip::fare_attributes.txt"",""fare_id"":""1000063-1-33-37"",""fare_rule_line"":629820,""fare_rules_source_file"":""data/transit/hongkong/PublicTransportGTFS/gtfs.zip::fare_rules.txt"",""origin_id"":""1551"",""price"":5.3,""route_id"":""1000063"",""source_sha256"":""e5ad020b79d0020625a4e8eb5428c2253a07705b71bfb809d8a3fa178032ce06""},{""currency"":""HKD"",""destination_id"":""3"",""fare_attribute_line"":630010,""fare_attributes_source_file"":""data/transit/hongkong/PublicTransportGTFS/gtfs.zip::fare_attributes.txt"",""fare_id"":""1000063-2-5-9"",""fare_rule_line"":630010,""fare_rules_source_file"":""data/transit/hongkong/PublicTransportGTFS/gtfs.zip::fare_rules.txt"",""origin_id"":""1551"",""price"":11.4,""route_id"":""1000063"",""source_sha256"":""e5ad020b79d0020625a4e8eb5428c2253a07705b71bfb809d8a3fa178032ce06""}]",0,False,conflicting_amounts,published_fare_candidate_passenger_and_payment_basis_unspecified,unspecified_in_source,unspecified_in_source,unspecified_in_source,unspecified_in_source,,not_encoded_in_source_revision_cutoff_only,2026-07-14,2026-07-20,data/transit/hongkong/PublicTransportGTFS/gtfs.zip::fare_rules.txt;data/transit/hongkong/PublicTransportGTFS/gtfs.zip::fare_attributes.txt,e5ad020b79d0020625a4e8eb5428c2253a07705b71bfb809d8a3fa178032ce06,exact_route_id_and_ordered_stop_od_candidate_audit,exact,A,False,False,multiple_raw_candidates_with_different_amounts
line_bus_1000074,bus_1000074_1,confirmed_franchised_bus,confirmed_franchised_bus,CTB,"[""CTB""]",1000074,1,1,10000219,10000220,2,2,"[""1000074-1-17-18"",""1000074-2-14-15""]","[4.2,21.7]","[""gtfs:fare_rules:634410;fare_attributes:634410"",""gtfs:fare_rules:634774;fare_attributes:634774""]","[{""currency"":""HKD"",""destination_id"":""10000220"",""fare_attribute_line"":634410,""fare_attributes_source_file"":""data/transit/hongkong/PublicTransportGTFS/gtfs.zip::fare_attributes.txt"",""fare_id"":""1000074-1-17-18"",""fare_rule_line"":634410,""fare_rules_source_file"":""data/transit/hongkong/PublicTransportGTFS/gtfs.zip::fare_rules.txt"",""origin_id"":""10000219"",""price"":4.2,""route_id"":""1000074"",""source_sha256"":""e5ad020b79d0020625a4e8eb5428c2253a07705b71bfb809d8a3fa178032ce06""},{""currency"":""HKD"",""destination_id"":""10000220"",""fare_attribute_line"":634774,""fare_attributes_source_file"":""data/transit/hongkong/PublicTransportGTFS/gtfs.zip::fare_attributes.txt"",""fare_id"":""1000074-2-14-15"",""fare_rule_line"":634774,""fare_rules_source_file"":""data/transit/hongkong/PublicTransportGTFS/gtfs.zip::fare_rules.txt"",""origin_id"":""10000219"",""price"":21.7,""route_id"":""1000074"",""source_sha256"":""e5ad020b79d0020625a4e8eb5428c2253a07705b71bfb809d8a3fa178032ce06""}]",0,False,conflicting_amounts,published_fare_candidate_passenger_and_payment_basis_unspecified,unspecified_in_source,unspecified_in_source,unspecified_in_source,unspecified_in_source,,not_encoded_in_source_revision_cutoff_only,2026-07-14,2026-07-20,data/transit/hongkong/PublicTransportGTFS/gtfs.zip::fare_rules.txt;data/transit/hongkong/PublicTransportGTFS/gtfs.zip::fare_attributes.txt,e5ad020b79d0020625a4e8eb5428c2253a07705b71bfb809d8a3fa178032ce06,exact_route_id_and_ordered_stop_od_candidate_audit,exact,A,False,False,multiple_raw_candidates_with_different_amounts
line_bus_1000074,bus_1000074_1,confirmed_franchised_bus,confirmed_franchised_bus,CTB,"[""CTB""]",1000074,1,1,10348,10351,2,2,"[""1000074-1-20-22"",""1000074-2-8-10""]","[4.2,21.7]","[""gtfs:fare_rules:634444;fare_attributes:634444"",""gtfs:fare_rules:634664;fare_attributes:634664""]","[{""currency"":""HKD"",""destination_id"":""10351"",""fare_attribute_line"":634444,""fare_attributes_source_file"":""data/transit/hongkong/PublicTransportGTFS/gtfs.zip::fare_attributes.txt"",""fare_id"":""1000074-1-20-22"",""fare_rule_line"":634444,""fare_rules_source_file"":""data/transit/hongkong/PublicTransportGTFS/gtfs.zip::fare_rules.txt"",""origin_id"":""10348"",""price"":4.2,""route_id"":""1000074"",""source_sha256"":""e5ad020b79d0020625a4e8eb5428c2253a07705b71bfb809d8a3fa178032ce06""},{""currency"":""HKD"",""destination_id"":""10351"",""fare_attribute_line"":634664,""fare_attributes_source_file"":""data/transit/hongkong/PublicTransportGTFS/gtfs.zip::fare_attributes.txt"",""fare_id"":""1000074-2-8-10"",""fare_rule_line"":634664,""fare_rules_source_file"":""data/transit/hongkong/PublicTransportGTFS/gtfs.zip::fare_rules.txt"",""origin_id"":""10348"",""price"":21.7,""route_id"":""1000074"",""source_sha256"":""e5ad020b79d0020625a4e8eb5428c2253a07705b71bfb809d8a3fa178032ce06""}]",0,False,conflicting_amounts,published_fare_candidate_passenger_and_payment_basis_unspecified,unspecified_in_source,unspecified_in_source,unspecified_in_source,unspecified_in_source,,not_encoded_in_source_revision_cutoff_only,2026-07-14,2026-07-20,data/transit/hongkong/PublicTransportGTFS/gtfs.zip::fare_rules.txt;data/transit/hongkong/PublicTransportGTFS/gtfs.zip::fare_attributes.txt,e5ad020b79d0020625a4e8eb5428c2253a07705b71bfb809d8a3fa178032ce06,exact_route_id_and_ordered_stop_od_candidate_audit,exact,A,False,False,multiple_raw_candidates_with_different_amounts
line_bus_1000074,bus_1000074_1,confirmed_franchised_bus,confirmed_franchised_bus,CTB,"[""CTB""]",1000074,1,1,10348,12250,2,2,"[""1000074-1-20-21"",""1000074-2-8-9""]","[4.2,21.7]","[""gtfs:fare_rules:634443;fare_attributes:634443"",""gtfs:fare_rules:634663;fare_attributes:634663""]","[{""currency"":""HKD"",""destination_id"":""12250"",""fare_attribute_line"":634443,""fare_attributes_source_file"":""data/transit/hongkong/PublicTransportGTFS/gtfs.zip::fare_attributes.txt"",""fare_id"":""1000074-1-20-21"",""fare_rule_line"":634443,""fare_rules_source_file"":""data/transit/hongkong/PublicTransportGTFS/gtfs.zip::fare_rules.txt"",""origin_id"":""10348"",""price"":4.2,""route_id"":""1000074"",""source_sha256"":""e5ad020b79d0020625a4e8eb5428c2253a07705b71bfb809d8a3fa178032ce06""},{""currency"":""HKD"",""destination_id"":""12250"",""fare_attribute_line"":634663,""fare_attributes_source_file"":""data/transit/hongkong/PublicTransportGTFS/gtfs.zip::fare_attributes.txt"",""fare_id"":""1000074-2-8-9"",""fare_rule_line"":634663,""fare_rules_source_file"":""data/transit/hongkong/PublicTransportGTFS/gtfs.zip::fare_rules.txt"",""origin_id"":""10348"",""price"":21.7,""route_id"":""1000074"",""source_sha256"":""e5ad020b79d0020625a4e8eb5428c2253a07705b71bfb809d8a3fa178032ce06""}]",0,False,conflicting_amounts,published_fare_candidate_passenger_and_payment_basis_unspecified,unspecified_in_source,unspecified_in_source,unspecified_in_source,unspecified_in_source,,not_encoded_in_source_revision_cutoff_only,2026-07-14,2026-07-20,data/transit/hongkong/PublicTransportGTFS/gtfs.zip::fare_rules.txt;data/transit/hongkong/PublicTransportGTFS/gtfs.zip::fare_attributes.txt,e5ad020b79d0020625a4e8eb5428c2253a07705b71bfb809d8a3fa178032ce06,exact_route_id_and_ordered_stop_od_candidate_audit,exact,A,False,False,multiple_raw_candidates_with_different_amounts
line_bus_1000074,bus_1000074_1,confirmed_franchised_bus,confirmed_franchised_bus,CTB,"[""CTB""]",1000074,1,1,10348,13230,2,2,"[""1000074-1-20-25"",""1000074-2-8-13""]","[4.2,21.7]","[""gtfs:fare_rules:634447;fare_attributes:634447"",""gtfs:fare_rules:634667;fare_attributes:634667""]","[{""currency"":""HKD"",""destination_id"":""13230"",""fare_attribute_line"":634447,""fare_attributes_source_file"":""data/transit/hongkong/PublicTransportGTFS/gtfs.zip::fare_attributes.txt"",""fare_id"":""1000074-1-20-25"",""fare_rule_line"":634447,""fare_rules_source_file"":""data/transit/hongkong/PublicTransportGTFS/gtfs.zip::fare_rules.txt"",""origin_id"":""10348"",""price"":4.2,""route_id"":""1000074"",""source_sha256"":""e5ad020b79d0020625a4e8eb5428c2253a07705b71bfb809d8a3fa178032ce06""},{""currency"":""HKD"",""destination_id"":""13230"",""fare_attribute_line"":634667,""fare_attributes_source_file"":""data/transit/hongkong/PublicTransportGTFS/gtfs.zip::fare_attributes.txt"",""fare_id"":""1000074-2-8-13"",""fare_rule_line"":634667,""fare_rules_source_file"":""data/transit/hongkong/PublicTransportGTFS/gtfs.zip::fare_rules.txt"",""origin_id"":""10348"",""price"":21.7,""route_id"":""1000074"",""source_sha256"":""e5ad020b79d0020625a4e8eb5428c2253a07705b71bfb809d8a3fa178032ce06""}]",0,False,conflicting_amounts,published_fare_candidate_passenger_and_payment_basis_unspecified,unspecified_in_source,unspecified_in_source,unspecified_in_source,unspecified_in_source,,not_encoded_in_source_revision_cutoff_only,2026-07-14,2026-07-20,data/transit/hongkong/PublicTransportGTFS/gtfs.zip::fare_rules.txt;data/transit/hongkong/PublicTransportGTFS/gtfs.zip::fare_attributes.txt,e5ad020b79d0020625a4e8eb5428c2253a07705b71bfb809d8a3fa178032ce06,exact_route_id_and_ordered_stop_od_candidate_audit,exact,A,False,False,multiple_raw_candidates_with_different_amounts
line_bus_1000074,bus_1000074_1,confirmed_franchised_bus,confirmed_franchised_bus,CTB,"[""CTB""]",1000074,1,1,10348,13231,2,2,"[""1000074-1-20-23"",""1000074-2-8-11""]","[4.2,21.7]","[""gtfs:fare_rules:634445;fare_attributes:634445"",""gtfs:fare_rules:634665;fare_attributes:634665""]","[{""currency"":""HKD"",""destination_id"":""13231"",""fare_attribute_line"":634445,""fare_attributes_source_file"":""data/transit/hongkong/PublicTransportGTFS/gtfs.zip::fare_attributes.txt"",""fare_id"":""1000074-1-20-23"",""fare_rule_line"":634445,""fare_rules_source_file"":""data/transit/hongkong/PublicTransportGTFS/gtfs.zip::fare_rules.txt"",""origin_id"":""10348"",""price"":4.2,""route_id"":""1000074"",""source_sha256"":""e5ad020b79d0020625a4e8eb5428c2253a07705b71bfb809d8a3fa178032ce06""},{""currency"":""HKD"",""destination_id"":""13231"",""fare_attribute_line"":634665,""fare_attributes_source_file"":""data/transit/hongkong/PublicTransportGTFS/gtfs.zip::fare_attributes.txt"",""fare_id"":""1000074-2-8-11"",""fare_rule_line"":634665,""fare_rules_source_file"":""data/transit/hongkong/PublicTransportGTFS/gtfs.zip::fare_rules.txt"",""origin_id"":""10348"",""price"":21.7,""route_id"":""1000074"",""source_sha256"":""e5ad020b79d0020625a4e8eb5428c2253a07705b71bfb809d8a3fa178032ce06""}]",0,False,conflicting_amounts,published_fare_candidate_passenger_and_payment_basis_unspecified,unspecified_in_source,unspecified_in_source,unspecified_in_source,unspecified_in_source,,not_encoded_in_source_revision_cutoff_only,2026-07-14,2026-07-20,data/transit/hongkong/PublicTransportGTFS/gtfs.zip::fare_rules.txt;data/transit/hongkong/PublicTransportGTFS/gtfs.zip::fare_attributes.txt,e5ad020b79d0020625a4e8eb5428c2253a07705b71bfb809d8a3fa178032ce06,exact_route_id_and_ordered_stop_od_candidate_audit,exact,A,False,False,multiple_raw_candidates_with_different_amounts
line_bus_1000074,bus_1000074_1,confirmed_franchised_bus,confirmed_franchised_bus,CTB,"[""CTB""]",1000074,1,1,10348,13262,2,2,"[""1000074-1-20-24"",""1000074-2-8-12""]","[4.2,21.7]","[""gtfs:fare_rules:634446;fare_attributes:634446"",""gtfs:fare_rules:634666;fare_attributes:634666""]","[{""currency"":""HKD"",""destination_id"":""13262"",""fare_attribute_line"":634446,""fare_attributes_source_file"":""data/transit/hongkong/PublicTransportGTFS/gtfs.zip::fare_attributes.txt"",""fare_id"":""1000074-1-20-24"",""fare_rule_line"":634446,""fare_rules_source_file"":""data/transit/hongkong/PublicTransportGTFS/gtfs.zip::fare_rules.txt"",""origin_id"":""10348"",""price"":4.2,""route_id"":""1000074"",""source_sha256"":""e5ad020b79d0020625a4e8eb5428c2253a07705b71bfb809d8a3fa178032ce06""},{""currency"":""HKD"",""destination_id"":""13262"",""fare_attribute_line"":634666,""fare_attributes_source_file"":""data/transit/hongkong/PublicTransportGTFS/gtfs.zip::fare_attributes.txt"",""fare_id"":""1000074-2-8-12"",""fare_rule_line"":634666,""fare_rules_source_file"":""data/transit/hongkong/PublicTransportGTFS/gtfs.zip::fare_rules.txt"",""origin_id"":""10348"",""price"":21.7,""route_id"":""1000074"",""source_sha256"":""e5ad020b79d0020625a4e8eb5428c2253a07705b71bfb809d8a3fa178032ce06""}]",0,False,conflicting_amounts,published_fare_candidate_passenger_and_payment_basis_unspecified,unspecified_in_source,unspecified_in_source,unspecified_in_source,unspecified_in_source,,not_encoded_in_source_revision_cutoff_only,2026-07-14,2026-07-20,data/transit/hongkong/PublicTransportGTFS/gtfs.zip::fare_rules.txt;data/transit/hongkong/PublicTransportGTFS/gtfs.zip::fare_attributes.txt,e5ad020b79d0020625a4e8eb5428c2253a07705b71bfb809d8a3fa178032ce06,exact_route_id_and_ordered_stop_od_candidate_audit,exact,A,False,False,multiple_raw_candidates_with_different_amounts
line_bus_1000074,bus_1000074_1,confirmed_franchised_bus,confirmed_franchised_bus,CTB,"[""CTB""]",1000074,1,1,10349,10348,2,2,"[""1000074-1-19-20"",""1000074-2-7-8""]","[4.2,21.7]","[""gtfs:fare_rules:634433;fare_attributes:634433"",""gtfs:fare_rules:634641;fare_attributes:634641""]","[{""currency"":""HKD"",""destination_id"":""10348"",""fare_attribute_line"":634433,""fare_attributes_source_file"":""data/transit/hongkong/PublicTransportGTFS/gtfs.zip::fare_attributes.txt"",""fare_id"":""1000074-1-19-20"",""fare_rule_line"":634433,""fare_rules_source_file"":""data/transit/hongkong/PublicTransportGTFS/gtfs.zip::fare_rules.txt"",""origin_id"":""10349"",""price"":4.2,""route_id"":""1000074"",""source_sha256"":""e5ad020b79d0020625a4e8eb5428c2253a07705b71bfb809d8a3fa178032ce06""},{""currency"":""HKD"",""destination_id"":""10348"",""fare_attribute_line"":634641,""fare_attributes_source_file"":""data/transit/hongkong/PublicTransportGTFS/gtfs.zip::fare_attributes.txt"",""fare_id"":""1000074-2-7-8"",""fare_rule_line"":634641,""fare_rules_source_file"":""data/transit/hongkong/PublicTransportGTFS/gtfs.zip::fare_rules.txt"",""origin_id"":""10349"",""price"":21.7,""route_id"":""1000074"",""source_sha256"":""e5ad020b79d0020625a4e8eb5428c2253a07705b71bfb809d8a3fa178032ce06""}]",0,False,conflicting_amounts,published_fare_candidate_passenger_and_payment_basis_unspecified,unspecified_in_source,unspecified_in_source,unspecified_in_source,unspecified_in_source,,not_encoded_in_source_revision_cutoff_only,2026-07-14,2026-07-20,data/transit/hongkong/PublicTransportGTFS/gtfs.zip::fare_rules.txt;data/transit/hongkong/PublicTransportGTFS/gtfs.zip::fare_attributes.txt,e5ad020b79d0020625a4e8eb5428c2253a07705b71bfb809d8a3fa178032ce06,exact_route_id_and_ordered_stop_od_candidate_audit,exact,A,False,False,multiple_raw_candidates_with_different_amounts
line_bus_1000074,bus_1000074_1,confirmed_franchised_bus,confirmed_franchised_bus,CTB,"[""CTB""]",1000074,1,1,10349,10351,2,2,"[""1000074-1-19-22"",""1000074-2-7-10""]","[4.2,21.7]","[""gtfs:fare_rules:634435;fare_attributes:634435"",""gtfs:fare_rules:634643;fare_attributes:634643""]","[{""currency"":""HKD"",""destination_id"":""10351"",""fare_attribute_line"":634435,""fare_attributes_source_file"":""data/transit/hongkong/PublicTransportGTFS/gtfs.zip::fare_attributes.txt"",""fare_id"":""1000074-1-19-22"",""fare_rule_line"":634435,""fare_rules_source_file"":""data/transit/hongkong/PublicTransportGTFS/gtfs.zip::fare_rules.txt"",""origin_id"":""10349"",""price"":4.2,""route_id"":""1000074"",""source_sha256"":""e5ad020b79d0020625a4e8eb5428c2253a07705b71bfb809d8a3fa178032ce06""},{""currency"":""HKD"",""destination_id"":""10351"",""fare_attribute_line"":634643,""fare_attributes_source_file"":""data/transit/hongkong/PublicTransportGTFS/gtfs.zip::fare_attributes.txt"",""fare_id"":""1000074-2-7-10"",""fare_rule_line"":634643,""fare_rules_source_file"":""data/transit/hongkong/PublicTransportGTFS/gtfs.zip::fare_rules.txt"",""origin_id"":""10349"",""price"":21.7,""route_id"":""1000074"",""source_sha256"":""e5ad020b79d0020625a4e8eb5428c2253a07705b71bfb809d8a3fa178032ce06""}]",0,False,conflicting_amounts,published_fare_candidate_passenger_and_payment_basis_unspecified,unspecified_in_source,unspecified_in_source,unspecified_in_source,unspecified_in_source,,not_encoded_in_source_revision_cutoff_only,2026-07-14,2026-07-20,data/transit/hongkong/PublicTransportGTFS/gtfs.zip::fare_rules.txt;data/transit/hongkong/PublicTransportGTFS/gtfs.zip::fare_attributes.txt,e5ad020b79d0020625a4e8eb5428c2253a07705b71bfb809d8a3fa178032ce06,exact_route_id_and_ordered_stop_od_candidate_audit,exact,A,False,False,multiple_raw_candidates_with_different_amounts
line_bus_1000074,bus_1000074_1,confirmed_franchised_bus,confirmed_franchised_bus,CTB,"[""CTB""]",1000074,1,1,10349,12250,2,2,"[""1000074-1-19-21"",""1000074-2-7-9""]","[4.2,21.7]","[""gtfs:fare_rules:634434;fare_attributes:634434"",""gtfs:fare_rules:634642;fare_attributes:634642""]","[{""currency"":""HKD"",""destination_id"":""12250"",""fare_attribute_line"":634434,""fare_attributes_source_file"":""data/transit/hongkong/PublicTransportGTFS/gtfs.zip::fare_attributes.txt"",""fare_id"":""1000074-1-19-21"",""fare_rule_line"":634434,""fare_rules_source_file"":""data/transit/hongkong/PublicTransportGTFS/gtfs.zip::fare_rules.txt"",""origin_id"":""10349"",""price"":4.2,""route_id"":""1000074"",""source_sha256"":""e5ad020b79d0020625a4e8eb5428c2253a07705b71bfb809d8a3fa178032ce06""},{""currency"":""HKD"",""destination_id"":""12250"",""fare_attribute_line"":634642,""fare_attributes_source_file"":""data/transit/hongkong/PublicTransportGTFS/gtfs.zip::fare_attributes.txt"",""fare_id"":""1000074-2-7-9"",""fare_rule_line"":634642,""fare_rules_source_file"":""data/transit/hongkong/PublicTransportGTFS/gtfs.zip::fare_rules.txt"",""origin_id"":""10349"",""price"":21.7,""route_id"":""1000074"",""source_sha256"":""e5ad020b79d0020625a4e8eb5428c2253a07705b71bfb809d8a3fa178032ce06""}]",0,False,conflicting_amounts,published_fare_candidate_passenger_and_payment_basis_unspecified,unspecified_in_source,unspecified_in_source,unspecified_in_source,unspecified_in_source,,not_encoded_in_source_revision_cutoff_only,2026-07-14,2026-07-20,data/transit/hongkong/PublicTransportGTFS/gtfs.zip::fare_rules.txt;data/transit/hongkong/PublicTransportGTFS/gtfs.zip::fare_attributes.txt,e5ad020b79d0020625a4e8eb5428c2253a07705b71bfb809d8a3fa178032ce06,exact_route_id_and_ordered_stop_od_candidate_audit,exact,A,False,False,multiple_raw_candidates_with_different_amounts
line_bus_1000074,bus_1000074_1,confirmed_franchised_bus,confirmed_franchised_bus,CTB,"[""CTB""]",1000074,1,1,10349,13230,2,2,"[""1000074-1-19-25"",""1000074-2-7-13""]","[4.2,21.7]","[""gtfs:fare_rules:634438;fare_attributes:634438"",""gtfs:fare_rules:634646;fare_attributes:634646""]","[{""currency"":""HKD"",""destination_id"":""13230"",""fare_attribute_line"":634438,""fare_attributes_source_file"":""data/transit/hongkong/PublicTransportGTFS/gtfs.zip::fare_attributes.txt"",""fare_id"":""1000074-1-19-25"",""fare_rule_line"":634438,""fare_rules_source_file"":""data/transit/hongkong/PublicTransportGTFS/gtfs.zip::fare_rules.txt"",""origin_id"":""10349"",""price"":4.2,""route_id"":""1000074"",""source_sha256"":""e5ad020b79d0020625a4e8eb5428c2253a07705b71bfb809d8a3fa178032ce06""},{""currency"":""HKD"",""destination_id"":""13230"",""fare_attribute_line"":634646,""fare_attributes_source_file"":""data/transit/hongkong/PublicTransportGTFS/gtfs.zip::fare_attributes.txt"",""fare_id"":""1000074-2-7-13"",""fare_rule_line"":634646,""fare_rules_source_file"":""data/transit/hongkong/PublicTransportGTFS/gtfs.zip::fare_rules.txt"",""origin_id"":""10349"",""price"":21.7,""route_id"":""1000074"",""source_sha256"":""e5ad020b79d0020625a4e8eb5428c2253a07705b71bfb809d8a3fa178032ce06""}]",0,False,conflicting_amounts,published_fare_candidate_passenger_and_payment_basis_unspecified,unspecified_in_source,unspecified_in_source,unspecified_in_source,unspecified_in_source,,not_encoded_in_source_revision_cutoff_only,2026-07-14,2026-07-20,data/transit/hongkong/PublicTransportGTFS/gtfs.zip::fare_rules.txt;data/transit/hongkong/PublicTransportGTFS/gtfs.zip::fare_attributes.txt,e5ad020b79d0020625a4e8eb5428c2253a07705b71bfb809d8a3fa178032ce06,exact_route_id_and_ordered_stop_od_candidate_audit,exact,A,False,False,multiple_raw_candidates_with_different_amounts
line_bus_1000074,bus_1000074_1,confirmed_franchised_bus,confirmed_franchised_bus,CTB,"[""CTB""]",1000074,1,1,10349,13231,2,2,"[""1000074-1-19-23"",""1000074-2-7-11""]","[4.2,21.7]","[""gtfs:fare_rules:634436;fare_attributes:634436"",""gtfs:fare_rules:634644;fare_attributes:634644""]","[{""currency"":""HKD"",""destination_id"":""13231"",""fare_attribute_line"":634436,""fare_attributes_source_file"":""data/transit/hongkong/PublicTransportGTFS/gtfs.zip::fare_attributes.txt"",""fare_id"":""1000074-1-19-23"",""fare_rule_line"":634436,""fare_rules_source_file"":""data/transit/hongkong/PublicTransportGTFS/gtfs.zip::fare_rules.txt"",""origin_id"":""10349"",""price"":4.2,""route_id"":""1000074"",""source_sha256"":""e5ad020b79d0020625a4e8eb5428c2253a07705b71bfb809d8a3fa178032ce06""},{""currency"":""HKD"",""destination_id"":""13231"",""fare_attribute_line"":634644,""fare_attributes_source_file"":""data/transit/hongkong/PublicTransportGTFS/gtfs.zip::fare_attributes.txt"",""fare_id"":""1000074-2-7-11"",""fare_rule_line"":634644,""fare_rules_source_file"":""data/transit/hongkong/PublicTransportGTFS/gtfs.zip::fare_rules.txt"",""origin_id"":""10349"",""price"":21.7,""route_id"":""1000074"",""source_sha256"":""e5ad020b79d0020625a4e8eb5428c2253a07705b71bfb809d8a3fa178032ce06""}]",0,False,conflicting_amounts,published_fare_candidate_passenger_and_payment_basis_unspecified,unspecified_in_source,unspecified_in_source,unspecified_in_source,unspecified_in_source,,not_encoded_in_source_revision_cutoff_only,2026-07-14,2026-07-20,data/transit/hongkong/PublicTransportGTFS/gtfs.zip::fare_rules.txt;data/transit/hongkong/PublicTransportGTFS/gtfs.zip::fare_attributes.txt,e5ad020b79d0020625a4e8eb5428c2253a07705b71bfb809d8a3fa178032ce06,exact_route_id_and_ordered_stop_od_candidate_audit,exact,A,False,False,multiple_raw_candidates_with_different_amounts
line_bus_1000074,bus_1000074_1,confirmed_franchised_bus,confirmed_franchised_bus,CTB,"[""CTB""]",1000074,1,1,10349,13262,2,2,"[""1000074-1-19-24"",""1000074-2-7-12""]","[4.2,21.7]","[""gtfs:fare_rules:634437;fare_attributes:634437"",""gtfs:fare_rules:634645;fare_attributes:634645""]","[{""currency"":""HKD"",""destination_id"":""13262"",""fare_attribute_line"":634437,""fare_attributes_source_file"":""data/transit/hongkong/PublicTransportGTFS/gtfs.zip::fare_attributes.txt"",""fare_id"":""1000074-1-19-24"",""fare_rule_line"":634437,""fare_rules_source_file"":""data/transit/hongkong/PublicTransportGTFS/gtfs.zip::fare_rules.txt"",""origin_id"":""10349"",""price"":4.2,""route_id"":""1000074"",""source_sha256"":""e5ad020b79d0020625a4e8eb5428c2253a07705b71bfb809d8a3fa178032ce06""},{""currency"":""HKD"",""destination_id"":""13262"",""fare_attribute_line"":634645,""fare_attributes_source_file"":""data/transit/hongkong/PublicTransportGTFS/gtfs.zip::fare_attributes.txt"",""fare_id"":""1000074-2-7-12"",""fare_rule_line"":634645,""fare_rules_source_file"":""data/transit/hongkong/PublicTransportGTFS/gtfs.zip::fare_rules.txt"",""origin_id"":""10349"",""price"":21.7,""route_id"":""1000074"",""source_sha256"":""e5ad020b79d0020625a4e8eb5428c2253a07705b71bfb809d8a3fa178032ce06""}]",0,False,conflicting_amounts,published_fare_candidate_passenger_and_payment_basis_unspecified,unspecified_in_source,unspecified_in_source,unspecified_in_source,unspecified_in_source,,not_encoded_in_source_revision_cutoff_only,2026-07-14,2026-07-20,data/transit/hongkong/PublicTransportGTFS/gtfs.zip::fare_rules.txt;data/transit/hongkong/PublicTransportGTFS/gtfs.zip::fare_attributes.txt,e5ad020b79d0020625a4e8eb5428c2253a07705b71bfb809d8a3fa178032ce06,exact_route_id_and_ordered_stop_od_candidate_audit,exact,A,False,False,multiple_raw_candidates_with_different_amounts
line_bus_1000074,bus_1000074_1,confirmed_franchised_bus,confirmed_franchised_bus,CTB,"[""CTB""]",1000074,1,1,10351,13230,2,2,"[""1000074-1-22-25"",""1000074-2-10-13""]","[4.2,21.7]","[""gtfs:fare_rules:634462;fare_attributes:634462"",""gtfs:fare_rules:634706;fare_attributes:634706""]","[{""currency"":""HKD"",""destination_id"":""13230"",""fare_attribute_line"":634462,""fare_attributes_source_file"":""data/transit/hongkong/PublicTransportGTFS/gtfs.zip::fare_attributes.txt"",""fare_id"":""1000074-1-22-25"",""fare_rule_line"":634462,""fare_rules_source_file"":""data/transit/hongkong/PublicTransportGTFS/gtfs.zip::fare_rules.txt"",""origin_id"":""10351"",""price"":4.2,""route_id"":""1000074"",""source_sha256"":""e5ad020b79d0020625a4e8eb5428c2253a07705b71bfb809d8a3fa178032ce06""},{""currency"":""HKD"",""destination_id"":""13230"",""fare_attribute_line"":634706,""fare_attributes_source_file"":""data/transit/hongkong/PublicTransportGTFS/gtfs.zip::fare_attributes.txt"",""fare_id"":""1000074-2-10-13"",""fare_rule_line"":634706,""fare_rules_source_file"":""data/transit/hongkong/PublicTransportGTFS/gtfs.zip::fare_rules.txt"",""origin_id"":""10351"",""price"":21.7,""route_id"":""1000074"",""source_sha256"":""e5ad020b79d0020625a4e8eb5428c2253a07705b71bfb809d8a3fa178032ce06""}]",0,False,conflicting_amounts,published_fare_candidate_passenger_and_payment_basis_unspecified,unspecified_in_source,unspecified_in_source,unspecified_in_source,unspecified_in_source,,not_encoded_in_source_revision_cutoff_only,2026-07-14,2026-07-20,data/transit/hongkong/PublicTransportGTFS/gtfs.zip::fare_rules.txt;data/transit/hongkong/PublicTransportGTFS/gtfs.zip::fare_attributes.txt,e5ad020b79d0020625a4e8eb5428c2253a07705b71bfb809d8a3fa178032ce06,exact_route_id_and_ordered_stop_od_candidate_audit,exact,A,False,False,multiple_raw_candidates_with_different_amounts
line_bus_1000074,bus_1000074_1,confirmed_franchised_bus,confirmed_franchised_bus,CTB,"[""CTB""]",1000074,1,1,10351,13231,2,2,"[""1000074-1-22-23"",""1000074-2-10-11""]","[4.2,21.7]","[""gtfs:fare_rules:634460;fare_attributes:634460"",""gtfs:fare_rules:634704;fare_attributes:634704""]","[{""currency"":""HKD"",""destination_id"":""13231"",""fare_attribute_line"":634460,""fare_attributes_source_file"":""data/transit/hongkong/PublicTransportGTFS/gtfs.zip::fare_attributes.txt"",""fare_id"":""1000074-1-22-23"",""fare_rule_line"":634460,""fare_rules_source_file"":""data/transit/hongkong/PublicTransportGTFS/gtfs.zip::fare_rules.txt"",""origin_id"":""10351"",""price"":4.2,""route_id"":""1000074"",""source_sha256"":""e5ad020b79d0020625a4e8eb5428c2253a07705b71bfb809d8a3fa178032ce06""},{""currency"":""HKD"",""destination_id"":""13231"",""fare_attribute_line"":634704,""fare_attributes_source_file"":""data/transit/hongkong/PublicTransportGTFS/gtfs.zip::fare_attributes.txt"",""fare_id"":""1000074-2-10-11"",""fare_rule_line"":634704,""fare_rules_source_file"":""data/transit/hongkong/PublicTransportGTFS/gtfs.zip::fare_rules.txt"",""origin_id"":""10351"",""price"":21.7,""route_id"":""1000074"",""source_sha256"":""e5ad020b79d0020625a4e8eb5428c2253a07705b71bfb809d8a3fa178032ce06""}]",0,False,conflicting_amounts,published_fare_candidate_passenger_and_payment_basis_unspecified,unspecified_in_source,unspecified_in_source,unspecified_in_source,unspecified_in_source,,not_encoded_in_source_revision_cutoff_only,2026-07-14,2026-07-20,data/transit/hongkong/PublicTransportGTFS/gtfs.zip::fare_rules.txt;data/transit/hongkong/PublicTransportGTFS/gtfs.zip::fare_attributes.txt,e5ad020b79d0020625a4e8eb5428c2253a07705b71bfb809d8a3fa178032ce06,exact_route_id_and_ordered_stop_od_candidate_audit,exact,A,False,False,multiple_raw_candidates_with_different_amounts
line_bus_1000074,bus_1000074_1,confirmed_franchised_bus,confirmed_franchised_bus,CTB,"[""CTB""]",1000074,1,1,10351,13262,2,2,"[""1000074-1-22-24"",""1000074-2-10-12""]","[4.2,21.7]","[""gtfs:fare_rules:634461;fare_attributes:634461"",""gtfs:fare_rules:634705;fare_attributes:634705""]","[{""currency"":""HKD"",""destination_id"":""13262"",""fare_attribute_line"":634461,""fare_attributes_source_file"":""data/transit/hongkong/PublicTransportGTFS/gtfs.zip::fare_attributes.txt"",""fare_id"":""1000074-1-22-24"",""fare_rule_line"":634461,""fare_rules_source_file"":""data/transit/hongkong/PublicTransportGTFS/gtfs.zip::fare_rules.txt"",""origin_id"":""10351"",""price"":4.2,""route_id"":""1000074"",""source_sha256"":""e5ad020b79d0020625a4e8eb5428c2253a07705b71bfb809d8a3fa178032ce06""},{""currency"":""HKD"",""destination_id"":""13262"",""fare_attribute_line"":634705,""fare_attributes_source_file"":""data/transit/hongkong/PublicTransportGTFS/gtfs.zip::fare_attributes.txt"",""fare_id"":""1000074-2-10-12"",""fare_rule_line"":634705,""fare_rules_source_file"":""data/transit/hongkong/PublicTransportGTFS/gtfs.zip::fare_rules.txt"",""origin_id"":""10351"",""price"":21.7,""route_id"":""1000074"",""source_sha256"":""e5ad020b79d0020625a4e8eb5428c2253a07705b71bfb809d8a3fa178032ce06""}]",0,False,conflicting_amounts,published_fare_candidate_passenger_and_payment_basis_unspecified,unspecified_in_source,unspecified_in_source,unspecified_in_source,unspecified_in_source,,not_encoded_in_source_revision_cutoff_only,2026-07-14,2026-07-20,data/transit/hongkong/PublicTransportGTFS/gtfs.zip::fare_rules.txt;data/transit/hongkong/PublicTransportGTFS/gtfs.zip::fare_attributes.txt,e5ad020b79d0020625a4e8eb5428c2253a07705b71bfb809d8a3fa178032ce06,exact_route_id_and_ordered_stop_od_candidate_audit,exact,A,False,False,multiple_raw_candidates_with_different_amounts
line_bus_1000074,bus_1000074_1,confirmed_franchised_bus,confirmed_franchised_bus,CTB,"[""CTB""]",1000074,1,1,12250,10351,2,2,"[""1000074-1-21-22"",""1000074-2-9-10""]","[4.2,21.7]","[""gtfs:fare_rules:634452;fare_attributes:634452"",""gtfs:fare_rules:634684;fare_attributes:634684""]","[{""currency"":""HKD"",""destination_id"":""10351"",""fare_attribute_line"":634452,""fare_attributes_source_file"":""data/transit/hongkong/PublicTransportGTFS/gtfs.zip::fare_attributes.txt"",""fare_id"":""1000074-1-21-22"",""fare_rule_line"":634452,""fare_rules_source_file"":""data/transit/hongkong/PublicTransportGTFS/gtfs.zip::fare_rules.txt"",""origin_id"":""12250"",""price"":4.2,""route_id"":""1000074"",""source_sha256"":""e5ad020b79d0020625a4e8eb5428c2253a07705b71bfb809d8a3fa178032ce06""},{""currency"":""HKD"",""destination_id"":""10351"",""fare_attribute_line"":634684,""fare_attributes_source_file"":""data/transit/hongkong/PublicTransportGTFS/gtfs.zip::fare_attributes.txt"",""fare_id"":""1000074-2-9-10"",""fare_rule_line"":634684,""fare_rules_source_file"":""data/transit/hongkong/PublicTransportGTFS/gtfs.zip::fare_rules.txt"",""origin_id"":""12250"",""price"":21.7,""route_id"":""1000074"",""source_sha256"":""e5ad020b79d0020625a4e8eb5428c2253a07705b71bfb809d8a3fa178032ce06""}]",0,False,conflicting_amounts,published_fare_candidate_passenger_and_payment_basis_unspecified,unspecified_in_source,unspecified_in_source,unspecified_in_source,unspecified_in_source,,not_encoded_in_source_revision_cutoff_only,2026-07-14,2026-07-20,data/transit/hongkong/PublicTransportGTFS/gtfs.zip::fare_rules.txt;data/transit/hongkong/PublicTransportGTFS/gtfs.zip::fare_attributes.txt,e5ad020b79d0020625a4e8eb5428c2253a07705b71bfb809d8a3fa178032ce06,exact_route_id_and_ordered_stop_od_candidate_audit,exact,A,False,False,multiple_raw_candidates_with_different_amounts
line_bus_1000074,bus_1000074_1,confirmed_franchised_bus,confirmed_franchised_bus,CTB,"[""CTB""]",1000074,1,1,12250,13230,2,2,"[""1000074-1-21-25"",""1000074-2-9-13""]","[4.2,21.7]","[""gtfs:fare_rules:634455;fare_attributes:634455"",""gtfs:fare_rules:634687;fare_attributes:634687""]","[{""currency"":""HKD"",""destination_id"":""13230"",""fare_attribute_line"":634455,""fare_attributes_source_file"":""data/transit/hongkong/PublicTransportGTFS/gtfs.zip::fare_attributes.txt"",""fare_id"":""1000074-1-21-25"",""fare_rule_line"":634455,""fare_rules_source_file"":""data/transit/hongkong/PublicTransportGTFS/gtfs.zip::fare_rules.txt"",""origin_id"":""12250"",""price"":4.2,""route_id"":""1000074"",""source_sha256"":""e5ad020b79d0020625a4e8eb5428c2253a07705b71bfb809d8a3fa178032ce06""},{""currency"":""HKD"",""destination_id"":""13230"",""fare_attribute_line"":634687,""fare_attributes_source_file"":""data/transit/hongkong/PublicTransportGTFS/gtfs.zip::fare_attributes.txt"",""fare_id"":""1000074-2-9-13"",""fare_rule_line"":634687,""fare_rules_source_file"":""data/transit/hongkong/PublicTransportGTFS/gtfs.zip::fare_rules.txt"",""origin_id"":""12250"",""price"":21.7,""route_id"":""1000074"",""source_sha256"":""e5ad020b79d0020625a4e8eb5428c2253a07705b71bfb809d8a3fa178032ce06""}]",0,False,conflicting_amounts,published_fare_candidate_passenger_and_payment_basis_unspecified,unspecified_in_source,unspecified_in_source,unspecified_in_source,unspecified_in_source,,not_encoded_in_source_revision_cutoff_only,2026-07-14,2026-07-20,data/transit/hongkong/PublicTransportGTFS/gtfs.zip::fare_rules.txt;data/transit/hongkong/PublicTransportGTFS/gtfs.zip::fare_attributes.txt,e5ad020b79d0020625a4e8eb5428c2253a07705b71bfb809d8a3fa178032ce06,exact_route_id_and_ordered_stop_od_candidate_audit,exact,A,False,False,multiple_raw_candidates_with_different_amounts
line_bus_1000074,bus_1000074_1,confirmed_franchised_bus,confirmed_franchised_bus,CTB,"[""CTB""]",1000074,1,1,12250,13231,2,2,"[""1000074-1-21-23"",""1000074-2-9-11""]","[4.2,21.7]","[""gtfs:fare_rules:634453;fare_attributes:634453"",""gtfs:fare_rules:634685;fare_attributes:634685""]","[{""currency"":""HKD"",""destination_id"":""13231"",""fare_attribute_line"":634453,""fare_attributes_source_file"":""data/transit/hongkong/PublicTransportGTFS/gtfs.zip::fare_attributes.txt"",""fare_id"":""1000074-1-21-23"",""fare_rule_line"":634453,""fare_rules_source_file"":""data/transit/hongkong/PublicTransportGTFS/gtfs.zip::fare_rules.txt"",""origin_id"":""12250"",""price"":4.2,""route_id"":""1000074"",""source_sha256"":""e5ad020b79d0020625a4e8eb5428c2253a07705b71bfb809d8a3fa178032ce06""},{""currency"":""HKD"",""destination_id"":""13231"",""fare_attribute_line"":634685,""fare_attributes_source_file"":""data/transit/hongkong/PublicTransportGTFS/gtfs.zip::fare_attributes.txt"",""fare_id"":""1000074-2-9-11"",""fare_rule_line"":634685,""fare_rules_source_file"":""data/transit/hongkong/PublicTransportGTFS/gtfs.zip::fare_rules.txt"",""origin_id"":""12250"",""price"":21.7,""route_id"":""1000074"",""source_sha256"":""e5ad020b79d0020625a4e8eb5428c2253a07705b71bfb809d8a3fa178032ce06""}]",0,False,conflicting_amounts,published_fare_candidate_passenger_and_payment_basis_unspecified,unspecified_in_source,unspecified_in_source,unspecified_in_source,unspecified_in_source,,not_encoded_in_source_revision_cutoff_only,2026-07-14,2026-07-20,data/transit/hongkong/PublicTransportGTFS/gtfs.zip::fare_rules.txt;data/transit/hongkong/PublicTransportGTFS/gtfs.zip::fare_attributes.txt,e5ad020b79d0020625a4e8eb5428c2253a07705b71bfb809d8a3fa178032ce06,exact_route_id_and_ordered_stop_od_candidate_audit,exact,A,False,False,multiple_raw_candidates_with_different_amounts
line_bus_1000074,bus_1000074_1,confirmed_franchised_bus,confirmed_franchised_bus,CTB,"[""CTB""]",1000074,1,1,12250,13262,2,2,"[""1000074-1-21-24"",""1000074-2-9-12""]","[4.2,21.7]","[""gtfs:fare_rules:634454;fare_attributes:634454"",""gtfs:fare_rules:634686;fare_attributes:634686""]","[{""currency"":""HKD"",""destination_id"":""13262"",""fare_attribute_line"":634454,""fare_attributes_source_file"":""data/transit/hongkong/PublicTransportGTFS/gtfs.zip::fare_attributes.txt"",""fare_id"":""1000074-1-21-24"",""fare_rule_line"":634454,""fare_rules_source_file"":""data/transit/hongkong/PublicTransportGTFS/gtfs.zip::fare_rules.txt"",""origin_id"":""12250"",""price"":4.2,""route_id"":""1000074"",""source_sha256"":""e5ad020b79d0020625a4e8eb5428c2253a07705b71bfb809d8a3fa178032ce06""},{""currency"":""HKD"",""destination_id"":""13262"",""fare_attribute_line"":634686,""fare_attributes_source_file"":""data/transit/hongkong/PublicTransportGTFS/gtfs.zip::fare_attributes.txt"",""fare_id"":""1000074-2-9-12"",""fare_rule_line"":634686,""fare_rules_source_file"":""data/transit/hongkong/PublicTransportGTFS/gtfs.zip::fare_rules.txt"",""origin_id"":""12250"",""price"":21.7,""route_id"":""1000074"",""source_sha256"":""e5ad020b79d0020625a4e8eb5428c2253a07705b71bfb809d8a3fa178032ce06""}]",0,False,conflicting_amounts,published_fare_candidate_passenger_and_payment_basis_unspecified,unspecified_in_source,unspecified_in_source,unspecified_in_source,unspecified_in_source,,not_encoded_in_source_revision_cutoff_only,2026-07-14,2026-07-20,data/transit/hongkong/PublicTransportGTFS/gtfs.zip::fare_rules.txt;data/transit/hongkong/PublicTransportGTFS/gtfs.zip::fare_attributes.txt,e5ad020b79d0020625a4e8eb5428c2253a07705b71bfb809d8a3fa178032ce06,exact_route_id_and_ordered_stop_od_candidate_audit,exact,A,False,False,multiple_raw_candidates_with_different_amounts
line_bus_1000074,bus_1000074_1,confirmed_franchised_bus,confirmed_franchised_bus,CTB,"[""CTB""]",1000074,1,1,13231,13230,2,2,"[""1000074-1-23-25"",""1000074-2-11-13""]","[4.2,21.7]","[""gtfs:fare_rules:634468;fare_attributes:634468"",""gtfs:fare_rules:634724;fare_attributes:634724""]","[{""currency"":""HKD"",""destination_id"":""13230"",""fare_attribute_line"":634468,""fare_attributes_source_file"":""data/transit/hongkong/PublicTransportGTFS/gtfs.zip::fare_attributes.txt"",""fare_id"":""1000074-1-23-25"",""fare_rule_line"":634468,""fare_rules_source_file"":""data/transit/hongkong/PublicTransportGTFS/gtfs.zip::fare_rules.txt"",""origin_id"":""13231"",""price"":4.2,""route_id"":""1000074"",""source_sha256"":""e5ad020b79d0020625a4e8eb5428c2253a07705b71bfb809d8a3fa178032ce06""},{""currency"":""HKD"",""destination_id"":""13230"",""fare_attribute_line"":634724,""fare_attributes_source_file"":""data/transit/hongkong/PublicTransportGTFS/gtfs.zip::fare_attributes.txt"",""fare_id"":""1000074-2-11-13"",""fare_rule_line"":634724,""fare_rules_source_file"":""data/transit/hongkong/PublicTransportGTFS/gtfs.zip::fare_rules.txt"",""origin_id"":""13231"",""price"":21.7,""route_id"":""1000074"",""source_sha256"":""e5ad020b79d0020625a4e8eb5428c2253a07705b71bfb809d8a3fa178032ce06""}]",0,False,conflicting_amounts,published_fare_candidate_passenger_and_payment_basis_unspecified,unspecified_in_source,unspecified_in_source,unspecified_in_source,unspecified_in_source,,not_encoded_in_source_revision_cutoff_only,2026-07-14,2026-07-20,data/transit/hongkong/PublicTransportGTFS/gtfs.zip::fare_rules.txt;data/transit/hongkong/PublicTransportGTFS/gtfs.zip::fare_attributes.txt,e5ad020b79d0020625a4e8eb5428c2253a07705b71bfb809d8a3fa178032ce06,exact_route_id_and_ordered_stop_od_candidate_audit,exact,A,False,False,multiple_raw_candidates_with_different_amounts
line_bus_1000074,bus_1000074_1,confirmed_franchised_bus,confirmed_franchised_bus,CTB,"[""CTB""]",1000074,1,1,13231,13262,2,2,"[""1000074-1-23-24"",""1000074-2-11-12""]","[4.2,21.7]","[""gtfs:fare_rules:634467;fare_attributes:634467"",""gtfs:fare_rules:634723;fare_attributes:634723""]","[{""currency"":""HKD"",""destination_id"":""13262"",""fare_attribute_line"":634467,""fare_attributes_source_file"":""data/transit/hongkong/PublicTransportGTFS/gtfs.zip::fare_attributes.txt"",""fare_id"":""1000074-1-23-24"",""fare_rule_line"":634467,""fare_rules_source_file"":""data/transit/hongkong/PublicTransportGTFS/gtfs.zip::fare_rules.txt"",""origin_id"":""13231"",""price"":4.2,""route_id"":""1000074"",""source_sha256"":""e5ad020b79d0020625a4e8eb5428c2253a07705b71bfb809d8a3fa178032ce06""},{""currency"":""HKD"",""destination_id"":""13262"",""fare_attribute_line"":634723,""fare_attributes_source_file"":""data/transit/hongkong/PublicTransportGTFS/gtfs.zip::fare_attributes.txt"",""fare_id"":""1000074-2-11-12"",""fare_rule_line"":634723,""fare_rules_source_file"":""data/transit/hongkong/PublicTransportGTFS/gtfs.zip::fare_rules.txt"",""origin_id"":""13231"",""price"":21.7,""route_id"":""1000074"",""source_sha256"":""e5ad020b79d0020625a4e8eb5428c2253a07705b71bfb809d8a3fa178032ce06""}]",0,False,conflicting_amounts,published_fare_candidate_passenger_and_payment_basis_unspecified,unspecified_in_source,unspecified_in_source,unspecified_in_source,unspecified_in_source,,not_encoded_in_source_revision_cutoff_only,2026-07-14,2026-07-20,data/transit/hongkong/PublicTransportGTFS/gtfs.zip::fare_rules.txt;data/transit/hongkong/PublicTransportGTFS/gtfs.zip::fare_attributes.txt,e5ad020b79d0020625a4e8eb5428c2253a07705b71bfb809d8a3fa178032ce06,exact_route_id_and_ordered_stop_od_candidate_audit,exact,A,False,False,multiple_raw_candidates_with_different_amounts
line_bus_1000074,bus_1000074_1,confirmed_franchised_bus,confirmed_franchised_bus,CTB,"[""CTB""]",1000074,1,1,13262,13230,2,2,"[""1000074-1-24-25"",""1000074-2-12-13""]","[4.2,21.7]","[""gtfs:fare_rules:634473;fare_attributes:634473"",""gtfs:fare_rules:634741;fare_attributes:634741""]","[{""currency"":""HKD"",""destination_id"":""13230"",""fare_attribute_line"":634473,""fare_attributes_source_file"":""data/transit/hongkong/PublicTransportGTFS/gtfs.zip::fare_attributes.txt"",""fare_id"":""1000074-1-24-25"",""fare_rule_line"":634473,""fare_rules_source_file"":""data/transit/hongkong/PublicTransportGTFS/gtfs.zip::fare_rules.txt"",""origin_id"":""13262"",""price"":4.2,""route_id"":""1000074"",""source_sha256"":""e5ad020b79d0020625a4e8eb5428c2253a07705b71bfb809d8a3fa178032ce06""},{""currency"":""HKD"",""destination_id"":""13230"",""fare_attribute_line"":634741,""fare_attributes_source_file"":""data/transit/hongkong/PublicTransportGTFS/gtfs.zip::fare_attributes.txt"",""fare_id"":""1000074-2-12-13"",""fare_rule_line"":634741,""fare_rules_source_file"":""data/transit/hongkong/PublicTransportGTFS/gtfs.zip::fare_rules.txt"",""origin_id"":""13262"",""price"":21.7,""route_id"":""1000074"",""source_sha256"":""e5ad020b79d0020625a4e8eb5428c2253a07705b71bfb809d8a3fa178032ce06""}]",0,False,conflicting_amounts,published_fare_candidate_passenger_and_payment_basis_unspecified,unspecified_in_source,unspecified_in_source,unspecified_in_source,unspecified_in_source,,not_encoded_in_source_revision_cutoff_only,2026-07-14,2026-07-20,data/transit/hongkong/PublicTransportGTFS/gtfs.zip::fare_rules.txt;data/transit/hongkong/PublicTransportGTFS/gtfs.zip::fare_attributes.txt,e5ad020b79d0020625a4e8eb5428c2253a07705b71bfb809d8a3fa178032ce06,exact_route_id_and_ordered_stop_od_candidate_audit,exact,A,False,False,multiple_raw_candidates_with_different_amounts
line_bus_1000074,bus_1000074_2,confirmed_franchised_bus,confirmed_franchised_bus,CTB,"[""CTB""]",1000074,2,2,10000219,10000220,2,2,"[""1000074-1-17-18"",""1000074-2-14-15""]","[4.2,21.7]","[""gtfs:fare_rules:634410;fare_attributes:634410"",""gtfs:fare_rules:634774;fare_attributes:634774""]","[{""currency"":""HKD"",""destination_id"":""10000220"",""fare_attribute_line"":634410,""fare_attributes_source_file"":""data/transit/hongkong/PublicTransportGTFS/gtfs.zip::fare_attributes.txt"",""fare_id"":""1000074-1-17-18"",""fare_rule_line"":634410,""fare_rules_source_file"":""data/transit/hongkong/PublicTransportGTFS/gtfs.zip::fare_rules.txt"",""origin_id"":""10000219"",""price"":4.2,""route_id"":""1000074"",""source_sha256"":""e5ad020b79d0020625a4e8eb5428c2253a07705b71bfb809d8a3fa178032ce06""},{""currency"":""HKD"",""destination_id"":""10000220"",""fare_attribute_line"":634774,""fare_attributes_source_file"":""data/transit/hongkong/PublicTransportGTFS/gtfs.zip::fare_attributes.txt"",""fare_id"":""1000074-2-14-15"",""fare_rule_line"":634774,""fare_rules_source_file"":""data/transit/hongkong/PublicTransportGTFS/gtfs.zip::fare_rules.txt"",""origin_id"":""10000219"",""price"":21.7,""route_id"":""1000074"",""source_sha256"":""e5ad020b79d0020625a4e8eb5428c2253a07705b71bfb809d8a3fa178032ce06""}]",0,False,conflicting_amounts,published_fare_candidate_passenger_and_payment_basis_unspecified,unspecified_in_source,unspecified_in_source,unspecified_in_source,unspecified_in_source,,not_encoded_in_source_revision_cutoff_only,2026-07-14,2026-07-20,data/transit/hongkong/PublicTransportGTFS/gtfs.zip::fare_rules.txt;data/transit/hongkong/PublicTransportGTFS/gtfs.zip::fare_attributes.txt,e5ad020b79d0020625a4e8eb5428c2253a07705b71bfb809d8a3fa178032ce06,exact_route_id_and_ordered_stop_od_candidate_audit,exact,A,False,False,multiple_raw_candidates_with_different_amounts
line_bus_1000074,bus_1000074_2,confirmed_franchised_bus,confirmed_franchised_bus,CTB,"[""CTB""]",1000074,2,2,10348,10351,2,2,"[""1000074-1-20-22"",""1000074-2-8-10""]","[4.2,21.7]","[""gtfs:fare_rules:634444;fare_attributes:634444"",""gtfs:fare_rules:634664;fare_attributes:634664""]","[{""currency"":""HKD"",""destination_id"":""10351"",""fare_attribute_line"":634444,""fare_attributes_source_file"":""data/transit/hongkong/PublicTransportGTFS/gtfs.zip::fare_attributes.txt"",""fare_id"":""1000074-1-20-22"",""fare_rule_line"":634444,""fare_rules_source_file"":""data/transit/hongkong/PublicTransportGTFS/gtfs.zip::fare_rules.txt"",""origin_id"":""10348"",""price"":4.2,""route_id"":""1000074"",""source_sha256"":""e5ad020b79d0020625a4e8eb5428c2253a07705b71bfb809d8a3fa178032ce06""},{""currency"":""HKD"",""destination_id"":""10351"",""fare_attribute_line"":634664,""fare_attributes_source_file"":""data/transit/hongkong/PublicTransportGTFS/gtfs.zip::fare_attributes.txt"",""fare_id"":""1000074-2-8-10"",""fare_rule_line"":634664,""fare_rules_source_file"":""data/transit/hongkong/PublicTransportGTFS/gtfs.zip::fare_rules.txt"",""origin_id"":""10348"",""price"":21.7,""route_id"":""1000074"",""source_sha256"":""e5ad020b79d0020625a4e8eb5428c2253a07705b71bfb809d8a3fa178032ce06""}]",0,False,conflicting_amounts,published_fare_candidate_passenger_and_payment_basis_unspecified,unspecified_in_source,unspecified_in_source,unspecified_in_source,unspecified_in_source,,not_encoded_in_source_revision_cutoff_only,2026-07-14,2026-07-20,data/transit/hongkong/PublicTransportGTFS/gtfs.zip::fare_rules.txt;data/transit/hongkong/PublicTransportGTFS/gtfs.zip::fare_attributes.txt,e5ad020b79d0020625a4e8eb5428c2253a07705b71bfb809d8a3fa178032ce06,exact_route_id_and_ordered_stop_od_candidate_audit,exact,A,False,False,multiple_raw_candidates_with_different_amounts
line_bus_1000074,bus_1000074_2,confirmed_franchised_bus,confirmed_franchised_bus,CTB,"[""CTB""]",1000074,2,2,10348,12250,2,2,"[""1000074-1-20-21"",""1000074-2-8-9""]","[4.2,21.7]","[""gtfs:fare_rules:634443;fare_attributes:634443"",""gtfs:fare_rules:634663;fare_attributes:634663""]","[{""currency"":""HKD"",""destination_id"":""12250"",""fare_attribute_line"":634443,""fare_attributes_source_file"":""data/transit/hongkong/PublicTransportGTFS/gtfs.zip::fare_attributes.txt"",""fare_id"":""1000074-1-20-21"",""fare_rule_line"":634443,""fare_rules_source_file"":""data/transit/hongkong/PublicTransportGTFS/gtfs.zip::fare_rules.txt"",""origin_id"":""10348"",""price"":4.2,""route_id"":""1000074"",""source_sha256"":""e5ad020b79d0020625a4e8eb5428c2253a07705b71bfb809d8a3fa178032ce06""},{""currency"":""HKD"",""destination_id"":""12250"",""fare_attribute_line"":634663,""fare_attributes_source_file"":""data/transit/hongkong/PublicTransportGTFS/gtfs.zip::fare_attributes.txt"",""fare_id"":""1000074-2-8-9"",""fare_rule_line"":634663,""fare_rules_source_file"":""data/transit/hongkong/PublicTransportGTFS/gtfs.zip::fare_rules.txt"",""origin_id"":""10348"",""price"":21.7,""route_id"":""1000074"",""source_sha256"":""e5ad020b79d0020625a4e8eb5428c2253a07705b71bfb809d8a3fa178032ce06""}]",0,False,conflicting_amounts,published_fare_candidate_passenger_and_payment_basis_unspecified,unspecified_in_source,unspecified_in_source,unspecified_in_source,unspecified_in_source,,not_encoded_in_source_revision_cutoff_only,2026-07-14,2026-07-20,data/transit/hongkong/PublicTransportGTFS/gtfs.zip::fare_rules.txt;data/transit/hongkong/PublicTransportGTFS/gtfs.zip::fare_attributes.txt,e5ad020b79d0020625a4e8eb5428c2253a07705b71bfb809d8a3fa178032ce06,exact_route_id_and_ordered_stop_od_candidate_audit,exact,A,False,False,multiple_raw_candidates_with_different_amounts
line_bus_1000074,bus_1000074_2,confirmed_franchised_bus,confirmed_franchised_bus,CTB,"[""CTB""]",1000074,2,2,10348,13230,2,2,"[""1000074-1-20-25"",""1000074-2-8-13""]","[4.2,21.7]","[""gtfs:fare_rules:634447;fare_attributes:634447"",""gtfs:fare_rules:634667;fare_attributes:634667""]","[{""currency"":""HKD"",""destination_id"":""13230"",""fare_attribute_line"":634447,""fare_attributes_source_file"":""data/transit/hongkong/PublicTransportGTFS/gtfs.zip::fare_attributes.txt"",""fare_id"":""1000074-1-20-25"",""fare_rule_line"":634447,""fare_rules_source_file"":""data/transit/hongkong/PublicTransportGTFS/gtfs.zip::fare_rules.txt"",""origin_id"":""10348"",""price"":4.2,""route_id"":""1000074"",""source_sha256"":""e5ad020b79d0020625a4e8eb5428c2253a07705b71bfb809d8a3fa178032ce06""},{""currency"":""HKD"",""destination_id"":""13230"",""fare_attribute_line"":634667,""fare_attributes_source_file"":""data/transit/hongkong/PublicTransportGTFS/gtfs.zip::fare_attributes.txt"",""fare_id"":""1000074-2-8-13"",""fare_rule_line"":634667,""fare_rules_source_file"":""data/transit/hongkong/PublicTransportGTFS/gtfs.zip::fare_rules.txt"",""origin_id"":""10348"",""price"":21.7,""route_id"":""1000074"",""source_sha256"":""e5ad020b79d0020625a4e8eb5428c2253a07705b71bfb809d8a3fa178032ce06""}]",0,False,conflicting_amounts,published_fare_candidate_passenger_and_payment_basis_unspecified,unspecified_in_source,unspecified_in_source,unspecified_in_source,unspecified_in_source,,not_encoded_in_source_revision_cutoff_only,2026-07-14,2026-07-20,data/transit/hongkong/PublicTransportGTFS/gtfs.zip::fare_rules.txt;data/transit/hongkong/PublicTransportGTFS/gtfs.zip::fare_attributes.txt,e5ad020b79d0020625a4e8eb5428c2253a07705b71bfb809d8a3fa178032ce06,exact_route_id_and_ordered_stop_od_candidate_audit,exact,A,False,False,multiple_raw_candidates_with_different_amounts
line_bus_1000074,bus_1000074_2,confirmed_franchised_bus,confirmed_franchised_bus,CTB,"[""CTB""]",1000074,2,2,10348,13231,2,2,"[""1000074-1-20-23"",""1000074-2-8-11""]","[4.2,21.7]","[""gtfs:fare_rules:634445;fare_attributes:634445"",""gtfs:fare_rules:634665;fare_attributes:634665""]","[{""currency"":""HKD"",""destination_id"":""13231"",""fare_attribute_line"":634445,""fare_attributes_source_file"":""data/transit/hongkong/PublicTransportGTFS/gtfs.zip::fare_attributes.txt"",""fare_id"":""1000074-1-20-23"",""fare_rule_line"":634445,""fare_rules_source_file"":""data/transit/hongkong/PublicTransportGTFS/gtfs.zip::fare_rules.txt"",""origin_id"":""10348"",""price"":4.2,""route_id"":""1000074"",""source_sha256"":""e5ad020b79d0020625a4e8eb5428c2253a07705b71bfb809d8a3fa178032ce06""},{""currency"":""HKD"",""destination_id"":""13231"",""fare_attribute_line"":634665,""fare_attributes_source_file"":""data/transit/hongkong/PublicTransportGTFS/gtfs.zip::fare_attributes.txt"",""fare_id"":""1000074-2-8-11"",""fare_rule_line"":634665,""fare_rules_source_file"":""data/transit/hongkong/PublicTransportGTFS/gtfs.zip::fare_rules.txt"",""origin_id"":""10348"",""price"":21.7,""route_id"":""1000074"",""source_sha256"":""e5ad020b79d0020625a4e8eb5428c2253a07705b71bfb809d8a3fa178032ce06""}]",0,False,conflicting_amounts,published_fare_candidate_passenger_and_payment_basis_unspecified,unspecified_in_source,unspecified_in_source,unspecified_in_source,unspecified_in_source,,not_encoded_in_source_revision_cutoff_only,2026-07-14,2026-07-20,data/transit/hongkong/PublicTransportGTFS/gtfs.zip::fare_rules.txt;data/transit/hongkong/PublicTransportGTFS/gtfs.zip::fare_attributes.txt,e5ad020b79d0020625a4e8eb5428c2253a07705b71bfb809d8a3fa178032ce06,exact_route_id_and_ordered_stop_od_candidate_audit,exact,A,False,False,multiple_raw_candidates_with_different_amounts
line_bus_1000074,bus_1000074_2,confirmed_franchised_bus,confirmed_franchised_bus,CTB,"[""CTB""]",1000074,2,2,10348,13262,2,2,"[""1000074-1-20-24"",""1000074-2-8-12""]","[4.2,21.7]","[""gtfs:fare_rules:634446;fare_attributes:634446"",""gtfs:fare_rules:634666;fare_attributes:634666""]","[{""currency"":""HKD"",""destination_id"":""13262"",""fare_attribute_line"":634446,""fare_attributes_source_file"":""data/transit/hongkong/PublicTransportGTFS/gtfs.zip::fare_attributes.txt"",""fare_id"":""1000074-1-20-24"",""fare_rule_line"":634446,""fare_rules_source_file"":""data/transit/hongkong/PublicTransportGTFS/gtfs.zip::fare_rules.txt"",""origin_id"":""10348"",""price"":4.2,""route_id"":""1000074"",""source_sha256"":""e5ad020b79d0020625a4e8eb5428c2253a07705b71bfb809d8a3fa178032ce06""},{""currency"":""HKD"",""destination_id"":""13262"",""fare_attribute_line"":634666,""fare_attributes_source_file"":""data/transit/hongkong/PublicTransportGTFS/gtfs.zip::fare_attributes.txt"",""fare_id"":""1000074-2-8-12"",""fare_rule_line"":634666,""fare_rules_source_file"":""data/transit/hongkong/PublicTransportGTFS/gtfs.zip::fare_rules.txt"",""origin_id"":""10348"",""price"":21.7,""route_id"":""1000074"",""source_sha256"":""e5ad020b79d0020625a4e8eb5428c2253a07705b71bfb809d8a3fa178032ce06""}]",0,False,conflicting_amounts,published_fare_candidate_passenger_and_payment_basis_unspecified,unspecified_in_source,unspecified_in_source,unspecified_in_source,unspecified_in_source,,not_encoded_in_source_revision_cutoff_only,2026-07-14,2026-07-20,data/transit/hongkong/PublicTransportGTFS/gtfs.zip::fare_rules.txt;data/transit/hongkong/PublicTransportGTFS/gtfs.zip::fare_attributes.txt,e5ad020b79d0020625a4e8eb5428c2253a07705b71bfb809d8a3fa178032ce06,exact_route_id_and_ordered_stop_od_candidate_audit,exact,A,False,False,multiple_raw_candidates_with_different_amounts
line_bus_1000074,bus_1000074_2,confirmed_franchised_bus,confirmed_franchised_bus,CTB,"[""CTB""]",1000074,2,2,10349,10348,2,2,"[""1000074-1-19-20"",""1000074-2-7-8""]","[4.2,21.7]","[""gtfs:fare_rules:634433;fare_attributes:634433"",""gtfs:fare_rules:634641;fare_attributes:634641""]","[{""currency"":""HKD"",""destination_id"":""10348"",""fare_attribute_line"":634433,""fare_attributes_source_file"":""data/transit/hongkong/PublicTransportGTFS/gtfs.zip::fare_attributes.txt"",""fare_id"":""1000074-1-19-20"",""fare_rule_line"":634433,""fare_rules_source_file"":""data/transit/hongkong/PublicTransportGTFS/gtfs.zip::fare_rules.txt"",""origin_id"":""10349"",""price"":4.2,""route_id"":""1000074"",""source_sha256"":""e5ad020b79d0020625a4e8eb5428c2253a07705b71bfb809d8a3fa178032ce06""},{""currency"":""HKD"",""destination_id"":""10348"",""fare_attribute_line"":634641,""fare_attributes_source_file"":""data/transit/hongkong/PublicTransportGTFS/gtfs.zip::fare_attributes.txt"",""fare_id"":""1000074-2-7-8"",""fare_rule_line"":634641,""fare_rules_source_file"":""data/transit/hongkong/PublicTransportGTFS/gtfs.zip::fare_rules.txt"",""origin_id"":""10349"",""price"":21.7,""route_id"":""1000074"",""source_sha256"":""e5ad020b79d0020625a4e8eb5428c2253a07705b71bfb809d8a3fa178032ce06""}]",0,False,conflicting_amounts,published_fare_candidate_passenger_and_payment_basis_unspecified,unspecified_in_source,unspecified_in_source,unspecified_in_source,unspecified_in_source,,not_encoded_in_source_revision_cutoff_only,2026-07-14,2026-07-20,data/transit/hongkong/PublicTransportGTFS/gtfs.zip::fare_rules.txt;data/transit/hongkong/PublicTransportGTFS/gtfs.zip::fare_attributes.txt,e5ad020b79d0020625a4e8eb5428c2253a07705b71bfb809d8a3fa178032ce06,exact_route_id_and_ordered_stop_od_candidate_audit,exact,A,False,False,multiple_raw_candidates_with_different_amounts
line_bus_1000074,bus_1000074_2,confirmed_franchised_bus,confirmed_franchised_bus,CTB,"[""CTB""]",1000074,2,2,10349,10351,2,2,"[""1000074-1-19-22"",""1000074-2-7-10""]","[4.2,21.7]","[""gtfs:fare_rules:634435;fare_attributes:634435"",""gtfs:fare_rules:634643;fare_attributes:634643""]","[{""currency"":""HKD"",""destination_id"":""10351"",""fare_attribute_line"":634435,""fare_attributes_source_file"":""data/transit/hongkong/PublicTransportGTFS/gtfs.zip::fare_attributes.txt"",""fare_id"":""1000074-1-19-22"",""fare_rule_line"":634435,""fare_rules_source_file"":""data/transit/hongkong/PublicTransportGTFS/gtfs.zip::fare_rules.txt"",""origin_id"":""10349"",""price"":4.2,""route_id"":""1000074"",""source_sha256"":""e5ad020b79d0020625a4e8eb5428c2253a07705b71bfb809d8a3fa178032ce06""},{""currency"":""HKD"",""destination_id"":""10351"",""fare_attribute_line"":634643,""fare_attributes_source_file"":""data/transit/hongkong/PublicTransportGTFS/gtfs.zip::fare_attributes.txt"",""fare_id"":""1000074-2-7-10"",""fare_rule_line"":634643,""fare_rules_source_file"":""data/transit/hongkong/PublicTransportGTFS/gtfs.zip::fare_rules.txt"",""origin_id"":""10349"",""price"":21.7,""route_id"":""1000074"",""source_sha256"":""e5ad020b79d0020625a4e8eb5428c2253a07705b71bfb809d8a3fa178032ce06""}]",0,False,conflicting_amounts,published_fare_candidate_passenger_and_payment_basis_unspecified,unspecified_in_source,unspecified_in_source,unspecified_in_source,unspecified_in_source,,not_encoded_in_source_revision_cutoff_only,2026-07-14,2026-07-20,data/transit/hongkong/PublicTransportGTFS/gtfs.zip::fare_rules.txt;data/transit/hongkong/PublicTransportGTFS/gtfs.zip::fare_attributes.txt,e5ad020b79d0020625a4e8eb5428c2253a07705b71bfb809d8a3fa178032ce06,exact_route_id_and_ordered_stop_od_candidate_audit,exact,A,False,False,multiple_raw_candidates_with_different_amounts
line_bus_1000074,bus_1000074_2,confirmed_franchised_bus,confirmed_franchised_bus,CTB,"[""CTB""]",1000074,2,2,10349,12250,2,2,"[""1000074-1-19-21"",""1000074-2-7-9""]","[4.2,21.7]","[""gtfs:fare_rules:634434;fare_attributes:634434"",""gtfs:fare_rules:634642;fare_attributes:634642""]","[{""currency"":""HKD"",""destination_id"":""12250"",""fare_attribute_line"":634434,""fare_attributes_source_file"":""data/transit/hongkong/PublicTransportGTFS/gtfs.zip::fare_attributes.txt"",""fare_id"":""1000074-1-19-21"",""fare_rule_line"":634434,""fare_rules_source_file"":""data/transit/hongkong/PublicTransportGTFS/gtfs.zip::fare_rules.txt"",""origin_id"":""10349"",""price"":4.2,""route_id"":""1000074"",""source_sha256"":""e5ad020b79d0020625a4e8eb5428c2253a07705b71bfb809d8a3fa178032ce06""},{""currency"":""HKD"",""destination_id"":""12250"",""fare_attribute_line"":634642,""fare_attributes_source_file"":""data/transit/hongkong/PublicTransportGTFS/gtfs.zip::fare_attributes.txt"",""fare_id"":""1000074-2-7-9"",""fare_rule_line"":634642,""fare_rules_source_file"":""data/transit/hongkong/PublicTransportGTFS/gtfs.zip::fare_rules.txt"",""origin_id"":""10349"",""price"":21.7,""route_id"":""1000074"",""source_sha256"":""e5ad020b79d0020625a4e8eb5428c2253a07705b71bfb809d8a3fa178032ce06""}]",0,False,conflicting_amounts,published_fare_candidate_passenger_and_payment_basis_unspecified,unspecified_in_source,unspecified_in_source,unspecified_in_source,unspecified_in_source,,not_encoded_in_source_revision_cutoff_only,2026-07-14,2026-07-20,data/transit/hongkong/PublicTransportGTFS/gtfs.zip::fare_rules.txt;data/transit/hongkong/PublicTransportGTFS/gtfs.zip::fare_attributes.txt,e5ad020b79d0020625a4e8eb5428c2253a07705b71bfb809d8a3fa178032ce06,exact_route_id_and_ordered_stop_od_candidate_audit,exact,A,False,False,multiple_raw_candidates_with_different_amounts
line_bus_1000074,bus_1000074_2,confirmed_franchised_bus,confirmed_franchised_bus,CTB,"[""CTB""]",1000074,2,2,10349,13230,2,2,"[""1000074-1-19-25"",""1000074-2-7-13""]","[4.2,21.7]","[""gtfs:fare_rules:634438;fare_attributes:634438"",""gtfs:fare_rules:634646;fare_attributes:634646""]","[{""currency"":""HKD"",""destination_id"":""13230"",""fare_attribute_line"":634438,""fare_attributes_source_file"":""data/transit/hongkong/PublicTransportGTFS/gtfs.zip::fare_attributes.txt"",""fare_id"":""1000074-1-19-25"",""fare_rule_line"":634438,""fare_rules_source_file"":""data/transit/hongkong/PublicTransportGTFS/gtfs.zip::fare_rules.txt"",""origin_id"":""10349"",""price"":4.2,""route_id"":""1000074"",""source_sha256"":""e5ad020b79d0020625a4e8eb5428c2253a07705b71bfb809d8a3fa178032ce06""},{""currency"":""HKD"",""destination_id"":""13230"",""fare_attribute_line"":634646,""fare_attributes_source_file"":""data/transit/hongkong/PublicTransportGTFS/gtfs.zip::fare_attributes.txt"",""fare_id"":""1000074-2-7-13"",""fare_rule_line"":634646,""fare_rules_source_file"":""data/transit/hongkong/PublicTransportGTFS/gtfs.zip::fare_rules.txt"",""origin_id"":""10349"",""price"":21.7,""route_id"":""1000074"",""source_sha256"":""e5ad020b79d0020625a4e8eb5428c2253a07705b71bfb809d8a3fa178032ce06""}]",0,False,conflicting_amounts,published_fare_candidate_passenger_and_payment_basis_unspecified,unspecified_in_source,unspecified_in_source,unspecified_in_source,unspecified_in_source,,not_encoded_in_source_revision_cutoff_only,2026-07-14,2026-07-20,data/transit/hongkong/PublicTransportGTFS/gtfs.zip::fare_rules.txt;data/transit/hongkong/PublicTransportGTFS/gtfs.zip::fare_attributes.txt,e5ad020b79d0020625a4e8eb5428c2253a07705b71bfb809d8a3fa178032ce06,exact_route_id_and_ordered_stop_od_candidate_audit,exact,A,False,False,multiple_raw_candidates_with_different_amounts
line_bus_1000074,bus_1000074_2,confirmed_franchised_bus,confirmed_franchised_bus,CTB,"[""CTB""]",1000074,2,2,10349,13231,2,2,"[""1000074-1-19-23"",""1000074-2-7-11""]","[4.2,21.7]","[""gtfs:fare_rules:634436;fare_attributes:634436"",""gtfs:fare_rules:634644;fare_attributes:634644""]","[{""currency"":""HKD"",""destination_id"":""13231"",""fare_attribute_line"":634436,""fare_attributes_source_file"":""data/transit/hongkong/PublicTransportGTFS/gtfs.zip::fare_attributes.txt"",""fare_id"":""1000074-1-19-23"",""fare_rule_line"":634436,""fare_rules_source_file"":""data/transit/hongkong/PublicTransportGTFS/gtfs.zip::fare_rules.txt"",""origin_id"":""10349"",""price"":4.2,""route_id"":""1000074"",""source_sha256"":""e5ad020b79d0020625a4e8eb5428c2253a07705b71bfb809d8a3fa178032ce06""},{""currency"":""HKD"",""destination_id"":""13231"",""fare_attribute_line"":634644,""fare_attributes_source_file"":""data/transit/hongkong/PublicTransportGTFS/gtfs.zip::fare_attributes.txt"",""fare_id"":""1000074-2-7-11"",""fare_rule_line"":634644,""fare_rules_source_file"":""data/transit/hongkong/PublicTransportGTFS/gtfs.zip::fare_rules.txt"",""origin_id"":""10349"",""price"":21.7,""route_id"":""1000074"",""source_sha256"":""e5ad020b79d0020625a4e8eb5428c2253a07705b71bfb809d8a3fa178032ce06""}]",0,False,conflicting_amounts,published_fare_candidate_passenger_and_payment_basis_unspecified,unspecified_in_source,unspecified_in_source,unspecified_in_source,unspecified_in_source,,not_encoded_in_source_revision_cutoff_only,2026-07-14,2026-07-20,data/transit/hongkong/PublicTransportGTFS/gtfs.zip::fare_rules.txt;data/transit/hongkong/PublicTransportGTFS/gtfs.zip::fare_attributes.txt,e5ad020b79d0020625a4e8eb5428c2253a07705b71bfb809d8a3fa178032ce06,exact_route_id_and_ordered_stop_od_candidate_audit,exact,A,False,False,multiple_raw_candidates_with_different_amounts
line_bus_1000074,bus_1000074_2,confirmed_franchised_bus,confirmed_franchised_bus,CTB,"[""CTB""]",1000074,2,2,10349,13262,2,2,"[""1000074-1-19-24"",""1000074-2-7-12""]","[4.2,21.7]","[""gtfs:fare_rules:634437;fare_attributes:634437"",""gtfs:fare_rules:634645;fare_attributes:634645""]","[{""currency"":""HKD"",""destination_id"":""13262"",""fare_attribute_line"":634437,""fare_attributes_source_file"":""data/transit/hongkong/PublicTransportGTFS/gtfs.zip::fare_attributes.txt"",""fare_id"":""1000074-1-19-24"",""fare_rule_line"":634437,""fare_rules_source_file"":""data/transit/hongkong/PublicTransportGTFS/gtfs.zip::fare_rules.txt"",""origin_id"":""10349"",""price"":4.2,""route_id"":""1000074"",""source_sha256"":""e5ad020b79d0020625a4e8eb5428c2253a07705b71bfb809d8a3fa178032ce06""},{""currency"":""HKD"",""destination_id"":""13262"",""fare_attribute_line"":634645,""fare_attributes_source_file"":""data/transit/hongkong/PublicTransportGTFS/gtfs.zip::fare_attributes.txt"",""fare_id"":""1000074-2-7-12"",""fare_rule_line"":634645,""fare_rules_source_file"":""data/transit/hongkong/PublicTransportGTFS/gtfs.zip::fare_rules.txt"",""origin_id"":""10349"",""price"":21.7,""route_id"":""1000074"",""source_sha256"":""e5ad020b79d0020625a4e8eb5428c2253a07705b71bfb809d8a3fa178032ce06""}]",0,False,conflicting_amounts,published_fare_candidate_passenger_and_payment_basis_unspecified,unspecified_in_source,unspecified_in_source,unspecified_in_source,unspecified_in_source,,not_encoded_in_source_revision_cutoff_only,2026-07-14,2026-07-20,data/transit/hongkong/PublicTransportGTFS/gtfs.zip::fare_rules.txt;data/transit/hongkong/PublicTransportGTFS/gtfs.zip::fare_attributes.txt,e5ad020b79d0020625a4e8eb5428c2253a07705b71bfb809d8a3fa178032ce06,exact_route_id_and_ordered_stop_od_candidate_audit,exact,A,False,False,multiple_raw_candidates_with_different_amounts
line_bus_1000074,bus_1000074_2,confirmed_franchised_bus,confirmed_franchised_bus,CTB,"[""CTB""]",1000074,2,2,10351,13230,2,2,"[""1000074-1-22-25"",""1000074-2-10-13""]","[4.2,21.7]","[""gtfs:fare_rules:634462;fare_attributes:634462"",""gtfs:fare_rules:634706;fare_attributes:634706""]","[{""currency"":""HKD"",""destination_id"":""13230"",""fare_attribute_line"":634462,""fare_attributes_source_file"":""data/transit/hongkong/PublicTransportGTFS/gtfs.zip::fare_attributes.txt"",""fare_id"":""1000074-1-22-25"",""fare_rule_line"":634462,""fare_rules_source_file"":""data/transit/hongkong/PublicTransportGTFS/gtfs.zip::fare_rules.txt"",""origin_id"":""10351"",""price"":4.2,""route_id"":""1000074"",""source_sha256"":""e5ad020b79d0020625a4e8eb5428c2253a07705b71bfb809d8a3fa178032ce06""},{""currency"":""HKD"",""destination_id"":""13230"",""fare_attribute_line"":634706,""fare_attributes_source_file"":""data/transit/hongkong/PublicTransportGTFS/gtfs.zip::fare_attributes.txt"",""fare_id"":""1000074-2-10-13"",""fare_rule_line"":634706,""fare_rules_source_file"":""data/transit/hongkong/PublicTransportGTFS/gtfs.zip::fare_rules.txt"",""origin_id"":""10351"",""price"":21.7,""route_id"":""1000074"",""source_sha256"":""e5ad020b79d0020625a4e8eb5428c2253a07705b71bfb809d8a3fa178032ce06""}]",0,False,conflicting_amounts,published_fare_candidate_passenger_and_payment_basis_unspecified,unspecified_in_source,unspecified_in_source,unspecified_in_source,unspecified_in_source,,not_encoded_in_source_revision_cutoff_only,2026-07-14,2026-07-20,data/transit/hongkong/PublicTransportGTFS/gtfs.zip::fare_rules.txt;data/transit/hongkong/PublicTransportGTFS/gtfs.zip::fare_attributes.txt,e5ad020b79d0020625a4e8eb5428c2253a07705b71bfb809d8a3fa178032ce06,exact_route_id_and_ordered_stop_od_candidate_audit,exact,A,False,False,multiple_raw_candidates_with_different_amounts
line_bus_1000074,bus_1000074_2,confirmed_franchised_bus,confirmed_franchised_bus,CTB,"[""CTB""]",1000074,2,2,10351,13231,2,2,"[""1000074-1-22-23"",""1000074-2-10-11""]","[4.2,21.7]","[""gtfs:fare_rules:634460;fare_attributes:634460"",""gtfs:fare_rules:634704;fare_attributes:634704""]","[{""currency"":""HKD"",""destination_id"":""13231"",""fare_attribute_line"":634460,""fare_attributes_source_file"":""data/transit/hongkong/PublicTransportGTFS/gtfs.zip::fare_attributes.txt"",""fare_id"":""1000074-1-22-23"",""fare_rule_line"":634460,""fare_rules_source_file"":""data/transit/hongkong/PublicTransportGTFS/gtfs.zip::fare_rules.txt"",""origin_id"":""10351"",""price"":4.2,""route_id"":""1000074"",""source_sha256"":""e5ad020b79d0020625a4e8eb5428c2253a07705b71bfb809d8a3fa178032ce06""},{""currency"":""HKD"",""destination_id"":""13231"",""fare_attribute_line"":634704,""fare_attributes_source_file"":""data/transit/hongkong/PublicTransportGTFS/gtfs.zip::fare_attributes.txt"",""fare_id"":""1000074-2-10-11"",""fare_rule_line"":634704,""fare_rules_source_file"":""data/transit/hongkong/PublicTransportGTFS/gtfs.zip::fare_rules.txt"",""origin_id"":""10351"",""price"":21.7,""route_id"":""1000074"",""source_sha256"":""e5ad020b79d0020625a4e8eb5428c2253a07705b71bfb809d8a3fa178032ce06""}]",0,False,conflicting_amounts,published_fare_candidate_passenger_and_payment_basis_unspecified,unspecified_in_source,unspecified_in_source,unspecified_in_source,unspecified_in_source,,not_encoded_in_source_revision_cutoff_only,2026-07-14,2026-07-20,data/transit/hongkong/PublicTransportGTFS/gtfs.zip::fare_rules.txt;data/transit/hongkong/PublicTransportGTFS/gtfs.zip::fare_attributes.txt,e5ad020b79d0020625a4e8eb5428c2253a07705b71bfb809d8a3fa178032ce06,exact_route_id_and_ordered_stop_od_candidate_audit,exact,A,False,False,multiple_raw_candidates_with_different_amounts
line_bus_1000074,bus_1000074_2,confirmed_franchised_bus,confirmed_franchised_bus,CTB,"[""CTB""]",1000074,2,2,10351,13262,2,2,"[""1000074-1-22-24"",""1000074-2-10-12""]","[4.2,21.7]","[""gtfs:fare_rules:634461;fare_attributes:634461"",""gtfs:fare_rules:634705;fare_attributes:634705""]","[{""currency"":""HKD"",""destination_id"":""13262"",""fare_attribute_line"":634461,""fare_attributes_source_file"":""data/transit/hongkong/PublicTransportGTFS/gtfs.zip::fare_attributes.txt"",""fare_id"":""1000074-1-22-24"",""fare_rule_line"":634461,""fare_rules_source_file"":""data/transit/hongkong/PublicTransportGTFS/gtfs.zip::fare_rules.txt"",""origin_id"":""10351"",""price"":4.2,""route_id"":""1000074"",""source_sha256"":""e5ad020b79d0020625a4e8eb5428c2253a07705b71bfb809d8a3fa178032ce06""},{""currency"":""HKD"",""destination_id"":""13262"",""fare_attribute_line"":634705,""fare_attributes_source_file"":""data/transit/hongkong/PublicTransportGTFS/gtfs.zip::fare_attributes.txt"",""fare_id"":""1000074-2-10-12"",""fare_rule_line"":634705,""fare_rules_source_file"":""data/transit/hongkong/PublicTransportGTFS/gtfs.zip::fare_rules.txt"",""origin_id"":""10351"",""price"":21.7,""route_id"":""1000074"",""source_sha256"":""e5ad020b79d0020625a4e8eb5428c2253a07705b71bfb809d8a3fa178032ce06""}]",0,False,conflicting_amounts,published_fare_candidate_passenger_and_payment_basis_unspecified,unspecified_in_source,unspecified_in_source,unspecified_in_source,unspecified_in_source,,not_encoded_in_source_revision_cutoff_only,2026-07-14,2026-07-20,data/transit/hongkong/PublicTransportGTFS/gtfs.zip::fare_rules.txt;data/transit/hongkong/PublicTransportGTFS/gtfs.zip::fare_attributes.txt,e5ad020b79d0020625a4e8eb5428c2253a07705b71bfb809d8a3fa178032ce06,exact_route_id_and_ordered_stop_od_candidate_audit,exact,A,False,False,multiple_raw_candidates_with_different_amounts
line_bus_1000074,bus_1000074_2,confirmed_franchised_bus,confirmed_franchised_bus,CTB,"[""CTB""]",1000074,2,2,12250,10351,2,2,"[""1000074-1-21-22"",""1000074-2-9-10""]","[4.2,21.7]","[""gtfs:fare_rules:634452;fare_attributes:634452"",""gtfs:fare_rules:634684;fare_attributes:634684""]","[{""currency"":""HKD"",""destination_id"":""10351"",""fare_attribute_line"":634452,""fare_attributes_source_file"":""data/transit/hongkong/PublicTransportGTFS/gtfs.zip::fare_attributes.txt"",""fare_id"":""1000074-1-21-22"",""fare_rule_line"":634452,""fare_rules_source_file"":""data/transit/hongkong/PublicTransportGTFS/gtfs.zip::fare_rules.txt"",""origin_id"":""12250"",""price"":4.2,""route_id"":""1000074"",""source_sha256"":""e5ad020b79d0020625a4e8eb5428c2253a07705b71bfb809d8a3fa178032ce06""},{""currency"":""HKD"",""destination_id"":""10351"",""fare_attribute_line"":634684,""fare_attributes_source_file"":""data/transit/hongkong/PublicTransportGTFS/gtfs.zip::fare_attributes.txt"",""fare_id"":""1000074-2-9-10"",""fare_rule_line"":634684,""fare_rules_source_file"":""data/transit/hongkong/PublicTransportGTFS/gtfs.zip::fare_rules.txt"",""origin_id"":""12250"",""price"":21.7,""route_id"":""1000074"",""source_sha256"":""e5ad020b79d0020625a4e8eb5428c2253a07705b71bfb809d8a3fa178032ce06""}]",0,False,conflicting_amounts,published_fare_candidate_passenger_and_payment_basis_unspecified,unspecified_in_source,unspecified_in_source,unspecified_in_source,unspecified_in_source,,not_encoded_in_source_revision_cutoff_only,2026-07-14,2026-07-20,data/transit/hongkong/PublicTransportGTFS/gtfs.zip::fare_rules.txt;data/transit/hongkong/PublicTransportGTFS/gtfs.zip::fare_attributes.txt,e5ad020b79d0020625a4e8eb5428c2253a07705b71bfb809d8a3fa178032ce06,exact_route_id_and_ordered_stop_od_candidate_audit,exact,A,False,False,multiple_raw_candidates_with_different_amounts
line_bus_1000074,bus_1000074_2,confirmed_franchised_bus,confirmed_franchised_bus,CTB,"[""CTB""]",1000074,2,2,12250,13230,2,2,"[""1000074-1-21-25"",""1000074-2-9-13""]","[4.2,21.7]","[""gtfs:fare_rules:634455;fare_attributes:634455"",""gtfs:fare_rules:634687;fare_attributes:634687""]","[{""currency"":""HKD"",""destination_id"":""13230"",""fare_attribute_line"":634455,""fare_attributes_source_file"":""data/transit/hongkong/PublicTransportGTFS/gtfs.zip::fare_attributes.txt"",""fare_id"":""1000074-1-21-25"",""fare_rule_line"":634455,""fare_rules_source_file"":""data/transit/hongkong/PublicTransportGTFS/gtfs.zip::fare_rules.txt"",""origin_id"":""12250"",""price"":4.2,""route_id"":""1000074"",""source_sha256"":""e5ad020b79d0020625a4e8eb5428c2253a07705b71bfb809d8a3fa178032ce06""},{""currency"":""HKD"",""destination_id"":""13230"",""fare_attribute_line"":634687,""fare_attributes_source_file"":""data/transit/hongkong/PublicTransportGTFS/gtfs.zip::fare_attributes.txt"",""fare_id"":""1000074-2-9-13"",""fare_rule_line"":634687,""fare_rules_source_file"":""data/transit/hongkong/PublicTransportGTFS/gtfs.zip::fare_rules.txt"",""origin_id"":""12250"",""price"":21.7,""route_id"":""1000074"",""source_sha256"":""e5ad020b79d0020625a4e8eb5428c2253a07705b71bfb809d8a3fa178032ce06""}]",0,False,conflicting_amounts,published_fare_candidate_passenger_and_payment_basis_unspecified,unspecified_in_source,unspecified_in_source,unspecified_in_source,unspecified_in_source,,not_encoded_in_source_revision_cutoff_only,2026-07-14,2026-07-20,data/transit/hongkong/PublicTransportGTFS/gtfs.zip::fare_rules.txt;data/transit/hongkong/PublicTransportGTFS/gtfs.zip::fare_attributes.txt,e5ad020b79d0020625a4e8eb5428c2253a07705b71bfb809d8a3fa178032ce06,exact_route_id_and_ordered_stop_od_candidate_audit,exact,A,False,False,multiple_raw_candidates_with_different_amounts
line_bus_1000074,bus_1000074_2,confirmed_franchised_bus,confirmed_franchised_bus,CTB,"[""CTB""]",1000074,2,2,12250,13231,2,2,"[""1000074-1-21-23"",""1000074-2-9-11""]","[4.2,21.7]","[""gtfs:fare_rules:634453;fare_attributes:634453"",""gtfs:fare_rules:634685;fare_attributes:634685""]","[{""currency"":""HKD"",""destination_id"":""13231"",""fare_attribute_line"":634453,""fare_attributes_source_file"":""data/transit/hongkong/PublicTransportGTFS/gtfs.zip::fare_attributes.txt"",""fare_id"":""1000074-1-21-23"",""fare_rule_line"":634453,""fare_rules_source_file"":""data/transit/hongkong/PublicTransportGTFS/gtfs.zip::fare_rules.txt"",""origin_id"":""12250"",""price"":4.2,""route_id"":""1000074"",""source_sha256"":""e5ad020b79d0020625a4e8eb5428c2253a07705b71bfb809d8a3fa178032ce06""},{""currency"":""HKD"",""destination_id"":""13231"",""fare_attribute_line"":634685,""fare_attributes_source_file"":""data/transit/hongkong/PublicTransportGTFS/gtfs.zip::fare_attributes.txt"",""fare_id"":""1000074-2-9-11"",""fare_rule_line"":634685,""fare_rules_source_file"":""data/transit/hongkong/PublicTransportGTFS/gtfs.zip::fare_rules.txt"",""origin_id"":""12250"",""price"":21.7,""route_id"":""1000074"",""source_sha256"":""e5ad020b79d0020625a4e8eb5428c2253a07705b71bfb809d8a3fa178032ce06""}]",0,False,conflicting_amounts,published_fare_candidate_passenger_and_payment_basis_unspecified,unspecified_in_source,unspecified_in_source,unspecified_in_source,unspecified_in_source,,not_encoded_in_source_revision_cutoff_only,2026-07-14,2026-07-20,data/transit/hongkong/PublicTransportGTFS/gtfs.zip::fare_rules.txt;data/transit/hongkong/PublicTransportGTFS/gtfs.zip::fare_attributes.txt,e5ad020b79d0020625a4e8eb5428c2253a07705b71bfb809d8a3fa178032ce06,exact_route_id_and_ordered_stop_od_candidate_audit,exact,A,False,False,multiple_raw_candidates_with_different_amounts
line_bus_1000074,bus_1000074_2,confirmed_franchised_bus,confirmed_franchised_bus,CTB,"[""CTB""]",1000074,2,2,12250,13262,2,2,"[""1000074-1-21-24"",""1000074-2-9-12""]","[4.2,21.7]","[""gtfs:fare_rules:634454;fare_attributes:634454"",""gtfs:fare_rules:634686;fare_attributes:634686""]","[{""currency"":""HKD"",""destination_id"":""13262"",""fare_attribute_line"":634454,""fare_attributes_source_file"":""data/transit/hongkong/PublicTransportGTFS/gtfs.zip::fare_attributes.txt"",""fare_id"":""1000074-1-21-24"",""fare_rule_line"":634454,""fare_rules_source_file"":""data/transit/hongkong/PublicTransportGTFS/gtfs.zip::fare_rules.txt"",""origin_id"":""12250"",""price"":4.2,""route_id"":""1000074"",""source_sha256"":""e5ad020b79d0020625a4e8eb5428c2253a07705b71bfb809d8a3fa178032ce06""},{""currency"":""HKD"",""destination_id"":""13262"",""fare_attribute_line"":634686,""fare_attributes_source_file"":""data/transit/hongkong/PublicTransportGTFS/gtfs.zip::fare_attributes.txt"",""fare_id"":""1000074-2-9-12"",""fare_rule_line"":634686,""fare_rules_source_file"":""data/transit/hongkong/PublicTransportGTFS/gtfs.zip::fare_rules.txt"",""origin_id"":""12250"",""price"":21.7,""route_id"":""1000074"",""source_sha256"":""e5ad020b79d0020625a4e8eb5428c2253a07705b71bfb809d8a3fa178032ce06""}]",0,False,conflicting_amounts,published_fare_candidate_passenger_and_payment_basis_unspecified,unspecified_in_source,unspecified_in_source,unspecified_in_source,unspecified_in_source,,not_encoded_in_source_revision_cutoff_only,2026-07-14,2026-07-20,data/transit/hongkong/PublicTransportGTFS/gtfs.zip::fare_rules.txt;data/transit/hongkong/PublicTransportGTFS/gtfs.zip::fare_attributes.txt,e5ad020b79d0020625a4e8eb5428c2253a07705b71bfb809d8a3fa178032ce06,exact_route_id_and_ordered_stop_od_candidate_audit,exact,A,False,False,multiple_raw_candidates_with_different_amounts
line_bus_1000074,bus_1000074_2,confirmed_franchised_bus,confirmed_franchised_bus,CTB,"[""CTB""]",1000074,2,2,13231,13230,2,2,"[""1000074-1-23-25"",""1000074-2-11-13""]","[4.2,21.7]","[""gtfs:fare_rules:634468;fare_attributes:634468"",""gtfs:fare_rules:634724;fare_attributes:634724""]","[{""currency"":""HKD"",""destination_id"":""13230"",""fare_attribute_line"":634468,""fare_attributes_source_file"":""data/transit/hongkong/PublicTransportGTFS/gtfs.zip::fare_attributes.txt"",""fare_id"":""1000074-1-23-25"",""fare_rule_line"":634468,""fare_rules_source_file"":""data/transit/hongkong/PublicTransportGTFS/gtfs.zip::fare_rules.txt"",""origin_id"":""13231"",""price"":4.2,""route_id"":""1000074"",""source_sha256"":""e5ad020b79d0020625a4e8eb5428c2253a07705b71bfb809d8a3fa178032ce06""},{""currency"":""HKD"",""destination_id"":""13230"",""fare_attribute_line"":634724,""fare_attributes_source_file"":""data/transit/hongkong/PublicTransportGTFS/gtfs.zip::fare_attributes.txt"",""fare_id"":""1000074-2-11-13"",""fare_rule_line"":634724,""fare_rules_source_file"":""data/transit/hongkong/PublicTransportGTFS/gtfs.zip::fare_rules.txt"",""origin_id"":""13231"",""price"":21.7,""route_id"":""1000074"",""source_sha256"":""e5ad020b79d0020625a4e8eb5428c2253a07705b71bfb809d8a3fa178032ce06""}]",0,False,conflicting_amounts,published_fare_candidate_passenger_and_payment_basis_unspecified,unspecified_in_source,unspecified_in_source,unspecified_in_source,unspecified_in_source,,not_encoded_in_source_revision_cutoff_only,2026-07-14,2026-07-20,data/transit/hongkong/PublicTransportGTFS/gtfs.zip::fare_rules.txt;data/transit/hongkong/PublicTransportGTFS/gtfs.zip::fare_attributes.txt,e5ad020b79d0020625a4e8eb5428c2253a07705b71bfb809d8a3fa178032ce06,exact_route_id_and_ordered_stop_od_candidate_audit,exact,A,False,False,multiple_raw_candidates_with_different_amounts
line_bus_1000074,bus_1000074_2,confirmed_franchised_bus,confirmed_franchised_bus,CTB,"[""CTB""]",1000074,2,2,13231,13262,2,2,"[""1000074-1-23-24"",""1000074-2-11-12""]","[4.2,21.7]","[""gtfs:fare_rules:634467;fare_attributes:634467"",""gtfs:fare_rules:634723;fare_attributes:634723""]","[{""currency"":""HKD"",""destination_id"":""13262"",""fare_attribute_line"":634467,""fare_attributes_source_file"":""data/transit/hongkong/PublicTransportGTFS/gtfs.zip::fare_attributes.txt"",""fare_id"":""1000074-1-23-24"",""fare_rule_line"":634467,""fare_rules_source_file"":""data/transit/hongkong/PublicTransportGTFS/gtfs.zip::fare_rules.txt"",""origin_id"":""13231"",""price"":4.2,""route_id"":""1000074"",""source_sha256"":""e5ad020b79d0020625a4e8eb5428c2253a07705b71bfb809d8a3fa178032ce06""},{""currency"":""HKD"",""destination_id"":""13262"",""fare_attribute_line"":634723,""fare_attributes_source_file"":""data/transit/hongkong/PublicTransportGTFS/gtfs.zip::fare_attributes.txt"",""fare_id"":""1000074-2-11-12"",""fare_rule_line"":634723,""fare_rules_source_file"":""data/transit/hongkong/PublicTransportGTFS/gtfs.zip::fare_rules.txt"",""origin_id"":""13231"",""price"":21.7,""route_id"":""1000074"",""source_sha256"":""e5ad020b79d0020625a4e8eb5428c2253a07705b71bfb809d8a3fa178032ce06""}]",0,False,conflicting_amounts,published_fare_candidate_passenger_and_payment_basis_unspecified,unspecified_in_source,unspecified_in_source,unspecified_in_source,unspecified_in_source,,not_encoded_in_source_revision_cutoff_only,2026-07-14,2026-07-20,data/transit/hongkong/PublicTransportGTFS/gtfs.zip::fare_rules.txt;data/transit/hongkong/PublicTransportGTFS/gtfs.zip::fare_attributes.txt,e5ad020b79d0020625a4e8eb5428c2253a07705b71bfb809d8a3fa178032ce06,exact_route_id_and_ordered_stop_od_candidate_audit,exact,A,False,False,multiple_raw_candidates_with_different_amounts
line_bus_1000074,bus_1000074_2,confirmed_franchised_bus,confirmed_franchised_bus,CTB,"[""CTB""]",1000074,2,2,13262,13230,2,2,"[""1000074-1-24-25"",""1000074-2-12-13""]","[4.2,21.7]","[""gtfs:fare_rules:634473;fare_attributes:634473"",""gtfs:fare_rules:634741;fare_attributes:634741""]","[{""currency"":""HKD"",""destination_id"":""13230"",""fare_attribute_line"":634473,""fare_attributes_source_file"":""data/transit/hongkong/PublicTransportGTFS/gtfs.zip::fare_attributes.txt"",""fare_id"":""1000074-1-24-25"",""fare_rule_line"":634473,""fare_rules_source_file"":""data/transit/hongkong/PublicTransportGTFS/gtfs.zip::fare_rules.txt"",""origin_id"":""13262"",""price"":4.2,""route_id"":""1000074"",""source_sha256"":""e5ad020b79d0020625a4e8eb5428c2253a07705b71bfb809d8a3fa178032ce06""},{""currency"":""HKD"",""destination_id"":""13230"",""fare_attribute_line"":634741,""fare_attributes_source_file"":""data/transit/hongkong/PublicTransportGTFS/gtfs.zip::fare_attributes.txt"",""fare_id"":""1000074-2-12-13"",""fare_rule_line"":634741,""fare_rules_source_file"":""data/transit/hongkong/PublicTransportGTFS/gtfs.zip::fare_rules.txt"",""origin_id"":""13262"",""price"":21.7,""route_id"":""1000074"",""source_sha256"":""e5ad020b79d0020625a4e8eb5428c2253a07705b71bfb809d8a3fa178032ce06""}]",0,False,conflicting_amounts,published_fare_candidate_passenger_and_payment_basis_unspecified,unspecified_in_source,unspecified_in_source,unspecified_in_source,unspecified_in_source,,not_encoded_in_source_revision_cutoff_only,2026-07-14,2026-07-20,data/transit/hongkong/PublicTransportGTFS/gtfs.zip::fare_rules.txt;data/transit/hongkong/PublicTransportGTFS/gtfs.zip::fare_attributes.txt,e5ad020b79d0020625a4e8eb5428c2253a07705b71bfb809d8a3fa178032ce06,exact_route_id_and_ordered_stop_od_candidate_audit,exact,A,False,False,multiple_raw_candidates_with_different_amounts
line_bus_1000079,bus_1000079_1,confirmed_franchised_bus,confirmed_franchised_bus,CTB,"[""CTB""]",1000079,1,1,13309,13304,2,2,"[""1000079-1-20-21"",""1000079-2-2-3""]","[4.2,44.0]","[""gtfs:fare_rules:636158;fare_attributes:636158"",""gtfs:fare_rules:636187;fare_attributes:636187""]","[{""currency"":""HKD"",""destination_id"":""13304"",""fare_attribute_line"":636158,""fare_attributes_source_file"":""data/transit/hongkong/PublicTransportGTFS/gtfs.zip::fare_attributes.txt"",""fare_id"":""1000079-1-20-21"",""fare_rule_line"":636158,""fare_rules_source_file"":""data/transit/hongkong/PublicTransportGTFS/gtfs.zip::fare_rules.txt"",""origin_id"":""13309"",""price"":4.2,""route_id"":""1000079"",""source_sha256"":""e5ad020b79d0020625a4e8eb5428c2253a07705b71bfb809d8a3fa178032ce06""},{""currency"":""HKD"",""destination_id"":""13304"",""fare_attribute_line"":636187,""fare_attributes_source_file"":""data/transit/hongkong/PublicTransportGTFS/gtfs.zip::fare_attributes.txt"",""fare_id"":""1000079-2-2-3"",""fare_rule_line"":636187,""fare_rules_source_file"":""data/transit/hongkong/PublicTransportGTFS/gtfs.zip::fare_rules.txt"",""origin_id"":""13309"",""price"":44.0,""route_id"":""1000079"",""source_sha256"":""e5ad020b79d0020625a4e8eb5428c2253a07705b71bfb809d8a3fa178032ce06""}]",0,False,conflicting_amounts,published_fare_candidate_passenger_and_payment_basis_unspecified,unspecified_in_source,unspecified_in_source,unspecified_in_source,unspecified_in_source,,not_encoded_in_source_revision_cutoff_only,2026-07-14,2026-07-20,data/transit/hongkong/PublicTransportGTFS/gtfs.zip::fare_rules.txt;data/transit/hongkong/PublicTransportGTFS/gtfs.zip::fare_attributes.txt,e5ad020b79d0020625a4e8eb5428c2253a07705b71bfb809d8a3fa178032ce06,exact_route_id_and_ordered_stop_od_candidate_audit,exact,A,False,False,multiple_raw_candidates_with_different_amounts
line_bus_1000079,bus_1000079_2,confirmed_franchised_bus,confirmed_franchised_bus,CTB,"[""CTB""]",1000079,2,2,13309,13304,2,2,"[""1000079-1-20-21"",""1000079-2-2-3""]","[4.2,44.0]","[""gtfs:fare_rules:636158;fare_attributes:636158"",""gtfs:fare_rules:636187;fare_attributes:636187""]","[{""currency"":""HKD"",""destination_id"":""13304"",""fare_attribute_line"":636158,""fare_attributes_source_file"":""data/transit/hongkong/PublicTransportGTFS/gtfs.zip::fare_attributes.txt"",""fare_id"":""1000079-1-20-21"",""fare_rule_line"":636158,""fare_rules_source_file"":""data/transit/hongkong/PublicTransportGTFS/gtfs.zip::fare_rules.txt"",""origin_id"":""13309"",""price"":4.2,""route_id"":""1000079"",""source_sha256"":""e5ad020b79d0020625a4e8eb5428c2253a07705b71bfb809d8a3fa178032ce06""},{""currency"":""HKD"",""destination_id"":""13304"",""fare_attribute_line"":636187,""fare_attributes_source_file"":""data/transit/hongkong/PublicTransportGTFS/gtfs.zip::fare_attributes.txt"",""fare_id"":""1000079-2-2-3"",""fare_rule_line"":636187,""fare_rules_source_file"":""data/transit/hongkong/PublicTransportGTFS/gtfs.zip::fare_rules.txt"",""origin_id"":""13309"",""price"":44.0,""route_id"":""1000079"",""source_sha256"":""e5ad020b79d0020625a4e8eb5428c2253a07705b71bfb809d8a3fa178032ce06""}]",0,False,conflicting_amounts,published_fare_candidate_passenger_and_payment_basis_unspecified,unspecified_in_source,unspecified_in_source,unspecified_in_source,unspecified_in_source,,not_encoded_in_source_revision_cutoff_only,2026-07-14,2026-07-20,data/transit/hongkong/PublicTransportGTFS/gtfs.zip::fare_rules.txt;data/transit/hongkong/PublicTransportGTFS/gtfs.zip::fare_attributes.txt,e5ad020b79d0020625a4e8eb5428c2253a07705b71bfb809d8a3fa178032ce06,exact_route_id_and_ordered_stop_od_candidate_audit,exact,A,False,False,multiple_raw_candidates_with_different_amounts
line_bus_1000192,bus_1000192_1,confirmed_franchised_bus,confirmed_franchised_bus,KMB,"[""KMB""]",1000192,1,1,10000080,10000081,2,2,"[""1000192-1-14-15"",""1000192-2-3-4""]","[7.4,9.0]","[""gtfs:fare_rules:643494;fare_attributes:643494"",""gtfs:fare_rules:643526;fare_attributes:643526""]","[{""currency"":""HKD"",""destination_id"":""10000081"",""fare_attribute_line"":643494,""fare_attributes_source_file"":""data/transit/hongkong/PublicTransportGTFS/gtfs.zip::fare_attributes.txt"",""fare_id"":""1000192-1-14-15"",""fare_rule_line"":643494,""fare_rules_source_file"":""data/transit/hongkong/PublicTransportGTFS/gtfs.zip::fare_rules.txt"",""origin_id"":""10000080"",""price"":7.4,""route_id"":""1000192"",""source_sha256"":""e5ad020b79d0020625a4e8eb5428c2253a07705b71bfb809d8a3fa178032ce06""},{""currency"":""HKD"",""destination_id"":""10000081"",""fare_attribute_line"":643526,""fare_attributes_source_file"":""data/transit/hongkong/PublicTransportGTFS/gtfs.zip::fare_attributes.txt"",""fare_id"":""1000192-2-3-4"",""fare_rule_line"":643526,""fare_rules_source_file"":""data/transit/hongkong/PublicTransportGTFS/gtfs.zip::fare_rules.txt"",""origin_id"":""10000080"",""price"":9.0,""route_id"":""1000192"",""source_sha256"":""e5ad020b79d0020625a4e8eb5428c2253a07705b71bfb809d8a3fa178032ce06""}]",0,False,conflicting_amounts,published_fare_candidate_passenger_and_payment_basis_unspecified,unspecified_in_source,unspecified_in_source,unspecified_in_source,unspecified_in_source,,not_encoded_in_source_revision_cutoff_only,2026-07-14,2026-07-20,data/transit/hongkong/PublicTransportGTFS/gtfs.zip::fare_rules.txt;data/transit/hongkong/PublicTransportGTFS/gtfs.zip::fare_attributes.txt,e5ad020b79d0020625a4e8eb5428c2253a07705b71bfb809d8a3fa178032ce06,exact_route_id_and_ordered_stop_od_candidate_audit,exact,A,False,False,multiple_raw_candidates_with_different_amounts
line_bus_1000192,bus_1000192_2,confirmed_franchised_bus,confirmed_franchised_bus,KMB,"[""KMB""]",1000192,2,2,10000080,10000081,2,2,"[""1000192-1-14-15"",""1000192-2-3-4""]","[7.4,9.0]","[""gtfs:fare_rules:643494;fare_attributes:643494"",""gtfs:fare_rules:643526;fare_attributes:643526""]","[{""currency"":""HKD"",""destination_id"":""10000081"",""fare_attribute_line"":643494,""fare_attributes_source_file"":""data/transit/hongkong/PublicTransportGTFS/gtfs.zip::fare_attributes.txt"",""fare_id"":""1000192-1-14-15"",""fare_rule_line"":643494,""fare_rules_source_file"":""data/transit/hongkong/PublicTransportGTFS/gtfs.zip::fare_rules.txt"",""origin_id"":""10000080"",""price"":7.4,""route_id"":""1000192"",""source_sha256"":""e5ad020b79d0020625a4e8eb5428c2253a07705b71bfb809d8a3fa178032ce06""},{""currency"":""HKD"",""destination_id"":""10000081"",""fare_attribute_line"":643526,""fare_attributes_source_file"":""data/transit/hongkong/PublicTransportGTFS/gtfs.zip::fare_attributes.txt"",""fare_id"":""1000192-2-3-4"",""fare_rule_line"":643526,""fare_rules_source_file"":""data/transit/hongkong/PublicTransportGTFS/gtfs.zip::fare_rules.txt"",""origin_id"":""10000080"",""price"":9.0,""route_id"":""1000192"",""source_sha256"":""e5ad020b79d0020625a4e8eb5428c2253a07705b71bfb809d8a3fa178032ce06""}]",0,False,conflicting_amounts,published_fare_candidate_passenger_and_payment_basis_unspecified,unspecified_in_source,unspecified_in_source,unspecified_in_source,unspecified_in_source,,not_encoded_in_source_revision_cutoff_only,2026-07-14,2026-07-20,data/transit/hongkong/PublicTransportGTFS/gtfs.zip::fare_rules.txt;data/transit/hongkong/PublicTransportGTFS/gtfs.zip::fare_attributes.txt,e5ad020b79d0020625a4e8eb5428c2253a07705b71bfb809d8a3fa178032ce06,exact_route_id_and_ordered_stop_od_candidate_audit,exact,A,False,False,multiple_raw_candidates_with_different_amounts
line_bus_1000196,bus_1000196_1,confirmed_franchised_bus,confirmed_franchised_bus,KMB,"[""KMB""]",1000196,1,1,13226,13227,2,2,"[""1000196-1-3-4"",""1000196-2-18-19""]","[14.3,5.1]","[""gtfs:fare_rules:643954;fare_attributes:643954"",""gtfs:fare_rules:644294;fare_attributes:644294""]","[{""currency"":""HKD"",""destination_id"":""13227"",""fare_attribute_line"":643954,""fare_attributes_source_file"":""data/transit/hongkong/PublicTransportGTFS/gtfs.zip::fare_attributes.txt"",""fare_id"":""1000196-1-3-4"",""fare_rule_line"":643954,""fare_rules_source_file"":""data/transit/hongkong/PublicTransportGTFS/gtfs.zip::fare_rules.txt"",""origin_id"":""13226"",""price"":14.3,""route_id"":""1000196"",""source_sha256"":""e5ad020b79d0020625a4e8eb5428c2253a07705b71bfb809d8a3fa178032ce06""},{""currency"":""HKD"",""destination_id"":""13227"",""fare_attribute_line"":644294,""fare_attributes_source_file"":""data/transit/hongkong/PublicTransportGTFS/gtfs.zip::fare_attributes.txt"",""fare_id"":""1000196-2-18-19"",""fare_rule_line"":644294,""fare_rules_source_file"":""data/transit/hongkong/PublicTransportGTFS/gtfs.zip::fare_rules.txt"",""origin_id"":""13226"",""price"":5.1,""route_id"":""1000196"",""source_sha256"":""e5ad020b79d0020625a4e8eb5428c2253a07705b71bfb809d8a3fa178032ce06""}]",0,False,conflicting_amounts,published_fare_candidate_passenger_and_payment_basis_unspecified,unspecified_in_source,unspecified_in_source,unspecified_in_source,unspecified_in_source,,not_encoded_in_source_revision_cutoff_only,2026-07-14,2026-07-20,data/transit/hongkong/PublicTransportGTFS/gtfs.zip::fare_rules.txt;data/transit/hongkong/PublicTransportGTFS/gtfs.zip::fare_attributes.txt,e5ad020b79d0020625a4e8eb5428c2253a07705b71bfb809d8a3fa178032ce06,exact_route_id_and_ordered_stop_od_candidate_audit,exact,A,False,False,multiple_raw_candidates_with_different_amounts
line_bus_1000196,bus_1000196_2,confirmed_franchised_bus,confirmed_franchised_bus,KMB,"[""KMB""]",1000196,2,2,13226,13227,2,2,"[""1000196-1-3-4"",""1000196-2-18-19""]","[14.3,5.1]","[""gtfs:fare_rules:643954;fare_attributes:643954"",""gtfs:fare_rules:644294;fare_attributes:644294""]","[{""currency"":""HKD"",""destination_id"":""13227"",""fare_attribute_line"":643954,""fare_attributes_source_file"":""data/transit/hongkong/PublicTransportGTFS/gtfs.zip::fare_attributes.txt"",""fare_id"":""1000196-1-3-4"",""fare_rule_line"":643954,""fare_rules_source_file"":""data/transit/hongkong/PublicTransportGTFS/gtfs.zip::fare_rules.txt"",""origin_id"":""13226"",""price"":14.3,""route_id"":""1000196"",""source_sha256"":""e5ad020b79d0020625a4e8eb5428c2253a07705b71bfb809d8a3fa178032ce06""},{""currency"":""HKD"",""destination_id"":""13227"",""fare_attribute_line"":644294,""fare_attributes_source_file"":""data/transit/hongkong/PublicTransportGTFS/gtfs.zip::fare_attributes.txt"",""fare_id"":""1000196-2-18-19"",""fare_rule_line"":644294,""fare_rules_source_file"":""data/transit/hongkong/PublicTransportGTFS/gtfs.zip::fare_rules.txt"",""origin_id"":""13226"",""price"":5.1,""route_id"":""1000196"",""source_sha256"":""e5ad020b79d0020625a4e8eb5428c2253a07705b71bfb809d8a3fa178032ce06""}]",0,False,conflicting_amounts,published_fare_candidate_passenger_and_payment_basis_unspecified,unspecified_in_source,unspecified_in_source,unspecified_in_source,unspecified_in_source,,not_encoded_in_source_revision_cutoff_only,2026-07-14,2026-07-20,data/transit/hongkong/PublicTransportGTFS/gtfs.zip::fare_rules.txt;data/transit/hongkong/PublicTransportGTFS/gtfs.zip::fare_attributes.txt,e5ad020b79d0020625a4e8eb5428c2253a07705b71bfb809d8a3fa178032ce06,exact_route_id_and_ordered_stop_od_candidate_audit,exact,A,False,False,multiple_raw_candidates_with_different_amounts
line_bus_1000199,bus_1000199_1,confirmed_franchised_bus,confirmed_franchised_bus,CTB,"[""CTB""]",1000199,1,1,10000105,10000095,2,2,"[""1000199-1-1-2"",""1000199-2-28-29""]","[10.0,4.8]","[""gtfs:fare_rules:644615;fare_attributes:644615"",""gtfs:fare_rules:645372;fare_attributes:645372""]","[{""currency"":""HKD"",""destination_id"":""10000095"",""fare_attribute_line"":644615,""fare_attributes_source_file"":""data/transit/hongkong/PublicTransportGTFS/gtfs.zip::fare_attributes.txt"",""fare_id"":""1000199-1-1-2"",""fare_rule_line"":644615,""fare_rules_source_file"":""data/transit/hongkong/PublicTransportGTFS/gtfs.zip::fare_rules.txt"",""origin_id"":""10000105"",""price"":10.0,""route_id"":""1000199"",""source_sha256"":""e5ad020b79d0020625a4e8eb5428c2253a07705b71bfb809d8a3fa178032ce06""},{""currency"":""HKD"",""destination_id"":""10000095"",""fare_attribute_line"":645372,""fare_attributes_source_file"":""data/transit/hongkong/PublicTransportGTFS/gtfs.zip::fare_attributes.txt"",""fare_id"":""1000199-2-28-29"",""fare_rule_line"":645372,""fare_rules_source_file"":""data/transit/hongkong/PublicTransportGTFS/gtfs.zip::fare_rules.txt"",""origin_id"":""10000105"",""price"":4.8,""route_id"":""1000199"",""source_sha256"":""e5ad020b79d0020625a4e8eb5428c2253a07705b71bfb809d8a3fa178032ce06""}]",0,False,conflicting_amounts,published_fare_candidate_passenger_and_payment_basis_unspecified,unspecified_in_source,unspecified_in_source,unspecified_in_source,unspecified_in_source,,not_encoded_in_source_revision_cutoff_only,2026-07-14,2026-07-20,data/transit/hongkong/PublicTransportGTFS/gtfs.zip::fare_rules.txt;data/transit/hongkong/PublicTransportGTFS/gtfs.zip::fare_attributes.txt,e5ad020b79d0020625a4e8eb5428c2253a07705b71bfb809d8a3fa178032ce06,exact_route_id_and_ordered_stop_od_candidate_audit,exact,A,False,False,multiple_raw_candidates_with_different_amounts
line_bus_1000199,bus_1000199_2,confirmed_franchised_bus,confirmed_franchised_bus,CTB,"[""CTB""]",1000199,2,2,10000105,10000095,2,2,"[""1000199-1-1-2"",""1000199-2-28-29""]","[10.0,4.8]","[""gtfs:fare_rules:644615;fare_attributes:644615"",""gtfs:fare_rules:645372;fare_attributes:645372""]","[{""currency"":""HKD"",""destination_id"":""10000095"",""fare_attribute_line"":644615,""fare_attributes_source_file"":""data/transit/hongkong/PublicTransportGTFS/gtfs.zip::fare_attributes.txt"",""fare_id"":""1000199-1-1-2"",""fare_rule_line"":644615,""fare_rules_source_file"":""data/transit/hongkong/PublicTransportGTFS/gtfs.zip::fare_rules.txt"",""origin_id"":""10000105"",""price"":10.0,""route_id"":""1000199"",""source_sha256"":""e5ad020b79d0020625a4e8eb5428c2253a07705b71bfb809d8a3fa178032ce06""},{""currency"":""HKD"",""destination_id"":""10000095"",""fare_attribute_line"":645372,""fare_attributes_source_file"":""data/transit/hongkong/PublicTransportGTFS/gtfs.zip::fare_attributes.txt"",""fare_id"":""1000199-2-28-29"",""fare_rule_line"":645372,""fare_rules_source_file"":""data/transit/hongkong/PublicTransportGTFS/gtfs.zip::fare_rules.txt"",""origin_id"":""10000105"",""price"":4.8,""route_id"":""1000199"",""source_sha256"":""e5ad020b79d0020625a4e8eb5428c2253a07705b71bfb809d8a3fa178032ce06""}]",0,False,conflicting_amounts,published_fare_candidate_passenger_and_payment_basis_unspecified,unspecified_in_source,unspecified_in_source,unspecified_in_source,unspecified_in_source,,not_encoded_in_source_revision_cutoff_only,2026-07-14,2026-07-20,data/transit/hongkong/PublicTransportGTFS/gtfs.zip::fare_rules.txt;data/transit/hongkong/PublicTransportGTFS/gtfs.zip::fare_attributes.txt,e5ad020b79d0020625a4e8eb5428c2253a07705b71bfb809d8a3fa178032ce06,exact_route_id_and_ordered_stop_od_candidate_audit,exact,A,False,False,multiple_raw_candidates_with_different_amounts
line_bus_1000200,bus_1000200_1,confirmed_franchised_bus,confirmed_franchised_bus,KMB,"[""KMB""]",1000200,1,1,6526,6528,2,2,"[""1000200-1-5-6"",""1000200-2-30-31""]","[16.6,9.5]","[""gtfs:fare_rules:645509;fare_attributes:645509"",""gtfs:fare_rules:646527;fare_attributes:646527""]","[{""currency"":""HKD"",""destination_id"":""6528"",""fare_attribute_line"":645509,""fare_attributes_source_file"":""data/transit/hongkong/PublicTransportGTFS/gtfs.zip::fare_attributes.txt"",""fare_id"":""1000200-1-5-6"",""fare_rule_line"":645509,""fare_rules_source_file"":""data/transit/hongkong/PublicTransportGTFS/gtfs.zip::fare_rules.txt"",""origin_id"":""6526"",""price"":16.6,""route_id"":""1000200"",""source_sha256"":""e5ad020b79d0020625a4e8eb5428c2253a07705b71bfb809d8a3fa178032ce06""},{""currency"":""HKD"",""destination_id"":""6528"",""fare_attribute_line"":646527,""fare_attributes_source_file"":""data/transit/hongkong/PublicTransportGTFS/gtfs.zip::fare_attributes.txt"",""fare_id"":""1000200-2-30-31"",""fare_rule_line"":646527,""fare_rules_source_file"":""data/transit/hongkong/PublicTransportGTFS/gtfs.zip::fare_rules.txt"",""origin_id"":""6526"",""price"":9.5,""route_id"":""1000200"",""source_sha256"":""e5ad020b79d0020625a4e8eb5428c2253a07705b71bfb809d8a3fa178032ce06""}]",0,False,conflicting_amounts,published_fare_candidate_passenger_and_payment_basis_unspecified,unspecified_in_source,unspecified_in_source,unspecified_in_source,unspecified_in_source,,not_encoded_in_source_revision_cutoff_only,2026-07-14,2026-07-20,data/transit/hongkong/PublicTransportGTFS/gtfs.zip::fare_rules.txt;data/transit/hongkong/PublicTransportGTFS/gtfs.zip::fare_attributes.txt,e5ad020b79d0020625a4e8eb5428c2253a07705b71bfb809d8a3fa178032ce06,exact_route_id_and_ordered_stop_od_candidate_audit,exact,A,False,False,multiple_raw_candidates_with_different_amounts
line_bus_1000200,bus_1000200_2,confirmed_franchised_bus,confirmed_franchised_bus,KMB,"[""KMB""]",1000200,2,2,6526,6528,2,2,"[""1000200-1-5-6"",""1000200-2-30-31""]","[16.6,9.5]","[""gtfs:fare_rules:645509;fare_attributes:645509"",""gtfs:fare_rules:646527;fare_attributes:646527""]","[{""currency"":""HKD"",""destination_id"":""6528"",""fare_attribute_line"":645509,""fare_attributes_source_file"":""data/transit/hongkong/PublicTransportGTFS/gtfs.zip::fare_attributes.txt"",""fare_id"":""1000200-1-5-6"",""fare_rule_line"":645509,""fare_rules_source_file"":""data/transit/hongkong/PublicTransportGTFS/gtfs.zip::fare_rules.txt"",""origin_id"":""6526"",""price"":16.6,""route_id"":""1000200"",""source_sha256"":""e5ad020b79d0020625a4e8eb5428c2253a07705b71bfb809d8a3fa178032ce06""},{""currency"":""HKD"",""destination_id"":""6528"",""fare_attribute_line"":646527,""fare_attributes_source_file"":""data/transit/hongkong/PublicTransportGTFS/gtfs.zip::fare_attributes.txt"",""fare_id"":""1000200-2-30-31"",""fare_rule_line"":646527,""fare_rules_source_file"":""data/transit/hongkong/PublicTransportGTFS/gtfs.zip::fare_rules.txt"",""origin_id"":""6526"",""price"":9.5,""route_id"":""1000200"",""source_sha256"":""e5ad020b79d0020625a4e8eb5428c2253a07705b71bfb809d8a3fa178032ce06""}]",0,False,conflicting_amounts,published_fare_candidate_passenger_and_payment_basis_unspecified,unspecified_in_source,unspecified_in_source,unspecified_in_source,unspecified_in_source,,not_encoded_in_source_revision_cutoff_only,2026-07-14,2026-07-20,data/transit/hongkong/PublicTransportGTFS/gtfs.zip::fare_rules.txt;data/transit/hongkong/PublicTransportGTFS/gtfs.zip::fare_attributes.txt,e5ad020b79d0020625a4e8eb5428c2253a07705b71bfb809d8a3fa178032ce06,exact_route_id_and_ordered_stop_od_candidate_audit,exact,A,False,False,multiple_raw_candidates_with_different_amounts
line_bus_1000218,bus_1000218_1,other_bus_service,other_bus_service,PI,"[""PI""]",1000218,1,1,12783,12786,2,2,"[""1000218-1-1-3"",""1000218-1-1-7""]","[2.0,32.5]","[""gtfs:fare_rules:650129;fare_attributes:650129"",""gtfs:fare_rules:650133;fare_attributes:650133""]","[{""currency"":""HKD"",""destination_id"":""12786"",""fare_attribute_line"":650129,""fare_attributes_source_file"":""data/transit/hongkong/PublicTransportGTFS/gtfs.zip::fare_attributes.txt"",""fare_id"":""1000218-1-1-3"",""fare_rule_line"":650129,""fare_rules_source_file"":""data/transit/hongkong/PublicTransportGTFS/gtfs.zip::fare_rules.txt"",""origin_id"":""12783"",""price"":2.0,""route_id"":""1000218"",""source_sha256"":""e5ad020b79d0020625a4e8eb5428c2253a07705b71bfb809d8a3fa178032ce06""},{""currency"":""HKD"",""destination_id"":""12786"",""fare_attribute_line"":650133,""fare_attributes_source_file"":""data/transit/hongkong/PublicTransportGTFS/gtfs.zip::fare_attributes.txt"",""fare_id"":""1000218-1-1-7"",""fare_rule_line"":650133,""fare_rules_source_file"":""data/transit/hongkong/PublicTransportGTFS/gtfs.zip::fare_rules.txt"",""origin_id"":""12783"",""price"":32.5,""route_id"":""1000218"",""source_sha256"":""e5ad020b79d0020625a4e8eb5428c2253a07705b71bfb809d8a3fa178032ce06""}]",0,False,conflicting_amounts,published_fare_candidate_passenger_and_payment_basis_unspecified,unspecified_in_source,unspecified_in_source,unspecified_in_source,unspecified_in_source,,not_encoded_in_source_revision_cutoff_only,2026-07-14,2026-07-20,data/transit/hongkong/PublicTransportGTFS/gtfs.zip::fare_rules.txt;data/transit/hongkong/PublicTransportGTFS/gtfs.zip::fare_attributes.txt,e5ad020b79d0020625a4e8eb5428c2253a07705b71bfb809d8a3fa178032ce06,exact_route_id_and_ordered_stop_od_candidate_audit,exact,A,False,False,multiple_raw_candidates_with_different_amounts
line_bus_1000218,bus_1000218_1,other_bus_service,other_bus_service,PI,"[""PI""]",1000218,1,1,12785,12786,2,2,"[""1000218-1-2-3"",""1000218-1-2-7""]","[2.0,32.5]","[""gtfs:fare_rules:650137;fare_attributes:650137"",""gtfs:fare_rules:650141;fare_attributes:650141""]","[{""currency"":""HKD"",""destination_id"":""12786"",""fare_attribute_line"":650137,""fare_attributes_source_file"":""data/transit/hongkong/PublicTransportGTFS/gtfs.zip::fare_attributes.txt"",""fare_id"":""1000218-1-2-3"",""fare_rule_line"":650137,""fare_rules_source_file"":""data/transit/hongkong/PublicTransportGTFS/gtfs.zip::fare_rules.txt"",""origin_id"":""12785"",""price"":2.0,""route_id"":""1000218"",""source_sha256"":""e5ad020b79d0020625a4e8eb5428c2253a07705b71bfb809d8a3fa178032ce06""},{""currency"":""HKD"",""destination_id"":""12786"",""fare_attribute_line"":650141,""fare_attributes_source_file"":""data/transit/hongkong/PublicTransportGTFS/gtfs.zip::fare_attributes.txt"",""fare_id"":""1000218-1-2-7"",""fare_rule_line"":650141,""fare_rules_source_file"":""data/transit/hongkong/PublicTransportGTFS/gtfs.zip::fare_rules.txt"",""origin_id"":""12785"",""price"":32.5,""route_id"":""1000218"",""source_sha256"":""e5ad020b79d0020625a4e8eb5428c2253a07705b71bfb809d8a3fa178032ce06""}]",0,False,conflicting_amounts,published_fare_candidate_passenger_and_payment_basis_unspecified,unspecified_in_source,unspecified_in_source,unspecified_in_source,unspecified_in_source,,not_encoded_in_source_revision_cutoff_only,2026-07-14,2026-07-20,data/transit/hongkong/PublicTransportGTFS/gtfs.zip::fare_rules.txt;data/transit/hongkong/PublicTransportGTFS/gtfs.zip::fare_attributes.txt,e5ad020b79d0020625a4e8eb5428c2253a07705b71bfb809d8a3fa178032ce06,exact_route_id_and_ordered_stop_od_candidate_audit,exact,A,False,False,multiple_raw_candidates_with_different_amounts
line_bus_1000218,bus_1000218_1,other_bus_service,other_bus_service,PI,"[""PI""]",1000218,1,1,12786,12783,2,2,"[""1000218-1-3-10"",""1000218-1-7-10""]","[32.5,2.0]","[""gtfs:fare_rules:650151;fare_attributes:650151"",""gtfs:fare_rules:650169;fare_attributes:650169""]","[{""currency"":""HKD"",""destination_id"":""12783"",""fare_attribute_line"":650151,""fare_attributes_source_file"":""data/transit/hongkong/PublicTransportGTFS/gtfs.zip::fare_attributes.txt"",""fare_id"":""1000218-1-3-10"",""fare_rule_line"":650151,""fare_rules_source_file"":""data/transit/hongkong/PublicTransportGTFS/gtfs.zip::fare_rules.txt"",""origin_id"":""12786"",""price"":32.5,""route_id"":""1000218"",""source_sha256"":""e5ad020b79d0020625a4e8eb5428c2253a07705b71bfb809d8a3fa178032ce06""},{""currency"":""HKD"",""destination_id"":""12783"",""fare_attribute_line"":650169,""fare_attributes_source_file"":""data/transit/hongkong/PublicTransportGTFS/gtfs.zip::fare_attributes.txt"",""fare_id"":""1000218-1-7-10"",""fare_rule_line"":650169,""fare_rules_source_file"":""data/transit/hongkong/PublicTransportGTFS/gtfs.zip::fare_rules.txt"",""origin_id"":""12786"",""price"":2.0,""route_id"":""1000218"",""source_sha256"":""e5ad020b79d0020625a4e8eb5428c2253a07705b71bfb809d8a3fa178032ce06""}]",0,False,conflicting_amounts,published_fare_candidate_passenger_and_payment_basis_unspecified,unspecified_in_source,unspecified_in_source,unspecified_in_source,unspecified_in_source,,not_encoded_in_source_revision_cutoff_only,2026-07-14,2026-07-20,data/transit/hongkong/PublicTransportGTFS/gtfs.zip::fare_rules.txt;data/transit/hongkong/PublicTransportGTFS/gtfs.zip::fare_attributes.txt,e5ad020b79d0020625a4e8eb5428c2253a07705b71bfb809d8a3fa178032ce06,exact_route_id_and_ordered_stop_od_candidate_audit,exact,A,False,False,multiple_raw_candidates_with_different_amounts
line_bus_1000218,bus_1000218_1,other_bus_service,other_bus_service,PI,"[""PI""]",1000218,1,1,12786,12787,2,2,"[""1000218-1-3-8"",""1000218-1-7-8""]","[32.5,2.0]","[""gtfs:fare_rules:650149;fare_attributes:650149"",""gtfs:fare_rules:650167;fare_attributes:650167""]","[{""currency"":""HKD"",""destination_id"":""12787"",""fare_attribute_line"":650149,""fare_attributes_source_file"":""data/transit/hongkong/PublicTransportGTFS/gtfs.zip::fare_attributes.txt"",""fare_id"":""1000218-1-3-8"",""fare_rule_line"":650149,""fare_rules_source_file"":""data/transit/hongkong/PublicTransportGTFS/gtfs.zip::fare_rules.txt"",""origin_id"":""12786"",""price"":32.5,""route_id"":""1000218"",""source_sha256"":""e5ad020b79d0020625a4e8eb5428c2253a07705b71bfb809d8a3fa178032ce06""},{""currency"":""HKD"",""destination_id"":""12787"",""fare_attribute_line"":650167,""fare_attributes_source_file"":""data/transit/hongkong/PublicTransportGTFS/gtfs.zip::fare_attributes.txt"",""fare_id"":""1000218-1-7-8"",""fare_rule_line"":650167,""fare_rules_source_file"":""data/transit/hongkong/PublicTransportGTFS/gtfs.zip::fare_rules.txt"",""origin_id"":""12786"",""price"":2.0,""route_id"":""1000218"",""source_sha256"":""e5ad020b79d0020625a4e8eb5428c2253a07705b71bfb809d8a3fa178032ce06""}]",0,False,conflicting_amounts,published_fare_candidate_passenger_and_payment_basis_unspecified,unspecified_in_source,unspecified_in_source,unspecified_in_source,unspecified_in_source,,not_encoded_in_source_revision_cutoff_only,2026-07-14,2026-07-20,data/transit/hongkong/PublicTransportGTFS/gtfs.zip::fare_rules.txt;data/transit/hongkong/PublicTransportGTFS/gtfs.zip::fare_attributes.txt,e5ad020b79d0020625a4e8eb5428c2253a07705b71bfb809d8a3fa178032ce06,exact_route_id_and_ordered_stop_od_candidate_audit,exact,A,False,False,multiple_raw_candidates_with_different_amounts
line_bus_1000218,bus_1000218_1,other_bus_service,other_bus_service,PI,"[""PI""]",1000218,1,1,12786,12790,2,2,"[""1000218-1-3-9"",""1000218-1-7-9""]","[32.5,2.0]","[""gtfs:fare_rules:650150;fare_attributes:650150"",""gtfs:fare_rules:650168;fare_attributes:650168""]","[{""currency"":""HKD"",""destination_id"":""12790"",""fare_attribute_line"":650150,""fare_attributes_source_file"":""data/transit/hongkong/PublicTransportGTFS/gtfs.zip::fare_attributes.txt"",""fare_id"":""1000218-1-3-9"",""fare_rule_line"":650150,""fare_rules_source_file"":""data/transit/hongkong/PublicTransportGTFS/gtfs.zip::fare_rules.txt"",""origin_id"":""12786"",""price"":32.5,""route_id"":""1000218"",""source_sha256"":""e5ad020b79d0020625a4e8eb5428c2253a07705b71bfb809d8a3fa178032ce06""},{""currency"":""HKD"",""destination_id"":""12790"",""fare_attribute_line"":650168,""fare_attributes_source_file"":""data/transit/hongkong/PublicTransportGTFS/gtfs.zip::fare_attributes.txt"",""fare_id"":""1000218-1-7-9"",""fare_rule_line"":650168,""fare_rules_source_file"":""data/transit/hongkong/PublicTransportGTFS/gtfs.zip::fare_rules.txt"",""origin_id"":""12786"",""price"":2.0,""route_id"":""1000218"",""source_sha256"":""e5ad020b79d0020625a4e8eb5428c2253a07705b71bfb809d8a3fa178032ce06""}]",0,False,conflicting_amounts,published_fare_candidate_passenger_and_payment_basis_unspecified,unspecified_in_source,unspecified_in_source,unspecified_in_source,unspecified_in_source,,not_encoded_in_source_revision_cutoff_only,2026-07-14,2026-07-20,data/transit/hongkong/PublicTransportGTFS/gtfs.zip::fare_rules.txt;data/transit/hongkong/PublicTransportGTFS/gtfs.zip::fare_attributes.txt,e5ad020b79d0020625a4e8eb5428c2253a07705b71bfb809d8a3fa178032ce06,exact_route_id_and_ordered_stop_od_candidate_audit,exact,A,False,False,multiple_raw_candidates_with_different_amounts
line_bus_1000219,bus_1000219_1,other_bus_service,other_bus_service,PI,"[""PI""]",1000219,1,1,12783,12786,2,2,"[""1000219-1-1-3"",""1000219-1-1-8""]","[2.0,32.0]","[""gtfs:fare_rules:650174;fare_attributes:650174"",""gtfs:fare_rules:650179;fare_attributes:650179""]","[{""currency"":""HKD"",""destination_id"":""12786"",""fare_attribute_line"":650174,""fare_attributes_source_file"":""data/transit/hongkong/PublicTransportGTFS/gtfs.zip::fare_attributes.txt"",""fare_id"":""1000219-1-1-3"",""fare_rule_line"":650174,""fare_rules_source_file"":""data/transit/hongkong/PublicTransportGTFS/gtfs.zip::fare_rules.txt"",""origin_id"":""12783"",""price"":2.0,""route_id"":""1000219"",""source_sha256"":""e5ad020b79d0020625a4e8eb5428c2253a07705b71bfb809d8a3fa178032ce06""},{""currency"":""HKD"",""destination_id"":""12786"",""fare_attribute_line"":650179,""fare_attributes_source_file"":""data/transit/hongkong/PublicTransportGTFS/gtfs.zip::fare_attributes.txt"",""fare_id"":""1000219-1-1-8"",""fare_rule_line"":650179,""fare_rules_source_file"":""data/transit/hongkong/PublicTransportGTFS/gtfs.zip::fare_rules.txt"",""origin_id"":""12783"",""price"":32.0,""route_id"":""1000219"",""source_sha256"":""e5ad020b79d0020625a4e8eb5428c2253a07705b71bfb809d8a3fa178032ce06""}]",0,False,conflicting_amounts,published_fare_candidate_passenger_and_payment_basis_unspecified,unspecified_in_source,unspecified_in_source,unspecified_in_source,unspecified_in_source,,not_encoded_in_source_revision_cutoff_only,2026-07-14,2026-07-20,data/transit/hongkong/PublicTransportGTFS/gtfs.zip::fare_rules.txt;data/transit/hongkong/PublicTransportGTFS/gtfs.zip::fare_attributes.txt,e5ad020b79d0020625a4e8eb5428c2253a07705b71bfb809d8a3fa178032ce06,exact_route_id_and_ordered_stop_od_candidate_audit,exact,A,False,False,multiple_raw_candidates_with_different_amounts
line_bus_1000219,bus_1000219_1,other_bus_service,other_bus_service,PI,"[""PI""]",1000219,1,1,12785,12786,2,2,"[""1000219-1-2-3"",""1000219-1-2-8""]","[2.0,32.0]","[""gtfs:fare_rules:650183;fare_attributes:650183"",""gtfs:fare_rules:650188;fare_attributes:650188""]","[{""currency"":""HKD"",""destination_id"":""12786"",""fare_attribute_line"":650183,""fare_attributes_source_file"":""data/transit/hongkong/PublicTransportGTFS/gtfs.zip::fare_attributes.txt"",""fare_id"":""1000219-1-2-3"",""fare_rule_line"":650183,""fare_rules_source_file"":""data/transit/hongkong/PublicTransportGTFS/gtfs.zip::fare_rules.txt"",""origin_id"":""12785"",""price"":2.0,""route_id"":""1000219"",""source_sha256"":""e5ad020b79d0020625a4e8eb5428c2253a07705b71bfb809d8a3fa178032ce06""},{""currency"":""HKD"",""destination_id"":""12786"",""fare_attribute_line"":650188,""fare_attributes_source_file"":""data/transit/hongkong/PublicTransportGTFS/gtfs.zip::fare_attributes.txt"",""fare_id"":""1000219-1-2-8"",""fare_rule_line"":650188,""fare_rules_source_file"":""data/transit/hongkong/PublicTransportGTFS/gtfs.zip::fare_rules.txt"",""origin_id"":""12785"",""price"":32.0,""route_id"":""1000219"",""source_sha256"":""e5ad020b79d0020625a4e8eb5428c2253a07705b71bfb809d8a3fa178032ce06""}]",0,False,conflicting_amounts,published_fare_candidate_passenger_and_payment_basis_unspecified,unspecified_in_source,unspecified_in_source,unspecified_in_source,unspecified_in_source,,not_encoded_in_source_revision_cutoff_only,2026-07-14,2026-07-20,data/transit/hongkong/PublicTransportGTFS/gtfs.zip::fare_rules.txt;data/transit/hongkong/PublicTransportGTFS/gtfs.zip::fare_attributes.txt,e5ad020b79d0020625a4e8eb5428c2253a07705b71bfb809d8a3fa178032ce06,exact_route_id_and_ordered_stop_od_candidate_audit,exact,A,False,False,multiple_raw_candidates_with_different_amounts
line_bus_1000219,bus_1000219_1,other_bus_service,other_bus_service,PI,"[""PI""]",1000219,1,1,12786,12783,2,2,"[""1000219-1-3-11"",""1000219-1-8-11""]","[32.0,2.0]","[""gtfs:fare_rules:650199;fare_attributes:650199"",""gtfs:fare_rules:650224;fare_attributes:650224""]","[{""currency"":""HKD"",""destination_id"":""12783"",""fare_attribute_line"":650199,""fare_attributes_source_file"":""data/transit/hongkong/PublicTransportGTFS/gtfs.zip::fare_attributes.txt"",""fare_id"":""1000219-1-3-11"",""fare_rule_line"":650199,""fare_rules_source_file"":""data/transit/hongkong/PublicTransportGTFS/gtfs.zip::fare_rules.txt"",""origin_id"":""12786"",""price"":32.0,""route_id"":""1000219"",""source_sha256"":""e5ad020b79d0020625a4e8eb5428c2253a07705b71bfb809d8a3fa178032ce06""},{""currency"":""HKD"",""destination_id"":""12783"",""fare_attribute_line"":650224,""fare_attributes_source_file"":""data/transit/hongkong/PublicTransportGTFS/gtfs.zip::fare_attributes.txt"",""fare_id"":""1000219-1-8-11"",""fare_rule_line"":650224,""fare_rules_source_file"":""data/transit/hongkong/PublicTransportGTFS/gtfs.zip::fare_rules.txt"",""origin_id"":""12786"",""price"":2.0,""route_id"":""1000219"",""source_sha256"":""e5ad020b79d0020625a4e8eb5428c2253a07705b71bfb809d8a3fa178032ce06""}]",0,False,conflicting_amounts,published_fare_candidate_passenger_and_payment_basis_unspecified,unspecified_in_source,unspecified_in_source,unspecified_in_source,unspecified_in_source,,not_encoded_in_source_revision_cutoff_only,2026-07-14,2026-07-20,data/transit/hongkong/PublicTransportGTFS/gtfs.zip::fare_rules.txt;data/transit/hongkong/PublicTransportGTFS/gtfs.zip::fare_attributes.txt,e5ad020b79d0020625a4e8eb5428c2253a07705b71bfb809d8a3fa178032ce06,exact_route_id_and_ordered_stop_od_candidate_audit,exact,A,False,False,multiple_raw_candidates_with_different_amounts
line_bus_1000219,bus_1000219_1,other_bus_service,other_bus_service,PI,"[""PI""]",1000219,1,1,12786,12787,2,2,"[""1000219-1-3-9"",""1000219-1-8-9""]","[32.0,2.0]","[""gtfs:fare_rules:650197;fare_attributes:650197"",""gtfs:fare_rules:650222;fare_attributes:650222""]","[{""currency"":""HKD"",""destination_id"":""12787"",""fare_attribute_line"":650197,""fare_attributes_source_file"":""data/transit/hongkong/PublicTransportGTFS/gtfs.zip::fare_attributes.txt"",""fare_id"":""1000219-1-3-9"",""fare_rule_line"":650197,""fare_rules_source_file"":""data/transit/hongkong/PublicTransportGTFS/gtfs.zip::fare_rules.txt"",""origin_id"":""12786"",""price"":32.0,""route_id"":""1000219"",""source_sha256"":""e5ad020b79d0020625a4e8eb5428c2253a07705b71bfb809d8a3fa178032ce06""},{""currency"":""HKD"",""destination_id"":""12787"",""fare_attribute_line"":650222,""fare_attributes_source_file"":""data/transit/hongkong/PublicTransportGTFS/gtfs.zip::fare_attributes.txt"",""fare_id"":""1000219-1-8-9"",""fare_rule_line"":650222,""fare_rules_source_file"":""data/transit/hongkong/PublicTransportGTFS/gtfs.zip::fare_rules.txt"",""origin_id"":""12786"",""price"":2.0,""route_id"":""1000219"",""source_sha256"":""e5ad020b79d0020625a4e8eb5428c2253a07705b71bfb809d8a3fa178032ce06""}]",0,False,conflicting_amounts,published_fare_candidate_passenger_and_payment_basis_unspecified,unspecified_in_source,unspecified_in_source,unspecified_in_source,unspecified_in_source,,not_encoded_in_source_revision_cutoff_only,2026-07-14,2026-07-20,data/transit/hongkong/PublicTransportGTFS/gtfs.zip::fare_rules.txt;data/transit/hongkong/PublicTransportGTFS/gtfs.zip::fare_attributes.txt,e5ad020b79d0020625a4e8eb5428c2253a07705b71bfb809d8a3fa178032ce06,exact_route_id_and_ordered_stop_od_candidate_audit,exact,A,False,False,multiple_raw_candidates_with_different_amounts
line_bus_1000219,bus_1000219_1,other_bus_service,other_bus_service,PI,"[""PI""]",1000219,1,1,12786,12790,2,2,"[""1000219-1-3-10"",""1000219-1-8-10""]","[32.0,2.0]","[""gtfs:fare_rules:650198;fare_attributes:650198"",""gtfs:fare_rules:650223;fare_attributes:650223""]","[{""currency"":""HKD"",""destination_id"":""12790"",""fare_attribute_line"":650198,""fare_attributes_source_file"":""data/transit/hongkong/PublicTransportGTFS/gtfs.zip::fare_attributes.txt"",""fare_id"":""1000219-1-3-10"",""fare_rule_line"":650198,""fare_rules_source_file"":""data/transit/hongkong/PublicTransportGTFS/gtfs.zip::fare_rules.txt"",""origin_id"":""12786"",""price"":32.0,""route_id"":""1000219"",""source_sha256"":""e5ad020b79d0020625a4e8eb5428c2253a07705b71bfb809d8a3fa178032ce06""},{""currency"":""HKD"",""destination_id"":""12790"",""fare_attribute_line"":650223,""fare_attributes_source_file"":""data/transit/hongkong/PublicTransportGTFS/gtfs.zip::fare_attributes.txt"",""fare_id"":""1000219-1-8-10"",""fare_rule_line"":650223,""fare_rules_source_file"":""data/transit/hongkong/PublicTransportGTFS/gtfs.zip::fare_rules.txt"",""origin_id"":""12786"",""price"":2.0,""route_id"":""1000219"",""source_sha256"":""e5ad020b79d0020625a4e8eb5428c2253a07705b71bfb809d8a3fa178032ce06""}]",0,False,conflicting_amounts,published_fare_candidate_passenger_and_payment_basis_unspecified,unspecified_in_source,unspecified_in_source,unspecified_in_source,unspecified_in_source,,not_encoded_in_source_revision_cutoff_only,2026-07-14,2026-07-20,data/transit/hongkong/PublicTransportGTFS/gtfs.zip::fare_rules.txt;data/transit/hongkong/PublicTransportGTFS/gtfs.zip::fare_attributes.txt,e5ad020b79d0020625a4e8eb5428c2253a07705b71bfb809d8a3fa178032ce06,exact_route_id_and_ordered_stop_od_candidate_audit,exact,A,False,False,multiple_raw_candidates_with_different_amounts
line_bus_1000236,bus_1000236_1,confirmed_franchised_bus,confirmed_franchised_bus,CTB,"[""CTB""]",1000236,1,1,10000080,10000081,2,2,"[""1000236-1-7-8"",""1000236-2-47-48""]","[18.1,7.7]","[""gtfs:fare_rules:653367;fare_attributes:653367"",""gtfs:fare_rules:655716;fare_attributes:655716""]","[{""currency"":""HKD"",""destination_id"":""10000081"",""fare_attribute_line"":653367,""fare_attributes_source_file"":""data/transit/hongkong/PublicTransportGTFS/gtfs.zip::fare_attributes.txt"",""fare_id"":""1000236-1-7-8"",""fare_rule_line"":653367,""fare_rules_source_file"":""data/transit/hongkong/PublicTransportGTFS/gtfs.zip::fare_rules.txt"",""origin_id"":""10000080"",""price"":18.1,""route_id"":""1000236"",""source_sha256"":""e5ad020b79d0020625a4e8eb5428c2253a07705b71bfb809d8a3fa178032ce06""},{""currency"":""HKD"",""destination_id"":""10000081"",""fare_attribute_line"":655716,""fare_attributes_source_file"":""data/transit/hongkong/PublicTransportGTFS/gtfs.zip::fare_attributes.txt"",""fare_id"":""1000236-2-47-48"",""fare_rule_line"":655716,""fare_rules_source_file"":""data/transit/hongkong/PublicTransportGTFS/gtfs.zip::fare_rules.txt"",""origin_id"":""10000080"",""price"":7.7,""route_id"":""1000236"",""source_sha256"":""e5ad020b79d0020625a4e8eb5428c2253a07705b71bfb809d8a3fa178032ce06""}]",0,False,conflicting_amounts,published_fare_candidate_passenger_and_payment_basis_unspecified,unspecified_in_source,unspecified_in_source,unspecified_in_source,unspecified_in_source,,not_encoded_in_source_revision_cutoff_only,2026-07-14,2026-07-20,data/transit/hongkong/PublicTransportGTFS/gtfs.zip::fare_rules.txt;data/transit/hongkong/PublicTransportGTFS/gtfs.zip::fare_attributes.txt,e5ad020b79d0020625a4e8eb5428c2253a07705b71bfb809d8a3fa178032ce06,exact_route_id_and_ordered_stop_od_candidate_audit,exact,A,False,False,multiple_raw_candidates_with_different_amounts
line_bus_1000236,bus_1000236_2,confirmed_franchised_bus,confirmed_franchised_bus,CTB,"[""CTB""]",1000236,2,2,10000080,10000081,2,2,"[""1000236-1-7-8"",""1000236-2-47-48""]","[18.1,7.7]","[""gtfs:fare_rules:653367;fare_attributes:653367"",""gtfs:fare_rules:655716;fare_attributes:655716""]","[{""currency"":""HKD"",""destination_id"":""10000081"",""fare_attribute_line"":653367,""fare_attributes_source_file"":""data/transit/hongkong/PublicTransportGTFS/gtfs.zip::fare_attributes.txt"",""fare_id"":""1000236-1-7-8"",""fare_rule_line"":653367,""fare_rules_source_file"":""data/transit/hongkong/PublicTransportGTFS/gtfs.zip::fare_rules.txt"",""origin_id"":""10000080"",""price"":18.1,""route_id"":""1000236"",""source_sha256"":""e5ad020b79d0020625a4e8eb5428c2253a07705b71bfb809d8a3fa178032ce06""},{""currency"":""HKD"",""destination_id"":""10000081"",""fare_attribute_line"":655716,""fare_attributes_source_file"":""data/transit/hongkong/PublicTransportGTFS/gtfs.zip::fare_attributes.txt"",""fare_id"":""1000236-2-47-48"",""fare_rule_line"":655716,""fare_rules_source_file"":""data/transit/hongkong/PublicTransportGTFS/gtfs.zip::fare_rules.txt"",""origin_id"":""10000080"",""price"":7.7,""route_id"":""1000236"",""source_sha256"":""e5ad020b79d0020625a4e8eb5428c2253a07705b71bfb809d8a3fa178032ce06""}]",0,False,conflicting_amounts,published_fare_candidate_passenger_and_payment_basis_unspecified,unspecified_in_source,unspecified_in_source,unspecified_in_source,unspecified_in_source,,not_encoded_in_source_revision_cutoff_only,2026-07-14,2026-07-20,data/transit/hongkong/PublicTransportGTFS/gtfs.zip::fare_rules.txt;data/transit/hongkong/PublicTransportGTFS/gtfs.zip::fare_attributes.txt,e5ad020b79d0020625a4e8eb5428c2253a07705b71bfb809d8a3fa178032ce06,exact_route_id_and_ordered_stop_od_candidate_audit,exact,A,False,False,multiple_raw_candidates_with_different_amounts
line_bus_1000243,bus_1000243_1,confirmed_franchised_bus,confirmed_franchised_bus,CTB,"[""CTB""]",1000243,1,1,10000011,10000012,2,2,"[""1000243-1-1-2"",""1000243-2-24-26""]","[17.7,5.0]","[""gtfs:fare_rules:657585;fare_attributes:657585"",""gtfs:fare_rules:658207;fare_attributes:658207""]","[{""currency"":""HKD"",""destination_id"":""10000012"",""fare_attribute_line"":657585,""fare_attributes_source_file"":""data/transit/hongkong/PublicTransportGTFS/gtfs.zip::fare_attributes.txt"",""fare_id"":""1000243-1-1-2"",""fare_rule_line"":657585,""fare_rules_source_file"":""data/transit/hongkong/PublicTransportGTFS/gtfs.zip::fare_rules.txt"",""origin_id"":""10000011"",""price"":17.7,""route_id"":""1000243"",""source_sha256"":""e5ad020b79d0020625a4e8eb5428c2253a07705b71bfb809d8a3fa178032ce06""},{""currency"":""HKD"",""destination_id"":""10000012"",""fare_attribute_line"":658207,""fare_attributes_source_file"":""data/transit/hongkong/PublicTransportGTFS/gtfs.zip::fare_attributes.txt"",""fare_id"":""1000243-2-24-26"",""fare_rule_line"":658207,""fare_rules_source_file"":""data/transit/hongkong/PublicTransportGTFS/gtfs.zip::fare_rules.txt"",""origin_id"":""10000011"",""price"":5.0,""route_id"":""1000243"",""source_sha256"":""e5ad020b79d0020625a4e8eb5428c2253a07705b71bfb809d8a3fa178032ce06""}]",0,False,conflicting_amounts,published_fare_candidate_passenger_and_payment_basis_unspecified,unspecified_in_source,unspecified_in_source,unspecified_in_source,unspecified_in_source,,not_encoded_in_source_revision_cutoff_only,2026-07-14,2026-07-20,data/transit/hongkong/PublicTransportGTFS/gtfs.zip::fare_rules.txt;data/transit/hongkong/PublicTransportGTFS/gtfs.zip::fare_attributes.txt,e5ad020b79d0020625a4e8eb5428c2253a07705b71bfb809d8a3fa178032ce06,exact_route_id_and_ordered_stop_od_candidate_audit,exact,A,False,False,multiple_raw_candidates_with_different_amounts
line_bus_1000243,bus_1000243_1,confirmed_franchised_bus,confirmed_franchised_bus,CTB,"[""CTB""]",1000243,1,1,10000011,10000013,2,2,"[""1000243-1-1-3"",""1000243-2-24-27""]","[17.7,5.0]","[""gtfs:fare_rules:657586;fare_attributes:657586"",""gtfs:fare_rules:658208;fare_attributes:658208""]","[{""currency"":""HKD"",""destination_id"":""10000013"",""fare_attribute_line"":657586,""fare_attributes_source_file"":""data/transit/hongkong/PublicTransportGTFS/gtfs.zip::fare_attributes.txt"",""fare_id"":""1000243-1-1-3"",""fare_rule_line"":657586,""fare_rules_source_file"":""data/transit/hongkong/PublicTransportGTFS/gtfs.zip::fare_rules.txt"",""origin_id"":""10000011"",""price"":17.7,""route_id"":""1000243"",""source_sha256"":""e5ad020b79d0020625a4e8eb5428c2253a07705b71bfb809d8a3fa178032ce06""},{""currency"":""HKD"",""destination_id"":""10000013"",""fare_attribute_line"":658208,""fare_attributes_source_file"":""data/transit/hongkong/PublicTransportGTFS/gtfs.zip::fare_attributes.txt"",""fare_id"":""1000243-2-24-27"",""fare_rule_line"":658208,""fare_rules_source_file"":""data/transit/hongkong/PublicTransportGTFS/gtfs.zip::fare_rules.txt"",""origin_id"":""10000011"",""price"":5.0,""route_id"":""1000243"",""source_sha256"":""e5ad020b79d0020625a4e8eb5428c2253a07705b71bfb809d8a3fa178032ce06""}]",0,False,conflicting_amounts,published_fare_candidate_passenger_and_payment_basis_unspecified,unspecified_in_source,unspecified_in_source,unspecified_in_source,unspecified_in_source,,not_encoded_in_source_revision_cutoff_only,2026-07-14,2026-07-20,data/transit/hongkong/PublicTransportGTFS/gtfs.zip::fare_rules.txt;data/transit/hongkong/PublicTransportGTFS/gtfs.zip::fare_attributes.txt,e5ad020b79d0020625a4e8eb5428c2253a07705b71bfb809d8a3fa178032ce06,exact_route_id_and_ordered_stop_od_candidate_audit,exact,A,False,False,multiple_raw_candidates_with_different_amounts
line_bus_1000243,bus_1000243_1,confirmed_franchised_bus,confirmed_franchised_bus,CTB,"[""CTB""]",1000243,1,1,10000012,10000013,2,2,"[""1000243-1-2-3"",""1000243-2-26-27""]","[17.7,5.0]","[""gtfs:fare_rules:657607;fare_attributes:657607"",""gtfs:fare_rules:658213;fare_attributes:658213""]","[{""currency"":""HKD"",""destination_id"":""10000013"",""fare_attribute_line"":657607,""fare_attributes_source_file"":""data/transit/hongkong/PublicTransportGTFS/gtfs.zip::fare_attributes.txt"",""fare_id"":""1000243-1-2-3"",""fare_rule_line"":657607,""fare_rules_source_file"":""data/transit/hongkong/PublicTransportGTFS/gtfs.zip::fare_rules.txt"",""origin_id"":""10000012"",""price"":17.7,""route_id"":""1000243"",""source_sha256"":""e5ad020b79d0020625a4e8eb5428c2253a07705b71bfb809d8a3fa178032ce06""},{""currency"":""HKD"",""destination_id"":""10000013"",""fare_attribute_line"":658213,""fare_attributes_source_file"":""data/transit/hongkong/PublicTransportGTFS/gtfs.zip::fare_attributes.txt"",""fare_id"":""1000243-2-26-27"",""fare_rule_line"":658213,""fare_rules_source_file"":""data/transit/hongkong/PublicTransportGTFS/gtfs.zip::fare_rules.txt"",""origin_id"":""10000012"",""price"":5.0,""route_id"":""1000243"",""source_sha256"":""e5ad020b79d0020625a4e8eb5428c2253a07705b71bfb809d8a3fa178032ce06""}]",0,False,conflicting_amounts,published_fare_candidate_passenger_and_payment_basis_unspecified,unspecified_in_source,unspecified_in_source,unspecified_in_source,unspecified_in_source,,not_encoded_in_source_revision_cutoff_only,2026-07-14,2026-07-20,data/transit/hongkong/PublicTransportGTFS/gtfs.zip::fare_rules.txt;data/transit/hongkong/PublicTransportGTFS/gtfs.zip::fare_attributes.txt,e5ad020b79d0020625a4e8eb5428c2253a07705b71bfb809d8a3fa178032ce06,exact_route_id_and_ordered_stop_od_candidate_audit,exact,A,False,False,multiple_raw_candidates_with_different_amounts
line_bus_1000243,bus_1000243_2,confirmed_franchised_bus,confirmed_franchised_bus,CTB,"[""CTB""]",1000243,2,2,10000011,10000012,2,2,"[""1000243-1-1-2"",""1000243-2-24-26""]","[17.7,5.0]","[""gtfs:fare_rules:657585;fare_attributes:657585"",""gtfs:fare_rules:658207;fare_attributes:658207""]","[{""currency"":""HKD"",""destination_id"":""10000012"",""fare_attribute_line"":657585,""fare_attributes_source_file"":""data/transit/hongkong/PublicTransportGTFS/gtfs.zip::fare_attributes.txt"",""fare_id"":""1000243-1-1-2"",""fare_rule_line"":657585,""fare_rules_source_file"":""data/transit/hongkong/PublicTransportGTFS/gtfs.zip::fare_rules.txt"",""origin_id"":""10000011"",""price"":17.7,""route_id"":""1000243"",""source_sha256"":""e5ad020b79d0020625a4e8eb5428c2253a07705b71bfb809d8a3fa178032ce06""},{""currency"":""HKD"",""destination_id"":""10000012"",""fare_attribute_line"":658207,""fare_attributes_source_file"":""data/transit/hongkong/PublicTransportGTFS/gtfs.zip::fare_attributes.txt"",""fare_id"":""1000243-2-24-26"",""fare_rule_line"":658207,""fare_rules_source_file"":""data/transit/hongkong/PublicTransportGTFS/gtfs.zip::fare_rules.txt"",""origin_id"":""10000011"",""price"":5.0,""route_id"":""1000243"",""source_sha256"":""e5ad020b79d0020625a4e8eb5428c2253a07705b71bfb809d8a3fa178032ce06""}]",0,False,conflicting_amounts,published_fare_candidate_passenger_and_payment_basis_unspecified,unspecified_in_source,unspecified_in_source,unspecified_in_source,unspecified_in_source,,not_encoded_in_source_revision_cutoff_only,2026-07-14,2026-07-20,data/transit/hongkong/PublicTransportGTFS/gtfs.zip::fare_rules.txt;data/transit/hongkong/PublicTransportGTFS/gtfs.zip::fare_attributes.txt,e5ad020b79d0020625a4e8eb5428c2253a07705b71bfb809d8a3fa178032ce06,exact_route_id_and_ordered_stop_od_candidate_audit,exact,A,False,False,multiple_raw_candidates_with_different_amounts
line_bus_1000243,bus_1000243_2,confirmed_franchised_bus,confirmed_franchised_bus,CTB,"[""CTB""]",1000243,2,2,10000011,10000013,2,2,"[""1000243-1-1-3"",""1000243-2-24-27""]","[17.7,5.0]","[""gtfs:fare_rules:657586;fare_attributes:657586"",""gtfs:fare_rules:658208;fare_attributes:658208""]","[{""currency"":""HKD"",""destination_id"":""10000013"",""fare_attribute_line"":657586,""fare_attributes_source_file"":""data/transit/hongkong/PublicTransportGTFS/gtfs.zip::fare_attributes.txt"",""fare_id"":""1000243-1-1-3"",""fare_rule_line"":657586,""fare_rules_source_file"":""data/transit/hongkong/PublicTransportGTFS/gtfs.zip::fare_rules.txt"",""origin_id"":""10000011"",""price"":17.7,""route_id"":""1000243"",""source_sha256"":""e5ad020b79d0020625a4e8eb5428c2253a07705b71bfb809d8a3fa178032ce06""},{""currency"":""HKD"",""destination_id"":""10000013"",""fare_attribute_line"":658208,""fare_attributes_source_file"":""data/transit/hongkong/PublicTransportGTFS/gtfs.zip::fare_attributes.txt"",""fare_id"":""1000243-2-24-27"",""fare_rule_line"":658208,""fare_rules_source_file"":""data/transit/hongkong/PublicTransportGTFS/gtfs.zip::fare_rules.txt"",""origin_id"":""10000011"",""price"":5.0,""route_id"":""1000243"",""source_sha256"":""e5ad020b79d0020625a4e8eb5428c2253a07705b71bfb809d8a3fa178032ce06""}]",0,False,conflicting_amounts,published_fare_candidate_passenger_and_payment_basis_unspecified,unspecified_in_source,unspecified_in_source,unspecified_in_source,unspecified_in_source,,not_encoded_in_source_revision_cutoff_only,2026-07-14,2026-07-20,data/transit/hongkong/PublicTransportGTFS/gtfs.zip::fare_rules.txt;data/transit/hongkong/PublicTransportGTFS/gtfs.zip::fare_attributes.txt,e5ad020b79d0020625a4e8eb5428c2253a07705b71bfb809d8a3fa178032ce06,exact_route_id_and_ordered_stop_od_candidate_audit,exact,A,False,False,multiple_raw_candidates_with_different_amounts
line_bus_1000243,bus_1000243_2,confirmed_franchised_bus,confirmed_franchised_bus,CTB,"[""CTB""]",1000243,2,2,10000012,10000013,2,2,"[""1000243-1-2-3"",""1000243-2-26-27""]","[17.7,5.0]","[""gtfs:fare_rules:657607;fare_attributes:657607"",""gtfs:fare_rules:658213;fare_attributes:658213""]","[{""currency"":""HKD"",""destination_id"":""10000013"",""fare_attribute_line"":657607,""fare_attributes_source_file"":""data/transit/hongkong/PublicTransportGTFS/gtfs.zip::fare_attributes.txt"",""fare_id"":""1000243-1-2-3"",""fare_rule_line"":657607,""fare_rules_source_file"":""data/transit/hongkong/PublicTransportGTFS/gtfs.zip::fare_rules.txt"",""origin_id"":""10000012"",""price"":17.7,""route_id"":""1000243"",""source_sha256"":""e5ad020b79d0020625a4e8eb5428c2253a07705b71bfb809d8a3fa178032ce06""},{""currency"":""HKD"",""destination_id"":""10000013"",""fare_attribute_line"":658213,""fare_attributes_source_file"":""data/transit/hongkong/PublicTransportGTFS/gtfs.zip::fare_attributes.txt"",""fare_id"":""1000243-2-26-27"",""fare_rule_line"":658213,""fare_rules_source_file"":""data/transit/hongkong/PublicTransportGTFS/gtfs.zip::fare_rules.txt"",""origin_id"":""10000012"",""price"":5.0,""route_id"":""1000243"",""source_sha256"":""e5ad020b79d0020625a4e8eb5428c2253a07705b71bfb809d8a3fa178032ce06""}]",0,False,conflicting_amounts,published_fare_candidate_passenger_and_payment_basis_unspecified,unspecified_in_source,unspecified_in_source,unspecified_in_source,unspecified_in_source,,not_encoded_in_source_revision_cutoff_only,2026-07-14,2026-07-20,data/transit/hongkong/PublicTransportGTFS/gtfs.zip::fare_rules.txt;data/transit/hongkong/PublicTransportGTFS/gtfs.zip::fare_attributes.txt,e5ad020b79d0020625a4e8eb5428c2253a07705b71bfb809d8a3fa178032ce06,exact_route_id_and_ordered_stop_od_candidate_audit,exact,A,False,False,multiple_raw_candidates_with_different_amounts
line_bus_1000244,bus_1000244_1,confirmed_franchised_bus,confirmed_franchised_bus,CTB,"[""CTB""]",1000244,1,1,10000011,10000012,2,2,"[""1000244-1-1-2"",""1000244-2-19-21""]","[19.4,5.0]","[""gtfs:fare_rules:658216;fare_attributes:658216"",""gtfs:fare_rules:658713;fare_attributes:658713""]","[{""currency"":""HKD"",""destination_id"":""10000012"",""fare_attribute_line"":658216,""fare_attributes_source_file"":""data/transit/hongkong/PublicTransportGTFS/gtfs.zip::fare_attributes.txt"",""fare_id"":""1000244-1-1-2"",""fare_rule_line"":658216,""fare_rules_source_file"":""data/transit/hongkong/PublicTransportGTFS/gtfs.zip::fare_rules.txt"",""origin_id"":""10000011"",""price"":19.4,""route_id"":""1000244"",""source_sha256"":""e5ad020b79d0020625a4e8eb5428c2253a07705b71bfb809d8a3fa178032ce06""},{""currency"":""HKD"",""destination_id"":""10000012"",""fare_attribute_line"":658713,""fare_attributes_source_file"":""data/transit/hongkong/PublicTransportGTFS/gtfs.zip::fare_attributes.txt"",""fare_id"":""1000244-2-19-21"",""fare_rule_line"":658713,""fare_rules_source_file"":""data/transit/hongkong/PublicTransportGTFS/gtfs.zip::fare_rules.txt"",""origin_id"":""10000011"",""price"":5.0,""route_id"":""1000244"",""source_sha256"":""e5ad020b79d0020625a4e8eb5428c2253a07705b71bfb809d8a3fa178032ce06""}]",0,False,conflicting_amounts,published_fare_candidate_passenger_and_payment_basis_unspecified,unspecified_in_source,unspecified_in_source,unspecified_in_source,unspecified_in_source,,not_encoded_in_source_revision_cutoff_only,2026-07-14,2026-07-20,data/transit/hongkong/PublicTransportGTFS/gtfs.zip::fare_rules.txt;data/transit/hongkong/PublicTransportGTFS/gtfs.zip::fare_attributes.txt,e5ad020b79d0020625a4e8eb5428c2253a07705b71bfb809d8a3fa178032ce06,exact_route_id_and_ordered_stop_od_candidate_audit,exact,A,False,False,multiple_raw_candidates_with_different_amounts
line_bus_1000244,bus_1000244_1,confirmed_franchised_bus,confirmed_franchised_bus,CTB,"[""CTB""]",1000244,1,1,10000011,10000013,2,2,"[""1000244-1-1-3"",""1000244-2-19-22""]","[19.4,5.0]","[""gtfs:fare_rules:658217;fare_attributes:658217"",""gtfs:fare_rules:658714;fare_attributes:658714""]","[{""currency"":""HKD"",""destination_id"":""10000013"",""fare_attribute_line"":658217,""fare_attributes_source_file"":""data/transit/hongkong/PublicTransportGTFS/gtfs.zip::fare_attributes.txt"",""fare_id"":""1000244-1-1-3"",""fare_rule_line"":658217,""fare_rules_source_file"":""data/transit/hongkong/PublicTransportGTFS/gtfs.zip::fare_rules.txt"",""origin_id"":""10000011"",""price"":19.4,""route_id"":""1000244"",""source_sha256"":""e5ad020b79d0020625a4e8eb5428c2253a07705b71bfb809d8a3fa178032ce06""},{""currency"":""HKD"",""destination_id"":""10000013"",""fare_attribute_line"":658714,""fare_attributes_source_file"":""data/transit/hongkong/PublicTransportGTFS/gtfs.zip::fare_attributes.txt"",""fare_id"":""1000244-2-19-22"",""fare_rule_line"":658714,""fare_rules_source_file"":""data/transit/hongkong/PublicTransportGTFS/gtfs.zip::fare_rules.txt"",""origin_id"":""10000011"",""price"":5.0,""route_id"":""1000244"",""source_sha256"":""e5ad020b79d0020625a4e8eb5428c2253a07705b71bfb809d8a3fa178032ce06""}]",0,False,conflicting_amounts,published_fare_candidate_passenger_and_payment_basis_unspecified,unspecified_in_source,unspecified_in_source,unspecified_in_source,unspecified_in_source,,not_encoded_in_source_revision_cutoff_only,2026-07-14,2026-07-20,data/transit/hongkong/PublicTransportGTFS/gtfs.zip::fare_rules.txt;data/transit/hongkong/PublicTransportGTFS/gtfs.zip::fare_attributes.txt,e5ad020b79d0020625a4e8eb5428c2253a07705b71bfb809d8a3fa178032ce06,exact_route_id_and_ordered_stop_od_candidate_audit,exact,A,False,False,multiple_raw_candidates_with_different_amounts
line_bus_1000244,bus_1000244_1,confirmed_franchised_bus,confirmed_franchised_bus,CTB,"[""CTB""]",1000244,1,1,10000012,10000013,2,2,"[""1000244-1-2-3"",""1000244-2-21-22""]","[19.4,5.0]","[""gtfs:fare_rules:658238;fare_attributes:658238"",""gtfs:fare_rules:658719;fare_attributes:658719""]","[{""currency"":""HKD"",""destination_id"":""10000013"",""fare_attribute_line"":658238,""fare_attributes_source_file"":""data/transit/hongkong/PublicTransportGTFS/gtfs.zip::fare_attributes.txt"",""fare_id"":""1000244-1-2-3"",""fare_rule_line"":658238,""fare_rules_source_file"":""data/transit/hongkong/PublicTransportGTFS/gtfs.zip::fare_rules.txt"",""origin_id"":""10000012"",""price"":19.4,""route_id"":""1000244"",""source_sha256"":""e5ad020b79d0020625a4e8eb5428c2253a07705b71bfb809d8a3fa178032ce06""},{""currency"":""HKD"",""destination_id"":""10000013"",""fare_attribute_line"":658719,""fare_attributes_source_file"":""data/transit/hongkong/PublicTransportGTFS/gtfs.zip::fare_attributes.txt"",""fare_id"":""1000244-2-21-22"",""fare_rule_line"":658719,""fare_rules_source_file"":""data/transit/hongkong/PublicTransportGTFS/gtfs.zip::fare_rules.txt"",""origin_id"":""10000012"",""price"":5.0,""route_id"":""1000244"",""source_sha256"":""e5ad020b79d0020625a4e8eb5428c2253a07705b71bfb809d8a3fa178032ce06""}]",0,False,conflicting_amounts,published_fare_candidate_passenger_and_payment_basis_unspecified,unspecified_in_source,unspecified_in_source,unspecified_in_source,unspecified_in_source,,not_encoded_in_source_revision_cutoff_only,2026-07-14,2026-07-20,data/transit/hongkong/PublicTransportGTFS/gtfs.zip::fare_rules.txt;data/transit/hongkong/PublicTransportGTFS/gtfs.zip::fare_attributes.txt,e5ad020b79d0020625a4e8eb5428c2253a07705b71bfb809d8a3fa178032ce06,exact_route_id_and_ordered_stop_od_candidate_audit,exact,A,False,False,multiple_raw_candidates_with_different_amounts
line_bus_1000244,bus_1000244_2,confirmed_franchised_bus,confirmed_franchised_bus,CTB,"[""CTB""]",1000244,2,2,10000011,10000012,2,2,"[""1000244-1-1-2"",""1000244-2-19-21""]","[19.4,5.0]","[""gtfs:fare_rules:658216;fare_attributes:658216"",""gtfs:fare_rules:658713;fare_attributes:658713""]","[{""currency"":""HKD"",""destination_id"":""10000012"",""fare_attribute_line"":658216,""fare_attributes_source_file"":""data/transit/hongkong/PublicTransportGTFS/gtfs.zip::fare_attributes.txt"",""fare_id"":""1000244-1-1-2"",""fare_rule_line"":658216,""fare_rules_source_file"":""data/transit/hongkong/PublicTransportGTFS/gtfs.zip::fare_rules.txt"",""origin_id"":""10000011"",""price"":19.4,""route_id"":""1000244"",""source_sha256"":""e5ad020b79d0020625a4e8eb5428c2253a07705b71bfb809d8a3fa178032ce06""},{""currency"":""HKD"",""destination_id"":""10000012"",""fare_attribute_line"":658713,""fare_attributes_source_file"":""data/transit/hongkong/PublicTransportGTFS/gtfs.zip::fare_attributes.txt"",""fare_id"":""1000244-2-19-21"",""fare_rule_line"":658713,""fare_rules_source_file"":""data/transit/hongkong/PublicTransportGTFS/gtfs.zip::fare_rules.txt"",""origin_id"":""10000011"",""price"":5.0,""route_id"":""1000244"",""source_sha256"":""e5ad020b79d0020625a4e8eb5428c2253a07705b71bfb809d8a3fa178032ce06""}]",0,False,conflicting_amounts,published_fare_candidate_passenger_and_payment_basis_unspecified,unspecified_in_source,unspecified_in_source,unspecified_in_source,unspecified_in_source,,not_encoded_in_source_revision_cutoff_only,2026-07-14,2026-07-20,data/transit/hongkong/PublicTransportGTFS/gtfs.zip::fare_rules.txt;data/transit/hongkong/PublicTransportGTFS/gtfs.zip::fare_attributes.txt,e5ad020b79d0020625a4e8eb5428c2253a07705b71bfb809d8a3fa178032ce06,exact_route_id_and_ordered_stop_od_candidate_audit,exact,A,False,False,multiple_raw_candidates_with_different_amounts
line_bus_1000244,bus_1000244_2,confirmed_franchised_bus,confirmed_franchised_bus,CTB,"[""CTB""]",1000244,2,2,10000011,10000013,2,2,"[""1000244-1-1-3"",""1000244-2-19-22""]","[19.4,5.0]","[""gtfs:fare_rules:658217;fare_attributes:658217"",""gtfs:fare_rules:658714;fare_attributes:658714""]","[{""currency"":""HKD"",""destination_id"":""10000013"",""fare_attribute_line"":658217,""fare_attributes_source_file"":""data/transit/hongkong/PublicTransportGTFS/gtfs.zip::fare_attributes.txt"",""fare_id"":""1000244-1-1-3"",""fare_rule_line"":658217,""fare_rules_source_file"":""data/transit/hongkong/PublicTransportGTFS/gtfs.zip::fare_rules.txt"",""origin_id"":""10000011"",""price"":19.4,""route_id"":""1000244"",""source_sha256"":""e5ad020b79d0020625a4e8eb5428c2253a07705b71bfb809d8a3fa178032ce06""},{""currency"":""HKD"",""destination_id"":""10000013"",""fare_attribute_line"":658714,""fare_attributes_source_file"":""data/transit/hongkong/PublicTransportGTFS/gtfs.zip::fare_attributes.txt"",""fare_id"":""1000244-2-19-22"",""fare_rule_line"":658714,""fare_rules_source_file"":""data/transit/hongkong/PublicTransportGTFS/gtfs.zip::fare_rules.txt"",""origin_id"":""10000011"",""price"":5.0,""route_id"":""1000244"",""source_sha256"":""e5ad020b79d0020625a4e8eb5428c2253a07705b71bfb809d8a3fa178032ce06""}]",0,False,conflicting_amounts,published_fare_candidate_passenger_and_payment_basis_unspecified,unspecified_in_source,unspecified_in_source,unspecified_in_source,unspecified_in_source,,not_encoded_in_source_revision_cutoff_only,2026-07-14,2026-07-20,data/transit/hongkong/PublicTransportGTFS/gtfs.zip::fare_rules.txt;data/transit/hongkong/PublicTransportGTFS/gtfs.zip::fare_attributes.txt,e5ad020b79d0020625a4e8eb5428c2253a07705b71bfb809d8a3fa178032ce06,exact_route_id_and_ordered_stop_od_candidate_audit,exact,A,False,False,multiple_raw_candidates_with_different_amounts
line_bus_1000244,bus_1000244_2,confirmed_franchised_bus,confirmed_franchised_bus,CTB,"[""CTB""]",1000244,2,2,10000012,10000013,2,2,"[""1000244-1-2-3"",""1000244-2-21-22""]","[19.4,5.0]","[""gtfs:fare_rules:658238;fare_attributes:658238"",""gtfs:fare_rules:658719;fare_attributes:658719""]","[{""currency"":""HKD"",""destination_id"":""10000013"",""fare_attribute_line"":658238,""fare_attributes_source_file"":""data/transit/hongkong/PublicTransportGTFS/gtfs.zip::fare_attributes.txt"",""fare_id"":""1000244-1-2-3"",""fare_rule_line"":658238,""fare_rules_source_file"":""data/transit/hongkong/PublicTransportGTFS/gtfs.zip::fare_rules.txt"",""origin_id"":""10000012"",""price"":19.4,""route_id"":""1000244"",""source_sha256"":""e5ad020b79d0020625a4e8eb5428c2253a07705b71bfb809d8a3fa178032ce06""},{""currency"":""HKD"",""destination_id"":""10000013"",""fare_attribute_line"":658719,""fare_attributes_source_file"":""data/transit/hongkong/PublicTransportGTFS/gtfs.zip::fare_attributes.txt"",""fare_id"":""1000244-2-21-22"",""fare_rule_line"":658719,""fare_rules_source_file"":""data/transit/hongkong/PublicTransportGTFS/gtfs.zip::fare_rules.txt"",""origin_id"":""10000012"",""price"":5.0,""route_id"":""1000244"",""source_sha256"":""e5ad020b79d0020625a4e8eb5428c2253a07705b71bfb809d8a3fa178032ce06""}]",0,False,conflicting_amounts,published_fare_candidate_passenger_and_payment_basis_unspecified,unspecified_in_source,unspecified_in_source,unspecified_in_source,unspecified_in_source,,not_encoded_in_source_revision_cutoff_only,2026-07-14,2026-07-20,data/transit/hongkong/PublicTransportGTFS/gtfs.zip::fare_rules.txt;data/transit/hongkong/PublicTransportGTFS/gtfs.zip::fare_attributes.txt,e5ad020b79d0020625a4e8eb5428c2253a07705b71bfb809d8a3fa178032ce06,exact_route_id_and_ordered_stop_od_candidate_audit,exact,A,False,False,multiple_raw_candidates_with_different_amounts
line_bus_1000256,bus_1000256_1,confirmed_franchised_bus,confirmed_franchised_bus,CTB,"[""CTB""]",1000256,1,1,10242,1703,2,2,"[""1000256-1-17-19"",""1000256-2-27-28""]","[6.3,4.7]","[""gtfs:fare_rules:662360;fare_attributes:662360"",""gtfs:fare_rules:663425;fare_attributes:663425""]","[{""currency"":""HKD"",""destination_id"":""1703"",""fare_attribute_line"":662360,""fare_attributes_source_file"":""data/transit/hongkong/PublicTransportGTFS/gtfs.zip::fare_attributes.txt"",""fare_id"":""1000256-1-17-19"",""fare_rule_line"":662360,""fare_rules_source_file"":""data/transit/hongkong/PublicTransportGTFS/gtfs.zip::fare_rules.txt"",""origin_id"":""10242"",""price"":6.3,""route_id"":""1000256"",""source_sha256"":""e5ad020b79d0020625a4e8eb5428c2253a07705b71bfb809d8a3fa178032ce06""},{""currency"":""HKD"",""destination_id"":""1703"",""fare_attribute_line"":663425,""fare_attributes_source_file"":""data/transit/hongkong/PublicTransportGTFS/gtfs.zip::fare_attributes.txt"",""fare_id"":""1000256-2-27-28"",""fare_rule_line"":663425,""fare_rules_source_file"":""data/transit/hongkong/PublicTransportGTFS/gtfs.zip::fare_rules.txt"",""origin_id"":""10242"",""price"":4.7,""route_id"":""1000256"",""source_sha256"":""e5ad020b79d0020625a4e8eb5428c2253a07705b71bfb809d8a3fa178032ce06""}]",0,False,conflicting_amounts,published_fare_candidate_passenger_and_payment_basis_unspecified,unspecified_in_source,unspecified_in_source,unspecified_in_source,unspecified_in_source,,not_encoded_in_source_revision_cutoff_only,2026-07-14,2026-07-20,data/transit/hongkong/PublicTransportGTFS/gtfs.zip::fare_rules.txt;data/transit/hongkong/PublicTransportGTFS/gtfs.zip::fare_attributes.txt,e5ad020b79d0020625a4e8eb5428c2253a07705b71bfb809d8a3fa178032ce06,exact_route_id_and_ordered_stop_od_candidate_audit,exact,A,False,False,multiple_raw_candidates_with_different_amounts
line_bus_1000256,bus_1000256_2,confirmed_franchised_bus,confirmed_franchised_bus,CTB,"[""CTB""]",1000256,2,2,10242,1703,2,2,"[""1000256-1-17-19"",""1000256-2-27-28""]","[6.3,4.7]","[""gtfs:fare_rules:662360;fare_attributes:662360"",""gtfs:fare_rules:663425;fare_attributes:663425""]","[{""currency"":""HKD"",""destination_id"":""1703"",""fare_attribute_line"":662360,""fare_attributes_source_file"":""data/transit/hongkong/PublicTransportGTFS/gtfs.zip::fare_attributes.txt"",""fare_id"":""1000256-1-17-19"",""fare_rule_line"":662360,""fare_rules_source_file"":""data/transit/hongkong/PublicTransportGTFS/gtfs.zip::fare_rules.txt"",""origin_id"":""10242"",""price"":6.3,""route_id"":""1000256"",""source_sha256"":""e5ad020b79d0020625a4e8eb5428c2253a07705b71bfb809d8a3fa178032ce06""},{""currency"":""HKD"",""destination_id"":""1703"",""fare_attribute_line"":663425,""fare_attributes_source_file"":""data/transit/hongkong/PublicTransportGTFS/gtfs.zip::fare_attributes.txt"",""fare_id"":""1000256-2-27-28"",""fare_rule_line"":663425,""fare_rules_source_file"":""data/transit/hongkong/PublicTransportGTFS/gtfs.zip::fare_rules.txt"",""origin_id"":""10242"",""price"":4.7,""route_id"":""1000256"",""source_sha256"":""e5ad020b79d0020625a4e8eb5428c2253a07705b71bfb809d8a3fa178032ce06""}]",0,False,conflicting_amounts,published_fare_candidate_passenger_and_payment_basis_unspecified,unspecified_in_source,unspecified_in_source,unspecified_in_source,unspecified_in_source,,not_encoded_in_source_revision_cutoff_only,2026-07-14,2026-07-20,data/transit/hongkong/PublicTransportGTFS/gtfs.zip::fare_rules.txt;data/transit/hongkong/PublicTransportGTFS/gtfs.zip::fare_attributes.txt,e5ad020b79d0020625a4e8eb5428c2253a07705b71bfb809d8a3fa178032ce06,exact_route_id_and_ordered_stop_od_candidate_audit,exact,A,False,False,multiple_raw_candidates_with_different_amounts
line_bus_1000283,bus_1000283_1,confirmed_franchised_bus,confirmed_franchised_bus,CTB,"[""CTB""]",1000283,1,1,10000011,10000012,2,2,"[""1000283-1-1-2"",""1000283-2-17-19""]","[24.2,4.9]","[""gtfs:fare_rules:673507;fare_attributes:673507"",""gtfs:fare_rules:673844;fare_attributes:673844""]","[{""currency"":""HKD"",""destination_id"":""10000012"",""fare_attribute_line"":673507,""fare_attributes_source_file"":""data/transit/hongkong/PublicTransportGTFS/gtfs.zip::fare_attributes.txt"",""fare_id"":""1000283-1-1-2"",""fare_rule_line"":673507,""fare_rules_source_file"":""data/transit/hongkong/PublicTransportGTFS/gtfs.zip::fare_rules.txt"",""origin_id"":""10000011"",""price"":24.2,""route_id"":""1000283"",""source_sha256"":""e5ad020b79d0020625a4e8eb5428c2253a07705b71bfb809d8a3fa178032ce06""},{""currency"":""HKD"",""destination_id"":""10000012"",""fare_attribute_line"":673844,""fare_attributes_source_file"":""data/transit/hongkong/PublicTransportGTFS/gtfs.zip::fare_attributes.txt"",""fare_id"":""1000283-2-17-19"",""fare_rule_line"":673844,""fare_rules_source_file"":""data/transit/hongkong/PublicTransportGTFS/gtfs.zip::fare_rules.txt"",""origin_id"":""10000011"",""price"":4.9,""route_id"":""1000283"",""source_sha256"":""e5ad020b79d0020625a4e8eb5428c2253a07705b71bfb809d8a3fa178032ce06""}]",0,False,conflicting_amounts,published_fare_candidate_passenger_and_payment_basis_unspecified,unspecified_in_source,unspecified_in_source,unspecified_in_source,unspecified_in_source,,not_encoded_in_source_revision_cutoff_only,2026-07-14,2026-07-20,data/transit/hongkong/PublicTransportGTFS/gtfs.zip::fare_rules.txt;data/transit/hongkong/PublicTransportGTFS/gtfs.zip::fare_attributes.txt,e5ad020b79d0020625a4e8eb5428c2253a07705b71bfb809d8a3fa178032ce06,exact_route_id_and_ordered_stop_od_candidate_audit,exact,A,False,False,multiple_raw_candidates_with_different_amounts
line_bus_1000283,bus_1000283_1,confirmed_franchised_bus,confirmed_franchised_bus,CTB,"[""CTB""]",1000283,1,1,10000011,10000013,2,2,"[""1000283-1-1-3"",""1000283-2-17-20""]","[24.2,4.9]","[""gtfs:fare_rules:673508;fare_attributes:673508"",""gtfs:fare_rules:673845;fare_attributes:673845""]","[{""currency"":""HKD"",""destination_id"":""10000013"",""fare_attribute_line"":673508,""fare_attributes_source_file"":""data/transit/hongkong/PublicTransportGTFS/gtfs.zip::fare_attributes.txt"",""fare_id"":""1000283-1-1-3"",""fare_rule_line"":673508,""fare_rules_source_file"":""data/transit/hongkong/PublicTransportGTFS/gtfs.zip::fare_rules.txt"",""origin_id"":""10000011"",""price"":24.2,""route_id"":""1000283"",""source_sha256"":""e5ad020b79d0020625a4e8eb5428c2253a07705b71bfb809d8a3fa178032ce06""},{""currency"":""HKD"",""destination_id"":""10000013"",""fare_attribute_line"":673845,""fare_attributes_source_file"":""data/transit/hongkong/PublicTransportGTFS/gtfs.zip::fare_attributes.txt"",""fare_id"":""1000283-2-17-20"",""fare_rule_line"":673845,""fare_rules_source_file"":""data/transit/hongkong/PublicTransportGTFS/gtfs.zip::fare_rules.txt"",""origin_id"":""10000011"",""price"":4.9,""route_id"":""1000283"",""source_sha256"":""e5ad020b79d0020625a4e8eb5428c2253a07705b71bfb809d8a3fa178032ce06""}]",0,False,conflicting_amounts,published_fare_candidate_passenger_and_payment_basis_unspecified,unspecified_in_source,unspecified_in_source,unspecified_in_source,unspecified_in_source,,not_encoded_in_source_revision_cutoff_only,2026-07-14,2026-07-20,data/transit/hongkong/PublicTransportGTFS/gtfs.zip::fare_rules.txt;data/transit/hongkong/PublicTransportGTFS/gtfs.zip::fare_attributes.txt,e5ad020b79d0020625a4e8eb5428c2253a07705b71bfb809d8a3fa178032ce06,exact_route_id_and_ordered_stop_od_candidate_audit,exact,A,False,False,multiple_raw_candidates_with_different_amounts
line_bus_1000283,bus_1000283_1,confirmed_franchised_bus,confirmed_franchised_bus,CTB,"[""CTB""]",1000283,1,1,10000012,10000013,2,2,"[""1000283-1-2-3"",""1000283-2-19-20""]","[24.2,4.9]","[""gtfs:fare_rules:673523;fare_attributes:673523"",""gtfs:fare_rules:673850;fare_attributes:673850""]","[{""currency"":""HKD"",""destination_id"":""10000013"",""fare_attribute_line"":673523,""fare_attributes_source_file"":""data/transit/hongkong/PublicTransportGTFS/gtfs.zip::fare_attributes.txt"",""fare_id"":""1000283-1-2-3"",""fare_rule_line"":673523,""fare_rules_source_file"":""data/transit/hongkong/PublicTransportGTFS/gtfs.zip::fare_rules.txt"",""origin_id"":""10000012"",""price"":24.2,""route_id"":""1000283"",""source_sha256"":""e5ad020b79d0020625a4e8eb5428c2253a07705b71bfb809d8a3fa178032ce06""},{""currency"":""HKD"",""destination_id"":""10000013"",""fare_attribute_line"":673850,""fare_attributes_source_file"":""data/transit/hongkong/PublicTransportGTFS/gtfs.zip::fare_attributes.txt"",""fare_id"":""1000283-2-19-20"",""fare_rule_line"":673850,""fare_rules_source_file"":""data/transit/hongkong/PublicTransportGTFS/gtfs.zip::fare_rules.txt"",""origin_id"":""10000012"",""price"":4.9,""route_id"":""1000283"",""source_sha256"":""e5ad020b79d0020625a4e8eb5428c2253a07705b71bfb809d8a3fa178032ce06""}]",0,False,conflicting_amounts,published_fare_candidate_passenger_and_payment_basis_unspecified,unspecified_in_source,unspecified_in_source,unspecified_in_source,unspecified_in_source,,not_encoded_in_source_revision_cutoff_only,2026-07-14,2026-07-20,data/transit/hongkong/PublicTransportGTFS/gtfs.zip::fare_rules.txt;data/transit/hongkong/PublicTransportGTFS/gtfs.zip::fare_attributes.txt,e5ad020b79d0020625a4e8eb5428c2253a07705b71bfb809d8a3fa178032ce06,exact_route_id_and_ordered_stop_od_candidate_audit,exact,A,False,False,multiple_raw_candidates_with_different_amounts
line_bus_1000283,bus_1000283_2,confirmed_franchised_bus,confirmed_franchised_bus,CTB,"[""CTB""]",1000283,2,2,10000011,10000012,2,2,"[""1000283-1-1-2"",""1000283-2-17-19""]","[24.2,4.9]","[""gtfs:fare_rules:673507;fare_attributes:673507"",""gtfs:fare_rules:673844;fare_attributes:673844""]","[{""currency"":""HKD"",""destination_id"":""10000012"",""fare_attribute_line"":673507,""fare_attributes_source_file"":""data/transit/hongkong/PublicTransportGTFS/gtfs.zip::fare_attributes.txt"",""fare_id"":""1000283-1-1-2"",""fare_rule_line"":673507,""fare_rules_source_file"":""data/transit/hongkong/PublicTransportGTFS/gtfs.zip::fare_rules.txt"",""origin_id"":""10000011"",""price"":24.2,""route_id"":""1000283"",""source_sha256"":""e5ad020b79d0020625a4e8eb5428c2253a07705b71bfb809d8a3fa178032ce06""},{""currency"":""HKD"",""destination_id"":""10000012"",""fare_attribute_line"":673844,""fare_attributes_source_file"":""data/transit/hongkong/PublicTransportGTFS/gtfs.zip::fare_attributes.txt"",""fare_id"":""1000283-2-17-19"",""fare_rule_line"":673844,""fare_rules_source_file"":""data/transit/hongkong/PublicTransportGTFS/gtfs.zip::fare_rules.txt"",""origin_id"":""10000011"",""price"":4.9,""route_id"":""1000283"",""source_sha256"":""e5ad020b79d0020625a4e8eb5428c2253a07705b71bfb809d8a3fa178032ce06""}]",0,False,conflicting_amounts,published_fare_candidate_passenger_and_payment_basis_unspecified,unspecified_in_source,unspecified_in_source,unspecified_in_source,unspecified_in_source,,not_encoded_in_source_revision_cutoff_only,2026-07-14,2026-07-20,data/transit/hongkong/PublicTransportGTFS/gtfs.zip::fare_rules.txt;data/transit/hongkong/PublicTransportGTFS/gtfs.zip::fare_attributes.txt,e5ad020b79d0020625a4e8eb5428c2253a07705b71bfb809d8a3fa178032ce06,exact_route_id_and_ordered_stop_od_candidate_audit,exact,A,False,False,multiple_raw_candidates_with_different_amounts
line_bus_1000283,bus_1000283_2,confirmed_franchised_bus,confirmed_franchised_bus,CTB,"[""CTB""]",1000283,2,2,10000011,10000013,2,2,"[""1000283-1-1-3"",""1000283-2-17-20""]","[24.2,4.9]","[""gtfs:fare_rules:673508;fare_attributes:673508"",""gtfs:fare_rules:673845;fare_attributes:673845""]","[{""currency"":""HKD"",""destination_id"":""10000013"",""fare_attribute_line"":673508,""fare_attributes_source_file"":""data/transit/hongkong/PublicTransportGTFS/gtfs.zip::fare_attributes.txt"",""fare_id"":""1000283-1-1-3"",""fare_rule_line"":673508,""fare_rules_source_file"":""data/transit/hongkong/PublicTransportGTFS/gtfs.zip::fare_rules.txt"",""origin_id"":""10000011"",""price"":24.2,""route_id"":""1000283"",""source_sha256"":""e5ad020b79d0020625a4e8eb5428c2253a07705b71bfb809d8a3fa178032ce06""},{""currency"":""HKD"",""destination_id"":""10000013"",""fare_attribute_line"":673845,""fare_attributes_source_file"":""data/transit/hongkong/PublicTransportGTFS/gtfs.zip::fare_attributes.txt"",""fare_id"":""1000283-2-17-20"",""fare_rule_line"":673845,""fare_rules_source_file"":""data/transit/hongkong/PublicTransportGTFS/gtfs.zip::fare_rules.txt"",""origin_id"":""10000011"",""price"":4.9,""route_id"":""1000283"",""source_sha256"":""e5ad020b79d0020625a4e8eb5428c2253a07705b71bfb809d8a3fa178032ce06""}]",0,False,conflicting_amounts,published_fare_candidate_passenger_and_payment_basis_unspecified,unspecified_in_source,unspecified_in_source,unspecified_in_source,unspecified_in_source,,not_encoded_in_source_revision_cutoff_only,2026-07-14,2026-07-20,data/transit/hongkong/PublicTransportGTFS/gtfs.zip::fare_rules.txt;data/transit/hongkong/PublicTransportGTFS/gtfs.zip::fare_attributes.txt,e5ad020b79d0020625a4e8eb5428c2253a07705b71bfb809d8a3fa178032ce06,exact_route_id_and_ordered_stop_od_candidate_audit,exact,A,False,False,multiple_raw_candidates_with_different_amounts
line_bus_1000283,bus_1000283_2,confirmed_franchised_bus,confirmed_franchised_bus,CTB,"[""CTB""]",1000283,2,2,10000012,10000013,2,2,"[""1000283-1-2-3"",""1000283-2-19-20""]","[24.2,4.9]","[""gtfs:fare_rules:673523;fare_attributes:673523"",""gtfs:fare_rules:673850;fare_attributes:673850""]","[{""currency"":""HKD"",""destination_id"":""10000013"",""fare_attribute_line"":673523,""fare_attributes_source_file"":""data/transit/hongkong/PublicTransportGTFS/gtfs.zip::fare_attributes.txt"",""fare_id"":""1000283-1-2-3"",""fare_rule_line"":673523,""fare_rules_source_file"":""data/transit/hongkong/PublicTransportGTFS/gtfs.zip::fare_rules.txt"",""origin_id"":""10000012"",""price"":24.2,""route_id"":""1000283"",""source_sha256"":""e5ad020b79d0020625a4e8eb5428c2253a07705b71bfb809d8a3fa178032ce06""},{""currency"":""HKD"",""destination_id"":""10000013"",""fare_attribute_line"":673850,""fare_attributes_source_file"":""data/transit/hongkong/PublicTransportGTFS/gtfs.zip::fare_attributes.txt"",""fare_id"":""1000283-2-19-20"",""fare_rule_line"":673850,""fare_rules_source_file"":""data/transit/hongkong/PublicTransportGTFS/gtfs.zip::fare_rules.txt"",""origin_id"":""10000012"",""price"":4.9,""route_id"":""1000283"",""source_sha256"":""e5ad020b79d0020625a4e8eb5428c2253a07705b71bfb809d8a3fa178032ce06""}]",0,False,conflicting_amounts,published_fare_candidate_passenger_and_payment_basis_unspecified,unspecified_in_source,unspecified_in_source,unspecified_in_source,unspecified_in_source,,not_encoded_in_source_revision_cutoff_only,2026-07-14,2026-07-20,data/transit/hongkong/PublicTransportGTFS/gtfs.zip::fare_rules.txt;data/transit/hongkong/PublicTransportGTFS/gtfs.zip::fare_attributes.txt,e5ad020b79d0020625a4e8eb5428c2253a07705b71bfb809d8a3fa178032ce06,exact_route_id_and_ordered_stop_od_candidate_audit,exact,A,False,False,multiple_raw_candidates_with_different_amounts
line_bus_1000284,bus_1000284_1,confirmed_franchised_bus,confirmed_franchised_bus,CTB,"[""CTB""]",1000284,1,1,10000105,10000095,2,2,"[""1000284-1-17-18"",""1000284-2-1-2""]","[9.7,16.0]","[""gtfs:fare_rules:674021;fare_attributes:674021"",""gtfs:fare_rules:674024;fare_attributes:674024""]","[{""currency"":""HKD"",""destination_id"":""10000095"",""fare_attribute_line"":674021,""fare_attributes_source_file"":""data/transit/hongkong/PublicTransportGTFS/gtfs.zip::fare_attributes.txt"",""fare_id"":""1000284-1-17-18"",""fare_rule_line"":674021,""fare_rules_source_file"":""data/transit/hongkong/PublicTransportGTFS/gtfs.zip::fare_rules.txt"",""origin_id"":""10000105"",""price"":9.7,""route_id"":""1000284"",""source_sha256"":""e5ad020b79d0020625a4e8eb5428c2253a07705b71bfb809d8a3fa178032ce06""},{""currency"":""HKD"",""destination_id"":""10000095"",""fare_attribute_line"":674024,""fare_attributes_source_file"":""data/transit/hongkong/PublicTransportGTFS/gtfs.zip::fare_attributes.txt"",""fare_id"":""1000284-2-1-2"",""fare_rule_line"":674024,""fare_rules_source_file"":""data/transit/hongkong/PublicTransportGTFS/gtfs.zip::fare_rules.txt"",""origin_id"":""10000105"",""price"":16.0,""route_id"":""1000284"",""source_sha256"":""e5ad020b79d0020625a4e8eb5428c2253a07705b71bfb809d8a3fa178032ce06""}]",0,False,conflicting_amounts,published_fare_candidate_passenger_and_payment_basis_unspecified,unspecified_in_source,unspecified_in_source,unspecified_in_source,unspecified_in_source,,not_encoded_in_source_revision_cutoff_only,2026-07-14,2026-07-20,data/transit/hongkong/PublicTransportGTFS/gtfs.zip::fare_rules.txt;data/transit/hongkong/PublicTransportGTFS/gtfs.zip::fare_attributes.txt,e5ad020b79d0020625a4e8eb5428c2253a07705b71bfb809d8a3fa178032ce06,exact_route_id_and_ordered_stop_od_candidate_audit,exact,A,False,False,multiple_raw_candidates_with_different_amounts
line_bus_1000284,bus_1000284_2,confirmed_franchised_bus,confirmed_franchised_bus,CTB,"[""CTB""]",1000284,2,2,10000105,10000095,2,2,"[""1000284-1-17-18"",""1000284-2-1-2""]","[9.7,16.0]","[""gtfs:fare_rules:674021;fare_attributes:674021"",""gtfs:fare_rules:674024;fare_attributes:674024""]","[{""currency"":""HKD"",""destination_id"":""10000095"",""fare_attribute_line"":674021,""fare_attributes_source_file"":""data/transit/hongkong/PublicTransportGTFS/gtfs.zip::fare_attributes.txt"",""fare_id"":""1000284-1-17-18"",""fare_rule_line"":674021,""fare_rules_source_file"":""data/transit/hongkong/PublicTransportGTFS/gtfs.zip::fare_rules.txt"",""origin_id"":""10000105"",""price"":9.7,""route_id"":""1000284"",""source_sha256"":""e5ad020b79d0020625a4e8eb5428c2253a07705b71bfb809d8a3fa178032ce06""},{""currency"":""HKD"",""destination_id"":""10000095"",""fare_attribute_line"":674024,""fare_attributes_source_file"":""data/transit/hongkong/PublicTransportGTFS/gtfs.zip::fare_attributes.txt"",""fare_id"":""1000284-2-1-2"",""fare_rule_line"":674024,""fare_rules_source_file"":""data/transit/hongkong/PublicTransportGTFS/gtfs.zip::fare_rules.txt"",""origin_id"":""10000105"",""price"":16.0,""route_id"":""1000284"",""source_sha256"":""e5ad020b79d0020625a4e8eb5428c2253a07705b71bfb809d8a3fa178032ce06""}]",0,False,conflicting_amounts,published_fare_candidate_passenger_and_payment_basis_unspecified,unspecified_in_source,unspecified_in_source,unspecified_in_source,unspecified_in_source,,not_encoded_in_source_revision_cutoff_only,2026-07-14,2026-07-20,data/transit/hongkong/PublicTransportGTFS/gtfs.zip::fare_rules.txt;data/transit/hongkong/PublicTransportGTFS/gtfs.zip::fare_attributes.txt,e5ad020b79d0020625a4e8eb5428c2253a07705b71bfb809d8a3fa178032ce06,exact_route_id_and_ordered_stop_od_candidate_audit,exact,A,False,False,multiple_raw_candidates_with_different_amounts
